array_task=2/4 config_index=2 seed_index=0
config=configs/fuzzy_dynamics_rollout_h4.json seed=43
project_root=/bigdata/users/90967055/fuzzyDynamics/NeurIPS_Fuzzy_Dynamics_code
python=/bigdata/users/90967055/fuzzyDynamics/NeurIPS_Fuzzy_Dynamics_code/.venv/bin/python
activations=cache/socrates_llama3_8b_tuned_full.pt
config=configs/fuzzy_dynamics_rollout_h4.json seed=43 device=cuda
activation_archive_ok=cache/socrates_llama3_8b_tuned_full.pt entries=17
python=3.11.8 executable=/bigdata/users/90967055/fuzzyDynamics/NeurIPS_Fuzzy_Dynamics_code/.venv/bin/python
platform=Linux-7.1.4-200.fc44.x86_64-x86_64-with-glibc2.43
numpy=1.26.4 [ok]
torch=2.13.0 [ok]
transformers=4.57.6 [ok]
accelerate=1.14.0 [ok]
datasets=4.8.5 [ok]
pandas=2.3.3 [ok]
tqdm=4.70.0 [ok]
requests=2.34.2 [ok]
matplotlib=3.11.1 [ok]
tuned-lens=0.2.0 [ok]
Unidecode=1.4.0 [ok]
fancy-einsum=0.0.3 [ok]
PyYAML=6.0.3 [ok]
sentencepiece=0.2.2 [ok]
safetensors=0.8.0 [ok]
baukit=0.0.1 [ok]
torch_cuda_build=13.0
cuda_available=True
cuda_device_count=1
Environment check passed.
2026-08-19 19:58:40 | INFO | Log file: /bigdata/users/90967055/fuzzyDynamics/NeurIPS_Fuzzy_Dynamics_code/logs/fuzzy_dynamics_20260819_195840_946201/run_pipeline_20260819_195840_956587.log
2026-08-19 19:58:41 | INFO | experiment_time=20260819_195840_946201
2026-08-19 19:58:41 | INFO | Experiment directory: /bigdata/users/90967055/fuzzyDynamics/NeurIPS_Fuzzy_Dynamics_code/results/fuzzy_dynamics_20260819_195840_946201
2026-08-19 19:58:41 | INFO | Starting training: /bigdata/users/90967055/fuzzyDynamics/NeurIPS_Fuzzy_Dynamics_code/.venv/bin/python -m scripts.train_fuzzy_dynamics --activations /bigdata/users/90967055/fuzzyDynamics/NeurIPS_Fuzzy_Dynamics_code/cache/socrates_llama3_8b_tuned_full.pt --config /bigdata/users/90967055/fuzzyDynamics/NeurIPS_Fuzzy_Dynamics_code/configs/fuzzy_dynamics_rollout_h4.json --seed 43 --device cuda --results-root /bigdata/users/90967055/fuzzyDynamics/NeurIPS_Fuzzy_Dynamics_code/results --experiment-time 20260819_195840_946201 --log-dir /bigdata/users/90967055/fuzzyDynamics/NeurIPS_Fuzzy_Dynamics_code/logs --log-every-batches 10
2026-08-19 19:58:45 | INFO | Log file: /bigdata/users/90967055/fuzzyDynamics/NeurIPS_Fuzzy_Dynamics_code/logs/fuzzy_dynamics_20260819_195840_946201/train_fuzzy_dynamics_20260819_195845_655101.log
2026-08-19 19:58:45 | INFO | Arguments: {'activations': '/bigdata/users/90967055/fuzzyDynamics/NeurIPS_Fuzzy_Dynamics_code/cache/socrates_llama3_8b_tuned_full.pt', 'results_root': '/bigdata/users/90967055/fuzzyDynamics/NeurIPS_Fuzzy_Dynamics_code/results', 'experiment_time': '20260819_195840_946201', 'config': '/bigdata/users/90967055/fuzzyDynamics/NeurIPS_Fuzzy_Dynamics_code/configs/fuzzy_dynamics_rollout_h4.json', 'device': 'cuda', 'seed': 43, 'log_dir': '/bigdata/users/90967055/fuzzyDynamics/NeurIPS_Fuzzy_Dynamics_code/logs', 'log_every_batches': 10}
2026-08-19 19:58:45 | INFO | experiment_time=20260819_195840_946201
2026-08-19 19:58:51 | INFO | split_by=category train=6959 validation=273
2026-08-19 19:58:51 | INFO | Fitting shared frozen PCA projectors on 8192 training states across all layers
2026-08-19 19:58:54 | INFO | Fitted block-balanced delta scales: min=0.114565 median=0.610125 max=0.99716
2026-08-19 19:58:56 | INFO | Checkpoints: /bigdata/users/90967055/fuzzyDynamics/NeurIPS_Fuzzy_Dynamics_code/results/fuzzy_dynamics_20260819_195840_946201/checkpoint
2026-08-19 19:58:56 | INFO | Training results: /bigdata/users/90967055/fuzzyDynamics/NeurIPS_Fuzzy_Dynamics_code/results/fuzzy_dynamics_20260819_195840_946201/training
2026-08-19 19:58:57 | INFO | epoch=001 train_batch=10/435 running_loss=1.990779
2026-08-19 19:58:57 | INFO | epoch=001 train_batch=20/435 running_loss=1.831067
2026-08-19 19:58:58 | INFO | epoch=001 train_batch=30/435 running_loss=1.707065
2026-08-19 19:58:58 | INFO | epoch=001 train_batch=40/435 running_loss=1.640651
2026-08-19 19:58:58 | INFO | epoch=001 train_batch=50/435 running_loss=1.580530
2026-08-19 19:58:59 | INFO | epoch=001 train_batch=60/435 running_loss=1.518533
2026-08-19 19:58:59 | INFO | epoch=001 train_batch=70/435 running_loss=1.464891
2026-08-19 19:58:59 | INFO | epoch=001 train_batch=80/435 running_loss=1.421726
2026-08-19 19:59:00 | INFO | epoch=001 train_batch=90/435 running_loss=1.379978
2026-08-19 19:59:00 | INFO | epoch=001 train_batch=100/435 running_loss=1.339970
2026-08-19 19:59:00 | INFO | epoch=001 train_batch=110/435 running_loss=1.301923
2026-08-19 19:59:01 | INFO | epoch=001 train_batch=120/435 running_loss=1.267133
2026-08-19 19:59:01 | INFO | epoch=001 train_batch=130/435 running_loss=1.235835
2026-08-19 19:59:01 | INFO | epoch=001 train_batch=140/435 running_loss=1.206506
2026-08-19 19:59:02 | INFO | epoch=001 train_batch=150/435 running_loss=1.175963
2026-08-19 19:59:02 | INFO | epoch=001 train_batch=160/435 running_loss=1.147716
2026-08-19 19:59:02 | INFO | epoch=001 train_batch=170/435 running_loss=1.123326
2026-08-19 19:59:03 | INFO | epoch=001 train_batch=180/435 running_loss=1.096806
2026-08-19 19:59:03 | INFO | epoch=001 train_batch=190/435 running_loss=1.074265
2026-08-19 19:59:03 | INFO | epoch=001 train_batch=200/435 running_loss=1.052465
2026-08-19 19:59:04 | INFO | epoch=001 train_batch=210/435 running_loss=1.030672
2026-08-19 19:59:04 | INFO | epoch=001 train_batch=220/435 running_loss=1.009969
2026-08-19 19:59:04 | INFO | epoch=001 train_batch=230/435 running_loss=0.990964
2026-08-19 19:59:05 | INFO | epoch=001 train_batch=240/435 running_loss=0.972271
2026-08-19 19:59:05 | INFO | epoch=001 train_batch=250/435 running_loss=0.955804
2026-08-19 19:59:05 | INFO | epoch=001 train_batch=260/435 running_loss=0.940684
2026-08-19 19:59:06 | INFO | epoch=001 train_batch=270/435 running_loss=0.924602
2026-08-19 19:59:06 | INFO | epoch=001 train_batch=280/435 running_loss=0.909731
2026-08-19 19:59:06 | INFO | epoch=001 train_batch=290/435 running_loss=0.896225
2026-08-19 19:59:07 | INFO | epoch=001 train_batch=300/435 running_loss=0.881820
2026-08-19 19:59:07 | INFO | epoch=001 train_batch=310/435 running_loss=0.868408
2026-08-19 19:59:07 | INFO | epoch=001 train_batch=320/435 running_loss=0.855288
2026-08-19 19:59:08 | INFO | epoch=001 train_batch=330/435 running_loss=0.844321
2026-08-19 19:59:08 | INFO | epoch=001 train_batch=340/435 running_loss=0.832484
2026-08-19 19:59:08 | INFO | epoch=001 train_batch=350/435 running_loss=0.820902
2026-08-19 19:59:09 | INFO | epoch=001 train_batch=360/435 running_loss=0.810180
2026-08-19 19:59:09 | INFO | epoch=001 train_batch=370/435 running_loss=0.799863
2026-08-19 19:59:09 | INFO | epoch=001 train_batch=380/435 running_loss=0.790919
2026-08-19 19:59:10 | INFO | epoch=001 train_batch=390/435 running_loss=0.781276
2026-08-19 19:59:10 | INFO | epoch=001 train_batch=400/435 running_loss=0.771557
2026-08-19 19:59:10 | INFO | epoch=001 train_batch=410/435 running_loss=0.761921
2026-08-19 19:59:11 | INFO | epoch=001 train_batch=420/435 running_loss=0.753281
2026-08-19 19:59:11 | INFO | epoch=001 train_batch=430/435 running_loss=0.743998
2026-08-19 19:59:11 | INFO | epoch=001 train_batch=435/435 running_loss=0.739529
2026-08-19 19:59:12 | INFO | epoch=001 train_loss=0.739529 validation_loss=0.475522
2026-08-19 19:59:12 | INFO | epoch=001 saved new best.pt
2026-08-19 19:59:12 | INFO | epoch=002 train_batch=10/435 running_loss=0.350539
2026-08-19 19:59:12 | INFO | epoch=002 train_batch=20/435 running_loss=0.367254
2026-08-19 19:59:13 | INFO | epoch=002 train_batch=30/435 running_loss=0.362926
2026-08-19 19:59:13 | INFO | epoch=002 train_batch=40/435 running_loss=0.357658
2026-08-19 19:59:13 | INFO | epoch=002 train_batch=50/435 running_loss=0.351986
2026-08-19 19:59:14 | INFO | epoch=002 train_batch=60/435 running_loss=0.351826
2026-08-19 19:59:14 | INFO | epoch=002 train_batch=70/435 running_loss=0.347935
2026-08-19 19:59:15 | INFO | epoch=002 train_batch=80/435 running_loss=0.348355
2026-08-19 19:59:15 | INFO | epoch=002 train_batch=90/435 running_loss=0.347951
2026-08-19 19:59:15 | INFO | epoch=002 train_batch=100/435 running_loss=0.346067
2026-08-19 19:59:16 | INFO | epoch=002 train_batch=110/435 running_loss=0.343671
2026-08-19 19:59:16 | INFO | epoch=002 train_batch=120/435 running_loss=0.342626
2026-08-19 19:59:16 | INFO | epoch=002 train_batch=130/435 running_loss=0.339565
2026-08-19 19:59:17 | INFO | epoch=002 train_batch=140/435 running_loss=0.339175
2026-08-19 19:59:17 | INFO | epoch=002 train_batch=150/435 running_loss=0.338156
2026-08-19 19:59:17 | INFO | epoch=002 train_batch=160/435 running_loss=0.337309
2026-08-19 19:59:18 | INFO | epoch=002 train_batch=170/435 running_loss=0.336297
2026-08-19 19:59:18 | INFO | epoch=002 train_batch=180/435 running_loss=0.334571
2026-08-19 19:59:18 | INFO | epoch=002 train_batch=190/435 running_loss=0.333081
2026-08-19 19:59:19 | INFO | epoch=002 train_batch=200/435 running_loss=0.331207
2026-08-19 19:59:19 | INFO | epoch=002 train_batch=210/435 running_loss=0.330475
2026-08-19 19:59:20 | INFO | epoch=002 train_batch=220/435 running_loss=0.328271
2026-08-19 19:59:20 | INFO | epoch=002 train_batch=230/435 running_loss=0.327294
2026-08-19 19:59:20 | INFO | epoch=002 train_batch=240/435 running_loss=0.325829
2026-08-19 19:59:21 | INFO | epoch=002 train_batch=250/435 running_loss=0.324145
2026-08-19 19:59:21 | INFO | epoch=002 train_batch=260/435 running_loss=0.322808
2026-08-19 19:59:21 | INFO | epoch=002 train_batch=270/435 running_loss=0.321258
2026-08-19 19:59:22 | INFO | epoch=002 train_batch=280/435 running_loss=0.321069
2026-08-19 19:59:22 | INFO | epoch=002 train_batch=290/435 running_loss=0.320095
2026-08-19 19:59:22 | INFO | epoch=002 train_batch=300/435 running_loss=0.319251
2026-08-19 19:59:23 | INFO | epoch=002 train_batch=310/435 running_loss=0.317934
2026-08-19 19:59:23 | INFO | epoch=002 train_batch=320/435 running_loss=0.317395
2026-08-19 19:59:23 | INFO | epoch=002 train_batch=330/435 running_loss=0.316211
2026-08-19 19:59:24 | INFO | epoch=002 train_batch=340/435 running_loss=0.314748
2026-08-19 19:59:24 | INFO | epoch=002 train_batch=350/435 running_loss=0.313451
2026-08-19 19:59:24 | INFO | epoch=002 train_batch=360/435 running_loss=0.312570
2026-08-19 19:59:25 | INFO | epoch=002 train_batch=370/435 running_loss=0.311519
2026-08-19 19:59:25 | INFO | epoch=002 train_batch=380/435 running_loss=0.310602
2026-08-19 19:59:26 | INFO | epoch=002 train_batch=390/435 running_loss=0.309916
2026-08-19 19:59:26 | INFO | epoch=002 train_batch=400/435 running_loss=0.308676
2026-08-19 19:59:26 | INFO | epoch=002 train_batch=410/435 running_loss=0.307370
2026-08-19 19:59:27 | INFO | epoch=002 train_batch=420/435 running_loss=0.306094
2026-08-19 19:59:27 | INFO | epoch=002 train_batch=430/435 running_loss=0.305323
2026-08-19 19:59:27 | INFO | epoch=002 train_batch=435/435 running_loss=0.304725
2026-08-19 19:59:27 | INFO | epoch=002 train_loss=0.304725 validation_loss=0.363071
2026-08-19 19:59:28 | INFO | epoch=002 saved new best.pt
2026-08-19 19:59:28 | INFO | epoch=003 train_batch=10/435 running_loss=0.270335
2026-08-19 19:59:28 | INFO | epoch=003 train_batch=20/435 running_loss=0.272343
2026-08-19 19:59:29 | INFO | epoch=003 train_batch=30/435 running_loss=0.263676
2026-08-19 19:59:29 | INFO | epoch=003 train_batch=40/435 running_loss=0.257188
2026-08-19 19:59:29 | INFO | epoch=003 train_batch=50/435 running_loss=0.258224
2026-08-19 19:59:30 | INFO | epoch=003 train_batch=60/435 running_loss=0.258091
2026-08-19 19:59:30 | INFO | epoch=003 train_batch=70/435 running_loss=0.255777
2026-08-19 19:59:30 | INFO | epoch=003 train_batch=80/435 running_loss=0.253661
2026-08-19 19:59:31 | INFO | epoch=003 train_batch=90/435 running_loss=0.252697
2026-08-19 19:59:31 | INFO | epoch=003 train_batch=100/435 running_loss=0.252250
2026-08-19 19:59:31 | INFO | epoch=003 train_batch=110/435 running_loss=0.251885
2026-08-19 19:59:32 | INFO | epoch=003 train_batch=120/435 running_loss=0.251685
2026-08-19 19:59:32 | INFO | epoch=003 train_batch=130/435 running_loss=0.251513
2026-08-19 19:59:33 | INFO | epoch=003 train_batch=140/435 running_loss=0.250296
2026-08-19 19:59:33 | INFO | epoch=003 train_batch=150/435 running_loss=0.251593
2026-08-19 19:59:33 | INFO | epoch=003 train_batch=160/435 running_loss=0.251037
2026-08-19 19:59:34 | INFO | epoch=003 train_batch=170/435 running_loss=0.250088
2026-08-19 19:59:34 | INFO | epoch=003 train_batch=180/435 running_loss=0.249368
2026-08-19 19:59:34 | INFO | epoch=003 train_batch=190/435 running_loss=0.248119
2026-08-19 19:59:35 | INFO | epoch=003 train_batch=200/435 running_loss=0.246687
2026-08-19 19:59:35 | INFO | epoch=003 train_batch=210/435 running_loss=0.246965
2026-08-19 19:59:35 | INFO | epoch=003 train_batch=220/435 running_loss=0.245878
2026-08-19 19:59:36 | INFO | epoch=003 train_batch=230/435 running_loss=0.245401
2026-08-19 19:59:36 | INFO | epoch=003 train_batch=240/435 running_loss=0.244784
2026-08-19 19:59:37 | INFO | epoch=003 train_batch=250/435 running_loss=0.244218
2026-08-19 19:59:37 | INFO | epoch=003 train_batch=260/435 running_loss=0.243459
2026-08-19 19:59:37 | INFO | epoch=003 train_batch=270/435 running_loss=0.242855
2026-08-19 19:59:38 | INFO | epoch=003 train_batch=280/435 running_loss=0.242033
2026-08-19 19:59:38 | INFO | epoch=003 train_batch=290/435 running_loss=0.241607
2026-08-19 19:59:38 | INFO | epoch=003 train_batch=300/435 running_loss=0.241001
2026-08-19 19:59:39 | INFO | epoch=003 train_batch=310/435 running_loss=0.240158
2026-08-19 19:59:39 | INFO | epoch=003 train_batch=320/435 running_loss=0.240151
2026-08-19 19:59:39 | INFO | epoch=003 train_batch=330/435 running_loss=0.239778
2026-08-19 19:59:40 | INFO | epoch=003 train_batch=340/435 running_loss=0.239401
2026-08-19 19:59:40 | INFO | epoch=003 train_batch=350/435 running_loss=0.239014
2026-08-19 19:59:40 | INFO | epoch=003 train_batch=360/435 running_loss=0.238352
2026-08-19 19:59:41 | INFO | epoch=003 train_batch=370/435 running_loss=0.237359
2026-08-19 19:59:41 | INFO | epoch=003 train_batch=380/435 running_loss=0.236952
2026-08-19 19:59:41 | INFO | epoch=003 train_batch=390/435 running_loss=0.236888
2026-08-19 19:59:42 | INFO | epoch=003 train_batch=400/435 running_loss=0.236428
2026-08-19 19:59:42 | INFO | epoch=003 train_batch=410/435 running_loss=0.236076
2026-08-19 19:59:42 | INFO | epoch=003 train_batch=420/435 running_loss=0.236010
2026-08-19 19:59:43 | INFO | epoch=003 train_batch=430/435 running_loss=0.235292
2026-08-19 19:59:43 | INFO | epoch=003 train_batch=435/435 running_loss=0.235220
2026-08-19 19:59:43 | INFO | epoch=003 train_loss=0.235220 validation_loss=0.317994
2026-08-19 19:59:43 | INFO | epoch=003 saved new best.pt
2026-08-19 19:59:44 | INFO | epoch=004 train_batch=10/435 running_loss=0.204848
2026-08-19 19:59:44 | INFO | epoch=004 train_batch=20/435 running_loss=0.214766
2026-08-19 19:59:44 | INFO | epoch=004 train_batch=30/435 running_loss=0.213105
2026-08-19 19:59:45 | INFO | epoch=004 train_batch=40/435 running_loss=0.213474
2026-08-19 19:59:45 | INFO | epoch=004 train_batch=50/435 running_loss=0.210333
2026-08-19 19:59:45 | INFO | epoch=004 train_batch=60/435 running_loss=0.213676
2026-08-19 19:59:46 | INFO | epoch=004 train_batch=70/435 running_loss=0.214931
2026-08-19 19:59:46 | INFO | epoch=004 train_batch=80/435 running_loss=0.215007
2026-08-19 19:59:46 | INFO | epoch=004 train_batch=90/435 running_loss=0.214394
2026-08-19 19:59:47 | INFO | epoch=004 train_batch=100/435 running_loss=0.213910
2026-08-19 19:59:47 | INFO | epoch=004 train_batch=110/435 running_loss=0.212866
2026-08-19 19:59:47 | INFO | epoch=004 train_batch=120/435 running_loss=0.212931
2026-08-19 19:59:48 | INFO | epoch=004 train_batch=130/435 running_loss=0.213318
2026-08-19 19:59:48 | INFO | epoch=004 train_batch=140/435 running_loss=0.211700
2026-08-19 19:59:48 | INFO | epoch=004 train_batch=150/435 running_loss=0.211439
2026-08-19 19:59:49 | INFO | epoch=004 train_batch=160/435 running_loss=0.212031
2026-08-19 19:59:49 | INFO | epoch=004 train_batch=170/435 running_loss=0.211817
2026-08-19 19:59:49 | INFO | epoch=004 train_batch=180/435 running_loss=0.211763
2026-08-19 19:59:50 | INFO | epoch=004 train_batch=190/435 running_loss=0.211084
2026-08-19 19:59:50 | INFO | epoch=004 train_batch=200/435 running_loss=0.210831
2026-08-19 19:59:50 | INFO | epoch=004 train_batch=210/435 running_loss=0.210556
2026-08-19 19:59:51 | INFO | epoch=004 train_batch=220/435 running_loss=0.210025
2026-08-19 19:59:51 | INFO | epoch=004 train_batch=230/435 running_loss=0.209332
2026-08-19 19:59:51 | INFO | epoch=004 train_batch=240/435 running_loss=0.209005
2026-08-19 19:59:52 | INFO | epoch=004 train_batch=250/435 running_loss=0.208711
2026-08-19 19:59:52 | INFO | epoch=004 train_batch=260/435 running_loss=0.208641
2026-08-19 19:59:52 | INFO | epoch=004 train_batch=270/435 running_loss=0.208022
2026-08-19 19:59:53 | INFO | epoch=004 train_batch=280/435 running_loss=0.207495
2026-08-19 19:59:53 | INFO | epoch=004 train_batch=290/435 running_loss=0.207408
2026-08-19 19:59:53 | INFO | epoch=004 train_batch=300/435 running_loss=0.207167
2026-08-19 19:59:54 | INFO | epoch=004 train_batch=310/435 running_loss=0.206729
2026-08-19 19:59:54 | INFO | epoch=004 train_batch=320/435 running_loss=0.206410
2026-08-19 19:59:55 | INFO | epoch=004 train_batch=330/435 running_loss=0.206199
2026-08-19 19:59:55 | INFO | epoch=004 train_batch=340/435 running_loss=0.205797
2026-08-19 19:59:55 | INFO | epoch=004 train_batch=350/435 running_loss=0.205844
2026-08-19 19:59:56 | INFO | epoch=004 train_batch=360/435 running_loss=0.205624
2026-08-19 19:59:56 | INFO | epoch=004 train_batch=370/435 running_loss=0.205533
2026-08-19 19:59:56 | INFO | epoch=004 train_batch=380/435 running_loss=0.205330
2026-08-19 19:59:57 | INFO | epoch=004 train_batch=390/435 running_loss=0.205608
2026-08-19 19:59:57 | INFO | epoch=004 train_batch=400/435 running_loss=0.205184
2026-08-19 19:59:57 | INFO | epoch=004 train_batch=410/435 running_loss=0.204948
2026-08-19 19:59:58 | INFO | epoch=004 train_batch=420/435 running_loss=0.204475
2026-08-19 19:59:58 | INFO | epoch=004 train_batch=430/435 running_loss=0.204442
2026-08-19 19:59:58 | INFO | epoch=004 train_batch=435/435 running_loss=0.204348
2026-08-19 19:59:59 | INFO | epoch=004 train_loss=0.204348 validation_loss=0.293237
2026-08-19 19:59:59 | INFO | epoch=004 saved new best.pt
2026-08-19 19:59:59 | INFO | epoch=005 train_batch=10/435 running_loss=0.195454
2026-08-19 19:59:59 | INFO | epoch=005 train_batch=20/435 running_loss=0.192487
2026-08-19 20:00:00 | INFO | epoch=005 train_batch=30/435 running_loss=0.187943
2026-08-19 20:00:00 | INFO | epoch=005 train_batch=40/435 running_loss=0.191691
2026-08-19 20:00:00 | INFO | epoch=005 train_batch=50/435 running_loss=0.189189
2026-08-19 20:00:01 | INFO | epoch=005 train_batch=60/435 running_loss=0.190716
2026-08-19 20:00:01 | INFO | epoch=005 train_batch=70/435 running_loss=0.190448
2026-08-19 20:00:01 | INFO | epoch=005 train_batch=80/435 running_loss=0.190392
2026-08-19 20:00:02 | INFO | epoch=005 train_batch=90/435 running_loss=0.191941
2026-08-19 20:00:02 | INFO | epoch=005 train_batch=100/435 running_loss=0.191105
2026-08-19 20:00:03 | INFO | epoch=005 train_batch=110/435 running_loss=0.190717
2026-08-19 20:00:03 | INFO | epoch=005 train_batch=120/435 running_loss=0.190103
2026-08-19 20:00:03 | INFO | epoch=005 train_batch=130/435 running_loss=0.189711
2026-08-19 20:00:04 | INFO | epoch=005 train_batch=140/435 running_loss=0.189281
2026-08-19 20:00:04 | INFO | epoch=005 train_batch=150/435 running_loss=0.189467
2026-08-19 20:00:04 | INFO | epoch=005 train_batch=160/435 running_loss=0.189126
2026-08-19 20:00:05 | INFO | epoch=005 train_batch=170/435 running_loss=0.188888
2026-08-19 20:00:05 | INFO | epoch=005 train_batch=180/435 running_loss=0.189127
2026-08-19 20:00:05 | INFO | epoch=005 train_batch=190/435 running_loss=0.189413
2026-08-19 20:00:06 | INFO | epoch=005 train_batch=200/435 running_loss=0.189328
2026-08-19 20:00:06 | INFO | epoch=005 train_batch=210/435 running_loss=0.188759
2026-08-19 20:00:06 | INFO | epoch=005 train_batch=220/435 running_loss=0.188468
2026-08-19 20:00:07 | INFO | epoch=005 train_batch=230/435 running_loss=0.187954
2026-08-19 20:00:07 | INFO | epoch=005 train_batch=240/435 running_loss=0.188003
2026-08-19 20:00:08 | INFO | epoch=005 train_batch=250/435 running_loss=0.187817
2026-08-19 20:00:08 | INFO | epoch=005 train_batch=260/435 running_loss=0.187344
2026-08-19 20:00:08 | INFO | epoch=005 train_batch=270/435 running_loss=0.186855
2026-08-19 20:00:09 | INFO | epoch=005 train_batch=280/435 running_loss=0.186351
2026-08-19 20:00:09 | INFO | epoch=005 train_batch=290/435 running_loss=0.186218
2026-08-19 20:00:09 | INFO | epoch=005 train_batch=300/435 running_loss=0.185744
2026-08-19 20:00:10 | INFO | epoch=005 train_batch=310/435 running_loss=0.185542
2026-08-19 20:00:10 | INFO | epoch=005 train_batch=320/435 running_loss=0.184950
2026-08-19 20:00:10 | INFO | epoch=005 train_batch=330/435 running_loss=0.184466
2026-08-19 20:00:11 | INFO | epoch=005 train_batch=340/435 running_loss=0.184260
2026-08-19 20:00:11 | INFO | epoch=005 train_batch=350/435 running_loss=0.184350
2026-08-19 20:00:12 | INFO | epoch=005 train_batch=360/435 running_loss=0.183975
2026-08-19 20:00:12 | INFO | epoch=005 train_batch=370/435 running_loss=0.184255
2026-08-19 20:00:12 | INFO | epoch=005 train_batch=380/435 running_loss=0.184060
2026-08-19 20:00:13 | INFO | epoch=005 train_batch=390/435 running_loss=0.183717
2026-08-19 20:00:13 | INFO | epoch=005 train_batch=400/435 running_loss=0.183571
2026-08-19 20:00:13 | INFO | epoch=005 train_batch=410/435 running_loss=0.183444
2026-08-19 20:00:14 | INFO | epoch=005 train_batch=420/435 running_loss=0.183331
2026-08-19 20:00:14 | INFO | epoch=005 train_batch=430/435 running_loss=0.183075
2026-08-19 20:00:14 | INFO | epoch=005 train_batch=435/435 running_loss=0.183237
2026-08-19 20:00:15 | INFO | epoch=005 train_loss=0.183237 validation_loss=0.274004
2026-08-19 20:00:15 | INFO | epoch=005 saved new best.pt
2026-08-19 20:00:15 | INFO | epoch=006 train_batch=10/435 running_loss=0.169192
2026-08-19 20:00:15 | INFO | epoch=006 train_batch=20/435 running_loss=0.168148
2026-08-19 20:00:16 | INFO | epoch=006 train_batch=30/435 running_loss=0.174675
2026-08-19 20:00:16 | INFO | epoch=006 train_batch=40/435 running_loss=0.174989
2026-08-19 20:00:16 | INFO | epoch=006 train_batch=50/435 running_loss=0.172941
2026-08-19 20:00:17 | INFO | epoch=006 train_batch=60/435 running_loss=0.172910
2026-08-19 20:00:17 | INFO | epoch=006 train_batch=70/435 running_loss=0.172941
2026-08-19 20:00:18 | INFO | epoch=006 train_batch=80/435 running_loss=0.171627
2026-08-19 20:00:18 | INFO | epoch=006 train_batch=90/435 running_loss=0.171321
2026-08-19 20:00:18 | INFO | epoch=006 train_batch=100/435 running_loss=0.170249
2026-08-19 20:00:19 | INFO | epoch=006 train_batch=110/435 running_loss=0.170572
2026-08-19 20:00:19 | INFO | epoch=006 train_batch=120/435 running_loss=0.170480
2026-08-19 20:00:19 | INFO | epoch=006 train_batch=130/435 running_loss=0.170586
2026-08-19 20:00:20 | INFO | epoch=006 train_batch=140/435 running_loss=0.170491
2026-08-19 20:00:20 | INFO | epoch=006 train_batch=150/435 running_loss=0.171827
2026-08-19 20:00:20 | INFO | epoch=006 train_batch=160/435 running_loss=0.172742
2026-08-19 20:00:21 | INFO | epoch=006 train_batch=170/435 running_loss=0.172971
2026-08-19 20:00:21 | INFO | epoch=006 train_batch=180/435 running_loss=0.173628
2026-08-19 20:00:21 | INFO | epoch=006 train_batch=190/435 running_loss=0.173187
2026-08-19 20:00:22 | INFO | epoch=006 train_batch=200/435 running_loss=0.173159
2026-08-19 20:00:22 | INFO | epoch=006 train_batch=210/435 running_loss=0.172809
2026-08-19 20:00:23 | INFO | epoch=006 train_batch=220/435 running_loss=0.171982
2026-08-19 20:00:23 | INFO | epoch=006 train_batch=230/435 running_loss=0.171697
2026-08-19 20:00:23 | INFO | epoch=006 train_batch=240/435 running_loss=0.171029
2026-08-19 20:00:24 | INFO | epoch=006 train_batch=250/435 running_loss=0.171141
2026-08-19 20:00:24 | INFO | epoch=006 train_batch=260/435 running_loss=0.170936
2026-08-19 20:00:24 | INFO | epoch=006 train_batch=270/435 running_loss=0.170860
2026-08-19 20:00:25 | INFO | epoch=006 train_batch=280/435 running_loss=0.170790
2026-08-19 20:00:25 | INFO | epoch=006 train_batch=290/435 running_loss=0.171049
2026-08-19 20:00:25 | INFO | epoch=006 train_batch=300/435 running_loss=0.170988
2026-08-19 20:00:26 | INFO | epoch=006 train_batch=310/435 running_loss=0.170799
2026-08-19 20:00:26 | INFO | epoch=006 train_batch=320/435 running_loss=0.170577
2026-08-19 20:00:26 | INFO | epoch=006 train_batch=330/435 running_loss=0.170355
2026-08-19 20:00:27 | INFO | epoch=006 train_batch=340/435 running_loss=0.170560
2026-08-19 20:00:27 | INFO | epoch=006 train_batch=350/435 running_loss=0.170576
2026-08-19 20:00:28 | INFO | epoch=006 train_batch=360/435 running_loss=0.170556
2026-08-19 20:00:28 | INFO | epoch=006 train_batch=370/435 running_loss=0.170549
2026-08-19 20:00:28 | INFO | epoch=006 train_batch=380/435 running_loss=0.170595
2026-08-19 20:00:29 | INFO | epoch=006 train_batch=390/435 running_loss=0.170742
2026-08-19 20:00:29 | INFO | epoch=006 train_batch=400/435 running_loss=0.171001
2026-08-19 20:00:29 | INFO | epoch=006 train_batch=410/435 running_loss=0.170841
2026-08-19 20:00:30 | INFO | epoch=006 train_batch=420/435 running_loss=0.170765
2026-08-19 20:00:30 | INFO | epoch=006 train_batch=430/435 running_loss=0.170633
2026-08-19 20:00:30 | INFO | epoch=006 train_batch=435/435 running_loss=0.170556
2026-08-19 20:00:30 | INFO | epoch=006 train_loss=0.170556 validation_loss=0.264024
2026-08-19 20:00:31 | INFO | epoch=006 saved new best.pt
2026-08-19 20:00:31 | INFO | epoch=007 train_batch=10/435 running_loss=0.156106
2026-08-19 20:00:31 | INFO | epoch=007 train_batch=20/435 running_loss=0.157857
2026-08-19 20:00:32 | INFO | epoch=007 train_batch=30/435 running_loss=0.158268
2026-08-19 20:00:32 | INFO | epoch=007 train_batch=40/435 running_loss=0.158241
2026-08-19 20:00:32 | INFO | epoch=007 train_batch=50/435 running_loss=0.159383
2026-08-19 20:00:33 | INFO | epoch=007 train_batch=60/435 running_loss=0.161952
2026-08-19 20:00:33 | INFO | epoch=007 train_batch=70/435 running_loss=0.161292
2026-08-19 20:00:33 | INFO | epoch=007 train_batch=80/435 running_loss=0.163824
2026-08-19 20:00:34 | INFO | epoch=007 train_batch=90/435 running_loss=0.165119
2026-08-19 20:00:34 | INFO | epoch=007 train_batch=100/435 running_loss=0.165231
2026-08-19 20:00:35 | INFO | epoch=007 train_batch=110/435 running_loss=0.165303
2026-08-19 20:00:35 | INFO | epoch=007 train_batch=120/435 running_loss=0.165734
2026-08-19 20:00:35 | INFO | epoch=007 train_batch=130/435 running_loss=0.165983
2026-08-19 20:00:36 | INFO | epoch=007 train_batch=140/435 running_loss=0.165313
2026-08-19 20:00:36 | INFO | epoch=007 train_batch=150/435 running_loss=0.164700
2026-08-19 20:00:36 | INFO | epoch=007 train_batch=160/435 running_loss=0.164326
2026-08-19 20:00:37 | INFO | epoch=007 train_batch=170/435 running_loss=0.164231
2026-08-19 20:00:37 | INFO | epoch=007 train_batch=180/435 running_loss=0.163975
2026-08-19 20:00:37 | INFO | epoch=007 train_batch=190/435 running_loss=0.164226
2026-08-19 20:00:38 | INFO | epoch=007 train_batch=200/435 running_loss=0.163820
2026-08-19 20:00:38 | INFO | epoch=007 train_batch=210/435 running_loss=0.163585
2026-08-19 20:00:39 | INFO | epoch=007 train_batch=220/435 running_loss=0.163688
2026-08-19 20:00:39 | INFO | epoch=007 train_batch=230/435 running_loss=0.163778
2026-08-19 20:00:39 | INFO | epoch=007 train_batch=240/435 running_loss=0.163444
2026-08-19 20:00:40 | INFO | epoch=007 train_batch=250/435 running_loss=0.163265
2026-08-19 20:00:40 | INFO | epoch=007 train_batch=260/435 running_loss=0.162901
2026-08-19 20:00:40 | INFO | epoch=007 train_batch=270/435 running_loss=0.162414
2026-08-19 20:00:41 | INFO | epoch=007 train_batch=280/435 running_loss=0.162541
2026-08-19 20:00:41 | INFO | epoch=007 train_batch=290/435 running_loss=0.162705
2026-08-19 20:00:41 | INFO | epoch=007 train_batch=300/435 running_loss=0.162350
2026-08-19 20:00:42 | INFO | epoch=007 train_batch=310/435 running_loss=0.162310
2026-08-19 20:00:42 | INFO | epoch=007 train_batch=320/435 running_loss=0.162634
2026-08-19 20:00:43 | INFO | epoch=007 train_batch=330/435 running_loss=0.162419
2026-08-19 20:00:43 | INFO | epoch=007 train_batch=340/435 running_loss=0.162086
2026-08-19 20:00:43 | INFO | epoch=007 train_batch=350/435 running_loss=0.162269
2026-08-19 20:00:44 | INFO | epoch=007 train_batch=360/435 running_loss=0.162204
2026-08-19 20:00:44 | INFO | epoch=007 train_batch=370/435 running_loss=0.162220
2026-08-19 20:00:44 | INFO | epoch=007 train_batch=380/435 running_loss=0.162091
2026-08-19 20:00:45 | INFO | epoch=007 train_batch=390/435 running_loss=0.161886
2026-08-19 20:00:45 | INFO | epoch=007 train_batch=400/435 running_loss=0.161746
2026-08-19 20:00:45 | INFO | epoch=007 train_batch=410/435 running_loss=0.161369
2026-08-19 20:00:46 | INFO | epoch=007 train_batch=420/435 running_loss=0.161151
2026-08-19 20:00:46 | INFO | epoch=007 train_batch=430/435 running_loss=0.161115
2026-08-19 20:00:46 | INFO | epoch=007 train_batch=435/435 running_loss=0.161180
2026-08-19 20:00:47 | INFO | epoch=007 train_loss=0.161180 validation_loss=0.259609
2026-08-19 20:00:47 | INFO | epoch=007 saved new best.pt
2026-08-19 20:00:47 | INFO | epoch=008 train_batch=10/435 running_loss=0.158109
2026-08-19 20:00:47 | INFO | epoch=008 train_batch=20/435 running_loss=0.157849
2026-08-19 20:00:48 | INFO | epoch=008 train_batch=30/435 running_loss=0.155862
2026-08-19 20:00:48 | INFO | epoch=008 train_batch=40/435 running_loss=0.157971
2026-08-19 20:00:48 | INFO | epoch=008 train_batch=50/435 running_loss=0.159240
2026-08-19 20:00:49 | INFO | epoch=008 train_batch=60/435 running_loss=0.160459
2026-08-19 20:00:49 | INFO | epoch=008 train_batch=70/435 running_loss=0.160626
2026-08-19 20:00:50 | INFO | epoch=008 train_batch=80/435 running_loss=0.159717
2026-08-19 20:00:50 | INFO | epoch=008 train_batch=90/435 running_loss=0.160610
2026-08-19 20:00:50 | INFO | epoch=008 train_batch=100/435 running_loss=0.160233
2026-08-19 20:00:51 | INFO | epoch=008 train_batch=110/435 running_loss=0.159950
2026-08-19 20:00:51 | INFO | epoch=008 train_batch=120/435 running_loss=0.160147
2026-08-19 20:00:51 | INFO | epoch=008 train_batch=130/435 running_loss=0.159445
2026-08-19 20:00:52 | INFO | epoch=008 train_batch=140/435 running_loss=0.160276
2026-08-19 20:00:52 | INFO | epoch=008 train_batch=150/435 running_loss=0.160544
2026-08-19 20:00:52 | INFO | epoch=008 train_batch=160/435 running_loss=0.160126
2026-08-19 20:00:53 | INFO | epoch=008 train_batch=170/435 running_loss=0.159536
2026-08-19 20:00:53 | INFO | epoch=008 train_batch=180/435 running_loss=0.158369
2026-08-19 20:00:54 | INFO | epoch=008 train_batch=190/435 running_loss=0.158075
2026-08-19 20:00:54 | INFO | epoch=008 train_batch=200/435 running_loss=0.157473
2026-08-19 20:00:54 | INFO | epoch=008 train_batch=210/435 running_loss=0.157151
2026-08-19 20:00:55 | INFO | epoch=008 train_batch=220/435 running_loss=0.157115
2026-08-19 20:00:55 | INFO | epoch=008 train_batch=230/435 running_loss=0.156958
2026-08-19 20:00:55 | INFO | epoch=008 train_batch=240/435 running_loss=0.157489
2026-08-19 20:00:56 | INFO | epoch=008 train_batch=250/435 running_loss=0.157480
2026-08-19 20:00:56 | INFO | epoch=008 train_batch=260/435 running_loss=0.156806
2026-08-19 20:00:56 | INFO | epoch=008 train_batch=270/435 running_loss=0.156350
2026-08-19 20:00:57 | INFO | epoch=008 train_batch=280/435 running_loss=0.155926
2026-08-19 20:00:57 | INFO | epoch=008 train_batch=290/435 running_loss=0.155926
2026-08-19 20:00:58 | INFO | epoch=008 train_batch=300/435 running_loss=0.155912
2026-08-19 20:00:58 | INFO | epoch=008 train_batch=310/435 running_loss=0.155984
2026-08-19 20:00:58 | INFO | epoch=008 train_batch=320/435 running_loss=0.155553
2026-08-19 20:00:59 | INFO | epoch=008 train_batch=330/435 running_loss=0.155198
2026-08-19 20:00:59 | INFO | epoch=008 train_batch=340/435 running_loss=0.155106
2026-08-19 20:00:59 | INFO | epoch=008 train_batch=350/435 running_loss=0.154866
2026-08-19 20:01:00 | INFO | epoch=008 train_batch=360/435 running_loss=0.154804
2026-08-19 20:01:00 | INFO | epoch=008 train_batch=370/435 running_loss=0.154680
2026-08-19 20:01:00 | INFO | epoch=008 train_batch=380/435 running_loss=0.154551
2026-08-19 20:01:01 | INFO | epoch=008 train_batch=390/435 running_loss=0.154050
2026-08-19 20:01:01 | INFO | epoch=008 train_batch=400/435 running_loss=0.153927
2026-08-19 20:01:02 | INFO | epoch=008 train_batch=410/435 running_loss=0.153777
2026-08-19 20:01:02 | INFO | epoch=008 train_batch=420/435 running_loss=0.153907
2026-08-19 20:01:02 | INFO | epoch=008 train_batch=430/435 running_loss=0.153772
2026-08-19 20:01:03 | INFO | epoch=008 train_batch=435/435 running_loss=0.153778
2026-08-19 20:01:03 | INFO | epoch=008 train_loss=0.153778 validation_loss=0.257358
2026-08-19 20:01:03 | INFO | epoch=008 saved new best.pt
2026-08-19 20:01:03 | INFO | epoch=009 train_batch=10/435 running_loss=0.154463
2026-08-19 20:01:04 | INFO | epoch=009 train_batch=20/435 running_loss=0.149623
2026-08-19 20:01:04 | INFO | epoch=009 train_batch=30/435 running_loss=0.144847
2026-08-19 20:01:04 | INFO | epoch=009 train_batch=40/435 running_loss=0.147175
2026-08-19 20:01:05 | INFO | epoch=009 train_batch=50/435 running_loss=0.148501
2026-08-19 20:01:05 | INFO | epoch=009 train_batch=60/435 running_loss=0.149679
2026-08-19 20:01:05 | INFO | epoch=009 train_batch=70/435 running_loss=0.150061
2026-08-19 20:01:06 | INFO | epoch=009 train_batch=80/435 running_loss=0.149418
2026-08-19 20:01:06 | INFO | epoch=009 train_batch=90/435 running_loss=0.148628
2026-08-19 20:01:07 | INFO | epoch=009 train_batch=100/435 running_loss=0.147863
2026-08-19 20:01:07 | INFO | epoch=009 train_batch=110/435 running_loss=0.146461
2026-08-19 20:01:07 | INFO | epoch=009 train_batch=120/435 running_loss=0.147715
2026-08-19 20:01:08 | INFO | epoch=009 train_batch=130/435 running_loss=0.147462
2026-08-19 20:01:08 | INFO | epoch=009 train_batch=140/435 running_loss=0.146722
2026-08-19 20:01:08 | INFO | epoch=009 train_batch=150/435 running_loss=0.146841
2026-08-19 20:01:09 | INFO | epoch=009 train_batch=160/435 running_loss=0.147388
2026-08-19 20:01:09 | INFO | epoch=009 train_batch=170/435 running_loss=0.147196
2026-08-19 20:01:09 | INFO | epoch=009 train_batch=180/435 running_loss=0.146854
2026-08-19 20:01:10 | INFO | epoch=009 train_batch=190/435 running_loss=0.147305
2026-08-19 20:01:10 | INFO | epoch=009 train_batch=200/435 running_loss=0.147505
2026-08-19 20:01:11 | INFO | epoch=009 train_batch=210/435 running_loss=0.147269
2026-08-19 20:01:11 | INFO | epoch=009 train_batch=220/435 running_loss=0.147247
2026-08-19 20:01:11 | INFO | epoch=009 train_batch=230/435 running_loss=0.147391
2026-08-19 20:01:12 | INFO | epoch=009 train_batch=240/435 running_loss=0.147038
2026-08-19 20:01:12 | INFO | epoch=009 train_batch=250/435 running_loss=0.147283
2026-08-19 20:01:12 | INFO | epoch=009 train_batch=260/435 running_loss=0.147016
2026-08-19 20:01:13 | INFO | epoch=009 train_batch=270/435 running_loss=0.147143
2026-08-19 20:01:13 | INFO | epoch=009 train_batch=280/435 running_loss=0.147109
2026-08-19 20:01:14 | INFO | epoch=009 train_batch=290/435 running_loss=0.146897
2026-08-19 20:01:14 | INFO | epoch=009 train_batch=300/435 running_loss=0.146648
2026-08-19 20:01:14 | INFO | epoch=009 train_batch=310/435 running_loss=0.146476
2026-08-19 20:01:15 | INFO | epoch=009 train_batch=320/435 running_loss=0.146604
2026-08-19 20:01:15 | INFO | epoch=009 train_batch=330/435 running_loss=0.147021
2026-08-19 20:01:15 | INFO | epoch=009 train_batch=340/435 running_loss=0.147295
2026-08-19 20:01:16 | INFO | epoch=009 train_batch=350/435 running_loss=0.147042
2026-08-19 20:01:16 | INFO | epoch=009 train_batch=360/435 running_loss=0.147541
2026-08-19 20:01:16 | INFO | epoch=009 train_batch=370/435 running_loss=0.147703
2026-08-19 20:01:17 | INFO | epoch=009 train_batch=380/435 running_loss=0.147929
2026-08-19 20:01:17 | INFO | epoch=009 train_batch=390/435 running_loss=0.147740
2026-08-19 20:01:17 | INFO | epoch=009 train_batch=400/435 running_loss=0.147670
2026-08-19 20:01:18 | INFO | epoch=009 train_batch=410/435 running_loss=0.147504
2026-08-19 20:01:18 | INFO | epoch=009 train_batch=420/435 running_loss=0.147652
2026-08-19 20:01:19 | INFO | epoch=009 train_batch=430/435 running_loss=0.147300
2026-08-19 20:01:19 | INFO | epoch=009 train_batch=435/435 running_loss=0.147324
2026-08-19 20:01:19 | INFO | epoch=009 train_loss=0.147324 validation_loss=0.246472
2026-08-19 20:01:19 | INFO | epoch=009 saved new best.pt
2026-08-19 20:01:19 | INFO | epoch=010 train_batch=10/435 running_loss=0.138111
2026-08-19 20:01:20 | INFO | epoch=010 train_batch=20/435 running_loss=0.137042
2026-08-19 20:01:20 | INFO | epoch=010 train_batch=30/435 running_loss=0.140657
2026-08-19 20:01:21 | INFO | epoch=010 train_batch=40/435 running_loss=0.141458
2026-08-19 20:01:21 | INFO | epoch=010 train_batch=50/435 running_loss=0.141706
2026-08-19 20:01:21 | INFO | epoch=010 train_batch=60/435 running_loss=0.140124
2026-08-19 20:01:22 | INFO | epoch=010 train_batch=70/435 running_loss=0.140746
2026-08-19 20:01:22 | INFO | epoch=010 train_batch=80/435 running_loss=0.141430
2026-08-19 20:01:22 | INFO | epoch=010 train_batch=90/435 running_loss=0.141266
2026-08-19 20:01:23 | INFO | epoch=010 train_batch=100/435 running_loss=0.141668
2026-08-19 20:01:23 | INFO | epoch=010 train_batch=110/435 running_loss=0.141855
2026-08-19 20:01:23 | INFO | epoch=010 train_batch=120/435 running_loss=0.141341
2026-08-19 20:01:24 | INFO | epoch=010 train_batch=130/435 running_loss=0.140715
2026-08-19 20:01:24 | INFO | epoch=010 train_batch=140/435 running_loss=0.140899
2026-08-19 20:01:25 | INFO | epoch=010 train_batch=150/435 running_loss=0.140478
2026-08-19 20:01:25 | INFO | epoch=010 train_batch=160/435 running_loss=0.140592
2026-08-19 20:01:25 | INFO | epoch=010 train_batch=170/435 running_loss=0.141006
2026-08-19 20:01:26 | INFO | epoch=010 train_batch=180/435 running_loss=0.140855
2026-08-19 20:01:26 | INFO | epoch=010 train_batch=190/435 running_loss=0.140873
2026-08-19 20:01:26 | INFO | epoch=010 train_batch=200/435 running_loss=0.141033
2026-08-19 20:01:27 | INFO | epoch=010 train_batch=210/435 running_loss=0.140919
2026-08-19 20:01:27 | INFO | epoch=010 train_batch=220/435 running_loss=0.140742
2026-08-19 20:01:27 | INFO | epoch=010 train_batch=230/435 running_loss=0.141348
2026-08-19 20:01:28 | INFO | epoch=010 train_batch=240/435 running_loss=0.141433
2026-08-19 20:01:28 | INFO | epoch=010 train_batch=250/435 running_loss=0.141770
2026-08-19 20:01:29 | INFO | epoch=010 train_batch=260/435 running_loss=0.141702
2026-08-19 20:01:29 | INFO | epoch=010 train_batch=270/435 running_loss=0.141651
2026-08-19 20:01:29 | INFO | epoch=010 train_batch=280/435 running_loss=0.141407
2026-08-19 20:01:30 | INFO | epoch=010 train_batch=290/435 running_loss=0.141484
2026-08-19 20:01:30 | INFO | epoch=010 train_batch=300/435 running_loss=0.141393
2026-08-19 20:01:30 | INFO | epoch=010 train_batch=310/435 running_loss=0.141826
2026-08-19 20:01:31 | INFO | epoch=010 train_batch=320/435 running_loss=0.142056
2026-08-19 20:01:31 | INFO | epoch=010 train_batch=330/435 running_loss=0.142261
2026-08-19 20:01:31 | INFO | epoch=010 train_batch=340/435 running_loss=0.142378
2026-08-19 20:01:32 | INFO | epoch=010 train_batch=350/435 running_loss=0.142473
2026-08-19 20:01:32 | INFO | epoch=010 train_batch=360/435 running_loss=0.142510
2026-08-19 20:01:33 | INFO | epoch=010 train_batch=370/435 running_loss=0.142317
2026-08-19 20:01:33 | INFO | epoch=010 train_batch=380/435 running_loss=0.142375
2026-08-19 20:01:33 | INFO | epoch=010 train_batch=390/435 running_loss=0.142549
2026-08-19 20:01:34 | INFO | epoch=010 train_batch=400/435 running_loss=0.142574
2026-08-19 20:01:34 | INFO | epoch=010 train_batch=410/435 running_loss=0.142420
2026-08-19 20:01:34 | INFO | epoch=010 train_batch=420/435 running_loss=0.142254
2026-08-19 20:01:35 | INFO | epoch=010 train_batch=430/435 running_loss=0.141915
2026-08-19 20:01:35 | INFO | epoch=010 train_batch=435/435 running_loss=0.141961
2026-08-19 20:01:35 | INFO | epoch=010 train_loss=0.141961 validation_loss=0.242616
2026-08-19 20:01:35 | INFO | epoch=010 saved new best.pt
2026-08-19 20:01:36 | INFO | epoch=011 train_batch=10/435 running_loss=0.139566
2026-08-19 20:01:36 | INFO | epoch=011 train_batch=20/435 running_loss=0.135324
2026-08-19 20:01:36 | INFO | epoch=011 train_batch=30/435 running_loss=0.135314
2026-08-19 20:01:37 | INFO | epoch=011 train_batch=40/435 running_loss=0.136369
2026-08-19 20:01:37 | INFO | epoch=011 train_batch=50/435 running_loss=0.136389
2026-08-19 20:01:37 | INFO | epoch=011 train_batch=60/435 running_loss=0.137310
2026-08-19 20:01:38 | INFO | epoch=011 train_batch=70/435 running_loss=0.137515
2026-08-19 20:01:38 | INFO | epoch=011 train_batch=80/435 running_loss=0.138130
2026-08-19 20:01:39 | INFO | epoch=011 train_batch=90/435 running_loss=0.137055
2026-08-19 20:01:39 | INFO | epoch=011 train_batch=100/435 running_loss=0.137227
2026-08-19 20:01:39 | INFO | epoch=011 train_batch=110/435 running_loss=0.135857
2026-08-19 20:01:40 | INFO | epoch=011 train_batch=120/435 running_loss=0.136144
2026-08-19 20:01:40 | INFO | epoch=011 train_batch=130/435 running_loss=0.136043
2026-08-19 20:01:40 | INFO | epoch=011 train_batch=140/435 running_loss=0.135515
2026-08-19 20:01:41 | INFO | epoch=011 train_batch=150/435 running_loss=0.135461
2026-08-19 20:01:41 | INFO | epoch=011 train_batch=160/435 running_loss=0.135507
2026-08-19 20:01:41 | INFO | epoch=011 train_batch=170/435 running_loss=0.136184
2026-08-19 20:01:42 | INFO | epoch=011 train_batch=180/435 running_loss=0.136335
2026-08-19 20:01:42 | INFO | epoch=011 train_batch=190/435 running_loss=0.136409
2026-08-19 20:01:43 | INFO | epoch=011 train_batch=200/435 running_loss=0.135989
2026-08-19 20:01:43 | INFO | epoch=011 train_batch=210/435 running_loss=0.135906
2026-08-19 20:01:43 | INFO | epoch=011 train_batch=220/435 running_loss=0.135742
2026-08-19 20:01:44 | INFO | epoch=011 train_batch=230/435 running_loss=0.136342
2026-08-19 20:01:44 | INFO | epoch=011 train_batch=240/435 running_loss=0.136609
2026-08-19 20:01:44 | INFO | epoch=011 train_batch=250/435 running_loss=0.136984
2026-08-19 20:01:45 | INFO | epoch=011 train_batch=260/435 running_loss=0.137057
2026-08-19 20:01:45 | INFO | epoch=011 train_batch=270/435 running_loss=0.137015
2026-08-19 20:01:45 | INFO | epoch=011 train_batch=280/435 running_loss=0.137297
2026-08-19 20:01:46 | INFO | epoch=011 train_batch=290/435 running_loss=0.137605
2026-08-19 20:01:46 | INFO | epoch=011 train_batch=300/435 running_loss=0.137295
2026-08-19 20:01:46 | INFO | epoch=011 train_batch=310/435 running_loss=0.137194
2026-08-19 20:01:47 | INFO | epoch=011 train_batch=320/435 running_loss=0.136949
2026-08-19 20:01:47 | INFO | epoch=011 train_batch=330/435 running_loss=0.136779
2026-08-19 20:01:48 | INFO | epoch=011 train_batch=340/435 running_loss=0.136543
2026-08-19 20:01:48 | INFO | epoch=011 train_batch=350/435 running_loss=0.136542
2026-08-19 20:01:48 | INFO | epoch=011 train_batch=360/435 running_loss=0.136825
2026-08-19 20:01:49 | INFO | epoch=011 train_batch=370/435 running_loss=0.137061
2026-08-19 20:01:49 | INFO | epoch=011 train_batch=380/435 running_loss=0.136757
2026-08-19 20:01:49 | INFO | epoch=011 train_batch=390/435 running_loss=0.136907
2026-08-19 20:01:50 | INFO | epoch=011 train_batch=400/435 running_loss=0.136774
2026-08-19 20:01:50 | INFO | epoch=011 train_batch=410/435 running_loss=0.137047
2026-08-19 20:01:50 | INFO | epoch=011 train_batch=420/435 running_loss=0.136903
2026-08-19 20:01:51 | INFO | epoch=011 train_batch=430/435 running_loss=0.137001
2026-08-19 20:01:51 | INFO | epoch=011 train_batch=435/435 running_loss=0.137002
2026-08-19 20:01:51 | INFO | epoch=011 train_loss=0.137002 validation_loss=0.236402
2026-08-19 20:01:51 | INFO | epoch=011 saved new best.pt
2026-08-19 20:01:52 | INFO | epoch=012 train_batch=10/435 running_loss=0.126205
2026-08-19 20:01:52 | INFO | epoch=012 train_batch=20/435 running_loss=0.130089
2026-08-19 20:01:52 | INFO | epoch=012 train_batch=30/435 running_loss=0.129678
2026-08-19 20:01:53 | INFO | epoch=012 train_batch=40/435 running_loss=0.133429
2026-08-19 20:01:53 | INFO | epoch=012 train_batch=50/435 running_loss=0.132815
2026-08-19 20:01:53 | INFO | epoch=012 train_batch=60/435 running_loss=0.134278
2026-08-19 20:01:54 | INFO | epoch=012 train_batch=70/435 running_loss=0.134686
2026-08-19 20:01:54 | INFO | epoch=012 train_batch=80/435 running_loss=0.135429
2026-08-19 20:01:55 | INFO | epoch=012 train_batch=90/435 running_loss=0.135985
2026-08-19 20:01:55 | INFO | epoch=012 train_batch=100/435 running_loss=0.135924
2026-08-19 20:01:55 | INFO | epoch=012 train_batch=110/435 running_loss=0.136347
2026-08-19 20:01:56 | INFO | epoch=012 train_batch=120/435 running_loss=0.136115
2026-08-19 20:01:56 | INFO | epoch=012 train_batch=130/435 running_loss=0.135880
2026-08-19 20:01:56 | INFO | epoch=012 train_batch=140/435 running_loss=0.135628
2026-08-19 20:01:57 | INFO | epoch=012 train_batch=150/435 running_loss=0.135138
2026-08-19 20:01:57 | INFO | epoch=012 train_batch=160/435 running_loss=0.134773
2026-08-19 20:01:57 | INFO | epoch=012 train_batch=170/435 running_loss=0.134288
2026-08-19 20:01:58 | INFO | epoch=012 train_batch=180/435 running_loss=0.134243
2026-08-19 20:01:58 | INFO | epoch=012 train_batch=190/435 running_loss=0.134694
2026-08-19 20:01:58 | INFO | epoch=012 train_batch=200/435 running_loss=0.134930
2026-08-19 20:01:59 | INFO | epoch=012 train_batch=210/435 running_loss=0.135335
2026-08-19 20:01:59 | INFO | epoch=012 train_batch=220/435 running_loss=0.135615
2026-08-19 20:02:00 | INFO | epoch=012 train_batch=230/435 running_loss=0.135110
2026-08-19 20:02:00 | INFO | epoch=012 train_batch=240/435 running_loss=0.135238
2026-08-19 20:02:00 | INFO | epoch=012 train_batch=250/435 running_loss=0.135253
2026-08-19 20:02:01 | INFO | epoch=012 train_batch=260/435 running_loss=0.135461
2026-08-19 20:02:01 | INFO | epoch=012 train_batch=270/435 running_loss=0.135909
2026-08-19 20:02:01 | INFO | epoch=012 train_batch=280/435 running_loss=0.135733
2026-08-19 20:02:02 | INFO | epoch=012 train_batch=290/435 running_loss=0.135734
2026-08-19 20:02:02 | INFO | epoch=012 train_batch=300/435 running_loss=0.135709
2026-08-19 20:02:02 | INFO | epoch=012 train_batch=310/435 running_loss=0.135370
2026-08-19 20:02:03 | INFO | epoch=012 train_batch=320/435 running_loss=0.135332
2026-08-19 20:02:03 | INFO | epoch=012 train_batch=330/435 running_loss=0.135466
2026-08-19 20:02:04 | INFO | epoch=012 train_batch=340/435 running_loss=0.135928
2026-08-19 20:02:04 | INFO | epoch=012 train_batch=350/435 running_loss=0.135961
2026-08-19 20:02:04 | INFO | epoch=012 train_batch=360/435 running_loss=0.135937
2026-08-19 20:02:05 | INFO | epoch=012 train_batch=370/435 running_loss=0.135996
2026-08-19 20:02:05 | INFO | epoch=012 train_batch=380/435 running_loss=0.135717
2026-08-19 20:02:05 | INFO | epoch=012 train_batch=390/435 running_loss=0.135719
2026-08-19 20:02:06 | INFO | epoch=012 train_batch=400/435 running_loss=0.135828
2026-08-19 20:02:06 | INFO | epoch=012 train_batch=410/435 running_loss=0.135683
2026-08-19 20:02:06 | INFO | epoch=012 train_batch=420/435 running_loss=0.135516
2026-08-19 20:02:07 | INFO | epoch=012 train_batch=430/435 running_loss=0.135386
2026-08-19 20:02:07 | INFO | epoch=012 train_batch=435/435 running_loss=0.135431
2026-08-19 20:02:07 | INFO | epoch=012 train_loss=0.135431 validation_loss=0.238810
2026-08-19 20:02:08 | INFO | epoch=013 train_batch=10/435 running_loss=0.130016
2026-08-19 20:02:08 | INFO | epoch=013 train_batch=20/435 running_loss=0.128128
2026-08-19 20:02:08 | INFO | epoch=013 train_batch=30/435 running_loss=0.128837
2026-08-19 20:02:09 | INFO | epoch=013 train_batch=40/435 running_loss=0.127584
2026-08-19 20:02:09 | INFO | epoch=013 train_batch=50/435 running_loss=0.129113
2026-08-19 20:02:09 | INFO | epoch=013 train_batch=60/435 running_loss=0.130383
2026-08-19 20:02:10 | INFO | epoch=013 train_batch=70/435 running_loss=0.131581
2026-08-19 20:02:10 | INFO | epoch=013 train_batch=80/435 running_loss=0.131879
2026-08-19 20:02:11 | INFO | epoch=013 train_batch=90/435 running_loss=0.132266
2026-08-19 20:02:11 | INFO | epoch=013 train_batch=100/435 running_loss=0.131574
2026-08-19 20:02:11 | INFO | epoch=013 train_batch=110/435 running_loss=0.132024
2026-08-19 20:02:12 | INFO | epoch=013 train_batch=120/435 running_loss=0.132693
2026-08-19 20:02:12 | INFO | epoch=013 train_batch=130/435 running_loss=0.131685
2026-08-19 20:02:12 | INFO | epoch=013 train_batch=140/435 running_loss=0.131807
2026-08-19 20:02:13 | INFO | epoch=013 train_batch=150/435 running_loss=0.131264
2026-08-19 20:02:13 | INFO | epoch=013 train_batch=160/435 running_loss=0.131265
2026-08-19 20:02:13 | INFO | epoch=013 train_batch=170/435 running_loss=0.131604
2026-08-19 20:02:14 | INFO | epoch=013 train_batch=180/435 running_loss=0.131431
2026-08-19 20:02:14 | INFO | epoch=013 train_batch=190/435 running_loss=0.131098
2026-08-19 20:02:15 | INFO | epoch=013 train_batch=200/435 running_loss=0.131651
2026-08-19 20:02:15 | INFO | epoch=013 train_batch=210/435 running_loss=0.131900
2026-08-19 20:02:15 | INFO | epoch=013 train_batch=220/435 running_loss=0.131724
2026-08-19 20:02:16 | INFO | epoch=013 train_batch=230/435 running_loss=0.131650
2026-08-19 20:02:16 | INFO | epoch=013 train_batch=240/435 running_loss=0.131598
2026-08-19 20:02:16 | INFO | epoch=013 train_batch=250/435 running_loss=0.131726
2026-08-19 20:02:17 | INFO | epoch=013 train_batch=260/435 running_loss=0.132131
2026-08-19 20:02:17 | INFO | epoch=013 train_batch=270/435 running_loss=0.132489
2026-08-19 20:02:17 | INFO | epoch=013 train_batch=280/435 running_loss=0.132578
2026-08-19 20:02:18 | INFO | epoch=013 train_batch=290/435 running_loss=0.132712
2026-08-19 20:02:18 | INFO | epoch=013 train_batch=300/435 running_loss=0.132643
2026-08-19 20:02:19 | INFO | epoch=013 train_batch=310/435 running_loss=0.132936
2026-08-19 20:02:19 | INFO | epoch=013 train_batch=320/435 running_loss=0.132742
2026-08-19 20:02:19 | INFO | epoch=013 train_batch=330/435 running_loss=0.132730
2026-08-19 20:02:20 | INFO | epoch=013 train_batch=340/435 running_loss=0.132922
2026-08-19 20:02:20 | INFO | epoch=013 train_batch=350/435 running_loss=0.132856
2026-08-19 20:02:20 | INFO | epoch=013 train_batch=360/435 running_loss=0.132901
2026-08-19 20:02:21 | INFO | epoch=013 train_batch=370/435 running_loss=0.132732
2026-08-19 20:02:21 | INFO | epoch=013 train_batch=380/435 running_loss=0.132620
2026-08-19 20:02:21 | INFO | epoch=013 train_batch=390/435 running_loss=0.132683
2026-08-19 20:02:22 | INFO | epoch=013 train_batch=400/435 running_loss=0.132290
2026-08-19 20:02:22 | INFO | epoch=013 train_batch=410/435 running_loss=0.132411
2026-08-19 20:02:23 | INFO | epoch=013 train_batch=420/435 running_loss=0.132413
2026-08-19 20:02:23 | INFO | epoch=013 train_batch=430/435 running_loss=0.132297
2026-08-19 20:02:23 | INFO | epoch=013 train_batch=435/435 running_loss=0.132373
2026-08-19 20:02:23 | INFO | epoch=013 train_loss=0.132373 validation_loss=0.233492
2026-08-19 20:02:23 | INFO | epoch=013 saved new best.pt
2026-08-19 20:02:24 | INFO | epoch=014 train_batch=10/435 running_loss=0.117573
2026-08-19 20:02:24 | INFO | epoch=014 train_batch=20/435 running_loss=0.122419
2026-08-19 20:02:25 | INFO | epoch=014 train_batch=30/435 running_loss=0.124453
2026-08-19 20:02:25 | INFO | epoch=014 train_batch=40/435 running_loss=0.126676
2026-08-19 20:02:25 | INFO | epoch=014 train_batch=50/435 running_loss=0.128584
2026-08-19 20:02:26 | INFO | epoch=014 train_batch=60/435 running_loss=0.128987
2026-08-19 20:02:26 | INFO | epoch=014 train_batch=70/435 running_loss=0.128675
2026-08-19 20:02:26 | INFO | epoch=014 train_batch=80/435 running_loss=0.129013
2026-08-19 20:02:27 | INFO | epoch=014 train_batch=90/435 running_loss=0.128724
2026-08-19 20:02:27 | INFO | epoch=014 train_batch=100/435 running_loss=0.128825
2026-08-19 20:02:27 | INFO | epoch=014 train_batch=110/435 running_loss=0.129778
2026-08-19 20:02:28 | INFO | epoch=014 train_batch=120/435 running_loss=0.129826
2026-08-19 20:02:28 | INFO | epoch=014 train_batch=130/435 running_loss=0.129591
2026-08-19 20:02:29 | INFO | epoch=014 train_batch=140/435 running_loss=0.129658
2026-08-19 20:02:29 | INFO | epoch=014 train_batch=150/435 running_loss=0.129384
2026-08-19 20:02:29 | INFO | epoch=014 train_batch=160/435 running_loss=0.129160
2026-08-19 20:02:30 | INFO | epoch=014 train_batch=170/435 running_loss=0.129304
2026-08-19 20:02:30 | INFO | epoch=014 train_batch=180/435 running_loss=0.129751
2026-08-19 20:02:30 | INFO | epoch=014 train_batch=190/435 running_loss=0.129469
2026-08-19 20:02:31 | INFO | epoch=014 train_batch=200/435 running_loss=0.129286
2026-08-19 20:02:31 | INFO | epoch=014 train_batch=210/435 running_loss=0.129607
2026-08-19 20:02:31 | INFO | epoch=014 train_batch=220/435 running_loss=0.129961
2026-08-19 20:02:32 | INFO | epoch=014 train_batch=230/435 running_loss=0.129813
2026-08-19 20:02:32 | INFO | epoch=014 train_batch=240/435 running_loss=0.129567
2026-08-19 20:02:33 | INFO | epoch=014 train_batch=250/435 running_loss=0.129379
2026-08-19 20:02:33 | INFO | epoch=014 train_batch=260/435 running_loss=0.128914
2026-08-19 20:02:33 | INFO | epoch=014 train_batch=270/435 running_loss=0.128897
2026-08-19 20:02:34 | INFO | epoch=014 train_batch=280/435 running_loss=0.128708
2026-08-19 20:02:34 | INFO | epoch=014 train_batch=290/435 running_loss=0.128468
2026-08-19 20:02:34 | INFO | epoch=014 train_batch=300/435 running_loss=0.128413
2026-08-19 20:02:35 | INFO | epoch=014 train_batch=310/435 running_loss=0.128393
2026-08-19 20:02:35 | INFO | epoch=014 train_batch=320/435 running_loss=0.128558
2026-08-19 20:02:35 | INFO | epoch=014 train_batch=330/435 running_loss=0.128958
2026-08-19 20:02:36 | INFO | epoch=014 train_batch=340/435 running_loss=0.128848
2026-08-19 20:02:36 | INFO | epoch=014 train_batch=350/435 running_loss=0.128826
2026-08-19 20:02:37 | INFO | epoch=014 train_batch=360/435 running_loss=0.128776
2026-08-19 20:02:37 | INFO | epoch=014 train_batch=370/435 running_loss=0.128645
2026-08-19 20:02:37 | INFO | epoch=014 train_batch=380/435 running_loss=0.128559
2026-08-19 20:02:38 | INFO | epoch=014 train_batch=390/435 running_loss=0.128479
2026-08-19 20:02:38 | INFO | epoch=014 train_batch=400/435 running_loss=0.128442
2026-08-19 20:02:38 | INFO | epoch=014 train_batch=410/435 running_loss=0.128229
2026-08-19 20:02:39 | INFO | epoch=014 train_batch=420/435 running_loss=0.128095
2026-08-19 20:02:39 | INFO | epoch=014 train_batch=430/435 running_loss=0.128113
2026-08-19 20:02:39 | INFO | epoch=014 train_batch=435/435 running_loss=0.128201
2026-08-19 20:02:40 | INFO | epoch=014 train_loss=0.128201 validation_loss=0.229879
2026-08-19 20:02:40 | INFO | epoch=014 saved new best.pt
2026-08-19 20:02:40 | INFO | epoch=015 train_batch=10/435 running_loss=0.124016
2026-08-19 20:02:40 | INFO | epoch=015 train_batch=20/435 running_loss=0.123698
2026-08-19 20:02:41 | INFO | epoch=015 train_batch=30/435 running_loss=0.126218
2026-08-19 20:02:41 | INFO | epoch=015 train_batch=40/435 running_loss=0.123865
2026-08-19 20:02:41 | INFO | epoch=015 train_batch=50/435 running_loss=0.124887
2026-08-19 20:02:42 | INFO | epoch=015 train_batch=60/435 running_loss=0.125524
2026-08-19 20:02:42 | INFO | epoch=015 train_batch=70/435 running_loss=0.126096
2026-08-19 20:02:43 | INFO | epoch=015 train_batch=80/435 running_loss=0.127020
2026-08-19 20:02:43 | INFO | epoch=015 train_batch=90/435 running_loss=0.127016
2026-08-19 20:02:43 | INFO | epoch=015 train_batch=100/435 running_loss=0.126667
2026-08-19 20:02:44 | INFO | epoch=015 train_batch=110/435 running_loss=0.125997
2026-08-19 20:02:44 | INFO | epoch=015 train_batch=120/435 running_loss=0.126107
2026-08-19 20:02:44 | INFO | epoch=015 train_batch=130/435 running_loss=0.126235
2026-08-19 20:02:45 | INFO | epoch=015 train_batch=140/435 running_loss=0.126126
2026-08-19 20:02:45 | INFO | epoch=015 train_batch=150/435 running_loss=0.126145
2026-08-19 20:02:45 | INFO | epoch=015 train_batch=160/435 running_loss=0.126237
2026-08-19 20:02:46 | INFO | epoch=015 train_batch=170/435 running_loss=0.126215
2026-08-19 20:02:46 | INFO | epoch=015 train_batch=180/435 running_loss=0.125777
2026-08-19 20:02:47 | INFO | epoch=015 train_batch=190/435 running_loss=0.125966
2026-08-19 20:02:47 | INFO | epoch=015 train_batch=200/435 running_loss=0.125634
2026-08-19 20:02:47 | INFO | epoch=015 train_batch=210/435 running_loss=0.125740
2026-08-19 20:02:48 | INFO | epoch=015 train_batch=220/435 running_loss=0.125698
2026-08-19 20:02:48 | INFO | epoch=015 train_batch=230/435 running_loss=0.125688
2026-08-19 20:02:48 | INFO | epoch=015 train_batch=240/435 running_loss=0.125287
2026-08-19 20:02:49 | INFO | epoch=015 train_batch=250/435 running_loss=0.125258
2026-08-19 20:02:49 | INFO | epoch=015 train_batch=260/435 running_loss=0.125337
2026-08-19 20:02:49 | INFO | epoch=015 train_batch=270/435 running_loss=0.125214
2026-08-19 20:02:50 | INFO | epoch=015 train_batch=280/435 running_loss=0.125139
2026-08-19 20:02:50 | INFO | epoch=015 train_batch=290/435 running_loss=0.125131
2026-08-19 20:02:51 | INFO | epoch=015 train_batch=300/435 running_loss=0.125174
2026-08-19 20:02:51 | INFO | epoch=015 train_batch=310/435 running_loss=0.125077
2026-08-19 20:02:51 | INFO | epoch=015 train_batch=320/435 running_loss=0.124912
2026-08-19 20:02:52 | INFO | epoch=015 train_batch=330/435 running_loss=0.125202
2026-08-19 20:02:52 | INFO | epoch=015 train_batch=340/435 running_loss=0.125181
2026-08-19 20:02:52 | INFO | epoch=015 train_batch=350/435 running_loss=0.125063
2026-08-19 20:02:53 | INFO | epoch=015 train_batch=360/435 running_loss=0.125033
2026-08-19 20:02:53 | INFO | epoch=015 train_batch=370/435 running_loss=0.124950
2026-08-19 20:02:53 | INFO | epoch=015 train_batch=380/435 running_loss=0.125191
2026-08-19 20:02:54 | INFO | epoch=015 train_batch=390/435 running_loss=0.125222
2026-08-19 20:02:54 | INFO | epoch=015 train_batch=400/435 running_loss=0.125298
2026-08-19 20:02:55 | INFO | epoch=015 train_batch=410/435 running_loss=0.125353
2026-08-19 20:02:55 | INFO | epoch=015 train_batch=420/435 running_loss=0.125319
2026-08-19 20:02:55 | INFO | epoch=015 train_batch=430/435 running_loss=0.125251
2026-08-19 20:02:55 | INFO | epoch=015 train_batch=435/435 running_loss=0.125413
2026-08-19 20:02:56 | INFO | epoch=015 train_loss=0.125413 validation_loss=0.223592
2026-08-19 20:02:56 | INFO | epoch=015 saved new best.pt
2026-08-19 20:02:56 | INFO | epoch=016 train_batch=10/435 running_loss=0.122510
2026-08-19 20:02:56 | INFO | epoch=016 train_batch=20/435 running_loss=0.121903
2026-08-19 20:02:57 | INFO | epoch=016 train_batch=30/435 running_loss=0.123802
2026-08-19 20:02:57 | INFO | epoch=016 train_batch=40/435 running_loss=0.121980
2026-08-19 20:02:57 | INFO | epoch=016 train_batch=50/435 running_loss=0.122512
2026-08-19 20:02:58 | INFO | epoch=016 train_batch=60/435 running_loss=0.123207
2026-08-19 20:02:58 | INFO | epoch=016 train_batch=70/435 running_loss=0.122334
2026-08-19 20:02:58 | INFO | epoch=016 train_batch=80/435 running_loss=0.122798
2026-08-19 20:02:59 | INFO | epoch=016 train_batch=90/435 running_loss=0.121970
2026-08-19 20:02:59 | INFO | epoch=016 train_batch=100/435 running_loss=0.122362
2026-08-19 20:03:00 | INFO | epoch=016 train_batch=110/435 running_loss=0.121758
2026-08-19 20:03:00 | INFO | epoch=016 train_batch=120/435 running_loss=0.121492
2026-08-19 20:03:00 | INFO | epoch=016 train_batch=130/435 running_loss=0.121674
2026-08-19 20:03:01 | INFO | epoch=016 train_batch=140/435 running_loss=0.121748
2026-08-19 20:03:01 | INFO | epoch=016 train_batch=150/435 running_loss=0.121529
2026-08-19 20:03:01 | INFO | epoch=016 train_batch=160/435 running_loss=0.122094
2026-08-19 20:03:02 | INFO | epoch=016 train_batch=170/435 running_loss=0.122114
2026-08-19 20:03:02 | INFO | epoch=016 train_batch=180/435 running_loss=0.122390
2026-08-19 20:03:02 | INFO | epoch=016 train_batch=190/435 running_loss=0.122300
2026-08-19 20:03:03 | INFO | epoch=016 train_batch=200/435 running_loss=0.122139
2026-08-19 20:03:03 | INFO | epoch=016 train_batch=210/435 running_loss=0.121840
2026-08-19 20:03:03 | INFO | epoch=016 train_batch=220/435 running_loss=0.121684
2026-08-19 20:03:04 | INFO | epoch=016 train_batch=230/435 running_loss=0.121678
2026-08-19 20:03:04 | INFO | epoch=016 train_batch=240/435 running_loss=0.122160
2026-08-19 20:03:05 | INFO | epoch=016 train_batch=250/435 running_loss=0.122355
2026-08-19 20:03:05 | INFO | epoch=016 train_batch=260/435 running_loss=0.122478
2026-08-19 20:03:05 | INFO | epoch=016 train_batch=270/435 running_loss=0.122783
2026-08-19 20:03:06 | INFO | epoch=016 train_batch=280/435 running_loss=0.123320
2026-08-19 20:03:06 | INFO | epoch=016 train_batch=290/435 running_loss=0.123556
2026-08-19 20:03:06 | INFO | epoch=016 train_batch=300/435 running_loss=0.123389
2026-08-19 20:03:07 | INFO | epoch=016 train_batch=310/435 running_loss=0.123282
2026-08-19 20:03:07 | INFO | epoch=016 train_batch=320/435 running_loss=0.123179
2026-08-19 20:03:07 | INFO | epoch=016 train_batch=330/435 running_loss=0.123340
2026-08-19 20:03:08 | INFO | epoch=016 train_batch=340/435 running_loss=0.123673
2026-08-19 20:03:08 | INFO | epoch=016 train_batch=350/435 running_loss=0.123564
2026-08-19 20:03:08 | INFO | epoch=016 train_batch=360/435 running_loss=0.123688
2026-08-19 20:03:09 | INFO | epoch=016 train_batch=370/435 running_loss=0.123655
2026-08-19 20:03:09 | INFO | epoch=016 train_batch=380/435 running_loss=0.123339
2026-08-19 20:03:10 | INFO | epoch=016 train_batch=390/435 running_loss=0.123204
2026-08-19 20:03:10 | INFO | epoch=016 train_batch=400/435 running_loss=0.123178
2026-08-19 20:03:10 | INFO | epoch=016 train_batch=410/435 running_loss=0.123228
2026-08-19 20:03:11 | INFO | epoch=016 train_batch=420/435 running_loss=0.123420
2026-08-19 20:03:11 | INFO | epoch=016 train_batch=430/435 running_loss=0.123359
2026-08-19 20:03:11 | INFO | epoch=016 train_batch=435/435 running_loss=0.123335
2026-08-19 20:03:11 | INFO | epoch=016 train_loss=0.123335 validation_loss=0.219465
2026-08-19 20:03:12 | INFO | epoch=016 saved new best.pt
2026-08-19 20:03:12 | INFO | epoch=017 train_batch=10/435 running_loss=0.128394
2026-08-19 20:03:12 | INFO | epoch=017 train_batch=20/435 running_loss=0.125043
2026-08-19 20:03:13 | INFO | epoch=017 train_batch=30/435 running_loss=0.121843
2026-08-19 20:03:13 | INFO | epoch=017 train_batch=40/435 running_loss=0.121989
2026-08-19 20:03:13 | INFO | epoch=017 train_batch=50/435 running_loss=0.122901
2026-08-19 20:03:14 | INFO | epoch=017 train_batch=60/435 running_loss=0.122550
2026-08-19 20:03:14 | INFO | epoch=017 train_batch=70/435 running_loss=0.121650
2026-08-19 20:03:14 | INFO | epoch=017 train_batch=80/435 running_loss=0.122035
2026-08-19 20:03:15 | INFO | epoch=017 train_batch=90/435 running_loss=0.123176
2026-08-19 20:03:15 | INFO | epoch=017 train_batch=100/435 running_loss=0.122393
2026-08-19 20:03:15 | INFO | epoch=017 train_batch=110/435 running_loss=0.122204
2026-08-19 20:03:16 | INFO | epoch=017 train_batch=120/435 running_loss=0.121698
2026-08-19 20:03:16 | INFO | epoch=017 train_batch=130/435 running_loss=0.121818
2026-08-19 20:03:16 | INFO | epoch=017 train_batch=140/435 running_loss=0.121446
2026-08-19 20:03:17 | INFO | epoch=017 train_batch=150/435 running_loss=0.122004
2026-08-19 20:03:17 | INFO | epoch=017 train_batch=160/435 running_loss=0.121981
2026-08-19 20:03:17 | INFO | epoch=017 train_batch=170/435 running_loss=0.121650
2026-08-19 20:03:18 | INFO | epoch=017 train_batch=180/435 running_loss=0.121380
2026-08-19 20:03:18 | INFO | epoch=017 train_batch=190/435 running_loss=0.121152
2026-08-19 20:03:18 | INFO | epoch=017 train_batch=200/435 running_loss=0.121155
2026-08-19 20:03:19 | INFO | epoch=017 train_batch=210/435 running_loss=0.121046
2026-08-19 20:03:19 | INFO | epoch=017 train_batch=220/435 running_loss=0.121328
2026-08-19 20:03:19 | INFO | epoch=017 train_batch=230/435 running_loss=0.121618
2026-08-19 20:03:20 | INFO | epoch=017 train_batch=240/435 running_loss=0.121567
2026-08-19 20:03:20 | INFO | epoch=017 train_batch=250/435 running_loss=0.121727
2026-08-19 20:03:20 | INFO | epoch=017 train_batch=260/435 running_loss=0.121998
2026-08-19 20:03:21 | INFO | epoch=017 train_batch=270/435 running_loss=0.122112
2026-08-19 20:03:21 | INFO | epoch=017 train_batch=280/435 running_loss=0.122204
2026-08-19 20:03:21 | INFO | epoch=017 train_batch=290/435 running_loss=0.122347
2026-08-19 20:03:22 | INFO | epoch=017 train_batch=300/435 running_loss=0.122290
2026-08-19 20:03:22 | INFO | epoch=017 train_batch=310/435 running_loss=0.122463
2026-08-19 20:03:23 | INFO | epoch=017 train_batch=320/435 running_loss=0.122338
2026-08-19 20:03:23 | INFO | epoch=017 train_batch=330/435 running_loss=0.122272
2026-08-19 20:03:23 | INFO | epoch=017 train_batch=340/435 running_loss=0.122215
2026-08-19 20:03:24 | INFO | epoch=017 train_batch=350/435 running_loss=0.122127
2026-08-19 20:03:24 | INFO | epoch=017 train_batch=360/435 running_loss=0.121981
2026-08-19 20:03:24 | INFO | epoch=017 train_batch=370/435 running_loss=0.121631
2026-08-19 20:03:25 | INFO | epoch=017 train_batch=380/435 running_loss=0.121411
2026-08-19 20:03:25 | INFO | epoch=017 train_batch=390/435 running_loss=0.121492
2026-08-19 20:03:25 | INFO | epoch=017 train_batch=400/435 running_loss=0.121554
2026-08-19 20:03:26 | INFO | epoch=017 train_batch=410/435 running_loss=0.121585
2026-08-19 20:03:26 | INFO | epoch=017 train_batch=420/435 running_loss=0.121648
2026-08-19 20:03:26 | INFO | epoch=017 train_batch=430/435 running_loss=0.121423
2026-08-19 20:03:26 | INFO | epoch=017 train_batch=435/435 running_loss=0.121431
2026-08-19 20:03:27 | INFO | epoch=017 train_loss=0.121431 validation_loss=0.218738
2026-08-19 20:03:27 | INFO | epoch=017 saved new best.pt
2026-08-19 20:03:27 | INFO | epoch=018 train_batch=10/435 running_loss=0.123623
2026-08-19 20:03:27 | INFO | epoch=018 train_batch=20/435 running_loss=0.118362
2026-08-19 20:03:28 | INFO | epoch=018 train_batch=30/435 running_loss=0.118628
2026-08-19 20:03:28 | INFO | epoch=018 train_batch=40/435 running_loss=0.117466
2026-08-19 20:03:28 | INFO | epoch=018 train_batch=50/435 running_loss=0.118546
2026-08-19 20:03:29 | INFO | epoch=018 train_batch=60/435 running_loss=0.118113
2026-08-19 20:03:29 | INFO | epoch=018 train_batch=70/435 running_loss=0.118428
2026-08-19 20:03:29 | INFO | epoch=018 train_batch=80/435 running_loss=0.118128
2026-08-19 20:03:30 | INFO | epoch=018 train_batch=90/435 running_loss=0.118457
2026-08-19 20:03:30 | INFO | epoch=018 train_batch=100/435 running_loss=0.117640
2026-08-19 20:03:30 | INFO | epoch=018 train_batch=110/435 running_loss=0.117272
2026-08-19 20:03:31 | INFO | epoch=018 train_batch=120/435 running_loss=0.117564
2026-08-19 20:03:31 | INFO | epoch=018 train_batch=130/435 running_loss=0.118114
2026-08-19 20:03:31 | INFO | epoch=018 train_batch=140/435 running_loss=0.118270
2026-08-19 20:03:32 | INFO | epoch=018 train_batch=150/435 running_loss=0.118516
2026-08-19 20:03:32 | INFO | epoch=018 train_batch=160/435 running_loss=0.118598
2026-08-19 20:03:32 | INFO | epoch=018 train_batch=170/435 running_loss=0.118663
2026-08-19 20:03:33 | INFO | epoch=018 train_batch=180/435 running_loss=0.118802
2026-08-19 20:03:33 | INFO | epoch=018 train_batch=190/435 running_loss=0.118642
2026-08-19 20:03:33 | INFO | epoch=018 train_batch=200/435 running_loss=0.118441
2026-08-19 20:03:34 | INFO | epoch=018 train_batch=210/435 running_loss=0.118218
2026-08-19 20:03:34 | INFO | epoch=018 train_batch=220/435 running_loss=0.118675
2026-08-19 20:03:34 | INFO | epoch=018 train_batch=230/435 running_loss=0.118772
2026-08-19 20:03:35 | INFO | epoch=018 train_batch=240/435 running_loss=0.118653
2026-08-19 20:03:35 | INFO | epoch=018 train_batch=250/435 running_loss=0.118620
2026-08-19 20:03:36 | INFO | epoch=018 train_batch=260/435 running_loss=0.118426
2026-08-19 20:03:36 | INFO | epoch=018 train_batch=270/435 running_loss=0.118081
2026-08-19 20:03:36 | INFO | epoch=018 train_batch=280/435 running_loss=0.118520
2026-08-19 20:03:37 | INFO | epoch=018 train_batch=290/435 running_loss=0.118583
2026-08-19 20:03:37 | INFO | epoch=018 train_batch=300/435 running_loss=0.118606
2026-08-19 20:03:37 | INFO | epoch=018 train_batch=310/435 running_loss=0.118504
2026-08-19 20:03:38 | INFO | epoch=018 train_batch=320/435 running_loss=0.118336
2026-08-19 20:03:38 | INFO | epoch=018 train_batch=330/435 running_loss=0.118380
2026-08-19 20:03:38 | INFO | epoch=018 train_batch=340/435 running_loss=0.118658
2026-08-19 20:03:39 | INFO | epoch=018 train_batch=350/435 running_loss=0.118609
2026-08-19 20:03:39 | INFO | epoch=018 train_batch=360/435 running_loss=0.118652
2026-08-19 20:03:39 | INFO | epoch=018 train_batch=370/435 running_loss=0.118409
2026-08-19 20:03:40 | INFO | epoch=018 train_batch=380/435 running_loss=0.118260
2026-08-19 20:03:40 | INFO | epoch=018 train_batch=390/435 running_loss=0.118331
2026-08-19 20:03:40 | INFO | epoch=018 train_batch=400/435 running_loss=0.118574
2026-08-19 20:03:41 | INFO | epoch=018 train_batch=410/435 running_loss=0.118666
2026-08-19 20:03:41 | INFO | epoch=018 train_batch=420/435 running_loss=0.118774
2026-08-19 20:03:41 | INFO | epoch=018 train_batch=430/435 running_loss=0.118687
2026-08-19 20:03:41 | INFO | epoch=018 train_batch=435/435 running_loss=0.118640
2026-08-19 20:03:42 | INFO | epoch=018 train_loss=0.118640 validation_loss=0.218856
2026-08-19 20:03:42 | INFO | epoch=019 train_batch=10/435 running_loss=0.121797
2026-08-19 20:03:42 | INFO | epoch=019 train_batch=20/435 running_loss=0.117893
2026-08-19 20:03:43 | INFO | epoch=019 train_batch=30/435 running_loss=0.115876
2026-08-19 20:03:43 | INFO | epoch=019 train_batch=40/435 running_loss=0.117918
2026-08-19 20:03:44 | INFO | epoch=019 train_batch=50/435 running_loss=0.119212
2026-08-19 20:03:44 | INFO | epoch=019 train_batch=60/435 running_loss=0.119807
2026-08-19 20:03:44 | INFO | epoch=019 train_batch=70/435 running_loss=0.121255
2026-08-19 20:03:45 | INFO | epoch=019 train_batch=80/435 running_loss=0.120674
2026-08-19 20:03:45 | INFO | epoch=019 train_batch=90/435 running_loss=0.120328
2026-08-19 20:03:45 | INFO | epoch=019 train_batch=100/435 running_loss=0.119409
2026-08-19 20:03:46 | INFO | epoch=019 train_batch=110/435 running_loss=0.119014
2026-08-19 20:03:46 | INFO | epoch=019 train_batch=120/435 running_loss=0.118691
2026-08-19 20:03:46 | INFO | epoch=019 train_batch=130/435 running_loss=0.117994
2026-08-19 20:03:47 | INFO | epoch=019 train_batch=140/435 running_loss=0.118233
2026-08-19 20:03:47 | INFO | epoch=019 train_batch=150/435 running_loss=0.118053
2026-08-19 20:03:47 | INFO | epoch=019 train_batch=160/435 running_loss=0.117988
2026-08-19 20:03:48 | INFO | epoch=019 train_batch=170/435 running_loss=0.117332
2026-08-19 20:03:48 | INFO | epoch=019 train_batch=180/435 running_loss=0.116787
2026-08-19 20:03:48 | INFO | epoch=019 train_batch=190/435 running_loss=0.117021
2026-08-19 20:03:49 | INFO | epoch=019 train_batch=200/435 running_loss=0.117031
2026-08-19 20:03:49 | INFO | epoch=019 train_batch=210/435 running_loss=0.117481
2026-08-19 20:03:49 | INFO | epoch=019 train_batch=220/435 running_loss=0.117848
2026-08-19 20:03:50 | INFO | epoch=019 train_batch=230/435 running_loss=0.118156
2026-08-19 20:03:50 | INFO | epoch=019 train_batch=240/435 running_loss=0.118186
2026-08-19 20:03:50 | INFO | epoch=019 train_batch=250/435 running_loss=0.117950
2026-08-19 20:03:51 | INFO | epoch=019 train_batch=260/435 running_loss=0.117972
2026-08-19 20:03:51 | INFO | epoch=019 train_batch=270/435 running_loss=0.118098
2026-08-19 20:03:51 | INFO | epoch=019 train_batch=280/435 running_loss=0.118199
2026-08-19 20:03:52 | INFO | epoch=019 train_batch=290/435 running_loss=0.118670
2026-08-19 20:03:52 | INFO | epoch=019 train_batch=300/435 running_loss=0.118721
2026-08-19 20:03:52 | INFO | epoch=019 train_batch=310/435 running_loss=0.118393
2026-08-19 20:03:53 | INFO | epoch=019 train_batch=320/435 running_loss=0.118299
2026-08-19 20:03:53 | INFO | epoch=019 train_batch=330/435 running_loss=0.118330
2026-08-19 20:03:53 | INFO | epoch=019 train_batch=340/435 running_loss=0.118226
2026-08-19 20:03:54 | INFO | epoch=019 train_batch=350/435 running_loss=0.118199
2026-08-19 20:03:54 | INFO | epoch=019 train_batch=360/435 running_loss=0.118125
2026-08-19 20:03:54 | INFO | epoch=019 train_batch=370/435 running_loss=0.117957
2026-08-19 20:03:55 | INFO | epoch=019 train_batch=380/435 running_loss=0.118025
2026-08-19 20:03:55 | INFO | epoch=019 train_batch=390/435 running_loss=0.118187
2026-08-19 20:03:55 | INFO | epoch=019 train_batch=400/435 running_loss=0.118281
2026-08-19 20:03:56 | INFO | epoch=019 train_batch=410/435 running_loss=0.118542
2026-08-19 20:03:56 | INFO | epoch=019 train_batch=420/435 running_loss=0.118481
2026-08-19 20:03:56 | INFO | epoch=019 train_batch=430/435 running_loss=0.118460
2026-08-19 20:03:56 | INFO | epoch=019 train_batch=435/435 running_loss=0.118456
2026-08-19 20:03:57 | INFO | epoch=019 train_loss=0.118456 validation_loss=0.217979
2026-08-19 20:03:57 | INFO | epoch=019 saved new best.pt
2026-08-19 20:03:57 | INFO | epoch=020 train_batch=10/435 running_loss=0.111881
2026-08-19 20:03:57 | INFO | epoch=020 train_batch=20/435 running_loss=0.112622
2026-08-19 20:03:58 | INFO | epoch=020 train_batch=30/435 running_loss=0.111590
2026-08-19 20:03:58 | INFO | epoch=020 train_batch=40/435 running_loss=0.112685
2026-08-19 20:03:59 | INFO | epoch=020 train_batch=50/435 running_loss=0.112224
2026-08-19 20:03:59 | INFO | epoch=020 train_batch=60/435 running_loss=0.113257
2026-08-19 20:03:59 | INFO | epoch=020 train_batch=70/435 running_loss=0.112385
2026-08-19 20:04:00 | INFO | epoch=020 train_batch=80/435 running_loss=0.112727
2026-08-19 20:04:00 | INFO | epoch=020 train_batch=90/435 running_loss=0.112218
2026-08-19 20:04:00 | INFO | epoch=020 train_batch=100/435 running_loss=0.112772
2026-08-19 20:04:01 | INFO | epoch=020 train_batch=110/435 running_loss=0.113165
2026-08-19 20:04:01 | INFO | epoch=020 train_batch=120/435 running_loss=0.113554
2026-08-19 20:04:01 | INFO | epoch=020 train_batch=130/435 running_loss=0.114117
2026-08-19 20:04:02 | INFO | epoch=020 train_batch=140/435 running_loss=0.114712
2026-08-19 20:04:02 | INFO | epoch=020 train_batch=150/435 running_loss=0.114947
2026-08-19 20:04:02 | INFO | epoch=020 train_batch=160/435 running_loss=0.115462
2026-08-19 20:04:03 | INFO | epoch=020 train_batch=170/435 running_loss=0.115050
2026-08-19 20:04:03 | INFO | epoch=020 train_batch=180/435 running_loss=0.115091
2026-08-19 20:04:03 | INFO | epoch=020 train_batch=190/435 running_loss=0.115127
2026-08-19 20:04:04 | INFO | epoch=020 train_batch=200/435 running_loss=0.115467
2026-08-19 20:04:04 | INFO | epoch=020 train_batch=210/435 running_loss=0.115749
2026-08-19 20:04:04 | INFO | epoch=020 train_batch=220/435 running_loss=0.115981
2026-08-19 20:04:05 | INFO | epoch=020 train_batch=230/435 running_loss=0.115846
2026-08-19 20:04:05 | INFO | epoch=020 train_batch=240/435 running_loss=0.115673
2026-08-19 20:04:05 | INFO | epoch=020 train_batch=250/435 running_loss=0.115318
2026-08-19 20:04:06 | INFO | epoch=020 train_batch=260/435 running_loss=0.115321
2026-08-19 20:04:06 | INFO | epoch=020 train_batch=270/435 running_loss=0.115111
2026-08-19 20:04:06 | INFO | epoch=020 train_batch=280/435 running_loss=0.115080
2026-08-19 20:04:07 | INFO | epoch=020 train_batch=290/435 running_loss=0.115032
2026-08-19 20:04:07 | INFO | epoch=020 train_batch=300/435 running_loss=0.115206
2026-08-19 20:04:07 | INFO | epoch=020 train_batch=310/435 running_loss=0.115248
2026-08-19 20:04:08 | INFO | epoch=020 train_batch=320/435 running_loss=0.115218
2026-08-19 20:04:08 | INFO | epoch=020 train_batch=330/435 running_loss=0.115304
2026-08-19 20:04:09 | INFO | epoch=020 train_batch=340/435 running_loss=0.115544
2026-08-19 20:04:09 | INFO | epoch=020 train_batch=350/435 running_loss=0.115780
2026-08-19 20:04:09 | INFO | epoch=020 train_batch=360/435 running_loss=0.115805
2026-08-19 20:04:10 | INFO | epoch=020 train_batch=370/435 running_loss=0.115957
2026-08-19 20:04:10 | INFO | epoch=020 train_batch=380/435 running_loss=0.115867
2026-08-19 20:04:10 | INFO | epoch=020 train_batch=390/435 running_loss=0.116004
2026-08-19 20:04:11 | INFO | epoch=020 train_batch=400/435 running_loss=0.116164
2026-08-19 20:04:11 | INFO | epoch=020 train_batch=410/435 running_loss=0.116072
2026-08-19 20:04:11 | INFO | epoch=020 train_batch=420/435 running_loss=0.116082
2026-08-19 20:04:12 | INFO | epoch=020 train_batch=430/435 running_loss=0.115977
2026-08-19 20:04:12 | INFO | epoch=020 train_batch=435/435 running_loss=0.115931
2026-08-19 20:04:12 | INFO | epoch=020 train_loss=0.115931 validation_loss=0.214757
2026-08-19 20:04:12 | INFO | epoch=020 saved new best.pt
2026-08-19 20:04:13 | INFO | epoch=021 train_batch=10/435 running_loss=0.120043
2026-08-19 20:04:13 | INFO | epoch=021 train_batch=20/435 running_loss=0.117412
2026-08-19 20:04:13 | INFO | epoch=021 train_batch=30/435 running_loss=0.118655
2026-08-19 20:04:14 | INFO | epoch=021 train_batch=40/435 running_loss=0.118069
2026-08-19 20:04:14 | INFO | epoch=021 train_batch=50/435 running_loss=0.117093
2026-08-19 20:04:14 | INFO | epoch=021 train_batch=60/435 running_loss=0.117146
2026-08-19 20:04:15 | INFO | epoch=021 train_batch=70/435 running_loss=0.117350
2026-08-19 20:04:15 | INFO | epoch=021 train_batch=80/435 running_loss=0.116395
2026-08-19 20:04:15 | INFO | epoch=021 train_batch=90/435 running_loss=0.116316
2026-08-19 20:04:16 | INFO | epoch=021 train_batch=100/435 running_loss=0.114985
2026-08-19 20:04:16 | INFO | epoch=021 train_batch=110/435 running_loss=0.115523
2026-08-19 20:04:16 | INFO | epoch=021 train_batch=120/435 running_loss=0.115498
2026-08-19 20:04:17 | INFO | epoch=021 train_batch=130/435 running_loss=0.114881
2026-08-19 20:04:17 | INFO | epoch=021 train_batch=140/435 running_loss=0.114517
2026-08-19 20:04:17 | INFO | epoch=021 train_batch=150/435 running_loss=0.114303
2026-08-19 20:04:18 | INFO | epoch=021 train_batch=160/435 running_loss=0.114311
2026-08-19 20:04:18 | INFO | epoch=021 train_batch=170/435 running_loss=0.114239
2026-08-19 20:04:18 | INFO | epoch=021 train_batch=180/435 running_loss=0.114202
2026-08-19 20:04:19 | INFO | epoch=021 train_batch=190/435 running_loss=0.114851
2026-08-19 20:04:19 | INFO | epoch=021 train_batch=200/435 running_loss=0.114833
2026-08-19 20:04:19 | INFO | epoch=021 train_batch=210/435 running_loss=0.114800
2026-08-19 20:04:20 | INFO | epoch=021 train_batch=220/435 running_loss=0.115155
2026-08-19 20:04:20 | INFO | epoch=021 train_batch=230/435 running_loss=0.115231
2026-08-19 20:04:21 | INFO | epoch=021 train_batch=240/435 running_loss=0.115318
2026-08-19 20:04:21 | INFO | epoch=021 train_batch=250/435 running_loss=0.115765
2026-08-19 20:04:21 | INFO | epoch=021 train_batch=260/435 running_loss=0.115820
2026-08-19 20:04:22 | INFO | epoch=021 train_batch=270/435 running_loss=0.115822
2026-08-19 20:04:22 | INFO | epoch=021 train_batch=280/435 running_loss=0.115779
2026-08-19 20:04:22 | INFO | epoch=021 train_batch=290/435 running_loss=0.115842
2026-08-19 20:04:23 | INFO | epoch=021 train_batch=300/435 running_loss=0.115676
2026-08-19 20:04:23 | INFO | epoch=021 train_batch=310/435 running_loss=0.115693
2026-08-19 20:04:23 | INFO | epoch=021 train_batch=320/435 running_loss=0.115947
2026-08-19 20:04:24 | INFO | epoch=021 train_batch=330/435 running_loss=0.115641
2026-08-19 20:04:24 | INFO | epoch=021 train_batch=340/435 running_loss=0.115882
2026-08-19 20:04:24 | INFO | epoch=021 train_batch=350/435 running_loss=0.115786
2026-08-19 20:04:25 | INFO | epoch=021 train_batch=360/435 running_loss=0.115802
2026-08-19 20:04:25 | INFO | epoch=021 train_batch=370/435 running_loss=0.115786
2026-08-19 20:04:25 | INFO | epoch=021 train_batch=380/435 running_loss=0.115742
2026-08-19 20:04:26 | INFO | epoch=021 train_batch=390/435 running_loss=0.115495
2026-08-19 20:04:26 | INFO | epoch=021 train_batch=400/435 running_loss=0.115450
2026-08-19 20:04:26 | INFO | epoch=021 train_batch=410/435 running_loss=0.115411
2026-08-19 20:04:27 | INFO | epoch=021 train_batch=420/435 running_loss=0.115264
2026-08-19 20:04:27 | INFO | epoch=021 train_batch=430/435 running_loss=0.115179
2026-08-19 20:04:27 | INFO | epoch=021 train_batch=435/435 running_loss=0.115034
2026-08-19 20:04:27 | INFO | epoch=021 train_loss=0.115034 validation_loss=0.215490
2026-08-19 20:04:28 | INFO | epoch=022 train_batch=10/435 running_loss=0.107153
2026-08-19 20:04:28 | INFO | epoch=022 train_batch=20/435 running_loss=0.107221
2026-08-19 20:04:29 | INFO | epoch=022 train_batch=30/435 running_loss=0.109129
2026-08-19 20:04:29 | INFO | epoch=022 train_batch=40/435 running_loss=0.110771
2026-08-19 20:04:29 | INFO | epoch=022 train_batch=50/435 running_loss=0.113061
2026-08-19 20:04:30 | INFO | epoch=022 train_batch=60/435 running_loss=0.112459
2026-08-19 20:04:30 | INFO | epoch=022 train_batch=70/435 running_loss=0.113171
2026-08-19 20:04:30 | INFO | epoch=022 train_batch=80/435 running_loss=0.113166
2026-08-19 20:04:31 | INFO | epoch=022 train_batch=90/435 running_loss=0.113862
2026-08-19 20:04:31 | INFO | epoch=022 train_batch=100/435 running_loss=0.113651
2026-08-19 20:04:31 | INFO | epoch=022 train_batch=110/435 running_loss=0.113441
2026-08-19 20:04:32 | INFO | epoch=022 train_batch=120/435 running_loss=0.113311
2026-08-19 20:04:32 | INFO | epoch=022 train_batch=130/435 running_loss=0.113788
2026-08-19 20:04:32 | INFO | epoch=022 train_batch=140/435 running_loss=0.113941
2026-08-19 20:04:33 | INFO | epoch=022 train_batch=150/435 running_loss=0.114700
2026-08-19 20:04:33 | INFO | epoch=022 train_batch=160/435 running_loss=0.114865
2026-08-19 20:04:33 | INFO | epoch=022 train_batch=170/435 running_loss=0.114634
2026-08-19 20:04:34 | INFO | epoch=022 train_batch=180/435 running_loss=0.114887
2026-08-19 20:04:34 | INFO | epoch=022 train_batch=190/435 running_loss=0.114590
2026-08-19 20:04:34 | INFO | epoch=022 train_batch=200/435 running_loss=0.114459
2026-08-19 20:04:35 | INFO | epoch=022 train_batch=210/435 running_loss=0.114428
2026-08-19 20:04:35 | INFO | epoch=022 train_batch=220/435 running_loss=0.114572
2026-08-19 20:04:35 | INFO | epoch=022 train_batch=230/435 running_loss=0.114602
2026-08-19 20:04:36 | INFO | epoch=022 train_batch=240/435 running_loss=0.114752
2026-08-19 20:04:36 | INFO | epoch=022 train_batch=250/435 running_loss=0.114888
2026-08-19 20:04:37 | INFO | epoch=022 train_batch=260/435 running_loss=0.114623
2026-08-19 20:04:37 | INFO | epoch=022 train_batch=270/435 running_loss=0.114843
2026-08-19 20:04:37 | INFO | epoch=022 train_batch=280/435 running_loss=0.114650
2026-08-19 20:04:38 | INFO | epoch=022 train_batch=290/435 running_loss=0.114610
2026-08-19 20:04:38 | INFO | epoch=022 train_batch=300/435 running_loss=0.114710
2026-08-19 20:04:38 | INFO | epoch=022 train_batch=310/435 running_loss=0.114462
2026-08-19 20:04:39 | INFO | epoch=022 train_batch=320/435 running_loss=0.114234
2026-08-19 20:04:39 | INFO | epoch=022 train_batch=330/435 running_loss=0.114136
2026-08-19 20:04:39 | INFO | epoch=022 train_batch=340/435 running_loss=0.114109
2026-08-19 20:04:40 | INFO | epoch=022 train_batch=350/435 running_loss=0.114044
2026-08-19 20:04:40 | INFO | epoch=022 train_batch=360/435 running_loss=0.114125
2026-08-19 20:04:40 | INFO | epoch=022 train_batch=370/435 running_loss=0.114148
2026-08-19 20:04:41 | INFO | epoch=022 train_batch=380/435 running_loss=0.114173
2026-08-19 20:04:41 | INFO | epoch=022 train_batch=390/435 running_loss=0.114274
2026-08-19 20:04:42 | INFO | epoch=022 train_batch=400/435 running_loss=0.114348
2026-08-19 20:04:42 | INFO | epoch=022 train_batch=410/435 running_loss=0.114300
2026-08-19 20:04:42 | INFO | epoch=022 train_batch=420/435 running_loss=0.114335
2026-08-19 20:04:43 | INFO | epoch=022 train_batch=430/435 running_loss=0.114197
2026-08-19 20:04:43 | INFO | epoch=022 train_batch=435/435 running_loss=0.114220
2026-08-19 20:04:43 | INFO | epoch=022 train_loss=0.114220 validation_loss=0.216722
2026-08-19 20:04:43 | INFO | epoch=023 train_batch=10/435 running_loss=0.112322
2026-08-19 20:04:44 | INFO | epoch=023 train_batch=20/435 running_loss=0.110835
2026-08-19 20:04:44 | INFO | epoch=023 train_batch=30/435 running_loss=0.112367
2026-08-19 20:04:45 | INFO | epoch=023 train_batch=40/435 running_loss=0.111672
2026-08-19 20:04:45 | INFO | epoch=023 train_batch=50/435 running_loss=0.113866
2026-08-19 20:04:45 | INFO | epoch=023 train_batch=60/435 running_loss=0.111945
2026-08-19 20:04:46 | INFO | epoch=023 train_batch=70/435 running_loss=0.112849
2026-08-19 20:04:46 | INFO | epoch=023 train_batch=80/435 running_loss=0.111913
2026-08-19 20:04:46 | INFO | epoch=023 train_batch=90/435 running_loss=0.111511
2026-08-19 20:04:47 | INFO | epoch=023 train_batch=100/435 running_loss=0.111537
2026-08-19 20:04:47 | INFO | epoch=023 train_batch=110/435 running_loss=0.110895
2026-08-19 20:04:47 | INFO | epoch=023 train_batch=120/435 running_loss=0.110822
2026-08-19 20:04:48 | INFO | epoch=023 train_batch=130/435 running_loss=0.111162
2026-08-19 20:04:48 | INFO | epoch=023 train_batch=140/435 running_loss=0.111298
2026-08-19 20:04:49 | INFO | epoch=023 train_batch=150/435 running_loss=0.111492
2026-08-19 20:04:49 | INFO | epoch=023 train_batch=160/435 running_loss=0.111958
2026-08-19 20:04:49 | INFO | epoch=023 train_batch=170/435 running_loss=0.112140
2026-08-19 20:04:50 | INFO | epoch=023 train_batch=180/435 running_loss=0.112815
2026-08-19 20:04:50 | INFO | epoch=023 train_batch=190/435 running_loss=0.112916
2026-08-19 20:04:50 | INFO | epoch=023 train_batch=200/435 running_loss=0.112822
2026-08-19 20:04:51 | INFO | epoch=023 train_batch=210/435 running_loss=0.112637
2026-08-19 20:04:51 | INFO | epoch=023 train_batch=220/435 running_loss=0.112350
2026-08-19 20:04:51 | INFO | epoch=023 train_batch=230/435 running_loss=0.112392
2026-08-19 20:04:52 | INFO | epoch=023 train_batch=240/435 running_loss=0.112645
2026-08-19 20:04:52 | INFO | epoch=023 train_batch=250/435 running_loss=0.112541
2026-08-19 20:04:52 | INFO | epoch=023 train_batch=260/435 running_loss=0.112631
2026-08-19 20:04:53 | INFO | epoch=023 train_batch=270/435 running_loss=0.112616
2026-08-19 20:04:53 | INFO | epoch=023 train_batch=280/435 running_loss=0.112575
2026-08-19 20:04:54 | INFO | epoch=023 train_batch=290/435 running_loss=0.112458
2026-08-19 20:04:54 | INFO | epoch=023 train_batch=300/435 running_loss=0.112755
2026-08-19 20:04:54 | INFO | epoch=023 train_batch=310/435 running_loss=0.112822
2026-08-19 20:04:55 | INFO | epoch=023 train_batch=320/435 running_loss=0.112946
2026-08-19 20:04:55 | INFO | epoch=023 train_batch=330/435 running_loss=0.112738
2026-08-19 20:04:55 | INFO | epoch=023 train_batch=340/435 running_loss=0.112766
2026-08-19 20:04:56 | INFO | epoch=023 train_batch=350/435 running_loss=0.112882
2026-08-19 20:04:56 | INFO | epoch=023 train_batch=360/435 running_loss=0.113035
2026-08-19 20:04:56 | INFO | epoch=023 train_batch=370/435 running_loss=0.113191
2026-08-19 20:04:57 | INFO | epoch=023 train_batch=380/435 running_loss=0.113220
2026-08-19 20:04:57 | INFO | epoch=023 train_batch=390/435 running_loss=0.113380
2026-08-19 20:04:57 | INFO | epoch=023 train_batch=400/435 running_loss=0.113515
2026-08-19 20:04:58 | INFO | epoch=023 train_batch=410/435 running_loss=0.113619
2026-08-19 20:04:58 | INFO | epoch=023 train_batch=420/435 running_loss=0.113614
2026-08-19 20:04:59 | INFO | epoch=023 train_batch=430/435 running_loss=0.113547
2026-08-19 20:04:59 | INFO | epoch=023 train_batch=435/435 running_loss=0.113456
2026-08-19 20:04:59 | INFO | epoch=023 train_loss=0.113456 validation_loss=0.212924
2026-08-19 20:04:59 | INFO | epoch=023 saved new best.pt
2026-08-19 20:04:59 | INFO | epoch=024 train_batch=10/435 running_loss=0.117597
2026-08-19 20:05:00 | INFO | epoch=024 train_batch=20/435 running_loss=0.113303
2026-08-19 20:05:00 | INFO | epoch=024 train_batch=30/435 running_loss=0.112543
2026-08-19 20:05:01 | INFO | epoch=024 train_batch=40/435 running_loss=0.111740
2026-08-19 20:05:01 | INFO | epoch=024 train_batch=50/435 running_loss=0.110569
2026-08-19 20:05:01 | INFO | epoch=024 train_batch=60/435 running_loss=0.108386
2026-08-19 20:05:02 | INFO | epoch=024 train_batch=70/435 running_loss=0.109725
2026-08-19 20:05:02 | INFO | epoch=024 train_batch=80/435 running_loss=0.110561
2026-08-19 20:05:02 | INFO | epoch=024 train_batch=90/435 running_loss=0.110623
2026-08-19 20:05:03 | INFO | epoch=024 train_batch=100/435 running_loss=0.109996
2026-08-19 20:05:03 | INFO | epoch=024 train_batch=110/435 running_loss=0.109430
2026-08-19 20:05:03 | INFO | epoch=024 train_batch=120/435 running_loss=0.109126
2026-08-19 20:05:04 | INFO | epoch=024 train_batch=130/435 running_loss=0.109105
2026-08-19 20:05:04 | INFO | epoch=024 train_batch=140/435 running_loss=0.109685
2026-08-19 20:05:05 | INFO | epoch=024 train_batch=150/435 running_loss=0.109986
2026-08-19 20:05:05 | INFO | epoch=024 train_batch=160/435 running_loss=0.110521
2026-08-19 20:05:05 | INFO | epoch=024 train_batch=170/435 running_loss=0.110162
2026-08-19 20:05:06 | INFO | epoch=024 train_batch=180/435 running_loss=0.110001
2026-08-19 20:05:06 | INFO | epoch=024 train_batch=190/435 running_loss=0.109635
2026-08-19 20:05:06 | INFO | epoch=024 train_batch=200/435 running_loss=0.109848
2026-08-19 20:05:07 | INFO | epoch=024 train_batch=210/435 running_loss=0.109806
2026-08-19 20:05:07 | INFO | epoch=024 train_batch=220/435 running_loss=0.109750
2026-08-19 20:05:07 | INFO | epoch=024 train_batch=230/435 running_loss=0.110094
2026-08-19 20:05:08 | INFO | epoch=024 train_batch=240/435 running_loss=0.110008
2026-08-19 20:05:08 | INFO | epoch=024 train_batch=250/435 running_loss=0.109889
2026-08-19 20:05:08 | INFO | epoch=024 train_batch=260/435 running_loss=0.110136
2026-08-19 20:05:09 | INFO | epoch=024 train_batch=270/435 running_loss=0.110201
2026-08-19 20:05:09 | INFO | epoch=024 train_batch=280/435 running_loss=0.110052
2026-08-19 20:05:10 | INFO | epoch=024 train_batch=290/435 running_loss=0.110096
2026-08-19 20:05:10 | INFO | epoch=024 train_batch=300/435 running_loss=0.110382
2026-08-19 20:05:10 | INFO | epoch=024 train_batch=310/435 running_loss=0.110345
2026-08-19 20:05:11 | INFO | epoch=024 train_batch=320/435 running_loss=0.110556
2026-08-19 20:05:11 | INFO | epoch=024 train_batch=330/435 running_loss=0.110694
2026-08-19 20:05:11 | INFO | epoch=024 train_batch=340/435 running_loss=0.110678
2026-08-19 20:05:12 | INFO | epoch=024 train_batch=350/435 running_loss=0.110663
2026-08-19 20:05:12 | INFO | epoch=024 train_batch=360/435 running_loss=0.110908
2026-08-19 20:05:12 | INFO | epoch=024 train_batch=370/435 running_loss=0.110888
2026-08-19 20:05:13 | INFO | epoch=024 train_batch=380/435 running_loss=0.110865
2026-08-19 20:05:13 | INFO | epoch=024 train_batch=390/435 running_loss=0.110928
2026-08-19 20:05:14 | INFO | epoch=024 train_batch=400/435 running_loss=0.110883
2026-08-19 20:05:14 | INFO | epoch=024 train_batch=410/435 running_loss=0.110899
2026-08-19 20:05:14 | INFO | epoch=024 train_batch=420/435 running_loss=0.110706
2026-08-19 20:05:15 | INFO | epoch=024 train_batch=430/435 running_loss=0.110510
2026-08-19 20:05:15 | INFO | epoch=024 train_batch=435/435 running_loss=0.110537
2026-08-19 20:05:15 | INFO | epoch=024 train_loss=0.110537 validation_loss=0.212736
2026-08-19 20:05:15 | INFO | epoch=024 saved new best.pt
2026-08-19 20:05:16 | INFO | epoch=025 train_batch=10/435 running_loss=0.117075
2026-08-19 20:05:16 | INFO | epoch=025 train_batch=20/435 running_loss=0.110399
2026-08-19 20:05:16 | INFO | epoch=025 train_batch=30/435 running_loss=0.110899
2026-08-19 20:05:17 | INFO | epoch=025 train_batch=40/435 running_loss=0.110792
2026-08-19 20:05:17 | INFO | epoch=025 train_batch=50/435 running_loss=0.110213
2026-08-19 20:05:17 | INFO | epoch=025 train_batch=60/435 running_loss=0.109971
2026-08-19 20:05:18 | INFO | epoch=025 train_batch=70/435 running_loss=0.108852
2026-08-19 20:05:18 | INFO | epoch=025 train_batch=80/435 running_loss=0.107483
2026-08-19 20:05:18 | INFO | epoch=025 train_batch=90/435 running_loss=0.108002
2026-08-19 20:05:19 | INFO | epoch=025 train_batch=100/435 running_loss=0.107687
2026-08-19 20:05:19 | INFO | epoch=025 train_batch=110/435 running_loss=0.107558
2026-08-19 20:05:19 | INFO | epoch=025 train_batch=120/435 running_loss=0.107766
2026-08-19 20:05:20 | INFO | epoch=025 train_batch=130/435 running_loss=0.107907
2026-08-19 20:05:20 | INFO | epoch=025 train_batch=140/435 running_loss=0.107478
2026-08-19 20:05:21 | INFO | epoch=025 train_batch=150/435 running_loss=0.108124
2026-08-19 20:05:21 | INFO | epoch=025 train_batch=160/435 running_loss=0.107879
2026-08-19 20:05:21 | INFO | epoch=025 train_batch=170/435 running_loss=0.107272
2026-08-19 20:05:22 | INFO | epoch=025 train_batch=180/435 running_loss=0.108036
2026-08-19 20:05:22 | INFO | epoch=025 train_batch=190/435 running_loss=0.107932
2026-08-19 20:05:22 | INFO | epoch=025 train_batch=200/435 running_loss=0.107933
2026-08-19 20:05:23 | INFO | epoch=025 train_batch=210/435 running_loss=0.108133
2026-08-19 20:05:23 | INFO | epoch=025 train_batch=220/435 running_loss=0.107901
2026-08-19 20:05:23 | INFO | epoch=025 train_batch=230/435 running_loss=0.108103
2026-08-19 20:05:24 | INFO | epoch=025 train_batch=240/435 running_loss=0.108136
2026-08-19 20:05:24 | INFO | epoch=025 train_batch=250/435 running_loss=0.108284
2026-08-19 20:05:25 | INFO | epoch=025 train_batch=260/435 running_loss=0.108248
2026-08-19 20:05:25 | INFO | epoch=025 train_batch=270/435 running_loss=0.108011
2026-08-19 20:05:25 | INFO | epoch=025 train_batch=280/435 running_loss=0.108061
2026-08-19 20:05:26 | INFO | epoch=025 train_batch=290/435 running_loss=0.108152
2026-08-19 20:05:26 | INFO | epoch=025 train_batch=300/435 running_loss=0.108232
2026-08-19 20:05:26 | INFO | epoch=025 train_batch=310/435 running_loss=0.108509
2026-08-19 20:05:27 | INFO | epoch=025 train_batch=320/435 running_loss=0.108348
2026-08-19 20:05:27 | INFO | epoch=025 train_batch=330/435 running_loss=0.108480
2026-08-19 20:05:27 | INFO | epoch=025 train_batch=340/435 running_loss=0.108639
2026-08-19 20:05:28 | INFO | epoch=025 train_batch=350/435 running_loss=0.108696
2026-08-19 20:05:28 | INFO | epoch=025 train_batch=360/435 running_loss=0.108688
2026-08-19 20:05:28 | INFO | epoch=025 train_batch=370/435 running_loss=0.108720
2026-08-19 20:05:29 | INFO | epoch=025 train_batch=380/435 running_loss=0.108788
2026-08-19 20:05:29 | INFO | epoch=025 train_batch=390/435 running_loss=0.108832
2026-08-19 20:05:30 | INFO | epoch=025 train_batch=400/435 running_loss=0.108900
2026-08-19 20:05:30 | INFO | epoch=025 train_batch=410/435 running_loss=0.108778
2026-08-19 20:05:30 | INFO | epoch=025 train_batch=420/435 running_loss=0.108643
2026-08-19 20:05:31 | INFO | epoch=025 train_batch=430/435 running_loss=0.108621
2026-08-19 20:05:31 | INFO | epoch=025 train_batch=435/435 running_loss=0.108509
2026-08-19 20:05:31 | INFO | epoch=025 train_loss=0.108509 validation_loss=0.203375
2026-08-19 20:05:31 | INFO | epoch=025 saved new best.pt
2026-08-19 20:05:32 | INFO | epoch=026 train_batch=10/435 running_loss=0.114206
2026-08-19 20:05:32 | INFO | epoch=026 train_batch=20/435 running_loss=0.108585
2026-08-19 20:05:32 | INFO | epoch=026 train_batch=30/435 running_loss=0.106766
2026-08-19 20:05:33 | INFO | epoch=026 train_batch=40/435 running_loss=0.105884
2026-08-19 20:05:33 | INFO | epoch=026 train_batch=50/435 running_loss=0.106481
2026-08-19 20:05:33 | INFO | epoch=026 train_batch=60/435 running_loss=0.107114
2026-08-19 20:05:34 | INFO | epoch=026 train_batch=70/435 running_loss=0.106914
2026-08-19 20:05:34 | INFO | epoch=026 train_batch=80/435 running_loss=0.106517
2026-08-19 20:05:34 | INFO | epoch=026 train_batch=90/435 running_loss=0.106324
2026-08-19 20:05:35 | INFO | epoch=026 train_batch=100/435 running_loss=0.106686
2026-08-19 20:05:35 | INFO | epoch=026 train_batch=110/435 running_loss=0.106029
2026-08-19 20:05:35 | INFO | epoch=026 train_batch=120/435 running_loss=0.106292
2026-08-19 20:05:36 | INFO | epoch=026 train_batch=130/435 running_loss=0.106393
2026-08-19 20:05:36 | INFO | epoch=026 train_batch=140/435 running_loss=0.106139
2026-08-19 20:05:37 | INFO | epoch=026 train_batch=150/435 running_loss=0.106194
2026-08-19 20:05:37 | INFO | epoch=026 train_batch=160/435 running_loss=0.107038
2026-08-19 20:05:37 | INFO | epoch=026 train_batch=170/435 running_loss=0.107014
2026-08-19 20:05:38 | INFO | epoch=026 train_batch=180/435 running_loss=0.107186
2026-08-19 20:05:38 | INFO | epoch=026 train_batch=190/435 running_loss=0.107569
2026-08-19 20:05:38 | INFO | epoch=026 train_batch=200/435 running_loss=0.107993
2026-08-19 20:05:39 | INFO | epoch=026 train_batch=210/435 running_loss=0.107742
2026-08-19 20:05:39 | INFO | epoch=026 train_batch=220/435 running_loss=0.108194
2026-08-19 20:05:39 | INFO | epoch=026 train_batch=230/435 running_loss=0.108447
2026-08-19 20:05:40 | INFO | epoch=026 train_batch=240/435 running_loss=0.108455
2026-08-19 20:05:40 | INFO | epoch=026 train_batch=250/435 running_loss=0.108615
2026-08-19 20:05:41 | INFO | epoch=026 train_batch=260/435 running_loss=0.108491
2026-08-19 20:05:41 | INFO | epoch=026 train_batch=270/435 running_loss=0.108554
2026-08-19 20:05:41 | INFO | epoch=026 train_batch=280/435 running_loss=0.108067
2026-08-19 20:05:42 | INFO | epoch=026 train_batch=290/435 running_loss=0.108265
2026-08-19 20:05:42 | INFO | epoch=026 train_batch=300/435 running_loss=0.108260
2026-08-19 20:05:42 | INFO | epoch=026 train_batch=310/435 running_loss=0.108039
2026-08-19 20:05:43 | INFO | epoch=026 train_batch=320/435 running_loss=0.108268
2026-08-19 20:05:43 | INFO | epoch=026 train_batch=330/435 running_loss=0.107995
2026-08-19 20:05:43 | INFO | epoch=026 train_batch=340/435 running_loss=0.107999
2026-08-19 20:05:44 | INFO | epoch=026 train_batch=350/435 running_loss=0.108451
2026-08-19 20:05:44 | INFO | epoch=026 train_batch=360/435 running_loss=0.108594
2026-08-19 20:05:44 | INFO | epoch=026 train_batch=370/435 running_loss=0.108608
2026-08-19 20:05:45 | INFO | epoch=026 train_batch=380/435 running_loss=0.108722
2026-08-19 20:05:45 | INFO | epoch=026 train_batch=390/435 running_loss=0.108666
2026-08-19 20:05:46 | INFO | epoch=026 train_batch=400/435 running_loss=0.108936
2026-08-19 20:05:46 | INFO | epoch=026 train_batch=410/435 running_loss=0.108881
2026-08-19 20:05:46 | INFO | epoch=026 train_batch=420/435 running_loss=0.108981
2026-08-19 20:05:47 | INFO | epoch=026 train_batch=430/435 running_loss=0.109029
2026-08-19 20:05:47 | INFO | epoch=026 train_batch=435/435 running_loss=0.108970
2026-08-19 20:05:47 | INFO | epoch=026 train_loss=0.108970 validation_loss=0.210281
2026-08-19 20:05:47 | INFO | epoch=027 train_batch=10/435 running_loss=0.104127
2026-08-19 20:05:48 | INFO | epoch=027 train_batch=20/435 running_loss=0.112498
2026-08-19 20:05:48 | INFO | epoch=027 train_batch=30/435 running_loss=0.113984
2026-08-19 20:05:49 | INFO | epoch=027 train_batch=40/435 running_loss=0.113139
2026-08-19 20:05:49 | INFO | epoch=027 train_batch=50/435 running_loss=0.112754
2026-08-19 20:05:49 | INFO | epoch=027 train_batch=60/435 running_loss=0.113399
2026-08-19 20:05:50 | INFO | epoch=027 train_batch=70/435 running_loss=0.113266
2026-08-19 20:05:50 | INFO | epoch=027 train_batch=80/435 running_loss=0.113138
2026-08-19 20:05:50 | INFO | epoch=027 train_batch=90/435 running_loss=0.111537
2026-08-19 20:05:51 | INFO | epoch=027 train_batch=100/435 running_loss=0.111001
2026-08-19 20:05:51 | INFO | epoch=027 train_batch=110/435 running_loss=0.110869
2026-08-19 20:05:51 | INFO | epoch=027 train_batch=120/435 running_loss=0.110440
2026-08-19 20:05:52 | INFO | epoch=027 train_batch=130/435 running_loss=0.110182
2026-08-19 20:05:52 | INFO | epoch=027 train_batch=140/435 running_loss=0.109879
2026-08-19 20:05:52 | INFO | epoch=027 train_batch=150/435 running_loss=0.109992
2026-08-19 20:05:53 | INFO | epoch=027 train_batch=160/435 running_loss=0.109946
2026-08-19 20:05:53 | INFO | epoch=027 train_batch=170/435 running_loss=0.110217
2026-08-19 20:05:54 | INFO | epoch=027 train_batch=180/435 running_loss=0.110511
2026-08-19 20:05:54 | INFO | epoch=027 train_batch=190/435 running_loss=0.110398
2026-08-19 20:05:54 | INFO | epoch=027 train_batch=200/435 running_loss=0.110410
2026-08-19 20:05:55 | INFO | epoch=027 train_batch=210/435 running_loss=0.109886
2026-08-19 20:05:55 | INFO | epoch=027 train_batch=220/435 running_loss=0.109661
2026-08-19 20:05:55 | INFO | epoch=027 train_batch=230/435 running_loss=0.109953
2026-08-19 20:05:56 | INFO | epoch=027 train_batch=240/435 running_loss=0.109988
2026-08-19 20:05:56 | INFO | epoch=027 train_batch=250/435 running_loss=0.109943
2026-08-19 20:05:56 | INFO | epoch=027 train_batch=260/435 running_loss=0.109954
2026-08-19 20:05:57 | INFO | epoch=027 train_batch=270/435 running_loss=0.109876
2026-08-19 20:05:57 | INFO | epoch=027 train_batch=280/435 running_loss=0.109741
2026-08-19 20:05:57 | INFO | epoch=027 train_batch=290/435 running_loss=0.109680
2026-08-19 20:05:58 | INFO | epoch=027 train_batch=300/435 running_loss=0.109900
2026-08-19 20:05:58 | INFO | epoch=027 train_batch=310/435 running_loss=0.109985
2026-08-19 20:05:58 | INFO | epoch=027 train_batch=320/435 running_loss=0.109730
2026-08-19 20:05:59 | INFO | epoch=027 train_batch=330/435 running_loss=0.109624
2026-08-19 20:05:59 | INFO | epoch=027 train_batch=340/435 running_loss=0.109816
2026-08-19 20:06:00 | INFO | epoch=027 train_batch=350/435 running_loss=0.109648
2026-08-19 20:06:00 | INFO | epoch=027 train_batch=360/435 running_loss=0.109366
2026-08-19 20:06:00 | INFO | epoch=027 train_batch=370/435 running_loss=0.109238
2026-08-19 20:06:01 | INFO | epoch=027 train_batch=380/435 running_loss=0.109079
2026-08-19 20:06:01 | INFO | epoch=027 train_batch=390/435 running_loss=0.109160
2026-08-19 20:06:01 | INFO | epoch=027 train_batch=400/435 running_loss=0.109314
2026-08-19 20:06:02 | INFO | epoch=027 train_batch=410/435 running_loss=0.109354
2026-08-19 20:06:02 | INFO | epoch=027 train_batch=420/435 running_loss=0.109522
2026-08-19 20:06:02 | INFO | epoch=027 train_batch=430/435 running_loss=0.109449
2026-08-19 20:06:03 | INFO | epoch=027 train_batch=435/435 running_loss=0.109303
2026-08-19 20:06:03 | INFO | epoch=027 train_loss=0.109303 validation_loss=0.207396
2026-08-19 20:06:03 | INFO | epoch=028 train_batch=10/435 running_loss=0.113276
2026-08-19 20:06:04 | INFO | epoch=028 train_batch=20/435 running_loss=0.109859
2026-08-19 20:06:04 | INFO | epoch=028 train_batch=30/435 running_loss=0.109983
2026-08-19 20:06:04 | INFO | epoch=028 train_batch=40/435 running_loss=0.110158
2026-08-19 20:06:05 | INFO | epoch=028 train_batch=50/435 running_loss=0.110289
2026-08-19 20:06:05 | INFO | epoch=028 train_batch=60/435 running_loss=0.109833
2026-08-19 20:06:05 | INFO | epoch=028 train_batch=70/435 running_loss=0.109455
2026-08-19 20:06:06 | INFO | epoch=028 train_batch=80/435 running_loss=0.109146
2026-08-19 20:06:06 | INFO | epoch=028 train_batch=90/435 running_loss=0.108182
2026-08-19 20:06:07 | INFO | epoch=028 train_batch=100/435 running_loss=0.107485
2026-08-19 20:06:07 | INFO | epoch=028 train_batch=110/435 running_loss=0.107287
2026-08-19 20:06:07 | INFO | epoch=028 train_batch=120/435 running_loss=0.107127
2026-08-19 20:06:08 | INFO | epoch=028 train_batch=130/435 running_loss=0.107497
2026-08-19 20:06:08 | INFO | epoch=028 train_batch=140/435 running_loss=0.107308
2026-08-19 20:06:08 | INFO | epoch=028 train_batch=150/435 running_loss=0.107081
2026-08-19 20:06:09 | INFO | epoch=028 train_batch=160/435 running_loss=0.107121
2026-08-19 20:06:09 | INFO | epoch=028 train_batch=170/435 running_loss=0.106491
2026-08-19 20:06:09 | INFO | epoch=028 train_batch=180/435 running_loss=0.106337
2026-08-19 20:06:10 | INFO | epoch=028 train_batch=190/435 running_loss=0.105954
2026-08-19 20:06:10 | INFO | epoch=028 train_batch=200/435 running_loss=0.105747
2026-08-19 20:06:11 | INFO | epoch=028 train_batch=210/435 running_loss=0.105983
2026-08-19 20:06:11 | INFO | epoch=028 train_batch=220/435 running_loss=0.106315
2026-08-19 20:06:11 | INFO | epoch=028 train_batch=230/435 running_loss=0.106618
2026-08-19 20:06:12 | INFO | epoch=028 train_batch=240/435 running_loss=0.106513
2026-08-19 20:06:12 | INFO | epoch=028 train_batch=250/435 running_loss=0.106693
2026-08-19 20:06:12 | INFO | epoch=028 train_batch=260/435 running_loss=0.106773
2026-08-19 20:06:13 | INFO | epoch=028 train_batch=270/435 running_loss=0.106778
2026-08-19 20:06:13 | INFO | epoch=028 train_batch=280/435 running_loss=0.106867
2026-08-19 20:06:13 | INFO | epoch=028 train_batch=290/435 running_loss=0.107002
2026-08-19 20:06:14 | INFO | epoch=028 train_batch=300/435 running_loss=0.107280
2026-08-19 20:06:14 | INFO | epoch=028 train_batch=310/435 running_loss=0.107433
2026-08-19 20:06:14 | INFO | epoch=028 train_batch=320/435 running_loss=0.107466
2026-08-19 20:06:15 | INFO | epoch=028 train_batch=330/435 running_loss=0.107632
2026-08-19 20:06:15 | INFO | epoch=028 train_batch=340/435 running_loss=0.107700
2026-08-19 20:06:16 | INFO | epoch=028 train_batch=350/435 running_loss=0.107623
2026-08-19 20:06:16 | INFO | epoch=028 train_batch=360/435 running_loss=0.107744
2026-08-19 20:06:16 | INFO | epoch=028 train_batch=370/435 running_loss=0.107930
2026-08-19 20:06:17 | INFO | epoch=028 train_batch=380/435 running_loss=0.107902
2026-08-19 20:06:17 | INFO | epoch=028 train_batch=390/435 running_loss=0.107842
2026-08-19 20:06:17 | INFO | epoch=028 train_batch=400/435 running_loss=0.107734
2026-08-19 20:06:18 | INFO | epoch=028 train_batch=410/435 running_loss=0.107696
2026-08-19 20:06:18 | INFO | epoch=028 train_batch=420/435 running_loss=0.107744
2026-08-19 20:06:18 | INFO | epoch=028 train_batch=430/435 running_loss=0.107934
2026-08-19 20:06:19 | INFO | epoch=028 train_batch=435/435 running_loss=0.107783
2026-08-19 20:06:19 | INFO | epoch=028 train_loss=0.107783 validation_loss=0.205950
2026-08-19 20:06:19 | INFO | epoch=029 train_batch=10/435 running_loss=0.107117
2026-08-19 20:06:20 | INFO | epoch=029 train_batch=20/435 running_loss=0.106703
2026-08-19 20:06:20 | INFO | epoch=029 train_batch=30/435 running_loss=0.104116
2026-08-19 20:06:20 | INFO | epoch=029 train_batch=40/435 running_loss=0.102385
2026-08-19 20:06:21 | INFO | epoch=029 train_batch=50/435 running_loss=0.102345
2026-08-19 20:06:21 | INFO | epoch=029 train_batch=60/435 running_loss=0.102479
2026-08-19 20:06:21 | INFO | epoch=029 train_batch=70/435 running_loss=0.102852
2026-08-19 20:06:22 | INFO | epoch=029 train_batch=80/435 running_loss=0.103150
2026-08-19 20:06:22 | INFO | epoch=029 train_batch=90/435 running_loss=0.102891
2026-08-19 20:06:22 | INFO | epoch=029 train_batch=100/435 running_loss=0.103885
2026-08-19 20:06:23 | INFO | epoch=029 train_batch=110/435 running_loss=0.103924
2026-08-19 20:06:23 | INFO | epoch=029 train_batch=120/435 running_loss=0.103650
2026-08-19 20:06:23 | INFO | epoch=029 train_batch=130/435 running_loss=0.104022
2026-08-19 20:06:24 | INFO | epoch=029 train_batch=140/435 running_loss=0.103990
2026-08-19 20:06:24 | INFO | epoch=029 train_batch=150/435 running_loss=0.104208
2026-08-19 20:06:24 | INFO | epoch=029 train_batch=160/435 running_loss=0.104296
2026-08-19 20:06:25 | INFO | epoch=029 train_batch=170/435 running_loss=0.104094
2026-08-19 20:06:25 | INFO | epoch=029 train_batch=180/435 running_loss=0.103847
2026-08-19 20:06:25 | INFO | epoch=029 train_batch=190/435 running_loss=0.103597
2026-08-19 20:06:26 | INFO | epoch=029 train_batch=200/435 running_loss=0.103578
2026-08-19 20:06:26 | INFO | epoch=029 train_batch=210/435 running_loss=0.103741
2026-08-19 20:06:26 | INFO | epoch=029 train_batch=220/435 running_loss=0.103646
2026-08-19 20:06:27 | INFO | epoch=029 train_batch=230/435 running_loss=0.103332
2026-08-19 20:06:27 | INFO | epoch=029 train_batch=240/435 running_loss=0.103397
2026-08-19 20:06:27 | INFO | epoch=029 train_batch=250/435 running_loss=0.103840
2026-08-19 20:06:28 | INFO | epoch=029 train_batch=260/435 running_loss=0.104095
2026-08-19 20:06:28 | INFO | epoch=029 train_batch=270/435 running_loss=0.104175
2026-08-19 20:06:28 | INFO | epoch=029 train_batch=280/435 running_loss=0.104430
2026-08-19 20:06:29 | INFO | epoch=029 train_batch=290/435 running_loss=0.104459
2026-08-19 20:06:29 | INFO | epoch=029 train_batch=300/435 running_loss=0.104589
2026-08-19 20:06:29 | INFO | epoch=029 train_batch=310/435 running_loss=0.104906
2026-08-19 20:06:30 | INFO | epoch=029 train_batch=320/435 running_loss=0.104818
2026-08-19 20:06:30 | INFO | epoch=029 train_batch=330/435 running_loss=0.104706
2026-08-19 20:06:30 | INFO | epoch=029 train_batch=340/435 running_loss=0.104897
2026-08-19 20:06:31 | INFO | epoch=029 train_batch=350/435 running_loss=0.105010
2026-08-19 20:06:31 | INFO | epoch=029 train_batch=360/435 running_loss=0.104873
2026-08-19 20:06:31 | INFO | epoch=029 train_batch=370/435 running_loss=0.104947
2026-08-19 20:06:32 | INFO | epoch=029 train_batch=380/435 running_loss=0.104742
2026-08-19 20:06:32 | INFO | epoch=029 train_batch=390/435 running_loss=0.104960
2026-08-19 20:06:32 | INFO | epoch=029 train_batch=400/435 running_loss=0.104694
2026-08-19 20:06:33 | INFO | epoch=029 train_batch=410/435 running_loss=0.104769
2026-08-19 20:06:33 | INFO | epoch=029 train_batch=420/435 running_loss=0.104662
2026-08-19 20:06:33 | INFO | epoch=029 train_batch=430/435 running_loss=0.104792
2026-08-19 20:06:33 | INFO | epoch=029 train_batch=435/435 running_loss=0.104845
2026-08-19 20:06:34 | INFO | epoch=029 train_loss=0.104845 validation_loss=0.209327
2026-08-19 20:06:34 | INFO | epoch=030 train_batch=10/435 running_loss=0.110699
2026-08-19 20:06:34 | INFO | epoch=030 train_batch=20/435 running_loss=0.107365
2026-08-19 20:06:35 | INFO | epoch=030 train_batch=30/435 running_loss=0.105771
2026-08-19 20:06:35 | INFO | epoch=030 train_batch=40/435 running_loss=0.105267
2026-08-19 20:06:35 | INFO | epoch=030 train_batch=50/435 running_loss=0.104371
2026-08-19 20:06:36 | INFO | epoch=030 train_batch=60/435 running_loss=0.104672
2026-08-19 20:06:36 | INFO | epoch=030 train_batch=70/435 running_loss=0.104185
2026-08-19 20:06:36 | INFO | epoch=030 train_batch=80/435 running_loss=0.105083
2026-08-19 20:06:37 | INFO | epoch=030 train_batch=90/435 running_loss=0.104142
2026-08-19 20:06:37 | INFO | epoch=030 train_batch=100/435 running_loss=0.104472
2026-08-19 20:06:37 | INFO | epoch=030 train_batch=110/435 running_loss=0.104494
2026-08-19 20:06:38 | INFO | epoch=030 train_batch=120/435 running_loss=0.104373
2026-08-19 20:06:38 | INFO | epoch=030 train_batch=130/435 running_loss=0.104277
2026-08-19 20:06:38 | INFO | epoch=030 train_batch=140/435 running_loss=0.103525
2026-08-19 20:06:39 | INFO | epoch=030 train_batch=150/435 running_loss=0.103553
2026-08-19 20:06:39 | INFO | epoch=030 train_batch=160/435 running_loss=0.103723
2026-08-19 20:06:39 | INFO | epoch=030 train_batch=170/435 running_loss=0.103138
2026-08-19 20:06:40 | INFO | epoch=030 train_batch=180/435 running_loss=0.103427
2026-08-19 20:06:40 | INFO | epoch=030 train_batch=190/435 running_loss=0.103389
2026-08-19 20:06:40 | INFO | epoch=030 train_batch=200/435 running_loss=0.102929
2026-08-19 20:06:41 | INFO | epoch=030 train_batch=210/435 running_loss=0.102967
2026-08-19 20:06:41 | INFO | epoch=030 train_batch=220/435 running_loss=0.103274
2026-08-19 20:06:41 | INFO | epoch=030 train_batch=230/435 running_loss=0.103123
2026-08-19 20:06:42 | INFO | epoch=030 train_batch=240/435 running_loss=0.103267
2026-08-19 20:06:42 | INFO | epoch=030 train_batch=250/435 running_loss=0.103497
2026-08-19 20:06:42 | INFO | epoch=030 train_batch=260/435 running_loss=0.103681
2026-08-19 20:06:43 | INFO | epoch=030 train_batch=270/435 running_loss=0.103877
2026-08-19 20:06:43 | INFO | epoch=030 train_batch=280/435 running_loss=0.104024
2026-08-19 20:06:43 | INFO | epoch=030 train_batch=290/435 running_loss=0.104150
2026-08-19 20:06:44 | INFO | epoch=030 train_batch=300/435 running_loss=0.104275
2026-08-19 20:06:44 | INFO | epoch=030 train_batch=310/435 running_loss=0.104217
2026-08-19 20:06:44 | INFO | epoch=030 train_batch=320/435 running_loss=0.104092
2026-08-19 20:06:45 | INFO | epoch=030 train_batch=330/435 running_loss=0.103911
2026-08-19 20:06:45 | INFO | epoch=030 train_batch=340/435 running_loss=0.103863
2026-08-19 20:06:45 | INFO | epoch=030 train_batch=350/435 running_loss=0.104066
2026-08-19 20:06:46 | INFO | epoch=030 train_batch=360/435 running_loss=0.103961
2026-08-19 20:06:46 | INFO | epoch=030 train_batch=370/435 running_loss=0.104076
2026-08-19 20:06:46 | INFO | epoch=030 train_batch=380/435 running_loss=0.104126
2026-08-19 20:06:47 | INFO | epoch=030 train_batch=390/435 running_loss=0.103992
2026-08-19 20:06:47 | INFO | epoch=030 train_batch=400/435 running_loss=0.104211
2026-08-19 20:06:47 | INFO | epoch=030 train_batch=410/435 running_loss=0.104399
2026-08-19 20:06:48 | INFO | epoch=030 train_batch=420/435 running_loss=0.104477
2026-08-19 20:06:48 | INFO | epoch=030 train_batch=430/435 running_loss=0.104680
2026-08-19 20:06:48 | INFO | epoch=030 train_batch=435/435 running_loss=0.104738
2026-08-19 20:06:48 | INFO | epoch=030 train_loss=0.104738 validation_loss=0.206222
2026-08-19 20:06:49 | INFO | epoch=031 train_batch=10/435 running_loss=0.109314
2026-08-19 20:06:49 | INFO | epoch=031 train_batch=20/435 running_loss=0.110682
2026-08-19 20:06:49 | INFO | epoch=031 train_batch=30/435 running_loss=0.108599
2026-08-19 20:06:50 | INFO | epoch=031 train_batch=40/435 running_loss=0.110013
2026-08-19 20:06:50 | INFO | epoch=031 train_batch=50/435 running_loss=0.110007
2026-08-19 20:06:50 | INFO | epoch=031 train_batch=60/435 running_loss=0.110062
2026-08-19 20:06:51 | INFO | epoch=031 train_batch=70/435 running_loss=0.108586
2026-08-19 20:06:51 | INFO | epoch=031 train_batch=80/435 running_loss=0.107736
2026-08-19 20:06:51 | INFO | epoch=031 train_batch=90/435 running_loss=0.107528
2026-08-19 20:06:52 | INFO | epoch=031 train_batch=100/435 running_loss=0.107888
2026-08-19 20:06:52 | INFO | epoch=031 train_batch=110/435 running_loss=0.107606
2026-08-19 20:06:52 | INFO | epoch=031 train_batch=120/435 running_loss=0.107636
2026-08-19 20:06:53 | INFO | epoch=031 train_batch=130/435 running_loss=0.107680
2026-08-19 20:06:53 | INFO | epoch=031 train_batch=140/435 running_loss=0.107036
2026-08-19 20:06:53 | INFO | epoch=031 train_batch=150/435 running_loss=0.107396
2026-08-19 20:06:54 | INFO | epoch=031 train_batch=160/435 running_loss=0.107132
2026-08-19 20:06:54 | INFO | epoch=031 train_batch=170/435 running_loss=0.107367
2026-08-19 20:06:54 | INFO | epoch=031 train_batch=180/435 running_loss=0.107058
2026-08-19 20:06:55 | INFO | epoch=031 train_batch=190/435 running_loss=0.107042
2026-08-19 20:06:55 | INFO | epoch=031 train_batch=200/435 running_loss=0.106376
2026-08-19 20:06:55 | INFO | epoch=031 train_batch=210/435 running_loss=0.106240
2026-08-19 20:06:56 | INFO | epoch=031 train_batch=220/435 running_loss=0.106514
2026-08-19 20:06:56 | INFO | epoch=031 train_batch=230/435 running_loss=0.106686
2026-08-19 20:06:56 | INFO | epoch=031 train_batch=240/435 running_loss=0.106069
2026-08-19 20:06:57 | INFO | epoch=031 train_batch=250/435 running_loss=0.105792
2026-08-19 20:06:57 | INFO | epoch=031 train_batch=260/435 running_loss=0.105834
2026-08-19 20:06:57 | INFO | epoch=031 train_batch=270/435 running_loss=0.105937
2026-08-19 20:06:58 | INFO | epoch=031 train_batch=280/435 running_loss=0.106139
2026-08-19 20:06:58 | INFO | epoch=031 train_batch=290/435 running_loss=0.106197
2026-08-19 20:06:58 | INFO | epoch=031 train_batch=300/435 running_loss=0.105861
2026-08-19 20:06:59 | INFO | epoch=031 train_batch=310/435 running_loss=0.106175
2026-08-19 20:06:59 | INFO | epoch=031 train_batch=320/435 running_loss=0.106055
2026-08-19 20:06:59 | INFO | epoch=031 train_batch=330/435 running_loss=0.105954
2026-08-19 20:07:00 | INFO | epoch=031 train_batch=340/435 running_loss=0.105578
2026-08-19 20:07:00 | INFO | epoch=031 train_batch=350/435 running_loss=0.105655
2026-08-19 20:07:00 | INFO | epoch=031 train_batch=360/435 running_loss=0.105817
2026-08-19 20:07:01 | INFO | epoch=031 train_batch=370/435 running_loss=0.105840
2026-08-19 20:07:01 | INFO | epoch=031 train_batch=380/435 running_loss=0.105847
2026-08-19 20:07:02 | INFO | epoch=031 train_batch=390/435 running_loss=0.105983
2026-08-19 20:07:02 | INFO | epoch=031 train_batch=400/435 running_loss=0.106037
2026-08-19 20:07:02 | INFO | epoch=031 train_batch=410/435 running_loss=0.105933
2026-08-19 20:07:03 | INFO | epoch=031 train_batch=420/435 running_loss=0.105794
2026-08-19 20:07:03 | INFO | epoch=031 train_batch=430/435 running_loss=0.105860
2026-08-19 20:07:03 | INFO | epoch=031 train_batch=435/435 running_loss=0.105996
2026-08-19 20:07:03 | INFO | epoch=031 train_loss=0.105996 validation_loss=0.207019
2026-08-19 20:07:04 | INFO | epoch=032 train_batch=10/435 running_loss=0.102578
2026-08-19 20:07:04 | INFO | epoch=032 train_batch=20/435 running_loss=0.103833
2026-08-19 20:07:04 | INFO | epoch=032 train_batch=30/435 running_loss=0.103255
2026-08-19 20:07:05 | INFO | epoch=032 train_batch=40/435 running_loss=0.101368
2026-08-19 20:07:05 | INFO | epoch=032 train_batch=50/435 running_loss=0.101238
2026-08-19 20:07:06 | INFO | epoch=032 train_batch=60/435 running_loss=0.102558
2026-08-19 20:07:06 | INFO | epoch=032 train_batch=70/435 running_loss=0.103139
2026-08-19 20:07:06 | INFO | epoch=032 train_batch=80/435 running_loss=0.102934
2026-08-19 20:07:07 | INFO | epoch=032 train_batch=90/435 running_loss=0.102990
2026-08-19 20:07:07 | INFO | epoch=032 train_batch=100/435 running_loss=0.103378
2026-08-19 20:07:07 | INFO | epoch=032 train_batch=110/435 running_loss=0.102683
2026-08-19 20:07:08 | INFO | epoch=032 train_batch=120/435 running_loss=0.102653
2026-08-19 20:07:08 | INFO | epoch=032 train_batch=130/435 running_loss=0.101851
2026-08-19 20:07:08 | INFO | epoch=032 train_batch=140/435 running_loss=0.102678
2026-08-19 20:07:09 | INFO | epoch=032 train_batch=150/435 running_loss=0.102733
2026-08-19 20:07:09 | INFO | epoch=032 train_batch=160/435 running_loss=0.102814
2026-08-19 20:07:10 | INFO | epoch=032 train_batch=170/435 running_loss=0.102828
2026-08-19 20:07:10 | INFO | epoch=032 train_batch=180/435 running_loss=0.103164
2026-08-19 20:07:10 | INFO | epoch=032 train_batch=190/435 running_loss=0.103437
2026-08-19 20:07:11 | INFO | epoch=032 train_batch=200/435 running_loss=0.103615
2026-08-19 20:07:11 | INFO | epoch=032 train_batch=210/435 running_loss=0.103671
2026-08-19 20:07:11 | INFO | epoch=032 train_batch=220/435 running_loss=0.103576
2026-08-19 20:07:12 | INFO | epoch=032 train_batch=230/435 running_loss=0.103356
2026-08-19 20:07:12 | INFO | epoch=032 train_batch=240/435 running_loss=0.103248
2026-08-19 20:07:12 | INFO | epoch=032 train_batch=250/435 running_loss=0.103233
2026-08-19 20:07:13 | INFO | epoch=032 train_batch=260/435 running_loss=0.103379
2026-08-19 20:07:13 | INFO | epoch=032 train_batch=270/435 running_loss=0.103286
2026-08-19 20:07:13 | INFO | epoch=032 train_batch=280/435 running_loss=0.103394
2026-08-19 20:07:14 | INFO | epoch=032 train_batch=290/435 running_loss=0.103481
2026-08-19 20:07:14 | INFO | epoch=032 train_batch=300/435 running_loss=0.103458
2026-08-19 20:07:15 | INFO | epoch=032 train_batch=310/435 running_loss=0.103566
2026-08-19 20:07:15 | INFO | epoch=032 train_batch=320/435 running_loss=0.103545
2026-08-19 20:07:15 | INFO | epoch=032 train_batch=330/435 running_loss=0.103372
2026-08-19 20:07:16 | INFO | epoch=032 train_batch=340/435 running_loss=0.103471
2026-08-19 20:07:16 | INFO | epoch=032 train_batch=350/435 running_loss=0.103581
2026-08-19 20:07:16 | INFO | epoch=032 train_batch=360/435 running_loss=0.103667
2026-08-19 20:07:17 | INFO | epoch=032 train_batch=370/435 running_loss=0.103542
2026-08-19 20:07:17 | INFO | epoch=032 train_batch=380/435 running_loss=0.103305
2026-08-19 20:07:17 | INFO | epoch=032 train_batch=390/435 running_loss=0.103527
2026-08-19 20:07:18 | INFO | epoch=032 train_batch=400/435 running_loss=0.103494
2026-08-19 20:07:18 | INFO | epoch=032 train_batch=410/435 running_loss=0.103432
2026-08-19 20:07:19 | INFO | epoch=032 train_batch=420/435 running_loss=0.103334
2026-08-19 20:07:19 | INFO | epoch=032 train_batch=430/435 running_loss=0.103398
2026-08-19 20:07:19 | INFO | epoch=032 train_batch=435/435 running_loss=0.103476
2026-08-19 20:07:19 | INFO | epoch=032 train_loss=0.103476 validation_loss=0.204424
2026-08-19 20:07:20 | INFO | epoch=033 train_batch=10/435 running_loss=0.101475
2026-08-19 20:07:20 | INFO | epoch=033 train_batch=20/435 running_loss=0.105800
2026-08-19 20:07:20 | INFO | epoch=033 train_batch=30/435 running_loss=0.106137
2026-08-19 20:07:21 | INFO | epoch=033 train_batch=40/435 running_loss=0.106265
2026-08-19 20:07:21 | INFO | epoch=033 train_batch=50/435 running_loss=0.105488
2026-08-19 20:07:22 | INFO | epoch=033 train_batch=60/435 running_loss=0.106068
2026-08-19 20:07:22 | INFO | epoch=033 train_batch=70/435 running_loss=0.106994
2026-08-19 20:07:22 | INFO | epoch=033 train_batch=80/435 running_loss=0.106787
2026-08-19 20:07:23 | INFO | epoch=033 train_batch=90/435 running_loss=0.106578
2026-08-19 20:07:23 | INFO | epoch=033 train_batch=100/435 running_loss=0.107242
2026-08-19 20:07:23 | INFO | epoch=033 train_batch=110/435 running_loss=0.106771
2026-08-19 20:07:24 | INFO | epoch=033 train_batch=120/435 running_loss=0.107118
2026-08-19 20:07:24 | INFO | epoch=033 train_batch=130/435 running_loss=0.107136
2026-08-19 20:07:24 | INFO | epoch=033 train_batch=140/435 running_loss=0.106441
2026-08-19 20:07:25 | INFO | epoch=033 train_batch=150/435 running_loss=0.105752
2026-08-19 20:07:25 | INFO | epoch=033 train_batch=160/435 running_loss=0.105246
2026-08-19 20:07:26 | INFO | epoch=033 train_batch=170/435 running_loss=0.104595
2026-08-19 20:07:26 | INFO | epoch=033 train_batch=180/435 running_loss=0.104848
2026-08-19 20:07:26 | INFO | epoch=033 train_batch=190/435 running_loss=0.104834
2026-08-19 20:07:27 | INFO | epoch=033 train_batch=200/435 running_loss=0.104788
2026-08-19 20:07:27 | INFO | epoch=033 train_batch=210/435 running_loss=0.104938
2026-08-19 20:07:27 | INFO | epoch=033 train_batch=220/435 running_loss=0.104315
2026-08-19 20:07:28 | INFO | epoch=033 train_batch=230/435 running_loss=0.104351
2026-08-19 20:07:28 | INFO | epoch=033 train_batch=240/435 running_loss=0.104455
2026-08-19 20:07:28 | INFO | epoch=033 train_batch=250/435 running_loss=0.104188
2026-08-19 20:07:29 | INFO | epoch=033 train_batch=260/435 running_loss=0.104015
2026-08-19 20:07:29 | INFO | epoch=033 train_batch=270/435 running_loss=0.103901
2026-08-19 20:07:29 | INFO | epoch=033 train_batch=280/435 running_loss=0.104206
2026-08-19 20:07:30 | INFO | epoch=033 train_batch=290/435 running_loss=0.103756
2026-08-19 20:07:30 | INFO | epoch=033 train_batch=300/435 running_loss=0.103340
2026-08-19 20:07:31 | INFO | epoch=033 train_batch=310/435 running_loss=0.103387
2026-08-19 20:07:31 | INFO | epoch=033 train_batch=320/435 running_loss=0.103248
2026-08-19 20:07:31 | INFO | epoch=033 train_batch=330/435 running_loss=0.103248
2026-08-19 20:07:32 | INFO | epoch=033 train_batch=340/435 running_loss=0.103328
2026-08-19 20:07:32 | INFO | epoch=033 train_batch=350/435 running_loss=0.103313
2026-08-19 20:07:32 | INFO | epoch=033 train_batch=360/435 running_loss=0.103351
2026-08-19 20:07:33 | INFO | epoch=033 train_batch=370/435 running_loss=0.103304
2026-08-19 20:07:33 | INFO | epoch=033 train_batch=380/435 running_loss=0.103286
2026-08-19 20:07:33 | INFO | epoch=033 train_batch=390/435 running_loss=0.103057
2026-08-19 20:07:34 | INFO | epoch=033 train_batch=400/435 running_loss=0.103091
2026-08-19 20:07:34 | INFO | epoch=033 train_batch=410/435 running_loss=0.103036
2026-08-19 20:07:34 | INFO | epoch=033 train_batch=420/435 running_loss=0.102930
2026-08-19 20:07:35 | INFO | epoch=033 train_batch=430/435 running_loss=0.102797
2026-08-19 20:07:35 | INFO | epoch=033 train_batch=435/435 running_loss=0.102808
2026-08-19 20:07:35 | INFO | epoch=033 train_loss=0.102808 validation_loss=0.202258
2026-08-19 20:07:35 | INFO | epoch=033 saved new best.pt
2026-08-19 20:07:36 | INFO | epoch=034 train_batch=10/435 running_loss=0.104988
2026-08-19 20:07:36 | INFO | epoch=034 train_batch=20/435 running_loss=0.101675
2026-08-19 20:07:36 | INFO | epoch=034 train_batch=30/435 running_loss=0.098198
2026-08-19 20:07:37 | INFO | epoch=034 train_batch=40/435 running_loss=0.096811
2026-08-19 20:07:37 | INFO | epoch=034 train_batch=50/435 running_loss=0.098012
2026-08-19 20:07:38 | INFO | epoch=034 train_batch=60/435 running_loss=0.097579
2026-08-19 20:07:38 | INFO | epoch=034 train_batch=70/435 running_loss=0.097260
2026-08-19 20:07:38 | INFO | epoch=034 train_batch=80/435 running_loss=0.096894
2026-08-19 20:07:39 | INFO | epoch=034 train_batch=90/435 running_loss=0.097041
2026-08-19 20:07:39 | INFO | epoch=034 train_batch=100/435 running_loss=0.097396
2026-08-19 20:07:39 | INFO | epoch=034 train_batch=110/435 running_loss=0.097955
2026-08-19 20:07:40 | INFO | epoch=034 train_batch=120/435 running_loss=0.098094
2026-08-19 20:07:40 | INFO | epoch=034 train_batch=130/435 running_loss=0.098255
2026-08-19 20:07:40 | INFO | epoch=034 train_batch=140/435 running_loss=0.098340
2026-08-19 20:07:41 | INFO | epoch=034 train_batch=150/435 running_loss=0.098715
2026-08-19 20:07:41 | INFO | epoch=034 train_batch=160/435 running_loss=0.098595
2026-08-19 20:07:42 | INFO | epoch=034 train_batch=170/435 running_loss=0.098575
2026-08-19 20:07:42 | INFO | epoch=034 train_batch=180/435 running_loss=0.098768
2026-08-19 20:07:42 | INFO | epoch=034 train_batch=190/435 running_loss=0.098969
2026-08-19 20:07:43 | INFO | epoch=034 train_batch=200/435 running_loss=0.099034
2026-08-19 20:07:43 | INFO | epoch=034 train_batch=210/435 running_loss=0.099699
2026-08-19 20:07:43 | INFO | epoch=034 train_batch=220/435 running_loss=0.099594
2026-08-19 20:07:44 | INFO | epoch=034 train_batch=230/435 running_loss=0.099739
2026-08-19 20:07:44 | INFO | epoch=034 train_batch=240/435 running_loss=0.099853
2026-08-19 20:07:44 | INFO | epoch=034 train_batch=250/435 running_loss=0.099767
2026-08-19 20:07:45 | INFO | epoch=034 train_batch=260/435 running_loss=0.100022
2026-08-19 20:07:45 | INFO | epoch=034 train_batch=270/435 running_loss=0.099981
2026-08-19 20:07:46 | INFO | epoch=034 train_batch=280/435 running_loss=0.100040
2026-08-19 20:07:46 | INFO | epoch=034 train_batch=290/435 running_loss=0.100286
2026-08-19 20:07:46 | INFO | epoch=034 train_batch=300/435 running_loss=0.100263
2026-08-19 20:07:47 | INFO | epoch=034 train_batch=310/435 running_loss=0.100259
2026-08-19 20:07:47 | INFO | epoch=034 train_batch=320/435 running_loss=0.100418
2026-08-19 20:07:47 | INFO | epoch=034 train_batch=330/435 running_loss=0.100592
2026-08-19 20:07:48 | INFO | epoch=034 train_batch=340/435 running_loss=0.100700
2026-08-19 20:07:48 | INFO | epoch=034 train_batch=350/435 running_loss=0.100565
2026-08-19 20:07:48 | INFO | epoch=034 train_batch=360/435 running_loss=0.100747
2026-08-19 20:07:49 | INFO | epoch=034 train_batch=370/435 running_loss=0.100665
2026-08-19 20:07:49 | INFO | epoch=034 train_batch=380/435 running_loss=0.100790
2026-08-19 20:07:50 | INFO | epoch=034 train_batch=390/435 running_loss=0.100787
2026-08-19 20:07:50 | INFO | epoch=034 train_batch=400/435 running_loss=0.101001
2026-08-19 20:07:50 | INFO | epoch=034 train_batch=410/435 running_loss=0.100957
2026-08-19 20:07:51 | INFO | epoch=034 train_batch=420/435 running_loss=0.100971
2026-08-19 20:07:51 | INFO | epoch=034 train_batch=430/435 running_loss=0.100938
2026-08-19 20:07:51 | INFO | epoch=034 train_batch=435/435 running_loss=0.100950
2026-08-19 20:07:51 | INFO | epoch=034 train_loss=0.100950 validation_loss=0.204035
2026-08-19 20:07:52 | INFO | epoch=035 train_batch=10/435 running_loss=0.105465
2026-08-19 20:07:52 | INFO | epoch=035 train_batch=20/435 running_loss=0.105042
2026-08-19 20:07:53 | INFO | epoch=035 train_batch=30/435 running_loss=0.101003
2026-08-19 20:07:53 | INFO | epoch=035 train_batch=40/435 running_loss=0.100889
2026-08-19 20:07:53 | INFO | epoch=035 train_batch=50/435 running_loss=0.100349
2026-08-19 20:07:54 | INFO | epoch=035 train_batch=60/435 running_loss=0.098913
2026-08-19 20:07:54 | INFO | epoch=035 train_batch=70/435 running_loss=0.098640
2026-08-19 20:07:54 | INFO | epoch=035 train_batch=80/435 running_loss=0.098772
2026-08-19 20:07:55 | INFO | epoch=035 train_batch=90/435 running_loss=0.098971
2026-08-19 20:07:55 | INFO | epoch=035 train_batch=100/435 running_loss=0.099526
2026-08-19 20:07:55 | INFO | epoch=035 train_batch=110/435 running_loss=0.099610
2026-08-19 20:07:56 | INFO | epoch=035 train_batch=120/435 running_loss=0.099256
2026-08-19 20:07:56 | INFO | epoch=035 train_batch=130/435 running_loss=0.099397
2026-08-19 20:07:57 | INFO | epoch=035 train_batch=140/435 running_loss=0.099795
2026-08-19 20:07:57 | INFO | epoch=035 train_batch=150/435 running_loss=0.099582
2026-08-19 20:07:57 | INFO | epoch=035 train_batch=160/435 running_loss=0.099617
2026-08-19 20:07:58 | INFO | epoch=035 train_batch=170/435 running_loss=0.099973
2026-08-19 20:07:58 | INFO | epoch=035 train_batch=180/435 running_loss=0.100253
2026-08-19 20:07:58 | INFO | epoch=035 train_batch=190/435 running_loss=0.100266
2026-08-19 20:07:59 | INFO | epoch=035 train_batch=200/435 running_loss=0.100831
2026-08-19 20:07:59 | INFO | epoch=035 train_batch=210/435 running_loss=0.100975
2026-08-19 20:07:59 | INFO | epoch=035 train_batch=220/435 running_loss=0.100995
2026-08-19 20:08:00 | INFO | epoch=035 train_batch=230/435 running_loss=0.100857
2026-08-19 20:08:00 | INFO | epoch=035 train_batch=240/435 running_loss=0.100541
2026-08-19 20:08:01 | INFO | epoch=035 train_batch=250/435 running_loss=0.100367
2026-08-19 20:08:01 | INFO | epoch=035 train_batch=260/435 running_loss=0.100611
2026-08-19 20:08:01 | INFO | epoch=035 train_batch=270/435 running_loss=0.100681
2026-08-19 20:08:02 | INFO | epoch=035 train_batch=280/435 running_loss=0.100820
2026-08-19 20:08:02 | INFO | epoch=035 train_batch=290/435 running_loss=0.100827
2026-08-19 20:08:02 | INFO | epoch=035 train_batch=300/435 running_loss=0.100878
2026-08-19 20:08:03 | INFO | epoch=035 train_batch=310/435 running_loss=0.101044
2026-08-19 20:08:03 | INFO | epoch=035 train_batch=320/435 running_loss=0.100971
2026-08-19 20:08:03 | INFO | epoch=035 train_batch=330/435 running_loss=0.101014
2026-08-19 20:08:04 | INFO | epoch=035 train_batch=340/435 running_loss=0.101065
2026-08-19 20:08:04 | INFO | epoch=035 train_batch=350/435 running_loss=0.101174
2026-08-19 20:08:04 | INFO | epoch=035 train_batch=360/435 running_loss=0.101368
2026-08-19 20:08:05 | INFO | epoch=035 train_batch=370/435 running_loss=0.101380
2026-08-19 20:08:05 | INFO | epoch=035 train_batch=380/435 running_loss=0.101394
2026-08-19 20:08:06 | INFO | epoch=035 train_batch=390/435 running_loss=0.101296
2026-08-19 20:08:06 | INFO | epoch=035 train_batch=400/435 running_loss=0.101262
2026-08-19 20:08:06 | INFO | epoch=035 train_batch=410/435 running_loss=0.101173
2026-08-19 20:08:07 | INFO | epoch=035 train_batch=420/435 running_loss=0.101022
2026-08-19 20:08:07 | INFO | epoch=035 train_batch=430/435 running_loss=0.101108
2026-08-19 20:08:07 | INFO | epoch=035 train_batch=435/435 running_loss=0.101166
2026-08-19 20:08:07 | INFO | epoch=035 train_loss=0.101166 validation_loss=0.202455
2026-08-19 20:08:08 | INFO | epoch=036 train_batch=10/435 running_loss=0.091193
2026-08-19 20:08:08 | INFO | epoch=036 train_batch=20/435 running_loss=0.092959
2026-08-19 20:08:09 | INFO | epoch=036 train_batch=30/435 running_loss=0.094293
2026-08-19 20:08:09 | INFO | epoch=036 train_batch=40/435 running_loss=0.097388
2026-08-19 20:08:09 | INFO | epoch=036 train_batch=50/435 running_loss=0.097742
2026-08-19 20:08:10 | INFO | epoch=036 train_batch=60/435 running_loss=0.098536
2026-08-19 20:08:10 | INFO | epoch=036 train_batch=70/435 running_loss=0.098492
2026-08-19 20:08:10 | INFO | epoch=036 train_batch=80/435 running_loss=0.098016
2026-08-19 20:08:11 | INFO | epoch=036 train_batch=90/435 running_loss=0.097647
2026-08-19 20:08:11 | INFO | epoch=036 train_batch=100/435 running_loss=0.097788
2026-08-19 20:08:12 | INFO | epoch=036 train_batch=110/435 running_loss=0.099485
2026-08-19 20:08:12 | INFO | epoch=036 train_batch=120/435 running_loss=0.099470
2026-08-19 20:08:12 | INFO | epoch=036 train_batch=130/435 running_loss=0.099539
2026-08-19 20:08:13 | INFO | epoch=036 train_batch=140/435 running_loss=0.099633
2026-08-19 20:08:13 | INFO | epoch=036 train_batch=150/435 running_loss=0.099567
2026-08-19 20:08:13 | INFO | epoch=036 train_batch=160/435 running_loss=0.099099
2026-08-19 20:08:14 | INFO | epoch=036 train_batch=170/435 running_loss=0.099318
2026-08-19 20:08:14 | INFO | epoch=036 train_batch=180/435 running_loss=0.099175
2026-08-19 20:08:14 | INFO | epoch=036 train_batch=190/435 running_loss=0.099217
2026-08-19 20:08:15 | INFO | epoch=036 train_batch=200/435 running_loss=0.099218
2026-08-19 20:08:15 | INFO | epoch=036 train_batch=210/435 running_loss=0.099158
2026-08-19 20:08:16 | INFO | epoch=036 train_batch=220/435 running_loss=0.099309
2026-08-19 20:08:16 | INFO | epoch=036 train_batch=230/435 running_loss=0.099487
2026-08-19 20:08:16 | INFO | epoch=036 train_batch=240/435 running_loss=0.099970
2026-08-19 20:08:17 | INFO | epoch=036 train_batch=250/435 running_loss=0.100472
2026-08-19 20:08:17 | INFO | epoch=036 train_batch=260/435 running_loss=0.100274
2026-08-19 20:08:17 | INFO | epoch=036 train_batch=270/435 running_loss=0.100439
2026-08-19 20:08:18 | INFO | epoch=036 train_batch=280/435 running_loss=0.100613
2026-08-19 20:08:18 | INFO | epoch=036 train_batch=290/435 running_loss=0.100652
2026-08-19 20:08:18 | INFO | epoch=036 train_batch=300/435 running_loss=0.100939
2026-08-19 20:08:19 | INFO | epoch=036 train_batch=310/435 running_loss=0.100890
2026-08-19 20:08:19 | INFO | epoch=036 train_batch=320/435 running_loss=0.101106
2026-08-19 20:08:19 | INFO | epoch=036 train_batch=330/435 running_loss=0.101080
2026-08-19 20:08:20 | INFO | epoch=036 train_batch=340/435 running_loss=0.100936
2026-08-19 20:08:20 | INFO | epoch=036 train_batch=350/435 running_loss=0.100824
2026-08-19 20:08:21 | INFO | epoch=036 train_batch=360/435 running_loss=0.100920
2026-08-19 20:08:21 | INFO | epoch=036 train_batch=370/435 running_loss=0.100954
2026-08-19 20:08:21 | INFO | epoch=036 train_batch=380/435 running_loss=0.100974
2026-08-19 20:08:22 | INFO | epoch=036 train_batch=390/435 running_loss=0.101106
2026-08-19 20:08:22 | INFO | epoch=036 train_batch=400/435 running_loss=0.101026
2026-08-19 20:08:22 | INFO | epoch=036 train_batch=410/435 running_loss=0.101052
2026-08-19 20:08:23 | INFO | epoch=036 train_batch=420/435 running_loss=0.101007
2026-08-19 20:08:23 | INFO | epoch=036 train_batch=430/435 running_loss=0.100936
2026-08-19 20:08:23 | INFO | epoch=036 train_batch=435/435 running_loss=0.100983
2026-08-19 20:08:24 | INFO | epoch=036 train_loss=0.100983 validation_loss=0.201474
2026-08-19 20:08:24 | INFO | epoch=036 saved new best.pt
2026-08-19 20:08:24 | INFO | epoch=037 train_batch=10/435 running_loss=0.095022
2026-08-19 20:08:24 | INFO | epoch=037 train_batch=20/435 running_loss=0.097837
2026-08-19 20:08:25 | INFO | epoch=037 train_batch=30/435 running_loss=0.101682
2026-08-19 20:08:25 | INFO | epoch=037 train_batch=40/435 running_loss=0.100426
2026-08-19 20:08:25 | INFO | epoch=037 train_batch=50/435 running_loss=0.100286
2026-08-19 20:08:26 | INFO | epoch=037 train_batch=60/435 running_loss=0.102314
2026-08-19 20:08:26 | INFO | epoch=037 train_batch=70/435 running_loss=0.101583
2026-08-19 20:08:27 | INFO | epoch=037 train_batch=80/435 running_loss=0.101514
2026-08-19 20:08:27 | INFO | epoch=037 train_batch=90/435 running_loss=0.101191
2026-08-19 20:08:27 | INFO | epoch=037 train_batch=100/435 running_loss=0.100872
2026-08-19 20:08:28 | INFO | epoch=037 train_batch=110/435 running_loss=0.100514
2026-08-19 20:08:28 | INFO | epoch=037 train_batch=120/435 running_loss=0.100922
2026-08-19 20:08:28 | INFO | epoch=037 train_batch=130/435 running_loss=0.100547
2026-08-19 20:08:29 | INFO | epoch=037 train_batch=140/435 running_loss=0.100765
2026-08-19 20:08:29 | INFO | epoch=037 train_batch=150/435 running_loss=0.100928
2026-08-19 20:08:29 | INFO | epoch=037 train_batch=160/435 running_loss=0.101194
2026-08-19 20:08:30 | INFO | epoch=037 train_batch=170/435 running_loss=0.101210
2026-08-19 20:08:30 | INFO | epoch=037 train_batch=180/435 running_loss=0.100606
2026-08-19 20:08:30 | INFO | epoch=037 train_batch=190/435 running_loss=0.100451
2026-08-19 20:08:31 | INFO | epoch=037 train_batch=200/435 running_loss=0.100568
2026-08-19 20:08:31 | INFO | epoch=037 train_batch=210/435 running_loss=0.100494
2026-08-19 20:08:32 | INFO | epoch=037 train_batch=220/435 running_loss=0.100249
2026-08-19 20:08:32 | INFO | epoch=037 train_batch=230/435 running_loss=0.100132
2026-08-19 20:08:32 | INFO | epoch=037 train_batch=240/435 running_loss=0.100604
2026-08-19 20:08:33 | INFO | epoch=037 train_batch=250/435 running_loss=0.100699
2026-08-19 20:08:33 | INFO | epoch=037 train_batch=260/435 running_loss=0.100755
2026-08-19 20:08:33 | INFO | epoch=037 train_batch=270/435 running_loss=0.100772
2026-08-19 20:08:34 | INFO | epoch=037 train_batch=280/435 running_loss=0.100928
2026-08-19 20:08:34 | INFO | epoch=037 train_batch=290/435 running_loss=0.100923
2026-08-19 20:08:34 | INFO | epoch=037 train_batch=300/435 running_loss=0.100902
2026-08-19 20:08:35 | INFO | epoch=037 train_batch=310/435 running_loss=0.100685
2026-08-19 20:08:35 | INFO | epoch=037 train_batch=320/435 running_loss=0.100553
2026-08-19 20:08:35 | INFO | epoch=037 train_batch=330/435 running_loss=0.100920
2026-08-19 20:08:36 | INFO | epoch=037 train_batch=340/435 running_loss=0.100858
2026-08-19 20:08:36 | INFO | epoch=037 train_batch=350/435 running_loss=0.100750
2026-08-19 20:08:36 | INFO | epoch=037 train_batch=360/435 running_loss=0.100762
2026-08-19 20:08:37 | INFO | epoch=037 train_batch=370/435 running_loss=0.100744
2026-08-19 20:08:37 | INFO | epoch=037 train_batch=380/435 running_loss=0.100586
2026-08-19 20:08:37 | INFO | epoch=037 train_batch=390/435 running_loss=0.100347
2026-08-19 20:08:38 | INFO | epoch=037 train_batch=400/435 running_loss=0.100252
2026-08-19 20:08:38 | INFO | epoch=037 train_batch=410/435 running_loss=0.100167
2026-08-19 20:08:39 | INFO | epoch=037 train_batch=420/435 running_loss=0.100146
2026-08-19 20:08:39 | INFO | epoch=037 train_batch=430/435 running_loss=0.100222
2026-08-19 20:08:39 | INFO | epoch=037 train_batch=435/435 running_loss=0.100131
2026-08-19 20:08:39 | INFO | epoch=037 train_loss=0.100131 validation_loss=0.200936
2026-08-19 20:08:39 | INFO | epoch=037 saved new best.pt
2026-08-19 20:08:40 | INFO | epoch=038 train_batch=10/435 running_loss=0.100669
2026-08-19 20:08:40 | INFO | epoch=038 train_batch=20/435 running_loss=0.099869
2026-08-19 20:08:40 | INFO | epoch=038 train_batch=30/435 running_loss=0.098783
2026-08-19 20:08:41 | INFO | epoch=038 train_batch=40/435 running_loss=0.099132
2026-08-19 20:08:41 | INFO | epoch=038 train_batch=50/435 running_loss=0.097955
2026-08-19 20:08:41 | INFO | epoch=038 train_batch=60/435 running_loss=0.098767
2026-08-19 20:08:42 | INFO | epoch=038 train_batch=70/435 running_loss=0.098516
2026-08-19 20:08:42 | INFO | epoch=038 train_batch=80/435 running_loss=0.098664
2026-08-19 20:08:43 | INFO | epoch=038 train_batch=90/435 running_loss=0.097997
2026-08-19 20:08:43 | INFO | epoch=038 train_batch=100/435 running_loss=0.098498
2026-08-19 20:08:43 | INFO | epoch=038 train_batch=110/435 running_loss=0.098468
2026-08-19 20:08:44 | INFO | epoch=038 train_batch=120/435 running_loss=0.098043
2026-08-19 20:08:44 | INFO | epoch=038 train_batch=130/435 running_loss=0.098365
2026-08-19 20:08:44 | INFO | epoch=038 train_batch=140/435 running_loss=0.098242
2026-08-19 20:08:45 | INFO | epoch=038 train_batch=150/435 running_loss=0.098479
2026-08-19 20:08:45 | INFO | epoch=038 train_batch=160/435 running_loss=0.098246
2026-08-19 20:08:45 | INFO | epoch=038 train_batch=170/435 running_loss=0.098138
2026-08-19 20:08:45 | INFO | epoch=038 train_batch=180/435 running_loss=0.098086
2026-08-19 20:08:46 | INFO | epoch=038 train_batch=190/435 running_loss=0.098324
2026-08-19 20:08:46 | INFO | epoch=038 train_batch=200/435 running_loss=0.098292
2026-08-19 20:08:47 | INFO | epoch=038 train_batch=210/435 running_loss=0.097939
2026-08-19 20:08:47 | INFO | epoch=038 train_batch=220/435 running_loss=0.098014
2026-08-19 20:08:47 | INFO | epoch=038 train_batch=230/435 running_loss=0.097787
2026-08-19 20:08:48 | INFO | epoch=038 train_batch=240/435 running_loss=0.098255
2026-08-19 20:08:48 | INFO | epoch=038 train_batch=250/435 running_loss=0.098015
2026-08-19 20:08:48 | INFO | epoch=038 train_batch=260/435 running_loss=0.097973
2026-08-19 20:08:49 | INFO | epoch=038 train_batch=270/435 running_loss=0.098196
2026-08-19 20:08:49 | INFO | epoch=038 train_batch=280/435 running_loss=0.098152
2026-08-19 20:08:49 | INFO | epoch=038 train_batch=290/435 running_loss=0.098043
2026-08-19 20:08:50 | INFO | epoch=038 train_batch=300/435 running_loss=0.098289
2026-08-19 20:08:50 | INFO | epoch=038 train_batch=310/435 running_loss=0.098317
2026-08-19 20:08:50 | INFO | epoch=038 train_batch=320/435 running_loss=0.098204
2026-08-19 20:08:51 | INFO | epoch=038 train_batch=330/435 running_loss=0.098168
2026-08-19 20:08:51 | INFO | epoch=038 train_batch=340/435 running_loss=0.098349
2026-08-19 20:08:51 | INFO | epoch=038 train_batch=350/435 running_loss=0.098468
2026-08-19 20:08:52 | INFO | epoch=038 train_batch=360/435 running_loss=0.098737
2026-08-19 20:08:52 | INFO | epoch=038 train_batch=370/435 running_loss=0.098986
2026-08-19 20:08:52 | INFO | epoch=038 train_batch=380/435 running_loss=0.099041
2026-08-19 20:08:53 | INFO | epoch=038 train_batch=390/435 running_loss=0.098900
2026-08-19 20:08:53 | INFO | epoch=038 train_batch=400/435 running_loss=0.098930
2026-08-19 20:08:53 | INFO | epoch=038 train_batch=410/435 running_loss=0.098876
2026-08-19 20:08:54 | INFO | epoch=038 train_batch=420/435 running_loss=0.098699
2026-08-19 20:08:54 | INFO | epoch=038 train_batch=430/435 running_loss=0.098695
2026-08-19 20:08:54 | INFO | epoch=038 train_batch=435/435 running_loss=0.098725
2026-08-19 20:08:54 | INFO | epoch=038 train_loss=0.098725 validation_loss=0.201235
2026-08-19 20:08:55 | INFO | epoch=039 train_batch=10/435 running_loss=0.094661
2026-08-19 20:08:55 | INFO | epoch=039 train_batch=20/435 running_loss=0.094852
2026-08-19 20:08:55 | INFO | epoch=039 train_batch=30/435 running_loss=0.095158
2026-08-19 20:08:56 | INFO | epoch=039 train_batch=40/435 running_loss=0.095581
2026-08-19 20:08:56 | INFO | epoch=039 train_batch=50/435 running_loss=0.097042
2026-08-19 20:08:56 | INFO | epoch=039 train_batch=60/435 running_loss=0.096399
2026-08-19 20:08:57 | INFO | epoch=039 train_batch=70/435 running_loss=0.097161
2026-08-19 20:08:57 | INFO | epoch=039 train_batch=80/435 running_loss=0.097640
2026-08-19 20:08:57 | INFO | epoch=039 train_batch=90/435 running_loss=0.096934
2026-08-19 20:08:58 | INFO | epoch=039 train_batch=100/435 running_loss=0.096814
2026-08-19 20:08:58 | INFO | epoch=039 train_batch=110/435 running_loss=0.096702
2026-08-19 20:08:58 | INFO | epoch=039 train_batch=120/435 running_loss=0.097018
2026-08-19 20:08:59 | INFO | epoch=039 train_batch=130/435 running_loss=0.096842
2026-08-19 20:08:59 | INFO | epoch=039 train_batch=140/435 running_loss=0.096616
2026-08-19 20:08:59 | INFO | epoch=039 train_batch=150/435 running_loss=0.097413
2026-08-19 20:09:00 | INFO | epoch=039 train_batch=160/435 running_loss=0.097624
2026-08-19 20:09:00 | INFO | epoch=039 train_batch=170/435 running_loss=0.097331
2026-08-19 20:09:01 | INFO | epoch=039 train_batch=180/435 running_loss=0.097473
2026-08-19 20:09:01 | INFO | epoch=039 train_batch=190/435 running_loss=0.096915
2026-08-19 20:09:01 | INFO | epoch=039 train_batch=200/435 running_loss=0.096925
2026-08-19 20:09:02 | INFO | epoch=039 train_batch=210/435 running_loss=0.096891
2026-08-19 20:09:02 | INFO | epoch=039 train_batch=220/435 running_loss=0.096655
2026-08-19 20:09:02 | INFO | epoch=039 train_batch=230/435 running_loss=0.096947
2026-08-19 20:09:03 | INFO | epoch=039 train_batch=240/435 running_loss=0.097055
2026-08-19 20:09:03 | INFO | epoch=039 train_batch=250/435 running_loss=0.097331
2026-08-19 20:09:03 | INFO | epoch=039 train_batch=260/435 running_loss=0.097540
2026-08-19 20:09:04 | INFO | epoch=039 train_batch=270/435 running_loss=0.097628
2026-08-19 20:09:04 | INFO | epoch=039 train_batch=280/435 running_loss=0.097702
2026-08-19 20:09:04 | INFO | epoch=039 train_batch=290/435 running_loss=0.097757
2026-08-19 20:09:05 | INFO | epoch=039 train_batch=300/435 running_loss=0.097577
2026-08-19 20:09:05 | INFO | epoch=039 train_batch=310/435 running_loss=0.097503
2026-08-19 20:09:05 | INFO | epoch=039 train_batch=320/435 running_loss=0.097549
2026-08-19 20:09:06 | INFO | epoch=039 train_batch=330/435 running_loss=0.097714
2026-08-19 20:09:06 | INFO | epoch=039 train_batch=340/435 running_loss=0.097678
2026-08-19 20:09:06 | INFO | epoch=039 train_batch=350/435 running_loss=0.097522
2026-08-19 20:09:07 | INFO | epoch=039 train_batch=360/435 running_loss=0.097601
2026-08-19 20:09:07 | INFO | epoch=039 train_batch=370/435 running_loss=0.097375
2026-08-19 20:09:07 | INFO | epoch=039 train_batch=380/435 running_loss=0.097340
2026-08-19 20:09:08 | INFO | epoch=039 train_batch=390/435 running_loss=0.097374
2026-08-19 20:09:08 | INFO | epoch=039 train_batch=400/435 running_loss=0.097540
2026-08-19 20:09:08 | INFO | epoch=039 train_batch=410/435 running_loss=0.097674
2026-08-19 20:09:09 | INFO | epoch=039 train_batch=420/435 running_loss=0.097851
2026-08-19 20:09:09 | INFO | epoch=039 train_batch=430/435 running_loss=0.097848
2026-08-19 20:09:09 | INFO | epoch=039 train_batch=435/435 running_loss=0.097994
2026-08-19 20:09:09 | INFO | epoch=039 train_loss=0.097994 validation_loss=0.199136
2026-08-19 20:09:10 | INFO | epoch=039 saved new best.pt
2026-08-19 20:09:10 | INFO | epoch=040 train_batch=10/435 running_loss=0.101441
2026-08-19 20:09:10 | INFO | epoch=040 train_batch=20/435 running_loss=0.099600
2026-08-19 20:09:11 | INFO | epoch=040 train_batch=30/435 running_loss=0.098034
2026-08-19 20:09:11 | INFO | epoch=040 train_batch=40/435 running_loss=0.096225
2026-08-19 20:09:11 | INFO | epoch=040 train_batch=50/435 running_loss=0.096428
2026-08-19 20:09:12 | INFO | epoch=040 train_batch=60/435 running_loss=0.096453
2026-08-19 20:09:12 | INFO | epoch=040 train_batch=70/435 running_loss=0.096922
2026-08-19 20:09:12 | INFO | epoch=040 train_batch=80/435 running_loss=0.097547
2026-08-19 20:09:13 | INFO | epoch=040 train_batch=90/435 running_loss=0.096746
2026-08-19 20:09:13 | INFO | epoch=040 train_batch=100/435 running_loss=0.096686
2026-08-19 20:09:13 | INFO | epoch=040 train_batch=110/435 running_loss=0.096737
2026-08-19 20:09:14 | INFO | epoch=040 train_batch=120/435 running_loss=0.096805
2026-08-19 20:09:14 | INFO | epoch=040 train_batch=130/435 running_loss=0.097497
2026-08-19 20:09:15 | INFO | epoch=040 train_batch=140/435 running_loss=0.097623
2026-08-19 20:09:15 | INFO | epoch=040 train_batch=150/435 running_loss=0.097620
2026-08-19 20:09:15 | INFO | epoch=040 train_batch=160/435 running_loss=0.098166
2026-08-19 20:09:16 | INFO | epoch=040 train_batch=170/435 running_loss=0.098341
2026-08-19 20:09:16 | INFO | epoch=040 train_batch=180/435 running_loss=0.098057
2026-08-19 20:09:16 | INFO | epoch=040 train_batch=190/435 running_loss=0.098185
2026-08-19 20:09:17 | INFO | epoch=040 train_batch=200/435 running_loss=0.097948
2026-08-19 20:09:17 | INFO | epoch=040 train_batch=210/435 running_loss=0.097964
2026-08-19 20:09:17 | INFO | epoch=040 train_batch=220/435 running_loss=0.097897
2026-08-19 20:09:18 | INFO | epoch=040 train_batch=230/435 running_loss=0.098016
2026-08-19 20:09:18 | INFO | epoch=040 train_batch=240/435 running_loss=0.097915
2026-08-19 20:09:18 | INFO | epoch=040 train_batch=250/435 running_loss=0.097874
2026-08-19 20:09:19 | INFO | epoch=040 train_batch=260/435 running_loss=0.098237
2026-08-19 20:09:19 | INFO | epoch=040 train_batch=270/435 running_loss=0.098232
2026-08-19 20:09:20 | INFO | epoch=040 train_batch=280/435 running_loss=0.098366
2026-08-19 20:09:20 | INFO | epoch=040 train_batch=290/435 running_loss=0.098429
2026-08-19 20:09:20 | INFO | epoch=040 train_batch=300/435 running_loss=0.098372
2026-08-19 20:09:21 | INFO | epoch=040 train_batch=310/435 running_loss=0.098620
2026-08-19 20:09:21 | INFO | epoch=040 train_batch=320/435 running_loss=0.098471
2026-08-19 20:09:21 | INFO | epoch=040 train_batch=330/435 running_loss=0.098386
2026-08-19 20:09:22 | INFO | epoch=040 train_batch=340/435 running_loss=0.098193
2026-08-19 20:09:22 | INFO | epoch=040 train_batch=350/435 running_loss=0.098076
2026-08-19 20:09:22 | INFO | epoch=040 train_batch=360/435 running_loss=0.098102
2026-08-19 20:09:23 | INFO | epoch=040 train_batch=370/435 running_loss=0.098192
2026-08-19 20:09:23 | INFO | epoch=040 train_batch=380/435 running_loss=0.098223
2026-08-19 20:09:23 | INFO | epoch=040 train_batch=390/435 running_loss=0.098120
2026-08-19 20:09:24 | INFO | epoch=040 train_batch=400/435 running_loss=0.098273
2026-08-19 20:09:24 | INFO | epoch=040 train_batch=410/435 running_loss=0.098122
2026-08-19 20:09:24 | INFO | epoch=040 train_batch=420/435 running_loss=0.098021
2026-08-19 20:09:25 | INFO | epoch=040 train_batch=430/435 running_loss=0.097991
2026-08-19 20:09:25 | INFO | epoch=040 train_batch=435/435 running_loss=0.098031
2026-08-19 20:09:25 | INFO | epoch=040 train_loss=0.098031 validation_loss=0.195298
2026-08-19 20:09:25 | INFO | epoch=040 saved new best.pt
2026-08-19 20:09:26 | INFO | epoch=041 train_batch=10/435 running_loss=0.099959
2026-08-19 20:09:26 | INFO | epoch=041 train_batch=20/435 running_loss=0.099861
2026-08-19 20:09:26 | INFO | epoch=041 train_batch=30/435 running_loss=0.099499
2026-08-19 20:09:27 | INFO | epoch=041 train_batch=40/435 running_loss=0.099315
2026-08-19 20:09:27 | INFO | epoch=041 train_batch=50/435 running_loss=0.098619
2026-08-19 20:09:27 | INFO | epoch=041 train_batch=60/435 running_loss=0.099249
2026-08-19 20:09:28 | INFO | epoch=041 train_batch=70/435 running_loss=0.098869
2026-08-19 20:09:28 | INFO | epoch=041 train_batch=80/435 running_loss=0.098904
2026-08-19 20:09:29 | INFO | epoch=041 train_batch=90/435 running_loss=0.098692
2026-08-19 20:09:29 | INFO | epoch=041 train_batch=100/435 running_loss=0.097816
2026-08-19 20:09:29 | INFO | epoch=041 train_batch=110/435 running_loss=0.097481
2026-08-19 20:09:30 | INFO | epoch=041 train_batch=120/435 running_loss=0.098018
2026-08-19 20:09:30 | INFO | epoch=041 train_batch=130/435 running_loss=0.097625
2026-08-19 20:09:30 | INFO | epoch=041 train_batch=140/435 running_loss=0.096899
2026-08-19 20:09:31 | INFO | epoch=041 train_batch=150/435 running_loss=0.097192
2026-08-19 20:09:31 | INFO | epoch=041 train_batch=160/435 running_loss=0.097499
2026-08-19 20:09:31 | INFO | epoch=041 train_batch=170/435 running_loss=0.097665
2026-08-19 20:09:32 | INFO | epoch=041 train_batch=180/435 running_loss=0.097556
2026-08-19 20:09:32 | INFO | epoch=041 train_batch=190/435 running_loss=0.097661
2026-08-19 20:09:32 | INFO | epoch=041 train_batch=200/435 running_loss=0.097066
2026-08-19 20:09:33 | INFO | epoch=041 train_batch=210/435 running_loss=0.096818
2026-08-19 20:09:33 | INFO | epoch=041 train_batch=220/435 running_loss=0.096957
2026-08-19 20:09:34 | INFO | epoch=041 train_batch=230/435 running_loss=0.096945
2026-08-19 20:09:34 | INFO | epoch=041 train_batch=240/435 running_loss=0.097225
2026-08-19 20:09:34 | INFO | epoch=041 train_batch=250/435 running_loss=0.097298
2026-08-19 20:09:35 | INFO | epoch=041 train_batch=260/435 running_loss=0.097174
2026-08-19 20:09:35 | INFO | epoch=041 train_batch=270/435 running_loss=0.096902
2026-08-19 20:09:35 | INFO | epoch=041 train_batch=280/435 running_loss=0.096736
2026-08-19 20:09:36 | INFO | epoch=041 train_batch=290/435 running_loss=0.096699
2026-08-19 20:09:36 | INFO | epoch=041 train_batch=300/435 running_loss=0.096771
2026-08-19 20:09:36 | INFO | epoch=041 train_batch=310/435 running_loss=0.096697
2026-08-19 20:09:37 | INFO | epoch=041 train_batch=320/435 running_loss=0.096561
2026-08-19 20:09:37 | INFO | epoch=041 train_batch=330/435 running_loss=0.096772
2026-08-19 20:09:37 | INFO | epoch=041 train_batch=340/435 running_loss=0.096731
2026-08-19 20:09:38 | INFO | epoch=041 train_batch=350/435 running_loss=0.096595
2026-08-19 20:09:38 | INFO | epoch=041 train_batch=360/435 running_loss=0.096626
2026-08-19 20:09:39 | INFO | epoch=041 train_batch=370/435 running_loss=0.096598
2026-08-19 20:09:39 | INFO | epoch=041 train_batch=380/435 running_loss=0.096629
2026-08-19 20:09:39 | INFO | epoch=041 train_batch=390/435 running_loss=0.096649
2026-08-19 20:09:40 | INFO | epoch=041 train_batch=400/435 running_loss=0.096787
2026-08-19 20:09:40 | INFO | epoch=041 train_batch=410/435 running_loss=0.096881
2026-08-19 20:09:40 | INFO | epoch=041 train_batch=420/435 running_loss=0.096872
2026-08-19 20:09:41 | INFO | epoch=041 train_batch=430/435 running_loss=0.096974
2026-08-19 20:09:41 | INFO | epoch=041 train_batch=435/435 running_loss=0.097081
2026-08-19 20:09:41 | INFO | epoch=041 train_loss=0.097081 validation_loss=0.197545
2026-08-19 20:09:42 | INFO | epoch=042 train_batch=10/435 running_loss=0.098996
2026-08-19 20:09:42 | INFO | epoch=042 train_batch=20/435 running_loss=0.097346
2026-08-19 20:09:42 | INFO | epoch=042 train_batch=30/435 running_loss=0.095966
2026-08-19 20:09:43 | INFO | epoch=042 train_batch=40/435 running_loss=0.099526
2026-08-19 20:09:43 | INFO | epoch=042 train_batch=50/435 running_loss=0.102065
2026-08-19 20:09:43 | INFO | epoch=042 train_batch=60/435 running_loss=0.101771
2026-08-19 20:09:44 | INFO | epoch=042 train_batch=70/435 running_loss=0.100295
2026-08-19 20:09:44 | INFO | epoch=042 train_batch=80/435 running_loss=0.099589
2026-08-19 20:09:44 | INFO | epoch=042 train_batch=90/435 running_loss=0.098658
2026-08-19 20:09:45 | INFO | epoch=042 train_batch=100/435 running_loss=0.099014
2026-08-19 20:09:45 | INFO | epoch=042 train_batch=110/435 running_loss=0.099294
2026-08-19 20:09:45 | INFO | epoch=042 train_batch=120/435 running_loss=0.099191
2026-08-19 20:09:46 | INFO | epoch=042 train_batch=130/435 running_loss=0.098515
2026-08-19 20:09:46 | INFO | epoch=042 train_batch=140/435 running_loss=0.098276
2026-08-19 20:09:46 | INFO | epoch=042 train_batch=150/435 running_loss=0.097923
2026-08-19 20:09:47 | INFO | epoch=042 train_batch=160/435 running_loss=0.097921
2026-08-19 20:09:47 | INFO | epoch=042 train_batch=170/435 running_loss=0.098097
2026-08-19 20:09:48 | INFO | epoch=042 train_batch=180/435 running_loss=0.097586
2026-08-19 20:09:48 | INFO | epoch=042 train_batch=190/435 running_loss=0.097244
2026-08-19 20:09:48 | INFO | epoch=042 train_batch=200/435 running_loss=0.096688
2026-08-19 20:09:49 | INFO | epoch=042 train_batch=210/435 running_loss=0.096797
2026-08-19 20:09:49 | INFO | epoch=042 train_batch=220/435 running_loss=0.096720
2026-08-19 20:09:49 | INFO | epoch=042 train_batch=230/435 running_loss=0.096852
2026-08-19 20:09:50 | INFO | epoch=042 train_batch=240/435 running_loss=0.096840
2026-08-19 20:09:50 | INFO | epoch=042 train_batch=250/435 running_loss=0.096736
2026-08-19 20:09:50 | INFO | epoch=042 train_batch=260/435 running_loss=0.096660
2026-08-19 20:09:51 | INFO | epoch=042 train_batch=270/435 running_loss=0.096938
2026-08-19 20:09:51 | INFO | epoch=042 train_batch=280/435 running_loss=0.096934
2026-08-19 20:09:52 | INFO | epoch=042 train_batch=290/435 running_loss=0.096963
2026-08-19 20:09:52 | INFO | epoch=042 train_batch=300/435 running_loss=0.096795
2026-08-19 20:09:52 | INFO | epoch=042 train_batch=310/435 running_loss=0.096782
2026-08-19 20:09:53 | INFO | epoch=042 train_batch=320/435 running_loss=0.096996
2026-08-19 20:09:53 | INFO | epoch=042 train_batch=330/435 running_loss=0.096805
2026-08-19 20:09:53 | INFO | epoch=042 train_batch=340/435 running_loss=0.096924
2026-08-19 20:09:54 | INFO | epoch=042 train_batch=350/435 running_loss=0.096876
2026-08-19 20:09:54 | INFO | epoch=042 train_batch=360/435 running_loss=0.096710
2026-08-19 20:09:54 | INFO | epoch=042 train_batch=370/435 running_loss=0.096557
2026-08-19 20:09:55 | INFO | epoch=042 train_batch=380/435 running_loss=0.096322
2026-08-19 20:09:55 | INFO | epoch=042 train_batch=390/435 running_loss=0.096345
2026-08-19 20:09:56 | INFO | epoch=042 train_batch=400/435 running_loss=0.096356
2026-08-19 20:09:56 | INFO | epoch=042 train_batch=410/435 running_loss=0.096300
2026-08-19 20:09:56 | INFO | epoch=042 train_batch=420/435 running_loss=0.096191
2026-08-19 20:09:57 | INFO | epoch=042 train_batch=430/435 running_loss=0.096338
2026-08-19 20:09:57 | INFO | epoch=042 train_batch=435/435 running_loss=0.096258
2026-08-19 20:09:57 | INFO | epoch=042 train_loss=0.096258 validation_loss=0.198015
2026-08-19 20:09:57 | INFO | epoch=043 train_batch=10/435 running_loss=0.099391
2026-08-19 20:09:58 | INFO | epoch=043 train_batch=20/435 running_loss=0.093632
2026-08-19 20:09:58 | INFO | epoch=043 train_batch=30/435 running_loss=0.093304
2026-08-19 20:09:59 | INFO | epoch=043 train_batch=40/435 running_loss=0.092182
2026-08-19 20:09:59 | INFO | epoch=043 train_batch=50/435 running_loss=0.093513
2026-08-19 20:09:59 | INFO | epoch=043 train_batch=60/435 running_loss=0.092936
2026-08-19 20:10:00 | INFO | epoch=043 train_batch=70/435 running_loss=0.093181
2026-08-19 20:10:00 | INFO | epoch=043 train_batch=80/435 running_loss=0.092899
2026-08-19 20:10:00 | INFO | epoch=043 train_batch=90/435 running_loss=0.092798
2026-08-19 20:10:01 | INFO | epoch=043 train_batch=100/435 running_loss=0.093453
2026-08-19 20:10:01 | INFO | epoch=043 train_batch=110/435 running_loss=0.094024
2026-08-19 20:10:01 | INFO | epoch=043 train_batch=120/435 running_loss=0.094588
2026-08-19 20:10:02 | INFO | epoch=043 train_batch=130/435 running_loss=0.094281
2026-08-19 20:10:02 | INFO | epoch=043 train_batch=140/435 running_loss=0.094546
2026-08-19 20:10:03 | INFO | epoch=043 train_batch=150/435 running_loss=0.094630
2026-08-19 20:10:03 | INFO | epoch=043 train_batch=160/435 running_loss=0.095306
2026-08-19 20:10:03 | INFO | epoch=043 train_batch=170/435 running_loss=0.095141
2026-08-19 20:10:04 | INFO | epoch=043 train_batch=180/435 running_loss=0.095028
2026-08-19 20:10:04 | INFO | epoch=043 train_batch=190/435 running_loss=0.095452
2026-08-19 20:10:04 | INFO | epoch=043 train_batch=200/435 running_loss=0.095540
2026-08-19 20:10:05 | INFO | epoch=043 train_batch=210/435 running_loss=0.095571
2026-08-19 20:10:05 | INFO | epoch=043 train_batch=220/435 running_loss=0.095487
2026-08-19 20:10:05 | INFO | epoch=043 train_batch=230/435 running_loss=0.095459
2026-08-19 20:10:06 | INFO | epoch=043 train_batch=240/435 running_loss=0.095875
2026-08-19 20:10:06 | INFO | epoch=043 train_batch=250/435 running_loss=0.096141
2026-08-19 20:10:06 | INFO | epoch=043 train_batch=260/435 running_loss=0.096132
2026-08-19 20:10:07 | INFO | epoch=043 train_batch=270/435 running_loss=0.095774
2026-08-19 20:10:07 | INFO | epoch=043 train_batch=280/435 running_loss=0.095990
2026-08-19 20:10:08 | INFO | epoch=043 train_batch=290/435 running_loss=0.095981
2026-08-19 20:10:08 | INFO | epoch=043 train_batch=300/435 running_loss=0.095931
2026-08-19 20:10:08 | INFO | epoch=043 train_batch=310/435 running_loss=0.095973
2026-08-19 20:10:09 | INFO | epoch=043 train_batch=320/435 running_loss=0.095924
2026-08-19 20:10:09 | INFO | epoch=043 train_batch=330/435 running_loss=0.095883
2026-08-19 20:10:09 | INFO | epoch=043 train_batch=340/435 running_loss=0.096081
2026-08-19 20:10:10 | INFO | epoch=043 train_batch=350/435 running_loss=0.096402
2026-08-19 20:10:10 | INFO | epoch=043 train_batch=360/435 running_loss=0.096465
2026-08-19 20:10:10 | INFO | epoch=043 train_batch=370/435 running_loss=0.096426
2026-08-19 20:10:11 | INFO | epoch=043 train_batch=380/435 running_loss=0.096548
2026-08-19 20:10:11 | INFO | epoch=043 train_batch=390/435 running_loss=0.096420
2026-08-19 20:10:12 | INFO | epoch=043 train_batch=400/435 running_loss=0.096330
2026-08-19 20:10:12 | INFO | epoch=043 train_batch=410/435 running_loss=0.096375
2026-08-19 20:10:12 | INFO | epoch=043 train_batch=420/435 running_loss=0.096351
2026-08-19 20:10:13 | INFO | epoch=043 train_batch=430/435 running_loss=0.096259
2026-08-19 20:10:13 | INFO | epoch=043 train_batch=435/435 running_loss=0.096241
2026-08-19 20:10:13 | INFO | epoch=043 train_loss=0.096241 validation_loss=0.197200
2026-08-19 20:10:13 | INFO | epoch=044 train_batch=10/435 running_loss=0.094956
2026-08-19 20:10:14 | INFO | epoch=044 train_batch=20/435 running_loss=0.093520
2026-08-19 20:10:14 | INFO | epoch=044 train_batch=30/435 running_loss=0.091457
2026-08-19 20:10:15 | INFO | epoch=044 train_batch=40/435 running_loss=0.092274
2026-08-19 20:10:15 | INFO | epoch=044 train_batch=50/435 running_loss=0.092591
2026-08-19 20:10:15 | INFO | epoch=044 train_batch=60/435 running_loss=0.093107
2026-08-19 20:10:16 | INFO | epoch=044 train_batch=70/435 running_loss=0.093780
2026-08-19 20:10:16 | INFO | epoch=044 train_batch=80/435 running_loss=0.093782
2026-08-19 20:10:16 | INFO | epoch=044 train_batch=90/435 running_loss=0.094686
2026-08-19 20:10:17 | INFO | epoch=044 train_batch=100/435 running_loss=0.095337
2026-08-19 20:10:17 | INFO | epoch=044 train_batch=110/435 running_loss=0.096154
2026-08-19 20:10:17 | INFO | epoch=044 train_batch=120/435 running_loss=0.096399
2026-08-19 20:10:18 | INFO | epoch=044 train_batch=130/435 running_loss=0.096153
2026-08-19 20:10:18 | INFO | epoch=044 train_batch=140/435 running_loss=0.095940
2026-08-19 20:10:19 | INFO | epoch=044 train_batch=150/435 running_loss=0.096188
2026-08-19 20:10:19 | INFO | epoch=044 train_batch=160/435 running_loss=0.096206
2026-08-19 20:10:19 | INFO | epoch=044 train_batch=170/435 running_loss=0.096222
2026-08-19 20:10:20 | INFO | epoch=044 train_batch=180/435 running_loss=0.096291
2026-08-19 20:10:20 | INFO | epoch=044 train_batch=190/435 running_loss=0.096552
2026-08-19 20:10:20 | INFO | epoch=044 train_batch=200/435 running_loss=0.096529
2026-08-19 20:10:21 | INFO | epoch=044 train_batch=210/435 running_loss=0.096550
2026-08-19 20:10:21 | INFO | epoch=044 train_batch=220/435 running_loss=0.096701
2026-08-19 20:10:21 | INFO | epoch=044 train_batch=230/435 running_loss=0.096975
2026-08-19 20:10:22 | INFO | epoch=044 train_batch=240/435 running_loss=0.097058
2026-08-19 20:10:22 | INFO | epoch=044 train_batch=250/435 running_loss=0.097626
2026-08-19 20:10:22 | INFO | epoch=044 train_batch=260/435 running_loss=0.097797
2026-08-19 20:10:23 | INFO | epoch=044 train_batch=270/435 running_loss=0.097522
2026-08-19 20:10:23 | INFO | epoch=044 train_batch=280/435 running_loss=0.097336
2026-08-19 20:10:24 | INFO | epoch=044 train_batch=290/435 running_loss=0.097281
2026-08-19 20:10:24 | INFO | epoch=044 train_batch=300/435 running_loss=0.097068
2026-08-19 20:10:24 | INFO | epoch=044 train_batch=310/435 running_loss=0.097031
2026-08-19 20:10:25 | INFO | epoch=044 train_batch=320/435 running_loss=0.097072
2026-08-19 20:10:25 | INFO | epoch=044 train_batch=330/435 running_loss=0.097088
2026-08-19 20:10:25 | INFO | epoch=044 train_batch=340/435 running_loss=0.097233
2026-08-19 20:10:26 | INFO | epoch=044 train_batch=350/435 running_loss=0.097180
2026-08-19 20:10:26 | INFO | epoch=044 train_batch=360/435 running_loss=0.097031
2026-08-19 20:10:26 | INFO | epoch=044 train_batch=370/435 running_loss=0.096982
2026-08-19 20:10:27 | INFO | epoch=044 train_batch=380/435 running_loss=0.096858
2026-08-19 20:10:27 | INFO | epoch=044 train_batch=390/435 running_loss=0.096850
2026-08-19 20:10:27 | INFO | epoch=044 train_batch=400/435 running_loss=0.096848
2026-08-19 20:10:28 | INFO | epoch=044 train_batch=410/435 running_loss=0.096836
2026-08-19 20:10:28 | INFO | epoch=044 train_batch=420/435 running_loss=0.096927
2026-08-19 20:10:29 | INFO | epoch=044 train_batch=430/435 running_loss=0.096953
2026-08-19 20:10:29 | INFO | epoch=044 train_batch=435/435 running_loss=0.096960
2026-08-19 20:10:29 | INFO | epoch=044 train_loss=0.096960 validation_loss=0.197582
2026-08-19 20:10:29 | INFO | epoch=045 train_batch=10/435 running_loss=0.094916
2026-08-19 20:10:30 | INFO | epoch=045 train_batch=20/435 running_loss=0.092188
2026-08-19 20:10:30 | INFO | epoch=045 train_batch=30/435 running_loss=0.092851
2026-08-19 20:10:30 | INFO | epoch=045 train_batch=40/435 running_loss=0.092450
2026-08-19 20:10:31 | INFO | epoch=045 train_batch=50/435 running_loss=0.092847
2026-08-19 20:10:31 | INFO | epoch=045 train_batch=60/435 running_loss=0.092477
2026-08-19 20:10:32 | INFO | epoch=045 train_batch=70/435 running_loss=0.091745
2026-08-19 20:10:32 | INFO | epoch=045 train_batch=80/435 running_loss=0.091378
2026-08-19 20:10:32 | INFO | epoch=045 train_batch=90/435 running_loss=0.092098
2026-08-19 20:10:33 | INFO | epoch=045 train_batch=100/435 running_loss=0.092386
2026-08-19 20:10:33 | INFO | epoch=045 train_batch=110/435 running_loss=0.092828
2026-08-19 20:10:33 | INFO | epoch=045 train_batch=120/435 running_loss=0.092941
2026-08-19 20:10:34 | INFO | epoch=045 train_batch=130/435 running_loss=0.092967
2026-08-19 20:10:34 | INFO | epoch=045 train_batch=140/435 running_loss=0.093114
2026-08-19 20:10:34 | INFO | epoch=045 train_batch=150/435 running_loss=0.093101
2026-08-19 20:10:35 | INFO | epoch=045 train_batch=160/435 running_loss=0.093288
2026-08-19 20:10:35 | INFO | epoch=045 train_batch=170/435 running_loss=0.094274
2026-08-19 20:10:35 | INFO | epoch=045 train_batch=180/435 running_loss=0.094674
2026-08-19 20:10:36 | INFO | epoch=045 train_batch=190/435 running_loss=0.095353
2026-08-19 20:10:36 | INFO | epoch=045 train_batch=200/435 running_loss=0.095213
2026-08-19 20:10:37 | INFO | epoch=045 train_batch=210/435 running_loss=0.095158
2026-08-19 20:10:37 | INFO | epoch=045 train_batch=220/435 running_loss=0.094966
2026-08-19 20:10:37 | INFO | epoch=045 train_batch=230/435 running_loss=0.094970
2026-08-19 20:10:38 | INFO | epoch=045 train_batch=240/435 running_loss=0.094819
2026-08-19 20:10:38 | INFO | epoch=045 train_batch=250/435 running_loss=0.094972
2026-08-19 20:10:38 | INFO | epoch=045 train_batch=260/435 running_loss=0.094966
2026-08-19 20:10:39 | INFO | epoch=045 train_batch=270/435 running_loss=0.095178
2026-08-19 20:10:39 | INFO | epoch=045 train_batch=280/435 running_loss=0.095336
2026-08-19 20:10:39 | INFO | epoch=045 train_batch=290/435 running_loss=0.095412
2026-08-19 20:10:40 | INFO | epoch=045 train_batch=300/435 running_loss=0.095453
2026-08-19 20:10:40 | INFO | epoch=045 train_batch=310/435 running_loss=0.095379
2026-08-19 20:10:41 | INFO | epoch=045 train_batch=320/435 running_loss=0.095624
2026-08-19 20:10:41 | INFO | epoch=045 train_batch=330/435 running_loss=0.095601
2026-08-19 20:10:41 | INFO | epoch=045 train_batch=340/435 running_loss=0.095667
2026-08-19 20:10:42 | INFO | epoch=045 train_batch=350/435 running_loss=0.095710
2026-08-19 20:10:42 | INFO | epoch=045 train_batch=360/435 running_loss=0.095665
2026-08-19 20:10:42 | INFO | epoch=045 train_batch=370/435 running_loss=0.095805
2026-08-19 20:10:43 | INFO | epoch=045 train_batch=380/435 running_loss=0.095655
2026-08-19 20:10:43 | INFO | epoch=045 train_batch=390/435 running_loss=0.095706
2026-08-19 20:10:43 | INFO | epoch=045 train_batch=400/435 running_loss=0.095525
2026-08-19 20:10:44 | INFO | epoch=045 train_batch=410/435 running_loss=0.095647
2026-08-19 20:10:44 | INFO | epoch=045 train_batch=420/435 running_loss=0.095583
2026-08-19 20:10:44 | INFO | epoch=045 train_batch=430/435 running_loss=0.095481
2026-08-19 20:10:45 | INFO | epoch=045 train_batch=435/435 running_loss=0.095461
2026-08-19 20:10:45 | INFO | epoch=045 train_loss=0.095461 validation_loss=0.194400
2026-08-19 20:10:45 | INFO | epoch=045 saved new best.pt
2026-08-19 20:10:45 | INFO | epoch=046 train_batch=10/435 running_loss=0.096446
2026-08-19 20:10:46 | INFO | epoch=046 train_batch=20/435 running_loss=0.095749
2026-08-19 20:10:46 | INFO | epoch=046 train_batch=30/435 running_loss=0.093701
2026-08-19 20:10:46 | INFO | epoch=046 train_batch=40/435 running_loss=0.092869
2026-08-19 20:10:47 | INFO | epoch=046 train_batch=50/435 running_loss=0.093647
2026-08-19 20:10:47 | INFO | epoch=046 train_batch=60/435 running_loss=0.093721
2026-08-19 20:10:48 | INFO | epoch=046 train_batch=70/435 running_loss=0.093843
2026-08-19 20:10:48 | INFO | epoch=046 train_batch=80/435 running_loss=0.093640
2026-08-19 20:10:48 | INFO | epoch=046 train_batch=90/435 running_loss=0.093184
2026-08-19 20:10:49 | INFO | epoch=046 train_batch=100/435 running_loss=0.092622
2026-08-19 20:10:49 | INFO | epoch=046 train_batch=110/435 running_loss=0.092574
2026-08-19 20:10:49 | INFO | epoch=046 train_batch=120/435 running_loss=0.092553
2026-08-19 20:10:50 | INFO | epoch=046 train_batch=130/435 running_loss=0.092793
2026-08-19 20:10:50 | INFO | epoch=046 train_batch=140/435 running_loss=0.092805
2026-08-19 20:10:50 | INFO | epoch=046 train_batch=150/435 running_loss=0.092496
2026-08-19 20:10:51 | INFO | epoch=046 train_batch=160/435 running_loss=0.092952
2026-08-19 20:10:51 | INFO | epoch=046 train_batch=170/435 running_loss=0.093154
2026-08-19 20:10:52 | INFO | epoch=046 train_batch=180/435 running_loss=0.093145
2026-08-19 20:10:52 | INFO | epoch=046 train_batch=190/435 running_loss=0.092811
2026-08-19 20:10:52 | INFO | epoch=046 train_batch=200/435 running_loss=0.092745
2026-08-19 20:10:53 | INFO | epoch=046 train_batch=210/435 running_loss=0.092973
2026-08-19 20:10:53 | INFO | epoch=046 train_batch=220/435 running_loss=0.093085
2026-08-19 20:10:53 | INFO | epoch=046 train_batch=230/435 running_loss=0.093325
2026-08-19 20:10:54 | INFO | epoch=046 train_batch=240/435 running_loss=0.093539
2026-08-19 20:10:54 | INFO | epoch=046 train_batch=250/435 running_loss=0.093965
2026-08-19 20:10:54 | INFO | epoch=046 train_batch=260/435 running_loss=0.093725
2026-08-19 20:10:55 | INFO | epoch=046 train_batch=270/435 running_loss=0.093792
2026-08-19 20:10:55 | INFO | epoch=046 train_batch=280/435 running_loss=0.093997
2026-08-19 20:10:55 | INFO | epoch=046 train_batch=290/435 running_loss=0.093895
2026-08-19 20:10:56 | INFO | epoch=046 train_batch=300/435 running_loss=0.093959
2026-08-19 20:10:56 | INFO | epoch=046 train_batch=310/435 running_loss=0.093864
2026-08-19 20:10:57 | INFO | epoch=046 train_batch=320/435 running_loss=0.093694
2026-08-19 20:10:57 | INFO | epoch=046 train_batch=330/435 running_loss=0.093719
2026-08-19 20:10:57 | INFO | epoch=046 train_batch=340/435 running_loss=0.093714
2026-08-19 20:10:58 | INFO | epoch=046 train_batch=350/435 running_loss=0.093690
2026-08-19 20:10:58 | INFO | epoch=046 train_batch=360/435 running_loss=0.093790
2026-08-19 20:10:58 | INFO | epoch=046 train_batch=370/435 running_loss=0.093800
2026-08-19 20:10:59 | INFO | epoch=046 train_batch=380/435 running_loss=0.093862
2026-08-19 20:10:59 | INFO | epoch=046 train_batch=390/435 running_loss=0.093758
2026-08-19 20:10:59 | INFO | epoch=046 train_batch=400/435 running_loss=0.093819
2026-08-19 20:11:00 | INFO | epoch=046 train_batch=410/435 running_loss=0.093897
2026-08-19 20:11:00 | INFO | epoch=046 train_batch=420/435 running_loss=0.093845
2026-08-19 20:11:01 | INFO | epoch=046 train_batch=430/435 running_loss=0.094028
2026-08-19 20:11:01 | INFO | epoch=046 train_batch=435/435 running_loss=0.094068
2026-08-19 20:11:01 | INFO | epoch=046 train_loss=0.094068 validation_loss=0.195705
2026-08-19 20:11:01 | INFO | epoch=047 train_batch=10/435 running_loss=0.089390
2026-08-19 20:11:02 | INFO | epoch=047 train_batch=20/435 running_loss=0.090452
2026-08-19 20:11:02 | INFO | epoch=047 train_batch=30/435 running_loss=0.092597
2026-08-19 20:11:02 | INFO | epoch=047 train_batch=40/435 running_loss=0.093640
2026-08-19 20:11:03 | INFO | epoch=047 train_batch=50/435 running_loss=0.092529
2026-08-19 20:11:03 | INFO | epoch=047 train_batch=60/435 running_loss=0.092781
2026-08-19 20:11:04 | INFO | epoch=047 train_batch=70/435 running_loss=0.094237
2026-08-19 20:11:04 | INFO | epoch=047 train_batch=80/435 running_loss=0.094000
2026-08-19 20:11:04 | INFO | epoch=047 train_batch=90/435 running_loss=0.093605
2026-08-19 20:11:05 | INFO | epoch=047 train_batch=100/435 running_loss=0.093074
2026-08-19 20:11:05 | INFO | epoch=047 train_batch=110/435 running_loss=0.093106
2026-08-19 20:11:05 | INFO | epoch=047 train_batch=120/435 running_loss=0.092914
2026-08-19 20:11:06 | INFO | epoch=047 train_batch=130/435 running_loss=0.092510
2026-08-19 20:11:06 | INFO | epoch=047 train_batch=140/435 running_loss=0.093044
2026-08-19 20:11:06 | INFO | epoch=047 train_batch=150/435 running_loss=0.093211
2026-08-19 20:11:07 | INFO | epoch=047 train_batch=160/435 running_loss=0.093427
2026-08-19 20:11:07 | INFO | epoch=047 train_batch=170/435 running_loss=0.093762
2026-08-19 20:11:08 | INFO | epoch=047 train_batch=180/435 running_loss=0.093716
2026-08-19 20:11:08 | INFO | epoch=047 train_batch=190/435 running_loss=0.093742
2026-08-19 20:11:08 | INFO | epoch=047 train_batch=200/435 running_loss=0.093827
2026-08-19 20:11:09 | INFO | epoch=047 train_batch=210/435 running_loss=0.094017
2026-08-19 20:11:09 | INFO | epoch=047 train_batch=220/435 running_loss=0.094543
2026-08-19 20:11:09 | INFO | epoch=047 train_batch=230/435 running_loss=0.094833
2026-08-19 20:11:10 | INFO | epoch=047 train_batch=240/435 running_loss=0.094750
2026-08-19 20:11:10 | INFO | epoch=047 train_batch=250/435 running_loss=0.094846
2026-08-19 20:11:11 | INFO | epoch=047 train_batch=260/435 running_loss=0.095084
2026-08-19 20:11:11 | INFO | epoch=047 train_batch=270/435 running_loss=0.095440
2026-08-19 20:11:11 | INFO | epoch=047 train_batch=280/435 running_loss=0.095596
2026-08-19 20:11:12 | INFO | epoch=047 train_batch=290/435 running_loss=0.095383
2026-08-19 20:11:12 | INFO | epoch=047 train_batch=300/435 running_loss=0.095222
2026-08-19 20:11:12 | INFO | epoch=047 train_batch=310/435 running_loss=0.095326
2026-08-19 20:11:13 | INFO | epoch=047 train_batch=320/435 running_loss=0.095375
2026-08-19 20:11:13 | INFO | epoch=047 train_batch=330/435 running_loss=0.095454
2026-08-19 20:11:13 | INFO | epoch=047 train_batch=340/435 running_loss=0.095374
2026-08-19 20:11:14 | INFO | epoch=047 train_batch=350/435 running_loss=0.095237
2026-08-19 20:11:14 | INFO | epoch=047 train_batch=360/435 running_loss=0.095238
2026-08-19 20:11:15 | INFO | epoch=047 train_batch=370/435 running_loss=0.095142
2026-08-19 20:11:15 | INFO | epoch=047 train_batch=380/435 running_loss=0.095145
2026-08-19 20:11:15 | INFO | epoch=047 train_batch=390/435 running_loss=0.094933
2026-08-19 20:11:16 | INFO | epoch=047 train_batch=400/435 running_loss=0.094744
2026-08-19 20:11:16 | INFO | epoch=047 train_batch=410/435 running_loss=0.094662
2026-08-19 20:11:16 | INFO | epoch=047 train_batch=420/435 running_loss=0.094621
2026-08-19 20:11:17 | INFO | epoch=047 train_batch=430/435 running_loss=0.094784
2026-08-19 20:11:17 | INFO | epoch=047 train_batch=435/435 running_loss=0.094710
2026-08-19 20:11:17 | INFO | epoch=047 train_loss=0.094710 validation_loss=0.193535
2026-08-19 20:11:17 | INFO | epoch=047 saved new best.pt
2026-08-19 20:11:18 | INFO | epoch=048 train_batch=10/435 running_loss=0.098039
2026-08-19 20:11:18 | INFO | epoch=048 train_batch=20/435 running_loss=0.098546
2026-08-19 20:11:18 | INFO | epoch=048 train_batch=30/435 running_loss=0.096443
2026-08-19 20:11:19 | INFO | epoch=048 train_batch=40/435 running_loss=0.096102
2026-08-19 20:11:19 | INFO | epoch=048 train_batch=50/435 running_loss=0.094897
2026-08-19 20:11:20 | INFO | epoch=048 train_batch=60/435 running_loss=0.095738
2026-08-19 20:11:20 | INFO | epoch=048 train_batch=70/435 running_loss=0.095476
2026-08-19 20:11:20 | INFO | epoch=048 train_batch=80/435 running_loss=0.095132
2026-08-19 20:11:21 | INFO | epoch=048 train_batch=90/435 running_loss=0.094757
2026-08-19 20:11:21 | INFO | epoch=048 train_batch=100/435 running_loss=0.095749
2026-08-19 20:11:21 | INFO | epoch=048 train_batch=110/435 running_loss=0.095205
2026-08-19 20:11:22 | INFO | epoch=048 train_batch=120/435 running_loss=0.095021
2026-08-19 20:11:22 | INFO | epoch=048 train_batch=130/435 running_loss=0.094739
2026-08-19 20:11:22 | INFO | epoch=048 train_batch=140/435 running_loss=0.094344
2026-08-19 20:11:23 | INFO | epoch=048 train_batch=150/435 running_loss=0.094087
2026-08-19 20:11:23 | INFO | epoch=048 train_batch=160/435 running_loss=0.094138
2026-08-19 20:11:24 | INFO | epoch=048 train_batch=170/435 running_loss=0.094721
2026-08-19 20:11:24 | INFO | epoch=048 train_batch=180/435 running_loss=0.094589
2026-08-19 20:11:24 | INFO | epoch=048 train_batch=190/435 running_loss=0.094668
2026-08-19 20:11:25 | INFO | epoch=048 train_batch=200/435 running_loss=0.094575
2026-08-19 20:11:25 | INFO | epoch=048 train_batch=210/435 running_loss=0.094429
2026-08-19 20:11:25 | INFO | epoch=048 train_batch=220/435 running_loss=0.094703
2026-08-19 20:11:26 | INFO | epoch=048 train_batch=230/435 running_loss=0.094656
2026-08-19 20:11:26 | INFO | epoch=048 train_batch=240/435 running_loss=0.094388
2026-08-19 20:11:26 | INFO | epoch=048 train_batch=250/435 running_loss=0.094463
2026-08-19 20:11:27 | INFO | epoch=048 train_batch=260/435 running_loss=0.094668
2026-08-19 20:11:27 | INFO | epoch=048 train_batch=270/435 running_loss=0.094466
2026-08-19 20:11:28 | INFO | epoch=048 train_batch=280/435 running_loss=0.094341
2026-08-19 20:11:28 | INFO | epoch=048 train_batch=290/435 running_loss=0.094280
2026-08-19 20:11:28 | INFO | epoch=048 train_batch=300/435 running_loss=0.094404
2026-08-19 20:11:29 | INFO | epoch=048 train_batch=310/435 running_loss=0.094483
2026-08-19 20:11:29 | INFO | epoch=048 train_batch=320/435 running_loss=0.094401
2026-08-19 20:11:29 | INFO | epoch=048 train_batch=330/435 running_loss=0.094478
2026-08-19 20:11:30 | INFO | epoch=048 train_batch=340/435 running_loss=0.094431
2026-08-19 20:11:30 | INFO | epoch=048 train_batch=350/435 running_loss=0.094145
2026-08-19 20:11:31 | INFO | epoch=048 train_batch=360/435 running_loss=0.094269
2026-08-19 20:11:31 | INFO | epoch=048 train_batch=370/435 running_loss=0.094280
2026-08-19 20:11:31 | INFO | epoch=048 train_batch=380/435 running_loss=0.094298
2026-08-19 20:11:32 | INFO | epoch=048 train_batch=390/435 running_loss=0.094299
2026-08-19 20:11:32 | INFO | epoch=048 train_batch=400/435 running_loss=0.094212
2026-08-19 20:11:32 | INFO | epoch=048 train_batch=410/435 running_loss=0.094322
2026-08-19 20:11:33 | INFO | epoch=048 train_batch=420/435 running_loss=0.094307
2026-08-19 20:11:33 | INFO | epoch=048 train_batch=430/435 running_loss=0.094267
2026-08-19 20:11:33 | INFO | epoch=048 train_batch=435/435 running_loss=0.094285
2026-08-19 20:11:34 | INFO | epoch=048 train_loss=0.094285 validation_loss=0.192694
2026-08-19 20:11:34 | INFO | epoch=048 saved new best.pt
2026-08-19 20:11:34 | INFO | epoch=049 train_batch=10/435 running_loss=0.093679
2026-08-19 20:11:34 | INFO | epoch=049 train_batch=20/435 running_loss=0.093143
2026-08-19 20:11:35 | INFO | epoch=049 train_batch=30/435 running_loss=0.094272
2026-08-19 20:11:35 | INFO | epoch=049 train_batch=40/435 running_loss=0.093328
2026-08-19 20:11:35 | INFO | epoch=049 train_batch=50/435 running_loss=0.094587
2026-08-19 20:11:36 | INFO | epoch=049 train_batch=60/435 running_loss=0.093997
2026-08-19 20:11:36 | INFO | epoch=049 train_batch=70/435 running_loss=0.093982
2026-08-19 20:11:37 | INFO | epoch=049 train_batch=80/435 running_loss=0.093869
2026-08-19 20:11:37 | INFO | epoch=049 train_batch=90/435 running_loss=0.094659
2026-08-19 20:11:37 | INFO | epoch=049 train_batch=100/435 running_loss=0.094187
2026-08-19 20:11:38 | INFO | epoch=049 train_batch=110/435 running_loss=0.093725
2026-08-19 20:11:38 | INFO | epoch=049 train_batch=120/435 running_loss=0.094192
2026-08-19 20:11:38 | INFO | epoch=049 train_batch=130/435 running_loss=0.094606
2026-08-19 20:11:39 | INFO | epoch=049 train_batch=140/435 running_loss=0.094365
2026-08-19 20:11:39 | INFO | epoch=049 train_batch=150/435 running_loss=0.094158
2026-08-19 20:11:40 | INFO | epoch=049 train_batch=160/435 running_loss=0.094458
2026-08-19 20:11:40 | INFO | epoch=049 train_batch=170/435 running_loss=0.094447
2026-08-19 20:11:40 | INFO | epoch=049 train_batch=180/435 running_loss=0.094958
2026-08-19 20:11:41 | INFO | epoch=049 train_batch=190/435 running_loss=0.094979
2026-08-19 20:11:41 | INFO | epoch=049 train_batch=200/435 running_loss=0.094929
2026-08-19 20:11:41 | INFO | epoch=049 train_batch=210/435 running_loss=0.094979
2026-08-19 20:11:42 | INFO | epoch=049 train_batch=220/435 running_loss=0.094784
2026-08-19 20:11:42 | INFO | epoch=049 train_batch=230/435 running_loss=0.094474
2026-08-19 20:11:43 | INFO | epoch=049 train_batch=240/435 running_loss=0.094542
2026-08-19 20:11:43 | INFO | epoch=049 train_batch=250/435 running_loss=0.094407
2026-08-19 20:11:43 | INFO | epoch=049 train_batch=260/435 running_loss=0.094347
2026-08-19 20:11:44 | INFO | epoch=049 train_batch=270/435 running_loss=0.094264
2026-08-19 20:11:44 | INFO | epoch=049 train_batch=280/435 running_loss=0.094141
2026-08-19 20:11:44 | INFO | epoch=049 train_batch=290/435 running_loss=0.094183
2026-08-19 20:11:45 | INFO | epoch=049 train_batch=300/435 running_loss=0.094220
2026-08-19 20:11:45 | INFO | epoch=049 train_batch=310/435 running_loss=0.094163
2026-08-19 20:11:45 | INFO | epoch=049 train_batch=320/435 running_loss=0.094136
2026-08-19 20:11:46 | INFO | epoch=049 train_batch=330/435 running_loss=0.094117
2026-08-19 20:11:46 | INFO | epoch=049 train_batch=340/435 running_loss=0.094115
2026-08-19 20:11:47 | INFO | epoch=049 train_batch=350/435 running_loss=0.094194
2026-08-19 20:11:47 | INFO | epoch=049 train_batch=360/435 running_loss=0.094196
2026-08-19 20:11:47 | INFO | epoch=049 train_batch=370/435 running_loss=0.093844
2026-08-19 20:11:48 | INFO | epoch=049 train_batch=380/435 running_loss=0.093757
2026-08-19 20:11:48 | INFO | epoch=049 train_batch=390/435 running_loss=0.093749
2026-08-19 20:11:48 | INFO | epoch=049 train_batch=400/435 running_loss=0.093766
2026-08-19 20:11:49 | INFO | epoch=049 train_batch=410/435 running_loss=0.093519
2026-08-19 20:11:49 | INFO | epoch=049 train_batch=420/435 running_loss=0.093529
2026-08-19 20:11:50 | INFO | epoch=049 train_batch=430/435 running_loss=0.093496
2026-08-19 20:11:50 | INFO | epoch=049 train_batch=435/435 running_loss=0.093581
2026-08-19 20:11:50 | INFO | epoch=049 train_loss=0.093581 validation_loss=0.192528
2026-08-19 20:11:50 | INFO | epoch=049 saved new best.pt
2026-08-19 20:11:50 | INFO | epoch=050 train_batch=10/435 running_loss=0.094096
2026-08-19 20:11:51 | INFO | epoch=050 train_batch=20/435 running_loss=0.094630
2026-08-19 20:11:51 | INFO | epoch=050 train_batch=30/435 running_loss=0.093588
2026-08-19 20:11:52 | INFO | epoch=050 train_batch=40/435 running_loss=0.094000
2026-08-19 20:11:52 | INFO | epoch=050 train_batch=50/435 running_loss=0.094276
2026-08-19 20:11:52 | INFO | epoch=050 train_batch=60/435 running_loss=0.094851
2026-08-19 20:11:53 | INFO | epoch=050 train_batch=70/435 running_loss=0.094383
2026-08-19 20:11:53 | INFO | epoch=050 train_batch=80/435 running_loss=0.094786
2026-08-19 20:11:53 | INFO | epoch=050 train_batch=90/435 running_loss=0.094992
2026-08-19 20:11:54 | INFO | epoch=050 train_batch=100/435 running_loss=0.094325
2026-08-19 20:11:54 | INFO | epoch=050 train_batch=110/435 running_loss=0.093904
2026-08-19 20:11:55 | INFO | epoch=050 train_batch=120/435 running_loss=0.093620
2026-08-19 20:11:55 | INFO | epoch=050 train_batch=130/435 running_loss=0.093833
2026-08-19 20:11:55 | INFO | epoch=050 train_batch=140/435 running_loss=0.093631
2026-08-19 20:11:56 | INFO | epoch=050 train_batch=150/435 running_loss=0.093785
2026-08-19 20:11:56 | INFO | epoch=050 train_batch=160/435 running_loss=0.093611
2026-08-19 20:11:56 | INFO | epoch=050 train_batch=170/435 running_loss=0.093119
2026-08-19 20:11:57 | INFO | epoch=050 train_batch=180/435 running_loss=0.093110
2026-08-19 20:11:57 | INFO | epoch=050 train_batch=190/435 running_loss=0.093274
2026-08-19 20:11:57 | INFO | epoch=050 train_batch=200/435 running_loss=0.093186
2026-08-19 20:11:58 | INFO | epoch=050 train_batch=210/435 running_loss=0.093559
2026-08-19 20:11:58 | INFO | epoch=050 train_batch=220/435 running_loss=0.093444
2026-08-19 20:11:59 | INFO | epoch=050 train_batch=230/435 running_loss=0.093575
2026-08-19 20:11:59 | INFO | epoch=050 train_batch=240/435 running_loss=0.093594
2026-08-19 20:11:59 | INFO | epoch=050 train_batch=250/435 running_loss=0.093550
2026-08-19 20:12:00 | INFO | epoch=050 train_batch=260/435 running_loss=0.093788
2026-08-19 20:12:00 | INFO | epoch=050 train_batch=270/435 running_loss=0.093983
2026-08-19 20:12:00 | INFO | epoch=050 train_batch=280/435 running_loss=0.093825
2026-08-19 20:12:01 | INFO | epoch=050 train_batch=290/435 running_loss=0.093794
2026-08-19 20:12:01 | INFO | epoch=050 train_batch=300/435 running_loss=0.093662
2026-08-19 20:12:01 | INFO | epoch=050 train_batch=310/435 running_loss=0.093450
2026-08-19 20:12:02 | INFO | epoch=050 train_batch=320/435 running_loss=0.093454
2026-08-19 20:12:02 | INFO | epoch=050 train_batch=330/435 running_loss=0.093179
2026-08-19 20:12:03 | INFO | epoch=050 train_batch=340/435 running_loss=0.092991
2026-08-19 20:12:03 | INFO | epoch=050 train_batch=350/435 running_loss=0.092916
2026-08-19 20:12:03 | INFO | epoch=050 train_batch=360/435 running_loss=0.093090
2026-08-19 20:12:04 | INFO | epoch=050 train_batch=370/435 running_loss=0.093281
2026-08-19 20:12:04 | INFO | epoch=050 train_batch=380/435 running_loss=0.093232
2026-08-19 20:12:04 | INFO | epoch=050 train_batch=390/435 running_loss=0.093427
2026-08-19 20:12:05 | INFO | epoch=050 train_batch=400/435 running_loss=0.093463
2026-08-19 20:12:05 | INFO | epoch=050 train_batch=410/435 running_loss=0.093391
2026-08-19 20:12:05 | INFO | epoch=050 train_batch=420/435 running_loss=0.093392
2026-08-19 20:12:06 | INFO | epoch=050 train_batch=430/435 running_loss=0.093326
2026-08-19 20:12:06 | INFO | epoch=050 train_batch=435/435 running_loss=0.093254
2026-08-19 20:12:06 | INFO | epoch=050 train_loss=0.093254 validation_loss=0.194998
2026-08-19 20:12:07 | INFO | epoch=051 train_batch=10/435 running_loss=0.090049
2026-08-19 20:12:07 | INFO | epoch=051 train_batch=20/435 running_loss=0.091493
2026-08-19 20:12:07 | INFO | epoch=051 train_batch=30/435 running_loss=0.092859
2026-08-19 20:12:08 | INFO | epoch=051 train_batch=40/435 running_loss=0.093017
2026-08-19 20:12:08 | INFO | epoch=051 train_batch=50/435 running_loss=0.093847
2026-08-19 20:12:09 | INFO | epoch=051 train_batch=60/435 running_loss=0.093429
2026-08-19 20:12:09 | INFO | epoch=051 train_batch=70/435 running_loss=0.093119
2026-08-19 20:12:09 | INFO | epoch=051 train_batch=80/435 running_loss=0.093310
2026-08-19 20:12:10 | INFO | epoch=051 train_batch=90/435 running_loss=0.092460
2026-08-19 20:12:10 | INFO | epoch=051 train_batch=100/435 running_loss=0.092419
2026-08-19 20:12:10 | INFO | epoch=051 train_batch=110/435 running_loss=0.092373
2026-08-19 20:12:11 | INFO | epoch=051 train_batch=120/435 running_loss=0.092565
2026-08-19 20:12:11 | INFO | epoch=051 train_batch=130/435 running_loss=0.092593
2026-08-19 20:12:11 | INFO | epoch=051 train_batch=140/435 running_loss=0.092495
2026-08-19 20:12:12 | INFO | epoch=051 train_batch=150/435 running_loss=0.092852
2026-08-19 20:12:12 | INFO | epoch=051 train_batch=160/435 running_loss=0.092711
2026-08-19 20:12:13 | INFO | epoch=051 train_batch=170/435 running_loss=0.092537
2026-08-19 20:12:13 | INFO | epoch=051 train_batch=180/435 running_loss=0.092632
2026-08-19 20:12:13 | INFO | epoch=051 train_batch=190/435 running_loss=0.092551
2026-08-19 20:12:14 | INFO | epoch=051 train_batch=200/435 running_loss=0.092598
2026-08-19 20:12:14 | INFO | epoch=051 train_batch=210/435 running_loss=0.092386
2026-08-19 20:12:14 | INFO | epoch=051 train_batch=220/435 running_loss=0.092437
2026-08-19 20:12:15 | INFO | epoch=051 train_batch=230/435 running_loss=0.092330
2026-08-19 20:12:15 | INFO | epoch=051 train_batch=240/435 running_loss=0.092484
2026-08-19 20:12:15 | INFO | epoch=051 train_batch=250/435 running_loss=0.092478
2026-08-19 20:12:16 | INFO | epoch=051 train_batch=260/435 running_loss=0.092472
2026-08-19 20:12:16 | INFO | epoch=051 train_batch=270/435 running_loss=0.092258
2026-08-19 20:12:17 | INFO | epoch=051 train_batch=280/435 running_loss=0.092380
2026-08-19 20:12:17 | INFO | epoch=051 train_batch=290/435 running_loss=0.092247
2026-08-19 20:12:17 | INFO | epoch=051 train_batch=300/435 running_loss=0.092433
2026-08-19 20:12:18 | INFO | epoch=051 train_batch=310/435 running_loss=0.092542
2026-08-19 20:12:18 | INFO | epoch=051 train_batch=320/435 running_loss=0.092506
2026-08-19 20:12:18 | INFO | epoch=051 train_batch=330/435 running_loss=0.092589
2026-08-19 20:12:19 | INFO | epoch=051 train_batch=340/435 running_loss=0.092532
2026-08-19 20:12:19 | INFO | epoch=051 train_batch=350/435 running_loss=0.092513
2026-08-19 20:12:19 | INFO | epoch=051 train_batch=360/435 running_loss=0.092704
2026-08-19 20:12:20 | INFO | epoch=051 train_batch=370/435 running_loss=0.092701
2026-08-19 20:12:20 | INFO | epoch=051 train_batch=380/435 running_loss=0.092570
2026-08-19 20:12:21 | INFO | epoch=051 train_batch=390/435 running_loss=0.092793
2026-08-19 20:12:21 | INFO | epoch=051 train_batch=400/435 running_loss=0.092842
2026-08-19 20:12:21 | INFO | epoch=051 train_batch=410/435 running_loss=0.093035
2026-08-19 20:12:22 | INFO | epoch=051 train_batch=420/435 running_loss=0.093241
2026-08-19 20:12:22 | INFO | epoch=051 train_batch=430/435 running_loss=0.093141
2026-08-19 20:12:22 | INFO | epoch=051 train_batch=435/435 running_loss=0.093086
2026-08-19 20:12:22 | INFO | epoch=051 train_loss=0.093086 validation_loss=0.195711
2026-08-19 20:12:23 | INFO | epoch=052 train_batch=10/435 running_loss=0.084207
2026-08-19 20:12:23 | INFO | epoch=052 train_batch=20/435 running_loss=0.090903
2026-08-19 20:12:24 | INFO | epoch=052 train_batch=30/435 running_loss=0.090750
2026-08-19 20:12:24 | INFO | epoch=052 train_batch=40/435 running_loss=0.090011
2026-08-19 20:12:24 | INFO | epoch=052 train_batch=50/435 running_loss=0.091588
2026-08-19 20:12:25 | INFO | epoch=052 train_batch=60/435 running_loss=0.092767
2026-08-19 20:12:25 | INFO | epoch=052 train_batch=70/435 running_loss=0.092993
2026-08-19 20:12:25 | INFO | epoch=052 train_batch=80/435 running_loss=0.093895
2026-08-19 20:12:26 | INFO | epoch=052 train_batch=90/435 running_loss=0.093611
2026-08-19 20:12:26 | INFO | epoch=052 train_batch=100/435 running_loss=0.093352
2026-08-19 20:12:27 | INFO | epoch=052 train_batch=110/435 running_loss=0.092736
2026-08-19 20:12:27 | INFO | epoch=052 train_batch=120/435 running_loss=0.092704
2026-08-19 20:12:27 | INFO | epoch=052 train_batch=130/435 running_loss=0.093565
2026-08-19 20:12:28 | INFO | epoch=052 train_batch=140/435 running_loss=0.093538
2026-08-19 20:12:28 | INFO | epoch=052 train_batch=150/435 running_loss=0.093904
2026-08-19 20:12:28 | INFO | epoch=052 train_batch=160/435 running_loss=0.093664
2026-08-19 20:12:29 | INFO | epoch=052 train_batch=170/435 running_loss=0.093738
2026-08-19 20:12:29 | INFO | epoch=052 train_batch=180/435 running_loss=0.093661
2026-08-19 20:12:29 | INFO | epoch=052 train_batch=190/435 running_loss=0.093769
2026-08-19 20:12:30 | INFO | epoch=052 train_batch=200/435 running_loss=0.094008
2026-08-19 20:12:30 | INFO | epoch=052 train_batch=210/435 running_loss=0.094137
2026-08-19 20:12:30 | INFO | epoch=052 train_batch=220/435 running_loss=0.094379
2026-08-19 20:12:31 | INFO | epoch=052 train_batch=230/435 running_loss=0.094104
2026-08-19 20:12:31 | INFO | epoch=052 train_batch=240/435 running_loss=0.094110
2026-08-19 20:12:32 | INFO | epoch=052 train_batch=250/435 running_loss=0.094105
2026-08-19 20:12:32 | INFO | epoch=052 train_batch=260/435 running_loss=0.093970
2026-08-19 20:12:32 | INFO | epoch=052 train_batch=270/435 running_loss=0.094135
2026-08-19 20:12:33 | INFO | epoch=052 train_batch=280/435 running_loss=0.093908
2026-08-19 20:12:33 | INFO | epoch=052 train_batch=290/435 running_loss=0.093789
2026-08-19 20:12:33 | INFO | epoch=052 train_batch=300/435 running_loss=0.093609
2026-08-19 20:12:34 | INFO | epoch=052 train_batch=310/435 running_loss=0.093438
2026-08-19 20:12:34 | INFO | epoch=052 train_batch=320/435 running_loss=0.093515
2026-08-19 20:12:34 | INFO | epoch=052 train_batch=330/435 running_loss=0.093348
2026-08-19 20:12:35 | INFO | epoch=052 train_batch=340/435 running_loss=0.093207
2026-08-19 20:12:35 | INFO | epoch=052 train_batch=350/435 running_loss=0.092978
2026-08-19 20:12:36 | INFO | epoch=052 train_batch=360/435 running_loss=0.092840
2026-08-19 20:12:36 | INFO | epoch=052 train_batch=370/435 running_loss=0.092907
2026-08-19 20:12:36 | INFO | epoch=052 train_batch=380/435 running_loss=0.092895
2026-08-19 20:12:37 | INFO | epoch=052 train_batch=390/435 running_loss=0.092871
2026-08-19 20:12:37 | INFO | epoch=052 train_batch=400/435 running_loss=0.092840
2026-08-19 20:12:37 | INFO | epoch=052 train_batch=410/435 running_loss=0.092844
2026-08-19 20:12:38 | INFO | epoch=052 train_batch=420/435 running_loss=0.092739
2026-08-19 20:12:38 | INFO | epoch=052 train_batch=430/435 running_loss=0.092805
2026-08-19 20:12:38 | INFO | epoch=052 train_batch=435/435 running_loss=0.092771
2026-08-19 20:12:39 | INFO | epoch=052 train_loss=0.092771 validation_loss=0.198195
2026-08-19 20:12:39 | INFO | epoch=053 train_batch=10/435 running_loss=0.089417
2026-08-19 20:12:39 | INFO | epoch=053 train_batch=20/435 running_loss=0.091193
2026-08-19 20:12:40 | INFO | epoch=053 train_batch=30/435 running_loss=0.090512
2026-08-19 20:12:40 | INFO | epoch=053 train_batch=40/435 running_loss=0.089866
2026-08-19 20:12:40 | INFO | epoch=053 train_batch=50/435 running_loss=0.090196
2026-08-19 20:12:41 | INFO | epoch=053 train_batch=60/435 running_loss=0.091027
2026-08-19 20:12:41 | INFO | epoch=053 train_batch=70/435 running_loss=0.090657
2026-08-19 20:12:42 | INFO | epoch=053 train_batch=80/435 running_loss=0.091178
2026-08-19 20:12:42 | INFO | epoch=053 train_batch=90/435 running_loss=0.091363
2026-08-19 20:12:42 | INFO | epoch=053 train_batch=100/435 running_loss=0.091361
2026-08-19 20:12:43 | INFO | epoch=053 train_batch=110/435 running_loss=0.091658
2026-08-19 20:12:43 | INFO | epoch=053 train_batch=120/435 running_loss=0.091752
2026-08-19 20:12:43 | INFO | epoch=053 train_batch=130/435 running_loss=0.091416
2026-08-19 20:12:44 | INFO | epoch=053 train_batch=140/435 running_loss=0.091649
2026-08-19 20:12:44 | INFO | epoch=053 train_batch=150/435 running_loss=0.091346
2026-08-19 20:12:44 | INFO | epoch=053 train_batch=160/435 running_loss=0.091625
2026-08-19 20:12:45 | INFO | epoch=053 train_batch=170/435 running_loss=0.091584
2026-08-19 20:12:45 | INFO | epoch=053 train_batch=180/435 running_loss=0.091570
2026-08-19 20:12:46 | INFO | epoch=053 train_batch=190/435 running_loss=0.092031
2026-08-19 20:12:46 | INFO | epoch=053 train_batch=200/435 running_loss=0.092213
2026-08-19 20:12:46 | INFO | epoch=053 train_batch=210/435 running_loss=0.092466
2026-08-19 20:12:47 | INFO | epoch=053 train_batch=220/435 running_loss=0.092136
2026-08-19 20:12:47 | INFO | epoch=053 train_batch=230/435 running_loss=0.092401
2026-08-19 20:12:47 | INFO | epoch=053 train_batch=240/435 running_loss=0.092198
2026-08-19 20:12:48 | INFO | epoch=053 train_batch=250/435 running_loss=0.091935
2026-08-19 20:12:48 | INFO | epoch=053 train_batch=260/435 running_loss=0.092070
2026-08-19 20:12:48 | INFO | epoch=053 train_batch=270/435 running_loss=0.092080
2026-08-19 20:12:49 | INFO | epoch=053 train_batch=280/435 running_loss=0.092097
2026-08-19 20:12:49 | INFO | epoch=053 train_batch=290/435 running_loss=0.092430
2026-08-19 20:12:49 | INFO | epoch=053 train_batch=300/435 running_loss=0.092450
2026-08-19 20:12:50 | INFO | epoch=053 train_batch=310/435 running_loss=0.092591
2026-08-19 20:12:50 | INFO | epoch=053 train_batch=320/435 running_loss=0.092577
2026-08-19 20:12:51 | INFO | epoch=053 train_batch=330/435 running_loss=0.092604
2026-08-19 20:12:51 | INFO | epoch=053 train_batch=340/435 running_loss=0.092415
2026-08-19 20:12:51 | INFO | epoch=053 train_batch=350/435 running_loss=0.092474
2026-08-19 20:12:52 | INFO | epoch=053 train_batch=360/435 running_loss=0.092499
2026-08-19 20:12:52 | INFO | epoch=053 train_batch=370/435 running_loss=0.092674
2026-08-19 20:12:52 | INFO | epoch=053 train_batch=380/435 running_loss=0.092609
2026-08-19 20:12:53 | INFO | epoch=053 train_batch=390/435 running_loss=0.092743
2026-08-19 20:12:53 | INFO | epoch=053 train_batch=400/435 running_loss=0.092876
2026-08-19 20:12:53 | INFO | epoch=053 train_batch=410/435 running_loss=0.093061
2026-08-19 20:12:54 | INFO | epoch=053 train_batch=420/435 running_loss=0.093033
2026-08-19 20:12:54 | INFO | epoch=053 train_batch=430/435 running_loss=0.092977
2026-08-19 20:12:54 | INFO | epoch=053 train_batch=435/435 running_loss=0.092982
2026-08-19 20:12:55 | INFO | epoch=053 train_loss=0.092982 validation_loss=0.189297
2026-08-19 20:12:55 | INFO | epoch=053 saved new best.pt
2026-08-19 20:12:55 | INFO | epoch=054 train_batch=10/435 running_loss=0.092451
2026-08-19 20:12:55 | INFO | epoch=054 train_batch=20/435 running_loss=0.091927
2026-08-19 20:12:56 | INFO | epoch=054 train_batch=30/435 running_loss=0.091494
2026-08-19 20:12:56 | INFO | epoch=054 train_batch=40/435 running_loss=0.091522
2026-08-19 20:12:57 | INFO | epoch=054 train_batch=50/435 running_loss=0.091666
2026-08-19 20:12:57 | INFO | epoch=054 train_batch=60/435 running_loss=0.091635
2026-08-19 20:12:57 | INFO | epoch=054 train_batch=70/435 running_loss=0.092050
2026-08-19 20:12:58 | INFO | epoch=054 train_batch=80/435 running_loss=0.091712
2026-08-19 20:12:58 | INFO | epoch=054 train_batch=90/435 running_loss=0.091205
2026-08-19 20:12:58 | INFO | epoch=054 train_batch=100/435 running_loss=0.091419
2026-08-19 20:12:59 | INFO | epoch=054 train_batch=110/435 running_loss=0.091457
2026-08-19 20:12:59 | INFO | epoch=054 train_batch=120/435 running_loss=0.091330
2026-08-19 20:12:59 | INFO | epoch=054 train_batch=130/435 running_loss=0.091095
2026-08-19 20:13:00 | INFO | epoch=054 train_batch=140/435 running_loss=0.091070
2026-08-19 20:13:00 | INFO | epoch=054 train_batch=150/435 running_loss=0.090894
2026-08-19 20:13:01 | INFO | epoch=054 train_batch=160/435 running_loss=0.091180
2026-08-19 20:13:01 | INFO | epoch=054 train_batch=170/435 running_loss=0.091119
2026-08-19 20:13:01 | INFO | epoch=054 train_batch=180/435 running_loss=0.091018
2026-08-19 20:13:02 | INFO | epoch=054 train_batch=190/435 running_loss=0.090923
2026-08-19 20:13:02 | INFO | epoch=054 train_batch=200/435 running_loss=0.090959
2026-08-19 20:13:02 | INFO | epoch=054 train_batch=210/435 running_loss=0.090982
2026-08-19 20:13:03 | INFO | epoch=054 train_batch=220/435 running_loss=0.091100
2026-08-19 20:13:03 | INFO | epoch=054 train_batch=230/435 running_loss=0.090899
2026-08-19 20:13:03 | INFO | epoch=054 train_batch=240/435 running_loss=0.090834
2026-08-19 20:13:04 | INFO | epoch=054 train_batch=250/435 running_loss=0.090939
2026-08-19 20:13:04 | INFO | epoch=054 train_batch=260/435 running_loss=0.091020
2026-08-19 20:13:05 | INFO | epoch=054 train_batch=270/435 running_loss=0.090866
2026-08-19 20:13:05 | INFO | epoch=054 train_batch=280/435 running_loss=0.091076
2026-08-19 20:13:05 | INFO | epoch=054 train_batch=290/435 running_loss=0.091180
2026-08-19 20:13:06 | INFO | epoch=054 train_batch=300/435 running_loss=0.091243
2026-08-19 20:13:06 | INFO | epoch=054 train_batch=310/435 running_loss=0.091238
2026-08-19 20:13:06 | INFO | epoch=054 train_batch=320/435 running_loss=0.091204
2026-08-19 20:13:07 | INFO | epoch=054 train_batch=330/435 running_loss=0.091004
2026-08-19 20:13:07 | INFO | epoch=054 train_batch=340/435 running_loss=0.091115
2026-08-19 20:13:07 | INFO | epoch=054 train_batch=350/435 running_loss=0.091120
2026-08-19 20:13:08 | INFO | epoch=054 train_batch=360/435 running_loss=0.091098
2026-08-19 20:13:08 | INFO | epoch=054 train_batch=370/435 running_loss=0.091042
2026-08-19 20:13:08 | INFO | epoch=054 train_batch=380/435 running_loss=0.090976
2026-08-19 20:13:09 | INFO | epoch=054 train_batch=390/435 running_loss=0.090888
2026-08-19 20:13:09 | INFO | epoch=054 train_batch=400/435 running_loss=0.091030
2026-08-19 20:13:10 | INFO | epoch=054 train_batch=410/435 running_loss=0.091125
2026-08-19 20:13:10 | INFO | epoch=054 train_batch=420/435 running_loss=0.091146
2026-08-19 20:13:10 | INFO | epoch=054 train_batch=430/435 running_loss=0.091231
2026-08-19 20:13:10 | INFO | epoch=054 train_batch=435/435 running_loss=0.091200
2026-08-19 20:13:11 | INFO | epoch=054 train_loss=0.091200 validation_loss=0.189586
2026-08-19 20:13:11 | INFO | epoch=055 train_batch=10/435 running_loss=0.088241
2026-08-19 20:13:11 | INFO | epoch=055 train_batch=20/435 running_loss=0.087495
2026-08-19 20:13:12 | INFO | epoch=055 train_batch=30/435 running_loss=0.090069
2026-08-19 20:13:12 | INFO | epoch=055 train_batch=40/435 running_loss=0.091840
2026-08-19 20:13:13 | INFO | epoch=055 train_batch=50/435 running_loss=0.092738
2026-08-19 20:13:13 | INFO | epoch=055 train_batch=60/435 running_loss=0.092253
2026-08-19 20:13:13 | INFO | epoch=055 train_batch=70/435 running_loss=0.092031
2026-08-19 20:13:14 | INFO | epoch=055 train_batch=80/435 running_loss=0.091861
2026-08-19 20:13:14 | INFO | epoch=055 train_batch=90/435 running_loss=0.092363
2026-08-19 20:13:14 | INFO | epoch=055 train_batch=100/435 running_loss=0.092069
2026-08-19 20:13:15 | INFO | epoch=055 train_batch=110/435 running_loss=0.092468
2026-08-19 20:13:15 | INFO | epoch=055 train_batch=120/435 running_loss=0.092622
2026-08-19 20:13:15 | INFO | epoch=055 train_batch=130/435 running_loss=0.092631
2026-08-19 20:13:16 | INFO | epoch=055 train_batch=140/435 running_loss=0.092799
2026-08-19 20:13:16 | INFO | epoch=055 train_batch=150/435 running_loss=0.092997
2026-08-19 20:13:16 | INFO | epoch=055 train_batch=160/435 running_loss=0.092875
2026-08-19 20:13:17 | INFO | epoch=055 train_batch=170/435 running_loss=0.093148
2026-08-19 20:13:17 | INFO | epoch=055 train_batch=180/435 running_loss=0.092821
2026-08-19 20:13:18 | INFO | epoch=055 train_batch=190/435 running_loss=0.092670
2026-08-19 20:13:18 | INFO | epoch=055 train_batch=200/435 running_loss=0.092500
2026-08-19 20:13:18 | INFO | epoch=055 train_batch=210/435 running_loss=0.092288
2026-08-19 20:13:19 | INFO | epoch=055 train_batch=220/435 running_loss=0.092150
2026-08-19 20:13:19 | INFO | epoch=055 train_batch=230/435 running_loss=0.092047
2026-08-19 20:13:19 | INFO | epoch=055 train_batch=240/435 running_loss=0.091924
2026-08-19 20:13:20 | INFO | epoch=055 train_batch=250/435 running_loss=0.091743
2026-08-19 20:13:20 | INFO | epoch=055 train_batch=260/435 running_loss=0.091559
2026-08-19 20:13:20 | INFO | epoch=055 train_batch=270/435 running_loss=0.091364
2026-08-19 20:13:21 | INFO | epoch=055 train_batch=280/435 running_loss=0.091235
2026-08-19 20:13:21 | INFO | epoch=055 train_batch=290/435 running_loss=0.091009
2026-08-19 20:13:22 | INFO | epoch=055 train_batch=300/435 running_loss=0.091054
2026-08-19 20:13:22 | INFO | epoch=055 train_batch=310/435 running_loss=0.091155
2026-08-19 20:13:22 | INFO | epoch=055 train_batch=320/435 running_loss=0.090880
2026-08-19 20:13:23 | INFO | epoch=055 train_batch=330/435 running_loss=0.091047
2026-08-19 20:13:23 | INFO | epoch=055 train_batch=340/435 running_loss=0.091163
2026-08-19 20:13:23 | INFO | epoch=055 train_batch=350/435 running_loss=0.091316
2026-08-19 20:13:24 | INFO | epoch=055 train_batch=360/435 running_loss=0.091357
2026-08-19 20:13:24 | INFO | epoch=055 train_batch=370/435 running_loss=0.091347
2026-08-19 20:13:24 | INFO | epoch=055 train_batch=380/435 running_loss=0.091191
2026-08-19 20:13:25 | INFO | epoch=055 train_batch=390/435 running_loss=0.091083
2026-08-19 20:13:25 | INFO | epoch=055 train_batch=400/435 running_loss=0.091053
2026-08-19 20:13:25 | INFO | epoch=055 train_batch=410/435 running_loss=0.091247
2026-08-19 20:13:26 | INFO | epoch=055 train_batch=420/435 running_loss=0.091363
2026-08-19 20:13:26 | INFO | epoch=055 train_batch=430/435 running_loss=0.091459
2026-08-19 20:13:26 | INFO | epoch=055 train_batch=435/435 running_loss=0.091412
2026-08-19 20:13:27 | INFO | epoch=055 train_loss=0.091412 validation_loss=0.189301
2026-08-19 20:13:27 | INFO | epoch=056 train_batch=10/435 running_loss=0.091357
2026-08-19 20:13:27 | INFO | epoch=056 train_batch=20/435 running_loss=0.086753
2026-08-19 20:13:28 | INFO | epoch=056 train_batch=30/435 running_loss=0.085734
2026-08-19 20:13:28 | INFO | epoch=056 train_batch=40/435 running_loss=0.086521
2026-08-19 20:13:28 | INFO | epoch=056 train_batch=50/435 running_loss=0.087122
2026-08-19 20:13:29 | INFO | epoch=056 train_batch=60/435 running_loss=0.087737
2026-08-19 20:13:29 | INFO | epoch=056 train_batch=70/435 running_loss=0.087377
2026-08-19 20:13:30 | INFO | epoch=056 train_batch=80/435 running_loss=0.088098
2026-08-19 20:13:30 | INFO | epoch=056 train_batch=90/435 running_loss=0.089123
2026-08-19 20:13:30 | INFO | epoch=056 train_batch=100/435 running_loss=0.089278
2026-08-19 20:13:31 | INFO | epoch=056 train_batch=110/435 running_loss=0.089334
2026-08-19 20:13:31 | INFO | epoch=056 train_batch=120/435 running_loss=0.089356
2026-08-19 20:13:31 | INFO | epoch=056 train_batch=130/435 running_loss=0.090030
2026-08-19 20:13:32 | INFO | epoch=056 train_batch=140/435 running_loss=0.090104
2026-08-19 20:13:32 | INFO | epoch=056 train_batch=150/435 running_loss=0.090009
2026-08-19 20:13:32 | INFO | epoch=056 train_batch=160/435 running_loss=0.089846
2026-08-19 20:13:33 | INFO | epoch=056 train_batch=170/435 running_loss=0.089988
2026-08-19 20:13:33 | INFO | epoch=056 train_batch=180/435 running_loss=0.089993
2026-08-19 20:13:33 | INFO | epoch=056 train_batch=190/435 running_loss=0.090189
2026-08-19 20:13:34 | INFO | epoch=056 train_batch=200/435 running_loss=0.090341
2026-08-19 20:13:34 | INFO | epoch=056 train_batch=210/435 running_loss=0.090435
2026-08-19 20:13:35 | INFO | epoch=056 train_batch=220/435 running_loss=0.090808
2026-08-19 20:13:35 | INFO | epoch=056 train_batch=230/435 running_loss=0.091006
2026-08-19 20:13:35 | INFO | epoch=056 train_batch=240/435 running_loss=0.091198
2026-08-19 20:13:36 | INFO | epoch=056 train_batch=250/435 running_loss=0.091270
2026-08-19 20:13:36 | INFO | epoch=056 train_batch=260/435 running_loss=0.091332
2026-08-19 20:13:36 | INFO | epoch=056 train_batch=270/435 running_loss=0.090970
2026-08-19 20:13:37 | INFO | epoch=056 train_batch=280/435 running_loss=0.090907
2026-08-19 20:13:37 | INFO | epoch=056 train_batch=290/435 running_loss=0.091049
2026-08-19 20:13:37 | INFO | epoch=056 train_batch=300/435 running_loss=0.091082
2026-08-19 20:13:38 | INFO | epoch=056 train_batch=310/435 running_loss=0.090954
2026-08-19 20:13:38 | INFO | epoch=056 train_batch=320/435 running_loss=0.090787
2026-08-19 20:13:38 | INFO | epoch=056 train_batch=330/435 running_loss=0.090741
2026-08-19 20:13:39 | INFO | epoch=056 train_batch=340/435 running_loss=0.090590
2026-08-19 20:13:39 | INFO | epoch=056 train_batch=350/435 running_loss=0.090720
2026-08-19 20:13:40 | INFO | epoch=056 train_batch=360/435 running_loss=0.090764
2026-08-19 20:13:40 | INFO | epoch=056 train_batch=370/435 running_loss=0.090911
2026-08-19 20:13:40 | INFO | epoch=056 train_batch=380/435 running_loss=0.090740
2026-08-19 20:13:41 | INFO | epoch=056 train_batch=390/435 running_loss=0.090826
2026-08-19 20:13:41 | INFO | epoch=056 train_batch=400/435 running_loss=0.090766
2026-08-19 20:13:41 | INFO | epoch=056 train_batch=410/435 running_loss=0.090804
2026-08-19 20:13:42 | INFO | epoch=056 train_batch=420/435 running_loss=0.090809
2026-08-19 20:13:42 | INFO | epoch=056 train_batch=430/435 running_loss=0.090981
2026-08-19 20:13:42 | INFO | epoch=056 train_batch=435/435 running_loss=0.091010
2026-08-19 20:13:43 | INFO | epoch=056 train_loss=0.091010 validation_loss=0.193386
2026-08-19 20:13:43 | INFO | epoch=057 train_batch=10/435 running_loss=0.093433
2026-08-19 20:13:43 | INFO | epoch=057 train_batch=20/435 running_loss=0.093873
2026-08-19 20:13:44 | INFO | epoch=057 train_batch=30/435 running_loss=0.094510
2026-08-19 20:13:44 | INFO | epoch=057 train_batch=40/435 running_loss=0.092760
2026-08-19 20:13:44 | INFO | epoch=057 train_batch=50/435 running_loss=0.092746
2026-08-19 20:13:45 | INFO | epoch=057 train_batch=60/435 running_loss=0.092415
2026-08-19 20:13:45 | INFO | epoch=057 train_batch=70/435 running_loss=0.092400
2026-08-19 20:13:45 | INFO | epoch=057 train_batch=80/435 running_loss=0.092746
2026-08-19 20:13:46 | INFO | epoch=057 train_batch=90/435 running_loss=0.092850
2026-08-19 20:13:46 | INFO | epoch=057 train_batch=100/435 running_loss=0.093531
2026-08-19 20:13:47 | INFO | epoch=057 train_batch=110/435 running_loss=0.092801
2026-08-19 20:13:47 | INFO | epoch=057 train_batch=120/435 running_loss=0.092528
2026-08-19 20:13:47 | INFO | epoch=057 train_batch=130/435 running_loss=0.092231
2026-08-19 20:13:48 | INFO | epoch=057 train_batch=140/435 running_loss=0.092256
2026-08-19 20:13:48 | INFO | epoch=057 train_batch=150/435 running_loss=0.092407
2026-08-19 20:13:48 | INFO | epoch=057 train_batch=160/435 running_loss=0.091993
2026-08-19 20:13:49 | INFO | epoch=057 train_batch=170/435 running_loss=0.091770
2026-08-19 20:13:49 | INFO | epoch=057 train_batch=180/435 running_loss=0.091887
2026-08-19 20:13:49 | INFO | epoch=057 train_batch=190/435 running_loss=0.091701
2026-08-19 20:13:50 | INFO | epoch=057 train_batch=200/435 running_loss=0.091768
2026-08-19 20:13:50 | INFO | epoch=057 train_batch=210/435 running_loss=0.091961
2026-08-19 20:13:51 | INFO | epoch=057 train_batch=220/435 running_loss=0.091821
2026-08-19 20:13:51 | INFO | epoch=057 train_batch=230/435 running_loss=0.091615
2026-08-19 20:13:51 | INFO | epoch=057 train_batch=240/435 running_loss=0.091604
2026-08-19 20:13:52 | INFO | epoch=057 train_batch=250/435 running_loss=0.091595
2026-08-19 20:13:52 | INFO | epoch=057 train_batch=260/435 running_loss=0.091526
2026-08-19 20:13:52 | INFO | epoch=057 train_batch=270/435 running_loss=0.091421
2026-08-19 20:13:53 | INFO | epoch=057 train_batch=280/435 running_loss=0.091410
2026-08-19 20:13:53 | INFO | epoch=057 train_batch=290/435 running_loss=0.091203
2026-08-19 20:13:53 | INFO | epoch=057 train_batch=300/435 running_loss=0.091413
2026-08-19 20:13:54 | INFO | epoch=057 train_batch=310/435 running_loss=0.091585
2026-08-19 20:13:54 | INFO | epoch=057 train_batch=320/435 running_loss=0.091479
2026-08-19 20:13:55 | INFO | epoch=057 train_batch=330/435 running_loss=0.091431
2026-08-19 20:13:55 | INFO | epoch=057 train_batch=340/435 running_loss=0.091364
2026-08-19 20:13:55 | INFO | epoch=057 train_batch=350/435 running_loss=0.091332
2026-08-19 20:13:56 | INFO | epoch=057 train_batch=360/435 running_loss=0.091418
2026-08-19 20:13:56 | INFO | epoch=057 train_batch=370/435 running_loss=0.091334
2026-08-19 20:13:56 | INFO | epoch=057 train_batch=380/435 running_loss=0.091220
2026-08-19 20:13:57 | INFO | epoch=057 train_batch=390/435 running_loss=0.091125
2026-08-19 20:13:57 | INFO | epoch=057 train_batch=400/435 running_loss=0.091049
2026-08-19 20:13:57 | INFO | epoch=057 train_batch=410/435 running_loss=0.091054
2026-08-19 20:13:58 | INFO | epoch=057 train_batch=420/435 running_loss=0.090802
2026-08-19 20:13:58 | INFO | epoch=057 train_batch=430/435 running_loss=0.090741
2026-08-19 20:13:58 | INFO | epoch=057 train_batch=435/435 running_loss=0.090724
2026-08-19 20:13:59 | INFO | epoch=057 train_loss=0.090724 validation_loss=0.189976
2026-08-19 20:13:59 | INFO | epoch=058 train_batch=10/435 running_loss=0.087624
2026-08-19 20:13:59 | INFO | epoch=058 train_batch=20/435 running_loss=0.088846
2026-08-19 20:14:00 | INFO | epoch=058 train_batch=30/435 running_loss=0.090800
2026-08-19 20:14:00 | INFO | epoch=058 train_batch=40/435 running_loss=0.090215
2026-08-19 20:14:01 | INFO | epoch=058 train_batch=50/435 running_loss=0.090387
2026-08-19 20:14:01 | INFO | epoch=058 train_batch=60/435 running_loss=0.089930
2026-08-19 20:14:01 | INFO | epoch=058 train_batch=70/435 running_loss=0.088883
2026-08-19 20:14:02 | INFO | epoch=058 train_batch=80/435 running_loss=0.089159
2026-08-19 20:14:02 | INFO | epoch=058 train_batch=90/435 running_loss=0.088432
2026-08-19 20:14:02 | INFO | epoch=058 train_batch=100/435 running_loss=0.088097
2026-08-19 20:14:03 | INFO | epoch=058 train_batch=110/435 running_loss=0.089093
2026-08-19 20:14:03 | INFO | epoch=058 train_batch=120/435 running_loss=0.089030
2026-08-19 20:14:03 | INFO | epoch=058 train_batch=130/435 running_loss=0.089770
2026-08-19 20:14:04 | INFO | epoch=058 train_batch=140/435 running_loss=0.089996
2026-08-19 20:14:04 | INFO | epoch=058 train_batch=150/435 running_loss=0.089930
2026-08-19 20:14:05 | INFO | epoch=058 train_batch=160/435 running_loss=0.089633
2026-08-19 20:14:05 | INFO | epoch=058 train_batch=170/435 running_loss=0.089847
2026-08-19 20:14:05 | INFO | epoch=058 train_batch=180/435 running_loss=0.089573
2026-08-19 20:14:06 | INFO | epoch=058 train_batch=190/435 running_loss=0.089505
2026-08-19 20:14:06 | INFO | epoch=058 train_batch=200/435 running_loss=0.089566
2026-08-19 20:14:06 | INFO | epoch=058 train_batch=210/435 running_loss=0.089602
2026-08-19 20:14:07 | INFO | epoch=058 train_batch=220/435 running_loss=0.089453
2026-08-19 20:14:07 | INFO | epoch=058 train_batch=230/435 running_loss=0.089455
2026-08-19 20:14:07 | INFO | epoch=058 train_batch=240/435 running_loss=0.089585
2026-08-19 20:14:08 | INFO | epoch=058 train_batch=250/435 running_loss=0.089779
2026-08-19 20:14:08 | INFO | epoch=058 train_batch=260/435 running_loss=0.089578
2026-08-19 20:14:09 | INFO | epoch=058 train_batch=270/435 running_loss=0.089520
2026-08-19 20:14:09 | INFO | epoch=058 train_batch=280/435 running_loss=0.089366
2026-08-19 20:14:09 | INFO | epoch=058 train_batch=290/435 running_loss=0.089172
2026-08-19 20:14:10 | INFO | epoch=058 train_batch=300/435 running_loss=0.089313
2026-08-19 20:14:10 | INFO | epoch=058 train_batch=310/435 running_loss=0.089597
2026-08-19 20:14:10 | INFO | epoch=058 train_batch=320/435 running_loss=0.089572
2026-08-19 20:14:11 | INFO | epoch=058 train_batch=330/435 running_loss=0.089693
2026-08-19 20:14:11 | INFO | epoch=058 train_batch=340/435 running_loss=0.089678
2026-08-19 20:14:12 | INFO | epoch=058 train_batch=350/435 running_loss=0.089561
2026-08-19 20:14:12 | INFO | epoch=058 train_batch=360/435 running_loss=0.089550
2026-08-19 20:14:12 | INFO | epoch=058 train_batch=370/435 running_loss=0.089687
2026-08-19 20:14:13 | INFO | epoch=058 train_batch=380/435 running_loss=0.089960
2026-08-19 20:14:13 | INFO | epoch=058 train_batch=390/435 running_loss=0.090012
2026-08-19 20:14:13 | INFO | epoch=058 train_batch=400/435 running_loss=0.090062
2026-08-19 20:14:14 | INFO | epoch=058 train_batch=410/435 running_loss=0.089867
2026-08-19 20:14:14 | INFO | epoch=058 train_batch=420/435 running_loss=0.089885
2026-08-19 20:14:14 | INFO | epoch=058 train_batch=430/435 running_loss=0.090003
2026-08-19 20:14:15 | INFO | epoch=058 train_batch=435/435 running_loss=0.089961
2026-08-19 20:14:15 | INFO | epoch=058 train_loss=0.089961 validation_loss=0.190146
2026-08-19 20:14:15 | INFO | epoch=059 train_batch=10/435 running_loss=0.091495
2026-08-19 20:14:16 | INFO | epoch=059 train_batch=20/435 running_loss=0.090264
2026-08-19 20:14:16 | INFO | epoch=059 train_batch=30/435 running_loss=0.088163
2026-08-19 20:14:16 | INFO | epoch=059 train_batch=40/435 running_loss=0.089130
2026-08-19 20:14:17 | INFO | epoch=059 train_batch=50/435 running_loss=0.090164
2026-08-19 20:14:17 | INFO | epoch=059 train_batch=60/435 running_loss=0.089667
2026-08-19 20:14:18 | INFO | epoch=059 train_batch=70/435 running_loss=0.091001
2026-08-19 20:14:18 | INFO | epoch=059 train_batch=80/435 running_loss=0.090485
2026-08-19 20:14:18 | INFO | epoch=059 train_batch=90/435 running_loss=0.089971
2026-08-19 20:14:19 | INFO | epoch=059 train_batch=100/435 running_loss=0.090179
2026-08-19 20:14:19 | INFO | epoch=059 train_batch=110/435 running_loss=0.090632
2026-08-19 20:14:19 | INFO | epoch=059 train_batch=120/435 running_loss=0.090162
2026-08-19 20:14:20 | INFO | epoch=059 train_batch=130/435 running_loss=0.089861
2026-08-19 20:14:20 | INFO | epoch=059 train_batch=140/435 running_loss=0.089614
2026-08-19 20:14:20 | INFO | epoch=059 train_batch=150/435 running_loss=0.089678
2026-08-19 20:14:21 | INFO | epoch=059 train_batch=160/435 running_loss=0.089567
2026-08-19 20:14:21 | INFO | epoch=059 train_batch=170/435 running_loss=0.089685
2026-08-19 20:14:22 | INFO | epoch=059 train_batch=180/435 running_loss=0.089869
2026-08-19 20:14:22 | INFO | epoch=059 train_batch=190/435 running_loss=0.090094
2026-08-19 20:14:22 | INFO | epoch=059 train_batch=200/435 running_loss=0.090081
2026-08-19 20:14:23 | INFO | epoch=059 train_batch=210/435 running_loss=0.090324
2026-08-19 20:14:23 | INFO | epoch=059 train_batch=220/435 running_loss=0.089986
2026-08-19 20:14:23 | INFO | epoch=059 train_batch=230/435 running_loss=0.089981
2026-08-19 20:14:24 | INFO | epoch=059 train_batch=240/435 running_loss=0.089885
2026-08-19 20:14:24 | INFO | epoch=059 train_batch=250/435 running_loss=0.089679
2026-08-19 20:14:24 | INFO | epoch=059 train_batch=260/435 running_loss=0.089654
2026-08-19 20:14:25 | INFO | epoch=059 train_batch=270/435 running_loss=0.089670
2026-08-19 20:14:25 | INFO | epoch=059 train_batch=280/435 running_loss=0.089546
2026-08-19 20:14:26 | INFO | epoch=059 train_batch=290/435 running_loss=0.089639
2026-08-19 20:14:26 | INFO | epoch=059 train_batch=300/435 running_loss=0.089399
2026-08-19 20:14:26 | INFO | epoch=059 train_batch=310/435 running_loss=0.089477
2026-08-19 20:14:27 | INFO | epoch=059 train_batch=320/435 running_loss=0.089571
2026-08-19 20:14:27 | INFO | epoch=059 train_batch=330/435 running_loss=0.089342
2026-08-19 20:14:27 | INFO | epoch=059 train_batch=340/435 running_loss=0.089353
2026-08-19 20:14:28 | INFO | epoch=059 train_batch=350/435 running_loss=0.089432
2026-08-19 20:14:28 | INFO | epoch=059 train_batch=360/435 running_loss=0.089460
2026-08-19 20:14:28 | INFO | epoch=059 train_batch=370/435 running_loss=0.089441
2026-08-19 20:14:29 | INFO | epoch=059 train_batch=380/435 running_loss=0.089567
2026-08-19 20:14:29 | INFO | epoch=059 train_batch=390/435 running_loss=0.089597
2026-08-19 20:14:30 | INFO | epoch=059 train_batch=400/435 running_loss=0.089696
2026-08-19 20:14:30 | INFO | epoch=059 train_batch=410/435 running_loss=0.090067
2026-08-19 20:14:30 | INFO | epoch=059 train_batch=420/435 running_loss=0.090142
2026-08-19 20:14:31 | INFO | epoch=059 train_batch=430/435 running_loss=0.090314
2026-08-19 20:14:31 | INFO | epoch=059 train_batch=435/435 running_loss=0.090288
2026-08-19 20:14:31 | INFO | epoch=059 train_loss=0.090288 validation_loss=0.192409
2026-08-19 20:14:32 | INFO | epoch=060 train_batch=10/435 running_loss=0.098348
2026-08-19 20:14:32 | INFO | epoch=060 train_batch=20/435 running_loss=0.091534
2026-08-19 20:14:32 | INFO | epoch=060 train_batch=30/435 running_loss=0.090420
2026-08-19 20:14:33 | INFO | epoch=060 train_batch=40/435 running_loss=0.090087
2026-08-19 20:14:33 | INFO | epoch=060 train_batch=50/435 running_loss=0.090054
2026-08-19 20:14:33 | INFO | epoch=060 train_batch=60/435 running_loss=0.089127
2026-08-19 20:14:34 | INFO | epoch=060 train_batch=70/435 running_loss=0.089355
2026-08-19 20:14:34 | INFO | epoch=060 train_batch=80/435 running_loss=0.088836
2026-08-19 20:14:34 | INFO | epoch=060 train_batch=90/435 running_loss=0.088874
2026-08-19 20:14:35 | INFO | epoch=060 train_batch=100/435 running_loss=0.088618
2026-08-19 20:14:35 | INFO | epoch=060 train_batch=110/435 running_loss=0.088793
2026-08-19 20:14:36 | INFO | epoch=060 train_batch=120/435 running_loss=0.088648
2026-08-19 20:14:36 | INFO | epoch=060 train_batch=130/435 running_loss=0.088235
2026-08-19 20:14:36 | INFO | epoch=060 train_batch=140/435 running_loss=0.088814
2026-08-19 20:14:37 | INFO | epoch=060 train_batch=150/435 running_loss=0.088463
2026-08-19 20:14:37 | INFO | epoch=060 train_batch=160/435 running_loss=0.088829
2026-08-19 20:14:37 | INFO | epoch=060 train_batch=170/435 running_loss=0.088934
2026-08-19 20:14:38 | INFO | epoch=060 train_batch=180/435 running_loss=0.089143
2026-08-19 20:14:38 | INFO | epoch=060 train_batch=190/435 running_loss=0.089528
2026-08-19 20:14:39 | INFO | epoch=060 train_batch=200/435 running_loss=0.089512
2026-08-19 20:14:39 | INFO | epoch=060 train_batch=210/435 running_loss=0.089918
2026-08-19 20:14:39 | INFO | epoch=060 train_batch=220/435 running_loss=0.089873
2026-08-19 20:14:40 | INFO | epoch=060 train_batch=230/435 running_loss=0.090120
2026-08-19 20:14:40 | INFO | epoch=060 train_batch=240/435 running_loss=0.089836
2026-08-19 20:14:40 | INFO | epoch=060 train_batch=250/435 running_loss=0.089909
2026-08-19 20:14:41 | INFO | epoch=060 train_batch=260/435 running_loss=0.089657
2026-08-19 20:14:41 | INFO | epoch=060 train_batch=270/435 running_loss=0.089710
2026-08-19 20:14:41 | INFO | epoch=060 train_batch=280/435 running_loss=0.089820
2026-08-19 20:14:42 | INFO | epoch=060 train_batch=290/435 running_loss=0.089851
2026-08-19 20:14:42 | INFO | epoch=060 train_batch=300/435 running_loss=0.089855
2026-08-19 20:14:43 | INFO | epoch=060 train_batch=310/435 running_loss=0.089802
2026-08-19 20:14:43 | INFO | epoch=060 train_batch=320/435 running_loss=0.090014
2026-08-19 20:14:43 | INFO | epoch=060 train_batch=330/435 running_loss=0.090183
2026-08-19 20:14:44 | INFO | epoch=060 train_batch=340/435 running_loss=0.089993
2026-08-19 20:14:44 | INFO | epoch=060 train_batch=350/435 running_loss=0.089946
2026-08-19 20:14:44 | INFO | epoch=060 train_batch=360/435 running_loss=0.090208
2026-08-19 20:14:45 | INFO | epoch=060 train_batch=370/435 running_loss=0.090191
2026-08-19 20:14:45 | INFO | epoch=060 train_batch=380/435 running_loss=0.090163
2026-08-19 20:14:45 | INFO | epoch=060 train_batch=390/435 running_loss=0.090208
2026-08-19 20:14:46 | INFO | epoch=060 train_batch=400/435 running_loss=0.090273
2026-08-19 20:14:46 | INFO | epoch=060 train_batch=410/435 running_loss=0.090230
2026-08-19 20:14:47 | INFO | epoch=060 train_batch=420/435 running_loss=0.090222
2026-08-19 20:14:47 | INFO | epoch=060 train_batch=430/435 running_loss=0.090182
2026-08-19 20:14:47 | INFO | epoch=060 train_batch=435/435 running_loss=0.090183
2026-08-19 20:14:47 | INFO | epoch=060 train_loss=0.090183 validation_loss=0.187280
2026-08-19 20:14:47 | INFO | epoch=060 saved new best.pt
2026-08-19 20:14:48 | INFO | epoch=061 train_batch=10/435 running_loss=0.083467
2026-08-19 20:14:48 | INFO | epoch=061 train_batch=20/435 running_loss=0.086309
2026-08-19 20:14:49 | INFO | epoch=061 train_batch=30/435 running_loss=0.086991
2026-08-19 20:14:49 | INFO | epoch=061 train_batch=40/435 running_loss=0.087802
2026-08-19 20:14:49 | INFO | epoch=061 train_batch=50/435 running_loss=0.086593
2026-08-19 20:14:50 | INFO | epoch=061 train_batch=60/435 running_loss=0.087604
2026-08-19 20:14:50 | INFO | epoch=061 train_batch=70/435 running_loss=0.087734
2026-08-19 20:14:50 | INFO | epoch=061 train_batch=80/435 running_loss=0.087896
2026-08-19 20:14:51 | INFO | epoch=061 train_batch=90/435 running_loss=0.087911
2026-08-19 20:14:51 | INFO | epoch=061 train_batch=100/435 running_loss=0.088105
2026-08-19 20:14:52 | INFO | epoch=061 train_batch=110/435 running_loss=0.087545
2026-08-19 20:14:52 | INFO | epoch=061 train_batch=120/435 running_loss=0.087687
2026-08-19 20:14:52 | INFO | epoch=061 train_batch=130/435 running_loss=0.088177
2026-08-19 20:14:53 | INFO | epoch=061 train_batch=140/435 running_loss=0.087783
2026-08-19 20:14:53 | INFO | epoch=061 train_batch=150/435 running_loss=0.088247
2026-08-19 20:14:53 | INFO | epoch=061 train_batch=160/435 running_loss=0.088370
2026-08-19 20:14:54 | INFO | epoch=061 train_batch=170/435 running_loss=0.088698
2026-08-19 20:14:54 | INFO | epoch=061 train_batch=180/435 running_loss=0.088692
2026-08-19 20:14:54 | INFO | epoch=061 train_batch=190/435 running_loss=0.088832
2026-08-19 20:14:55 | INFO | epoch=061 train_batch=200/435 running_loss=0.088905
2026-08-19 20:14:55 | INFO | epoch=061 train_batch=210/435 running_loss=0.088963
2026-08-19 20:14:56 | INFO | epoch=061 train_batch=220/435 running_loss=0.088877
2026-08-19 20:14:56 | INFO | epoch=061 train_batch=230/435 running_loss=0.088976
2026-08-19 20:14:56 | INFO | epoch=061 train_batch=240/435 running_loss=0.088926
2026-08-19 20:14:57 | INFO | epoch=061 train_batch=250/435 running_loss=0.088713
2026-08-19 20:14:57 | INFO | epoch=061 train_batch=260/435 running_loss=0.088479
2026-08-19 20:14:57 | INFO | epoch=061 train_batch=270/435 running_loss=0.088468
2026-08-19 20:14:58 | INFO | epoch=061 train_batch=280/435 running_loss=0.088556
2026-08-19 20:14:58 | INFO | epoch=061 train_batch=290/435 running_loss=0.088337
2026-08-19 20:14:58 | INFO | epoch=061 train_batch=300/435 running_loss=0.088396
2026-08-19 20:14:59 | INFO | epoch=061 train_batch=310/435 running_loss=0.088409
2026-08-19 20:14:59 | INFO | epoch=061 train_batch=320/435 running_loss=0.088490
2026-08-19 20:15:00 | INFO | epoch=061 train_batch=330/435 running_loss=0.088765
2026-08-19 20:15:00 | INFO | epoch=061 train_batch=340/435 running_loss=0.088736
2026-08-19 20:15:00 | INFO | epoch=061 train_batch=350/435 running_loss=0.088908
2026-08-19 20:15:01 | INFO | epoch=061 train_batch=360/435 running_loss=0.088993
2026-08-19 20:15:01 | INFO | epoch=061 train_batch=370/435 running_loss=0.089052
2026-08-19 20:15:01 | INFO | epoch=061 train_batch=380/435 running_loss=0.089078
2026-08-19 20:15:02 | INFO | epoch=061 train_batch=390/435 running_loss=0.089056
2026-08-19 20:15:02 | INFO | epoch=061 train_batch=400/435 running_loss=0.089134
2026-08-19 20:15:03 | INFO | epoch=061 train_batch=410/435 running_loss=0.089186
2026-08-19 20:15:03 | INFO | epoch=061 train_batch=420/435 running_loss=0.089252
2026-08-19 20:15:03 | INFO | epoch=061 train_batch=430/435 running_loss=0.089419
2026-08-19 20:15:03 | INFO | epoch=061 train_batch=435/435 running_loss=0.089433
2026-08-19 20:15:04 | INFO | epoch=061 train_loss=0.089433 validation_loss=0.185687
2026-08-19 20:15:04 | INFO | epoch=061 saved new best.pt
2026-08-19 20:15:04 | INFO | epoch=062 train_batch=10/435 running_loss=0.093245
2026-08-19 20:15:05 | INFO | epoch=062 train_batch=20/435 running_loss=0.090012
2026-08-19 20:15:05 | INFO | epoch=062 train_batch=30/435 running_loss=0.087782
2026-08-19 20:15:05 | INFO | epoch=062 train_batch=40/435 running_loss=0.086511
2026-08-19 20:15:06 | INFO | epoch=062 train_batch=50/435 running_loss=0.087025
2026-08-19 20:15:06 | INFO | epoch=062 train_batch=60/435 running_loss=0.086444
2026-08-19 20:15:06 | INFO | epoch=062 train_batch=70/435 running_loss=0.086345
2026-08-19 20:15:07 | INFO | epoch=062 train_batch=80/435 running_loss=0.086912
2026-08-19 20:15:07 | INFO | epoch=062 train_batch=90/435 running_loss=0.087066
2026-08-19 20:15:07 | INFO | epoch=062 train_batch=100/435 running_loss=0.087511
2026-08-19 20:15:08 | INFO | epoch=062 train_batch=110/435 running_loss=0.087744
2026-08-19 20:15:08 | INFO | epoch=062 train_batch=120/435 running_loss=0.087723
2026-08-19 20:15:09 | INFO | epoch=062 train_batch=130/435 running_loss=0.087591
2026-08-19 20:15:09 | INFO | epoch=062 train_batch=140/435 running_loss=0.087411
2026-08-19 20:15:09 | INFO | epoch=062 train_batch=150/435 running_loss=0.087812
2026-08-19 20:15:10 | INFO | epoch=062 train_batch=160/435 running_loss=0.087934
2026-08-19 20:15:10 | INFO | epoch=062 train_batch=170/435 running_loss=0.087981
2026-08-19 20:15:10 | INFO | epoch=062 train_batch=180/435 running_loss=0.087988
2026-08-19 20:15:11 | INFO | epoch=062 train_batch=190/435 running_loss=0.087991
2026-08-19 20:15:11 | INFO | epoch=062 train_batch=200/435 running_loss=0.088154
2026-08-19 20:15:12 | INFO | epoch=062 train_batch=210/435 running_loss=0.088215
2026-08-19 20:15:12 | INFO | epoch=062 train_batch=220/435 running_loss=0.088065
2026-08-19 20:15:12 | INFO | epoch=062 train_batch=230/435 running_loss=0.088219
2026-08-19 20:15:13 | INFO | epoch=062 train_batch=240/435 running_loss=0.088157
2026-08-19 20:15:13 | INFO | epoch=062 train_batch=250/435 running_loss=0.088505
2026-08-19 20:15:13 | INFO | epoch=062 train_batch=260/435 running_loss=0.088801
2026-08-19 20:15:14 | INFO | epoch=062 train_batch=270/435 running_loss=0.088832
2026-08-19 20:15:14 | INFO | epoch=062 train_batch=280/435 running_loss=0.088701
2026-08-19 20:15:14 | INFO | epoch=062 train_batch=290/435 running_loss=0.088606
2026-08-19 20:15:15 | INFO | epoch=062 train_batch=300/435 running_loss=0.088716
2026-08-19 20:15:15 | INFO | epoch=062 train_batch=310/435 running_loss=0.088548
2026-08-19 20:15:16 | INFO | epoch=062 train_batch=320/435 running_loss=0.088479
2026-08-19 20:15:16 | INFO | epoch=062 train_batch=330/435 running_loss=0.088412
2026-08-19 20:15:16 | INFO | epoch=062 train_batch=340/435 running_loss=0.088595
2026-08-19 20:15:17 | INFO | epoch=062 train_batch=350/435 running_loss=0.088735
2026-08-19 20:15:17 | INFO | epoch=062 train_batch=360/435 running_loss=0.088830
2026-08-19 20:15:17 | INFO | epoch=062 train_batch=370/435 running_loss=0.088924
2026-08-19 20:15:18 | INFO | epoch=062 train_batch=380/435 running_loss=0.088774
2026-08-19 20:15:18 | INFO | epoch=062 train_batch=390/435 running_loss=0.088890
2026-08-19 20:15:19 | INFO | epoch=062 train_batch=400/435 running_loss=0.089052
2026-08-19 20:15:19 | INFO | epoch=062 train_batch=410/435 running_loss=0.089271
2026-08-19 20:15:19 | INFO | epoch=062 train_batch=420/435 running_loss=0.089419
2026-08-19 20:15:20 | INFO | epoch=062 train_batch=430/435 running_loss=0.089316
2026-08-19 20:15:20 | INFO | epoch=062 train_batch=435/435 running_loss=0.089334
2026-08-19 20:15:20 | INFO | epoch=062 train_loss=0.089334 validation_loss=0.188347
2026-08-19 20:15:20 | INFO | epoch=063 train_batch=10/435 running_loss=0.087256
2026-08-19 20:15:21 | INFO | epoch=063 train_batch=20/435 running_loss=0.086592
2026-08-19 20:15:21 | INFO | epoch=063 train_batch=30/435 running_loss=0.085334
2026-08-19 20:15:22 | INFO | epoch=063 train_batch=40/435 running_loss=0.083833
2026-08-19 20:15:22 | INFO | epoch=063 train_batch=50/435 running_loss=0.084828
2026-08-19 20:15:22 | INFO | epoch=063 train_batch=60/435 running_loss=0.085263
2026-08-19 20:15:23 | INFO | epoch=063 train_batch=70/435 running_loss=0.085710
2026-08-19 20:15:23 | INFO | epoch=063 train_batch=80/435 running_loss=0.085867
2026-08-19 20:15:23 | INFO | epoch=063 train_batch=90/435 running_loss=0.085475
2026-08-19 20:15:24 | INFO | epoch=063 train_batch=100/435 running_loss=0.085474
2026-08-19 20:15:24 | INFO | epoch=063 train_batch=110/435 running_loss=0.085849
2026-08-19 20:15:25 | INFO | epoch=063 train_batch=120/435 running_loss=0.085895
2026-08-19 20:15:25 | INFO | epoch=063 train_batch=130/435 running_loss=0.085892
2026-08-19 20:15:25 | INFO | epoch=063 train_batch=140/435 running_loss=0.086095
2026-08-19 20:15:26 | INFO | epoch=063 train_batch=150/435 running_loss=0.086041
2026-08-19 20:15:26 | INFO | epoch=063 train_batch=160/435 running_loss=0.086769
2026-08-19 20:15:26 | INFO | epoch=063 train_batch=170/435 running_loss=0.087250
2026-08-19 20:15:27 | INFO | epoch=063 train_batch=180/435 running_loss=0.087528
2026-08-19 20:15:27 | INFO | epoch=063 train_batch=190/435 running_loss=0.087464
2026-08-19 20:15:27 | INFO | epoch=063 train_batch=200/435 running_loss=0.087553
2026-08-19 20:15:28 | INFO | epoch=063 train_batch=210/435 running_loss=0.087453
2026-08-19 20:15:28 | INFO | epoch=063 train_batch=220/435 running_loss=0.087494
2026-08-19 20:15:29 | INFO | epoch=063 train_batch=230/435 running_loss=0.087314
2026-08-19 20:15:29 | INFO | epoch=063 train_batch=240/435 running_loss=0.087439
2026-08-19 20:15:29 | INFO | epoch=063 train_batch=250/435 running_loss=0.087671
2026-08-19 20:15:30 | INFO | epoch=063 train_batch=260/435 running_loss=0.087801
2026-08-19 20:15:30 | INFO | epoch=063 train_batch=270/435 running_loss=0.087801
2026-08-19 20:15:30 | INFO | epoch=063 train_batch=280/435 running_loss=0.087856
2026-08-19 20:15:31 | INFO | epoch=063 train_batch=290/435 running_loss=0.087762
2026-08-19 20:15:31 | INFO | epoch=063 train_batch=300/435 running_loss=0.087827
2026-08-19 20:15:31 | INFO | epoch=063 train_batch=310/435 running_loss=0.087922
2026-08-19 20:15:32 | INFO | epoch=063 train_batch=320/435 running_loss=0.087999
2026-08-19 20:15:32 | INFO | epoch=063 train_batch=330/435 running_loss=0.087974
2026-08-19 20:15:33 | INFO | epoch=063 train_batch=340/435 running_loss=0.088112
2026-08-19 20:15:33 | INFO | epoch=063 train_batch=350/435 running_loss=0.088357
2026-08-19 20:15:33 | INFO | epoch=063 train_batch=360/435 running_loss=0.088556
2026-08-19 20:15:34 | INFO | epoch=063 train_batch=370/435 running_loss=0.088556
2026-08-19 20:15:34 | INFO | epoch=063 train_batch=380/435 running_loss=0.088719
2026-08-19 20:15:34 | INFO | epoch=063 train_batch=390/435 running_loss=0.088755
2026-08-19 20:15:35 | INFO | epoch=063 train_batch=400/435 running_loss=0.088792
2026-08-19 20:15:35 | INFO | epoch=063 train_batch=410/435 running_loss=0.088668
2026-08-19 20:15:35 | INFO | epoch=063 train_batch=420/435 running_loss=0.088744
2026-08-19 20:15:36 | INFO | epoch=063 train_batch=430/435 running_loss=0.088747
2026-08-19 20:15:36 | INFO | epoch=063 train_batch=435/435 running_loss=0.088902
2026-08-19 20:15:36 | INFO | epoch=063 train_loss=0.088902 validation_loss=0.185788
2026-08-19 20:15:37 | INFO | epoch=064 train_batch=10/435 running_loss=0.091440
2026-08-19 20:15:37 | INFO | epoch=064 train_batch=20/435 running_loss=0.089026
2026-08-19 20:15:37 | INFO | epoch=064 train_batch=30/435 running_loss=0.088646
2026-08-19 20:15:38 | INFO | epoch=064 train_batch=40/435 running_loss=0.090556
2026-08-19 20:15:38 | INFO | epoch=064 train_batch=50/435 running_loss=0.090214
2026-08-19 20:15:39 | INFO | epoch=064 train_batch=60/435 running_loss=0.090495
2026-08-19 20:15:39 | INFO | epoch=064 train_batch=70/435 running_loss=0.091002
2026-08-19 20:15:39 | INFO | epoch=064 train_batch=80/435 running_loss=0.090445
2026-08-19 20:15:40 | INFO | epoch=064 train_batch=90/435 running_loss=0.090693
2026-08-19 20:15:40 | INFO | epoch=064 train_batch=100/435 running_loss=0.090446
2026-08-19 20:15:40 | INFO | epoch=064 train_batch=110/435 running_loss=0.090297
2026-08-19 20:15:41 | INFO | epoch=064 train_batch=120/435 running_loss=0.090150
2026-08-19 20:15:41 | INFO | epoch=064 train_batch=130/435 running_loss=0.089742
2026-08-19 20:15:42 | INFO | epoch=064 train_batch=140/435 running_loss=0.090065
2026-08-19 20:15:42 | INFO | epoch=064 train_batch=150/435 running_loss=0.090250
2026-08-19 20:15:42 | INFO | epoch=064 train_batch=160/435 running_loss=0.090262
2026-08-19 20:15:43 | INFO | epoch=064 train_batch=170/435 running_loss=0.090738
2026-08-19 20:15:43 | INFO | epoch=064 train_batch=180/435 running_loss=0.090884
2026-08-19 20:15:43 | INFO | epoch=064 train_batch=190/435 running_loss=0.090774
2026-08-19 20:15:44 | INFO | epoch=064 train_batch=200/435 running_loss=0.090702
2026-08-19 20:15:44 | INFO | epoch=064 train_batch=210/435 running_loss=0.090549
2026-08-19 20:15:44 | INFO | epoch=064 train_batch=220/435 running_loss=0.090246
2026-08-19 20:15:45 | INFO | epoch=064 train_batch=230/435 running_loss=0.089902
2026-08-19 20:15:45 | INFO | epoch=064 train_batch=240/435 running_loss=0.089955
2026-08-19 20:15:46 | INFO | epoch=064 train_batch=250/435 running_loss=0.089738
2026-08-19 20:15:46 | INFO | epoch=064 train_batch=260/435 running_loss=0.090069
2026-08-19 20:15:46 | INFO | epoch=064 train_batch=270/435 running_loss=0.089974
2026-08-19 20:15:47 | INFO | epoch=064 train_batch=280/435 running_loss=0.090033
2026-08-19 20:15:47 | INFO | epoch=064 train_batch=290/435 running_loss=0.090105
2026-08-19 20:15:47 | INFO | epoch=064 train_batch=300/435 running_loss=0.090086
2026-08-19 20:15:48 | INFO | epoch=064 train_batch=310/435 running_loss=0.089698
2026-08-19 20:15:48 | INFO | epoch=064 train_batch=320/435 running_loss=0.089524
2026-08-19 20:15:48 | INFO | epoch=064 train_batch=330/435 running_loss=0.089450
2026-08-19 20:15:49 | INFO | epoch=064 train_batch=340/435 running_loss=0.089599
2026-08-19 20:15:49 | INFO | epoch=064 train_batch=350/435 running_loss=0.089593
2026-08-19 20:15:50 | INFO | epoch=064 train_batch=360/435 running_loss=0.089406
2026-08-19 20:15:50 | INFO | epoch=064 train_batch=370/435 running_loss=0.089396
2026-08-19 20:15:50 | INFO | epoch=064 train_batch=380/435 running_loss=0.089331
2026-08-19 20:15:51 | INFO | epoch=064 train_batch=390/435 running_loss=0.089489
2026-08-19 20:15:51 | INFO | epoch=064 train_batch=400/435 running_loss=0.089292
2026-08-19 20:15:51 | INFO | epoch=064 train_batch=410/435 running_loss=0.089229
2026-08-19 20:15:52 | INFO | epoch=064 train_batch=420/435 running_loss=0.089194
2026-08-19 20:15:52 | INFO | epoch=064 train_batch=430/435 running_loss=0.089389
2026-08-19 20:15:52 | INFO | epoch=064 train_batch=435/435 running_loss=0.089314
2026-08-19 20:15:53 | INFO | epoch=064 train_loss=0.089314 validation_loss=0.186973
2026-08-19 20:15:53 | INFO | epoch=065 train_batch=10/435 running_loss=0.085734
2026-08-19 20:15:53 | INFO | epoch=065 train_batch=20/435 running_loss=0.087423
2026-08-19 20:15:54 | INFO | epoch=065 train_batch=30/435 running_loss=0.088870
2026-08-19 20:15:54 | INFO | epoch=065 train_batch=40/435 running_loss=0.090071
2026-08-19 20:15:54 | INFO | epoch=065 train_batch=50/435 running_loss=0.090165
2026-08-19 20:15:55 | INFO | epoch=065 train_batch=60/435 running_loss=0.089661
2026-08-19 20:15:55 | INFO | epoch=065 train_batch=70/435 running_loss=0.089130
2026-08-19 20:15:56 | INFO | epoch=065 train_batch=80/435 running_loss=0.088872
2026-08-19 20:15:56 | INFO | epoch=065 train_batch=90/435 running_loss=0.089712
2026-08-19 20:15:56 | INFO | epoch=065 train_batch=100/435 running_loss=0.088658
2026-08-19 20:15:57 | INFO | epoch=065 train_batch=110/435 running_loss=0.088547
2026-08-19 20:15:57 | INFO | epoch=065 train_batch=120/435 running_loss=0.088284
2026-08-19 20:15:57 | INFO | epoch=065 train_batch=130/435 running_loss=0.087711
2026-08-19 20:15:58 | INFO | epoch=065 train_batch=140/435 running_loss=0.087765
2026-08-19 20:15:58 | INFO | epoch=065 train_batch=150/435 running_loss=0.088092
2026-08-19 20:15:58 | INFO | epoch=065 train_batch=160/435 running_loss=0.088152
2026-08-19 20:15:59 | INFO | epoch=065 train_batch=170/435 running_loss=0.088574
2026-08-19 20:15:59 | INFO | epoch=065 train_batch=180/435 running_loss=0.088562
2026-08-19 20:16:00 | INFO | epoch=065 train_batch=190/435 running_loss=0.088773
2026-08-19 20:16:00 | INFO | epoch=065 train_batch=200/435 running_loss=0.088949
2026-08-19 20:16:00 | INFO | epoch=065 train_batch=210/435 running_loss=0.088888
2026-08-19 20:16:01 | INFO | epoch=065 train_batch=220/435 running_loss=0.088861
2026-08-19 20:16:01 | INFO | epoch=065 train_batch=230/435 running_loss=0.088757
2026-08-19 20:16:01 | INFO | epoch=065 train_batch=240/435 running_loss=0.088602
2026-08-19 20:16:02 | INFO | epoch=065 train_batch=250/435 running_loss=0.088614
2026-08-19 20:16:02 | INFO | epoch=065 train_batch=260/435 running_loss=0.088554
2026-08-19 20:16:03 | INFO | epoch=065 train_batch=270/435 running_loss=0.088665
2026-08-19 20:16:03 | INFO | epoch=065 train_batch=280/435 running_loss=0.088615
2026-08-19 20:16:03 | INFO | epoch=065 train_batch=290/435 running_loss=0.088536
2026-08-19 20:16:04 | INFO | epoch=065 train_batch=300/435 running_loss=0.088426
2026-08-19 20:16:04 | INFO | epoch=065 train_batch=310/435 running_loss=0.088377
2026-08-19 20:16:04 | INFO | epoch=065 train_batch=320/435 running_loss=0.088224
2026-08-19 20:16:05 | INFO | epoch=065 train_batch=330/435 running_loss=0.088113
2026-08-19 20:16:05 | INFO | epoch=065 train_batch=340/435 running_loss=0.088346
2026-08-19 20:16:05 | INFO | epoch=065 train_batch=350/435 running_loss=0.088466
2026-08-19 20:16:06 | INFO | epoch=065 train_batch=360/435 running_loss=0.088403
2026-08-19 20:16:06 | INFO | epoch=065 train_batch=370/435 running_loss=0.088395
2026-08-19 20:16:07 | INFO | epoch=065 train_batch=380/435 running_loss=0.088379
2026-08-19 20:16:07 | INFO | epoch=065 train_batch=390/435 running_loss=0.088409
2026-08-19 20:16:07 | INFO | epoch=065 train_batch=400/435 running_loss=0.088422
2026-08-19 20:16:08 | INFO | epoch=065 train_batch=410/435 running_loss=0.088395
2026-08-19 20:16:08 | INFO | epoch=065 train_batch=420/435 running_loss=0.088320
2026-08-19 20:16:08 | INFO | epoch=065 train_batch=430/435 running_loss=0.088254
2026-08-19 20:16:09 | INFO | epoch=065 train_batch=435/435 running_loss=0.088207
2026-08-19 20:16:09 | INFO | epoch=065 train_loss=0.088207 validation_loss=0.186179
2026-08-19 20:16:09 | INFO | epoch=066 train_batch=10/435 running_loss=0.081375
2026-08-19 20:16:10 | INFO | epoch=066 train_batch=20/435 running_loss=0.089243
2026-08-19 20:16:10 | INFO | epoch=066 train_batch=30/435 running_loss=0.088491
2026-08-19 20:16:10 | INFO | epoch=066 train_batch=40/435 running_loss=0.088342
2026-08-19 20:16:11 | INFO | epoch=066 train_batch=50/435 running_loss=0.088273
2026-08-19 20:16:11 | INFO | epoch=066 train_batch=60/435 running_loss=0.088804
2026-08-19 20:16:11 | INFO | epoch=066 train_batch=70/435 running_loss=0.088259
2026-08-19 20:16:12 | INFO | epoch=066 train_batch=80/435 running_loss=0.087805
2026-08-19 20:16:12 | INFO | epoch=066 train_batch=90/435 running_loss=0.087999
2026-08-19 20:16:13 | INFO | epoch=066 train_batch=100/435 running_loss=0.087675
2026-08-19 20:16:13 | INFO | epoch=066 train_batch=110/435 running_loss=0.087544
2026-08-19 20:16:13 | INFO | epoch=066 train_batch=120/435 running_loss=0.087188
2026-08-19 20:16:14 | INFO | epoch=066 train_batch=130/435 running_loss=0.087040
2026-08-19 20:16:14 | INFO | epoch=066 train_batch=140/435 running_loss=0.087053
2026-08-19 20:16:14 | INFO | epoch=066 train_batch=150/435 running_loss=0.087369
2026-08-19 20:16:15 | INFO | epoch=066 train_batch=160/435 running_loss=0.087519
2026-08-19 20:16:15 | INFO | epoch=066 train_batch=170/435 running_loss=0.087730
2026-08-19 20:16:15 | INFO | epoch=066 train_batch=180/435 running_loss=0.087654
2026-08-19 20:16:16 | INFO | epoch=066 train_batch=190/435 running_loss=0.087544
2026-08-19 20:16:16 | INFO | epoch=066 train_batch=200/435 running_loss=0.087844
2026-08-19 20:16:17 | INFO | epoch=066 train_batch=210/435 running_loss=0.087881
2026-08-19 20:16:17 | INFO | epoch=066 train_batch=220/435 running_loss=0.088015
2026-08-19 20:16:17 | INFO | epoch=066 train_batch=230/435 running_loss=0.087973
2026-08-19 20:16:18 | INFO | epoch=066 train_batch=240/435 running_loss=0.087943
2026-08-19 20:16:18 | INFO | epoch=066 train_batch=250/435 running_loss=0.087801
2026-08-19 20:16:18 | INFO | epoch=066 train_batch=260/435 running_loss=0.087833
2026-08-19 20:16:19 | INFO | epoch=066 train_batch=270/435 running_loss=0.087749
2026-08-19 20:16:19 | INFO | epoch=066 train_batch=280/435 running_loss=0.087681
2026-08-19 20:16:19 | INFO | epoch=066 train_batch=290/435 running_loss=0.087800
2026-08-19 20:16:20 | INFO | epoch=066 train_batch=300/435 running_loss=0.087763
2026-08-19 20:16:20 | INFO | epoch=066 train_batch=310/435 running_loss=0.087636
2026-08-19 20:16:21 | INFO | epoch=066 train_batch=320/435 running_loss=0.087785
2026-08-19 20:16:21 | INFO | epoch=066 train_batch=330/435 running_loss=0.087969
2026-08-19 20:16:21 | INFO | epoch=066 train_batch=340/435 running_loss=0.087981
2026-08-19 20:16:22 | INFO | epoch=066 train_batch=350/435 running_loss=0.087763
2026-08-19 20:16:22 | INFO | epoch=066 train_batch=360/435 running_loss=0.087654
2026-08-19 20:16:22 | INFO | epoch=066 train_batch=370/435 running_loss=0.087567
2026-08-19 20:16:23 | INFO | epoch=066 train_batch=380/435 running_loss=0.087561
2026-08-19 20:16:23 | INFO | epoch=066 train_batch=390/435 running_loss=0.087482
2026-08-19 20:16:23 | INFO | epoch=066 train_batch=400/435 running_loss=0.087636
2026-08-19 20:16:24 | INFO | epoch=066 train_batch=410/435 running_loss=0.087704
2026-08-19 20:16:24 | INFO | epoch=066 train_batch=420/435 running_loss=0.087621
2026-08-19 20:16:25 | INFO | epoch=066 train_batch=430/435 running_loss=0.087541
2026-08-19 20:16:25 | INFO | epoch=066 train_batch=435/435 running_loss=0.087482
2026-08-19 20:16:25 | INFO | epoch=066 train_loss=0.087482 validation_loss=0.185506
2026-08-19 20:16:25 | INFO | epoch=066 saved new best.pt
2026-08-19 20:16:25 | INFO | epoch=067 train_batch=10/435 running_loss=0.089010
2026-08-19 20:16:26 | INFO | epoch=067 train_batch=20/435 running_loss=0.088784
2026-08-19 20:16:26 | INFO | epoch=067 train_batch=30/435 running_loss=0.088156
2026-08-19 20:16:27 | INFO | epoch=067 train_batch=40/435 running_loss=0.089221
2026-08-19 20:16:27 | INFO | epoch=067 train_batch=50/435 running_loss=0.089801
2026-08-19 20:16:27 | INFO | epoch=067 train_batch=60/435 running_loss=0.088776
2026-08-19 20:16:28 | INFO | epoch=067 train_batch=70/435 running_loss=0.088696
2026-08-19 20:16:28 | INFO | epoch=067 train_batch=80/435 running_loss=0.089067
2026-08-19 20:16:28 | INFO | epoch=067 train_batch=90/435 running_loss=0.089378
2026-08-19 20:16:29 | INFO | epoch=067 train_batch=100/435 running_loss=0.089202
2026-08-19 20:16:29 | INFO | epoch=067 train_batch=110/435 running_loss=0.089225
2026-08-19 20:16:29 | INFO | epoch=067 train_batch=120/435 running_loss=0.088779
2026-08-19 20:16:30 | INFO | epoch=067 train_batch=130/435 running_loss=0.088196
2026-08-19 20:16:30 | INFO | epoch=067 train_batch=140/435 running_loss=0.087864
2026-08-19 20:16:31 | INFO | epoch=067 train_batch=150/435 running_loss=0.087236
2026-08-19 20:16:31 | INFO | epoch=067 train_batch=160/435 running_loss=0.087311
2026-08-19 20:16:31 | INFO | epoch=067 train_batch=170/435 running_loss=0.087158
2026-08-19 20:16:32 | INFO | epoch=067 train_batch=180/435 running_loss=0.087361
2026-08-19 20:16:32 | INFO | epoch=067 train_batch=190/435 running_loss=0.087406
2026-08-19 20:16:32 | INFO | epoch=067 train_batch=200/435 running_loss=0.087513
2026-08-19 20:16:33 | INFO | epoch=067 train_batch=210/435 running_loss=0.087381
2026-08-19 20:16:33 | INFO | epoch=067 train_batch=220/435 running_loss=0.087117
2026-08-19 20:16:33 | INFO | epoch=067 train_batch=230/435 running_loss=0.087086
2026-08-19 20:16:34 | INFO | epoch=067 train_batch=240/435 running_loss=0.087021
2026-08-19 20:16:34 | INFO | epoch=067 train_batch=250/435 running_loss=0.087140
2026-08-19 20:16:34 | INFO | epoch=067 train_batch=260/435 running_loss=0.086957
2026-08-19 20:16:35 | INFO | epoch=067 train_batch=270/435 running_loss=0.087004
2026-08-19 20:16:35 | INFO | epoch=067 train_batch=280/435 running_loss=0.086914
2026-08-19 20:16:36 | INFO | epoch=067 train_batch=290/435 running_loss=0.086992
2026-08-19 20:16:36 | INFO | epoch=067 train_batch=300/435 running_loss=0.086921
2026-08-19 20:16:36 | INFO | epoch=067 train_batch=310/435 running_loss=0.086838
2026-08-19 20:16:37 | INFO | epoch=067 train_batch=320/435 running_loss=0.086936
2026-08-19 20:16:37 | INFO | epoch=067 train_batch=330/435 running_loss=0.086962
2026-08-19 20:16:37 | INFO | epoch=067 train_batch=340/435 running_loss=0.087046
2026-08-19 20:16:38 | INFO | epoch=067 train_batch=350/435 running_loss=0.087082
2026-08-19 20:16:38 | INFO | epoch=067 train_batch=360/435 running_loss=0.086829
2026-08-19 20:16:38 | INFO | epoch=067 train_batch=370/435 running_loss=0.086770
2026-08-19 20:16:39 | INFO | epoch=067 train_batch=380/435 running_loss=0.086700
2026-08-19 20:16:39 | INFO | epoch=067 train_batch=390/435 running_loss=0.086911
2026-08-19 20:16:40 | INFO | epoch=067 train_batch=400/435 running_loss=0.087064
2026-08-19 20:16:40 | INFO | epoch=067 train_batch=410/435 running_loss=0.087203
2026-08-19 20:16:40 | INFO | epoch=067 train_batch=420/435 running_loss=0.087236
2026-08-19 20:16:41 | INFO | epoch=067 train_batch=430/435 running_loss=0.087325
2026-08-19 20:16:41 | INFO | epoch=067 train_batch=435/435 running_loss=0.087245
2026-08-19 20:16:41 | INFO | epoch=067 train_loss=0.087245 validation_loss=0.187220
2026-08-19 20:16:41 | INFO | epoch=068 train_batch=10/435 running_loss=0.084121
2026-08-19 20:16:42 | INFO | epoch=068 train_batch=20/435 running_loss=0.086869
2026-08-19 20:16:42 | INFO | epoch=068 train_batch=30/435 running_loss=0.087320
2026-08-19 20:16:43 | INFO | epoch=068 train_batch=40/435 running_loss=0.085851
2026-08-19 20:16:43 | INFO | epoch=068 train_batch=50/435 running_loss=0.085023
2026-08-19 20:16:43 | INFO | epoch=068 train_batch=60/435 running_loss=0.085410
2026-08-19 20:16:44 | INFO | epoch=068 train_batch=70/435 running_loss=0.087493
2026-08-19 20:16:44 | INFO | epoch=068 train_batch=80/435 running_loss=0.087736
2026-08-19 20:16:44 | INFO | epoch=068 train_batch=90/435 running_loss=0.087779
2026-08-19 20:16:45 | INFO | epoch=068 train_batch=100/435 running_loss=0.087270
2026-08-19 20:16:45 | INFO | epoch=068 train_batch=110/435 running_loss=0.086767
2026-08-19 20:16:45 | INFO | epoch=068 train_batch=120/435 running_loss=0.087075
2026-08-19 20:16:46 | INFO | epoch=068 train_batch=130/435 running_loss=0.087331
2026-08-19 20:16:46 | INFO | epoch=068 train_batch=140/435 running_loss=0.087227
2026-08-19 20:16:46 | INFO | epoch=068 train_batch=150/435 running_loss=0.087086
2026-08-19 20:16:47 | INFO | epoch=068 train_batch=160/435 running_loss=0.087322
2026-08-19 20:16:47 | INFO | epoch=068 train_batch=170/435 running_loss=0.087387
2026-08-19 20:16:48 | INFO | epoch=068 train_batch=180/435 running_loss=0.087182
2026-08-19 20:16:48 | INFO | epoch=068 train_batch=190/435 running_loss=0.087227
2026-08-19 20:16:48 | INFO | epoch=068 train_batch=200/435 running_loss=0.087407
2026-08-19 20:16:49 | INFO | epoch=068 train_batch=210/435 running_loss=0.087465
2026-08-19 20:16:49 | INFO | epoch=068 train_batch=220/435 running_loss=0.087242
2026-08-19 20:16:49 | INFO | epoch=068 train_batch=230/435 running_loss=0.087432
2026-08-19 20:16:50 | INFO | epoch=068 train_batch=240/435 running_loss=0.087169
2026-08-19 20:16:50 | INFO | epoch=068 train_batch=250/435 running_loss=0.086986
2026-08-19 20:16:50 | INFO | epoch=068 train_batch=260/435 running_loss=0.086869
2026-08-19 20:16:51 | INFO | epoch=068 train_batch=270/435 running_loss=0.086983
2026-08-19 20:16:51 | INFO | epoch=068 train_batch=280/435 running_loss=0.087219
2026-08-19 20:16:51 | INFO | epoch=068 train_batch=290/435 running_loss=0.087075
2026-08-19 20:16:52 | INFO | epoch=068 train_batch=300/435 running_loss=0.086997
2026-08-19 20:16:52 | INFO | epoch=068 train_batch=310/435 running_loss=0.086909
2026-08-19 20:16:53 | INFO | epoch=068 train_batch=320/435 running_loss=0.086872
2026-08-19 20:16:53 | INFO | epoch=068 train_batch=330/435 running_loss=0.086998
2026-08-19 20:16:53 | INFO | epoch=068 train_batch=340/435 running_loss=0.087165
2026-08-19 20:16:54 | INFO | epoch=068 train_batch=350/435 running_loss=0.087453
2026-08-19 20:16:54 | INFO | epoch=068 train_batch=360/435 running_loss=0.087580
2026-08-19 20:16:54 | INFO | epoch=068 train_batch=370/435 running_loss=0.087478
2026-08-19 20:16:55 | INFO | epoch=068 train_batch=380/435 running_loss=0.087390
2026-08-19 20:16:55 | INFO | epoch=068 train_batch=390/435 running_loss=0.087470
2026-08-19 20:16:55 | INFO | epoch=068 train_batch=400/435 running_loss=0.087424
2026-08-19 20:16:56 | INFO | epoch=068 train_batch=410/435 running_loss=0.087518
2026-08-19 20:16:56 | INFO | epoch=068 train_batch=420/435 running_loss=0.087622
2026-08-19 20:16:57 | INFO | epoch=068 train_batch=430/435 running_loss=0.087595
2026-08-19 20:16:57 | INFO | epoch=068 train_batch=435/435 running_loss=0.087644
2026-08-19 20:16:57 | INFO | epoch=068 train_loss=0.087644 validation_loss=0.182930
2026-08-19 20:16:57 | INFO | epoch=068 saved new best.pt
2026-08-19 20:16:57 | INFO | epoch=069 train_batch=10/435 running_loss=0.087286
2026-08-19 20:16:58 | INFO | epoch=069 train_batch=20/435 running_loss=0.084173
2026-08-19 20:16:58 | INFO | epoch=069 train_batch=30/435 running_loss=0.084359
2026-08-19 20:16:59 | INFO | epoch=069 train_batch=40/435 running_loss=0.084118
2026-08-19 20:16:59 | INFO | epoch=069 train_batch=50/435 running_loss=0.083964
2026-08-19 20:16:59 | INFO | epoch=069 train_batch=60/435 running_loss=0.084162
2026-08-19 20:17:00 | INFO | epoch=069 train_batch=70/435 running_loss=0.085341
2026-08-19 20:17:00 | INFO | epoch=069 train_batch=80/435 running_loss=0.085334
2026-08-19 20:17:00 | INFO | epoch=069 train_batch=90/435 running_loss=0.086280
2026-08-19 20:17:01 | INFO | epoch=069 train_batch=100/435 running_loss=0.086804
2026-08-19 20:17:01 | INFO | epoch=069 train_batch=110/435 running_loss=0.086492
2026-08-19 20:17:01 | INFO | epoch=069 train_batch=120/435 running_loss=0.086804
2026-08-19 20:17:02 | INFO | epoch=069 train_batch=130/435 running_loss=0.086846
2026-08-19 20:17:02 | INFO | epoch=069 train_batch=140/435 running_loss=0.087041
2026-08-19 20:17:03 | INFO | epoch=069 train_batch=150/435 running_loss=0.086892
2026-08-19 20:17:03 | INFO | epoch=069 train_batch=160/435 running_loss=0.087088
2026-08-19 20:17:03 | INFO | epoch=069 train_batch=170/435 running_loss=0.087451
2026-08-19 20:17:04 | INFO | epoch=069 train_batch=180/435 running_loss=0.087625
2026-08-19 20:17:04 | INFO | epoch=069 train_batch=190/435 running_loss=0.087404
2026-08-19 20:17:04 | INFO | epoch=069 train_batch=200/435 running_loss=0.087704
2026-08-19 20:17:05 | INFO | epoch=069 train_batch=210/435 running_loss=0.087749
2026-08-19 20:17:05 | INFO | epoch=069 train_batch=220/435 running_loss=0.087938
2026-08-19 20:17:05 | INFO | epoch=069 train_batch=230/435 running_loss=0.087631
2026-08-19 20:17:06 | INFO | epoch=069 train_batch=240/435 running_loss=0.087519
2026-08-19 20:17:06 | INFO | epoch=069 train_batch=250/435 running_loss=0.087643
2026-08-19 20:17:06 | INFO | epoch=069 train_batch=260/435 running_loss=0.087989
2026-08-19 20:17:07 | INFO | epoch=069 train_batch=270/435 running_loss=0.087949
2026-08-19 20:17:07 | INFO | epoch=069 train_batch=280/435 running_loss=0.088415
2026-08-19 20:17:08 | INFO | epoch=069 train_batch=290/435 running_loss=0.088402
2026-08-19 20:17:08 | INFO | epoch=069 train_batch=300/435 running_loss=0.088433
2026-08-19 20:17:08 | INFO | epoch=069 train_batch=310/435 running_loss=0.088355
2026-08-19 20:17:09 | INFO | epoch=069 train_batch=320/435 running_loss=0.088337
2026-08-19 20:17:09 | INFO | epoch=069 train_batch=330/435 running_loss=0.088258
2026-08-19 20:17:09 | INFO | epoch=069 train_batch=340/435 running_loss=0.088292
2026-08-19 20:17:10 | INFO | epoch=069 train_batch=350/435 running_loss=0.088345
2026-08-19 20:17:10 | INFO | epoch=069 train_batch=360/435 running_loss=0.088323
2026-08-19 20:17:10 | INFO | epoch=069 train_batch=370/435 running_loss=0.088309
2026-08-19 20:17:11 | INFO | epoch=069 train_batch=380/435 running_loss=0.088238
2026-08-19 20:17:11 | INFO | epoch=069 train_batch=390/435 running_loss=0.088134
2026-08-19 20:17:12 | INFO | epoch=069 train_batch=400/435 running_loss=0.088223
2026-08-19 20:17:12 | INFO | epoch=069 train_batch=410/435 running_loss=0.088156
2026-08-19 20:17:12 | INFO | epoch=069 train_batch=420/435 running_loss=0.088032
2026-08-19 20:17:13 | INFO | epoch=069 train_batch=430/435 running_loss=0.088026
2026-08-19 20:17:13 | INFO | epoch=069 train_batch=435/435 running_loss=0.087954
2026-08-19 20:17:13 | INFO | epoch=069 train_loss=0.087954 validation_loss=0.186099
2026-08-19 20:17:14 | INFO | epoch=070 train_batch=10/435 running_loss=0.086597
2026-08-19 20:17:14 | INFO | epoch=070 train_batch=20/435 running_loss=0.084949
2026-08-19 20:17:14 | INFO | epoch=070 train_batch=30/435 running_loss=0.083922
2026-08-19 20:17:15 | INFO | epoch=070 train_batch=40/435 running_loss=0.085495
2026-08-19 20:17:15 | INFO | epoch=070 train_batch=50/435 running_loss=0.085720
2026-08-19 20:17:15 | INFO | epoch=070 train_batch=60/435 running_loss=0.086185
2026-08-19 20:17:16 | INFO | epoch=070 train_batch=70/435 running_loss=0.086263
2026-08-19 20:17:16 | INFO | epoch=070 train_batch=80/435 running_loss=0.086105
2026-08-19 20:17:16 | INFO | epoch=070 train_batch=90/435 running_loss=0.085893
2026-08-19 20:17:17 | INFO | epoch=070 train_batch=100/435 running_loss=0.085897
2026-08-19 20:17:17 | INFO | epoch=070 train_batch=110/435 running_loss=0.085211
2026-08-19 20:17:17 | INFO | epoch=070 train_batch=120/435 running_loss=0.085643
2026-08-19 20:17:18 | INFO | epoch=070 train_batch=130/435 running_loss=0.085751
2026-08-19 20:17:18 | INFO | epoch=070 train_batch=140/435 running_loss=0.085929
2026-08-19 20:17:19 | INFO | epoch=070 train_batch=150/435 running_loss=0.085800
2026-08-19 20:17:19 | INFO | epoch=070 train_batch=160/435 running_loss=0.086081
2026-08-19 20:17:19 | INFO | epoch=070 train_batch=170/435 running_loss=0.085940
2026-08-19 20:17:20 | INFO | epoch=070 train_batch=180/435 running_loss=0.085981
2026-08-19 20:17:20 | INFO | epoch=070 train_batch=190/435 running_loss=0.085747
2026-08-19 20:17:20 | INFO | epoch=070 train_batch=200/435 running_loss=0.085800
2026-08-19 20:17:21 | INFO | epoch=070 train_batch=210/435 running_loss=0.086067
2026-08-19 20:17:21 | INFO | epoch=070 train_batch=220/435 running_loss=0.086024
2026-08-19 20:17:21 | INFO | epoch=070 train_batch=230/435 running_loss=0.085845
2026-08-19 20:17:22 | INFO | epoch=070 train_batch=240/435 running_loss=0.085838
2026-08-19 20:17:22 | INFO | epoch=070 train_batch=250/435 running_loss=0.085835
2026-08-19 20:17:22 | INFO | epoch=070 train_batch=260/435 running_loss=0.086011
2026-08-19 20:17:23 | INFO | epoch=070 train_batch=270/435 running_loss=0.085991
2026-08-19 20:17:23 | INFO | epoch=070 train_batch=280/435 running_loss=0.085989
2026-08-19 20:17:24 | INFO | epoch=070 train_batch=290/435 running_loss=0.086068
2026-08-19 20:17:24 | INFO | epoch=070 train_batch=300/435 running_loss=0.086006
2026-08-19 20:17:24 | INFO | epoch=070 train_batch=310/435 running_loss=0.086205
2026-08-19 20:17:25 | INFO | epoch=070 train_batch=320/435 running_loss=0.086287
2026-08-19 20:17:25 | INFO | epoch=070 train_batch=330/435 running_loss=0.086082
2026-08-19 20:17:25 | INFO | epoch=070 train_batch=340/435 running_loss=0.086117
2026-08-19 20:17:26 | INFO | epoch=070 train_batch=350/435 running_loss=0.086170
2026-08-19 20:17:26 | INFO | epoch=070 train_batch=360/435 running_loss=0.086102
2026-08-19 20:17:26 | INFO | epoch=070 train_batch=370/435 running_loss=0.086405
2026-08-19 20:17:27 | INFO | epoch=070 train_batch=380/435 running_loss=0.086505
2026-08-19 20:17:27 | INFO | epoch=070 train_batch=390/435 running_loss=0.086593
2026-08-19 20:17:27 | INFO | epoch=070 train_batch=400/435 running_loss=0.086614
2026-08-19 20:17:28 | INFO | epoch=070 train_batch=410/435 running_loss=0.086744
2026-08-19 20:17:28 | INFO | epoch=070 train_batch=420/435 running_loss=0.086894
2026-08-19 20:17:29 | INFO | epoch=070 train_batch=430/435 running_loss=0.086790
2026-08-19 20:17:29 | INFO | epoch=070 train_batch=435/435 running_loss=0.086863
2026-08-19 20:17:29 | INFO | epoch=070 train_loss=0.086863 validation_loss=0.188275
2026-08-19 20:17:29 | INFO | epoch=071 train_batch=10/435 running_loss=0.081093
2026-08-19 20:17:30 | INFO | epoch=071 train_batch=20/435 running_loss=0.084105
2026-08-19 20:17:30 | INFO | epoch=071 train_batch=30/435 running_loss=0.084955
2026-08-19 20:17:31 | INFO | epoch=071 train_batch=40/435 running_loss=0.083928
2026-08-19 20:17:31 | INFO | epoch=071 train_batch=50/435 running_loss=0.084467
2026-08-19 20:17:31 | INFO | epoch=071 train_batch=60/435 running_loss=0.084628
2026-08-19 20:17:32 | INFO | epoch=071 train_batch=70/435 running_loss=0.084672
2026-08-19 20:17:32 | INFO | epoch=071 train_batch=80/435 running_loss=0.084731
2026-08-19 20:17:32 | INFO | epoch=071 train_batch=90/435 running_loss=0.085067
2026-08-19 20:17:33 | INFO | epoch=071 train_batch=100/435 running_loss=0.085898
2026-08-19 20:17:33 | INFO | epoch=071 train_batch=110/435 running_loss=0.085210
2026-08-19 20:17:33 | INFO | epoch=071 train_batch=120/435 running_loss=0.084888
2026-08-19 20:17:34 | INFO | epoch=071 train_batch=130/435 running_loss=0.084848
2026-08-19 20:17:34 | INFO | epoch=071 train_batch=140/435 running_loss=0.084490
2026-08-19 20:17:35 | INFO | epoch=071 train_batch=150/435 running_loss=0.084404
2026-08-19 20:17:35 | INFO | epoch=071 train_batch=160/435 running_loss=0.084278
2026-08-19 20:17:35 | INFO | epoch=071 train_batch=170/435 running_loss=0.084228
2026-08-19 20:17:36 | INFO | epoch=071 train_batch=180/435 running_loss=0.084262
2026-08-19 20:17:36 | INFO | epoch=071 train_batch=190/435 running_loss=0.084813
2026-08-19 20:17:36 | INFO | epoch=071 train_batch=200/435 running_loss=0.084885
2026-08-19 20:17:37 | INFO | epoch=071 train_batch=210/435 running_loss=0.085407
2026-08-19 20:17:37 | INFO | epoch=071 train_batch=220/435 running_loss=0.085801
2026-08-19 20:17:37 | INFO | epoch=071 train_batch=230/435 running_loss=0.085617
2026-08-19 20:17:38 | INFO | epoch=071 train_batch=240/435 running_loss=0.085667
2026-08-19 20:17:38 | INFO | epoch=071 train_batch=250/435 running_loss=0.085596
2026-08-19 20:17:39 | INFO | epoch=071 train_batch=260/435 running_loss=0.085399
2026-08-19 20:17:39 | INFO | epoch=071 train_batch=270/435 running_loss=0.085459
2026-08-19 20:17:39 | INFO | epoch=071 train_batch=280/435 running_loss=0.085609
2026-08-19 20:17:40 | INFO | epoch=071 train_batch=290/435 running_loss=0.085990
2026-08-19 20:17:40 | INFO | epoch=071 train_batch=300/435 running_loss=0.085809
2026-08-19 20:17:40 | INFO | epoch=071 train_batch=310/435 running_loss=0.085800
2026-08-19 20:17:41 | INFO | epoch=071 train_batch=320/435 running_loss=0.085804
2026-08-19 20:17:41 | INFO | epoch=071 train_batch=330/435 running_loss=0.085995
2026-08-19 20:17:41 | INFO | epoch=071 train_batch=340/435 running_loss=0.086038
2026-08-19 20:17:42 | INFO | epoch=071 train_batch=350/435 running_loss=0.085974
2026-08-19 20:17:42 | INFO | epoch=071 train_batch=360/435 running_loss=0.085895
2026-08-19 20:17:43 | INFO | epoch=071 train_batch=370/435 running_loss=0.085953
2026-08-19 20:17:43 | INFO | epoch=071 train_batch=380/435 running_loss=0.086068
2026-08-19 20:17:43 | INFO | epoch=071 train_batch=390/435 running_loss=0.086471
2026-08-19 20:17:44 | INFO | epoch=071 train_batch=400/435 running_loss=0.086603
2026-08-19 20:17:44 | INFO | epoch=071 train_batch=410/435 running_loss=0.086672
2026-08-19 20:17:44 | INFO | epoch=071 train_batch=420/435 running_loss=0.086623
2026-08-19 20:17:45 | INFO | epoch=071 train_batch=430/435 running_loss=0.086802
2026-08-19 20:17:45 | INFO | epoch=071 train_batch=435/435 running_loss=0.086875
2026-08-19 20:17:45 | INFO | epoch=071 train_loss=0.086875 validation_loss=0.188593
2026-08-19 20:17:46 | INFO | epoch=072 train_batch=10/435 running_loss=0.078124
2026-08-19 20:17:46 | INFO | epoch=072 train_batch=20/435 running_loss=0.083322
2026-08-19 20:17:46 | INFO | epoch=072 train_batch=30/435 running_loss=0.084085
2026-08-19 20:17:47 | INFO | epoch=072 train_batch=40/435 running_loss=0.082795
2026-08-19 20:17:47 | INFO | epoch=072 train_batch=50/435 running_loss=0.082513
2026-08-19 20:17:47 | INFO | epoch=072 train_batch=60/435 running_loss=0.082792
2026-08-19 20:17:48 | INFO | epoch=072 train_batch=70/435 running_loss=0.083068
2026-08-19 20:17:48 | INFO | epoch=072 train_batch=80/435 running_loss=0.083649
2026-08-19 20:17:48 | INFO | epoch=072 train_batch=90/435 running_loss=0.084543
2026-08-19 20:17:49 | INFO | epoch=072 train_batch=100/435 running_loss=0.084786
2026-08-19 20:17:49 | INFO | epoch=072 train_batch=110/435 running_loss=0.084654
2026-08-19 20:17:50 | INFO | epoch=072 train_batch=120/435 running_loss=0.084383
2026-08-19 20:17:50 | INFO | epoch=072 train_batch=130/435 running_loss=0.084468
2026-08-19 20:17:50 | INFO | epoch=072 train_batch=140/435 running_loss=0.084202
2026-08-19 20:17:51 | INFO | epoch=072 train_batch=150/435 running_loss=0.084563
2026-08-19 20:17:51 | INFO | epoch=072 train_batch=160/435 running_loss=0.084690
2026-08-19 20:17:51 | INFO | epoch=072 train_batch=170/435 running_loss=0.085280
2026-08-19 20:17:52 | INFO | epoch=072 train_batch=180/435 running_loss=0.085192
2026-08-19 20:17:52 | INFO | epoch=072 train_batch=190/435 running_loss=0.085191
2026-08-19 20:17:52 | INFO | epoch=072 train_batch=200/435 running_loss=0.085230
2026-08-19 20:17:53 | INFO | epoch=072 train_batch=210/435 running_loss=0.085338
2026-08-19 20:17:53 | INFO | epoch=072 train_batch=220/435 running_loss=0.085051
2026-08-19 20:17:54 | INFO | epoch=072 train_batch=230/435 running_loss=0.085005
2026-08-19 20:17:54 | INFO | epoch=072 train_batch=240/435 running_loss=0.085097
2026-08-19 20:17:54 | INFO | epoch=072 train_batch=250/435 running_loss=0.085451
2026-08-19 20:17:55 | INFO | epoch=072 train_batch=260/435 running_loss=0.085587
2026-08-19 20:17:55 | INFO | epoch=072 train_batch=270/435 running_loss=0.085678
2026-08-19 20:17:55 | INFO | epoch=072 train_batch=280/435 running_loss=0.085693
2026-08-19 20:17:56 | INFO | epoch=072 train_batch=290/435 running_loss=0.085728
2026-08-19 20:17:56 | INFO | epoch=072 train_batch=300/435 running_loss=0.085637
2026-08-19 20:17:56 | INFO | epoch=072 train_batch=310/435 running_loss=0.085580
2026-08-19 20:17:57 | INFO | epoch=072 train_batch=320/435 running_loss=0.085738
2026-08-19 20:17:57 | INFO | epoch=072 train_batch=330/435 running_loss=0.085766
2026-08-19 20:17:58 | INFO | epoch=072 train_batch=340/435 running_loss=0.085835
2026-08-19 20:17:58 | INFO | epoch=072 train_batch=350/435 running_loss=0.085864
2026-08-19 20:17:58 | INFO | epoch=072 train_batch=360/435 running_loss=0.085948
2026-08-19 20:17:59 | INFO | epoch=072 train_batch=370/435 running_loss=0.085973
2026-08-19 20:17:59 | INFO | epoch=072 train_batch=380/435 running_loss=0.086029
2026-08-19 20:17:59 | INFO | epoch=072 train_batch=390/435 running_loss=0.086263
2026-08-19 20:18:00 | INFO | epoch=072 train_batch=400/435 running_loss=0.086309
2026-08-19 20:18:00 | INFO | epoch=072 train_batch=410/435 running_loss=0.086212
2026-08-19 20:18:00 | INFO | epoch=072 train_batch=420/435 running_loss=0.086230
2026-08-19 20:18:01 | INFO | epoch=072 train_batch=430/435 running_loss=0.086334
2026-08-19 20:18:01 | INFO | epoch=072 train_batch=435/435 running_loss=0.086380
2026-08-19 20:18:01 | INFO | epoch=072 train_loss=0.086380 validation_loss=0.188186
2026-08-19 20:18:02 | INFO | epoch=073 train_batch=10/435 running_loss=0.091887
2026-08-19 20:18:02 | INFO | epoch=073 train_batch=20/435 running_loss=0.089413
2026-08-19 20:18:02 | INFO | epoch=073 train_batch=30/435 running_loss=0.089252
2026-08-19 20:18:03 | INFO | epoch=073 train_batch=40/435 running_loss=0.088475
2026-08-19 20:18:03 | INFO | epoch=073 train_batch=50/435 running_loss=0.088002
2026-08-19 20:18:04 | INFO | epoch=073 train_batch=60/435 running_loss=0.088444
2026-08-19 20:18:04 | INFO | epoch=073 train_batch=70/435 running_loss=0.087046
2026-08-19 20:18:04 | INFO | epoch=073 train_batch=80/435 running_loss=0.086824
2026-08-19 20:18:05 | INFO | epoch=073 train_batch=90/435 running_loss=0.086859
2026-08-19 20:18:05 | INFO | epoch=073 train_batch=100/435 running_loss=0.086494
2026-08-19 20:18:05 | INFO | epoch=073 train_batch=110/435 running_loss=0.086424
2026-08-19 20:18:06 | INFO | epoch=073 train_batch=120/435 running_loss=0.086914
2026-08-19 20:18:06 | INFO | epoch=073 train_batch=130/435 running_loss=0.086785
2026-08-19 20:18:06 | INFO | epoch=073 train_batch=140/435 running_loss=0.086672
2026-08-19 20:18:07 | INFO | epoch=073 train_batch=150/435 running_loss=0.087057
2026-08-19 20:18:07 | INFO | epoch=073 train_batch=160/435 running_loss=0.086687
2026-08-19 20:18:08 | INFO | epoch=073 train_batch=170/435 running_loss=0.086659
2026-08-19 20:18:08 | INFO | epoch=073 train_batch=180/435 running_loss=0.086777
2026-08-19 20:18:08 | INFO | epoch=073 train_batch=190/435 running_loss=0.086962
2026-08-19 20:18:09 | INFO | epoch=073 train_batch=200/435 running_loss=0.086861
2026-08-19 20:18:09 | INFO | epoch=073 train_batch=210/435 running_loss=0.086771
2026-08-19 20:18:09 | INFO | epoch=073 train_batch=220/435 running_loss=0.086809
2026-08-19 20:18:10 | INFO | epoch=073 train_batch=230/435 running_loss=0.086768
2026-08-19 20:18:10 | INFO | epoch=073 train_batch=240/435 running_loss=0.086951
2026-08-19 20:18:11 | INFO | epoch=073 train_batch=250/435 running_loss=0.086939
2026-08-19 20:18:11 | INFO | epoch=073 train_batch=260/435 running_loss=0.086980
2026-08-19 20:18:11 | INFO | epoch=073 train_batch=270/435 running_loss=0.086996
2026-08-19 20:18:12 | INFO | epoch=073 train_batch=280/435 running_loss=0.086880
2026-08-19 20:18:12 | INFO | epoch=073 train_batch=290/435 running_loss=0.086743
2026-08-19 20:18:12 | INFO | epoch=073 train_batch=300/435 running_loss=0.086640
2026-08-19 20:18:13 | INFO | epoch=073 train_batch=310/435 running_loss=0.086605
2026-08-19 20:18:13 | INFO | epoch=073 train_batch=320/435 running_loss=0.086684
2026-08-19 20:18:13 | INFO | epoch=073 train_batch=330/435 running_loss=0.086825
2026-08-19 20:18:14 | INFO | epoch=073 train_batch=340/435 running_loss=0.086826
2026-08-19 20:18:14 | INFO | epoch=073 train_batch=350/435 running_loss=0.086746
2026-08-19 20:18:15 | INFO | epoch=073 train_batch=360/435 running_loss=0.087026
2026-08-19 20:18:15 | INFO | epoch=073 train_batch=370/435 running_loss=0.087037
2026-08-19 20:18:15 | INFO | epoch=073 train_batch=380/435 running_loss=0.087077
2026-08-19 20:18:16 | INFO | epoch=073 train_batch=390/435 running_loss=0.086854
2026-08-19 20:18:16 | INFO | epoch=073 train_batch=400/435 running_loss=0.086868
2026-08-19 20:18:16 | INFO | epoch=073 train_batch=410/435 running_loss=0.086923
2026-08-19 20:18:17 | INFO | epoch=073 train_batch=420/435 running_loss=0.086935
2026-08-19 20:18:17 | INFO | epoch=073 train_batch=430/435 running_loss=0.086848
2026-08-19 20:18:17 | INFO | epoch=073 train_batch=435/435 running_loss=0.086822
2026-08-19 20:18:18 | INFO | epoch=073 train_loss=0.086822 validation_loss=0.182354
2026-08-19 20:18:18 | INFO | epoch=073 saved new best.pt
2026-08-19 20:18:18 | INFO | epoch=074 train_batch=10/435 running_loss=0.084056
2026-08-19 20:18:18 | INFO | epoch=074 train_batch=20/435 running_loss=0.087172
2026-08-19 20:18:19 | INFO | epoch=074 train_batch=30/435 running_loss=0.087511
2026-08-19 20:18:19 | INFO | epoch=074 train_batch=40/435 running_loss=0.086667
2026-08-19 20:18:19 | INFO | epoch=074 train_batch=50/435 running_loss=0.085639
2026-08-19 20:18:20 | INFO | epoch=074 train_batch=60/435 running_loss=0.085483
2026-08-19 20:18:20 | INFO | epoch=074 train_batch=70/435 running_loss=0.086095
2026-08-19 20:18:20 | INFO | epoch=074 train_batch=80/435 running_loss=0.086291
2026-08-19 20:18:21 | INFO | epoch=074 train_batch=90/435 running_loss=0.085861
2026-08-19 20:18:21 | INFO | epoch=074 train_batch=100/435 running_loss=0.086202
2026-08-19 20:18:21 | INFO | epoch=074 train_batch=110/435 running_loss=0.086501
2026-08-19 20:18:22 | INFO | epoch=074 train_batch=120/435 running_loss=0.086201
2026-08-19 20:18:22 | INFO | epoch=074 train_batch=130/435 running_loss=0.086728
2026-08-19 20:18:22 | INFO | epoch=074 train_batch=140/435 running_loss=0.087040
2026-08-19 20:18:23 | INFO | epoch=074 train_batch=150/435 running_loss=0.087341
2026-08-19 20:18:23 | INFO | epoch=074 train_batch=160/435 running_loss=0.087180
2026-08-19 20:18:23 | INFO | epoch=074 train_batch=170/435 running_loss=0.086881
2026-08-19 20:18:24 | INFO | epoch=074 train_batch=180/435 running_loss=0.086950
2026-08-19 20:18:24 | INFO | epoch=074 train_batch=190/435 running_loss=0.087033
2026-08-19 20:18:24 | INFO | epoch=074 train_batch=200/435 running_loss=0.087006
2026-08-19 20:18:25 | INFO | epoch=074 train_batch=210/435 running_loss=0.086826
2026-08-19 20:18:25 | INFO | epoch=074 train_batch=220/435 running_loss=0.086778
2026-08-19 20:18:25 | INFO | epoch=074 train_batch=230/435 running_loss=0.086734
2026-08-19 20:18:26 | INFO | epoch=074 train_batch=240/435 running_loss=0.086656
2026-08-19 20:18:26 | INFO | epoch=074 train_batch=250/435 running_loss=0.086583
2026-08-19 20:18:26 | INFO | epoch=074 train_batch=260/435 running_loss=0.086440
2026-08-19 20:18:27 | INFO | epoch=074 train_batch=270/435 running_loss=0.086557
2026-08-19 20:18:27 | INFO | epoch=074 train_batch=280/435 running_loss=0.086568
2026-08-19 20:18:27 | INFO | epoch=074 train_batch=290/435 running_loss=0.086522
2026-08-19 20:18:28 | INFO | epoch=074 train_batch=300/435 running_loss=0.086399
2026-08-19 20:18:28 | INFO | epoch=074 train_batch=310/435 running_loss=0.086323
2026-08-19 20:18:28 | INFO | epoch=074 train_batch=320/435 running_loss=0.086347
2026-08-19 20:18:29 | INFO | epoch=074 train_batch=330/435 running_loss=0.086445
2026-08-19 20:18:29 | INFO | epoch=074 train_batch=340/435 running_loss=0.086414
2026-08-19 20:18:29 | INFO | epoch=074 train_batch=350/435 running_loss=0.086489
2026-08-19 20:18:30 | INFO | epoch=074 train_batch=360/435 running_loss=0.086558
2026-08-19 20:18:30 | INFO | epoch=074 train_batch=370/435 running_loss=0.086513
2026-08-19 20:18:30 | INFO | epoch=074 train_batch=380/435 running_loss=0.086494
2026-08-19 20:18:31 | INFO | epoch=074 train_batch=390/435 running_loss=0.086514
2026-08-19 20:18:31 | INFO | epoch=074 train_batch=400/435 running_loss=0.086576
2026-08-19 20:18:31 | INFO | epoch=074 train_batch=410/435 running_loss=0.086476
2026-08-19 20:18:32 | INFO | epoch=074 train_batch=420/435 running_loss=0.086280
2026-08-19 20:18:32 | INFO | epoch=074 train_batch=430/435 running_loss=0.086384
2026-08-19 20:18:32 | INFO | epoch=074 train_batch=435/435 running_loss=0.086349
2026-08-19 20:18:32 | INFO | epoch=074 train_loss=0.086349 validation_loss=0.184871
2026-08-19 20:18:33 | INFO | epoch=075 train_batch=10/435 running_loss=0.079693
2026-08-19 20:18:33 | INFO | epoch=075 train_batch=20/435 running_loss=0.082482
2026-08-19 20:18:33 | INFO | epoch=075 train_batch=30/435 running_loss=0.083240
2026-08-19 20:18:34 | INFO | epoch=075 train_batch=40/435 running_loss=0.085443
2026-08-19 20:18:34 | INFO | epoch=075 train_batch=50/435 running_loss=0.085628
2026-08-19 20:18:34 | INFO | epoch=075 train_batch=60/435 running_loss=0.085666
2026-08-19 20:18:35 | INFO | epoch=075 train_batch=70/435 running_loss=0.086025
2026-08-19 20:18:35 | INFO | epoch=075 train_batch=80/435 running_loss=0.085872
2026-08-19 20:18:35 | INFO | epoch=075 train_batch=90/435 running_loss=0.086372
2026-08-19 20:18:36 | INFO | epoch=075 train_batch=100/435 running_loss=0.086321
2026-08-19 20:18:36 | INFO | epoch=075 train_batch=110/435 running_loss=0.086012
2026-08-19 20:18:36 | INFO | epoch=075 train_batch=120/435 running_loss=0.085403
2026-08-19 20:18:37 | INFO | epoch=075 train_batch=130/435 running_loss=0.085716
2026-08-19 20:18:37 | INFO | epoch=075 train_batch=140/435 running_loss=0.085559
2026-08-19 20:18:37 | INFO | epoch=075 train_batch=150/435 running_loss=0.086102
2026-08-19 20:18:38 | INFO | epoch=075 train_batch=160/435 running_loss=0.085849
2026-08-19 20:18:38 | INFO | epoch=075 train_batch=170/435 running_loss=0.085500
2026-08-19 20:18:38 | INFO | epoch=075 train_batch=180/435 running_loss=0.085776
2026-08-19 20:18:39 | INFO | epoch=075 train_batch=190/435 running_loss=0.085716
2026-08-19 20:18:39 | INFO | epoch=075 train_batch=200/435 running_loss=0.085738
2026-08-19 20:18:39 | INFO | epoch=075 train_batch=210/435 running_loss=0.085935
2026-08-19 20:18:40 | INFO | epoch=075 train_batch=220/435 running_loss=0.085882
2026-08-19 20:18:40 | INFO | epoch=075 train_batch=230/435 running_loss=0.085680
2026-08-19 20:18:40 | INFO | epoch=075 train_batch=240/435 running_loss=0.085693
2026-08-19 20:18:41 | INFO | epoch=075 train_batch=250/435 running_loss=0.085943
2026-08-19 20:18:41 | INFO | epoch=075 train_batch=260/435 running_loss=0.085732
2026-08-19 20:18:41 | INFO | epoch=075 train_batch=270/435 running_loss=0.085861
2026-08-19 20:18:42 | INFO | epoch=075 train_batch=280/435 running_loss=0.086030
2026-08-19 20:18:42 | INFO | epoch=075 train_batch=290/435 running_loss=0.086062
2026-08-19 20:18:42 | INFO | epoch=075 train_batch=300/435 running_loss=0.085915
2026-08-19 20:18:43 | INFO | epoch=075 train_batch=310/435 running_loss=0.085751
2026-08-19 20:18:43 | INFO | epoch=075 train_batch=320/435 running_loss=0.085907
2026-08-19 20:18:43 | INFO | epoch=075 train_batch=330/435 running_loss=0.085965
2026-08-19 20:18:44 | INFO | epoch=075 train_batch=340/435 running_loss=0.086012
2026-08-19 20:18:44 | INFO | epoch=075 train_batch=350/435 running_loss=0.086096
2026-08-19 20:18:44 | INFO | epoch=075 train_batch=360/435 running_loss=0.086109
2026-08-19 20:18:45 | INFO | epoch=075 train_batch=370/435 running_loss=0.086030
2026-08-19 20:18:45 | INFO | epoch=075 train_batch=380/435 running_loss=0.085983
2026-08-19 20:18:45 | INFO | epoch=075 train_batch=390/435 running_loss=0.085907
2026-08-19 20:18:46 | INFO | epoch=075 train_batch=400/435 running_loss=0.085824
2026-08-19 20:18:46 | INFO | epoch=075 train_batch=410/435 running_loss=0.085681
2026-08-19 20:18:46 | INFO | epoch=075 train_batch=420/435 running_loss=0.085617
2026-08-19 20:18:47 | INFO | epoch=075 train_batch=430/435 running_loss=0.085693
2026-08-19 20:18:47 | INFO | epoch=075 train_batch=435/435 running_loss=0.085744
2026-08-19 20:18:47 | INFO | epoch=075 train_loss=0.085744 validation_loss=0.184771
2026-08-19 20:18:48 | INFO | epoch=076 train_batch=10/435 running_loss=0.084803
2026-08-19 20:18:48 | INFO | epoch=076 train_batch=20/435 running_loss=0.089726
2026-08-19 20:18:48 | INFO | epoch=076 train_batch=30/435 running_loss=0.087518
2026-08-19 20:18:49 | INFO | epoch=076 train_batch=40/435 running_loss=0.086600
2026-08-19 20:18:49 | INFO | epoch=076 train_batch=50/435 running_loss=0.084626
2026-08-19 20:18:49 | INFO | epoch=076 train_batch=60/435 running_loss=0.085141
2026-08-19 20:18:50 | INFO | epoch=076 train_batch=70/435 running_loss=0.085239
2026-08-19 20:18:50 | INFO | epoch=076 train_batch=80/435 running_loss=0.085230
2026-08-19 20:18:50 | INFO | epoch=076 train_batch=90/435 running_loss=0.085373
2026-08-19 20:18:51 | INFO | epoch=076 train_batch=100/435 running_loss=0.085981
2026-08-19 20:18:51 | INFO | epoch=076 train_batch=110/435 running_loss=0.085324
2026-08-19 20:18:51 | INFO | epoch=076 train_batch=120/435 running_loss=0.085147
2026-08-19 20:18:52 | INFO | epoch=076 train_batch=130/435 running_loss=0.085134
2026-08-19 20:18:52 | INFO | epoch=076 train_batch=140/435 running_loss=0.085350
2026-08-19 20:18:52 | INFO | epoch=076 train_batch=150/435 running_loss=0.085251
2026-08-19 20:18:53 | INFO | epoch=076 train_batch=160/435 running_loss=0.085366
2026-08-19 20:18:53 | INFO | epoch=076 train_batch=170/435 running_loss=0.085592
2026-08-19 20:18:53 | INFO | epoch=076 train_batch=180/435 running_loss=0.085698
2026-08-19 20:18:54 | INFO | epoch=076 train_batch=190/435 running_loss=0.085726
2026-08-19 20:18:54 | INFO | epoch=076 train_batch=200/435 running_loss=0.085796
2026-08-19 20:18:54 | INFO | epoch=076 train_batch=210/435 running_loss=0.085815
2026-08-19 20:18:55 | INFO | epoch=076 train_batch=220/435 running_loss=0.085890
2026-08-19 20:18:55 | INFO | epoch=076 train_batch=230/435 running_loss=0.085983
2026-08-19 20:18:55 | INFO | epoch=076 train_batch=240/435 running_loss=0.085851
2026-08-19 20:18:56 | INFO | epoch=076 train_batch=250/435 running_loss=0.085966
2026-08-19 20:18:56 | INFO | epoch=076 train_batch=260/435 running_loss=0.086009
2026-08-19 20:18:56 | INFO | epoch=076 train_batch=270/435 running_loss=0.085990
2026-08-19 20:18:57 | INFO | epoch=076 train_batch=280/435 running_loss=0.086057
2026-08-19 20:18:57 | INFO | epoch=076 train_batch=290/435 running_loss=0.086091
2026-08-19 20:18:57 | INFO | epoch=076 train_batch=300/435 running_loss=0.086109
2026-08-19 20:18:58 | INFO | epoch=076 train_batch=310/435 running_loss=0.086189
2026-08-19 20:18:58 | INFO | epoch=076 train_batch=320/435 running_loss=0.086204
2026-08-19 20:18:58 | INFO | epoch=076 train_batch=330/435 running_loss=0.086127
2026-08-19 20:18:59 | INFO | epoch=076 train_batch=340/435 running_loss=0.086100
2026-08-19 20:18:59 | INFO | epoch=076 train_batch=350/435 running_loss=0.086076
2026-08-19 20:18:59 | INFO | epoch=076 train_batch=360/435 running_loss=0.086151
2026-08-19 20:19:00 | INFO | epoch=076 train_batch=370/435 running_loss=0.086173
2026-08-19 20:19:00 | INFO | epoch=076 train_batch=380/435 running_loss=0.086093
2026-08-19 20:19:00 | INFO | epoch=076 train_batch=390/435 running_loss=0.086200
2026-08-19 20:19:01 | INFO | epoch=076 train_batch=400/435 running_loss=0.086069
2026-08-19 20:19:01 | INFO | epoch=076 train_batch=410/435 running_loss=0.085929
2026-08-19 20:19:01 | INFO | epoch=076 train_batch=420/435 running_loss=0.085788
2026-08-19 20:19:02 | INFO | epoch=076 train_batch=430/435 running_loss=0.085918
2026-08-19 20:19:02 | INFO | epoch=076 train_batch=435/435 running_loss=0.085928
2026-08-19 20:19:02 | INFO | epoch=076 train_loss=0.085928 validation_loss=0.188680
2026-08-19 20:19:02 | INFO | epoch=077 train_batch=10/435 running_loss=0.082947
2026-08-19 20:19:03 | INFO | epoch=077 train_batch=20/435 running_loss=0.081621
2026-08-19 20:19:03 | INFO | epoch=077 train_batch=30/435 running_loss=0.081352
2026-08-19 20:19:03 | INFO | epoch=077 train_batch=40/435 running_loss=0.081863
2026-08-19 20:19:04 | INFO | epoch=077 train_batch=50/435 running_loss=0.082441
2026-08-19 20:19:04 | INFO | epoch=077 train_batch=60/435 running_loss=0.083175
2026-08-19 20:19:04 | INFO | epoch=077 train_batch=70/435 running_loss=0.083077
2026-08-19 20:19:05 | INFO | epoch=077 train_batch=80/435 running_loss=0.083061
2026-08-19 20:19:05 | INFO | epoch=077 train_batch=90/435 running_loss=0.083157
2026-08-19 20:19:05 | INFO | epoch=077 train_batch=100/435 running_loss=0.082903
2026-08-19 20:19:06 | INFO | epoch=077 train_batch=110/435 running_loss=0.082789
2026-08-19 20:19:06 | INFO | epoch=077 train_batch=120/435 running_loss=0.083213
2026-08-19 20:19:06 | INFO | epoch=077 train_batch=130/435 running_loss=0.083503
2026-08-19 20:19:07 | INFO | epoch=077 train_batch=140/435 running_loss=0.083357
2026-08-19 20:19:07 | INFO | epoch=077 train_batch=150/435 running_loss=0.083576
2026-08-19 20:19:07 | INFO | epoch=077 train_batch=160/435 running_loss=0.083518
2026-08-19 20:19:08 | INFO | epoch=077 train_batch=170/435 running_loss=0.083839
2026-08-19 20:19:08 | INFO | epoch=077 train_batch=180/435 running_loss=0.083971
2026-08-19 20:19:08 | INFO | epoch=077 train_batch=190/435 running_loss=0.084142
2026-08-19 20:19:09 | INFO | epoch=077 train_batch=200/435 running_loss=0.084306
2026-08-19 20:19:09 | INFO | epoch=077 train_batch=210/435 running_loss=0.084486
2026-08-19 20:19:09 | INFO | epoch=077 train_batch=220/435 running_loss=0.084442
2026-08-19 20:19:10 | INFO | epoch=077 train_batch=230/435 running_loss=0.084797
2026-08-19 20:19:10 | INFO | epoch=077 train_batch=240/435 running_loss=0.084451
2026-08-19 20:19:10 | INFO | epoch=077 train_batch=250/435 running_loss=0.084308
2026-08-19 20:19:11 | INFO | epoch=077 train_batch=260/435 running_loss=0.084303
2026-08-19 20:19:11 | INFO | epoch=077 train_batch=270/435 running_loss=0.084234
2026-08-19 20:19:11 | INFO | epoch=077 train_batch=280/435 running_loss=0.084284
2026-08-19 20:19:12 | INFO | epoch=077 train_batch=290/435 running_loss=0.084541
2026-08-19 20:19:12 | INFO | epoch=077 train_batch=300/435 running_loss=0.084651
2026-08-19 20:19:12 | INFO | epoch=077 train_batch=310/435 running_loss=0.084816
2026-08-19 20:19:13 | INFO | epoch=077 train_batch=320/435 running_loss=0.084763
2026-08-19 20:19:13 | INFO | epoch=077 train_batch=330/435 running_loss=0.084491
2026-08-19 20:19:13 | INFO | epoch=077 train_batch=340/435 running_loss=0.084560
2026-08-19 20:19:14 | INFO | epoch=077 train_batch=350/435 running_loss=0.084748
2026-08-19 20:19:14 | INFO | epoch=077 train_batch=360/435 running_loss=0.084802
2026-08-19 20:19:14 | INFO | epoch=077 train_batch=370/435 running_loss=0.084894
2026-08-19 20:19:15 | INFO | epoch=077 train_batch=380/435 running_loss=0.085053
2026-08-19 20:19:15 | INFO | epoch=077 train_batch=390/435 running_loss=0.085049
2026-08-19 20:19:15 | INFO | epoch=077 train_batch=400/435 running_loss=0.084835
2026-08-19 20:19:16 | INFO | epoch=077 train_batch=410/435 running_loss=0.084862
2026-08-19 20:19:16 | INFO | epoch=077 train_batch=420/435 running_loss=0.084885
2026-08-19 20:19:16 | INFO | epoch=077 train_batch=430/435 running_loss=0.084815
2026-08-19 20:19:17 | INFO | epoch=077 train_batch=435/435 running_loss=0.084776
2026-08-19 20:19:17 | INFO | epoch=077 train_loss=0.084776 validation_loss=0.186590
2026-08-19 20:19:17 | INFO | epoch=078 train_batch=10/435 running_loss=0.078326
2026-08-19 20:19:18 | INFO | epoch=078 train_batch=20/435 running_loss=0.077830
2026-08-19 20:19:18 | INFO | epoch=078 train_batch=30/435 running_loss=0.079841
2026-08-19 20:19:18 | INFO | epoch=078 train_batch=40/435 running_loss=0.080301
2026-08-19 20:19:19 | INFO | epoch=078 train_batch=50/435 running_loss=0.082130
2026-08-19 20:19:19 | INFO | epoch=078 train_batch=60/435 running_loss=0.083447
2026-08-19 20:19:19 | INFO | epoch=078 train_batch=70/435 running_loss=0.083119
2026-08-19 20:19:20 | INFO | epoch=078 train_batch=80/435 running_loss=0.083314
2026-08-19 20:19:20 | INFO | epoch=078 train_batch=90/435 running_loss=0.083800
2026-08-19 20:19:20 | INFO | epoch=078 train_batch=100/435 running_loss=0.084596
2026-08-19 20:19:21 | INFO | epoch=078 train_batch=110/435 running_loss=0.084259
2026-08-19 20:19:21 | INFO | epoch=078 train_batch=120/435 running_loss=0.084070
2026-08-19 20:19:21 | INFO | epoch=078 train_batch=130/435 running_loss=0.083688
2026-08-19 20:19:22 | INFO | epoch=078 train_batch=140/435 running_loss=0.083727
2026-08-19 20:19:22 | INFO | epoch=078 train_batch=150/435 running_loss=0.083714
2026-08-19 20:19:22 | INFO | epoch=078 train_batch=160/435 running_loss=0.083965
2026-08-19 20:19:23 | INFO | epoch=078 train_batch=170/435 running_loss=0.083781
2026-08-19 20:19:23 | INFO | epoch=078 train_batch=180/435 running_loss=0.083392
2026-08-19 20:19:23 | INFO | epoch=078 train_batch=190/435 running_loss=0.083742
2026-08-19 20:19:24 | INFO | epoch=078 train_batch=200/435 running_loss=0.084161
2026-08-19 20:19:24 | INFO | epoch=078 train_batch=210/435 running_loss=0.084199
2026-08-19 20:19:24 | INFO | epoch=078 train_batch=220/435 running_loss=0.084407
2026-08-19 20:19:25 | INFO | epoch=078 train_batch=230/435 running_loss=0.084413
2026-08-19 20:19:25 | INFO | epoch=078 train_batch=240/435 running_loss=0.084280
2026-08-19 20:19:25 | INFO | epoch=078 train_batch=250/435 running_loss=0.084084
2026-08-19 20:19:26 | INFO | epoch=078 train_batch=260/435 running_loss=0.083956
2026-08-19 20:19:26 | INFO | epoch=078 train_batch=270/435 running_loss=0.084176
2026-08-19 20:19:26 | INFO | epoch=078 train_batch=280/435 running_loss=0.084022
2026-08-19 20:19:27 | INFO | epoch=078 train_batch=290/435 running_loss=0.084110
2026-08-19 20:19:27 | INFO | epoch=078 train_batch=300/435 running_loss=0.084225
2026-08-19 20:19:27 | INFO | epoch=078 train_batch=310/435 running_loss=0.083985
2026-08-19 20:19:28 | INFO | epoch=078 train_batch=320/435 running_loss=0.083895
2026-08-19 20:19:28 | INFO | epoch=078 train_batch=330/435 running_loss=0.084083
2026-08-19 20:19:28 | INFO | epoch=078 train_batch=340/435 running_loss=0.084074
2026-08-19 20:19:29 | INFO | epoch=078 train_batch=350/435 running_loss=0.084181
2026-08-19 20:19:29 | INFO | epoch=078 train_batch=360/435 running_loss=0.084508
2026-08-19 20:19:29 | INFO | epoch=078 train_batch=370/435 running_loss=0.084623
2026-08-19 20:19:30 | INFO | epoch=078 train_batch=380/435 running_loss=0.084662
2026-08-19 20:19:30 | INFO | epoch=078 train_batch=390/435 running_loss=0.084932
2026-08-19 20:19:30 | INFO | epoch=078 train_batch=400/435 running_loss=0.084867
2026-08-19 20:19:31 | INFO | epoch=078 train_batch=410/435 running_loss=0.084921
2026-08-19 20:19:31 | INFO | epoch=078 train_batch=420/435 running_loss=0.084727
2026-08-19 20:19:31 | INFO | epoch=078 train_batch=430/435 running_loss=0.084716
2026-08-19 20:19:31 | INFO | epoch=078 train_batch=435/435 running_loss=0.084660
2026-08-19 20:19:32 | INFO | epoch=078 train_loss=0.084660 validation_loss=0.184200
2026-08-19 20:19:32 | INFO | epoch=079 train_batch=10/435 running_loss=0.080112
2026-08-19 20:19:32 | INFO | epoch=079 train_batch=20/435 running_loss=0.082520
2026-08-19 20:19:33 | INFO | epoch=079 train_batch=30/435 running_loss=0.081646
2026-08-19 20:19:33 | INFO | epoch=079 train_batch=40/435 running_loss=0.081920
2026-08-19 20:19:33 | INFO | epoch=079 train_batch=50/435 running_loss=0.082107
2026-08-19 20:19:34 | INFO | epoch=079 train_batch=60/435 running_loss=0.082400
2026-08-19 20:19:34 | INFO | epoch=079 train_batch=70/435 running_loss=0.082922
2026-08-19 20:19:34 | INFO | epoch=079 train_batch=80/435 running_loss=0.083712
2026-08-19 20:19:35 | INFO | epoch=079 train_batch=90/435 running_loss=0.083510
2026-08-19 20:19:35 | INFO | epoch=079 train_batch=100/435 running_loss=0.083608
2026-08-19 20:19:35 | INFO | epoch=079 train_batch=110/435 running_loss=0.084422
2026-08-19 20:19:36 | INFO | epoch=079 train_batch=120/435 running_loss=0.084182
2026-08-19 20:19:36 | INFO | epoch=079 train_batch=130/435 running_loss=0.083972
2026-08-19 20:19:36 | INFO | epoch=079 train_batch=140/435 running_loss=0.083967
2026-08-19 20:19:37 | INFO | epoch=079 train_batch=150/435 running_loss=0.084112
2026-08-19 20:19:37 | INFO | epoch=079 train_batch=160/435 running_loss=0.084203
2026-08-19 20:19:37 | INFO | epoch=079 train_batch=170/435 running_loss=0.084593
2026-08-19 20:19:38 | INFO | epoch=079 train_batch=180/435 running_loss=0.085002
2026-08-19 20:19:38 | INFO | epoch=079 train_batch=190/435 running_loss=0.085062
2026-08-19 20:19:38 | INFO | epoch=079 train_batch=200/435 running_loss=0.085154
2026-08-19 20:19:39 | INFO | epoch=079 train_batch=210/435 running_loss=0.085331
2026-08-19 20:19:39 | INFO | epoch=079 train_batch=220/435 running_loss=0.085440
2026-08-19 20:19:39 | INFO | epoch=079 train_batch=230/435 running_loss=0.085692
2026-08-19 20:19:40 | INFO | epoch=079 train_batch=240/435 running_loss=0.085768
2026-08-19 20:19:40 | INFO | epoch=079 train_batch=250/435 running_loss=0.085686
2026-08-19 20:19:40 | INFO | epoch=079 train_batch=260/435 running_loss=0.085707
2026-08-19 20:19:41 | INFO | epoch=079 train_batch=270/435 running_loss=0.085741
2026-08-19 20:19:41 | INFO | epoch=079 train_batch=280/435 running_loss=0.085567
2026-08-19 20:19:41 | INFO | epoch=079 train_batch=290/435 running_loss=0.085602
2026-08-19 20:19:42 | INFO | epoch=079 train_batch=300/435 running_loss=0.085570
2026-08-19 20:19:42 | INFO | epoch=079 train_batch=310/435 running_loss=0.085331
2026-08-19 20:19:42 | INFO | epoch=079 train_batch=320/435 running_loss=0.085446
2026-08-19 20:19:43 | INFO | epoch=079 train_batch=330/435 running_loss=0.085612
2026-08-19 20:19:43 | INFO | epoch=079 train_batch=340/435 running_loss=0.085491
2026-08-19 20:19:43 | INFO | epoch=079 train_batch=350/435 running_loss=0.085457
2026-08-19 20:19:44 | INFO | epoch=079 train_batch=360/435 running_loss=0.085369
2026-08-19 20:19:44 | INFO | epoch=079 train_batch=370/435 running_loss=0.085287
2026-08-19 20:19:44 | INFO | epoch=079 train_batch=380/435 running_loss=0.085171
2026-08-19 20:19:45 | INFO | epoch=079 train_batch=390/435 running_loss=0.085093
2026-08-19 20:19:45 | INFO | epoch=079 train_batch=400/435 running_loss=0.085054
2026-08-19 20:19:45 | INFO | epoch=079 train_batch=410/435 running_loss=0.085076
2026-08-19 20:19:46 | INFO | epoch=079 train_batch=420/435 running_loss=0.085144
2026-08-19 20:19:46 | INFO | epoch=079 train_batch=430/435 running_loss=0.085116
2026-08-19 20:19:46 | INFO | epoch=079 train_batch=435/435 running_loss=0.085148
2026-08-19 20:19:46 | INFO | epoch=079 train_loss=0.085148 validation_loss=0.182435
2026-08-19 20:19:47 | INFO | epoch=080 train_batch=10/435 running_loss=0.083877
2026-08-19 20:19:47 | INFO | epoch=080 train_batch=20/435 running_loss=0.078085
2026-08-19 20:19:48 | INFO | epoch=080 train_batch=30/435 running_loss=0.078192
2026-08-19 20:19:48 | INFO | epoch=080 train_batch=40/435 running_loss=0.080880
2026-08-19 20:19:48 | INFO | epoch=080 train_batch=50/435 running_loss=0.081888
2026-08-19 20:19:49 | INFO | epoch=080 train_batch=60/435 running_loss=0.082911
2026-08-19 20:19:49 | INFO | epoch=080 train_batch=70/435 running_loss=0.083210
2026-08-19 20:19:49 | INFO | epoch=080 train_batch=80/435 running_loss=0.084475
2026-08-19 20:19:50 | INFO | epoch=080 train_batch=90/435 running_loss=0.084981
2026-08-19 20:19:50 | INFO | epoch=080 train_batch=100/435 running_loss=0.084856
2026-08-19 20:19:50 | INFO | epoch=080 train_batch=110/435 running_loss=0.084267
2026-08-19 20:19:51 | INFO | epoch=080 train_batch=120/435 running_loss=0.084863
2026-08-19 20:19:51 | INFO | epoch=080 train_batch=130/435 running_loss=0.085046
2026-08-19 20:19:51 | INFO | epoch=080 train_batch=140/435 running_loss=0.085056
2026-08-19 20:19:52 | INFO | epoch=080 train_batch=150/435 running_loss=0.085346
2026-08-19 20:19:52 | INFO | epoch=080 train_batch=160/435 running_loss=0.085614
2026-08-19 20:19:52 | INFO | epoch=080 train_batch=170/435 running_loss=0.085155
2026-08-19 20:19:53 | INFO | epoch=080 train_batch=180/435 running_loss=0.085475
2026-08-19 20:19:53 | INFO | epoch=080 train_batch=190/435 running_loss=0.085189
2026-08-19 20:19:53 | INFO | epoch=080 train_batch=200/435 running_loss=0.084939
2026-08-19 20:19:54 | INFO | epoch=080 train_batch=210/435 running_loss=0.084545
2026-08-19 20:19:54 | INFO | epoch=080 train_batch=220/435 running_loss=0.084729
2026-08-19 20:19:54 | INFO | epoch=080 train_batch=230/435 running_loss=0.084726
2026-08-19 20:19:55 | INFO | epoch=080 train_batch=240/435 running_loss=0.084836
2026-08-19 20:19:55 | INFO | epoch=080 train_batch=250/435 running_loss=0.085002
2026-08-19 20:19:55 | INFO | epoch=080 train_batch=260/435 running_loss=0.085073
2026-08-19 20:19:56 | INFO | epoch=080 train_batch=270/435 running_loss=0.085277
2026-08-19 20:19:56 | INFO | epoch=080 train_batch=280/435 running_loss=0.085328
2026-08-19 20:19:56 | INFO | epoch=080 train_batch=290/435 running_loss=0.085306
2026-08-19 20:19:57 | INFO | epoch=080 train_batch=300/435 running_loss=0.085257
2026-08-19 20:19:57 | INFO | epoch=080 train_batch=310/435 running_loss=0.085404
2026-08-19 20:19:57 | INFO | epoch=080 train_batch=320/435 running_loss=0.085535
2026-08-19 20:19:58 | INFO | epoch=080 train_batch=330/435 running_loss=0.085457
2026-08-19 20:19:58 | INFO | epoch=080 train_batch=340/435 running_loss=0.085530
2026-08-19 20:19:58 | INFO | epoch=080 train_batch=350/435 running_loss=0.085613
2026-08-19 20:19:59 | INFO | epoch=080 train_batch=360/435 running_loss=0.085555
2026-08-19 20:19:59 | INFO | epoch=080 train_batch=370/435 running_loss=0.085539
2026-08-19 20:19:59 | INFO | epoch=080 train_batch=380/435 running_loss=0.085690
2026-08-19 20:20:00 | INFO | epoch=080 train_batch=390/435 running_loss=0.086023
2026-08-19 20:20:00 | INFO | epoch=080 train_batch=400/435 running_loss=0.085959
2026-08-19 20:20:00 | INFO | epoch=080 train_batch=410/435 running_loss=0.085972
2026-08-19 20:20:01 | INFO | epoch=080 train_batch=420/435 running_loss=0.085912
2026-08-19 20:20:01 | INFO | epoch=080 train_batch=430/435 running_loss=0.085962
2026-08-19 20:20:01 | INFO | epoch=080 train_batch=435/435 running_loss=0.085900
2026-08-19 20:20:01 | INFO | epoch=080 train_loss=0.085900 validation_loss=0.183602
2026-08-19 20:20:02 | INFO | epoch=081 train_batch=10/435 running_loss=0.085490
2026-08-19 20:20:02 | INFO | epoch=081 train_batch=20/435 running_loss=0.085941
2026-08-19 20:20:03 | INFO | epoch=081 train_batch=30/435 running_loss=0.084589
2026-08-19 20:20:03 | INFO | epoch=081 train_batch=40/435 running_loss=0.084829
2026-08-19 20:20:03 | INFO | epoch=081 train_batch=50/435 running_loss=0.083678
2026-08-19 20:20:04 | INFO | epoch=081 train_batch=60/435 running_loss=0.083817
2026-08-19 20:20:04 | INFO | epoch=081 train_batch=70/435 running_loss=0.083835
2026-08-19 20:20:04 | INFO | epoch=081 train_batch=80/435 running_loss=0.084025
2026-08-19 20:20:05 | INFO | epoch=081 train_batch=90/435 running_loss=0.083895
2026-08-19 20:20:05 | INFO | epoch=081 train_batch=100/435 running_loss=0.083851
2026-08-19 20:20:05 | INFO | epoch=081 train_batch=110/435 running_loss=0.083567
2026-08-19 20:20:06 | INFO | epoch=081 train_batch=120/435 running_loss=0.083451
2026-08-19 20:20:06 | INFO | epoch=081 train_batch=130/435 running_loss=0.083279
2026-08-19 20:20:06 | INFO | epoch=081 train_batch=140/435 running_loss=0.082980
2026-08-19 20:20:07 | INFO | epoch=081 train_batch=150/435 running_loss=0.082699
2026-08-19 20:20:07 | INFO | epoch=081 train_batch=160/435 running_loss=0.083167
2026-08-19 20:20:07 | INFO | epoch=081 train_batch=170/435 running_loss=0.083033
2026-08-19 20:20:08 | INFO | epoch=081 train_batch=180/435 running_loss=0.083049
2026-08-19 20:20:08 | INFO | epoch=081 train_batch=190/435 running_loss=0.083053
2026-08-19 20:20:08 | INFO | epoch=081 train_batch=200/435 running_loss=0.083437
2026-08-19 20:20:09 | INFO | epoch=081 train_batch=210/435 running_loss=0.083699
2026-08-19 20:20:09 | INFO | epoch=081 train_batch=220/435 running_loss=0.083632
2026-08-19 20:20:09 | INFO | epoch=081 train_batch=230/435 running_loss=0.083486
2026-08-19 20:20:10 | INFO | epoch=081 train_batch=240/435 running_loss=0.083489
2026-08-19 20:20:10 | INFO | epoch=081 train_batch=250/435 running_loss=0.083502
2026-08-19 20:20:10 | INFO | epoch=081 train_batch=260/435 running_loss=0.083426
2026-08-19 20:20:11 | INFO | epoch=081 train_batch=270/435 running_loss=0.083478
2026-08-19 20:20:11 | INFO | epoch=081 train_batch=280/435 running_loss=0.083331
2026-08-19 20:20:11 | INFO | epoch=081 train_batch=290/435 running_loss=0.083448
2026-08-19 20:20:12 | INFO | epoch=081 train_batch=300/435 running_loss=0.083385
2026-08-19 20:20:12 | INFO | epoch=081 train_batch=310/435 running_loss=0.083376
2026-08-19 20:20:12 | INFO | epoch=081 train_batch=320/435 running_loss=0.083535
2026-08-19 20:20:13 | INFO | epoch=081 train_batch=330/435 running_loss=0.083671
2026-08-19 20:20:13 | INFO | epoch=081 train_batch=340/435 running_loss=0.083612
2026-08-19 20:20:13 | INFO | epoch=081 train_batch=350/435 running_loss=0.083607
2026-08-19 20:20:14 | INFO | epoch=081 train_batch=360/435 running_loss=0.083545
2026-08-19 20:20:14 | INFO | epoch=081 train_batch=370/435 running_loss=0.083568
2026-08-19 20:20:14 | INFO | epoch=081 train_batch=380/435 running_loss=0.083816
2026-08-19 20:20:15 | INFO | epoch=081 train_batch=390/435 running_loss=0.083833
2026-08-19 20:20:15 | INFO | epoch=081 train_batch=400/435 running_loss=0.083943
2026-08-19 20:20:15 | INFO | epoch=081 train_batch=410/435 running_loss=0.083996
2026-08-19 20:20:16 | INFO | epoch=081 train_batch=420/435 running_loss=0.084045
2026-08-19 20:20:16 | INFO | epoch=081 train_batch=430/435 running_loss=0.083938
2026-08-19 20:20:16 | INFO | epoch=081 train_batch=435/435 running_loss=0.083975
2026-08-19 20:20:16 | INFO | epoch=081 train_loss=0.083975 validation_loss=0.187485
2026-08-19 20:20:17 | INFO | epoch=082 train_batch=10/435 running_loss=0.086553
2026-08-19 20:20:17 | INFO | epoch=082 train_batch=20/435 running_loss=0.085545
2026-08-19 20:20:17 | INFO | epoch=082 train_batch=30/435 running_loss=0.085167
2026-08-19 20:20:18 | INFO | epoch=082 train_batch=40/435 running_loss=0.083681
2026-08-19 20:20:18 | INFO | epoch=082 train_batch=50/435 running_loss=0.084086
2026-08-19 20:20:18 | INFO | epoch=082 train_batch=60/435 running_loss=0.083121
2026-08-19 20:20:19 | INFO | epoch=082 train_batch=70/435 running_loss=0.083091
2026-08-19 20:20:19 | INFO | epoch=082 train_batch=80/435 running_loss=0.083290
2026-08-19 20:20:19 | INFO | epoch=082 train_batch=90/435 running_loss=0.083425
2026-08-19 20:20:20 | INFO | epoch=082 train_batch=100/435 running_loss=0.083391
2026-08-19 20:20:20 | INFO | epoch=082 train_batch=110/435 running_loss=0.083291
2026-08-19 20:20:20 | INFO | epoch=082 train_batch=120/435 running_loss=0.083391
2026-08-19 20:20:21 | INFO | epoch=082 train_batch=130/435 running_loss=0.083741
2026-08-19 20:20:21 | INFO | epoch=082 train_batch=140/435 running_loss=0.083577
2026-08-19 20:20:21 | INFO | epoch=082 train_batch=150/435 running_loss=0.083801
2026-08-19 20:20:22 | INFO | epoch=082 train_batch=160/435 running_loss=0.083906
2026-08-19 20:20:22 | INFO | epoch=082 train_batch=170/435 running_loss=0.084175
2026-08-19 20:20:23 | INFO | epoch=082 train_batch=180/435 running_loss=0.084069
2026-08-19 20:20:23 | INFO | epoch=082 train_batch=190/435 running_loss=0.084427
2026-08-19 20:20:23 | INFO | epoch=082 train_batch=200/435 running_loss=0.084228
2026-08-19 20:20:24 | INFO | epoch=082 train_batch=210/435 running_loss=0.084387
2026-08-19 20:20:24 | INFO | epoch=082 train_batch=220/435 running_loss=0.084586
2026-08-19 20:20:24 | INFO | epoch=082 train_batch=230/435 running_loss=0.084508
2026-08-19 20:20:25 | INFO | epoch=082 train_batch=240/435 running_loss=0.084329
2026-08-19 20:20:25 | INFO | epoch=082 train_batch=250/435 running_loss=0.084303
2026-08-19 20:20:25 | INFO | epoch=082 train_batch=260/435 running_loss=0.084264
2026-08-19 20:20:26 | INFO | epoch=082 train_batch=270/435 running_loss=0.084455
2026-08-19 20:20:26 | INFO | epoch=082 train_batch=280/435 running_loss=0.084359
2026-08-19 20:20:26 | INFO | epoch=082 train_batch=290/435 running_loss=0.084277
2026-08-19 20:20:27 | INFO | epoch=082 train_batch=300/435 running_loss=0.084253
2026-08-19 20:20:27 | INFO | epoch=082 train_batch=310/435 running_loss=0.084334
2026-08-19 20:20:27 | INFO | epoch=082 train_batch=320/435 running_loss=0.084452
2026-08-19 20:20:28 | INFO | epoch=082 train_batch=330/435 running_loss=0.084450
2026-08-19 20:20:28 | INFO | epoch=082 train_batch=340/435 running_loss=0.084485
2026-08-19 20:20:28 | INFO | epoch=082 train_batch=350/435 running_loss=0.084720
2026-08-19 20:20:29 | INFO | epoch=082 train_batch=360/435 running_loss=0.084547
2026-08-19 20:20:29 | INFO | epoch=082 train_batch=370/435 running_loss=0.084699
2026-08-19 20:20:29 | INFO | epoch=082 train_batch=380/435 running_loss=0.084581
2026-08-19 20:20:30 | INFO | epoch=082 train_batch=390/435 running_loss=0.084659
2026-08-19 20:20:30 | INFO | epoch=082 train_batch=400/435 running_loss=0.084675
2026-08-19 20:20:30 | INFO | epoch=082 train_batch=410/435 running_loss=0.084635
2026-08-19 20:20:31 | INFO | epoch=082 train_batch=420/435 running_loss=0.084565
2026-08-19 20:20:31 | INFO | epoch=082 train_batch=430/435 running_loss=0.084699
2026-08-19 20:20:31 | INFO | epoch=082 train_batch=435/435 running_loss=0.084639
2026-08-19 20:20:32 | INFO | epoch=082 train_loss=0.084639 validation_loss=0.180821
2026-08-19 20:20:32 | INFO | epoch=082 saved new best.pt
2026-08-19 20:20:32 | INFO | epoch=083 train_batch=10/435 running_loss=0.080739
2026-08-19 20:20:32 | INFO | epoch=083 train_batch=20/435 running_loss=0.081933
2026-08-19 20:20:33 | INFO | epoch=083 train_batch=30/435 running_loss=0.082868
2026-08-19 20:20:33 | INFO | epoch=083 train_batch=40/435 running_loss=0.081591
2026-08-19 20:20:33 | INFO | epoch=083 train_batch=50/435 running_loss=0.081898
2026-08-19 20:20:34 | INFO | epoch=083 train_batch=60/435 running_loss=0.082618
2026-08-19 20:20:34 | INFO | epoch=083 train_batch=70/435 running_loss=0.083066
2026-08-19 20:20:34 | INFO | epoch=083 train_batch=80/435 running_loss=0.083320
2026-08-19 20:20:35 | INFO | epoch=083 train_batch=90/435 running_loss=0.083521
2026-08-19 20:20:35 | INFO | epoch=083 train_batch=100/435 running_loss=0.083084
2026-08-19 20:20:35 | INFO | epoch=083 train_batch=110/435 running_loss=0.083768
2026-08-19 20:20:36 | INFO | epoch=083 train_batch=120/435 running_loss=0.084135
2026-08-19 20:20:36 | INFO | epoch=083 train_batch=130/435 running_loss=0.084134
2026-08-19 20:20:36 | INFO | epoch=083 train_batch=140/435 running_loss=0.084123
2026-08-19 20:20:37 | INFO | epoch=083 train_batch=150/435 running_loss=0.084380
2026-08-19 20:20:37 | INFO | epoch=083 train_batch=160/435 running_loss=0.084570
2026-08-19 20:20:37 | INFO | epoch=083 train_batch=170/435 running_loss=0.084396
2026-08-19 20:20:38 | INFO | epoch=083 train_batch=180/435 running_loss=0.084172
2026-08-19 20:20:38 | INFO | epoch=083 train_batch=190/435 running_loss=0.084605
2026-08-19 20:20:39 | INFO | epoch=083 train_batch=200/435 running_loss=0.084522
2026-08-19 20:20:39 | INFO | epoch=083 train_batch=210/435 running_loss=0.084695
2026-08-19 20:20:39 | INFO | epoch=083 train_batch=220/435 running_loss=0.084703
2026-08-19 20:20:40 | INFO | epoch=083 train_batch=230/435 running_loss=0.084883
2026-08-19 20:20:40 | INFO | epoch=083 train_batch=240/435 running_loss=0.084765
2026-08-19 20:20:40 | INFO | epoch=083 train_batch=250/435 running_loss=0.085096
2026-08-19 20:20:41 | INFO | epoch=083 train_batch=260/435 running_loss=0.085099
2026-08-19 20:20:41 | INFO | epoch=083 train_batch=270/435 running_loss=0.085105
2026-08-19 20:20:41 | INFO | epoch=083 train_batch=280/435 running_loss=0.085144
2026-08-19 20:20:42 | INFO | epoch=083 train_batch=290/435 running_loss=0.085014
2026-08-19 20:20:42 | INFO | epoch=083 train_batch=300/435 running_loss=0.085027
2026-08-19 20:20:42 | INFO | epoch=083 train_batch=310/435 running_loss=0.085170
2026-08-19 20:20:43 | INFO | epoch=083 train_batch=320/435 running_loss=0.085178
2026-08-19 20:20:43 | INFO | epoch=083 train_batch=330/435 running_loss=0.085311
2026-08-19 20:20:43 | INFO | epoch=083 train_batch=340/435 running_loss=0.085328
2026-08-19 20:20:44 | INFO | epoch=083 train_batch=350/435 running_loss=0.085186
2026-08-19 20:20:44 | INFO | epoch=083 train_batch=360/435 running_loss=0.085070
2026-08-19 20:20:44 | INFO | epoch=083 train_batch=370/435 running_loss=0.085009
2026-08-19 20:20:45 | INFO | epoch=083 train_batch=380/435 running_loss=0.084843
2026-08-19 20:20:45 | INFO | epoch=083 train_batch=390/435 running_loss=0.084788
2026-08-19 20:20:45 | INFO | epoch=083 train_batch=400/435 running_loss=0.084558
2026-08-19 20:20:46 | INFO | epoch=083 train_batch=410/435 running_loss=0.084504
2026-08-19 20:20:46 | INFO | epoch=083 train_batch=420/435 running_loss=0.084371
2026-08-19 20:20:46 | INFO | epoch=083 train_batch=430/435 running_loss=0.084359
2026-08-19 20:20:47 | INFO | epoch=083 train_batch=435/435 running_loss=0.084413
2026-08-19 20:20:47 | INFO | epoch=083 train_loss=0.084413 validation_loss=0.182894
2026-08-19 20:20:47 | INFO | epoch=084 train_batch=10/435 running_loss=0.074602
2026-08-19 20:20:48 | INFO | epoch=084 train_batch=20/435 running_loss=0.078556
2026-08-19 20:20:48 | INFO | epoch=084 train_batch=30/435 running_loss=0.080401
2026-08-19 20:20:48 | INFO | epoch=084 train_batch=40/435 running_loss=0.081281
2026-08-19 20:20:49 | INFO | epoch=084 train_batch=50/435 running_loss=0.082083
2026-08-19 20:20:49 | INFO | epoch=084 train_batch=60/435 running_loss=0.082243
2026-08-19 20:20:49 | INFO | epoch=084 train_batch=70/435 running_loss=0.082710
2026-08-19 20:20:50 | INFO | epoch=084 train_batch=80/435 running_loss=0.083622
2026-08-19 20:20:50 | INFO | epoch=084 train_batch=90/435 running_loss=0.084321
2026-08-19 20:20:50 | INFO | epoch=084 train_batch=100/435 running_loss=0.084228
2026-08-19 20:20:51 | INFO | epoch=084 train_batch=110/435 running_loss=0.084451
2026-08-19 20:20:51 | INFO | epoch=084 train_batch=120/435 running_loss=0.084515
2026-08-19 20:20:51 | INFO | epoch=084 train_batch=130/435 running_loss=0.084206
2026-08-19 20:20:52 | INFO | epoch=084 train_batch=140/435 running_loss=0.084478
2026-08-19 20:20:52 | INFO | epoch=084 train_batch=150/435 running_loss=0.084668
2026-08-19 20:20:52 | INFO | epoch=084 train_batch=160/435 running_loss=0.084784
2026-08-19 20:20:53 | INFO | epoch=084 train_batch=170/435 running_loss=0.084865
2026-08-19 20:20:53 | INFO | epoch=084 train_batch=180/435 running_loss=0.084482
2026-08-19 20:20:54 | INFO | epoch=084 train_batch=190/435 running_loss=0.084346
2026-08-19 20:20:54 | INFO | epoch=084 train_batch=200/435 running_loss=0.084198
2026-08-19 20:20:54 | INFO | epoch=084 train_batch=210/435 running_loss=0.083912
2026-08-19 20:20:55 | INFO | epoch=084 train_batch=220/435 running_loss=0.083922
2026-08-19 20:20:55 | INFO | epoch=084 train_batch=230/435 running_loss=0.083579
2026-08-19 20:20:55 | INFO | epoch=084 train_batch=240/435 running_loss=0.083471
2026-08-19 20:20:56 | INFO | epoch=084 train_batch=250/435 running_loss=0.083581
2026-08-19 20:20:56 | INFO | epoch=084 train_batch=260/435 running_loss=0.083365
2026-08-19 20:20:56 | INFO | epoch=084 train_batch=270/435 running_loss=0.083509
2026-08-19 20:20:57 | INFO | epoch=084 train_batch=280/435 running_loss=0.083620
2026-08-19 20:20:57 | INFO | epoch=084 train_batch=290/435 running_loss=0.083687
2026-08-19 20:20:57 | INFO | epoch=084 train_batch=300/435 running_loss=0.084021
2026-08-19 20:20:58 | INFO | epoch=084 train_batch=310/435 running_loss=0.084075
2026-08-19 20:20:58 | INFO | epoch=084 train_batch=320/435 running_loss=0.084041
2026-08-19 20:20:58 | INFO | epoch=084 train_batch=330/435 running_loss=0.083995
2026-08-19 20:20:59 | INFO | epoch=084 train_batch=340/435 running_loss=0.083956
2026-08-19 20:20:59 | INFO | epoch=084 train_batch=350/435 running_loss=0.083930
2026-08-19 20:20:59 | INFO | epoch=084 train_batch=360/435 running_loss=0.083871
2026-08-19 20:21:00 | INFO | epoch=084 train_batch=370/435 running_loss=0.084005
2026-08-19 20:21:00 | INFO | epoch=084 train_batch=380/435 running_loss=0.084027
2026-08-19 20:21:00 | INFO | epoch=084 train_batch=390/435 running_loss=0.084000
2026-08-19 20:21:01 | INFO | epoch=084 train_batch=400/435 running_loss=0.084028
2026-08-19 20:21:01 | INFO | epoch=084 train_batch=410/435 running_loss=0.084163
2026-08-19 20:21:02 | INFO | epoch=084 train_batch=420/435 running_loss=0.084164
2026-08-19 20:21:02 | INFO | epoch=084 train_batch=430/435 running_loss=0.084285
2026-08-19 20:21:02 | INFO | epoch=084 train_batch=435/435 running_loss=0.084228
2026-08-19 20:21:02 | INFO | epoch=084 train_loss=0.084228 validation_loss=0.182320
2026-08-19 20:21:03 | INFO | epoch=085 train_batch=10/435 running_loss=0.088216
2026-08-19 20:21:03 | INFO | epoch=085 train_batch=20/435 running_loss=0.084569
2026-08-19 20:21:04 | INFO | epoch=085 train_batch=30/435 running_loss=0.083563
2026-08-19 20:21:04 | INFO | epoch=085 train_batch=40/435 running_loss=0.082742
2026-08-19 20:21:04 | INFO | epoch=085 train_batch=50/435 running_loss=0.083392
2026-08-19 20:21:05 | INFO | epoch=085 train_batch=60/435 running_loss=0.082730
2026-08-19 20:21:05 | INFO | epoch=085 train_batch=70/435 running_loss=0.082756
2026-08-19 20:21:05 | INFO | epoch=085 train_batch=80/435 running_loss=0.083028
2026-08-19 20:21:06 | INFO | epoch=085 train_batch=90/435 running_loss=0.083672
2026-08-19 20:21:06 | INFO | epoch=085 train_batch=100/435 running_loss=0.083244
2026-08-19 20:21:06 | INFO | epoch=085 train_batch=110/435 running_loss=0.083313
2026-08-19 20:21:07 | INFO | epoch=085 train_batch=120/435 running_loss=0.083366
2026-08-19 20:21:07 | INFO | epoch=085 train_batch=130/435 running_loss=0.083424
2026-08-19 20:21:08 | INFO | epoch=085 train_batch=140/435 running_loss=0.083225
2026-08-19 20:21:08 | INFO | epoch=085 train_batch=150/435 running_loss=0.083408
2026-08-19 20:21:08 | INFO | epoch=085 train_batch=160/435 running_loss=0.083697
2026-08-19 20:21:09 | INFO | epoch=085 train_batch=170/435 running_loss=0.083730
2026-08-19 20:21:09 | INFO | epoch=085 train_batch=180/435 running_loss=0.083562
2026-08-19 20:21:09 | INFO | epoch=085 train_batch=190/435 running_loss=0.083348
2026-08-19 20:21:10 | INFO | epoch=085 train_batch=200/435 running_loss=0.083437
2026-08-19 20:21:10 | INFO | epoch=085 train_batch=210/435 running_loss=0.083508
2026-08-19 20:21:11 | INFO | epoch=085 train_batch=220/435 running_loss=0.083400
2026-08-19 20:21:11 | INFO | epoch=085 train_batch=230/435 running_loss=0.083406
2026-08-19 20:21:11 | INFO | epoch=085 train_batch=240/435 running_loss=0.083530
2026-08-19 20:21:12 | INFO | epoch=085 train_batch=250/435 running_loss=0.083483
2026-08-19 20:21:12 | INFO | epoch=085 train_batch=260/435 running_loss=0.083473
2026-08-19 20:21:12 | INFO | epoch=085 train_batch=270/435 running_loss=0.083571
2026-08-19 20:21:13 | INFO | epoch=085 train_batch=280/435 running_loss=0.083724
2026-08-19 20:21:13 | INFO | epoch=085 train_batch=290/435 running_loss=0.083897
2026-08-19 20:21:13 | INFO | epoch=085 train_batch=300/435 running_loss=0.084040
2026-08-19 20:21:14 | INFO | epoch=085 train_batch=310/435 running_loss=0.084111
2026-08-19 20:21:14 | INFO | epoch=085 train_batch=320/435 running_loss=0.083977
2026-08-19 20:21:15 | INFO | epoch=085 train_batch=330/435 running_loss=0.083918
2026-08-19 20:21:15 | INFO | epoch=085 train_batch=340/435 running_loss=0.083826
2026-08-19 20:21:15 | INFO | epoch=085 train_batch=350/435 running_loss=0.083657
2026-08-19 20:21:16 | INFO | epoch=085 train_batch=360/435 running_loss=0.083627
2026-08-19 20:21:16 | INFO | epoch=085 train_batch=370/435 running_loss=0.083843
2026-08-19 20:21:16 | INFO | epoch=085 train_batch=380/435 running_loss=0.083796
2026-08-19 20:21:17 | INFO | epoch=085 train_batch=390/435 running_loss=0.083760
2026-08-19 20:21:17 | INFO | epoch=085 train_batch=400/435 running_loss=0.083809
2026-08-19 20:21:17 | INFO | epoch=085 train_batch=410/435 running_loss=0.083892
2026-08-19 20:21:18 | INFO | epoch=085 train_batch=420/435 running_loss=0.083861
2026-08-19 20:21:18 | INFO | epoch=085 train_batch=430/435 running_loss=0.083976
2026-08-19 20:21:18 | INFO | epoch=085 train_batch=435/435 running_loss=0.084056
2026-08-19 20:21:19 | INFO | epoch=085 train_loss=0.084056 validation_loss=0.182897
2026-08-19 20:21:19 | INFO | epoch=086 train_batch=10/435 running_loss=0.083870
2026-08-19 20:21:19 | INFO | epoch=086 train_batch=20/435 running_loss=0.082185
2026-08-19 20:21:20 | INFO | epoch=086 train_batch=30/435 running_loss=0.084169
2026-08-19 20:21:20 | INFO | epoch=086 train_batch=40/435 running_loss=0.083842
2026-08-19 20:21:21 | INFO | epoch=086 train_batch=50/435 running_loss=0.084198
2026-08-19 20:21:21 | INFO | epoch=086 train_batch=60/435 running_loss=0.084534
2026-08-19 20:21:21 | INFO | epoch=086 train_batch=70/435 running_loss=0.083903
2026-08-19 20:21:22 | INFO | epoch=086 train_batch=80/435 running_loss=0.083254
2026-08-19 20:21:22 | INFO | epoch=086 train_batch=90/435 running_loss=0.083556
2026-08-19 20:21:22 | INFO | epoch=086 train_batch=100/435 running_loss=0.083678
2026-08-19 20:21:23 | INFO | epoch=086 train_batch=110/435 running_loss=0.083028
2026-08-19 20:21:23 | INFO | epoch=086 train_batch=120/435 running_loss=0.083327
2026-08-19 20:21:23 | INFO | epoch=086 train_batch=130/435 running_loss=0.083963
2026-08-19 20:21:24 | INFO | epoch=086 train_batch=140/435 running_loss=0.083852
2026-08-19 20:21:24 | INFO | epoch=086 train_batch=150/435 running_loss=0.083934
2026-08-19 20:21:25 | INFO | epoch=086 train_batch=160/435 running_loss=0.083880
2026-08-19 20:21:25 | INFO | epoch=086 train_batch=170/435 running_loss=0.083658
2026-08-19 20:21:25 | INFO | epoch=086 train_batch=180/435 running_loss=0.083644
2026-08-19 20:21:26 | INFO | epoch=086 train_batch=190/435 running_loss=0.083938
2026-08-19 20:21:26 | INFO | epoch=086 train_batch=200/435 running_loss=0.083858
2026-08-19 20:21:26 | INFO | epoch=086 train_batch=210/435 running_loss=0.084143
2026-08-19 20:21:27 | INFO | epoch=086 train_batch=220/435 running_loss=0.084307
2026-08-19 20:21:27 | INFO | epoch=086 train_batch=230/435 running_loss=0.084330
2026-08-19 20:21:27 | INFO | epoch=086 train_batch=240/435 running_loss=0.084465
2026-08-19 20:21:28 | INFO | epoch=086 train_batch=250/435 running_loss=0.084339
2026-08-19 20:21:28 | INFO | epoch=086 train_batch=260/435 running_loss=0.083997
2026-08-19 20:21:29 | INFO | epoch=086 train_batch=270/435 running_loss=0.083907
2026-08-19 20:21:29 | INFO | epoch=086 train_batch=280/435 running_loss=0.083878
2026-08-19 20:21:29 | INFO | epoch=086 train_batch=290/435 running_loss=0.083676
2026-08-19 20:21:30 | INFO | epoch=086 train_batch=300/435 running_loss=0.083551
2026-08-19 20:21:30 | INFO | epoch=086 train_batch=310/435 running_loss=0.083588
2026-08-19 20:21:30 | INFO | epoch=086 train_batch=320/435 running_loss=0.083826
2026-08-19 20:21:31 | INFO | epoch=086 train_batch=330/435 running_loss=0.083664
2026-08-19 20:21:31 | INFO | epoch=086 train_batch=340/435 running_loss=0.083609
2026-08-19 20:21:31 | INFO | epoch=086 train_batch=350/435 running_loss=0.083657
2026-08-19 20:21:32 | INFO | epoch=086 train_batch=360/435 running_loss=0.083784
2026-08-19 20:21:32 | INFO | epoch=086 train_batch=370/435 running_loss=0.083730
2026-08-19 20:21:33 | INFO | epoch=086 train_batch=380/435 running_loss=0.083618
2026-08-19 20:21:33 | INFO | epoch=086 train_batch=390/435 running_loss=0.083863
2026-08-19 20:21:33 | INFO | epoch=086 train_batch=400/435 running_loss=0.083901
2026-08-19 20:21:34 | INFO | epoch=086 train_batch=410/435 running_loss=0.083880
2026-08-19 20:21:34 | INFO | epoch=086 train_batch=420/435 running_loss=0.083902
2026-08-19 20:21:34 | INFO | epoch=086 train_batch=430/435 running_loss=0.083870
2026-08-19 20:21:35 | INFO | epoch=086 train_batch=435/435 running_loss=0.083994
2026-08-19 20:21:35 | INFO | epoch=086 train_loss=0.083994 validation_loss=0.183559
2026-08-19 20:21:35 | INFO | epoch=087 train_batch=10/435 running_loss=0.080348
2026-08-19 20:21:36 | INFO | epoch=087 train_batch=20/435 running_loss=0.082119
2026-08-19 20:21:36 | INFO | epoch=087 train_batch=30/435 running_loss=0.084757
2026-08-19 20:21:36 | INFO | epoch=087 train_batch=40/435 running_loss=0.084422
2026-08-19 20:21:37 | INFO | epoch=087 train_batch=50/435 running_loss=0.084377
2026-08-19 20:21:37 | INFO | epoch=087 train_batch=60/435 running_loss=0.084102
2026-08-19 20:21:37 | INFO | epoch=087 train_batch=70/435 running_loss=0.083256
2026-08-19 20:21:38 | INFO | epoch=087 train_batch=80/435 running_loss=0.083085
2026-08-19 20:21:38 | INFO | epoch=087 train_batch=90/435 running_loss=0.083028
2026-08-19 20:21:39 | INFO | epoch=087 train_batch=100/435 running_loss=0.082831
2026-08-19 20:21:39 | INFO | epoch=087 train_batch=110/435 running_loss=0.082339
2026-08-19 20:21:39 | INFO | epoch=087 train_batch=120/435 running_loss=0.082090
2026-08-19 20:21:40 | INFO | epoch=087 train_batch=130/435 running_loss=0.082070
2026-08-19 20:21:40 | INFO | epoch=087 train_batch=140/435 running_loss=0.082441
2026-08-19 20:21:40 | INFO | epoch=087 train_batch=150/435 running_loss=0.082697
2026-08-19 20:21:41 | INFO | epoch=087 train_batch=160/435 running_loss=0.082936
2026-08-19 20:21:41 | INFO | epoch=087 train_batch=170/435 running_loss=0.082912
2026-08-19 20:21:41 | INFO | epoch=087 train_batch=180/435 running_loss=0.082753
2026-08-19 20:21:42 | INFO | epoch=087 train_batch=190/435 running_loss=0.082890
2026-08-19 20:21:42 | INFO | epoch=087 train_batch=200/435 running_loss=0.083096
2026-08-19 20:21:43 | INFO | epoch=087 train_batch=210/435 running_loss=0.083173
2026-08-19 20:21:43 | INFO | epoch=087 train_batch=220/435 running_loss=0.083381
2026-08-19 20:21:43 | INFO | epoch=087 train_batch=230/435 running_loss=0.083695
2026-08-19 20:21:44 | INFO | epoch=087 train_batch=240/435 running_loss=0.083652
2026-08-19 20:21:44 | INFO | epoch=087 train_batch=250/435 running_loss=0.083664
2026-08-19 20:21:44 | INFO | epoch=087 train_batch=260/435 running_loss=0.083470
2026-08-19 20:21:45 | INFO | epoch=087 train_batch=270/435 running_loss=0.083717
2026-08-19 20:21:45 | INFO | epoch=087 train_batch=280/435 running_loss=0.083508
2026-08-19 20:21:45 | INFO | epoch=087 train_batch=290/435 running_loss=0.083532
2026-08-19 20:21:46 | INFO | epoch=087 train_batch=300/435 running_loss=0.083648
2026-08-19 20:21:46 | INFO | epoch=087 train_batch=310/435 running_loss=0.083540
2026-08-19 20:21:46 | INFO | epoch=087 train_batch=320/435 running_loss=0.083527
2026-08-19 20:21:47 | INFO | epoch=087 train_batch=330/435 running_loss=0.083362
2026-08-19 20:21:47 | INFO | epoch=087 train_batch=340/435 running_loss=0.083232
2026-08-19 20:21:48 | INFO | epoch=087 train_batch=350/435 running_loss=0.083132
2026-08-19 20:21:48 | INFO | epoch=087 train_batch=360/435 running_loss=0.083124
2026-08-19 20:21:48 | INFO | epoch=087 train_batch=370/435 running_loss=0.083000
2026-08-19 20:21:49 | INFO | epoch=087 train_batch=380/435 running_loss=0.083034
2026-08-19 20:21:49 | INFO | epoch=087 train_batch=390/435 running_loss=0.082967
2026-08-19 20:21:49 | INFO | epoch=087 train_batch=400/435 running_loss=0.083006
2026-08-19 20:21:50 | INFO | epoch=087 train_batch=410/435 running_loss=0.082905
2026-08-19 20:21:50 | INFO | epoch=087 train_batch=420/435 running_loss=0.082788
2026-08-19 20:21:50 | INFO | epoch=087 train_batch=430/435 running_loss=0.082970
2026-08-19 20:21:51 | INFO | epoch=087 train_batch=435/435 running_loss=0.082981
2026-08-19 20:21:51 | INFO | epoch=087 train_loss=0.082981 validation_loss=0.183026
2026-08-19 20:21:51 | INFO | epoch=088 train_batch=10/435 running_loss=0.077199
2026-08-19 20:21:52 | INFO | epoch=088 train_batch=20/435 running_loss=0.078914
2026-08-19 20:21:52 | INFO | epoch=088 train_batch=30/435 running_loss=0.080781
2026-08-19 20:21:52 | INFO | epoch=088 train_batch=40/435 running_loss=0.080650
2026-08-19 20:21:53 | INFO | epoch=088 train_batch=50/435 running_loss=0.082097
2026-08-19 20:21:53 | INFO | epoch=088 train_batch=60/435 running_loss=0.081200
2026-08-19 20:21:54 | INFO | epoch=088 train_batch=70/435 running_loss=0.080127
2026-08-19 20:21:54 | INFO | epoch=088 train_batch=80/435 running_loss=0.080144
2026-08-19 20:21:54 | INFO | epoch=088 train_batch=90/435 running_loss=0.080261
2026-08-19 20:21:55 | INFO | epoch=088 train_batch=100/435 running_loss=0.080364
2026-08-19 20:21:55 | INFO | epoch=088 train_batch=110/435 running_loss=0.080233
2026-08-19 20:21:55 | INFO | epoch=088 train_batch=120/435 running_loss=0.080521
2026-08-19 20:21:56 | INFO | epoch=088 train_batch=130/435 running_loss=0.080687
2026-08-19 20:21:56 | INFO | epoch=088 train_batch=140/435 running_loss=0.081044
2026-08-19 20:21:56 | INFO | epoch=088 train_batch=150/435 running_loss=0.081068
2026-08-19 20:21:57 | INFO | epoch=088 train_batch=160/435 running_loss=0.081126
2026-08-19 20:21:57 | INFO | epoch=088 train_batch=170/435 running_loss=0.081325
2026-08-19 20:21:57 | INFO | epoch=088 train_batch=180/435 running_loss=0.081393
2026-08-19 20:21:58 | INFO | epoch=088 train_batch=190/435 running_loss=0.081506
2026-08-19 20:21:58 | INFO | epoch=088 train_batch=200/435 running_loss=0.081336
2026-08-19 20:21:59 | INFO | epoch=088 train_batch=210/435 running_loss=0.081289
2026-08-19 20:21:59 | INFO | epoch=088 train_batch=220/435 running_loss=0.081404
2026-08-19 20:21:59 | INFO | epoch=088 train_batch=230/435 running_loss=0.081168
2026-08-19 20:22:00 | INFO | epoch=088 train_batch=240/435 running_loss=0.081455
2026-08-19 20:22:00 | INFO | epoch=088 train_batch=250/435 running_loss=0.081386
2026-08-19 20:22:00 | INFO | epoch=088 train_batch=260/435 running_loss=0.081474
2026-08-19 20:22:01 | INFO | epoch=088 train_batch=270/435 running_loss=0.081763
2026-08-19 20:22:01 | INFO | epoch=088 train_batch=280/435 running_loss=0.081633
2026-08-19 20:22:01 | INFO | epoch=088 train_batch=290/435 running_loss=0.081851
2026-08-19 20:22:02 | INFO | epoch=088 train_batch=300/435 running_loss=0.082050
2026-08-19 20:22:02 | INFO | epoch=088 train_batch=310/435 running_loss=0.081957
2026-08-19 20:22:03 | INFO | epoch=088 train_batch=320/435 running_loss=0.082146
2026-08-19 20:22:03 | INFO | epoch=088 train_batch=330/435 running_loss=0.082204
2026-08-19 20:22:03 | INFO | epoch=088 train_batch=340/435 running_loss=0.082249
2026-08-19 20:22:04 | INFO | epoch=088 train_batch=350/435 running_loss=0.082204
2026-08-19 20:22:04 | INFO | epoch=088 train_batch=360/435 running_loss=0.082437
2026-08-19 20:22:04 | INFO | epoch=088 train_batch=370/435 running_loss=0.082360
2026-08-19 20:22:05 | INFO | epoch=088 train_batch=380/435 running_loss=0.082393
2026-08-19 20:22:05 | INFO | epoch=088 train_batch=390/435 running_loss=0.082337
2026-08-19 20:22:05 | INFO | epoch=088 train_batch=400/435 running_loss=0.082445
2026-08-19 20:22:06 | INFO | epoch=088 train_batch=410/435 running_loss=0.082570
2026-08-19 20:22:06 | INFO | epoch=088 train_batch=420/435 running_loss=0.082799
2026-08-19 20:22:07 | INFO | epoch=088 train_batch=430/435 running_loss=0.082840
2026-08-19 20:22:07 | INFO | epoch=088 train_batch=435/435 running_loss=0.082810
2026-08-19 20:22:07 | INFO | epoch=088 train_loss=0.082810 validation_loss=0.181731
2026-08-19 20:22:07 | INFO | epoch=089 train_batch=10/435 running_loss=0.080695
2026-08-19 20:22:08 | INFO | epoch=089 train_batch=20/435 running_loss=0.079623
2026-08-19 20:22:08 | INFO | epoch=089 train_batch=30/435 running_loss=0.080669
2026-08-19 20:22:09 | INFO | epoch=089 train_batch=40/435 running_loss=0.079743
2026-08-19 20:22:09 | INFO | epoch=089 train_batch=50/435 running_loss=0.080215
2026-08-19 20:22:09 | INFO | epoch=089 train_batch=60/435 running_loss=0.080908
2026-08-19 20:22:10 | INFO | epoch=089 train_batch=70/435 running_loss=0.080889
2026-08-19 20:22:10 | INFO | epoch=089 train_batch=80/435 running_loss=0.081164
2026-08-19 20:22:10 | INFO | epoch=089 train_batch=90/435 running_loss=0.081079
2026-08-19 20:22:11 | INFO | epoch=089 train_batch=100/435 running_loss=0.080899
2026-08-19 20:22:11 | INFO | epoch=089 train_batch=110/435 running_loss=0.081150
2026-08-19 20:22:12 | INFO | epoch=089 train_batch=120/435 running_loss=0.081284
2026-08-19 20:22:12 | INFO | epoch=089 train_batch=130/435 running_loss=0.082233
2026-08-19 20:22:12 | INFO | epoch=089 train_batch=140/435 running_loss=0.082165
2026-08-19 20:22:13 | INFO | epoch=089 train_batch=150/435 running_loss=0.082475
2026-08-19 20:22:13 | INFO | epoch=089 train_batch=160/435 running_loss=0.082962
2026-08-19 20:22:13 | INFO | epoch=089 train_batch=170/435 running_loss=0.082398
2026-08-19 20:22:14 | INFO | epoch=089 train_batch=180/435 running_loss=0.082703
2026-08-19 20:22:14 | INFO | epoch=089 train_batch=190/435 running_loss=0.082763
2026-08-19 20:22:14 | INFO | epoch=089 train_batch=200/435 running_loss=0.083004
2026-08-19 20:22:15 | INFO | epoch=089 train_batch=210/435 running_loss=0.083112
2026-08-19 20:22:15 | INFO | epoch=089 train_batch=220/435 running_loss=0.083071
2026-08-19 20:22:16 | INFO | epoch=089 train_batch=230/435 running_loss=0.082947
2026-08-19 20:22:16 | INFO | epoch=089 train_batch=240/435 running_loss=0.082726
2026-08-19 20:22:16 | INFO | epoch=089 train_batch=250/435 running_loss=0.082672
2026-08-19 20:22:17 | INFO | epoch=089 train_batch=260/435 running_loss=0.082852
2026-08-19 20:22:17 | INFO | epoch=089 train_batch=270/435 running_loss=0.082673
2026-08-19 20:22:17 | INFO | epoch=089 train_batch=280/435 running_loss=0.082705
2026-08-19 20:22:18 | INFO | epoch=089 train_batch=290/435 running_loss=0.082974
2026-08-19 20:22:18 | INFO | epoch=089 train_batch=300/435 running_loss=0.082936
2026-08-19 20:22:18 | INFO | epoch=089 train_batch=310/435 running_loss=0.082932
2026-08-19 20:22:19 | INFO | epoch=089 train_batch=320/435 running_loss=0.082799
2026-08-19 20:22:19 | INFO | epoch=089 train_batch=330/435 running_loss=0.082826
2026-08-19 20:22:19 | INFO | epoch=089 train_batch=340/435 running_loss=0.082993
2026-08-19 20:22:20 | INFO | epoch=089 train_batch=350/435 running_loss=0.083257
2026-08-19 20:22:20 | INFO | epoch=089 train_batch=360/435 running_loss=0.083747
2026-08-19 20:22:20 | INFO | epoch=089 train_batch=370/435 running_loss=0.083911
2026-08-19 20:22:21 | INFO | epoch=089 train_batch=380/435 running_loss=0.084046
2026-08-19 20:22:21 | INFO | epoch=089 train_batch=390/435 running_loss=0.083925
2026-08-19 20:22:21 | INFO | epoch=089 train_batch=400/435 running_loss=0.083909
2026-08-19 20:22:22 | INFO | epoch=089 train_batch=410/435 running_loss=0.083955
2026-08-19 20:22:22 | INFO | epoch=089 train_batch=420/435 running_loss=0.083861
2026-08-19 20:22:22 | INFO | epoch=089 train_batch=430/435 running_loss=0.083844
2026-08-19 20:22:23 | INFO | epoch=089 train_batch=435/435 running_loss=0.083760
2026-08-19 20:22:23 | INFO | epoch=089 train_loss=0.083760 validation_loss=0.181234
2026-08-19 20:22:23 | INFO | epoch=090 train_batch=10/435 running_loss=0.083584
2026-08-19 20:22:24 | INFO | epoch=090 train_batch=20/435 running_loss=0.084951
2026-08-19 20:22:24 | INFO | epoch=090 train_batch=30/435 running_loss=0.082513
2026-08-19 20:22:24 | INFO | epoch=090 train_batch=40/435 running_loss=0.081686
2026-08-19 20:22:25 | INFO | epoch=090 train_batch=50/435 running_loss=0.083543
2026-08-19 20:22:25 | INFO | epoch=090 train_batch=60/435 running_loss=0.083183
2026-08-19 20:22:25 | INFO | epoch=090 train_batch=70/435 running_loss=0.083064
2026-08-19 20:22:26 | INFO | epoch=090 train_batch=80/435 running_loss=0.082414
2026-08-19 20:22:26 | INFO | epoch=090 train_batch=90/435 running_loss=0.082640
2026-08-19 20:22:26 | INFO | epoch=090 train_batch=100/435 running_loss=0.082488
2026-08-19 20:22:27 | INFO | epoch=090 train_batch=110/435 running_loss=0.082840
2026-08-19 20:22:27 | INFO | epoch=090 train_batch=120/435 running_loss=0.082547
2026-08-19 20:22:27 | INFO | epoch=090 train_batch=130/435 running_loss=0.082486
2026-08-19 20:22:28 | INFO | epoch=090 train_batch=140/435 running_loss=0.082154
2026-08-19 20:22:28 | INFO | epoch=090 train_batch=150/435 running_loss=0.082149
2026-08-19 20:22:28 | INFO | epoch=090 train_batch=160/435 running_loss=0.082334
2026-08-19 20:22:29 | INFO | epoch=090 train_batch=170/435 running_loss=0.082443
2026-08-19 20:22:29 | INFO | epoch=090 train_batch=180/435 running_loss=0.082667
2026-08-19 20:22:29 | INFO | epoch=090 train_batch=190/435 running_loss=0.082633
2026-08-19 20:22:30 | INFO | epoch=090 train_batch=200/435 running_loss=0.082596
2026-08-19 20:22:30 | INFO | epoch=090 train_batch=210/435 running_loss=0.082492
2026-08-19 20:22:30 | INFO | epoch=090 train_batch=220/435 running_loss=0.082632
2026-08-19 20:22:31 | INFO | epoch=090 train_batch=230/435 running_loss=0.082636
2026-08-19 20:22:31 | INFO | epoch=090 train_batch=240/435 running_loss=0.082714
2026-08-19 20:22:31 | INFO | epoch=090 train_batch=250/435 running_loss=0.082589
2026-08-19 20:22:32 | INFO | epoch=090 train_batch=260/435 running_loss=0.082574
2026-08-19 20:22:32 | INFO | epoch=090 train_batch=270/435 running_loss=0.082696
2026-08-19 20:22:32 | INFO | epoch=090 train_batch=280/435 running_loss=0.082662
2026-08-19 20:22:33 | INFO | epoch=090 train_batch=290/435 running_loss=0.082807
2026-08-19 20:22:33 | INFO | epoch=090 train_batch=300/435 running_loss=0.082852
2026-08-19 20:22:33 | INFO | epoch=090 train_batch=310/435 running_loss=0.082683
2026-08-19 20:22:34 | INFO | epoch=090 train_batch=320/435 running_loss=0.082495
2026-08-19 20:22:34 | INFO | epoch=090 train_batch=330/435 running_loss=0.082599
2026-08-19 20:22:34 | INFO | epoch=090 train_batch=340/435 running_loss=0.082734
2026-08-19 20:22:35 | INFO | epoch=090 train_batch=350/435 running_loss=0.082795
2026-08-19 20:22:35 | INFO | epoch=090 train_batch=360/435 running_loss=0.082906
2026-08-19 20:22:35 | INFO | epoch=090 train_batch=370/435 running_loss=0.082868
2026-08-19 20:22:36 | INFO | epoch=090 train_batch=380/435 running_loss=0.082992
2026-08-19 20:22:36 | INFO | epoch=090 train_batch=390/435 running_loss=0.083149
2026-08-19 20:22:36 | INFO | epoch=090 train_batch=400/435 running_loss=0.083216
2026-08-19 20:22:37 | INFO | epoch=090 train_batch=410/435 running_loss=0.083182
2026-08-19 20:22:37 | INFO | epoch=090 train_batch=420/435 running_loss=0.083157
2026-08-19 20:22:37 | INFO | epoch=090 train_batch=430/435 running_loss=0.083143
2026-08-19 20:22:38 | INFO | epoch=090 train_batch=435/435 running_loss=0.083150
2026-08-19 20:22:38 | INFO | epoch=090 train_loss=0.083150 validation_loss=0.181444
2026-08-19 20:22:38 | INFO | epoch=091 train_batch=10/435 running_loss=0.085707
2026-08-19 20:22:39 | INFO | epoch=091 train_batch=20/435 running_loss=0.084033
2026-08-19 20:22:39 | INFO | epoch=091 train_batch=30/435 running_loss=0.082053
2026-08-19 20:22:39 | INFO | epoch=091 train_batch=40/435 running_loss=0.080541
2026-08-19 20:22:40 | INFO | epoch=091 train_batch=50/435 running_loss=0.080301
2026-08-19 20:22:40 | INFO | epoch=091 train_batch=60/435 running_loss=0.080172
2026-08-19 20:22:40 | INFO | epoch=091 train_batch=70/435 running_loss=0.080302
2026-08-19 20:22:41 | INFO | epoch=091 train_batch=80/435 running_loss=0.080293
2026-08-19 20:22:41 | INFO | epoch=091 train_batch=90/435 running_loss=0.080683
2026-08-19 20:22:41 | INFO | epoch=091 train_batch=100/435 running_loss=0.080761
2026-08-19 20:22:42 | INFO | epoch=091 train_batch=110/435 running_loss=0.080434
2026-08-19 20:22:42 | INFO | epoch=091 train_batch=120/435 running_loss=0.080692
2026-08-19 20:22:42 | INFO | epoch=091 train_batch=130/435 running_loss=0.081062
2026-08-19 20:22:43 | INFO | epoch=091 train_batch=140/435 running_loss=0.081168
2026-08-19 20:22:43 | INFO | epoch=091 train_batch=150/435 running_loss=0.081047
2026-08-19 20:22:43 | INFO | epoch=091 train_batch=160/435 running_loss=0.081075
2026-08-19 20:22:44 | INFO | epoch=091 train_batch=170/435 running_loss=0.081198
2026-08-19 20:22:44 | INFO | epoch=091 train_batch=180/435 running_loss=0.081212
2026-08-19 20:22:44 | INFO | epoch=091 train_batch=190/435 running_loss=0.081216
2026-08-19 20:22:45 | INFO | epoch=091 train_batch=200/435 running_loss=0.081271
2026-08-19 20:22:45 | INFO | epoch=091 train_batch=210/435 running_loss=0.081167
2026-08-19 20:22:45 | INFO | epoch=091 train_batch=220/435 running_loss=0.081320
2026-08-19 20:22:46 | INFO | epoch=091 train_batch=230/435 running_loss=0.081690
2026-08-19 20:22:46 | INFO | epoch=091 train_batch=240/435 running_loss=0.081759
2026-08-19 20:22:46 | INFO | epoch=091 train_batch=250/435 running_loss=0.081897
2026-08-19 20:22:47 | INFO | epoch=091 train_batch=260/435 running_loss=0.082009
2026-08-19 20:22:47 | INFO | epoch=091 train_batch=270/435 running_loss=0.081994
2026-08-19 20:22:47 | INFO | epoch=091 train_batch=280/435 running_loss=0.081985
2026-08-19 20:22:48 | INFO | epoch=091 train_batch=290/435 running_loss=0.082098
2026-08-19 20:22:48 | INFO | epoch=091 train_batch=300/435 running_loss=0.082117
2026-08-19 20:22:48 | INFO | epoch=091 train_batch=310/435 running_loss=0.082212
2026-08-19 20:22:49 | INFO | epoch=091 train_batch=320/435 running_loss=0.082210
2026-08-19 20:22:49 | INFO | epoch=091 train_batch=330/435 running_loss=0.082357
2026-08-19 20:22:49 | INFO | epoch=091 train_batch=340/435 running_loss=0.082372
2026-08-19 20:22:50 | INFO | epoch=091 train_batch=350/435 running_loss=0.082328
2026-08-19 20:22:50 | INFO | epoch=091 train_batch=360/435 running_loss=0.082059
2026-08-19 20:22:50 | INFO | epoch=091 train_batch=370/435 running_loss=0.082175
2026-08-19 20:22:51 | INFO | epoch=091 train_batch=380/435 running_loss=0.082279
2026-08-19 20:22:51 | INFO | epoch=091 train_batch=390/435 running_loss=0.082498
2026-08-19 20:22:51 | INFO | epoch=091 train_batch=400/435 running_loss=0.082579
2026-08-19 20:22:52 | INFO | epoch=091 train_batch=410/435 running_loss=0.082508
2026-08-19 20:22:52 | INFO | epoch=091 train_batch=420/435 running_loss=0.082557
2026-08-19 20:22:52 | INFO | epoch=091 train_batch=430/435 running_loss=0.082694
2026-08-19 20:22:53 | INFO | epoch=091 train_batch=435/435 running_loss=0.082781
2026-08-19 20:22:53 | INFO | epoch=091 train_loss=0.082781 validation_loss=0.181768
2026-08-19 20:22:53 | INFO | epoch=092 train_batch=10/435 running_loss=0.090204
2026-08-19 20:22:54 | INFO | epoch=092 train_batch=20/435 running_loss=0.084872
2026-08-19 20:22:54 | INFO | epoch=092 train_batch=30/435 running_loss=0.084098
2026-08-19 20:22:54 | INFO | epoch=092 train_batch=40/435 running_loss=0.083267
2026-08-19 20:22:55 | INFO | epoch=092 train_batch=50/435 running_loss=0.082693
2026-08-19 20:22:55 | INFO | epoch=092 train_batch=60/435 running_loss=0.082636
2026-08-19 20:22:55 | INFO | epoch=092 train_batch=70/435 running_loss=0.082379
2026-08-19 20:22:56 | INFO | epoch=092 train_batch=80/435 running_loss=0.082914
2026-08-19 20:22:56 | INFO | epoch=092 train_batch=90/435 running_loss=0.082592
2026-08-19 20:22:56 | INFO | epoch=092 train_batch=100/435 running_loss=0.082709
2026-08-19 20:22:57 | INFO | epoch=092 train_batch=110/435 running_loss=0.082430
2026-08-19 20:22:57 | INFO | epoch=092 train_batch=120/435 running_loss=0.082598
2026-08-19 20:22:57 | INFO | epoch=092 train_batch=130/435 running_loss=0.082555
2026-08-19 20:22:58 | INFO | epoch=092 train_batch=140/435 running_loss=0.082242
2026-08-19 20:22:58 | INFO | epoch=092 train_batch=150/435 running_loss=0.082102
2026-08-19 20:22:58 | INFO | epoch=092 train_batch=160/435 running_loss=0.082168
2026-08-19 20:22:58 | INFO | epoch=092 train_batch=170/435 running_loss=0.081787
2026-08-19 20:22:59 | INFO | epoch=092 train_batch=180/435 running_loss=0.082068
2026-08-19 20:22:59 | INFO | epoch=092 train_batch=190/435 running_loss=0.082343
2026-08-19 20:22:59 | INFO | epoch=092 train_batch=200/435 running_loss=0.082476
2026-08-19 20:23:00 | INFO | epoch=092 train_batch=210/435 running_loss=0.082525
2026-08-19 20:23:00 | INFO | epoch=092 train_batch=220/435 running_loss=0.082356
2026-08-19 20:23:01 | INFO | epoch=092 train_batch=230/435 running_loss=0.082392
2026-08-19 20:23:01 | INFO | epoch=092 train_batch=240/435 running_loss=0.082367
2026-08-19 20:23:01 | INFO | epoch=092 train_batch=250/435 running_loss=0.082312
2026-08-19 20:23:02 | INFO | epoch=092 train_batch=260/435 running_loss=0.082445
2026-08-19 20:23:02 | INFO | epoch=092 train_batch=270/435 running_loss=0.082751
2026-08-19 20:23:02 | INFO | epoch=092 train_batch=280/435 running_loss=0.082815
2026-08-19 20:23:03 | INFO | epoch=092 train_batch=290/435 running_loss=0.082660
2026-08-19 20:23:03 | INFO | epoch=092 train_batch=300/435 running_loss=0.082852
2026-08-19 20:23:03 | INFO | epoch=092 train_batch=310/435 running_loss=0.082720
2026-08-19 20:23:04 | INFO | epoch=092 train_batch=320/435 running_loss=0.082634
2026-08-19 20:23:04 | INFO | epoch=092 train_batch=330/435 running_loss=0.082803
2026-08-19 20:23:04 | INFO | epoch=092 train_batch=340/435 running_loss=0.082642
2026-08-19 20:23:05 | INFO | epoch=092 train_batch=350/435 running_loss=0.082674
2026-08-19 20:23:05 | INFO | epoch=092 train_batch=360/435 running_loss=0.082657
2026-08-19 20:23:05 | INFO | epoch=092 train_batch=370/435 running_loss=0.082871
2026-08-19 20:23:06 | INFO | epoch=092 train_batch=380/435 running_loss=0.082969
2026-08-19 20:23:06 | INFO | epoch=092 train_batch=390/435 running_loss=0.083032
2026-08-19 20:23:06 | INFO | epoch=092 train_batch=400/435 running_loss=0.082968
2026-08-19 20:23:07 | INFO | epoch=092 train_batch=410/435 running_loss=0.082975
2026-08-19 20:23:07 | INFO | epoch=092 train_batch=420/435 running_loss=0.082832
2026-08-19 20:23:07 | INFO | epoch=092 train_batch=430/435 running_loss=0.082829
2026-08-19 20:23:07 | INFO | epoch=092 train_batch=435/435 running_loss=0.082826
2026-08-19 20:23:08 | INFO | epoch=092 train_loss=0.082826 validation_loss=0.179573
2026-08-19 20:23:08 | INFO | epoch=092 saved new best.pt
2026-08-19 20:23:08 | INFO | epoch=093 train_batch=10/435 running_loss=0.078729
2026-08-19 20:23:08 | INFO | epoch=093 train_batch=20/435 running_loss=0.077932
2026-08-19 20:23:09 | INFO | epoch=093 train_batch=30/435 running_loss=0.078316
2026-08-19 20:23:09 | INFO | epoch=093 train_batch=40/435 running_loss=0.080049
2026-08-19 20:23:09 | INFO | epoch=093 train_batch=50/435 running_loss=0.080747
2026-08-19 20:23:10 | INFO | epoch=093 train_batch=60/435 running_loss=0.080569
2026-08-19 20:23:10 | INFO | epoch=093 train_batch=70/435 running_loss=0.082044
2026-08-19 20:23:10 | INFO | epoch=093 train_batch=80/435 running_loss=0.081266
2026-08-19 20:23:11 | INFO | epoch=093 train_batch=90/435 running_loss=0.081957
2026-08-19 20:23:11 | INFO | epoch=093 train_batch=100/435 running_loss=0.081409
2026-08-19 20:23:11 | INFO | epoch=093 train_batch=110/435 running_loss=0.081323
2026-08-19 20:23:12 | INFO | epoch=093 train_batch=120/435 running_loss=0.081646
2026-08-19 20:23:12 | INFO | epoch=093 train_batch=130/435 running_loss=0.081539
2026-08-19 20:23:12 | INFO | epoch=093 train_batch=140/435 running_loss=0.081102
2026-08-19 20:23:13 | INFO | epoch=093 train_batch=150/435 running_loss=0.081017
2026-08-19 20:23:13 | INFO | epoch=093 train_batch=160/435 running_loss=0.081419
2026-08-19 20:23:13 | INFO | epoch=093 train_batch=170/435 running_loss=0.081032
2026-08-19 20:23:14 | INFO | epoch=093 train_batch=180/435 running_loss=0.081490
2026-08-19 20:23:14 | INFO | epoch=093 train_batch=190/435 running_loss=0.081572
2026-08-19 20:23:14 | INFO | epoch=093 train_batch=200/435 running_loss=0.081603
2026-08-19 20:23:15 | INFO | epoch=093 train_batch=210/435 running_loss=0.081389
2026-08-19 20:23:15 | INFO | epoch=093 train_batch=220/435 running_loss=0.081438
2026-08-19 20:23:15 | INFO | epoch=093 train_batch=230/435 running_loss=0.081230
2026-08-19 20:23:16 | INFO | epoch=093 train_batch=240/435 running_loss=0.081213
2026-08-19 20:23:16 | INFO | epoch=093 train_batch=250/435 running_loss=0.081346
2026-08-19 20:23:16 | INFO | epoch=093 train_batch=260/435 running_loss=0.081288
2026-08-19 20:23:17 | INFO | epoch=093 train_batch=270/435 running_loss=0.081334
2026-08-19 20:23:17 | INFO | epoch=093 train_batch=280/435 running_loss=0.081354
2026-08-19 20:23:17 | INFO | epoch=093 train_batch=290/435 running_loss=0.081079
2026-08-19 20:23:18 | INFO | epoch=093 train_batch=300/435 running_loss=0.081316
2026-08-19 20:23:18 | INFO | epoch=093 train_batch=310/435 running_loss=0.081267
2026-08-19 20:23:18 | INFO | epoch=093 train_batch=320/435 running_loss=0.081377
2026-08-19 20:23:19 | INFO | epoch=093 train_batch=330/435 running_loss=0.081519
2026-08-19 20:23:19 | INFO | epoch=093 train_batch=340/435 running_loss=0.081382
2026-08-19 20:23:19 | INFO | epoch=093 train_batch=350/435 running_loss=0.081274
2026-08-19 20:23:20 | INFO | epoch=093 train_batch=360/435 running_loss=0.081235
2026-08-19 20:23:20 | INFO | epoch=093 train_batch=370/435 running_loss=0.081225
2026-08-19 20:23:20 | INFO | epoch=093 train_batch=380/435 running_loss=0.081469
2026-08-19 20:23:21 | INFO | epoch=093 train_batch=390/435 running_loss=0.081762
2026-08-19 20:23:21 | INFO | epoch=093 train_batch=400/435 running_loss=0.081802
2026-08-19 20:23:21 | INFO | epoch=093 train_batch=410/435 running_loss=0.081763
2026-08-19 20:23:22 | INFO | epoch=093 train_batch=420/435 running_loss=0.081922
2026-08-19 20:23:22 | INFO | epoch=093 train_batch=430/435 running_loss=0.081976
2026-08-19 20:23:22 | INFO | epoch=093 train_batch=435/435 running_loss=0.082016
2026-08-19 20:23:23 | INFO | epoch=093 train_loss=0.082016 validation_loss=0.179873
2026-08-19 20:23:23 | INFO | epoch=094 train_batch=10/435 running_loss=0.076875
2026-08-19 20:23:23 | INFO | epoch=094 train_batch=20/435 running_loss=0.077367
2026-08-19 20:23:24 | INFO | epoch=094 train_batch=30/435 running_loss=0.079215
2026-08-19 20:23:24 | INFO | epoch=094 train_batch=40/435 running_loss=0.079988
2026-08-19 20:23:24 | INFO | epoch=094 train_batch=50/435 running_loss=0.081271
2026-08-19 20:23:25 | INFO | epoch=094 train_batch=60/435 running_loss=0.081728
2026-08-19 20:23:25 | INFO | epoch=094 train_batch=70/435 running_loss=0.082778
2026-08-19 20:23:25 | INFO | epoch=094 train_batch=80/435 running_loss=0.082313
2026-08-19 20:23:26 | INFO | epoch=094 train_batch=90/435 running_loss=0.082286
2026-08-19 20:23:26 | INFO | epoch=094 train_batch=100/435 running_loss=0.081877
2026-08-19 20:23:26 | INFO | epoch=094 train_batch=110/435 running_loss=0.081862
2026-08-19 20:23:27 | INFO | epoch=094 train_batch=120/435 running_loss=0.081529
2026-08-19 20:23:27 | INFO | epoch=094 train_batch=130/435 running_loss=0.081976
2026-08-19 20:23:27 | INFO | epoch=094 train_batch=140/435 running_loss=0.081643
2026-08-19 20:23:28 | INFO | epoch=094 train_batch=150/435 running_loss=0.081372
2026-08-19 20:23:28 | INFO | epoch=094 train_batch=160/435 running_loss=0.081475
2026-08-19 20:23:28 | INFO | epoch=094 train_batch=170/435 running_loss=0.081984
2026-08-19 20:23:29 | INFO | epoch=094 train_batch=180/435 running_loss=0.081871
2026-08-19 20:23:29 | INFO | epoch=094 train_batch=190/435 running_loss=0.082185
2026-08-19 20:23:29 | INFO | epoch=094 train_batch=200/435 running_loss=0.081899
2026-08-19 20:23:30 | INFO | epoch=094 train_batch=210/435 running_loss=0.082041
2026-08-19 20:23:30 | INFO | epoch=094 train_batch=220/435 running_loss=0.082278
2026-08-19 20:23:30 | INFO | epoch=094 train_batch=230/435 running_loss=0.082343
2026-08-19 20:23:31 | INFO | epoch=094 train_batch=240/435 running_loss=0.082395
2026-08-19 20:23:31 | INFO | epoch=094 train_batch=250/435 running_loss=0.082525
2026-08-19 20:23:31 | INFO | epoch=094 train_batch=260/435 running_loss=0.082448
2026-08-19 20:23:32 | INFO | epoch=094 train_batch=270/435 running_loss=0.082344
2026-08-19 20:23:32 | INFO | epoch=094 train_batch=280/435 running_loss=0.082198
2026-08-19 20:23:32 | INFO | epoch=094 train_batch=290/435 running_loss=0.082174
2026-08-19 20:23:33 | INFO | epoch=094 train_batch=300/435 running_loss=0.082053
2026-08-19 20:23:33 | INFO | epoch=094 train_batch=310/435 running_loss=0.082077
2026-08-19 20:23:33 | INFO | epoch=094 train_batch=320/435 running_loss=0.081963
2026-08-19 20:23:34 | INFO | epoch=094 train_batch=330/435 running_loss=0.082015
2026-08-19 20:23:34 | INFO | epoch=094 train_batch=340/435 running_loss=0.082166
2026-08-19 20:23:34 | INFO | epoch=094 train_batch=350/435 running_loss=0.082320
2026-08-19 20:23:35 | INFO | epoch=094 train_batch=360/435 running_loss=0.082234
2026-08-19 20:23:35 | INFO | epoch=094 train_batch=370/435 running_loss=0.082171
2026-08-19 20:23:35 | INFO | epoch=094 train_batch=380/435 running_loss=0.082321
2026-08-19 20:23:36 | INFO | epoch=094 train_batch=390/435 running_loss=0.082210
2026-08-19 20:23:36 | INFO | epoch=094 train_batch=400/435 running_loss=0.082148
2026-08-19 20:23:36 | INFO | epoch=094 train_batch=410/435 running_loss=0.082162
2026-08-19 20:23:37 | INFO | epoch=094 train_batch=420/435 running_loss=0.082162
2026-08-19 20:23:37 | INFO | epoch=094 train_batch=430/435 running_loss=0.081991
2026-08-19 20:23:37 | INFO | epoch=094 train_batch=435/435 running_loss=0.081887
2026-08-19 20:23:37 | INFO | epoch=094 train_loss=0.081887 validation_loss=0.181356
2026-08-19 20:23:38 | INFO | epoch=095 train_batch=10/435 running_loss=0.084472
2026-08-19 20:23:38 | INFO | epoch=095 train_batch=20/435 running_loss=0.080876
2026-08-19 20:23:38 | INFO | epoch=095 train_batch=30/435 running_loss=0.084067
2026-08-19 20:23:39 | INFO | epoch=095 train_batch=40/435 running_loss=0.084198
2026-08-19 20:23:39 | INFO | epoch=095 train_batch=50/435 running_loss=0.084439
2026-08-19 20:23:39 | INFO | epoch=095 train_batch=60/435 running_loss=0.084135
2026-08-19 20:23:40 | INFO | epoch=095 train_batch=70/435 running_loss=0.083700
2026-08-19 20:23:40 | INFO | epoch=095 train_batch=80/435 running_loss=0.083945
2026-08-19 20:23:40 | INFO | epoch=095 train_batch=90/435 running_loss=0.082847
2026-08-19 20:23:41 | INFO | epoch=095 train_batch=100/435 running_loss=0.082265
2026-08-19 20:23:41 | INFO | epoch=095 train_batch=110/435 running_loss=0.081980
2026-08-19 20:23:41 | INFO | epoch=095 train_batch=120/435 running_loss=0.082455
2026-08-19 20:23:42 | INFO | epoch=095 train_batch=130/435 running_loss=0.082539
2026-08-19 20:23:42 | INFO | epoch=095 train_batch=140/435 running_loss=0.082589
2026-08-19 20:23:42 | INFO | epoch=095 train_batch=150/435 running_loss=0.082809
2026-08-19 20:23:43 | INFO | epoch=095 train_batch=160/435 running_loss=0.083144
2026-08-19 20:23:43 | INFO | epoch=095 train_batch=170/435 running_loss=0.083387
2026-08-19 20:23:43 | INFO | epoch=095 train_batch=180/435 running_loss=0.083546
2026-08-19 20:23:44 | INFO | epoch=095 train_batch=190/435 running_loss=0.083141
2026-08-19 20:23:44 | INFO | epoch=095 train_batch=200/435 running_loss=0.083075
2026-08-19 20:23:44 | INFO | epoch=095 train_batch=210/435 running_loss=0.082894
2026-08-19 20:23:45 | INFO | epoch=095 train_batch=220/435 running_loss=0.082909
2026-08-19 20:23:45 | INFO | epoch=095 train_batch=230/435 running_loss=0.082744
2026-08-19 20:23:45 | INFO | epoch=095 train_batch=240/435 running_loss=0.082411
2026-08-19 20:23:46 | INFO | epoch=095 train_batch=250/435 running_loss=0.082509
2026-08-19 20:23:46 | INFO | epoch=095 train_batch=260/435 running_loss=0.082583
2026-08-19 20:23:46 | INFO | epoch=095 train_batch=270/435 running_loss=0.082213
2026-08-19 20:23:47 | INFO | epoch=095 train_batch=280/435 running_loss=0.082442
2026-08-19 20:23:47 | INFO | epoch=095 train_batch=290/435 running_loss=0.082389
2026-08-19 20:23:47 | INFO | epoch=095 train_batch=300/435 running_loss=0.082384
2026-08-19 20:23:48 | INFO | epoch=095 train_batch=310/435 running_loss=0.082417
2026-08-19 20:23:48 | INFO | epoch=095 train_batch=320/435 running_loss=0.082268
2026-08-19 20:23:48 | INFO | epoch=095 train_batch=330/435 running_loss=0.082190
2026-08-19 20:23:49 | INFO | epoch=095 train_batch=340/435 running_loss=0.082083
2026-08-19 20:23:49 | INFO | epoch=095 train_batch=350/435 running_loss=0.081931
2026-08-19 20:23:50 | INFO | epoch=095 train_batch=360/435 running_loss=0.081856
2026-08-19 20:23:50 | INFO | epoch=095 train_batch=370/435 running_loss=0.081661
2026-08-19 20:23:50 | INFO | epoch=095 train_batch=380/435 running_loss=0.081649
2026-08-19 20:23:51 | INFO | epoch=095 train_batch=390/435 running_loss=0.081751
2026-08-19 20:23:51 | INFO | epoch=095 train_batch=400/435 running_loss=0.081830
2026-08-19 20:23:51 | INFO | epoch=095 train_batch=410/435 running_loss=0.081919
2026-08-19 20:23:52 | INFO | epoch=095 train_batch=420/435 running_loss=0.082067
2026-08-19 20:23:52 | INFO | epoch=095 train_batch=430/435 running_loss=0.082243
2026-08-19 20:23:52 | INFO | epoch=095 train_batch=435/435 running_loss=0.082145
2026-08-19 20:23:52 | INFO | epoch=095 train_loss=0.082145 validation_loss=0.179489
2026-08-19 20:23:53 | INFO | epoch=095 saved new best.pt
2026-08-19 20:23:53 | INFO | epoch=096 train_batch=10/435 running_loss=0.079772
2026-08-19 20:23:53 | INFO | epoch=096 train_batch=20/435 running_loss=0.079022
2026-08-19 20:23:54 | INFO | epoch=096 train_batch=30/435 running_loss=0.080641
2026-08-19 20:23:54 | INFO | epoch=096 train_batch=40/435 running_loss=0.080622
2026-08-19 20:23:54 | INFO | epoch=096 train_batch=50/435 running_loss=0.080282
2026-08-19 20:23:55 | INFO | epoch=096 train_batch=60/435 running_loss=0.080539
2026-08-19 20:23:55 | INFO | epoch=096 train_batch=70/435 running_loss=0.081076
2026-08-19 20:23:55 | INFO | epoch=096 train_batch=80/435 running_loss=0.080205
2026-08-19 20:23:56 | INFO | epoch=096 train_batch=90/435 running_loss=0.079747
2026-08-19 20:23:56 | INFO | epoch=096 train_batch=100/435 running_loss=0.079550
2026-08-19 20:23:56 | INFO | epoch=096 train_batch=110/435 running_loss=0.080118
2026-08-19 20:23:57 | INFO | epoch=096 train_batch=120/435 running_loss=0.079913
2026-08-19 20:23:57 | INFO | epoch=096 train_batch=130/435 running_loss=0.080570
2026-08-19 20:23:58 | INFO | epoch=096 train_batch=140/435 running_loss=0.080068
2026-08-19 20:23:58 | INFO | epoch=096 train_batch=150/435 running_loss=0.080089
2026-08-19 20:23:58 | INFO | epoch=096 train_batch=160/435 running_loss=0.080434
2026-08-19 20:23:59 | INFO | epoch=096 train_batch=170/435 running_loss=0.080397
2026-08-19 20:23:59 | INFO | epoch=096 train_batch=180/435 running_loss=0.080293
2026-08-19 20:23:59 | INFO | epoch=096 train_batch=190/435 running_loss=0.080487
2026-08-19 20:24:00 | INFO | epoch=096 train_batch=200/435 running_loss=0.080509
2026-08-19 20:24:00 | INFO | epoch=096 train_batch=210/435 running_loss=0.080373
2026-08-19 20:24:00 | INFO | epoch=096 train_batch=220/435 running_loss=0.080492
2026-08-19 20:24:01 | INFO | epoch=096 train_batch=230/435 running_loss=0.080572
2026-08-19 20:24:01 | INFO | epoch=096 train_batch=240/435 running_loss=0.080711
2026-08-19 20:24:01 | INFO | epoch=096 train_batch=250/435 running_loss=0.080943
2026-08-19 20:24:02 | INFO | epoch=096 train_batch=260/435 running_loss=0.081013
2026-08-19 20:24:02 | INFO | epoch=096 train_batch=270/435 running_loss=0.081042
2026-08-19 20:24:03 | INFO | epoch=096 train_batch=280/435 running_loss=0.081304
2026-08-19 20:24:03 | INFO | epoch=096 train_batch=290/435 running_loss=0.081209
2026-08-19 20:24:03 | INFO | epoch=096 train_batch=300/435 running_loss=0.081295
2026-08-19 20:24:04 | INFO | epoch=096 train_batch=310/435 running_loss=0.081301
2026-08-19 20:24:04 | INFO | epoch=096 train_batch=320/435 running_loss=0.081255
2026-08-19 20:24:04 | INFO | epoch=096 train_batch=330/435 running_loss=0.081239
2026-08-19 20:24:05 | INFO | epoch=096 train_batch=340/435 running_loss=0.081425
2026-08-19 20:24:05 | INFO | epoch=096 train_batch=350/435 running_loss=0.081357
2026-08-19 20:24:05 | INFO | epoch=096 train_batch=360/435 running_loss=0.081155
2026-08-19 20:24:06 | INFO | epoch=096 train_batch=370/435 running_loss=0.081058
2026-08-19 20:24:06 | INFO | epoch=096 train_batch=380/435 running_loss=0.081259
2026-08-19 20:24:06 | INFO | epoch=096 train_batch=390/435 running_loss=0.081357
2026-08-19 20:24:07 | INFO | epoch=096 train_batch=400/435 running_loss=0.081434
2026-08-19 20:24:07 | INFO | epoch=096 train_batch=410/435 running_loss=0.081418
2026-08-19 20:24:07 | INFO | epoch=096 train_batch=420/435 running_loss=0.081459
2026-08-19 20:24:08 | INFO | epoch=096 train_batch=430/435 running_loss=0.081452
2026-08-19 20:24:08 | INFO | epoch=096 train_batch=435/435 running_loss=0.081518
2026-08-19 20:24:08 | INFO | epoch=096 train_loss=0.081518 validation_loss=0.177903
2026-08-19 20:24:09 | INFO | epoch=096 saved new best.pt
2026-08-19 20:24:09 | INFO | epoch=097 train_batch=10/435 running_loss=0.083475
2026-08-19 20:24:09 | INFO | epoch=097 train_batch=20/435 running_loss=0.083122
2026-08-19 20:24:10 | INFO | epoch=097 train_batch=30/435 running_loss=0.081501
2026-08-19 20:24:10 | INFO | epoch=097 train_batch=40/435 running_loss=0.080287
2026-08-19 20:24:10 | INFO | epoch=097 train_batch=50/435 running_loss=0.079607
2026-08-19 20:24:11 | INFO | epoch=097 train_batch=60/435 running_loss=0.079573
2026-08-19 20:24:11 | INFO | epoch=097 train_batch=70/435 running_loss=0.080008
2026-08-19 20:24:11 | INFO | epoch=097 train_batch=80/435 running_loss=0.080745
2026-08-19 20:24:12 | INFO | epoch=097 train_batch=90/435 running_loss=0.080820
2026-08-19 20:24:12 | INFO | epoch=097 train_batch=100/435 running_loss=0.081336
2026-08-19 20:24:13 | INFO | epoch=097 train_batch=110/435 running_loss=0.081480
2026-08-19 20:24:13 | INFO | epoch=097 train_batch=120/435 running_loss=0.081609
2026-08-19 20:24:13 | INFO | epoch=097 train_batch=130/435 running_loss=0.082187
2026-08-19 20:24:14 | INFO | epoch=097 train_batch=140/435 running_loss=0.082055
2026-08-19 20:24:14 | INFO | epoch=097 train_batch=150/435 running_loss=0.081711
2026-08-19 20:24:14 | INFO | epoch=097 train_batch=160/435 running_loss=0.081552
2026-08-19 20:24:15 | INFO | epoch=097 train_batch=170/435 running_loss=0.081418
2026-08-19 20:24:15 | INFO | epoch=097 train_batch=180/435 running_loss=0.081426
2026-08-19 20:24:15 | INFO | epoch=097 train_batch=190/435 running_loss=0.081405
2026-08-19 20:24:16 | INFO | epoch=097 train_batch=200/435 running_loss=0.081153
2026-08-19 20:24:16 | INFO | epoch=097 train_batch=210/435 running_loss=0.081529
2026-08-19 20:24:16 | INFO | epoch=097 train_batch=220/435 running_loss=0.081330
2026-08-19 20:24:17 | INFO | epoch=097 train_batch=230/435 running_loss=0.081408
2026-08-19 20:24:17 | INFO | epoch=097 train_batch=240/435 running_loss=0.081239
2026-08-19 20:24:18 | INFO | epoch=097 train_batch=250/435 running_loss=0.081290
2026-08-19 20:24:18 | INFO | epoch=097 train_batch=260/435 running_loss=0.081130
2026-08-19 20:24:18 | INFO | epoch=097 train_batch=270/435 running_loss=0.081170
2026-08-19 20:24:19 | INFO | epoch=097 train_batch=280/435 running_loss=0.081119
2026-08-19 20:24:19 | INFO | epoch=097 train_batch=290/435 running_loss=0.081109
2026-08-19 20:24:19 | INFO | epoch=097 train_batch=300/435 running_loss=0.081200
2026-08-19 20:24:20 | INFO | epoch=097 train_batch=310/435 running_loss=0.081039
2026-08-19 20:24:20 | INFO | epoch=097 train_batch=320/435 running_loss=0.081171
2026-08-19 20:24:20 | INFO | epoch=097 train_batch=330/435 running_loss=0.081133
2026-08-19 20:24:21 | INFO | epoch=097 train_batch=340/435 running_loss=0.081291
2026-08-19 20:24:21 | INFO | epoch=097 train_batch=350/435 running_loss=0.081278
2026-08-19 20:24:21 | INFO | epoch=097 train_batch=360/435 running_loss=0.081369
2026-08-19 20:24:22 | INFO | epoch=097 train_batch=370/435 running_loss=0.081269
2026-08-19 20:24:22 | INFO | epoch=097 train_batch=380/435 running_loss=0.081264
2026-08-19 20:24:23 | INFO | epoch=097 train_batch=390/435 running_loss=0.081197
2026-08-19 20:24:23 | INFO | epoch=097 train_batch=400/435 running_loss=0.081153
2026-08-19 20:24:23 | INFO | epoch=097 train_batch=410/435 running_loss=0.081178
2026-08-19 20:24:24 | INFO | epoch=097 train_batch=420/435 running_loss=0.081225
2026-08-19 20:24:24 | INFO | epoch=097 train_batch=430/435 running_loss=0.081406
2026-08-19 20:24:24 | INFO | epoch=097 train_batch=435/435 running_loss=0.081388
2026-08-19 20:24:24 | INFO | epoch=097 train_loss=0.081388 validation_loss=0.182221
2026-08-19 20:24:25 | INFO | epoch=098 train_batch=10/435 running_loss=0.083116
2026-08-19 20:24:25 | INFO | epoch=098 train_batch=20/435 running_loss=0.081152
2026-08-19 20:24:26 | INFO | epoch=098 train_batch=30/435 running_loss=0.081661
2026-08-19 20:24:26 | INFO | epoch=098 train_batch=40/435 running_loss=0.081411
2026-08-19 20:24:26 | INFO | epoch=098 train_batch=50/435 running_loss=0.081892
2026-08-19 20:24:27 | INFO | epoch=098 train_batch=60/435 running_loss=0.082265
2026-08-19 20:24:27 | INFO | epoch=098 train_batch=70/435 running_loss=0.082729
2026-08-19 20:24:27 | INFO | epoch=098 train_batch=80/435 running_loss=0.082718
2026-08-19 20:24:28 | INFO | epoch=098 train_batch=90/435 running_loss=0.082534
2026-08-19 20:24:28 | INFO | epoch=098 train_batch=100/435 running_loss=0.082616
2026-08-19 20:24:28 | INFO | epoch=098 train_batch=110/435 running_loss=0.082506
2026-08-19 20:24:29 | INFO | epoch=098 train_batch=120/435 running_loss=0.082221
2026-08-19 20:24:29 | INFO | epoch=098 train_batch=130/435 running_loss=0.081944
2026-08-19 20:24:30 | INFO | epoch=098 train_batch=140/435 running_loss=0.081544
2026-08-19 20:24:30 | INFO | epoch=098 train_batch=150/435 running_loss=0.081416
2026-08-19 20:24:30 | INFO | epoch=098 train_batch=160/435 running_loss=0.081329
2026-08-19 20:24:31 | INFO | epoch=098 train_batch=170/435 running_loss=0.081566
2026-08-19 20:24:31 | INFO | epoch=098 train_batch=180/435 running_loss=0.081737
2026-08-19 20:24:31 | INFO | epoch=098 train_batch=190/435 running_loss=0.081853
2026-08-19 20:24:32 | INFO | epoch=098 train_batch=200/435 running_loss=0.081833
2026-08-19 20:24:32 | INFO | epoch=098 train_batch=210/435 running_loss=0.081751
2026-08-19 20:24:32 | INFO | epoch=098 train_batch=220/435 running_loss=0.081807
2026-08-19 20:24:33 | INFO | epoch=098 train_batch=230/435 running_loss=0.081921
2026-08-19 20:24:33 | INFO | epoch=098 train_batch=240/435 running_loss=0.082038
2026-08-19 20:24:34 | INFO | epoch=098 train_batch=250/435 running_loss=0.082190
2026-08-19 20:24:34 | INFO | epoch=098 train_batch=260/435 running_loss=0.082188
2026-08-19 20:24:34 | INFO | epoch=098 train_batch=270/435 running_loss=0.082405
2026-08-19 20:24:35 | INFO | epoch=098 train_batch=280/435 running_loss=0.082413
2026-08-19 20:24:35 | INFO | epoch=098 train_batch=290/435 running_loss=0.082481
2026-08-19 20:24:35 | INFO | epoch=098 train_batch=300/435 running_loss=0.082638
2026-08-19 20:24:36 | INFO | epoch=098 train_batch=310/435 running_loss=0.082924
2026-08-19 20:24:36 | INFO | epoch=098 train_batch=320/435 running_loss=0.082911
2026-08-19 20:24:36 | INFO | epoch=098 train_batch=330/435 running_loss=0.082840
2026-08-19 20:24:37 | INFO | epoch=098 train_batch=340/435 running_loss=0.082772
2026-08-19 20:24:37 | INFO | epoch=098 train_batch=350/435 running_loss=0.082738
2026-08-19 20:24:37 | INFO | epoch=098 train_batch=360/435 running_loss=0.082671
2026-08-19 20:24:38 | INFO | epoch=098 train_batch=370/435 running_loss=0.082593
2026-08-19 20:24:38 | INFO | epoch=098 train_batch=380/435 running_loss=0.082625
2026-08-19 20:24:39 | INFO | epoch=098 train_batch=390/435 running_loss=0.082472
2026-08-19 20:24:39 | INFO | epoch=098 train_batch=400/435 running_loss=0.082508
2026-08-19 20:24:39 | INFO | epoch=098 train_batch=410/435 running_loss=0.082585
2026-08-19 20:24:40 | INFO | epoch=098 train_batch=420/435 running_loss=0.082697
2026-08-19 20:24:40 | INFO | epoch=098 train_batch=430/435 running_loss=0.082621
2026-08-19 20:24:40 | INFO | epoch=098 train_batch=435/435 running_loss=0.082664
2026-08-19 20:24:40 | INFO | epoch=098 train_loss=0.082664 validation_loss=0.183323
2026-08-19 20:24:41 | INFO | epoch=099 train_batch=10/435 running_loss=0.089095
2026-08-19 20:24:41 | INFO | epoch=099 train_batch=20/435 running_loss=0.084774
2026-08-19 20:24:42 | INFO | epoch=099 train_batch=30/435 running_loss=0.083212
2026-08-19 20:24:42 | INFO | epoch=099 train_batch=40/435 running_loss=0.081000
2026-08-19 20:24:42 | INFO | epoch=099 train_batch=50/435 running_loss=0.081006
2026-08-19 20:24:43 | INFO | epoch=099 train_batch=60/435 running_loss=0.081038
2026-08-19 20:24:43 | INFO | epoch=099 train_batch=70/435 running_loss=0.081583
2026-08-19 20:24:43 | INFO | epoch=099 train_batch=80/435 running_loss=0.082161
2026-08-19 20:24:44 | INFO | epoch=099 train_batch=90/435 running_loss=0.082907
2026-08-19 20:24:44 | INFO | epoch=099 train_batch=100/435 running_loss=0.082843
2026-08-19 20:24:45 | INFO | epoch=099 train_batch=110/435 running_loss=0.082936
2026-08-19 20:24:45 | INFO | epoch=099 train_batch=120/435 running_loss=0.082799
2026-08-19 20:24:45 | INFO | epoch=099 train_batch=130/435 running_loss=0.082411
2026-08-19 20:24:46 | INFO | epoch=099 train_batch=140/435 running_loss=0.082615
2026-08-19 20:24:46 | INFO | epoch=099 train_batch=150/435 running_loss=0.082161
2026-08-19 20:24:46 | INFO | epoch=099 train_batch=160/435 running_loss=0.082220
2026-08-19 20:24:47 | INFO | epoch=099 train_batch=170/435 running_loss=0.082330
2026-08-19 20:24:47 | INFO | epoch=099 train_batch=180/435 running_loss=0.082414
2026-08-19 20:24:47 | INFO | epoch=099 train_batch=190/435 running_loss=0.082551
2026-08-19 20:24:48 | INFO | epoch=099 train_batch=200/435 running_loss=0.082504
2026-08-19 20:24:48 | INFO | epoch=099 train_batch=210/435 running_loss=0.082678
2026-08-19 20:24:48 | INFO | epoch=099 train_batch=220/435 running_loss=0.082658
2026-08-19 20:24:49 | INFO | epoch=099 train_batch=230/435 running_loss=0.082914
2026-08-19 20:24:49 | INFO | epoch=099 train_batch=240/435 running_loss=0.083114
2026-08-19 20:24:50 | INFO | epoch=099 train_batch=250/435 running_loss=0.082937
2026-08-19 20:24:50 | INFO | epoch=099 train_batch=260/435 running_loss=0.083071
2026-08-19 20:24:50 | INFO | epoch=099 train_batch=270/435 running_loss=0.083082
2026-08-19 20:24:51 | INFO | epoch=099 train_batch=280/435 running_loss=0.083018
2026-08-19 20:24:51 | INFO | epoch=099 train_batch=290/435 running_loss=0.083031
2026-08-19 20:24:51 | INFO | epoch=099 train_batch=300/435 running_loss=0.082957
2026-08-19 20:24:52 | INFO | epoch=099 train_batch=310/435 running_loss=0.082816
2026-08-19 20:24:52 | INFO | epoch=099 train_batch=320/435 running_loss=0.082594
2026-08-19 20:24:52 | INFO | epoch=099 train_batch=330/435 running_loss=0.082583
2026-08-19 20:24:53 | INFO | epoch=099 train_batch=340/435 running_loss=0.082555
2026-08-19 20:24:53 | INFO | epoch=099 train_batch=350/435 running_loss=0.082540
2026-08-19 20:24:54 | INFO | epoch=099 train_batch=360/435 running_loss=0.082579
2026-08-19 20:24:54 | INFO | epoch=099 train_batch=370/435 running_loss=0.082466
2026-08-19 20:24:54 | INFO | epoch=099 train_batch=380/435 running_loss=0.082317
2026-08-19 20:24:55 | INFO | epoch=099 train_batch=390/435 running_loss=0.082287
2026-08-19 20:24:55 | INFO | epoch=099 train_batch=400/435 running_loss=0.082386
2026-08-19 20:24:55 | INFO | epoch=099 train_batch=410/435 running_loss=0.082238
2026-08-19 20:24:56 | INFO | epoch=099 train_batch=420/435 running_loss=0.082149
2026-08-19 20:24:56 | INFO | epoch=099 train_batch=430/435 running_loss=0.082117
2026-08-19 20:24:56 | INFO | epoch=099 train_batch=435/435 running_loss=0.081995
2026-08-19 20:24:57 | INFO | epoch=099 train_loss=0.081995 validation_loss=0.179932
2026-08-19 20:24:57 | INFO | epoch=100 train_batch=10/435 running_loss=0.089431
2026-08-19 20:24:57 | INFO | epoch=100 train_batch=20/435 running_loss=0.084394
2026-08-19 20:24:58 | INFO | epoch=100 train_batch=30/435 running_loss=0.082708
2026-08-19 20:24:58 | INFO | epoch=100 train_batch=40/435 running_loss=0.082114
2026-08-19 20:24:59 | INFO | epoch=100 train_batch=50/435 running_loss=0.081117
2026-08-19 20:24:59 | INFO | epoch=100 train_batch=60/435 running_loss=0.080637
2026-08-19 20:24:59 | INFO | epoch=100 train_batch=70/435 running_loss=0.080460
2026-08-19 20:25:00 | INFO | epoch=100 train_batch=80/435 running_loss=0.080911
2026-08-19 20:25:00 | INFO | epoch=100 train_batch=90/435 running_loss=0.080785
2026-08-19 20:25:00 | INFO | epoch=100 train_batch=100/435 running_loss=0.080590
2026-08-19 20:25:01 | INFO | epoch=100 train_batch=110/435 running_loss=0.080404
2026-08-19 20:25:01 | INFO | epoch=100 train_batch=120/435 running_loss=0.080677
2026-08-19 20:25:01 | INFO | epoch=100 train_batch=130/435 running_loss=0.080814
2026-08-19 20:25:02 | INFO | epoch=100 train_batch=140/435 running_loss=0.080902
2026-08-19 20:25:02 | INFO | epoch=100 train_batch=150/435 running_loss=0.080731
2026-08-19 20:25:03 | INFO | epoch=100 train_batch=160/435 running_loss=0.080344
2026-08-19 20:25:03 | INFO | epoch=100 train_batch=170/435 running_loss=0.080349
2026-08-19 20:25:03 | INFO | epoch=100 train_batch=180/435 running_loss=0.080276
2026-08-19 20:25:04 | INFO | epoch=100 train_batch=190/435 running_loss=0.080194
2026-08-19 20:25:04 | INFO | epoch=100 train_batch=200/435 running_loss=0.080468
2026-08-19 20:25:04 | INFO | epoch=100 train_batch=210/435 running_loss=0.080488
2026-08-19 20:25:05 | INFO | epoch=100 train_batch=220/435 running_loss=0.080319
2026-08-19 20:25:05 | INFO | epoch=100 train_batch=230/435 running_loss=0.080409
2026-08-19 20:25:05 | INFO | epoch=100 train_batch=240/435 running_loss=0.080287
2026-08-19 20:25:06 | INFO | epoch=100 train_batch=250/435 running_loss=0.080514
2026-08-19 20:25:06 | INFO | epoch=100 train_batch=260/435 running_loss=0.080447
2026-08-19 20:25:07 | INFO | epoch=100 train_batch=270/435 running_loss=0.080427
2026-08-19 20:25:07 | INFO | epoch=100 train_batch=280/435 running_loss=0.080382
2026-08-19 20:25:07 | INFO | epoch=100 train_batch=290/435 running_loss=0.080596
2026-08-19 20:25:08 | INFO | epoch=100 train_batch=300/435 running_loss=0.080557
2026-08-19 20:25:08 | INFO | epoch=100 train_batch=310/435 running_loss=0.080464
2026-08-19 20:25:08 | INFO | epoch=100 train_batch=320/435 running_loss=0.080641
2026-08-19 20:25:09 | INFO | epoch=100 train_batch=330/435 running_loss=0.080648
2026-08-19 20:25:09 | INFO | epoch=100 train_batch=340/435 running_loss=0.080657
2026-08-19 20:25:09 | INFO | epoch=100 train_batch=350/435 running_loss=0.080774
2026-08-19 20:25:10 | INFO | epoch=100 train_batch=360/435 running_loss=0.080878
2026-08-19 20:25:10 | INFO | epoch=100 train_batch=370/435 running_loss=0.081121
2026-08-19 20:25:11 | INFO | epoch=100 train_batch=380/435 running_loss=0.081019
2026-08-19 20:25:11 | INFO | epoch=100 train_batch=390/435 running_loss=0.081135
2026-08-19 20:25:11 | INFO | epoch=100 train_batch=400/435 running_loss=0.081074
2026-08-19 20:25:12 | INFO | epoch=100 train_batch=410/435 running_loss=0.081041
2026-08-19 20:25:12 | INFO | epoch=100 train_batch=420/435 running_loss=0.081098
2026-08-19 20:25:12 | INFO | epoch=100 train_batch=430/435 running_loss=0.081115
2026-08-19 20:25:13 | INFO | epoch=100 train_batch=435/435 running_loss=0.081088
2026-08-19 20:25:13 | INFO | epoch=100 train_loss=0.081088 validation_loss=0.181062
2026-08-19 20:25:13 | INFO | Best validation loss: 0.177903; checkpoints saved in /bigdata/users/90967055/fuzzyDynamics/NeurIPS_Fuzzy_Dynamics_code/results/fuzzy_dynamics_20260819_195840_946201/checkpoint
2026-08-19 20:25:14 | INFO | Completed training
2026-08-19 20:25:14 | INFO | Starting evaluation: /bigdata/users/90967055/fuzzyDynamics/NeurIPS_Fuzzy_Dynamics_code/.venv/bin/python -m scripts.evaluate_fuzzy_dynamics --experiment-time 20260819_195840_946201 --activations /bigdata/users/90967055/fuzzyDynamics/NeurIPS_Fuzzy_Dynamics_code/cache/socrates_llama3_8b_tuned_full.pt --results-root /bigdata/users/90967055/fuzzyDynamics/NeurIPS_Fuzzy_Dynamics_code/results --device cuda --batch-size 16 --subset auto --semantic-event-quantile 0.75 --event-id-field uid --log-dir /bigdata/users/90967055/fuzzyDynamics/NeurIPS_Fuzzy_Dynamics_code/logs --log-every-batches 10
2026-08-19 20:25:20 | INFO | Log file: /bigdata/users/90967055/fuzzyDynamics/NeurIPS_Fuzzy_Dynamics_code/logs/fuzzy_dynamics_20260819_195840_946201/evaluate_fuzzy_dynamics_20260819_202520_622261.log
2026-08-19 20:25:20 | INFO | Arguments: {'checkpoint': '/bigdata/users/90967055/fuzzyDynamics/NeurIPS_Fuzzy_Dynamics_code/results/fuzzy_dynamics_20260819_195840_946201/checkpoint/best.pt', 'experiment_time': '20260819_195840_946201', 'latest': False, 'results_root': '/bigdata/users/90967055/fuzzyDynamics/NeurIPS_Fuzzy_Dynamics_code/results', 'activations': '/bigdata/users/90967055/fuzzyDynamics/NeurIPS_Fuzzy_Dynamics_code/cache/socrates_llama3_8b_tuned_full.pt', 'output_dir': None, 'batch_size': 16, 'device': 'cuda', 'split_file': None, 'subset': 'auto', 'semantic_events': None, 'event_id_field': 'uid', 'allow_missing_events': False, 'semantic_event_quantile': 0.75, 'include_operation_proxies': False, 'skip_semantic_alignment': False, 'skip_rollout': False, 'log_dir': '/bigdata/users/90967055/fuzzyDynamics/NeurIPS_Fuzzy_Dynamics_code/logs', 'log_every_batches': 10}
2026-08-19 20:25:20 | INFO | experiment_time=20260819_195840_946201
2026-08-19 20:25:26 | INFO | subset=validation selected=273 holdout_status=verified_training_split_validation
2026-08-19 20:25:26 | INFO | Evaluation outputs: /bigdata/users/90967055/fuzzyDynamics/NeurIPS_Fuzzy_Dynamics_code/results/fuzzy_dynamics_20260819_195840_946201/evaluation
2026-08-19 20:25:27 | INFO | batch=10/18 evaluated_queries=160/273
2026-08-19 20:25:27 | INFO | batch=18/18 evaluated_queries=273/273
2026-08-19 20:25:28 | INFO | Metrics:
{
  "schema_version": 3,
  "evaluation": {
    "schema_version": 3,
    "experiment_time": "20260819_195840_946201",
    "checkpoint": "/bigdata/users/90967055/fuzzyDynamics/NeurIPS_Fuzzy_Dynamics_code/results/fuzzy_dynamics_20260819_195840_946201/checkpoint/best.pt",
    "activations": "/bigdata/users/90967055/fuzzyDynamics/NeurIPS_Fuzzy_Dynamics_code/cache/socrates_llama3_8b_tuned_full.pt",
    "checkpoint_epoch": 96,
    "cache_model_name": "data/models/Meta-Llama-3-8B",
    "device": "cuda",
    "selection": {
      "subset": "validation",
      "split_file": "/bigdata/users/90967055/fuzzyDynamics/NeurIPS_Fuzzy_Dynamics_code/results/fuzzy_dynamics_20260819_195840_946201/training/split.json",
      "split_by": "category",
      "selected_count": 273,
      "cache_count": 7232,
      "selected_indices_sha256": "9e5ff4379fa7c59f8d98fae9d3d80052e8d33501b69441620fe2f20e500a4d63",
      "same_as_training_activation_cache": true,
      "holdout_status": "verified_training_split_validation"
    },
    "semantic_events": {
      "kind": "automatic_training_prior_overlapping_proxies",
      "independent_of_training": false,
      "layer_axis": "transition_s_l_to_s_l_plus_1",
      "include_operation_proxies": false,
      "prediction_refinement_score": "sqrt(relu(margin_change)*relu(uncertainty_drop))",
      "bridge_and_answer_scores_used_for": [
        "concept_composition",
        "hop_transition"
      ]
    }
  },
  "fidelity": {
    "one_step": {
      "mse": 0.05702066794037819,
      "mae": 0.14057587087154388,
      "r2": 0.8586163186296707,
      "r2_defined": true,
      "r2_reason": null,
      "target_sum_squares": 454501.55926944665,
      "target_variance": 0.40330447588296015,
      "cosine_similarity": 0.8700937032699585,
      "per_layer": [
        {
          "layer": 0,
          "mse": 0.014588584192097187,
          "mae": 0.0562218502163887,
          "r2": 0.7309049473614502,
          "r2_defined": true,
          "r2_reason": null,
          "target_sum_squares": 1909.2367870549979,
          "target_variance": 0.054213498794758154,
          "cosine_similarity": 0.967620313167572
        },
        {
          "layer": 1,
          "mse": 0.020558100193738937,
          "mae": 0.06866157054901123,
          "r2": 0.7424393039643763,
          "r2_defined": true,
          "r2_reason": null,
          "target_sum_squares": 2810.96692976615,
          "target_variance": 0.0798184663590354,
          "cosine_similarity": 0.9150675535202026
        },
        {
          "layer": 2,
          "mse": 0.018042420968413353,
          "mae": 0.07048441469669342,
          "r2": 0.787881281550999,
          "r2_defined": true,
          "r2_reason": null,
          "target_sum_squares": 2995.4922697220045,
          "target_variance": 0.08505813299605317,
          "cosine_similarity": 0.9272993206977844
        },
        {
          "layer": 3,
          "mse": 0.03747483715415001,
          "mae": 0.09864608198404312,
          "r2": 0.6314771806437105,
          "r2_defined": true,
          "r2_reason": null,
          "target_sum_squares": 3581.1928866260105,
          "target_variance": 0.10168932295840107,
          "cosine_similarity": 0.8771011233329773
        },
        {
          "layer": 4,
          "mse": 0.04911234974861145,
          "mae": 0.11273393034934998,
          "r2": 0.6873645869748064,
          "r2_defined": true,
          "r2_reason": null,
          "target_sum_squares": 5532.289347152798,
          "target_variance": 0.15709144297222358,
          "cosine_similarity": 0.8881614804267883
        },
        {
          "layer": 5,
          "mse": 0.044677745550870895,
          "mae": 0.11144987493753433,
          "r2": 0.677388595284675,
          "r2_defined": true,
          "r2_reason": null,
          "target_sum_squares": 4877.124777551091,
          "target_variance": 0.13848779786895793,
          "cosine_similarity": 0.8793625235557556
        },
        {
          "layer": 6,
          "mse": 0.055291589349508286,
          "mae": 0.12311620265245438,
          "r2": 0.6689803895052623,
          "r2_defined": true,
          "r2_reason": null,
          "target_sum_squares": 5882.442887653746,
          "target_variance": 0.16703418484407376,
          "cosine_similarity": 0.8772591352462769
        },
        {
          "layer": 7,
          "mse": 0.04901483654975891,
          "mae": 0.11947768181562424,
          "r2": 0.7093447021115036,
          "r2_defined": true,
          "r2_reason": null,
          "target_sum_squares": 5938.8408071547265,
          "target_variance": 0.16863562504343715,
          "cosine_similarity": 0.8733574748039246
        },
        {
          "layer": 8,
          "mse": 0.05240469425916672,
          "mae": 0.12413851916790009,
          "r2": 0.7037722618618394,
          "r2_defined": true,
          "r2_reason": null,
          "target_sum_squares": 6230.126295078586,
          "target_variance": 0.17690678635541318,
          "cosine_similarity": 0.8663570880889893
        },
        {
          "layer": 9,
          "mse": 0.04878056049346924,
          "mae": 0.12448293715715408,
          "r2": 0.672963161860828,
          "r2_defined": true,
          "r2_reason": null,
          "target_sum_squares": 5252.939970687116,
          "target_variance": 0.14915921204779273,
          "cosine_similarity": 0.8924395442008972
        },
        {
          "layer": 10,
          "mse": 0.0487581305205822,
          "mae": 0.12394304573535919,
          "r2": 0.6423535944196123,
          "r2_defined": true,
          "r2_reason": null,
          "target_sum_squares": 4801.1531718212755,
          "target_variance": 0.13633055546529446,
          "cosine_similarity": 0.8678879141807556
        },
        {
          "layer": 11,
          "mse": 0.04820585623383522,
          "mae": 0.12058501690626144,
          "r2": 0.6518004597242928,
          "r2_defined": true,
          "r2_reason": null,
          "target_sum_squares": 4875.553984909943,
          "target_variance": 0.13844319461935836,
          "cosine_similarity": 0.8821836113929749
        },
        {
          "layer": 12,
          "mse": 0.04982110857963562,
          "mae": 0.12501421570777893,
          "r2": 0.6948356539392706,
          "r2_defined": true,
          "r2_reason": null,
          "target_sum_squares": 5749.52451238118,
          "target_variance": 0.16325991743706675,
          "cosine_similarity": 0.8908503651618958
        },
        {
          "layer": 13,
          "mse": 0.05131850019097328,
          "mae": 0.1283322423696518,
          "r2": 0.6161178897382713,
          "r2_defined": true,
          "r2_reason": null,
          "target_sum_squares": 4707.91297561522,
          "target_variance": 0.13368296492078313,
          "cosine_similarity": 0.8836196064949036
        },
        {
          "layer": 14,
          "mse": 0.05265390872955322,
          "mae": 0.1293472945690155,
          "r2": 0.6388372705477927,
          "r2_defined": true,
          "r2_reason": null,
          "target_sum_squares": 5134.286360421325,
          "target_variance": 0.1457899980242873,
          "cosine_similarity": 0.8665341138839722
        },
        {
          "layer": 15,
          "mse": 0.06759487837553024,
          "mae": 0.156005859375,
          "r2": 0.6334264949770088,
          "r2_defined": true,
          "r2_reason": null,
          "target_sum_squares": 6493.892331680634,
          "target_variance": 0.18439652246587257,
          "cosine_similarity": 0.8617600202560425
        },
        {
          "layer": 16,
          "mse": 0.06154162809252739,
          "mae": 0.15268474817276,
          "r2": 0.6060254522821993,
          "r2_defined": true,
          "r2_reason": null,
          "target_sum_squares": 5501.146591373104,
          "target_variance": 0.15620713267379685,
          "cosine_similarity": 0.8663570284843445
        },
        {
          "layer": 17,
          "mse": 0.05855632200837135,
          "mae": 0.15187878906726837,
          "r2": 0.5517991931399837,
          "r2_defined": true,
          "r2_reason": null,
          "target_sum_squares": 4601.013614382669,
          "target_variance": 0.13064751723266232,
          "cosine_similarity": 0.8422966599464417
        },
        {
          "layer": 18,
          "mse": 0.04892569035291672,
          "mae": 0.14489710330963135,
          "r2": 0.5131727874832068,
          "r2_defined": true,
          "r2_reason": null,
          "target_sum_squares": 3539.2761891517293,
          "target_variance": 0.10049908252127465,
          "cosine_similarity": 0.8412593603134155
        },
        {
          "layer": 19,
          "mse": 0.047706060111522675,
          "mae": 0.14075802266597748,
          "r2": 0.3961491903636184,
          "r2_defined": true,
          "r2_reason": null,
          "target_sum_squares": 2782.250634761528,
          "target_variance": 0.07900305632965693,
          "cosine_similarity": 0.8055804967880249
        },
        {
          "layer": 20,
          "mse": 0.039246801286935806,
          "mae": 0.13444598019123077,
          "r2": 0.45394454140615725,
          "r2_defined": true,
          "r2_reason": null,
          "target_sum_squares": 2531.1612297815354,
          "target_variance": 0.07187327795614434,
          "cosine_similarity": 0.8311017155647278
        },
        {
          "layer": 21,
          "mse": 0.05899564549326897,
          "mae": 0.17117784917354584,
          "r2": 0.34146927237479463,
          "r2_defined": true,
          "r2_reason": null,
          "target_sum_squares": 3154.977659775036,
          "target_variance": 0.0895867808096952,
          "cosine_similarity": 0.7885909080505371
        },
        {
          "layer": 22,
          "mse": 0.04662913456559181,
          "mae": 0.150631844997406,
          "r2": 0.3791723147438021,
          "r2_defined": true,
          "r2_reason": null,
          "target_sum_squares": 2645.0790790537985,
          "target_variance": 0.07510801825975519,
          "cosine_similarity": 0.7831929326057434
        },
        {
          "layer": 23,
          "mse": 0.04224364832043648,
          "mae": 0.14597086608409882,
          "r2": 0.3534888397412226,
          "r2_defined": true,
          "r2_reason": null,
          "target_sum_squares": 2301.1119652232746,
          "target_variance": 0.06534094230693344,
          "cosine_similarity": 0.8049148321151733
        },
        {
          "layer": 24,
          "mse": 0.042381104081869125,
          "mae": 0.1486014872789383,
          "r2": 0.28846335710410465,
          "r2_defined": true,
          "r2_reason": null,
          "target_sum_squares": 2097.622843811294,
          "target_variance": 0.059562791941712635,
          "cosine_similarity": 0.7974523305892944
        },
        {
          "layer": 25,
          "mse": 0.042994897812604904,
          "mae": 0.1478809267282486,
          "r2": 0.10748382594279982,
          "r2_defined": true,
          "r2_reason": null,
          "target_sum_squares": 1696.4973386176048,
          "target_variance": 0.048172681904125984,
          "cosine_similarity": 0.7734779119491577
        },
        {
          "layer": 26,
          "mse": 0.03556269407272339,
          "mae": 0.13474416732788086,
          "r2": 0.2746634796141446,
          "r2_defined": true,
          "r2_reason": null,
          "target_sum_squares": 1726.6625664032626,
          "target_variance": 0.04902923492640664,
          "cosine_similarity": 0.8339624404907227
        },
        {
          "layer": 27,
          "mse": 0.034160811454057693,
          "mae": 0.13400126993656158,
          "r2": 0.25771931375179435,
          "r2_defined": true,
          "r2_reason": null,
          "target_sum_squares": 1620.7363746178933,
          "target_variance": 0.04602142075184977,
          "cosine_similarity": 0.8567885756492615
        },
        {
          "layer": 28,
          "mse": 0.032766543328762054,
          "mae": 0.13475924730300903,
          "r2": 0.4245461085635678,
          "r2_defined": true,
          "r2_reason": null,
          "target_sum_squares": 2005.2680641820525,
          "target_variance": 0.05694034313490793,
          "cosine_similarity": 0.9278015494346619
        },
        {
          "layer": 29,
          "mse": 0.053186558187007904,
          "mae": 0.17275260388851166,
          "r2": 0.4466522365655291,
          "r2_defined": true,
          "r2_reason": null,
          "target_sum_squares": 3384.980028635429,
          "target_variance": 0.09611778483787457,
          "cosine_similarity": 0.9479312896728516
        },
        {
          "layer": 30,
          "mse": 0.07892172038555145,
          "mae": 0.21093901991844177,
          "r2": 0.7365881628697433,
          "r2_defined": true,
          "r2_reason": null,
          "target_sum_squares": 10551.486315909326,
          "target_variance": 0.29961343430472004,
          "cosine_similarity": 0.9570764303207397
        },
        {
          "layer": 31,
          "mse": 0.39254406094551086,
          "mae": 0.4296635091304779,
          "r2": 0.8898468652215761,
          "r2_defined": true,
          "r2_reason": null,
          "target_sum_squares": 125500.06775554399,
          "target_variance": 3.5636217666338412,
          "cosine_similarity": 0.9683536291122437
        }
      ],
      "layer_macro_r2": 0.5597210223635607,
      "early_layers_0_8_macro_r2": 0.7043948054731803,
      "middle_layers_9_17_macro_r2": 0.6342399078476955,
      "late_layers_18_29_macro_r2": 0.3530771056378952,
      "final_layers_30_31_macro_r2": 0.8132175140456597,
      "components": {
        "z": {
          "mse": 0.022814569994807243,
          "mae": 0.08224751055240631,
          "r2": 0.9319638639701653,
          "r2_defined": true,
          "r2_reason": null,
          "target_sum_squares": 187484.44917219743,
          "target_variance": 0.33533018753612465,
          "cosine_similarity": 0.7672646641731262
        },
        "concept": {
          "mse": 0.04727276414632797,
          "mae": 0.13412363827228546,
          "r2": 0.8607511380334039,
          "r2_defined": true,
          "r2_reason": null,
          "target_sum_squares": 94903.42797401991,
          "target_variance": 0.3394839885746477,
          "cosine_similarity": 0.796543300151825
        },
        "belief": {
          "mse": 0.13690972328186035,
          "mae": 0.2672342360019684,
          "r2": 0.7775745438694803,
          "r2_defined": true,
          "r2_reason": null,
          "target_sum_squares": 172072.8933369121,
          "target_variance": 0.6155308970671364,
          "cosine_similarity": 0.8544422388076782
        },
        "uncertainty": {
          "mse": 0.0016941415378823876,
          "mae": 0.026996612548828125,
          "r2": 0.637154674720175,
          "r2_defined": true,
          "r2_reason": null,
          "target_sum_squares": 40.78878631718208,
          "target_variance": 0.004669046052790989,
          "cosine_similarity": 0.6213369965553284
        }
      },
      "macro_r2": 0.8018610551483062,
      "macro_r2_available_components": 0.8018610551483062,
      "macro_r2_defined_components": 4
    },
    "conditional_rollout": {
      "kind": "conditional_on_observed_attention_and_mlp",
      "initial_state_mse": 0.0,
      "rollout_error": 101.57456970214844,
      "mse": 0.7873997688293457,
      "rmse": 0.8873555064201355,
      "final_state_squared_l2": 612.6651611328125,
      "final_state_mse": 4.749343395233154,
      "per_horizon": [
        {
          "horizon": 1,
          "squared_l2": 1.8819273710250854,
          "mse": 0.014588584192097187,
          "mae": 0.0562218502163887,
          "r2": 0.8089900542755465,
          "r2_defined": true,
          "r2_reason": null,
          "target_sum_squares": 2689.735045895298,
          "target_variance": 0.07637604128390543,
          "cosine_similarity": 0.9666252732276917
        },
        {
          "horizon": 2,
          "squared_l2": 3.475400924682617,
          "mse": 0.026941092684864998,
          "mae": 0.08108089119195938,
          "r2": 0.806823662489949,
          "r2_defined": true,
          "r2_reason": null,
          "target_sum_squares": 4911.494192016404,
          "target_variance": 0.13946373035796358,
          "cosine_similarity": 0.9420288801193237
        },
        {
          "horizon": 3,
          "squared_l2": 4.28423547744751,
          "mse": 0.033211126923561096,
          "mae": 0.09397028386592865,
          "r2": 0.7848568931087174,
          "r2_defined": true,
          "r2_reason": null,
          "target_sum_squares": 5436.364337922867,
          "target_variance": 0.15436761614910036,
          "cosine_similarity": 0.9295681715011597
        },
        {
          "horizon": 4,
          "squared_l2": 7.484234809875488,
          "mse": 0.058017317205667496,
          "mae": 0.12888836860656738,
          "r2": 0.6972025056334499,
          "r2_defined": true,
          "r2_reason": null,
          "target_sum_squares": 6747.73069315757,
          "target_variance": 0.19160435849611182,
          "cosine_similarity": 0.8984984159469604
        },
        {
          "horizon": 5,
          "squared_l2": 10.941125869750977,
          "mse": 0.08481492847204208,
          "mae": 0.15506014227867126,
          "r2": 0.6254231896141789,
          "r2_defined": true,
          "r2_reason": null,
          "target_sum_squares": 7974.138084077563,
          "target_variance": 0.22642865900211723,
          "cosine_similarity": 0.8704946041107178
        },
        {
          "horizon": 6,
          "squared_l2": 11.495182037353516,
          "mse": 0.08910994231700897,
          "mae": 0.1660023033618927,
          "r2": 0.6716940791756707,
          "r2_defined": true,
          "r2_reason": null,
          "target_sum_squares": 9558.721688286056,
          "target_variance": 0.271423508200189,
          "cosine_similarity": 0.8818336725234985
        },
        {
          "horizon": 7,
          "squared_l2": 15.088932991027832,
          "mse": 0.11696847528219223,
          "mae": 0.1896584928035736,
          "r2": 0.5973797448802115,
          "r2_defined": true,
          "r2_reason": null,
          "target_sum_squares": 10231.176578666516,
          "target_variance": 0.2905181184844398,
          "cosine_similarity": 0.8593438267707825
        },
        {
          "horizon": 8,
          "squared_l2": 15.476805686950684,
          "mse": 0.11997523903846741,
          "mae": 0.20121125876903534,
          "r2": 0.6411979487749015,
          "r2_defined": true,
          "r2_reason": null,
          "target_sum_squares": 11775.762027233359,
          "target_variance": 0.33437720496445916,
          "cosine_similarity": 0.8691397309303284
        },
        {
          "horizon": 9,
          "squared_l2": 17.685510635375977,
          "mse": 0.13709698617458344,
          "mae": 0.22146034240722656,
          "r2": 0.525089393225376,
          "r2_defined": true,
          "r2_reason": null,
          "target_sum_squares": 10166.428193871521,
          "target_variance": 0.28867956367298525,
          "cosine_similarity": 0.8522377014160156
        },
        {
          "horizon": 10,
          "squared_l2": 19.213237762451172,
          "mse": 0.1489398032426834,
          "mae": 0.23874256014823914,
          "r2": 0.5245316444250978,
          "r2_defined": true,
          "r2_reason": null,
          "target_sum_squares": 11031.67674039488,
          "target_variance": 0.3132486225514632,
          "cosine_similarity": 0.8356517553329468
        },
        {
          "horizon": 11,
          "squared_l2": 21.9364070892334,
          "mse": 0.17004966735839844,
          "mae": 0.2548944056034088,
          "r2": 0.509660352050429,
          "r2_defined": true,
          "r2_reason": null,
          "target_sum_squares": 12213.246533666928,
          "target_variance": 0.3467997425580523,
          "cosine_similarity": 0.8212384581565857
        },
        {
          "horizon": 12,
          "squared_l2": 23.970300674438477,
          "mse": 0.18581627309322357,
          "mae": 0.26813822984695435,
          "r2": 0.4498165739207004,
          "r2_defined": true,
          "r2_reason": null,
          "target_sum_squares": 11894.01873755016,
          "target_variance": 0.3377351488641894,
          "cosine_similarity": 0.792248547077179
        },
        {
          "horizon": 13,
          "squared_l2": 23.24226951599121,
          "mse": 0.1801726371049881,
          "mae": 0.27873849868774414,
          "r2": 0.5041557733724098,
          "r2_defined": true,
          "r2_reason": null,
          "target_sum_squares": 12796.639235944516,
          "target_variance": 0.3633653984139625,
          "cosine_similarity": 0.8242788314819336
        },
        {
          "horizon": 14,
          "squared_l2": 25.351106643676758,
          "mse": 0.19652022421360016,
          "mae": 0.293010413646698,
          "r2": 0.453766455269782,
          "r2_defined": true,
          "r2_reason": null,
          "target_sum_squares": 12670.134234553738,
          "target_variance": 0.3597732411776624,
          "cosine_similarity": 0.8229547142982483
        },
        {
          "horizon": 15,
          "squared_l2": 28.727550506591797,
          "mse": 0.22269420325756073,
          "mae": 0.3142522871494293,
          "r2": 0.44412359563982184,
          "r2_defined": true,
          "r2_reason": null,
          "target_sum_squares": 14108.570378156637,
          "target_variance": 0.4006181781002538,
          "cosine_similarity": 0.7949835658073425
        },
        {
          "horizon": 16,
          "squared_l2": 34.1154670715332,
          "mse": 0.264460951089859,
          "mae": 0.3496466875076294,
          "r2": 0.40928483461265097,
          "r2_defined": true,
          "r2_reason": null,
          "target_sum_squares": 15766.51947871137,
          "target_variance": 0.44769626824293296,
          "cosine_similarity": 0.7800189852714539
        },
        {
          "horizon": 17,
          "squared_l2": 38.46759796142578,
          "mse": 0.29819849133491516,
          "mae": 0.38092032074928284,
          "r2": 0.3437665558363916,
          "r2_defined": true,
          "r2_reason": null,
          "target_sum_squares": 16002.925907843579,
          "target_variance": 0.45440911797835076,
          "cosine_similarity": 0.7644456624984741
        },
        {
          "horizon": 18,
          "squared_l2": 42.4730339050293,
          "mse": 0.3292483389377594,
          "mae": 0.4114474058151245,
          "r2": 0.23551428078230996,
          "r2_defined": true,
          "r2_reason": null,
          "target_sum_squares": 15167.240395787587,
          "target_variance": 0.43067951261571363,
          "cosine_similarity": 0.7449067234992981
        },
        {
          "horizon": 19,
          "squared_l2": 49.49357604980469,
          "mse": 0.3836711347103119,
          "mae": 0.4545973539352417,
          "r2": 0.20396394445809163,
          "r2_defined": true,
          "r2_reason": null,
          "target_sum_squares": 16973.7863828314,
          "target_variance": 0.4819770674058381,
          "cosine_similarity": 0.7401880025863647
        },
        {
          "horizon": 20,
          "squared_l2": 58.566749572753906,
          "mse": 0.4540058672428131,
          "mae": 0.4995063543319702,
          "r2": 0.1412216034516105,
          "r2_defined": true,
          "r2_reason": null,
          "target_sum_squares": 18617.98523262715,
          "target_variance": 0.5286647139911733,
          "cosine_similarity": 0.7105370759963989
        },
        {
          "horizon": 21,
          "squared_l2": 68.12635040283203,
          "mse": 0.5281112790107727,
          "mae": 0.5408348441123962,
          "r2": 0.08839398125209219,
          "r2_defined": true,
          "r2_reason": null,
          "target_sum_squares": 20401.898983880452,
          "target_variance": 0.5793196179084094,
          "cosine_similarity": 0.6889069676399231
        },
        {
          "horizon": 22,
          "squared_l2": 88.45471954345703,
          "mse": 0.685695469379425,
          "mae": 0.6232110261917114,
          "r2": 0.020200385945319366,
          "r2_defined": true,
          "r2_reason": null,
          "target_sum_squares": 24645.99784888093,
          "target_variance": 0.6998324061924902,
          "cosine_similarity": 0.6507763862609863
        },
        {
          "horizon": 23,
          "squared_l2": 108.21060180664062,
          "mse": 0.8388417959213257,
          "mae": 0.6848713159561157,
          "r2": -0.0948350062481278,
          "r2_defined": true,
          "r2_reason": null,
          "target_sum_squares": 26982.599399354607,
          "target_variance": 0.7661810886604369,
          "cosine_similarity": 0.6155729293823242
        },
        {
          "horizon": 24,
          "squared_l2": 136.23875427246094,
          "mse": 1.0561143159866333,
          "mae": 0.7634873390197754,
          "r2": -0.16487189086977905,
          "r2_defined": true,
          "r2_reason": null,
          "target_sum_squares": 31928.98591981495,
          "target_variance": 0.9066355998470894,
          "cosine_similarity": 0.5768354535102844
        },
        {
          "horizon": 25,
          "squared_l2": 162.73280334472656,
          "mse": 1.2614946365356445,
          "mae": 0.8263565897941589,
          "r2": -0.19066987952740466,
          "r2_defined": true,
          "r2_reason": null,
          "target_sum_squares": 37311.81762914993,
          "target_variance": 1.059483136813185,
          "cosine_similarity": 0.5580453276634216
        },
        {
          "horizon": 26,
          "squared_l2": 184.380615234375,
          "mse": 1.4293071031570435,
          "mae": 0.8733552098274231,
          "r2": -0.20017517822285047,
          "r2_defined": true,
          "r2_reason": null,
          "target_sum_squares": 41940.46494874108,
          "target_variance": 1.190915323529576,
          "cosine_similarity": 0.5672472715377808
        },
        {
          "horizon": 27,
          "squared_l2": 214.18927001953125,
          "mse": 1.6603819131851196,
          "mae": 0.9328709840774536,
          "r2": -0.24036912906724628,
          "r2_defined": true,
          "r2_reason": null,
          "target_sum_squares": 47142.15486262526,
          "target_variance": 1.338619270881258,
          "cosine_similarity": 0.5578545928001404
        },
        {
          "horizon": 28,
          "squared_l2": 238.68553161621094,
          "mse": 1.8502755165100098,
          "mae": 0.9810751676559448,
          "r2": -0.2657419397254921,
          "r2_defined": true,
          "r2_reason": null,
          "target_sum_squares": 51480.597640773114,
          "target_variance": 1.461810990168757,
          "cosine_similarity": 0.558807909488678
        },
        {
          "horizon": 29,
          "squared_l2": 274.1583251953125,
          "mse": 2.125258207321167,
          "mae": 1.0447643995285034,
          "r2": -0.27947147612635104,
          "r2_defined": true,
          "r2_reason": null,
          "target_sum_squares": 58496.97846253526,
          "target_variance": 1.6610437704101786,
          "cosine_similarity": 0.5661879777908325
        },
        {
          "horizon": 30,
          "squared_l2": 321.6698303222656,
          "mse": 2.4935646057128906,
          "mae": 1.1300384998321533,
          "r2": -0.2632884394524482,
          "r2_defined": true,
          "r2_reason": null,
          "target_sum_squares": 69513.70748820942,
          "target_variance": 1.9738679469633817,
          "cosine_similarity": 0.5744031071662903
        },
        {
          "horizon": 31,
          "squared_l2": 387.5033874511719,
          "mse": 3.0039021968841553,
          "mae": 1.2347949743270874,
          "r2": -0.1786418591205774,
          "r2_defined": true,
          "r2_reason": null,
          "target_sum_squares": 89754.51111617775,
          "target_variance": 2.5486132014702485,
          "cosine_similarity": 0.608625590801239
        },
        {
          "horizon": 32,
          "squared_l2": 612.6651611328125,
          "mse": 4.749343395233154,
          "mae": 1.5278661251068115,
          "r2": 0.12585972075034146,
          "r2_defined": true,
          "r2_reason": null,
          "target_sum_squares": 191339.55646850544,
          "target_variance": 5.433158885439005,
          "cosine_similarity": 0.6806554198265076
        }
      ],
      "positive_r2_horizon": 22,
      "components": {
        "z": {
          "mse": 0.6573732495307922,
          "mae": 0.4426490068435669,
          "r2": 0.3627121633233039,
          "r2_defined": true,
          "r2_reason": null,
          "target_sum_squares": 576725.2392137886,
          "target_variance": 1.0315169256771346,
          "cosine_similarity": 0.7770133018493652
        },
        "concept": {
          "mse": 1.279303789138794,
          "mae": 0.6206769347190857,
          "r2": 0.0778286792398124,
          "r2_defined": true,
          "r2_reason": null,
          "target_sum_squares": 387815.0775943272,
          "target_variance": 1.387273486128975,
          "cosine_similarity": 0.6759847402572632
        },
        "belief": {
          "mse": 0.5798513889312744,
          "mae": 0.5329611897468567,
          "r2": 0.5267120573953913,
          "r2_defined": true,
          "r2_reason": null,
          "target_sum_squares": 342494.7150004628,
          "target_variance": 1.225155659771573,
          "cosine_similarity": 0.7832906246185303
        },
        "uncertainty": {
          "mse": 0.00971342995762825,
          "mae": 0.06422404199838638,
          "r2": 0.32297467706663796,
          "r2_defined": true,
          "r2_reason": null,
          "target_sum_squares": 125.33728942268961,
          "target_variance": 0.014347217195820697,
          "cosine_similarity": 1.0
        }
      },
      "macro_r2": 0.3225568942562864,
      "macro_r2_available_components": 0.3225568942562864,
      "macro_r2_defined_components": 4
    }
  },
  "semantic_alignment": {
    "modes": {
      "knowledge_enrichment": {
        "available": false,
        "reason": "event_definition_unavailable",
        "auroc": null,
        "average_precision": null
      },
      "information_routing": {
        "available": false,
        "reason": "event_definition_unavailable",
        "auroc": null,
        "average_precision": null
      },
      "concept_composition": {
        "available": true,
        "num_examples": 8736,
        "num_positive": 1172,
        "num_negative": 7564,
        "prevalence": 0.13415750915750915,
        "auroc": 0.5659084571610088,
        "average_precision": 0.15382197444670054,
        "source": "positive_first_token_bridge_log_probability_change",
        "independent_of_training_prior": false,
        "label_rule": "per_query_top_0.250_quantile",
        "num_queries": 273,
        "num_queries_with_valid_layers": 273,
        "num_queries_with_positive_events": 273,
        "coverage": 1.0
      },
      "prediction_refinement": {
        "available": true,
        "num_examples": 8736,
        "num_positive": 885,
        "num_negative": 7851,
        "prevalence": 0.10130494505494506,
        "auroc": 0.5598916831638994,
        "average_precision": 0.17192735010472382,
        "source": "joint_top1_top2_margin_increase_and_uncertainty_decrease",
        "independent_of_training_prior": false,
        "label_rule": "per_query_top_0.250_quantile",
        "num_queries": 273,
        "num_queries_with_valid_layers": 273,
        "num_queries_with_positive_events": 273,
        "coverage": 1.0
      },
      "hop_transition": {
        "available": true,
        "num_examples": 8736,
        "num_positive": 729,
        "num_negative": 8007,
        "prevalence": 0.08344780219780219,
        "auroc": 0.5221795812066362,
        "average_precision": 0.09507616749564704,
        "source": "joint_first_token_bridge_logprob_decrease_and_answer_logprob_increase",
        "independent_of_training_prior": false,
        "label_rule": "per_query_top_0.250_quantile",
        "num_queries": 273,
        "num_queries_with_valid_layers": 273,
        "num_queries_with_positive_events": 273,
        "coverage": 1.0
      }
    },
    "event_quantile": 0.75,
    "num_available_modes": 3,
    "available_modes": [
      "concept_composition",
      "prediction_refinement",
      "hop_transition"
    ],
    "available_mode_fraction": 0.6,
    "macro_auroc": null,
    "macro_average_precision": null,
    "diagnostic_macro_auroc_available_modes": 0.5493265738438481,
    "diagnostic_macro_average_precision_available_modes": 0.14027516401569048,
    "strict_macro_requires_all_five_modes": true,
    "strict_macro_requires_independent_events": true,
    "all_events_independent_of_training_prior": false,
    "strict_macro_reason": "requires_defined_independent_events_for_all_five_modes"
  }
}
2026-08-19 20:25:28 | INFO | holdout_status=verified_training_split_validation
2026-08-19 20:25:28 | INFO | Saved 273 trajectories to /bigdata/users/90967055/fuzzyDynamics/NeurIPS_Fuzzy_Dynamics_code/results/fuzzy_dynamics_20260819_195840_946201/evaluation/trajectories.jsonl
2026-08-19 20:25:28 | INFO | Completed evaluation
2026-08-19 20:25:28 | INFO | Starting plotting: /bigdata/users/90967055/fuzzyDynamics/NeurIPS_Fuzzy_Dynamics_code/.venv/bin/python -m scripts.plot_trajectory --trajectories /bigdata/users/90967055/fuzzyDynamics/NeurIPS_Fuzzy_Dynamics_code/results/fuzzy_dynamics_20260819_195840_946201/evaluation/trajectories.jsonl --index 0 --experiment-time 20260819_195840_946201 --log-dir /bigdata/users/90967055/fuzzyDynamics/NeurIPS_Fuzzy_Dynamics_code/logs
2026-08-19 20:25:32 | INFO | Log file: /bigdata/users/90967055/fuzzyDynamics/NeurIPS_Fuzzy_Dynamics_code/logs/fuzzy_dynamics_20260819_195840_946201/plot_trajectory_20260819_202532_155294.log
2026-08-19 20:25:32 | INFO | Arguments: {'trajectories': '/bigdata/users/90967055/fuzzyDynamics/NeurIPS_Fuzzy_Dynamics_code/results/fuzzy_dynamics_20260819_195840_946201/evaluation/trajectories.jsonl', 'index': 0, 'output': None, 'experiment_time': '20260819_195840_946201', 'log_dir': '/bigdata/users/90967055/fuzzyDynamics/NeurIPS_Fuzzy_Dynamics_code/logs'}
2026-08-19 20:25:32 | INFO | experiment_time=20260819_195840_946201
2026-08-19 20:25:33 | INFO | Saved /bigdata/users/90967055/fuzzyDynamics/NeurIPS_Fuzzy_Dynamics_code/results/fuzzy_dynamics_20260819_195840_946201/evaluation/trajectory_0.png
2026-08-19 20:25:34 | INFO | Completed plotting
2026-08-19 20:25:34 | INFO | Pipeline complete: /bigdata/users/90967055/fuzzyDynamics/NeurIPS_Fuzzy_Dynamics_code/results/fuzzy_dynamics_20260819_195840_946201
EXPERIMENT_TIME=20260819_195840_946201
EXPERIMENT_DIR=/bigdata/users/90967055/fuzzyDynamics/NeurIPS_Fuzzy_Dynamics_code/results/fuzzy_dynamics_20260819_195840_946201
