project_root=/bigdata/users/90967055/fuzzyDynamics/NeurIPS_Fuzzy_Dynamics_code
python=/bigdata/users/90967055/fuzzyDynamics/NeurIPS_Fuzzy_Dynamics_code/.venv/bin/python
activations=cache/socrates_llama3_8b_tuned_full.pt
config=configs/fuzzy_dynamics_base.json seed=42 device=cuda
activation_archive_ok=cache/socrates_llama3_8b_tuned_full.pt entries=17
python=3.11.8 executable=/bigdata/users/90967055/fuzzyDynamics/NeurIPS_Fuzzy_Dynamics_code/.venv/bin/python
platform=Linux-7.1.4-200.fc44.x86_64-x86_64-with-glibc2.43
numpy=1.26.4 [ok]
torch=2.13.0 [ok]
transformers=4.57.6 [ok]
accelerate=1.14.0 [ok]
datasets=4.8.5 [ok]
pandas=2.3.3 [ok]
tqdm=4.70.0 [ok]
requests=2.34.2 [ok]
matplotlib=3.11.1 [ok]
tuned-lens=0.2.0 [ok]
Unidecode=1.4.0 [ok]
fancy-einsum=0.0.3 [ok]
PyYAML=6.0.3 [ok]
sentencepiece=0.2.2 [ok]
safetensors=0.8.0 [ok]
baukit=0.0.1 [ok]
torch_cuda_build=13.0
cuda_available=True
cuda_device_count=1
Environment check passed.
2026-08-19 17:51:05 | INFO | Log file: /bigdata/users/90967055/fuzzyDynamics/NeurIPS_Fuzzy_Dynamics_code/logs/fuzzy_dynamics_20260819_175105_132894/run_pipeline_20260819_175105_147773.log
2026-08-19 17:51:05 | INFO | experiment_time=20260819_175105_132894
2026-08-19 17:51:05 | INFO | Experiment directory: /bigdata/users/90967055/fuzzyDynamics/NeurIPS_Fuzzy_Dynamics_code/results/fuzzy_dynamics_20260819_175105_132894
2026-08-19 17:51:05 | INFO | Starting training: /bigdata/users/90967055/fuzzyDynamics/NeurIPS_Fuzzy_Dynamics_code/.venv/bin/python -m scripts.train_fuzzy_dynamics --activations /bigdata/users/90967055/fuzzyDynamics/NeurIPS_Fuzzy_Dynamics_code/cache/socrates_llama3_8b_tuned_full.pt --config /bigdata/users/90967055/fuzzyDynamics/NeurIPS_Fuzzy_Dynamics_code/configs/fuzzy_dynamics_base.json --seed 42 --device cuda --results-root /bigdata/users/90967055/fuzzyDynamics/NeurIPS_Fuzzy_Dynamics_code/results --experiment-time 20260819_175105_132894 --log-dir /bigdata/users/90967055/fuzzyDynamics/NeurIPS_Fuzzy_Dynamics_code/logs --log-every-batches 10
2026-08-19 17:51:12 | INFO | Log file: /bigdata/users/90967055/fuzzyDynamics/NeurIPS_Fuzzy_Dynamics_code/logs/fuzzy_dynamics_20260819_175105_132894/train_fuzzy_dynamics_20260819_175112_102420.log
2026-08-19 17:51:12 | INFO | Arguments: {'activations': '/bigdata/users/90967055/fuzzyDynamics/NeurIPS_Fuzzy_Dynamics_code/cache/socrates_llama3_8b_tuned_full.pt', 'results_root': '/bigdata/users/90967055/fuzzyDynamics/NeurIPS_Fuzzy_Dynamics_code/results', 'experiment_time': '20260819_175105_132894', 'config': '/bigdata/users/90967055/fuzzyDynamics/NeurIPS_Fuzzy_Dynamics_code/configs/fuzzy_dynamics_base.json', 'device': 'cuda', 'seed': 42, 'log_dir': '/bigdata/users/90967055/fuzzyDynamics/NeurIPS_Fuzzy_Dynamics_code/logs', 'log_every_batches': 10}
2026-08-19 17:51:12 | INFO | experiment_time=20260819_175105_132894
2026-08-19 17:52:23 | INFO | split_by=category train=6264 validation=968
2026-08-19 17:52:24 | INFO | Fitting shared frozen PCA projectors on 8192 training states across all layers
2026-08-19 17:52:33 | INFO | Fitted block-balanced delta scales: min=0.115523 median=0.608833 max=1.03053
2026-08-19 17:52:40 | INFO | Checkpoints: /bigdata/users/90967055/fuzzyDynamics/NeurIPS_Fuzzy_Dynamics_code/results/fuzzy_dynamics_20260819_175105_132894/checkpoint
2026-08-19 17:52:40 | INFO | Training results: /bigdata/users/90967055/fuzzyDynamics/NeurIPS_Fuzzy_Dynamics_code/results/fuzzy_dynamics_20260819_175105_132894/training
2026-08-19 17:52:44 | INFO | epoch=001 train_batch=10/392 running_loss=1.021093
2026-08-19 17:52:45 | INFO | epoch=001 train_batch=20/392 running_loss=0.928753
2026-08-19 17:52:45 | INFO | epoch=001 train_batch=30/392 running_loss=0.865944
2026-08-19 17:52:45 | INFO | epoch=001 train_batch=40/392 running_loss=0.818818
2026-08-19 17:52:46 | INFO | epoch=001 train_batch=50/392 running_loss=0.781350
2026-08-19 17:52:46 | INFO | epoch=001 train_batch=60/392 running_loss=0.740164
2026-08-19 17:52:46 | INFO | epoch=001 train_batch=70/392 running_loss=0.706321
2026-08-19 17:52:47 | INFO | epoch=001 train_batch=80/392 running_loss=0.676062
2026-08-19 17:52:47 | INFO | epoch=001 train_batch=90/392 running_loss=0.650661
2026-08-19 17:52:47 | INFO | epoch=001 train_batch=100/392 running_loss=0.629508
2026-08-19 17:52:47 | INFO | epoch=001 train_batch=110/392 running_loss=0.607248
2026-08-19 17:52:48 | INFO | epoch=001 train_batch=120/392 running_loss=0.588993
2026-08-19 17:52:48 | INFO | epoch=001 train_batch=130/392 running_loss=0.569453
2026-08-19 17:52:48 | INFO | epoch=001 train_batch=140/392 running_loss=0.552072
2026-08-19 17:52:49 | INFO | epoch=001 train_batch=150/392 running_loss=0.538485
2026-08-19 17:52:49 | INFO | epoch=001 train_batch=160/392 running_loss=0.523557
2026-08-19 17:52:49 | INFO | epoch=001 train_batch=170/392 running_loss=0.509843
2026-08-19 17:52:50 | INFO | epoch=001 train_batch=180/392 running_loss=0.497694
2026-08-19 17:52:50 | INFO | epoch=001 train_batch=190/392 running_loss=0.486078
2026-08-19 17:52:50 | INFO | epoch=001 train_batch=200/392 running_loss=0.475573
2026-08-19 17:52:50 | INFO | epoch=001 train_batch=210/392 running_loss=0.465799
2026-08-19 17:52:51 | INFO | epoch=001 train_batch=220/392 running_loss=0.456080
2026-08-19 17:52:51 | INFO | epoch=001 train_batch=230/392 running_loss=0.446871
2026-08-19 17:52:51 | INFO | epoch=001 train_batch=240/392 running_loss=0.438706
2026-08-19 17:52:52 | INFO | epoch=001 train_batch=250/392 running_loss=0.430727
2026-08-19 17:52:52 | INFO | epoch=001 train_batch=260/392 running_loss=0.423111
2026-08-19 17:52:52 | INFO | epoch=001 train_batch=270/392 running_loss=0.415754
2026-08-19 17:52:53 | INFO | epoch=001 train_batch=280/392 running_loss=0.408991
2026-08-19 17:52:53 | INFO | epoch=001 train_batch=290/392 running_loss=0.402335
2026-08-19 17:52:53 | INFO | epoch=001 train_batch=300/392 running_loss=0.396458
2026-08-19 17:52:53 | INFO | epoch=001 train_batch=310/392 running_loss=0.390594
2026-08-19 17:52:54 | INFO | epoch=001 train_batch=320/392 running_loss=0.384865
2026-08-19 17:52:54 | INFO | epoch=001 train_batch=330/392 running_loss=0.379205
2026-08-19 17:52:54 | INFO | epoch=001 train_batch=340/392 running_loss=0.373639
2026-08-19 17:52:55 | INFO | epoch=001 train_batch=350/392 running_loss=0.368800
2026-08-19 17:52:55 | INFO | epoch=001 train_batch=360/392 running_loss=0.363788
2026-08-19 17:52:55 | INFO | epoch=001 train_batch=370/392 running_loss=0.359179
2026-08-19 17:52:56 | INFO | epoch=001 train_batch=380/392 running_loss=0.355145
2026-08-19 17:52:56 | INFO | epoch=001 train_batch=390/392 running_loss=0.350355
2026-08-19 17:52:56 | INFO | epoch=001 train_batch=392/392 running_loss=0.349530
2026-08-19 17:52:57 | INFO | epoch=001 train_loss=0.349530 validation_loss=0.463599
2026-08-19 17:52:57 | INFO | epoch=001 saved new best.pt
2026-08-19 17:52:57 | INFO | epoch=002 train_batch=10/392 running_loss=0.176495
2026-08-19 17:52:58 | INFO | epoch=002 train_batch=20/392 running_loss=0.175725
2026-08-19 17:52:58 | INFO | epoch=002 train_batch=30/392 running_loss=0.179703
2026-08-19 17:52:58 | INFO | epoch=002 train_batch=40/392 running_loss=0.180499
2026-08-19 17:52:58 | INFO | epoch=002 train_batch=50/392 running_loss=0.178869
2026-08-19 17:52:59 | INFO | epoch=002 train_batch=60/392 running_loss=0.177720
2026-08-19 17:52:59 | INFO | epoch=002 train_batch=70/392 running_loss=0.177546
2026-08-19 17:52:59 | INFO | epoch=002 train_batch=80/392 running_loss=0.176534
2026-08-19 17:53:00 | INFO | epoch=002 train_batch=90/392 running_loss=0.173981
2026-08-19 17:53:00 | INFO | epoch=002 train_batch=100/392 running_loss=0.172872
2026-08-19 17:53:00 | INFO | epoch=002 train_batch=110/392 running_loss=0.171534
2026-08-19 17:53:01 | INFO | epoch=002 train_batch=120/392 running_loss=0.170075
2026-08-19 17:53:01 | INFO | epoch=002 train_batch=130/392 running_loss=0.169166
2026-08-19 17:53:01 | INFO | epoch=002 train_batch=140/392 running_loss=0.169131
2026-08-19 17:53:01 | INFO | epoch=002 train_batch=150/392 running_loss=0.168469
2026-08-19 17:53:02 | INFO | epoch=002 train_batch=160/392 running_loss=0.168684
2026-08-19 17:53:02 | INFO | epoch=002 train_batch=170/392 running_loss=0.168603
2026-08-19 17:53:02 | INFO | epoch=002 train_batch=180/392 running_loss=0.168150
2026-08-19 17:53:03 | INFO | epoch=002 train_batch=190/392 running_loss=0.167691
2026-08-19 17:53:03 | INFO | epoch=002 train_batch=200/392 running_loss=0.166887
2026-08-19 17:53:03 | INFO | epoch=002 train_batch=210/392 running_loss=0.165817
2026-08-19 17:53:03 | INFO | epoch=002 train_batch=220/392 running_loss=0.164734
2026-08-19 17:53:04 | INFO | epoch=002 train_batch=230/392 running_loss=0.164079
2026-08-19 17:53:04 | INFO | epoch=002 train_batch=240/392 running_loss=0.163375
2026-08-19 17:53:04 | INFO | epoch=002 train_batch=250/392 running_loss=0.162941
2026-08-19 17:53:05 | INFO | epoch=002 train_batch=260/392 running_loss=0.162457
2026-08-19 17:53:05 | INFO | epoch=002 train_batch=270/392 running_loss=0.162178
2026-08-19 17:53:05 | INFO | epoch=002 train_batch=280/392 running_loss=0.161541
2026-08-19 17:53:05 | INFO | epoch=002 train_batch=290/392 running_loss=0.160854
2026-08-19 17:53:06 | INFO | epoch=002 train_batch=300/392 running_loss=0.160584
2026-08-19 17:53:06 | INFO | epoch=002 train_batch=310/392 running_loss=0.160078
2026-08-19 17:53:06 | INFO | epoch=002 train_batch=320/392 running_loss=0.159602
2026-08-19 17:53:07 | INFO | epoch=002 train_batch=330/392 running_loss=0.159040
2026-08-19 17:53:07 | INFO | epoch=002 train_batch=340/392 running_loss=0.158829
2026-08-19 17:53:07 | INFO | epoch=002 train_batch=350/392 running_loss=0.158100
2026-08-19 17:53:07 | INFO | epoch=002 train_batch=360/392 running_loss=0.157978
2026-08-19 17:53:08 | INFO | epoch=002 train_batch=370/392 running_loss=0.157697
2026-08-19 17:53:08 | INFO | epoch=002 train_batch=380/392 running_loss=0.157270
2026-08-19 17:53:08 | INFO | epoch=002 train_batch=390/392 running_loss=0.156635
2026-08-19 17:53:08 | INFO | epoch=002 train_batch=392/392 running_loss=0.156469
2026-08-19 17:53:09 | INFO | epoch=002 train_loss=0.156469 validation_loss=0.405302
2026-08-19 17:53:09 | INFO | epoch=002 saved new best.pt
2026-08-19 17:53:10 | INFO | epoch=003 train_batch=10/392 running_loss=0.138914
2026-08-19 17:53:10 | INFO | epoch=003 train_batch=20/392 running_loss=0.134199
2026-08-19 17:53:10 | INFO | epoch=003 train_batch=30/392 running_loss=0.134672
2026-08-19 17:53:10 | INFO | epoch=003 train_batch=40/392 running_loss=0.133961
2026-08-19 17:53:11 | INFO | epoch=003 train_batch=50/392 running_loss=0.134541
2026-08-19 17:53:11 | INFO | epoch=003 train_batch=60/392 running_loss=0.134653
2026-08-19 17:53:11 | INFO | epoch=003 train_batch=70/392 running_loss=0.134648
2026-08-19 17:53:12 | INFO | epoch=003 train_batch=80/392 running_loss=0.134340
2026-08-19 17:53:12 | INFO | epoch=003 train_batch=90/392 running_loss=0.133953
2026-08-19 17:53:12 | INFO | epoch=003 train_batch=100/392 running_loss=0.133855
2026-08-19 17:53:12 | INFO | epoch=003 train_batch=110/392 running_loss=0.132152
2026-08-19 17:53:13 | INFO | epoch=003 train_batch=120/392 running_loss=0.131933
2026-08-19 17:53:13 | INFO | epoch=003 train_batch=130/392 running_loss=0.132139
2026-08-19 17:53:13 | INFO | epoch=003 train_batch=140/392 running_loss=0.131917
2026-08-19 17:53:14 | INFO | epoch=003 train_batch=150/392 running_loss=0.131624
2026-08-19 17:53:14 | INFO | epoch=003 train_batch=160/392 running_loss=0.130909
2026-08-19 17:53:14 | INFO | epoch=003 train_batch=170/392 running_loss=0.130343
2026-08-19 17:53:14 | INFO | epoch=003 train_batch=180/392 running_loss=0.130549
2026-08-19 17:53:15 | INFO | epoch=003 train_batch=190/392 running_loss=0.130435
2026-08-19 17:53:15 | INFO | epoch=003 train_batch=200/392 running_loss=0.130083
2026-08-19 17:53:15 | INFO | epoch=003 train_batch=210/392 running_loss=0.129785
2026-08-19 17:53:16 | INFO | epoch=003 train_batch=220/392 running_loss=0.129316
2026-08-19 17:53:16 | INFO | epoch=003 train_batch=230/392 running_loss=0.129123
2026-08-19 17:53:16 | INFO | epoch=003 train_batch=240/392 running_loss=0.128761
2026-08-19 17:53:16 | INFO | epoch=003 train_batch=250/392 running_loss=0.128477
2026-08-19 17:53:17 | INFO | epoch=003 train_batch=260/392 running_loss=0.128234
2026-08-19 17:53:17 | INFO | epoch=003 train_batch=270/392 running_loss=0.127888
2026-08-19 17:53:17 | INFO | epoch=003 train_batch=280/392 running_loss=0.127531
2026-08-19 17:53:18 | INFO | epoch=003 train_batch=290/392 running_loss=0.127184
2026-08-19 17:53:18 | INFO | epoch=003 train_batch=300/392 running_loss=0.126613
2026-08-19 17:53:18 | INFO | epoch=003 train_batch=310/392 running_loss=0.126332
2026-08-19 17:53:18 | INFO | epoch=003 train_batch=320/392 running_loss=0.126042
2026-08-19 17:53:19 | INFO | epoch=003 train_batch=330/392 running_loss=0.125852
2026-08-19 17:53:19 | INFO | epoch=003 train_batch=340/392 running_loss=0.125475
2026-08-19 17:53:19 | INFO | epoch=003 train_batch=350/392 running_loss=0.125274
2026-08-19 17:53:20 | INFO | epoch=003 train_batch=360/392 running_loss=0.125177
2026-08-19 17:53:20 | INFO | epoch=003 train_batch=370/392 running_loss=0.125039
2026-08-19 17:53:20 | INFO | epoch=003 train_batch=380/392 running_loss=0.124841
2026-08-19 17:53:20 | INFO | epoch=003 train_batch=390/392 running_loss=0.124668
2026-08-19 17:53:20 | INFO | epoch=003 train_batch=392/392 running_loss=0.124575
2026-08-19 17:53:21 | INFO | epoch=003 train_loss=0.124575 validation_loss=0.373960
2026-08-19 17:53:21 | INFO | epoch=003 saved new best.pt
2026-08-19 17:53:22 | INFO | epoch=004 train_batch=10/392 running_loss=0.117483
2026-08-19 17:53:22 | INFO | epoch=004 train_batch=20/392 running_loss=0.117392
2026-08-19 17:53:22 | INFO | epoch=004 train_batch=30/392 running_loss=0.116931
2026-08-19 17:53:22 | INFO | epoch=004 train_batch=40/392 running_loss=0.115265
2026-08-19 17:53:23 | INFO | epoch=004 train_batch=50/392 running_loss=0.114940
2026-08-19 17:53:23 | INFO | epoch=004 train_batch=60/392 running_loss=0.114004
2026-08-19 17:53:23 | INFO | epoch=004 train_batch=70/392 running_loss=0.113229
2026-08-19 17:53:24 | INFO | epoch=004 train_batch=80/392 running_loss=0.112994
2026-08-19 17:53:24 | INFO | epoch=004 train_batch=90/392 running_loss=0.112075
2026-08-19 17:53:24 | INFO | epoch=004 train_batch=100/392 running_loss=0.111753
2026-08-19 17:53:24 | INFO | epoch=004 train_batch=110/392 running_loss=0.111638
2026-08-19 17:53:25 | INFO | epoch=004 train_batch=120/392 running_loss=0.111290
2026-08-19 17:53:25 | INFO | epoch=004 train_batch=130/392 running_loss=0.111315
2026-08-19 17:53:25 | INFO | epoch=004 train_batch=140/392 running_loss=0.111204
2026-08-19 17:53:26 | INFO | epoch=004 train_batch=150/392 running_loss=0.111229
2026-08-19 17:53:26 | INFO | epoch=004 train_batch=160/392 running_loss=0.111074
2026-08-19 17:53:26 | INFO | epoch=004 train_batch=170/392 running_loss=0.110680
2026-08-19 17:53:26 | INFO | epoch=004 train_batch=180/392 running_loss=0.110592
2026-08-19 17:53:27 | INFO | epoch=004 train_batch=190/392 running_loss=0.110751
2026-08-19 17:53:27 | INFO | epoch=004 train_batch=200/392 running_loss=0.110314
2026-08-19 17:53:27 | INFO | epoch=004 train_batch=210/392 running_loss=0.110316
2026-08-19 17:53:28 | INFO | epoch=004 train_batch=220/392 running_loss=0.110308
2026-08-19 17:53:28 | INFO | epoch=004 train_batch=230/392 running_loss=0.109911
2026-08-19 17:53:28 | INFO | epoch=004 train_batch=240/392 running_loss=0.109798
2026-08-19 17:53:28 | INFO | epoch=004 train_batch=250/392 running_loss=0.109578
2026-08-19 17:53:29 | INFO | epoch=004 train_batch=260/392 running_loss=0.109334
2026-08-19 17:53:29 | INFO | epoch=004 train_batch=270/392 running_loss=0.109310
2026-08-19 17:53:29 | INFO | epoch=004 train_batch=280/392 running_loss=0.109395
2026-08-19 17:53:30 | INFO | epoch=004 train_batch=290/392 running_loss=0.109151
2026-08-19 17:53:30 | INFO | epoch=004 train_batch=300/392 running_loss=0.108806
2026-08-19 17:53:30 | INFO | epoch=004 train_batch=310/392 running_loss=0.108736
2026-08-19 17:53:30 | INFO | epoch=004 train_batch=320/392 running_loss=0.108522
2026-08-19 17:53:31 | INFO | epoch=004 train_batch=330/392 running_loss=0.108437
2026-08-19 17:53:31 | INFO | epoch=004 train_batch=340/392 running_loss=0.108205
2026-08-19 17:53:31 | INFO | epoch=004 train_batch=350/392 running_loss=0.108157
2026-08-19 17:53:32 | INFO | epoch=004 train_batch=360/392 running_loss=0.107966
2026-08-19 17:53:32 | INFO | epoch=004 train_batch=370/392 running_loss=0.107755
2026-08-19 17:53:32 | INFO | epoch=004 train_batch=380/392 running_loss=0.107524
2026-08-19 17:53:32 | INFO | epoch=004 train_batch=390/392 running_loss=0.107429
2026-08-19 17:53:32 | INFO | epoch=004 train_batch=392/392 running_loss=0.107444
2026-08-19 17:53:33 | INFO | epoch=004 train_loss=0.107444 validation_loss=0.361387
2026-08-19 17:53:33 | INFO | epoch=004 saved new best.pt
2026-08-19 17:53:34 | INFO | epoch=005 train_batch=10/392 running_loss=0.103245
2026-08-19 17:53:34 | INFO | epoch=005 train_batch=20/392 running_loss=0.099476
2026-08-19 17:53:34 | INFO | epoch=005 train_batch=30/392 running_loss=0.097374
2026-08-19 17:53:34 | INFO | epoch=005 train_batch=40/392 running_loss=0.099872
2026-08-19 17:53:35 | INFO | epoch=005 train_batch=50/392 running_loss=0.099979
2026-08-19 17:53:35 | INFO | epoch=005 train_batch=60/392 running_loss=0.100690
2026-08-19 17:53:35 | INFO | epoch=005 train_batch=70/392 running_loss=0.100841
2026-08-19 17:53:36 | INFO | epoch=005 train_batch=80/392 running_loss=0.100555
2026-08-19 17:53:36 | INFO | epoch=005 train_batch=90/392 running_loss=0.100341
2026-08-19 17:53:36 | INFO | epoch=005 train_batch=100/392 running_loss=0.100512
2026-08-19 17:53:36 | INFO | epoch=005 train_batch=110/392 running_loss=0.100548
2026-08-19 17:53:37 | INFO | epoch=005 train_batch=120/392 running_loss=0.100339
2026-08-19 17:53:37 | INFO | epoch=005 train_batch=130/392 running_loss=0.100079
2026-08-19 17:53:37 | INFO | epoch=005 train_batch=140/392 running_loss=0.100088
2026-08-19 17:53:38 | INFO | epoch=005 train_batch=150/392 running_loss=0.100089
2026-08-19 17:53:38 | INFO | epoch=005 train_batch=160/392 running_loss=0.100003
2026-08-19 17:53:38 | INFO | epoch=005 train_batch=170/392 running_loss=0.099440
2026-08-19 17:53:38 | INFO | epoch=005 train_batch=180/392 running_loss=0.099586
2026-08-19 17:53:39 | INFO | epoch=005 train_batch=190/392 running_loss=0.099436
2026-08-19 17:53:39 | INFO | epoch=005 train_batch=200/392 running_loss=0.099039
2026-08-19 17:53:39 | INFO | epoch=005 train_batch=210/392 running_loss=0.098966
2026-08-19 17:53:40 | INFO | epoch=005 train_batch=220/392 running_loss=0.099054
2026-08-19 17:53:40 | INFO | epoch=005 train_batch=230/392 running_loss=0.099192
2026-08-19 17:53:40 | INFO | epoch=005 train_batch=240/392 running_loss=0.099100
2026-08-19 17:53:40 | INFO | epoch=005 train_batch=250/392 running_loss=0.098841
2026-08-19 17:53:41 | INFO | epoch=005 train_batch=260/392 running_loss=0.098753
2026-08-19 17:53:41 | INFO | epoch=005 train_batch=270/392 running_loss=0.098693
2026-08-19 17:53:41 | INFO | epoch=005 train_batch=280/392 running_loss=0.098430
2026-08-19 17:53:42 | INFO | epoch=005 train_batch=290/392 running_loss=0.098324
2026-08-19 17:53:42 | INFO | epoch=005 train_batch=300/392 running_loss=0.098173
2026-08-19 17:53:42 | INFO | epoch=005 train_batch=310/392 running_loss=0.097804
2026-08-19 17:53:42 | INFO | epoch=005 train_batch=320/392 running_loss=0.097566
2026-08-19 17:53:43 | INFO | epoch=005 train_batch=330/392 running_loss=0.097383
2026-08-19 17:53:43 | INFO | epoch=005 train_batch=340/392 running_loss=0.097140
2026-08-19 17:53:43 | INFO | epoch=005 train_batch=350/392 running_loss=0.097286
2026-08-19 17:53:44 | INFO | epoch=005 train_batch=360/392 running_loss=0.097261
2026-08-19 17:53:44 | INFO | epoch=005 train_batch=370/392 running_loss=0.097134
2026-08-19 17:53:44 | INFO | epoch=005 train_batch=380/392 running_loss=0.097162
2026-08-19 17:53:44 | INFO | epoch=005 train_batch=390/392 running_loss=0.097078
2026-08-19 17:53:44 | INFO | epoch=005 train_batch=392/392 running_loss=0.097072
2026-08-19 17:53:45 | INFO | epoch=005 train_loss=0.097072 validation_loss=0.342545
2026-08-19 17:53:45 | INFO | epoch=005 saved new best.pt
2026-08-19 17:53:46 | INFO | epoch=006 train_batch=10/392 running_loss=0.092106
2026-08-19 17:53:46 | INFO | epoch=006 train_batch=20/392 running_loss=0.091171
2026-08-19 17:53:46 | INFO | epoch=006 train_batch=30/392 running_loss=0.091880
2026-08-19 17:53:47 | INFO | epoch=006 train_batch=40/392 running_loss=0.091401
2026-08-19 17:53:47 | INFO | epoch=006 train_batch=50/392 running_loss=0.091009
2026-08-19 17:53:47 | INFO | epoch=006 train_batch=60/392 running_loss=0.091280
2026-08-19 17:53:47 | INFO | epoch=006 train_batch=70/392 running_loss=0.091347
2026-08-19 17:53:48 | INFO | epoch=006 train_batch=80/392 running_loss=0.091677
2026-08-19 17:53:48 | INFO | epoch=006 train_batch=90/392 running_loss=0.091220
2026-08-19 17:53:48 | INFO | epoch=006 train_batch=100/392 running_loss=0.091525
2026-08-19 17:53:49 | INFO | epoch=006 train_batch=110/392 running_loss=0.091292
2026-08-19 17:53:49 | INFO | epoch=006 train_batch=120/392 running_loss=0.091236
2026-08-19 17:53:49 | INFO | epoch=006 train_batch=130/392 running_loss=0.091218
2026-08-19 17:53:49 | INFO | epoch=006 train_batch=140/392 running_loss=0.091193
2026-08-19 17:53:50 | INFO | epoch=006 train_batch=150/392 running_loss=0.091174
2026-08-19 17:53:50 | INFO | epoch=006 train_batch=160/392 running_loss=0.091372
2026-08-19 17:53:50 | INFO | epoch=006 train_batch=170/392 running_loss=0.091473
2026-08-19 17:53:51 | INFO | epoch=006 train_batch=180/392 running_loss=0.091155
2026-08-19 17:53:51 | INFO | epoch=006 train_batch=190/392 running_loss=0.090938
2026-08-19 17:53:51 | INFO | epoch=006 train_batch=200/392 running_loss=0.090674
2026-08-19 17:53:51 | INFO | epoch=006 train_batch=210/392 running_loss=0.090519
2026-08-19 17:53:52 | INFO | epoch=006 train_batch=220/392 running_loss=0.090230
2026-08-19 17:53:52 | INFO | epoch=006 train_batch=230/392 running_loss=0.090057
2026-08-19 17:53:52 | INFO | epoch=006 train_batch=240/392 running_loss=0.089878
2026-08-19 17:53:53 | INFO | epoch=006 train_batch=250/392 running_loss=0.089476
2026-08-19 17:53:53 | INFO | epoch=006 train_batch=260/392 running_loss=0.089475
2026-08-19 17:53:53 | INFO | epoch=006 train_batch=270/392 running_loss=0.089454
2026-08-19 17:53:53 | INFO | epoch=006 train_batch=280/392 running_loss=0.089257
2026-08-19 17:53:54 | INFO | epoch=006 train_batch=290/392 running_loss=0.089229
2026-08-19 17:53:54 | INFO | epoch=006 train_batch=300/392 running_loss=0.089488
2026-08-19 17:53:54 | INFO | epoch=006 train_batch=310/392 running_loss=0.089453
2026-08-19 17:53:55 | INFO | epoch=006 train_batch=320/392 running_loss=0.089419
2026-08-19 17:53:55 | INFO | epoch=006 train_batch=330/392 running_loss=0.089330
2026-08-19 17:53:55 | INFO | epoch=006 train_batch=340/392 running_loss=0.089203
2026-08-19 17:53:55 | INFO | epoch=006 train_batch=350/392 running_loss=0.089184
2026-08-19 17:53:56 | INFO | epoch=006 train_batch=360/392 running_loss=0.089143
2026-08-19 17:53:56 | INFO | epoch=006 train_batch=370/392 running_loss=0.089193
2026-08-19 17:53:56 | INFO | epoch=006 train_batch=380/392 running_loss=0.089156
2026-08-19 17:53:57 | INFO | epoch=006 train_batch=390/392 running_loss=0.088884
2026-08-19 17:53:57 | INFO | epoch=006 train_batch=392/392 running_loss=0.088915
2026-08-19 17:53:57 | INFO | epoch=006 train_loss=0.088915 validation_loss=0.333713
2026-08-19 17:53:58 | INFO | epoch=006 saved new best.pt
2026-08-19 17:53:58 | INFO | epoch=007 train_batch=10/392 running_loss=0.085804
2026-08-19 17:53:58 | INFO | epoch=007 train_batch=20/392 running_loss=0.085920
2026-08-19 17:53:58 | INFO | epoch=007 train_batch=30/392 running_loss=0.086391
2026-08-19 17:53:59 | INFO | epoch=007 train_batch=40/392 running_loss=0.084619
2026-08-19 17:53:59 | INFO | epoch=007 train_batch=50/392 running_loss=0.084431
2026-08-19 17:53:59 | INFO | epoch=007 train_batch=60/392 running_loss=0.084339
2026-08-19 17:54:00 | INFO | epoch=007 train_batch=70/392 running_loss=0.084547
2026-08-19 17:54:00 | INFO | epoch=007 train_batch=80/392 running_loss=0.084504
2026-08-19 17:54:00 | INFO | epoch=007 train_batch=90/392 running_loss=0.084954
2026-08-19 17:54:00 | INFO | epoch=007 train_batch=100/392 running_loss=0.084273
2026-08-19 17:54:01 | INFO | epoch=007 train_batch=110/392 running_loss=0.084409
2026-08-19 17:54:01 | INFO | epoch=007 train_batch=120/392 running_loss=0.084720
2026-08-19 17:54:01 | INFO | epoch=007 train_batch=130/392 running_loss=0.084763
2026-08-19 17:54:02 | INFO | epoch=007 train_batch=140/392 running_loss=0.084709
2026-08-19 17:54:02 | INFO | epoch=007 train_batch=150/392 running_loss=0.084458
2026-08-19 17:54:02 | INFO | epoch=007 train_batch=160/392 running_loss=0.084312
2026-08-19 17:54:02 | INFO | epoch=007 train_batch=170/392 running_loss=0.084080
2026-08-19 17:54:03 | INFO | epoch=007 train_batch=180/392 running_loss=0.084193
2026-08-19 17:54:03 | INFO | epoch=007 train_batch=190/392 running_loss=0.083767
2026-08-19 17:54:03 | INFO | epoch=007 train_batch=200/392 running_loss=0.083916
2026-08-19 17:54:04 | INFO | epoch=007 train_batch=210/392 running_loss=0.083984
2026-08-19 17:54:04 | INFO | epoch=007 train_batch=220/392 running_loss=0.083783
2026-08-19 17:54:04 | INFO | epoch=007 train_batch=230/392 running_loss=0.084056
2026-08-19 17:54:05 | INFO | epoch=007 train_batch=240/392 running_loss=0.083980
2026-08-19 17:54:05 | INFO | epoch=007 train_batch=250/392 running_loss=0.083929
2026-08-19 17:54:05 | INFO | epoch=007 train_batch=260/392 running_loss=0.083984
2026-08-19 17:54:05 | INFO | epoch=007 train_batch=270/392 running_loss=0.083857
2026-08-19 17:54:06 | INFO | epoch=007 train_batch=280/392 running_loss=0.083720
2026-08-19 17:54:06 | INFO | epoch=007 train_batch=290/392 running_loss=0.083893
2026-08-19 17:54:06 | INFO | epoch=007 train_batch=300/392 running_loss=0.083742
2026-08-19 17:54:06 | INFO | epoch=007 train_batch=310/392 running_loss=0.083750
2026-08-19 17:54:07 | INFO | epoch=007 train_batch=320/392 running_loss=0.083681
2026-08-19 17:54:07 | INFO | epoch=007 train_batch=330/392 running_loss=0.083595
2026-08-19 17:54:07 | INFO | epoch=007 train_batch=340/392 running_loss=0.083618
2026-08-19 17:54:08 | INFO | epoch=007 train_batch=350/392 running_loss=0.083503
2026-08-19 17:54:08 | INFO | epoch=007 train_batch=360/392 running_loss=0.083615
2026-08-19 17:54:08 | INFO | epoch=007 train_batch=370/392 running_loss=0.083490
2026-08-19 17:54:08 | INFO | epoch=007 train_batch=380/392 running_loss=0.083446
2026-08-19 17:54:09 | INFO | epoch=007 train_batch=390/392 running_loss=0.083261
2026-08-19 17:54:09 | INFO | epoch=007 train_batch=392/392 running_loss=0.083203
2026-08-19 17:54:10 | INFO | epoch=007 train_loss=0.083203 validation_loss=0.329501
2026-08-19 17:54:10 | INFO | epoch=007 saved new best.pt
2026-08-19 17:54:10 | INFO | epoch=008 train_batch=10/392 running_loss=0.079405
2026-08-19 17:54:10 | INFO | epoch=008 train_batch=20/392 running_loss=0.079368
2026-08-19 17:54:11 | INFO | epoch=008 train_batch=30/392 running_loss=0.079299
2026-08-19 17:54:11 | INFO | epoch=008 train_batch=40/392 running_loss=0.079589
2026-08-19 17:54:11 | INFO | epoch=008 train_batch=50/392 running_loss=0.079470
2026-08-19 17:54:11 | INFO | epoch=008 train_batch=60/392 running_loss=0.079420
2026-08-19 17:54:12 | INFO | epoch=008 train_batch=70/392 running_loss=0.079587
2026-08-19 17:54:12 | INFO | epoch=008 train_batch=80/392 running_loss=0.080190
2026-08-19 17:54:12 | INFO | epoch=008 train_batch=90/392 running_loss=0.079858
2026-08-19 17:54:13 | INFO | epoch=008 train_batch=100/392 running_loss=0.080273
2026-08-19 17:54:13 | INFO | epoch=008 train_batch=110/392 running_loss=0.080871
2026-08-19 17:54:13 | INFO | epoch=008 train_batch=120/392 running_loss=0.080790
2026-08-19 17:54:13 | INFO | epoch=008 train_batch=130/392 running_loss=0.080767
2026-08-19 17:54:14 | INFO | epoch=008 train_batch=140/392 running_loss=0.080867
2026-08-19 17:54:14 | INFO | epoch=008 train_batch=150/392 running_loss=0.080613
2026-08-19 17:54:14 | INFO | epoch=008 train_batch=160/392 running_loss=0.080986
2026-08-19 17:54:15 | INFO | epoch=008 train_batch=170/392 running_loss=0.081148
2026-08-19 17:54:15 | INFO | epoch=008 train_batch=180/392 running_loss=0.081032
2026-08-19 17:54:15 | INFO | epoch=008 train_batch=190/392 running_loss=0.080645
2026-08-19 17:54:15 | INFO | epoch=008 train_batch=200/392 running_loss=0.080668
2026-08-19 17:54:16 | INFO | epoch=008 train_batch=210/392 running_loss=0.080624
2026-08-19 17:54:16 | INFO | epoch=008 train_batch=220/392 running_loss=0.080350
2026-08-19 17:54:16 | INFO | epoch=008 train_batch=230/392 running_loss=0.080312
2026-08-19 17:54:17 | INFO | epoch=008 train_batch=240/392 running_loss=0.080388
2026-08-19 17:54:17 | INFO | epoch=008 train_batch=250/392 running_loss=0.080163
2026-08-19 17:54:17 | INFO | epoch=008 train_batch=260/392 running_loss=0.080091
2026-08-19 17:54:17 | INFO | epoch=008 train_batch=270/392 running_loss=0.080074
2026-08-19 17:54:18 | INFO | epoch=008 train_batch=280/392 running_loss=0.080053
2026-08-19 17:54:18 | INFO | epoch=008 train_batch=290/392 running_loss=0.079806
2026-08-19 17:54:18 | INFO | epoch=008 train_batch=300/392 running_loss=0.079739
2026-08-19 17:54:18 | INFO | epoch=008 train_batch=310/392 running_loss=0.079649
2026-08-19 17:54:19 | INFO | epoch=008 train_batch=320/392 running_loss=0.079596
2026-08-19 17:54:19 | INFO | epoch=008 train_batch=330/392 running_loss=0.079541
2026-08-19 17:54:19 | INFO | epoch=008 train_batch=340/392 running_loss=0.079460
2026-08-19 17:54:20 | INFO | epoch=008 train_batch=350/392 running_loss=0.079349
2026-08-19 17:54:20 | INFO | epoch=008 train_batch=360/392 running_loss=0.079203
2026-08-19 17:54:20 | INFO | epoch=008 train_batch=370/392 running_loss=0.079032
2026-08-19 17:54:20 | INFO | epoch=008 train_batch=380/392 running_loss=0.079018
2026-08-19 17:54:21 | INFO | epoch=008 train_batch=390/392 running_loss=0.078932
2026-08-19 17:54:21 | INFO | epoch=008 train_batch=392/392 running_loss=0.078948
2026-08-19 17:54:22 | INFO | epoch=008 train_loss=0.078948 validation_loss=0.307800
2026-08-19 17:54:22 | INFO | epoch=008 saved new best.pt
2026-08-19 17:54:22 | INFO | epoch=009 train_batch=10/392 running_loss=0.075738
2026-08-19 17:54:22 | INFO | epoch=009 train_batch=20/392 running_loss=0.074168
2026-08-19 17:54:22 | INFO | epoch=009 train_batch=30/392 running_loss=0.075251
2026-08-19 17:54:23 | INFO | epoch=009 train_batch=40/392 running_loss=0.074435
2026-08-19 17:54:23 | INFO | epoch=009 train_batch=50/392 running_loss=0.074757
2026-08-19 17:54:23 | INFO | epoch=009 train_batch=60/392 running_loss=0.075139
2026-08-19 17:54:24 | INFO | epoch=009 train_batch=70/392 running_loss=0.074378
2026-08-19 17:54:24 | INFO | epoch=009 train_batch=80/392 running_loss=0.074617
2026-08-19 17:54:24 | INFO | epoch=009 train_batch=90/392 running_loss=0.074318
2026-08-19 17:54:24 | INFO | epoch=009 train_batch=100/392 running_loss=0.074479
2026-08-19 17:54:25 | INFO | epoch=009 train_batch=110/392 running_loss=0.074555
2026-08-19 17:54:25 | INFO | epoch=009 train_batch=120/392 running_loss=0.074657
2026-08-19 17:54:25 | INFO | epoch=009 train_batch=130/392 running_loss=0.074487
2026-08-19 17:54:26 | INFO | epoch=009 train_batch=140/392 running_loss=0.074368
2026-08-19 17:54:26 | INFO | epoch=009 train_batch=150/392 running_loss=0.074522
2026-08-19 17:54:26 | INFO | epoch=009 train_batch=160/392 running_loss=0.074579
2026-08-19 17:54:26 | INFO | epoch=009 train_batch=170/392 running_loss=0.074300
2026-08-19 17:54:27 | INFO | epoch=009 train_batch=180/392 running_loss=0.074023
2026-08-19 17:54:27 | INFO | epoch=009 train_batch=190/392 running_loss=0.074087
2026-08-19 17:54:27 | INFO | epoch=009 train_batch=200/392 running_loss=0.074021
2026-08-19 17:54:28 | INFO | epoch=009 train_batch=210/392 running_loss=0.074308
2026-08-19 17:54:28 | INFO | epoch=009 train_batch=220/392 running_loss=0.074283
2026-08-19 17:54:28 | INFO | epoch=009 train_batch=230/392 running_loss=0.074290
2026-08-19 17:54:28 | INFO | epoch=009 train_batch=240/392 running_loss=0.074650
2026-08-19 17:54:29 | INFO | epoch=009 train_batch=250/392 running_loss=0.074796
2026-08-19 17:54:29 | INFO | epoch=009 train_batch=260/392 running_loss=0.074768
2026-08-19 17:54:29 | INFO | epoch=009 train_batch=270/392 running_loss=0.074825
2026-08-19 17:54:30 | INFO | epoch=009 train_batch=280/392 running_loss=0.074872
2026-08-19 17:54:30 | INFO | epoch=009 train_batch=290/392 running_loss=0.074836
2026-08-19 17:54:30 | INFO | epoch=009 train_batch=300/392 running_loss=0.074824
2026-08-19 17:54:30 | INFO | epoch=009 train_batch=310/392 running_loss=0.074819
2026-08-19 17:54:31 | INFO | epoch=009 train_batch=320/392 running_loss=0.074782
2026-08-19 17:54:31 | INFO | epoch=009 train_batch=330/392 running_loss=0.074753
2026-08-19 17:54:31 | INFO | epoch=009 train_batch=340/392 running_loss=0.074735
2026-08-19 17:54:32 | INFO | epoch=009 train_batch=350/392 running_loss=0.074651
2026-08-19 17:54:32 | INFO | epoch=009 train_batch=360/392 running_loss=0.074971
2026-08-19 17:54:32 | INFO | epoch=009 train_batch=370/392 running_loss=0.075046
2026-08-19 17:54:32 | INFO | epoch=009 train_batch=380/392 running_loss=0.074988
2026-08-19 17:54:33 | INFO | epoch=009 train_batch=390/392 running_loss=0.074919
2026-08-19 17:54:33 | INFO | epoch=009 train_batch=392/392 running_loss=0.074905
2026-08-19 17:54:33 | INFO | epoch=009 train_loss=0.074905 validation_loss=0.321628
2026-08-19 17:54:34 | INFO | epoch=010 train_batch=10/392 running_loss=0.067775
2026-08-19 17:54:34 | INFO | epoch=010 train_batch=20/392 running_loss=0.069019
2026-08-19 17:54:34 | INFO | epoch=010 train_batch=30/392 running_loss=0.067526
2026-08-19 17:54:35 | INFO | epoch=010 train_batch=40/392 running_loss=0.069121
2026-08-19 17:54:35 | INFO | epoch=010 train_batch=50/392 running_loss=0.069762
2026-08-19 17:54:35 | INFO | epoch=010 train_batch=60/392 running_loss=0.069787
2026-08-19 17:54:36 | INFO | epoch=010 train_batch=70/392 running_loss=0.069596
2026-08-19 17:54:36 | INFO | epoch=010 train_batch=80/392 running_loss=0.070741
2026-08-19 17:54:36 | INFO | epoch=010 train_batch=90/392 running_loss=0.070792
2026-08-19 17:54:36 | INFO | epoch=010 train_batch=100/392 running_loss=0.071461
2026-08-19 17:54:37 | INFO | epoch=010 train_batch=110/392 running_loss=0.071708
2026-08-19 17:54:37 | INFO | epoch=010 train_batch=120/392 running_loss=0.071445
2026-08-19 17:54:37 | INFO | epoch=010 train_batch=130/392 running_loss=0.071229
2026-08-19 17:54:38 | INFO | epoch=010 train_batch=140/392 running_loss=0.071610
2026-08-19 17:54:38 | INFO | epoch=010 train_batch=150/392 running_loss=0.071743
2026-08-19 17:54:38 | INFO | epoch=010 train_batch=160/392 running_loss=0.072064
2026-08-19 17:54:38 | INFO | epoch=010 train_batch=170/392 running_loss=0.072173
2026-08-19 17:54:39 | INFO | epoch=010 train_batch=180/392 running_loss=0.072261
2026-08-19 17:54:39 | INFO | epoch=010 train_batch=190/392 running_loss=0.072233
2026-08-19 17:54:39 | INFO | epoch=010 train_batch=200/392 running_loss=0.072275
2026-08-19 17:54:39 | INFO | epoch=010 train_batch=210/392 running_loss=0.072414
2026-08-19 17:54:40 | INFO | epoch=010 train_batch=220/392 running_loss=0.072408
2026-08-19 17:54:40 | INFO | epoch=010 train_batch=230/392 running_loss=0.072560
2026-08-19 17:54:40 | INFO | epoch=010 train_batch=240/392 running_loss=0.072453
2026-08-19 17:54:41 | INFO | epoch=010 train_batch=250/392 running_loss=0.072412
2026-08-19 17:54:41 | INFO | epoch=010 train_batch=260/392 running_loss=0.072282
2026-08-19 17:54:41 | INFO | epoch=010 train_batch=270/392 running_loss=0.072080
2026-08-19 17:54:41 | INFO | epoch=010 train_batch=280/392 running_loss=0.072256
2026-08-19 17:54:42 | INFO | epoch=010 train_batch=290/392 running_loss=0.072221
2026-08-19 17:54:42 | INFO | epoch=010 train_batch=300/392 running_loss=0.072225
2026-08-19 17:54:42 | INFO | epoch=010 train_batch=310/392 running_loss=0.072274
2026-08-19 17:54:43 | INFO | epoch=010 train_batch=320/392 running_loss=0.072204
2026-08-19 17:54:43 | INFO | epoch=010 train_batch=330/392 running_loss=0.072047
2026-08-19 17:54:43 | INFO | epoch=010 train_batch=340/392 running_loss=0.071842
2026-08-19 17:54:43 | INFO | epoch=010 train_batch=350/392 running_loss=0.071742
2026-08-19 17:54:44 | INFO | epoch=010 train_batch=360/392 running_loss=0.071834
2026-08-19 17:54:44 | INFO | epoch=010 train_batch=370/392 running_loss=0.071710
2026-08-19 17:54:44 | INFO | epoch=010 train_batch=380/392 running_loss=0.071768
2026-08-19 17:54:44 | INFO | epoch=010 train_batch=390/392 running_loss=0.071733
2026-08-19 17:54:45 | INFO | epoch=010 train_batch=392/392 running_loss=0.071759
2026-08-19 17:54:45 | INFO | epoch=010 train_loss=0.071759 validation_loss=0.307017
2026-08-19 17:54:45 | INFO | epoch=010 saved new best.pt
2026-08-19 17:54:46 | INFO | epoch=011 train_batch=10/392 running_loss=0.067273
2026-08-19 17:54:46 | INFO | epoch=011 train_batch=20/392 running_loss=0.065680
2026-08-19 17:54:46 | INFO | epoch=011 train_batch=30/392 running_loss=0.066758
2026-08-19 17:54:47 | INFO | epoch=011 train_batch=40/392 running_loss=0.066848
2026-08-19 17:54:47 | INFO | epoch=011 train_batch=50/392 running_loss=0.067322
2026-08-19 17:54:47 | INFO | epoch=011 train_batch=60/392 running_loss=0.067669
2026-08-19 17:54:47 | INFO | epoch=011 train_batch=70/392 running_loss=0.068245
2026-08-19 17:54:48 | INFO | epoch=011 train_batch=80/392 running_loss=0.068280
2026-08-19 17:54:48 | INFO | epoch=011 train_batch=90/392 running_loss=0.068262
2026-08-19 17:54:48 | INFO | epoch=011 train_batch=100/392 running_loss=0.068654
2026-08-19 17:54:49 | INFO | epoch=011 train_batch=110/392 running_loss=0.068415
2026-08-19 17:54:49 | INFO | epoch=011 train_batch=120/392 running_loss=0.068696
2026-08-19 17:54:49 | INFO | epoch=011 train_batch=130/392 running_loss=0.068886
2026-08-19 17:54:49 | INFO | epoch=011 train_batch=140/392 running_loss=0.069049
2026-08-19 17:54:50 | INFO | epoch=011 train_batch=150/392 running_loss=0.069272
2026-08-19 17:54:50 | INFO | epoch=011 train_batch=160/392 running_loss=0.069329
2026-08-19 17:54:50 | INFO | epoch=011 train_batch=170/392 running_loss=0.069034
2026-08-19 17:54:50 | INFO | epoch=011 train_batch=180/392 running_loss=0.069142
2026-08-19 17:54:51 | INFO | epoch=011 train_batch=190/392 running_loss=0.069359
2026-08-19 17:54:51 | INFO | epoch=011 train_batch=200/392 running_loss=0.069033
2026-08-19 17:54:51 | INFO | epoch=011 train_batch=210/392 running_loss=0.069264
2026-08-19 17:54:52 | INFO | epoch=011 train_batch=220/392 running_loss=0.069195
2026-08-19 17:54:52 | INFO | epoch=011 train_batch=230/392 running_loss=0.069122
2026-08-19 17:54:52 | INFO | epoch=011 train_batch=240/392 running_loss=0.069149
2026-08-19 17:54:53 | INFO | epoch=011 train_batch=250/392 running_loss=0.069336
2026-08-19 17:54:53 | INFO | epoch=011 train_batch=260/392 running_loss=0.069042
2026-08-19 17:54:53 | INFO | epoch=011 train_batch=270/392 running_loss=0.068947
2026-08-19 17:54:53 | INFO | epoch=011 train_batch=280/392 running_loss=0.069153
2026-08-19 17:54:54 | INFO | epoch=011 train_batch=290/392 running_loss=0.069250
2026-08-19 17:54:54 | INFO | epoch=011 train_batch=300/392 running_loss=0.069282
2026-08-19 17:54:54 | INFO | epoch=011 train_batch=310/392 running_loss=0.069210
2026-08-19 17:54:55 | INFO | epoch=011 train_batch=320/392 running_loss=0.069242
2026-08-19 17:54:55 | INFO | epoch=011 train_batch=330/392 running_loss=0.069319
2026-08-19 17:54:55 | INFO | epoch=011 train_batch=340/392 running_loss=0.069307
2026-08-19 17:54:55 | INFO | epoch=011 train_batch=350/392 running_loss=0.069209
2026-08-19 17:54:56 | INFO | epoch=011 train_batch=360/392 running_loss=0.069135
2026-08-19 17:54:56 | INFO | epoch=011 train_batch=370/392 running_loss=0.069068
2026-08-19 17:54:56 | INFO | epoch=011 train_batch=380/392 running_loss=0.069054
2026-08-19 17:54:56 | INFO | epoch=011 train_batch=390/392 running_loss=0.069167
2026-08-19 17:54:57 | INFO | epoch=011 train_batch=392/392 running_loss=0.069224
2026-08-19 17:54:57 | INFO | epoch=011 train_loss=0.069224 validation_loss=0.312881
2026-08-19 17:54:58 | INFO | epoch=012 train_batch=10/392 running_loss=0.066347
2026-08-19 17:54:58 | INFO | epoch=012 train_batch=20/392 running_loss=0.068283
2026-08-19 17:54:58 | INFO | epoch=012 train_batch=30/392 running_loss=0.067446
2026-08-19 17:54:59 | INFO | epoch=012 train_batch=40/392 running_loss=0.067613
2026-08-19 17:54:59 | INFO | epoch=012 train_batch=50/392 running_loss=0.068220
2026-08-19 17:54:59 | INFO | epoch=012 train_batch=60/392 running_loss=0.067569
2026-08-19 17:54:59 | INFO | epoch=012 train_batch=70/392 running_loss=0.067885
2026-08-19 17:55:00 | INFO | epoch=012 train_batch=80/392 running_loss=0.067560
2026-08-19 17:55:00 | INFO | epoch=012 train_batch=90/392 running_loss=0.067069
2026-08-19 17:55:00 | INFO | epoch=012 train_batch=100/392 running_loss=0.067380
2026-08-19 17:55:01 | INFO | epoch=012 train_batch=110/392 running_loss=0.067968
2026-08-19 17:55:01 | INFO | epoch=012 train_batch=120/392 running_loss=0.067869
2026-08-19 17:55:01 | INFO | epoch=012 train_batch=130/392 running_loss=0.067354
2026-08-19 17:55:01 | INFO | epoch=012 train_batch=140/392 running_loss=0.067621
2026-08-19 17:55:02 | INFO | epoch=012 train_batch=150/392 running_loss=0.067647
2026-08-19 17:55:02 | INFO | epoch=012 train_batch=160/392 running_loss=0.067477
2026-08-19 17:55:02 | INFO | epoch=012 train_batch=170/392 running_loss=0.067259
2026-08-19 17:55:03 | INFO | epoch=012 train_batch=180/392 running_loss=0.067341
2026-08-19 17:55:03 | INFO | epoch=012 train_batch=190/392 running_loss=0.067106
2026-08-19 17:55:03 | INFO | epoch=012 train_batch=200/392 running_loss=0.066973
2026-08-19 17:55:03 | INFO | epoch=012 train_batch=210/392 running_loss=0.067019
2026-08-19 17:55:04 | INFO | epoch=012 train_batch=220/392 running_loss=0.066956
2026-08-19 17:55:04 | INFO | epoch=012 train_batch=230/392 running_loss=0.067080
2026-08-19 17:55:04 | INFO | epoch=012 train_batch=240/392 running_loss=0.067146
2026-08-19 17:55:05 | INFO | epoch=012 train_batch=250/392 running_loss=0.067212
2026-08-19 17:55:05 | INFO | epoch=012 train_batch=260/392 running_loss=0.067013
2026-08-19 17:55:05 | INFO | epoch=012 train_batch=270/392 running_loss=0.066966
2026-08-19 17:55:05 | INFO | epoch=012 train_batch=280/392 running_loss=0.066826
2026-08-19 17:55:06 | INFO | epoch=012 train_batch=290/392 running_loss=0.066919
2026-08-19 17:55:06 | INFO | epoch=012 train_batch=300/392 running_loss=0.066877
2026-08-19 17:55:06 | INFO | epoch=012 train_batch=310/392 running_loss=0.066918
2026-08-19 17:55:07 | INFO | epoch=012 train_batch=320/392 running_loss=0.066820
2026-08-19 17:55:07 | INFO | epoch=012 train_batch=330/392 running_loss=0.066922
2026-08-19 17:55:07 | INFO | epoch=012 train_batch=340/392 running_loss=0.067061
2026-08-19 17:55:07 | INFO | epoch=012 train_batch=350/392 running_loss=0.067107
2026-08-19 17:55:08 | INFO | epoch=012 train_batch=360/392 running_loss=0.067092
2026-08-19 17:55:08 | INFO | epoch=012 train_batch=370/392 running_loss=0.067077
2026-08-19 17:55:08 | INFO | epoch=012 train_batch=380/392 running_loss=0.067089
2026-08-19 17:55:09 | INFO | epoch=012 train_batch=390/392 running_loss=0.067037
2026-08-19 17:55:09 | INFO | epoch=012 train_batch=392/392 running_loss=0.067083
2026-08-19 17:55:09 | INFO | epoch=012 train_loss=0.067083 validation_loss=0.301257
2026-08-19 17:55:09 | INFO | epoch=012 saved new best.pt
2026-08-19 17:55:10 | INFO | epoch=013 train_batch=10/392 running_loss=0.067619
2026-08-19 17:55:10 | INFO | epoch=013 train_batch=20/392 running_loss=0.065451
2026-08-19 17:55:10 | INFO | epoch=013 train_batch=30/392 running_loss=0.065515
2026-08-19 17:55:11 | INFO | epoch=013 train_batch=40/392 running_loss=0.065081
2026-08-19 17:55:11 | INFO | epoch=013 train_batch=50/392 running_loss=0.065783
2026-08-19 17:55:11 | INFO | epoch=013 train_batch=60/392 running_loss=0.065393
2026-08-19 17:55:11 | INFO | epoch=013 train_batch=70/392 running_loss=0.065608
2026-08-19 17:55:12 | INFO | epoch=013 train_batch=80/392 running_loss=0.065314
2026-08-19 17:55:12 | INFO | epoch=013 train_batch=90/392 running_loss=0.065745
2026-08-19 17:55:12 | INFO | epoch=013 train_batch=100/392 running_loss=0.066118
2026-08-19 17:55:13 | INFO | epoch=013 train_batch=110/392 running_loss=0.066059
2026-08-19 17:55:13 | INFO | epoch=013 train_batch=120/392 running_loss=0.066285
2026-08-19 17:55:13 | INFO | epoch=013 train_batch=130/392 running_loss=0.066029
2026-08-19 17:55:13 | INFO | epoch=013 train_batch=140/392 running_loss=0.065629
2026-08-19 17:55:14 | INFO | epoch=013 train_batch=150/392 running_loss=0.065489
2026-08-19 17:55:14 | INFO | epoch=013 train_batch=160/392 running_loss=0.065563
2026-08-19 17:55:14 | INFO | epoch=013 train_batch=170/392 running_loss=0.065375
2026-08-19 17:55:15 | INFO | epoch=013 train_batch=180/392 running_loss=0.065253
2026-08-19 17:55:15 | INFO | epoch=013 train_batch=190/392 running_loss=0.065062
2026-08-19 17:55:15 | INFO | epoch=013 train_batch=200/392 running_loss=0.065026
2026-08-19 17:55:15 | INFO | epoch=013 train_batch=210/392 running_loss=0.064825
2026-08-19 17:55:16 | INFO | epoch=013 train_batch=220/392 running_loss=0.064802
2026-08-19 17:55:16 | INFO | epoch=013 train_batch=230/392 running_loss=0.064922
2026-08-19 17:55:16 | INFO | epoch=013 train_batch=240/392 running_loss=0.064823
2026-08-19 17:55:17 | INFO | epoch=013 train_batch=250/392 running_loss=0.064985
2026-08-19 17:55:17 | INFO | epoch=013 train_batch=260/392 running_loss=0.064901
2026-08-19 17:55:17 | INFO | epoch=013 train_batch=270/392 running_loss=0.064873
2026-08-19 17:55:17 | INFO | epoch=013 train_batch=280/392 running_loss=0.064988
2026-08-19 17:55:18 | INFO | epoch=013 train_batch=290/392 running_loss=0.065198
2026-08-19 17:55:18 | INFO | epoch=013 train_batch=300/392 running_loss=0.065136
2026-08-19 17:55:18 | INFO | epoch=013 train_batch=310/392 running_loss=0.065122
2026-08-19 17:55:19 | INFO | epoch=013 train_batch=320/392 running_loss=0.064944
2026-08-19 17:55:19 | INFO | epoch=013 train_batch=330/392 running_loss=0.064855
2026-08-19 17:55:19 | INFO | epoch=013 train_batch=340/392 running_loss=0.064863
2026-08-19 17:55:19 | INFO | epoch=013 train_batch=350/392 running_loss=0.064899
2026-08-19 17:55:20 | INFO | epoch=013 train_batch=360/392 running_loss=0.064975
2026-08-19 17:55:20 | INFO | epoch=013 train_batch=370/392 running_loss=0.064890
2026-08-19 17:55:20 | INFO | epoch=013 train_batch=380/392 running_loss=0.064874
2026-08-19 17:55:21 | INFO | epoch=013 train_batch=390/392 running_loss=0.064905
2026-08-19 17:55:21 | INFO | epoch=013 train_batch=392/392 running_loss=0.064970
2026-08-19 17:55:21 | INFO | epoch=013 train_loss=0.064970 validation_loss=0.301018
2026-08-19 17:55:21 | INFO | epoch=013 saved new best.pt
2026-08-19 17:55:22 | INFO | epoch=014 train_batch=10/392 running_loss=0.057767
2026-08-19 17:55:22 | INFO | epoch=014 train_batch=20/392 running_loss=0.063831
2026-08-19 17:55:22 | INFO | epoch=014 train_batch=30/392 running_loss=0.062482
2026-08-19 17:55:23 | INFO | epoch=014 train_batch=40/392 running_loss=0.063086
2026-08-19 17:55:23 | INFO | epoch=014 train_batch=50/392 running_loss=0.062260
2026-08-19 17:55:23 | INFO | epoch=014 train_batch=60/392 running_loss=0.062519
2026-08-19 17:55:23 | INFO | epoch=014 train_batch=70/392 running_loss=0.062468
2026-08-19 17:55:24 | INFO | epoch=014 train_batch=80/392 running_loss=0.062308
2026-08-19 17:55:24 | INFO | epoch=014 train_batch=90/392 running_loss=0.062025
2026-08-19 17:55:24 | INFO | epoch=014 train_batch=100/392 running_loss=0.062005
2026-08-19 17:55:25 | INFO | epoch=014 train_batch=110/392 running_loss=0.062234
2026-08-19 17:55:25 | INFO | epoch=014 train_batch=120/392 running_loss=0.062044
2026-08-19 17:55:25 | INFO | epoch=014 train_batch=130/392 running_loss=0.062493
2026-08-19 17:55:25 | INFO | epoch=014 train_batch=140/392 running_loss=0.062516
2026-08-19 17:55:26 | INFO | epoch=014 train_batch=150/392 running_loss=0.062697
2026-08-19 17:55:26 | INFO | epoch=014 train_batch=160/392 running_loss=0.063060
2026-08-19 17:55:26 | INFO | epoch=014 train_batch=170/392 running_loss=0.063186
2026-08-19 17:55:27 | INFO | epoch=014 train_batch=180/392 running_loss=0.063298
2026-08-19 17:55:27 | INFO | epoch=014 train_batch=190/392 running_loss=0.063111
2026-08-19 17:55:27 | INFO | epoch=014 train_batch=200/392 running_loss=0.063013
2026-08-19 17:55:27 | INFO | epoch=014 train_batch=210/392 running_loss=0.062855
2026-08-19 17:55:28 | INFO | epoch=014 train_batch=220/392 running_loss=0.062856
2026-08-19 17:55:28 | INFO | epoch=014 train_batch=230/392 running_loss=0.063141
2026-08-19 17:55:28 | INFO | epoch=014 train_batch=240/392 running_loss=0.063072
2026-08-19 17:55:29 | INFO | epoch=014 train_batch=250/392 running_loss=0.063009
2026-08-19 17:55:29 | INFO | epoch=014 train_batch=260/392 running_loss=0.063273
2026-08-19 17:55:29 | INFO | epoch=014 train_batch=270/392 running_loss=0.063251
2026-08-19 17:55:29 | INFO | epoch=014 train_batch=280/392 running_loss=0.063211
2026-08-19 17:55:30 | INFO | epoch=014 train_batch=290/392 running_loss=0.063278
2026-08-19 17:55:30 | INFO | epoch=014 train_batch=300/392 running_loss=0.063235
2026-08-19 17:55:30 | INFO | epoch=014 train_batch=310/392 running_loss=0.063136
2026-08-19 17:55:31 | INFO | epoch=014 train_batch=320/392 running_loss=0.063184
2026-08-19 17:55:31 | INFO | epoch=014 train_batch=330/392 running_loss=0.063219
2026-08-19 17:55:31 | INFO | epoch=014 train_batch=340/392 running_loss=0.063231
2026-08-19 17:55:31 | INFO | epoch=014 train_batch=350/392 running_loss=0.063342
2026-08-19 17:55:32 | INFO | epoch=014 train_batch=360/392 running_loss=0.063297
2026-08-19 17:55:32 | INFO | epoch=014 train_batch=370/392 running_loss=0.063382
2026-08-19 17:55:32 | INFO | epoch=014 train_batch=380/392 running_loss=0.063343
2026-08-19 17:55:33 | INFO | epoch=014 train_batch=390/392 running_loss=0.063362
2026-08-19 17:55:33 | INFO | epoch=014 train_batch=392/392 running_loss=0.063460
2026-08-19 17:55:33 | INFO | epoch=014 train_loss=0.063460 validation_loss=0.296990
2026-08-19 17:55:34 | INFO | epoch=014 saved new best.pt
2026-08-19 17:55:34 | INFO | epoch=015 train_batch=10/392 running_loss=0.058237
2026-08-19 17:55:34 | INFO | epoch=015 train_batch=20/392 running_loss=0.059281
2026-08-19 17:55:34 | INFO | epoch=015 train_batch=30/392 running_loss=0.059448
2026-08-19 17:55:35 | INFO | epoch=015 train_batch=40/392 running_loss=0.060561
2026-08-19 17:55:35 | INFO | epoch=015 train_batch=50/392 running_loss=0.060349
2026-08-19 17:55:35 | INFO | epoch=015 train_batch=60/392 running_loss=0.060449
2026-08-19 17:55:36 | INFO | epoch=015 train_batch=70/392 running_loss=0.060945
2026-08-19 17:55:36 | INFO | epoch=015 train_batch=80/392 running_loss=0.061380
2026-08-19 17:55:36 | INFO | epoch=015 train_batch=90/392 running_loss=0.061759
2026-08-19 17:55:37 | INFO | epoch=015 train_batch=100/392 running_loss=0.061760
2026-08-19 17:55:37 | INFO | epoch=015 train_batch=110/392 running_loss=0.061748
2026-08-19 17:55:37 | INFO | epoch=015 train_batch=120/392 running_loss=0.061918
2026-08-19 17:55:38 | INFO | epoch=015 train_batch=130/392 running_loss=0.062051
2026-08-19 17:55:38 | INFO | epoch=015 train_batch=140/392 running_loss=0.061978
2026-08-19 17:55:38 | INFO | epoch=015 train_batch=150/392 running_loss=0.061861
2026-08-19 17:55:38 | INFO | epoch=015 train_batch=160/392 running_loss=0.061640
2026-08-19 17:55:39 | INFO | epoch=015 train_batch=170/392 running_loss=0.061646
2026-08-19 17:55:39 | INFO | epoch=015 train_batch=180/392 running_loss=0.061619
2026-08-19 17:55:39 | INFO | epoch=015 train_batch=190/392 running_loss=0.061595
2026-08-19 17:55:40 | INFO | epoch=015 train_batch=200/392 running_loss=0.061577
2026-08-19 17:55:40 | INFO | epoch=015 train_batch=210/392 running_loss=0.061942
2026-08-19 17:55:40 | INFO | epoch=015 train_batch=220/392 running_loss=0.061928
2026-08-19 17:55:41 | INFO | epoch=015 train_batch=230/392 running_loss=0.061880
2026-08-19 17:55:41 | INFO | epoch=015 train_batch=240/392 running_loss=0.061815
2026-08-19 17:55:41 | INFO | epoch=015 train_batch=250/392 running_loss=0.061998
2026-08-19 17:55:41 | INFO | epoch=015 train_batch=260/392 running_loss=0.061974
2026-08-19 17:55:42 | INFO | epoch=015 train_batch=270/392 running_loss=0.061997
2026-08-19 17:55:42 | INFO | epoch=015 train_batch=280/392 running_loss=0.062043
2026-08-19 17:55:42 | INFO | epoch=015 train_batch=290/392 running_loss=0.062092
2026-08-19 17:55:43 | INFO | epoch=015 train_batch=300/392 running_loss=0.061976
2026-08-19 17:55:43 | INFO | epoch=015 train_batch=310/392 running_loss=0.061905
2026-08-19 17:55:43 | INFO | epoch=015 train_batch=320/392 running_loss=0.061835
2026-08-19 17:55:44 | INFO | epoch=015 train_batch=330/392 running_loss=0.061951
2026-08-19 17:55:44 | INFO | epoch=015 train_batch=340/392 running_loss=0.061911
2026-08-19 17:55:44 | INFO | epoch=015 train_batch=350/392 running_loss=0.061906
2026-08-19 17:55:44 | INFO | epoch=015 train_batch=360/392 running_loss=0.061805
2026-08-19 17:55:45 | INFO | epoch=015 train_batch=370/392 running_loss=0.061798
2026-08-19 17:55:45 | INFO | epoch=015 train_batch=380/392 running_loss=0.061871
2026-08-19 17:55:45 | INFO | epoch=015 train_batch=390/392 running_loss=0.061890
2026-08-19 17:55:45 | INFO | epoch=015 train_batch=392/392 running_loss=0.061896
2026-08-19 17:55:46 | INFO | epoch=015 train_loss=0.061896 validation_loss=0.299481
2026-08-19 17:55:47 | INFO | epoch=016 train_batch=10/392 running_loss=0.060760
2026-08-19 17:55:47 | INFO | epoch=016 train_batch=20/392 running_loss=0.061813
2026-08-19 17:55:47 | INFO | epoch=016 train_batch=30/392 running_loss=0.062419
2026-08-19 17:55:48 | INFO | epoch=016 train_batch=40/392 running_loss=0.062144
2026-08-19 17:55:48 | INFO | epoch=016 train_batch=50/392 running_loss=0.061408
2026-08-19 17:55:48 | INFO | epoch=016 train_batch=60/392 running_loss=0.062026
2026-08-19 17:55:49 | INFO | epoch=016 train_batch=70/392 running_loss=0.062245
2026-08-19 17:55:49 | INFO | epoch=016 train_batch=80/392 running_loss=0.062153
2026-08-19 17:55:49 | INFO | epoch=016 train_batch=90/392 running_loss=0.061893
2026-08-19 17:55:49 | INFO | epoch=016 train_batch=100/392 running_loss=0.061911
2026-08-19 17:55:50 | INFO | epoch=016 train_batch=110/392 running_loss=0.061896
2026-08-19 17:55:50 | INFO | epoch=016 train_batch=120/392 running_loss=0.061669
2026-08-19 17:55:50 | INFO | epoch=016 train_batch=130/392 running_loss=0.061555
2026-08-19 17:55:51 | INFO | epoch=016 train_batch=140/392 running_loss=0.061739
2026-08-19 17:55:51 | INFO | epoch=016 train_batch=150/392 running_loss=0.061731
2026-08-19 17:55:51 | INFO | epoch=016 train_batch=160/392 running_loss=0.061372
2026-08-19 17:55:51 | INFO | epoch=016 train_batch=170/392 running_loss=0.061408
2026-08-19 17:55:52 | INFO | epoch=016 train_batch=180/392 running_loss=0.061363
2026-08-19 17:55:52 | INFO | epoch=016 train_batch=190/392 running_loss=0.061044
2026-08-19 17:55:52 | INFO | epoch=016 train_batch=200/392 running_loss=0.060845
2026-08-19 17:55:53 | INFO | epoch=016 train_batch=210/392 running_loss=0.060711
2026-08-19 17:55:53 | INFO | epoch=016 train_batch=220/392 running_loss=0.060683
2026-08-19 17:55:53 | INFO | epoch=016 train_batch=230/392 running_loss=0.060720
2026-08-19 17:55:54 | INFO | epoch=016 train_batch=240/392 running_loss=0.060697
2026-08-19 17:55:54 | INFO | epoch=016 train_batch=250/392 running_loss=0.060524
2026-08-19 17:55:54 | INFO | epoch=016 train_batch=260/392 running_loss=0.060621
2026-08-19 17:55:55 | INFO | epoch=016 train_batch=270/392 running_loss=0.060606
2026-08-19 17:55:55 | INFO | epoch=016 train_batch=280/392 running_loss=0.060622
2026-08-19 17:55:55 | INFO | epoch=016 train_batch=290/392 running_loss=0.060698
2026-08-19 17:55:55 | INFO | epoch=016 train_batch=300/392 running_loss=0.060655
2026-08-19 17:55:56 | INFO | epoch=016 train_batch=310/392 running_loss=0.060615
2026-08-19 17:55:56 | INFO | epoch=016 train_batch=320/392 running_loss=0.060605
2026-08-19 17:55:56 | INFO | epoch=016 train_batch=330/392 running_loss=0.060514
2026-08-19 17:55:57 | INFO | epoch=016 train_batch=340/392 running_loss=0.060684
2026-08-19 17:55:57 | INFO | epoch=016 train_batch=350/392 running_loss=0.060656
2026-08-19 17:55:57 | INFO | epoch=016 train_batch=360/392 running_loss=0.060718
2026-08-19 17:55:58 | INFO | epoch=016 train_batch=370/392 running_loss=0.060764
2026-08-19 17:55:58 | INFO | epoch=016 train_batch=380/392 running_loss=0.060683
2026-08-19 17:55:58 | INFO | epoch=016 train_batch=390/392 running_loss=0.060630
2026-08-19 17:55:58 | INFO | epoch=016 train_batch=392/392 running_loss=0.060617
2026-08-19 17:55:59 | INFO | epoch=016 train_loss=0.060617 validation_loss=0.296238
2026-08-19 17:55:59 | INFO | epoch=016 saved new best.pt
2026-08-19 17:56:00 | INFO | epoch=017 train_batch=10/392 running_loss=0.055690
2026-08-19 17:56:00 | INFO | epoch=017 train_batch=20/392 running_loss=0.059481
2026-08-19 17:56:00 | INFO | epoch=017 train_batch=30/392 running_loss=0.060106
2026-08-19 17:56:01 | INFO | epoch=017 train_batch=40/392 running_loss=0.060297
2026-08-19 17:56:01 | INFO | epoch=017 train_batch=50/392 running_loss=0.059409
2026-08-19 17:56:01 | INFO | epoch=017 train_batch=60/392 running_loss=0.059194
2026-08-19 17:56:01 | INFO | epoch=017 train_batch=70/392 running_loss=0.059212
2026-08-19 17:56:02 | INFO | epoch=017 train_batch=80/392 running_loss=0.058810
2026-08-19 17:56:02 | INFO | epoch=017 train_batch=90/392 running_loss=0.059146
2026-08-19 17:56:02 | INFO | epoch=017 train_batch=100/392 running_loss=0.059235
2026-08-19 17:56:03 | INFO | epoch=017 train_batch=110/392 running_loss=0.059259
2026-08-19 17:56:03 | INFO | epoch=017 train_batch=120/392 running_loss=0.059053
2026-08-19 17:56:03 | INFO | epoch=017 train_batch=130/392 running_loss=0.059116
2026-08-19 17:56:04 | INFO | epoch=017 train_batch=140/392 running_loss=0.059165
2026-08-19 17:56:04 | INFO | epoch=017 train_batch=150/392 running_loss=0.059090
2026-08-19 17:56:04 | INFO | epoch=017 train_batch=160/392 running_loss=0.058907
2026-08-19 17:56:04 | INFO | epoch=017 train_batch=170/392 running_loss=0.058851
2026-08-19 17:56:05 | INFO | epoch=017 train_batch=180/392 running_loss=0.058784
2026-08-19 17:56:05 | INFO | epoch=017 train_batch=190/392 running_loss=0.058899
2026-08-19 17:56:05 | INFO | epoch=017 train_batch=200/392 running_loss=0.059236
2026-08-19 17:56:06 | INFO | epoch=017 train_batch=210/392 running_loss=0.059204
2026-08-19 17:56:06 | INFO | epoch=017 train_batch=220/392 running_loss=0.059139
2026-08-19 17:56:06 | INFO | epoch=017 train_batch=230/392 running_loss=0.059282
2026-08-19 17:56:07 | INFO | epoch=017 train_batch=240/392 running_loss=0.059179
2026-08-19 17:56:07 | INFO | epoch=017 train_batch=250/392 running_loss=0.059232
2026-08-19 17:56:07 | INFO | epoch=017 train_batch=260/392 running_loss=0.059177
2026-08-19 17:56:07 | INFO | epoch=017 train_batch=270/392 running_loss=0.059232
2026-08-19 17:56:08 | INFO | epoch=017 train_batch=280/392 running_loss=0.059180
2026-08-19 17:56:08 | INFO | epoch=017 train_batch=290/392 running_loss=0.059325
2026-08-19 17:56:08 | INFO | epoch=017 train_batch=300/392 running_loss=0.059435
2026-08-19 17:56:09 | INFO | epoch=017 train_batch=310/392 running_loss=0.059507
2026-08-19 17:56:09 | INFO | epoch=017 train_batch=320/392 running_loss=0.059618
2026-08-19 17:56:09 | INFO | epoch=017 train_batch=330/392 running_loss=0.059585
2026-08-19 17:56:10 | INFO | epoch=017 train_batch=340/392 running_loss=0.059535
2026-08-19 17:56:10 | INFO | epoch=017 train_batch=350/392 running_loss=0.059487
2026-08-19 17:56:10 | INFO | epoch=017 train_batch=360/392 running_loss=0.059557
2026-08-19 17:56:10 | INFO | epoch=017 train_batch=370/392 running_loss=0.059445
2026-08-19 17:56:11 | INFO | epoch=017 train_batch=380/392 running_loss=0.059555
2026-08-19 17:56:11 | INFO | epoch=017 train_batch=390/392 running_loss=0.059501
2026-08-19 17:56:11 | INFO | epoch=017 train_batch=392/392 running_loss=0.059541
2026-08-19 17:56:12 | INFO | epoch=017 train_loss=0.059541 validation_loss=0.293977
2026-08-19 17:56:12 | INFO | epoch=017 saved new best.pt
2026-08-19 17:56:12 | INFO | epoch=018 train_batch=10/392 running_loss=0.059050
2026-08-19 17:56:13 | INFO | epoch=018 train_batch=20/392 running_loss=0.061060
2026-08-19 17:56:13 | INFO | epoch=018 train_batch=30/392 running_loss=0.059649
2026-08-19 17:56:13 | INFO | epoch=018 train_batch=40/392 running_loss=0.059885
2026-08-19 17:56:14 | INFO | epoch=018 train_batch=50/392 running_loss=0.059137
2026-08-19 17:56:14 | INFO | epoch=018 train_batch=60/392 running_loss=0.059330
2026-08-19 17:56:14 | INFO | epoch=018 train_batch=70/392 running_loss=0.059197
2026-08-19 17:56:15 | INFO | epoch=018 train_batch=80/392 running_loss=0.059134
2026-08-19 17:56:15 | INFO | epoch=018 train_batch=90/392 running_loss=0.059123
2026-08-19 17:56:15 | INFO | epoch=018 train_batch=100/392 running_loss=0.059287
2026-08-19 17:56:15 | INFO | epoch=018 train_batch=110/392 running_loss=0.059213
2026-08-19 17:56:16 | INFO | epoch=018 train_batch=120/392 running_loss=0.059372
2026-08-19 17:56:16 | INFO | epoch=018 train_batch=130/392 running_loss=0.059285
2026-08-19 17:56:16 | INFO | epoch=018 train_batch=140/392 running_loss=0.059610
2026-08-19 17:56:17 | INFO | epoch=018 train_batch=150/392 running_loss=0.059456
2026-08-19 17:56:17 | INFO | epoch=018 train_batch=160/392 running_loss=0.059585
2026-08-19 17:56:17 | INFO | epoch=018 train_batch=170/392 running_loss=0.059396
2026-08-19 17:56:18 | INFO | epoch=018 train_batch=180/392 running_loss=0.059337
2026-08-19 17:56:18 | INFO | epoch=018 train_batch=190/392 running_loss=0.059440
2026-08-19 17:56:18 | INFO | epoch=018 train_batch=200/392 running_loss=0.059213
2026-08-19 17:56:19 | INFO | epoch=018 train_batch=210/392 running_loss=0.059127
2026-08-19 17:56:19 | INFO | epoch=018 train_batch=220/392 running_loss=0.059008
2026-08-19 17:56:19 | INFO | epoch=018 train_batch=230/392 running_loss=0.058852
2026-08-19 17:56:19 | INFO | epoch=018 train_batch=240/392 running_loss=0.058733
2026-08-19 17:56:20 | INFO | epoch=018 train_batch=250/392 running_loss=0.058875
2026-08-19 17:56:20 | INFO | epoch=018 train_batch=260/392 running_loss=0.058976
2026-08-19 17:56:20 | INFO | epoch=018 train_batch=270/392 running_loss=0.058845
2026-08-19 17:56:21 | INFO | epoch=018 train_batch=280/392 running_loss=0.058768
2026-08-19 17:56:21 | INFO | epoch=018 train_batch=290/392 running_loss=0.058765
2026-08-19 17:56:21 | INFO | epoch=018 train_batch=300/392 running_loss=0.058693
2026-08-19 17:56:22 | INFO | epoch=018 train_batch=310/392 running_loss=0.058748
2026-08-19 17:56:22 | INFO | epoch=018 train_batch=320/392 running_loss=0.058614
2026-08-19 17:56:22 | INFO | epoch=018 train_batch=330/392 running_loss=0.058539
2026-08-19 17:56:22 | INFO | epoch=018 train_batch=340/392 running_loss=0.058641
2026-08-19 17:56:23 | INFO | epoch=018 train_batch=350/392 running_loss=0.058580
2026-08-19 17:56:23 | INFO | epoch=018 train_batch=360/392 running_loss=0.058712
2026-08-19 17:56:23 | INFO | epoch=018 train_batch=370/392 running_loss=0.058568
2026-08-19 17:56:24 | INFO | epoch=018 train_batch=380/392 running_loss=0.058603
2026-08-19 17:56:24 | INFO | epoch=018 train_batch=390/392 running_loss=0.058570
2026-08-19 17:56:24 | INFO | epoch=018 train_batch=392/392 running_loss=0.058528
2026-08-19 17:56:25 | INFO | epoch=018 train_loss=0.058528 validation_loss=0.297914
2026-08-19 17:56:25 | INFO | epoch=019 train_batch=10/392 running_loss=0.054843
2026-08-19 17:56:26 | INFO | epoch=019 train_batch=20/392 running_loss=0.059320
2026-08-19 17:56:26 | INFO | epoch=019 train_batch=30/392 running_loss=0.058620
2026-08-19 17:56:26 | INFO | epoch=019 train_batch=40/392 running_loss=0.058180
2026-08-19 17:56:26 | INFO | epoch=019 train_batch=50/392 running_loss=0.057955
2026-08-19 17:56:27 | INFO | epoch=019 train_batch=60/392 running_loss=0.058120
2026-08-19 17:56:27 | INFO | epoch=019 train_batch=70/392 running_loss=0.057516
2026-08-19 17:56:27 | INFO | epoch=019 train_batch=80/392 running_loss=0.057579
2026-08-19 17:56:28 | INFO | epoch=019 train_batch=90/392 running_loss=0.057901
2026-08-19 17:56:28 | INFO | epoch=019 train_batch=100/392 running_loss=0.057712
2026-08-19 17:56:28 | INFO | epoch=019 train_batch=110/392 running_loss=0.057638
2026-08-19 17:56:29 | INFO | epoch=019 train_batch=120/392 running_loss=0.057526
2026-08-19 17:56:29 | INFO | epoch=019 train_batch=130/392 running_loss=0.057869
2026-08-19 17:56:29 | INFO | epoch=019 train_batch=140/392 running_loss=0.057597
2026-08-19 17:56:30 | INFO | epoch=019 train_batch=150/392 running_loss=0.057665
2026-08-19 17:56:30 | INFO | epoch=019 train_batch=160/392 running_loss=0.057719
2026-08-19 17:56:30 | INFO | epoch=019 train_batch=170/392 running_loss=0.057845
2026-08-19 17:56:30 | INFO | epoch=019 train_batch=180/392 running_loss=0.057774
2026-08-19 17:56:31 | INFO | epoch=019 train_batch=190/392 running_loss=0.057704
2026-08-19 17:56:31 | INFO | epoch=019 train_batch=200/392 running_loss=0.057913
2026-08-19 17:56:31 | INFO | epoch=019 train_batch=210/392 running_loss=0.057970
2026-08-19 17:56:32 | INFO | epoch=019 train_batch=220/392 running_loss=0.057996
2026-08-19 17:56:32 | INFO | epoch=019 train_batch=230/392 running_loss=0.057768
2026-08-19 17:56:33 | INFO | epoch=019 train_batch=240/392 running_loss=0.057725
2026-08-19 17:56:33 | INFO | epoch=019 train_batch=250/392 running_loss=0.057739
2026-08-19 17:56:33 | INFO | epoch=019 train_batch=260/392 running_loss=0.057798
2026-08-19 17:56:34 | INFO | epoch=019 train_batch=270/392 running_loss=0.057624
2026-08-19 17:56:34 | INFO | epoch=019 train_batch=280/392 running_loss=0.057614
2026-08-19 17:56:34 | INFO | epoch=019 train_batch=290/392 running_loss=0.057663
2026-08-19 17:56:35 | INFO | epoch=019 train_batch=300/392 running_loss=0.057654
2026-08-19 17:56:35 | INFO | epoch=019 train_batch=310/392 running_loss=0.057800
2026-08-19 17:56:35 | INFO | epoch=019 train_batch=320/392 running_loss=0.057799
2026-08-19 17:56:36 | INFO | epoch=019 train_batch=330/392 running_loss=0.057912
2026-08-19 17:56:36 | INFO | epoch=019 train_batch=340/392 running_loss=0.057913
2026-08-19 17:56:36 | INFO | epoch=019 train_batch=350/392 running_loss=0.057939
2026-08-19 17:56:37 | INFO | epoch=019 train_batch=360/392 running_loss=0.057984
2026-08-19 17:56:37 | INFO | epoch=019 train_batch=370/392 running_loss=0.057868
2026-08-19 17:56:37 | INFO | epoch=019 train_batch=380/392 running_loss=0.057807
2026-08-19 17:56:38 | INFO | epoch=019 train_batch=390/392 running_loss=0.057739
2026-08-19 17:56:38 | INFO | epoch=019 train_batch=392/392 running_loss=0.057715
2026-08-19 17:56:39 | INFO | epoch=019 train_loss=0.057715 validation_loss=0.293239
2026-08-19 17:56:39 | INFO | epoch=019 saved new best.pt
2026-08-19 17:56:39 | INFO | epoch=020 train_batch=10/392 running_loss=0.056152
2026-08-19 17:56:40 | INFO | epoch=020 train_batch=20/392 running_loss=0.057954
2026-08-19 17:56:40 | INFO | epoch=020 train_batch=30/392 running_loss=0.059119
2026-08-19 17:56:40 | INFO | epoch=020 train_batch=40/392 running_loss=0.057609
2026-08-19 17:56:41 | INFO | epoch=020 train_batch=50/392 running_loss=0.057909
2026-08-19 17:56:41 | INFO | epoch=020 train_batch=60/392 running_loss=0.057466
2026-08-19 17:56:41 | INFO | epoch=020 train_batch=70/392 running_loss=0.057324
2026-08-19 17:56:42 | INFO | epoch=020 train_batch=80/392 running_loss=0.057033
2026-08-19 17:56:42 | INFO | epoch=020 train_batch=90/392 running_loss=0.057005
2026-08-19 17:56:42 | INFO | epoch=020 train_batch=100/392 running_loss=0.056878
2026-08-19 17:56:43 | INFO | epoch=020 train_batch=110/392 running_loss=0.056928
2026-08-19 17:56:43 | INFO | epoch=020 train_batch=120/392 running_loss=0.056702
2026-08-19 17:56:43 | INFO | epoch=020 train_batch=130/392 running_loss=0.056652
2026-08-19 17:56:44 | INFO | epoch=020 train_batch=140/392 running_loss=0.056434
2026-08-19 17:56:44 | INFO | epoch=020 train_batch=150/392 running_loss=0.056532
2026-08-19 17:56:44 | INFO | epoch=020 train_batch=160/392 running_loss=0.056265
2026-08-19 17:56:45 | INFO | epoch=020 train_batch=170/392 running_loss=0.056307
2026-08-19 17:56:45 | INFO | epoch=020 train_batch=180/392 running_loss=0.056266
2026-08-19 17:56:45 | INFO | epoch=020 train_batch=190/392 running_loss=0.056491
2026-08-19 17:56:46 | INFO | epoch=020 train_batch=200/392 running_loss=0.056583
2026-08-19 17:56:46 | INFO | epoch=020 train_batch=210/392 running_loss=0.056565
2026-08-19 17:56:46 | INFO | epoch=020 train_batch=220/392 running_loss=0.056643
2026-08-19 17:56:47 | INFO | epoch=020 train_batch=230/392 running_loss=0.056785
2026-08-19 17:56:47 | INFO | epoch=020 train_batch=240/392 running_loss=0.056718
2026-08-19 17:56:47 | INFO | epoch=020 train_batch=250/392 running_loss=0.056735
2026-08-19 17:56:48 | INFO | epoch=020 train_batch=260/392 running_loss=0.056615
2026-08-19 17:56:48 | INFO | epoch=020 train_batch=270/392 running_loss=0.056599
2026-08-19 17:56:48 | INFO | epoch=020 train_batch=280/392 running_loss=0.056622
2026-08-19 17:56:49 | INFO | epoch=020 train_batch=290/392 running_loss=0.056680
2026-08-19 17:56:49 | INFO | epoch=020 train_batch=300/392 running_loss=0.056693
2026-08-19 17:56:49 | INFO | epoch=020 train_batch=310/392 running_loss=0.056742
2026-08-19 17:56:50 | INFO | epoch=020 train_batch=320/392 running_loss=0.056726
2026-08-19 17:56:50 | INFO | epoch=020 train_batch=330/392 running_loss=0.056795
2026-08-19 17:56:50 | INFO | epoch=020 train_batch=340/392 running_loss=0.056956
2026-08-19 17:56:51 | INFO | epoch=020 train_batch=350/392 running_loss=0.056898
2026-08-19 17:56:51 | INFO | epoch=020 train_batch=360/392 running_loss=0.056910
2026-08-19 17:56:51 | INFO | epoch=020 train_batch=370/392 running_loss=0.056924
2026-08-19 17:56:51 | INFO | epoch=020 train_batch=380/392 running_loss=0.056943
2026-08-19 17:56:52 | INFO | epoch=020 train_batch=390/392 running_loss=0.056914
2026-08-19 17:56:52 | INFO | epoch=020 train_batch=392/392 running_loss=0.056847
2026-08-19 17:56:53 | INFO | epoch=020 train_loss=0.056847 validation_loss=0.297460
2026-08-19 17:56:53 | INFO | epoch=021 train_batch=10/392 running_loss=0.053432
2026-08-19 17:56:53 | INFO | epoch=021 train_batch=20/392 running_loss=0.052531
2026-08-19 17:56:54 | INFO | epoch=021 train_batch=30/392 running_loss=0.051916
2026-08-19 17:56:54 | INFO | epoch=021 train_batch=40/392 running_loss=0.053112
2026-08-19 17:56:54 | INFO | epoch=021 train_batch=50/392 running_loss=0.054002
2026-08-19 17:56:55 | INFO | epoch=021 train_batch=60/392 running_loss=0.054226
2026-08-19 17:56:55 | INFO | epoch=021 train_batch=70/392 running_loss=0.055018
2026-08-19 17:56:55 | INFO | epoch=021 train_batch=80/392 running_loss=0.055105
2026-08-19 17:56:55 | INFO | epoch=021 train_batch=90/392 running_loss=0.054879
2026-08-19 17:56:56 | INFO | epoch=021 train_batch=100/392 running_loss=0.054524
2026-08-19 17:56:56 | INFO | epoch=021 train_batch=110/392 running_loss=0.054941
2026-08-19 17:56:56 | INFO | epoch=021 train_batch=120/392 running_loss=0.054786
2026-08-19 17:56:57 | INFO | epoch=021 train_batch=130/392 running_loss=0.054844
2026-08-19 17:56:57 | INFO | epoch=021 train_batch=140/392 running_loss=0.054511
2026-08-19 17:56:57 | INFO | epoch=021 train_batch=150/392 running_loss=0.054602
2026-08-19 17:56:58 | INFO | epoch=021 train_batch=160/392 running_loss=0.054666
2026-08-19 17:56:58 | INFO | epoch=021 train_batch=170/392 running_loss=0.054737
2026-08-19 17:56:58 | INFO | epoch=021 train_batch=180/392 running_loss=0.054781
2026-08-19 17:56:59 | INFO | epoch=021 train_batch=190/392 running_loss=0.055015
2026-08-19 17:56:59 | INFO | epoch=021 train_batch=200/392 running_loss=0.054933
2026-08-19 17:56:59 | INFO | epoch=021 train_batch=210/392 running_loss=0.054789
2026-08-19 17:56:59 | INFO | epoch=021 train_batch=220/392 running_loss=0.054762
2026-08-19 17:57:00 | INFO | epoch=021 train_batch=230/392 running_loss=0.054985
2026-08-19 17:57:00 | INFO | epoch=021 train_batch=240/392 running_loss=0.054940
2026-08-19 17:57:00 | INFO | epoch=021 train_batch=250/392 running_loss=0.054889
2026-08-19 17:57:01 | INFO | epoch=021 train_batch=260/392 running_loss=0.055048
2026-08-19 17:57:01 | INFO | epoch=021 train_batch=270/392 running_loss=0.055139
2026-08-19 17:57:01 | INFO | epoch=021 train_batch=280/392 running_loss=0.055109
2026-08-19 17:57:02 | INFO | epoch=021 train_batch=290/392 running_loss=0.055220
2026-08-19 17:57:02 | INFO | epoch=021 train_batch=300/392 running_loss=0.055415
2026-08-19 17:57:02 | INFO | epoch=021 train_batch=310/392 running_loss=0.055484
2026-08-19 17:57:03 | INFO | epoch=021 train_batch=320/392 running_loss=0.055534
2026-08-19 17:57:03 | INFO | epoch=021 train_batch=330/392 running_loss=0.055501
2026-08-19 17:57:03 | INFO | epoch=021 train_batch=340/392 running_loss=0.055626
2026-08-19 17:57:04 | INFO | epoch=021 train_batch=350/392 running_loss=0.055648
2026-08-19 17:57:04 | INFO | epoch=021 train_batch=360/392 running_loss=0.055644
2026-08-19 17:57:05 | INFO | epoch=021 train_batch=370/392 running_loss=0.055740
2026-08-19 17:57:05 | INFO | epoch=021 train_batch=380/392 running_loss=0.055777
2026-08-19 17:57:05 | INFO | epoch=021 train_batch=390/392 running_loss=0.055806
2026-08-19 17:57:05 | INFO | epoch=021 train_batch=392/392 running_loss=0.055791
2026-08-19 17:57:06 | INFO | epoch=021 train_loss=0.055791 validation_loss=0.290588
2026-08-19 17:57:06 | INFO | epoch=021 saved new best.pt
2026-08-19 17:57:07 | INFO | epoch=022 train_batch=10/392 running_loss=0.057297
2026-08-19 17:57:07 | INFO | epoch=022 train_batch=20/392 running_loss=0.056466
2026-08-19 17:57:07 | INFO | epoch=022 train_batch=30/392 running_loss=0.056307
2026-08-19 17:57:08 | INFO | epoch=022 train_batch=40/392 running_loss=0.055787
2026-08-19 17:57:08 | INFO | epoch=022 train_batch=50/392 running_loss=0.055291
2026-08-19 17:57:08 | INFO | epoch=022 train_batch=60/392 running_loss=0.054673
2026-08-19 17:57:09 | INFO | epoch=022 train_batch=70/392 running_loss=0.055090
2026-08-19 17:57:09 | INFO | epoch=022 train_batch=80/392 running_loss=0.055033
2026-08-19 17:57:09 | INFO | epoch=022 train_batch=90/392 running_loss=0.055276
2026-08-19 17:57:10 | INFO | epoch=022 train_batch=100/392 running_loss=0.055730
2026-08-19 17:57:10 | INFO | epoch=022 train_batch=110/392 running_loss=0.055579
2026-08-19 17:57:10 | INFO | epoch=022 train_batch=120/392 running_loss=0.055508
2026-08-19 17:57:11 | INFO | epoch=022 train_batch=130/392 running_loss=0.055157
2026-08-19 17:57:11 | INFO | epoch=022 train_batch=140/392 running_loss=0.055096
2026-08-19 17:57:11 | INFO | epoch=022 train_batch=150/392 running_loss=0.055209
2026-08-19 17:57:12 | INFO | epoch=022 train_batch=160/392 running_loss=0.055275
2026-08-19 17:57:12 | INFO | epoch=022 train_batch=170/392 running_loss=0.055272
2026-08-19 17:57:12 | INFO | epoch=022 train_batch=180/392 running_loss=0.055376
2026-08-19 17:57:13 | INFO | epoch=022 train_batch=190/392 running_loss=0.055429
2026-08-19 17:57:13 | INFO | epoch=022 train_batch=200/392 running_loss=0.055478
2026-08-19 17:57:13 | INFO | epoch=022 train_batch=210/392 running_loss=0.055635
2026-08-19 17:57:14 | INFO | epoch=022 train_batch=220/392 running_loss=0.055710
2026-08-19 17:57:14 | INFO | epoch=022 train_batch=230/392 running_loss=0.055745
2026-08-19 17:57:14 | INFO | epoch=022 train_batch=240/392 running_loss=0.055654
2026-08-19 17:57:15 | INFO | epoch=022 train_batch=250/392 running_loss=0.055687
2026-08-19 17:57:15 | INFO | epoch=022 train_batch=260/392 running_loss=0.055635
2026-08-19 17:57:15 | INFO | epoch=022 train_batch=270/392 running_loss=0.055774
2026-08-19 17:57:16 | INFO | epoch=022 train_batch=280/392 running_loss=0.055708
2026-08-19 17:57:16 | INFO | epoch=022 train_batch=290/392 running_loss=0.055796
2026-08-19 17:57:16 | INFO | epoch=022 train_batch=300/392 running_loss=0.055748
2026-08-19 17:57:17 | INFO | epoch=022 train_batch=310/392 running_loss=0.055692
2026-08-19 17:57:17 | INFO | epoch=022 train_batch=320/392 running_loss=0.055688
2026-08-19 17:57:17 | INFO | epoch=022 train_batch=330/392 running_loss=0.055753
2026-08-19 17:57:18 | INFO | epoch=022 train_batch=340/392 running_loss=0.055757
2026-08-19 17:57:18 | INFO | epoch=022 train_batch=350/392 running_loss=0.055668
2026-08-19 17:57:18 | INFO | epoch=022 train_batch=360/392 running_loss=0.055558
2026-08-19 17:57:19 | INFO | epoch=022 train_batch=370/392 running_loss=0.055520
2026-08-19 17:57:19 | INFO | epoch=022 train_batch=380/392 running_loss=0.055455
2026-08-19 17:57:19 | INFO | epoch=022 train_batch=390/392 running_loss=0.055393
2026-08-19 17:57:19 | INFO | epoch=022 train_batch=392/392 running_loss=0.055360
2026-08-19 17:57:20 | INFO | epoch=022 train_loss=0.055360 validation_loss=0.294224
2026-08-19 17:57:20 | INFO | epoch=023 train_batch=10/392 running_loss=0.048292
2026-08-19 17:57:21 | INFO | epoch=023 train_batch=20/392 running_loss=0.052861
2026-08-19 17:57:21 | INFO | epoch=023 train_batch=30/392 running_loss=0.052834
2026-08-19 17:57:21 | INFO | epoch=023 train_batch=40/392 running_loss=0.052831
2026-08-19 17:57:22 | INFO | epoch=023 train_batch=50/392 running_loss=0.053411
2026-08-19 17:57:22 | INFO | epoch=023 train_batch=60/392 running_loss=0.053884
2026-08-19 17:57:22 | INFO | epoch=023 train_batch=70/392 running_loss=0.053641
2026-08-19 17:57:23 | INFO | epoch=023 train_batch=80/392 running_loss=0.053618
2026-08-19 17:57:23 | INFO | epoch=023 train_batch=90/392 running_loss=0.054089
2026-08-19 17:57:23 | INFO | epoch=023 train_batch=100/392 running_loss=0.053846
2026-08-19 17:57:23 | INFO | epoch=023 train_batch=110/392 running_loss=0.053604
2026-08-19 17:57:24 | INFO | epoch=023 train_batch=120/392 running_loss=0.053623
2026-08-19 17:57:24 | INFO | epoch=023 train_batch=130/392 running_loss=0.053922
2026-08-19 17:57:24 | INFO | epoch=023 train_batch=140/392 running_loss=0.053711
2026-08-19 17:57:25 | INFO | epoch=023 train_batch=150/392 running_loss=0.053992
2026-08-19 17:57:25 | INFO | epoch=023 train_batch=160/392 running_loss=0.054043
2026-08-19 17:57:25 | INFO | epoch=023 train_batch=170/392 running_loss=0.054027
2026-08-19 17:57:26 | INFO | epoch=023 train_batch=180/392 running_loss=0.053767
2026-08-19 17:57:26 | INFO | epoch=023 train_batch=190/392 running_loss=0.053864
2026-08-19 17:57:26 | INFO | epoch=023 train_batch=200/392 running_loss=0.054027
2026-08-19 17:57:27 | INFO | epoch=023 train_batch=210/392 running_loss=0.053945
2026-08-19 17:57:27 | INFO | epoch=023 train_batch=220/392 running_loss=0.054081
2026-08-19 17:57:27 | INFO | epoch=023 train_batch=230/392 running_loss=0.054014
2026-08-19 17:57:27 | INFO | epoch=023 train_batch=240/392 running_loss=0.054126
2026-08-19 17:57:28 | INFO | epoch=023 train_batch=250/392 running_loss=0.054065
2026-08-19 17:57:28 | INFO | epoch=023 train_batch=260/392 running_loss=0.054162
2026-08-19 17:57:28 | INFO | epoch=023 train_batch=270/392 running_loss=0.054156
2026-08-19 17:57:29 | INFO | epoch=023 train_batch=280/392 running_loss=0.054343
2026-08-19 17:57:29 | INFO | epoch=023 train_batch=290/392 running_loss=0.054412
2026-08-19 17:57:29 | INFO | epoch=023 train_batch=300/392 running_loss=0.054345
2026-08-19 17:57:30 | INFO | epoch=023 train_batch=310/392 running_loss=0.054513
2026-08-19 17:57:30 | INFO | epoch=023 train_batch=320/392 running_loss=0.054709
2026-08-19 17:57:30 | INFO | epoch=023 train_batch=330/392 running_loss=0.054727
2026-08-19 17:57:31 | INFO | epoch=023 train_batch=340/392 running_loss=0.054844
2026-08-19 17:57:31 | INFO | epoch=023 train_batch=350/392 running_loss=0.054725
2026-08-19 17:57:31 | INFO | epoch=023 train_batch=360/392 running_loss=0.054581
2026-08-19 17:57:31 | INFO | epoch=023 train_batch=370/392 running_loss=0.054632
2026-08-19 17:57:32 | INFO | epoch=023 train_batch=380/392 running_loss=0.054606
2026-08-19 17:57:32 | INFO | epoch=023 train_batch=390/392 running_loss=0.054657
2026-08-19 17:57:32 | INFO | epoch=023 train_batch=392/392 running_loss=0.054683
2026-08-19 17:57:33 | INFO | epoch=023 train_loss=0.054683 validation_loss=0.296465
2026-08-19 17:57:34 | INFO | epoch=024 train_batch=10/392 running_loss=0.054666
2026-08-19 17:57:34 | INFO | epoch=024 train_batch=20/392 running_loss=0.055769
2026-08-19 17:57:34 | INFO | epoch=024 train_batch=30/392 running_loss=0.055935
2026-08-19 17:57:34 | INFO | epoch=024 train_batch=40/392 running_loss=0.054807
2026-08-19 17:57:35 | INFO | epoch=024 train_batch=50/392 running_loss=0.054780
2026-08-19 17:57:35 | INFO | epoch=024 train_batch=60/392 running_loss=0.054501
2026-08-19 17:57:35 | INFO | epoch=024 train_batch=70/392 running_loss=0.054228
2026-08-19 17:57:36 | INFO | epoch=024 train_batch=80/392 running_loss=0.054165
2026-08-19 17:57:36 | INFO | epoch=024 train_batch=90/392 running_loss=0.053838
2026-08-19 17:57:36 | INFO | epoch=024 train_batch=100/392 running_loss=0.053946
2026-08-19 17:57:37 | INFO | epoch=024 train_batch=110/392 running_loss=0.053979
2026-08-19 17:57:37 | INFO | epoch=024 train_batch=120/392 running_loss=0.053657
2026-08-19 17:57:37 | INFO | epoch=024 train_batch=130/392 running_loss=0.053598
2026-08-19 17:57:37 | INFO | epoch=024 train_batch=140/392 running_loss=0.053507
2026-08-19 17:57:38 | INFO | epoch=024 train_batch=150/392 running_loss=0.053564
2026-08-19 17:57:38 | INFO | epoch=024 train_batch=160/392 running_loss=0.053382
2026-08-19 17:57:38 | INFO | epoch=024 train_batch=170/392 running_loss=0.053321
2026-08-19 17:57:39 | INFO | epoch=024 train_batch=180/392 running_loss=0.053436
2026-08-19 17:57:39 | INFO | epoch=024 train_batch=190/392 running_loss=0.053450
2026-08-19 17:57:39 | INFO | epoch=024 train_batch=200/392 running_loss=0.053217
2026-08-19 17:57:40 | INFO | epoch=024 train_batch=210/392 running_loss=0.053223
2026-08-19 17:57:40 | INFO | epoch=024 train_batch=220/392 running_loss=0.053119
2026-08-19 17:57:40 | INFO | epoch=024 train_batch=230/392 running_loss=0.053321
2026-08-19 17:57:41 | INFO | epoch=024 train_batch=240/392 running_loss=0.053151
2026-08-19 17:57:41 | INFO | epoch=024 train_batch=250/392 running_loss=0.053275
2026-08-19 17:57:41 | INFO | epoch=024 train_batch=260/392 running_loss=0.053345
2026-08-19 17:57:41 | INFO | epoch=024 train_batch=270/392 running_loss=0.053241
2026-08-19 17:57:42 | INFO | epoch=024 train_batch=280/392 running_loss=0.053349
2026-08-19 17:57:42 | INFO | epoch=024 train_batch=290/392 running_loss=0.053521
2026-08-19 17:57:42 | INFO | epoch=024 train_batch=300/392 running_loss=0.053587
2026-08-19 17:57:43 | INFO | epoch=024 train_batch=310/392 running_loss=0.053696
2026-08-19 17:57:43 | INFO | epoch=024 train_batch=320/392 running_loss=0.053688
2026-08-19 17:57:43 | INFO | epoch=024 train_batch=330/392 running_loss=0.053768
2026-08-19 17:57:44 | INFO | epoch=024 train_batch=340/392 running_loss=0.053756
2026-08-19 17:57:44 | INFO | epoch=024 train_batch=350/392 running_loss=0.053801
2026-08-19 17:57:44 | INFO | epoch=024 train_batch=360/392 running_loss=0.054009
2026-08-19 17:57:44 | INFO | epoch=024 train_batch=370/392 running_loss=0.054166
2026-08-19 17:57:45 | INFO | epoch=024 train_batch=380/392 running_loss=0.054099
2026-08-19 17:57:45 | INFO | epoch=024 train_batch=390/392 running_loss=0.054076
2026-08-19 17:57:45 | INFO | epoch=024 train_batch=392/392 running_loss=0.054056
2026-08-19 17:57:46 | INFO | epoch=024 train_loss=0.054056 validation_loss=0.285579
2026-08-19 17:57:46 | INFO | epoch=024 saved new best.pt
2026-08-19 17:57:46 | INFO | epoch=025 train_batch=10/392 running_loss=0.057150
2026-08-19 17:57:47 | INFO | epoch=025 train_batch=20/392 running_loss=0.053893
2026-08-19 17:57:47 | INFO | epoch=025 train_batch=30/392 running_loss=0.052852
2026-08-19 17:57:47 | INFO | epoch=025 train_batch=40/392 running_loss=0.054217
2026-08-19 17:57:48 | INFO | epoch=025 train_batch=50/392 running_loss=0.054145
2026-08-19 17:57:48 | INFO | epoch=025 train_batch=60/392 running_loss=0.053695
2026-08-19 17:57:48 | INFO | epoch=025 train_batch=70/392 running_loss=0.053400
2026-08-19 17:57:49 | INFO | epoch=025 train_batch=80/392 running_loss=0.053492
2026-08-19 17:57:49 | INFO | epoch=025 train_batch=90/392 running_loss=0.053223
2026-08-19 17:57:49 | INFO | epoch=025 train_batch=100/392 running_loss=0.053474
2026-08-19 17:57:49 | INFO | epoch=025 train_batch=110/392 running_loss=0.053631
2026-08-19 17:57:50 | INFO | epoch=025 train_batch=120/392 running_loss=0.053617
2026-08-19 17:57:50 | INFO | epoch=025 train_batch=130/392 running_loss=0.053770
2026-08-19 17:57:50 | INFO | epoch=025 train_batch=140/392 running_loss=0.053691
2026-08-19 17:57:51 | INFO | epoch=025 train_batch=150/392 running_loss=0.053940
2026-08-19 17:57:51 | INFO | epoch=025 train_batch=160/392 running_loss=0.053950
2026-08-19 17:57:51 | INFO | epoch=025 train_batch=170/392 running_loss=0.053930
2026-08-19 17:57:52 | INFO | epoch=025 train_batch=180/392 running_loss=0.053872
2026-08-19 17:57:52 | INFO | epoch=025 train_batch=190/392 running_loss=0.053820
2026-08-19 17:57:52 | INFO | epoch=025 train_batch=200/392 running_loss=0.053765
2026-08-19 17:57:52 | INFO | epoch=025 train_batch=210/392 running_loss=0.053795
2026-08-19 17:57:53 | INFO | epoch=025 train_batch=220/392 running_loss=0.053715
2026-08-19 17:57:53 | INFO | epoch=025 train_batch=230/392 running_loss=0.053639
2026-08-19 17:57:53 | INFO | epoch=025 train_batch=240/392 running_loss=0.053816
2026-08-19 17:57:54 | INFO | epoch=025 train_batch=250/392 running_loss=0.053839
2026-08-19 17:57:54 | INFO | epoch=025 train_batch=260/392 running_loss=0.053820
2026-08-19 17:57:54 | INFO | epoch=025 train_batch=270/392 running_loss=0.053829
2026-08-19 17:57:55 | INFO | epoch=025 train_batch=280/392 running_loss=0.053853
2026-08-19 17:57:55 | INFO | epoch=025 train_batch=290/392 running_loss=0.053838
2026-08-19 17:57:55 | INFO | epoch=025 train_batch=300/392 running_loss=0.053839
2026-08-19 17:57:55 | INFO | epoch=025 train_batch=310/392 running_loss=0.053739
2026-08-19 17:57:56 | INFO | epoch=025 train_batch=320/392 running_loss=0.053765
2026-08-19 17:57:56 | INFO | epoch=025 train_batch=330/392 running_loss=0.053741
2026-08-19 17:57:56 | INFO | epoch=025 train_batch=340/392 running_loss=0.053703
2026-08-19 17:57:57 | INFO | epoch=025 train_batch=350/392 running_loss=0.053706
2026-08-19 17:57:57 | INFO | epoch=025 train_batch=360/392 running_loss=0.053861
2026-08-19 17:57:57 | INFO | epoch=025 train_batch=370/392 running_loss=0.053915
2026-08-19 17:57:58 | INFO | epoch=025 train_batch=380/392 running_loss=0.053900
2026-08-19 17:57:58 | INFO | epoch=025 train_batch=390/392 running_loss=0.053912
2026-08-19 17:57:58 | INFO | epoch=025 train_batch=392/392 running_loss=0.053958
2026-08-19 17:57:59 | INFO | epoch=025 train_loss=0.053958 validation_loss=0.287466
2026-08-19 17:57:59 | INFO | epoch=026 train_batch=10/392 running_loss=0.051809
2026-08-19 17:57:59 | INFO | epoch=026 train_batch=20/392 running_loss=0.053593
2026-08-19 17:58:00 | INFO | epoch=026 train_batch=30/392 running_loss=0.053696
2026-08-19 17:58:00 | INFO | epoch=026 train_batch=40/392 running_loss=0.052808
2026-08-19 17:58:00 | INFO | epoch=026 train_batch=50/392 running_loss=0.052554
2026-08-19 17:58:01 | INFO | epoch=026 train_batch=60/392 running_loss=0.052247
2026-08-19 17:58:01 | INFO | epoch=026 train_batch=70/392 running_loss=0.052166
2026-08-19 17:58:01 | INFO | epoch=026 train_batch=80/392 running_loss=0.051805
2026-08-19 17:58:02 | INFO | epoch=026 train_batch=90/392 running_loss=0.051738
2026-08-19 17:58:02 | INFO | epoch=026 train_batch=100/392 running_loss=0.051530
2026-08-19 17:58:02 | INFO | epoch=026 train_batch=110/392 running_loss=0.051581
2026-08-19 17:58:03 | INFO | epoch=026 train_batch=120/392 running_loss=0.051813
2026-08-19 17:58:03 | INFO | epoch=026 train_batch=130/392 running_loss=0.051819
2026-08-19 17:58:03 | INFO | epoch=026 train_batch=140/392 running_loss=0.051836
2026-08-19 17:58:03 | INFO | epoch=026 train_batch=150/392 running_loss=0.051691
2026-08-19 17:58:04 | INFO | epoch=026 train_batch=160/392 running_loss=0.051656
2026-08-19 17:58:04 | INFO | epoch=026 train_batch=170/392 running_loss=0.051779
2026-08-19 17:58:04 | INFO | epoch=026 train_batch=180/392 running_loss=0.051736
2026-08-19 17:58:05 | INFO | epoch=026 train_batch=190/392 running_loss=0.052090
2026-08-19 17:58:05 | INFO | epoch=026 train_batch=200/392 running_loss=0.052141
2026-08-19 17:58:05 | INFO | epoch=026 train_batch=210/392 running_loss=0.052224
2026-08-19 17:58:06 | INFO | epoch=026 train_batch=220/392 running_loss=0.052560
2026-08-19 17:58:06 | INFO | epoch=026 train_batch=230/392 running_loss=0.052599
2026-08-19 17:58:06 | INFO | epoch=026 train_batch=240/392 running_loss=0.052555
2026-08-19 17:58:06 | INFO | epoch=026 train_batch=250/392 running_loss=0.052560
2026-08-19 17:58:07 | INFO | epoch=026 train_batch=260/392 running_loss=0.052690
2026-08-19 17:58:07 | INFO | epoch=026 train_batch=270/392 running_loss=0.052662
2026-08-19 17:58:07 | INFO | epoch=026 train_batch=280/392 running_loss=0.052832
2026-08-19 17:58:08 | INFO | epoch=026 train_batch=290/392 running_loss=0.052807
2026-08-19 17:58:08 | INFO | epoch=026 train_batch=300/392 running_loss=0.052978
2026-08-19 17:58:08 | INFO | epoch=026 train_batch=310/392 running_loss=0.053010
2026-08-19 17:58:09 | INFO | epoch=026 train_batch=320/392 running_loss=0.053056
2026-08-19 17:58:09 | INFO | epoch=026 train_batch=330/392 running_loss=0.053020
2026-08-19 17:58:09 | INFO | epoch=026 train_batch=340/392 running_loss=0.053040
2026-08-19 17:58:09 | INFO | epoch=026 train_batch=350/392 running_loss=0.052987
2026-08-19 17:58:10 | INFO | epoch=026 train_batch=360/392 running_loss=0.053025
2026-08-19 17:58:10 | INFO | epoch=026 train_batch=370/392 running_loss=0.052985
2026-08-19 17:58:10 | INFO | epoch=026 train_batch=380/392 running_loss=0.052945
2026-08-19 17:58:11 | INFO | epoch=026 train_batch=390/392 running_loss=0.052933
2026-08-19 17:58:11 | INFO | epoch=026 train_batch=392/392 running_loss=0.052927
2026-08-19 17:58:12 | INFO | epoch=026 train_loss=0.052927 validation_loss=0.287094
2026-08-19 17:58:12 | INFO | epoch=027 train_batch=10/392 running_loss=0.052616
2026-08-19 17:58:12 | INFO | epoch=027 train_batch=20/392 running_loss=0.051580
2026-08-19 17:58:13 | INFO | epoch=027 train_batch=30/392 running_loss=0.052470
2026-08-19 17:58:13 | INFO | epoch=027 train_batch=40/392 running_loss=0.052694
2026-08-19 17:58:13 | INFO | epoch=027 train_batch=50/392 running_loss=0.052276
2026-08-19 17:58:14 | INFO | epoch=027 train_batch=60/392 running_loss=0.052435
2026-08-19 17:58:14 | INFO | epoch=027 train_batch=70/392 running_loss=0.052223
2026-08-19 17:58:14 | INFO | epoch=027 train_batch=80/392 running_loss=0.052289
2026-08-19 17:58:14 | INFO | epoch=027 train_batch=90/392 running_loss=0.051859
2026-08-19 17:58:15 | INFO | epoch=027 train_batch=100/392 running_loss=0.051992
2026-08-19 17:58:15 | INFO | epoch=027 train_batch=110/392 running_loss=0.051908
2026-08-19 17:58:15 | INFO | epoch=027 train_batch=120/392 running_loss=0.052107
2026-08-19 17:58:16 | INFO | epoch=027 train_batch=130/392 running_loss=0.052346
2026-08-19 17:58:16 | INFO | epoch=027 train_batch=140/392 running_loss=0.052313
2026-08-19 17:58:16 | INFO | epoch=027 train_batch=150/392 running_loss=0.052252
2026-08-19 17:58:17 | INFO | epoch=027 train_batch=160/392 running_loss=0.051978
2026-08-19 17:58:17 | INFO | epoch=027 train_batch=170/392 running_loss=0.052012
2026-08-19 17:58:17 | INFO | epoch=027 train_batch=180/392 running_loss=0.051913
2026-08-19 17:58:18 | INFO | epoch=027 train_batch=190/392 running_loss=0.051936
2026-08-19 17:58:18 | INFO | epoch=027 train_batch=200/392 running_loss=0.052109
2026-08-19 17:58:18 | INFO | epoch=027 train_batch=210/392 running_loss=0.052343
2026-08-19 17:58:18 | INFO | epoch=027 train_batch=220/392 running_loss=0.052322
2026-08-19 17:58:19 | INFO | epoch=027 train_batch=230/392 running_loss=0.052307
2026-08-19 17:58:19 | INFO | epoch=027 train_batch=240/392 running_loss=0.052248
2026-08-19 17:58:19 | INFO | epoch=027 train_batch=250/392 running_loss=0.052374
2026-08-19 17:58:20 | INFO | epoch=027 train_batch=260/392 running_loss=0.052454
2026-08-19 17:58:20 | INFO | epoch=027 train_batch=270/392 running_loss=0.052541
2026-08-19 17:58:20 | INFO | epoch=027 train_batch=280/392 running_loss=0.052622
2026-08-19 17:58:21 | INFO | epoch=027 train_batch=290/392 running_loss=0.052719
2026-08-19 17:58:21 | INFO | epoch=027 train_batch=300/392 running_loss=0.052721
2026-08-19 17:58:21 | INFO | epoch=027 train_batch=310/392 running_loss=0.052813
2026-08-19 17:58:22 | INFO | epoch=027 train_batch=320/392 running_loss=0.052890
2026-08-19 17:58:22 | INFO | epoch=027 train_batch=330/392 running_loss=0.052987
2026-08-19 17:58:22 | INFO | epoch=027 train_batch=340/392 running_loss=0.052994
2026-08-19 17:58:22 | INFO | epoch=027 train_batch=350/392 running_loss=0.052915
2026-08-19 17:58:23 | INFO | epoch=027 train_batch=360/392 running_loss=0.052926
2026-08-19 17:58:23 | INFO | epoch=027 train_batch=370/392 running_loss=0.052856
2026-08-19 17:58:23 | INFO | epoch=027 train_batch=380/392 running_loss=0.052865
2026-08-19 17:58:24 | INFO | epoch=027 train_batch=390/392 running_loss=0.052858
2026-08-19 17:58:24 | INFO | epoch=027 train_batch=392/392 running_loss=0.052864
2026-08-19 17:58:25 | INFO | epoch=027 train_loss=0.052864 validation_loss=0.286399
2026-08-19 17:58:25 | INFO | epoch=028 train_batch=10/392 running_loss=0.053894
2026-08-19 17:58:25 | INFO | epoch=028 train_batch=20/392 running_loss=0.053975
2026-08-19 17:58:26 | INFO | epoch=028 train_batch=30/392 running_loss=0.053631
2026-08-19 17:58:26 | INFO | epoch=028 train_batch=40/392 running_loss=0.053258
2026-08-19 17:58:26 | INFO | epoch=028 train_batch=50/392 running_loss=0.053190
2026-08-19 17:58:26 | INFO | epoch=028 train_batch=60/392 running_loss=0.052904
2026-08-19 17:58:27 | INFO | epoch=028 train_batch=70/392 running_loss=0.052842
2026-08-19 17:58:27 | INFO | epoch=028 train_batch=80/392 running_loss=0.052744
2026-08-19 17:58:27 | INFO | epoch=028 train_batch=90/392 running_loss=0.052512
2026-08-19 17:58:28 | INFO | epoch=028 train_batch=100/392 running_loss=0.052537
2026-08-19 17:58:28 | INFO | epoch=028 train_batch=110/392 running_loss=0.052368
2026-08-19 17:58:28 | INFO | epoch=028 train_batch=120/392 running_loss=0.052140
2026-08-19 17:58:29 | INFO | epoch=028 train_batch=130/392 running_loss=0.052103
2026-08-19 17:58:29 | INFO | epoch=028 train_batch=140/392 running_loss=0.052028
2026-08-19 17:58:29 | INFO | epoch=028 train_batch=150/392 running_loss=0.051969
2026-08-19 17:58:29 | INFO | epoch=028 train_batch=160/392 running_loss=0.052020
2026-08-19 17:58:30 | INFO | epoch=028 train_batch=170/392 running_loss=0.052046
2026-08-19 17:58:30 | INFO | epoch=028 train_batch=180/392 running_loss=0.051981
2026-08-19 17:58:30 | INFO | epoch=028 train_batch=190/392 running_loss=0.052184
2026-08-19 17:58:31 | INFO | epoch=028 train_batch=200/392 running_loss=0.052082
2026-08-19 17:58:31 | INFO | epoch=028 train_batch=210/392 running_loss=0.051942
2026-08-19 17:58:31 | INFO | epoch=028 train_batch=220/392 running_loss=0.051977
2026-08-19 17:58:32 | INFO | epoch=028 train_batch=230/392 running_loss=0.051868
2026-08-19 17:58:32 | INFO | epoch=028 train_batch=240/392 running_loss=0.051845
2026-08-19 17:58:32 | INFO | epoch=028 train_batch=250/392 running_loss=0.051740
2026-08-19 17:58:33 | INFO | epoch=028 train_batch=260/392 running_loss=0.051742
2026-08-19 17:58:33 | INFO | epoch=028 train_batch=270/392 running_loss=0.051860
2026-08-19 17:58:33 | INFO | epoch=028 train_batch=280/392 running_loss=0.051686
2026-08-19 17:58:33 | INFO | epoch=028 train_batch=290/392 running_loss=0.051653
2026-08-19 17:58:34 | INFO | epoch=028 train_batch=300/392 running_loss=0.051624
2026-08-19 17:58:34 | INFO | epoch=028 train_batch=310/392 running_loss=0.051704
2026-08-19 17:58:34 | INFO | epoch=028 train_batch=320/392 running_loss=0.051751
2026-08-19 17:58:35 | INFO | epoch=028 train_batch=330/392 running_loss=0.051810
2026-08-19 17:58:35 | INFO | epoch=028 train_batch=340/392 running_loss=0.051959
2026-08-19 17:58:35 | INFO | epoch=028 train_batch=350/392 running_loss=0.051932
2026-08-19 17:58:35 | INFO | epoch=028 train_batch=360/392 running_loss=0.052021
2026-08-19 17:58:36 | INFO | epoch=028 train_batch=370/392 running_loss=0.052075
2026-08-19 17:58:36 | INFO | epoch=028 train_batch=380/392 running_loss=0.052156
2026-08-19 17:58:36 | INFO | epoch=028 train_batch=390/392 running_loss=0.052210
2026-08-19 17:58:36 | INFO | epoch=028 train_batch=392/392 running_loss=0.052185
2026-08-19 17:58:37 | INFO | epoch=028 train_loss=0.052185 validation_loss=0.287261
2026-08-19 17:58:38 | INFO | epoch=029 train_batch=10/392 running_loss=0.050184
2026-08-19 17:58:38 | INFO | epoch=029 train_batch=20/392 running_loss=0.048814
2026-08-19 17:58:38 | INFO | epoch=029 train_batch=30/392 running_loss=0.049490
2026-08-19 17:58:39 | INFO | epoch=029 train_batch=40/392 running_loss=0.050505
2026-08-19 17:58:39 | INFO | epoch=029 train_batch=50/392 running_loss=0.051742
2026-08-19 17:58:39 | INFO | epoch=029 train_batch=60/392 running_loss=0.052313
2026-08-19 17:58:39 | INFO | epoch=029 train_batch=70/392 running_loss=0.052238
2026-08-19 17:58:40 | INFO | epoch=029 train_batch=80/392 running_loss=0.052122
2026-08-19 17:58:40 | INFO | epoch=029 train_batch=90/392 running_loss=0.052291
2026-08-19 17:58:40 | INFO | epoch=029 train_batch=100/392 running_loss=0.052200
2026-08-19 17:58:41 | INFO | epoch=029 train_batch=110/392 running_loss=0.052116
2026-08-19 17:58:41 | INFO | epoch=029 train_batch=120/392 running_loss=0.051861
2026-08-19 17:58:41 | INFO | epoch=029 train_batch=130/392 running_loss=0.051696
2026-08-19 17:58:42 | INFO | epoch=029 train_batch=140/392 running_loss=0.051666
2026-08-19 17:58:42 | INFO | epoch=029 train_batch=150/392 running_loss=0.051572
2026-08-19 17:58:42 | INFO | epoch=029 train_batch=160/392 running_loss=0.051285
2026-08-19 17:58:42 | INFO | epoch=029 train_batch=170/392 running_loss=0.051198
2026-08-19 17:58:43 | INFO | epoch=029 train_batch=180/392 running_loss=0.051214
2026-08-19 17:58:43 | INFO | epoch=029 train_batch=190/392 running_loss=0.051083
2026-08-19 17:58:43 | INFO | epoch=029 train_batch=200/392 running_loss=0.051031
2026-08-19 17:58:44 | INFO | epoch=029 train_batch=210/392 running_loss=0.050836
2026-08-19 17:58:44 | INFO | epoch=029 train_batch=220/392 running_loss=0.050799
2026-08-19 17:58:44 | INFO | epoch=029 train_batch=230/392 running_loss=0.050680
2026-08-19 17:58:45 | INFO | epoch=029 train_batch=240/392 running_loss=0.050878
2026-08-19 17:58:45 | INFO | epoch=029 train_batch=250/392 running_loss=0.050920
2026-08-19 17:58:45 | INFO | epoch=029 train_batch=260/392 running_loss=0.051033
2026-08-19 17:58:45 | INFO | epoch=029 train_batch=270/392 running_loss=0.051271
2026-08-19 17:58:46 | INFO | epoch=029 train_batch=280/392 running_loss=0.051296
2026-08-19 17:58:46 | INFO | epoch=029 train_batch=290/392 running_loss=0.051505
2026-08-19 17:58:46 | INFO | epoch=029 train_batch=300/392 running_loss=0.051399
2026-08-19 17:58:47 | INFO | epoch=029 train_batch=310/392 running_loss=0.051470
2026-08-19 17:58:47 | INFO | epoch=029 train_batch=320/392 running_loss=0.051460
2026-08-19 17:58:47 | INFO | epoch=029 train_batch=330/392 running_loss=0.051481
2026-08-19 17:58:48 | INFO | epoch=029 train_batch=340/392 running_loss=0.051498
2026-08-19 17:58:48 | INFO | epoch=029 train_batch=350/392 running_loss=0.051373
2026-08-19 17:58:48 | INFO | epoch=029 train_batch=360/392 running_loss=0.051337
2026-08-19 17:58:48 | INFO | epoch=029 train_batch=370/392 running_loss=0.051370
2026-08-19 17:58:49 | INFO | epoch=029 train_batch=380/392 running_loss=0.051450
2026-08-19 17:58:49 | INFO | epoch=029 train_batch=390/392 running_loss=0.051551
2026-08-19 17:58:49 | INFO | epoch=029 train_batch=392/392 running_loss=0.051584
2026-08-19 17:58:50 | INFO | epoch=029 train_loss=0.051584 validation_loss=0.291489
2026-08-19 17:58:50 | INFO | epoch=030 train_batch=10/392 running_loss=0.051752
2026-08-19 17:58:51 | INFO | epoch=030 train_batch=20/392 running_loss=0.051782
2026-08-19 17:58:51 | INFO | epoch=030 train_batch=30/392 running_loss=0.052254
2026-08-19 17:58:51 | INFO | epoch=030 train_batch=40/392 running_loss=0.052776
2026-08-19 17:58:51 | INFO | epoch=030 train_batch=50/392 running_loss=0.052095
2026-08-19 17:58:52 | INFO | epoch=030 train_batch=60/392 running_loss=0.052645
2026-08-19 17:58:52 | INFO | epoch=030 train_batch=70/392 running_loss=0.052172
2026-08-19 17:58:52 | INFO | epoch=030 train_batch=80/392 running_loss=0.051840
2026-08-19 17:58:53 | INFO | epoch=030 train_batch=90/392 running_loss=0.051503
2026-08-19 17:58:53 | INFO | epoch=030 train_batch=100/392 running_loss=0.051380
2026-08-19 17:58:53 | INFO | epoch=030 train_batch=110/392 running_loss=0.051574
2026-08-19 17:58:54 | INFO | epoch=030 train_batch=120/392 running_loss=0.051466
2026-08-19 17:58:54 | INFO | epoch=030 train_batch=130/392 running_loss=0.051441
2026-08-19 17:58:54 | INFO | epoch=030 train_batch=140/392 running_loss=0.051498
2026-08-19 17:58:54 | INFO | epoch=030 train_batch=150/392 running_loss=0.051475
2026-08-19 17:58:55 | INFO | epoch=030 train_batch=160/392 running_loss=0.051457
2026-08-19 17:58:55 | INFO | epoch=030 train_batch=170/392 running_loss=0.051452
2026-08-19 17:58:55 | INFO | epoch=030 train_batch=180/392 running_loss=0.051578
2026-08-19 17:58:56 | INFO | epoch=030 train_batch=190/392 running_loss=0.051399
2026-08-19 17:58:56 | INFO | epoch=030 train_batch=200/392 running_loss=0.051436
2026-08-19 17:58:56 | INFO | epoch=030 train_batch=210/392 running_loss=0.051428
2026-08-19 17:58:57 | INFO | epoch=030 train_batch=220/392 running_loss=0.051507
2026-08-19 17:58:57 | INFO | epoch=030 train_batch=230/392 running_loss=0.051462
2026-08-19 17:58:57 | INFO | epoch=030 train_batch=240/392 running_loss=0.051278
2026-08-19 17:58:57 | INFO | epoch=030 train_batch=250/392 running_loss=0.051291
2026-08-19 17:58:58 | INFO | epoch=030 train_batch=260/392 running_loss=0.051253
2026-08-19 17:58:58 | INFO | epoch=030 train_batch=270/392 running_loss=0.051265
2026-08-19 17:58:58 | INFO | epoch=030 train_batch=280/392 running_loss=0.051333
2026-08-19 17:58:59 | INFO | epoch=030 train_batch=290/392 running_loss=0.051371
2026-08-19 17:58:59 | INFO | epoch=030 train_batch=300/392 running_loss=0.051351
2026-08-19 17:58:59 | INFO | epoch=030 train_batch=310/392 running_loss=0.051376
2026-08-19 17:59:00 | INFO | epoch=030 train_batch=320/392 running_loss=0.051291
2026-08-19 17:59:00 | INFO | epoch=030 train_batch=330/392 running_loss=0.051323
2026-08-19 17:59:00 | INFO | epoch=030 train_batch=340/392 running_loss=0.051396
2026-08-19 17:59:00 | INFO | epoch=030 train_batch=350/392 running_loss=0.051404
2026-08-19 17:59:01 | INFO | epoch=030 train_batch=360/392 running_loss=0.051471
2026-08-19 17:59:01 | INFO | epoch=030 train_batch=370/392 running_loss=0.051416
2026-08-19 17:59:01 | INFO | epoch=030 train_batch=380/392 running_loss=0.051382
2026-08-19 17:59:02 | INFO | epoch=030 train_batch=390/392 running_loss=0.051374
2026-08-19 17:59:02 | INFO | epoch=030 train_batch=392/392 running_loss=0.051370
2026-08-19 17:59:03 | INFO | epoch=030 train_loss=0.051370 validation_loss=0.295838
2026-08-19 17:59:03 | INFO | epoch=031 train_batch=10/392 running_loss=0.053649
2026-08-19 17:59:03 | INFO | epoch=031 train_batch=20/392 running_loss=0.052109
2026-08-19 17:59:04 | INFO | epoch=031 train_batch=30/392 running_loss=0.052584
2026-08-19 17:59:04 | INFO | epoch=031 train_batch=40/392 running_loss=0.052117
2026-08-19 17:59:04 | INFO | epoch=031 train_batch=50/392 running_loss=0.052004
2026-08-19 17:59:05 | INFO | epoch=031 train_batch=60/392 running_loss=0.051745
2026-08-19 17:59:05 | INFO | epoch=031 train_batch=70/392 running_loss=0.051579
2026-08-19 17:59:05 | INFO | epoch=031 train_batch=80/392 running_loss=0.051284
2026-08-19 17:59:05 | INFO | epoch=031 train_batch=90/392 running_loss=0.051201
2026-08-19 17:59:06 | INFO | epoch=031 train_batch=100/392 running_loss=0.051201
2026-08-19 17:59:06 | INFO | epoch=031 train_batch=110/392 running_loss=0.050911
2026-08-19 17:59:06 | INFO | epoch=031 train_batch=120/392 running_loss=0.050485
2026-08-19 17:59:07 | INFO | epoch=031 train_batch=130/392 running_loss=0.050711
2026-08-19 17:59:07 | INFO | epoch=031 train_batch=140/392 running_loss=0.050703
2026-08-19 17:59:07 | INFO | epoch=031 train_batch=150/392 running_loss=0.050783
2026-08-19 17:59:08 | INFO | epoch=031 train_batch=160/392 running_loss=0.050596
2026-08-19 17:59:08 | INFO | epoch=031 train_batch=170/392 running_loss=0.050593
2026-08-19 17:59:08 | INFO | epoch=031 train_batch=180/392 running_loss=0.050591
2026-08-19 17:59:08 | INFO | epoch=031 train_batch=190/392 running_loss=0.050739
2026-08-19 17:59:09 | INFO | epoch=031 train_batch=200/392 running_loss=0.050787
2026-08-19 17:59:09 | INFO | epoch=031 train_batch=210/392 running_loss=0.050826
2026-08-19 17:59:09 | INFO | epoch=031 train_batch=220/392 running_loss=0.050870
2026-08-19 17:59:10 | INFO | epoch=031 train_batch=230/392 running_loss=0.050813
2026-08-19 17:59:10 | INFO | epoch=031 train_batch=240/392 running_loss=0.050576
2026-08-19 17:59:10 | INFO | epoch=031 train_batch=250/392 running_loss=0.050571
2026-08-19 17:59:11 | INFO | epoch=031 train_batch=260/392 running_loss=0.050637
2026-08-19 17:59:11 | INFO | epoch=031 train_batch=270/392 running_loss=0.050725
2026-08-19 17:59:11 | INFO | epoch=031 train_batch=280/392 running_loss=0.050781
2026-08-19 17:59:11 | INFO | epoch=031 train_batch=290/392 running_loss=0.050783
2026-08-19 17:59:12 | INFO | epoch=031 train_batch=300/392 running_loss=0.050859
2026-08-19 17:59:12 | INFO | epoch=031 train_batch=310/392 running_loss=0.050816
2026-08-19 17:59:12 | INFO | epoch=031 train_batch=320/392 running_loss=0.050848
2026-08-19 17:59:13 | INFO | epoch=031 train_batch=330/392 running_loss=0.050859
2026-08-19 17:59:13 | INFO | epoch=031 train_batch=340/392 running_loss=0.050847
2026-08-19 17:59:13 | INFO | epoch=031 train_batch=350/392 running_loss=0.050863
2026-08-19 17:59:13 | INFO | epoch=031 train_batch=360/392 running_loss=0.050866
2026-08-19 17:59:14 | INFO | epoch=031 train_batch=370/392 running_loss=0.050840
2026-08-19 17:59:14 | INFO | epoch=031 train_batch=380/392 running_loss=0.050916
2026-08-19 17:59:14 | INFO | epoch=031 train_batch=390/392 running_loss=0.050891
2026-08-19 17:59:14 | INFO | epoch=031 train_batch=392/392 running_loss=0.050939
2026-08-19 17:59:15 | INFO | epoch=031 train_loss=0.050939 validation_loss=0.292448
2026-08-19 17:59:16 | INFO | epoch=032 train_batch=10/392 running_loss=0.050022
2026-08-19 17:59:16 | INFO | epoch=032 train_batch=20/392 running_loss=0.051004
2026-08-19 17:59:16 | INFO | epoch=032 train_batch=30/392 running_loss=0.049701
2026-08-19 17:59:17 | INFO | epoch=032 train_batch=40/392 running_loss=0.049659
2026-08-19 17:59:17 | INFO | epoch=032 train_batch=50/392 running_loss=0.050174
2026-08-19 17:59:17 | INFO | epoch=032 train_batch=60/392 running_loss=0.050363
2026-08-19 17:59:18 | INFO | epoch=032 train_batch=70/392 running_loss=0.050694
2026-08-19 17:59:18 | INFO | epoch=032 train_batch=80/392 running_loss=0.050513
2026-08-19 17:59:18 | INFO | epoch=032 train_batch=90/392 running_loss=0.050572
2026-08-19 17:59:19 | INFO | epoch=032 train_batch=100/392 running_loss=0.050507
2026-08-19 17:59:19 | INFO | epoch=032 train_batch=110/392 running_loss=0.050381
2026-08-19 17:59:19 | INFO | epoch=032 train_batch=120/392 running_loss=0.050831
2026-08-19 17:59:20 | INFO | epoch=032 train_batch=130/392 running_loss=0.050926
2026-08-19 17:59:20 | INFO | epoch=032 train_batch=140/392 running_loss=0.050925
2026-08-19 17:59:20 | INFO | epoch=032 train_batch=150/392 running_loss=0.050763
2026-08-19 17:59:20 | INFO | epoch=032 train_batch=160/392 running_loss=0.050860
2026-08-19 17:59:21 | INFO | epoch=032 train_batch=170/392 running_loss=0.050887
2026-08-19 17:59:21 | INFO | epoch=032 train_batch=180/392 running_loss=0.051073
2026-08-19 17:59:21 | INFO | epoch=032 train_batch=190/392 running_loss=0.050932
2026-08-19 17:59:22 | INFO | epoch=032 train_batch=200/392 running_loss=0.050834
2026-08-19 17:59:22 | INFO | epoch=032 train_batch=210/392 running_loss=0.050676
2026-08-19 17:59:22 | INFO | epoch=032 train_batch=220/392 running_loss=0.050879
2026-08-19 17:59:22 | INFO | epoch=032 train_batch=230/392 running_loss=0.050876
2026-08-19 17:59:23 | INFO | epoch=032 train_batch=240/392 running_loss=0.050956
2026-08-19 17:59:23 | INFO | epoch=032 train_batch=250/392 running_loss=0.050878
2026-08-19 17:59:23 | INFO | epoch=032 train_batch=260/392 running_loss=0.050895
2026-08-19 17:59:24 | INFO | epoch=032 train_batch=270/392 running_loss=0.050888
2026-08-19 17:59:24 | INFO | epoch=032 train_batch=280/392 running_loss=0.050806
2026-08-19 17:59:24 | INFO | epoch=032 train_batch=290/392 running_loss=0.050696
2026-08-19 17:59:25 | INFO | epoch=032 train_batch=300/392 running_loss=0.050744
2026-08-19 17:59:25 | INFO | epoch=032 train_batch=310/392 running_loss=0.050734
2026-08-19 17:59:25 | INFO | epoch=032 train_batch=320/392 running_loss=0.050770
2026-08-19 17:59:25 | INFO | epoch=032 train_batch=330/392 running_loss=0.050792
2026-08-19 17:59:26 | INFO | epoch=032 train_batch=340/392 running_loss=0.050845
2026-08-19 17:59:26 | INFO | epoch=032 train_batch=350/392 running_loss=0.050926
2026-08-19 17:59:26 | INFO | epoch=032 train_batch=360/392 running_loss=0.050770
2026-08-19 17:59:27 | INFO | epoch=032 train_batch=370/392 running_loss=0.050602
2026-08-19 17:59:27 | INFO | epoch=032 train_batch=380/392 running_loss=0.050614
2026-08-19 17:59:27 | INFO | epoch=032 train_batch=390/392 running_loss=0.050661
2026-08-19 17:59:28 | INFO | epoch=032 train_batch=392/392 running_loss=0.050672
2026-08-19 17:59:28 | INFO | epoch=032 train_loss=0.050672 validation_loss=0.291225
2026-08-19 17:59:29 | INFO | epoch=033 train_batch=10/392 running_loss=0.049226
2026-08-19 17:59:29 | INFO | epoch=033 train_batch=20/392 running_loss=0.049327
2026-08-19 17:59:29 | INFO | epoch=033 train_batch=30/392 running_loss=0.047960
2026-08-19 17:59:30 | INFO | epoch=033 train_batch=40/392 running_loss=0.048335
2026-08-19 17:59:30 | INFO | epoch=033 train_batch=50/392 running_loss=0.047885
2026-08-19 17:59:30 | INFO | epoch=033 train_batch=60/392 running_loss=0.048134
2026-08-19 17:59:31 | INFO | epoch=033 train_batch=70/392 running_loss=0.048422
2026-08-19 17:59:31 | INFO | epoch=033 train_batch=80/392 running_loss=0.048693
2026-08-19 17:59:31 | INFO | epoch=033 train_batch=90/392 running_loss=0.049033
2026-08-19 17:59:32 | INFO | epoch=033 train_batch=100/392 running_loss=0.049024
2026-08-19 17:59:32 | INFO | epoch=033 train_batch=110/392 running_loss=0.049044
2026-08-19 17:59:32 | INFO | epoch=033 train_batch=120/392 running_loss=0.049281
2026-08-19 17:59:32 | INFO | epoch=033 train_batch=130/392 running_loss=0.049101
2026-08-19 17:59:33 | INFO | epoch=033 train_batch=140/392 running_loss=0.049054
2026-08-19 17:59:33 | INFO | epoch=033 train_batch=150/392 running_loss=0.049261
2026-08-19 17:59:33 | INFO | epoch=033 train_batch=160/392 running_loss=0.049372
2026-08-19 17:59:34 | INFO | epoch=033 train_batch=170/392 running_loss=0.049583
2026-08-19 17:59:34 | INFO | epoch=033 train_batch=180/392 running_loss=0.049487
2026-08-19 17:59:34 | INFO | epoch=033 train_batch=190/392 running_loss=0.049598
2026-08-19 17:59:35 | INFO | epoch=033 train_batch=200/392 running_loss=0.049764
2026-08-19 17:59:35 | INFO | epoch=033 train_batch=210/392 running_loss=0.049721
2026-08-19 17:59:35 | INFO | epoch=033 train_batch=220/392 running_loss=0.049726
2026-08-19 17:59:35 | INFO | epoch=033 train_batch=230/392 running_loss=0.049924
2026-08-19 17:59:36 | INFO | epoch=033 train_batch=240/392 running_loss=0.049979
2026-08-19 17:59:36 | INFO | epoch=033 train_batch=250/392 running_loss=0.050098
2026-08-19 17:59:36 | INFO | epoch=033 train_batch=260/392 running_loss=0.050128
2026-08-19 17:59:37 | INFO | epoch=033 train_batch=270/392 running_loss=0.050091
2026-08-19 17:59:37 | INFO | epoch=033 train_batch=280/392 running_loss=0.050172
2026-08-19 17:59:37 | INFO | epoch=033 train_batch=290/392 running_loss=0.050179
2026-08-19 17:59:38 | INFO | epoch=033 train_batch=300/392 running_loss=0.050109
2026-08-19 17:59:38 | INFO | epoch=033 train_batch=310/392 running_loss=0.049975
2026-08-19 17:59:38 | INFO | epoch=033 train_batch=320/392 running_loss=0.049951
2026-08-19 17:59:38 | INFO | epoch=033 train_batch=330/392 running_loss=0.049925
2026-08-19 17:59:39 | INFO | epoch=033 train_batch=340/392 running_loss=0.049891
2026-08-19 17:59:39 | INFO | epoch=033 train_batch=350/392 running_loss=0.049909
2026-08-19 17:59:39 | INFO | epoch=033 train_batch=360/392 running_loss=0.049928
2026-08-19 17:59:40 | INFO | epoch=033 train_batch=370/392 running_loss=0.049967
2026-08-19 17:59:40 | INFO | epoch=033 train_batch=380/392 running_loss=0.049957
2026-08-19 17:59:40 | INFO | epoch=033 train_batch=390/392 running_loss=0.050132
2026-08-19 17:59:40 | INFO | epoch=033 train_batch=392/392 running_loss=0.050072
2026-08-19 17:59:41 | INFO | epoch=033 train_loss=0.050072 validation_loss=0.291993
2026-08-19 17:59:42 | INFO | epoch=034 train_batch=10/392 running_loss=0.047723
2026-08-19 17:59:42 | INFO | epoch=034 train_batch=20/392 running_loss=0.048126
2026-08-19 17:59:42 | INFO | epoch=034 train_batch=30/392 running_loss=0.047937
2026-08-19 17:59:43 | INFO | epoch=034 train_batch=40/392 running_loss=0.048813
2026-08-19 17:59:43 | INFO | epoch=034 train_batch=50/392 running_loss=0.049232
2026-08-19 17:59:43 | INFO | epoch=034 train_batch=60/392 running_loss=0.048901
2026-08-19 17:59:43 | INFO | epoch=034 train_batch=70/392 running_loss=0.049215
2026-08-19 17:59:44 | INFO | epoch=034 train_batch=80/392 running_loss=0.048875
2026-08-19 17:59:44 | INFO | epoch=034 train_batch=90/392 running_loss=0.049161
2026-08-19 17:59:44 | INFO | epoch=034 train_batch=100/392 running_loss=0.049438
2026-08-19 17:59:45 | INFO | epoch=034 train_batch=110/392 running_loss=0.049377
2026-08-19 17:59:45 | INFO | epoch=034 train_batch=120/392 running_loss=0.049420
2026-08-19 17:59:45 | INFO | epoch=034 train_batch=130/392 running_loss=0.049650
2026-08-19 17:59:46 | INFO | epoch=034 train_batch=140/392 running_loss=0.049860
2026-08-19 17:59:46 | INFO | epoch=034 train_batch=150/392 running_loss=0.049653
2026-08-19 17:59:46 | INFO | epoch=034 train_batch=160/392 running_loss=0.049928
2026-08-19 17:59:46 | INFO | epoch=034 train_batch=170/392 running_loss=0.050075
2026-08-19 17:59:47 | INFO | epoch=034 train_batch=180/392 running_loss=0.050128
2026-08-19 17:59:47 | INFO | epoch=034 train_batch=190/392 running_loss=0.050026
2026-08-19 17:59:47 | INFO | epoch=034 train_batch=200/392 running_loss=0.050124
2026-08-19 17:59:48 | INFO | epoch=034 train_batch=210/392 running_loss=0.050165
2026-08-19 17:59:48 | INFO | epoch=034 train_batch=220/392 running_loss=0.050169
2026-08-19 17:59:48 | INFO | epoch=034 train_batch=230/392 running_loss=0.050243
2026-08-19 17:59:49 | INFO | epoch=034 train_batch=240/392 running_loss=0.050307
2026-08-19 17:59:49 | INFO | epoch=034 train_batch=250/392 running_loss=0.050171
2026-08-19 17:59:49 | INFO | epoch=034 train_batch=260/392 running_loss=0.050213
2026-08-19 17:59:49 | INFO | epoch=034 train_batch=270/392 running_loss=0.050214
2026-08-19 17:59:50 | INFO | epoch=034 train_batch=280/392 running_loss=0.050211
2026-08-19 17:59:50 | INFO | epoch=034 train_batch=290/392 running_loss=0.050264
2026-08-19 17:59:50 | INFO | epoch=034 train_batch=300/392 running_loss=0.050200
2026-08-19 17:59:51 | INFO | epoch=034 train_batch=310/392 running_loss=0.050082
2026-08-19 17:59:51 | INFO | epoch=034 train_batch=320/392 running_loss=0.050122
2026-08-19 17:59:51 | INFO | epoch=034 train_batch=330/392 running_loss=0.050128
2026-08-19 17:59:51 | INFO | epoch=034 train_batch=340/392 running_loss=0.050153
2026-08-19 17:59:52 | INFO | epoch=034 train_batch=350/392 running_loss=0.050096
2026-08-19 17:59:52 | INFO | epoch=034 train_batch=360/392 running_loss=0.050124
2026-08-19 17:59:52 | INFO | epoch=034 train_batch=370/392 running_loss=0.050114
2026-08-19 17:59:53 | INFO | epoch=034 train_batch=380/392 running_loss=0.050084
2026-08-19 17:59:53 | INFO | epoch=034 train_batch=390/392 running_loss=0.050024
2026-08-19 17:59:53 | INFO | epoch=034 train_batch=392/392 running_loss=0.050014
2026-08-19 17:59:54 | INFO | epoch=034 train_loss=0.050014 validation_loss=0.295633
2026-08-19 17:59:54 | INFO | epoch=035 train_batch=10/392 running_loss=0.048568
2026-08-19 17:59:55 | INFO | epoch=035 train_batch=20/392 running_loss=0.049453
2026-08-19 17:59:55 | INFO | epoch=035 train_batch=30/392 running_loss=0.050148
2026-08-19 17:59:55 | INFO | epoch=035 train_batch=40/392 running_loss=0.050205
2026-08-19 17:59:55 | INFO | epoch=035 train_batch=50/392 running_loss=0.050571
2026-08-19 17:59:56 | INFO | epoch=035 train_batch=60/392 running_loss=0.049697
2026-08-19 17:59:56 | INFO | epoch=035 train_batch=70/392 running_loss=0.049363
2026-08-19 17:59:56 | INFO | epoch=035 train_batch=80/392 running_loss=0.049015
2026-08-19 17:59:57 | INFO | epoch=035 train_batch=90/392 running_loss=0.048896
2026-08-19 17:59:57 | INFO | epoch=035 train_batch=100/392 running_loss=0.049105
2026-08-19 17:59:57 | INFO | epoch=035 train_batch=110/392 running_loss=0.049012
2026-08-19 17:59:58 | INFO | epoch=035 train_batch=120/392 running_loss=0.049148
2026-08-19 17:59:58 | INFO | epoch=035 train_batch=130/392 running_loss=0.049095
2026-08-19 17:59:58 | INFO | epoch=035 train_batch=140/392 running_loss=0.048945
2026-08-19 17:59:58 | INFO | epoch=035 train_batch=150/392 running_loss=0.048863
2026-08-19 17:59:59 | INFO | epoch=035 train_batch=160/392 running_loss=0.049023
2026-08-19 17:59:59 | INFO | epoch=035 train_batch=170/392 running_loss=0.049079
2026-08-19 17:59:59 | INFO | epoch=035 train_batch=180/392 running_loss=0.049070
2026-08-19 18:00:00 | INFO | epoch=035 train_batch=190/392 running_loss=0.049092
2026-08-19 18:00:00 | INFO | epoch=035 train_batch=200/392 running_loss=0.049141
2026-08-19 18:00:00 | INFO | epoch=035 train_batch=210/392 running_loss=0.049064
2026-08-19 18:00:01 | INFO | epoch=035 train_batch=220/392 running_loss=0.049071
2026-08-19 18:00:01 | INFO | epoch=035 train_batch=230/392 running_loss=0.049259
2026-08-19 18:00:01 | INFO | epoch=035 train_batch=240/392 running_loss=0.049415
2026-08-19 18:00:01 | INFO | epoch=035 train_batch=250/392 running_loss=0.049460
2026-08-19 18:00:02 | INFO | epoch=035 train_batch=260/392 running_loss=0.049707
2026-08-19 18:00:02 | INFO | epoch=035 train_batch=270/392 running_loss=0.049669
2026-08-19 18:00:02 | INFO | epoch=035 train_batch=280/392 running_loss=0.049574
2026-08-19 18:00:03 | INFO | epoch=035 train_batch=290/392 running_loss=0.049630
2026-08-19 18:00:03 | INFO | epoch=035 train_batch=300/392 running_loss=0.049654
2026-08-19 18:00:03 | INFO | epoch=035 train_batch=310/392 running_loss=0.049563
2026-08-19 18:00:04 | INFO | epoch=035 train_batch=320/392 running_loss=0.049593
2026-08-19 18:00:04 | INFO | epoch=035 train_batch=330/392 running_loss=0.049641
2026-08-19 18:00:04 | INFO | epoch=035 train_batch=340/392 running_loss=0.049647
2026-08-19 18:00:04 | INFO | epoch=035 train_batch=350/392 running_loss=0.049666
2026-08-19 18:00:05 | INFO | epoch=035 train_batch=360/392 running_loss=0.049674
2026-08-19 18:00:05 | INFO | epoch=035 train_batch=370/392 running_loss=0.049701
2026-08-19 18:00:05 | INFO | epoch=035 train_batch=380/392 running_loss=0.049634
2026-08-19 18:00:06 | INFO | epoch=035 train_batch=390/392 running_loss=0.049611
2026-08-19 18:00:06 | INFO | epoch=035 train_batch=392/392 running_loss=0.049560
2026-08-19 18:00:07 | INFO | epoch=035 train_loss=0.049560 validation_loss=0.294745
2026-08-19 18:00:07 | INFO | epoch=036 train_batch=10/392 running_loss=0.047935
2026-08-19 18:00:07 | INFO | epoch=036 train_batch=20/392 running_loss=0.047990
2026-08-19 18:00:08 | INFO | epoch=036 train_batch=30/392 running_loss=0.048031
2026-08-19 18:00:08 | INFO | epoch=036 train_batch=40/392 running_loss=0.048004
2026-08-19 18:00:08 | INFO | epoch=036 train_batch=50/392 running_loss=0.048531
2026-08-19 18:00:08 | INFO | epoch=036 train_batch=60/392 running_loss=0.047837
2026-08-19 18:00:09 | INFO | epoch=036 train_batch=70/392 running_loss=0.048082
2026-08-19 18:00:09 | INFO | epoch=036 train_batch=80/392 running_loss=0.048374
2026-08-19 18:00:09 | INFO | epoch=036 train_batch=90/392 running_loss=0.048416
2026-08-19 18:00:10 | INFO | epoch=036 train_batch=100/392 running_loss=0.048230
2026-08-19 18:00:10 | INFO | epoch=036 train_batch=110/392 running_loss=0.048126
2026-08-19 18:00:10 | INFO | epoch=036 train_batch=120/392 running_loss=0.048143
2026-08-19 18:00:11 | INFO | epoch=036 train_batch=130/392 running_loss=0.048076
2026-08-19 18:00:11 | INFO | epoch=036 train_batch=140/392 running_loss=0.048198
2026-08-19 18:00:11 | INFO | epoch=036 train_batch=150/392 running_loss=0.048246
2026-08-19 18:00:12 | INFO | epoch=036 train_batch=160/392 running_loss=0.048445
2026-08-19 18:00:12 | INFO | epoch=036 train_batch=170/392 running_loss=0.048612
2026-08-19 18:00:12 | INFO | epoch=036 train_batch=180/392 running_loss=0.048504
2026-08-19 18:00:13 | INFO | epoch=036 train_batch=190/392 running_loss=0.048686
2026-08-19 18:00:13 | INFO | epoch=036 train_batch=200/392 running_loss=0.048784
2026-08-19 18:00:13 | INFO | epoch=036 train_batch=210/392 running_loss=0.048990
2026-08-19 18:00:14 | INFO | epoch=036 train_batch=220/392 running_loss=0.049020
2026-08-19 18:00:14 | INFO | epoch=036 train_batch=230/392 running_loss=0.048988
2026-08-19 18:00:14 | INFO | epoch=036 train_batch=240/392 running_loss=0.048962
2026-08-19 18:00:15 | INFO | epoch=036 train_batch=250/392 running_loss=0.049088
2026-08-19 18:00:15 | INFO | epoch=036 train_batch=260/392 running_loss=0.049130
2026-08-19 18:00:15 | INFO | epoch=036 train_batch=270/392 running_loss=0.049311
2026-08-19 18:00:16 | INFO | epoch=036 train_batch=280/392 running_loss=0.049474
2026-08-19 18:00:16 | INFO | epoch=036 train_batch=290/392 running_loss=0.049561
2026-08-19 18:00:16 | INFO | epoch=036 train_batch=300/392 running_loss=0.049715
2026-08-19 18:00:17 | INFO | epoch=036 train_batch=310/392 running_loss=0.049671
2026-08-19 18:00:17 | INFO | epoch=036 train_batch=320/392 running_loss=0.049818
2026-08-19 18:00:17 | INFO | epoch=036 train_batch=330/392 running_loss=0.049746
2026-08-19 18:00:18 | INFO | epoch=036 train_batch=340/392 running_loss=0.049735
2026-08-19 18:00:18 | INFO | epoch=036 train_batch=350/392 running_loss=0.049660
2026-08-19 18:00:18 | INFO | epoch=036 train_batch=360/392 running_loss=0.049592
2026-08-19 18:00:19 | INFO | epoch=036 train_batch=370/392 running_loss=0.049625
2026-08-19 18:00:19 | INFO | epoch=036 train_batch=380/392 running_loss=0.049750
2026-08-19 18:00:19 | INFO | epoch=036 train_batch=390/392 running_loss=0.049710
2026-08-19 18:00:19 | INFO | epoch=036 train_batch=392/392 running_loss=0.049623
2026-08-19 18:00:20 | INFO | epoch=036 train_loss=0.049623 validation_loss=0.294000
2026-08-19 18:00:21 | INFO | epoch=037 train_batch=10/392 running_loss=0.050204
2026-08-19 18:00:21 | INFO | epoch=037 train_batch=20/392 running_loss=0.047683
2026-08-19 18:00:21 | INFO | epoch=037 train_batch=30/392 running_loss=0.048356
2026-08-19 18:00:22 | INFO | epoch=037 train_batch=40/392 running_loss=0.047561
2026-08-19 18:00:22 | INFO | epoch=037 train_batch=50/392 running_loss=0.047851
2026-08-19 18:00:22 | INFO | epoch=037 train_batch=60/392 running_loss=0.047550
2026-08-19 18:00:23 | INFO | epoch=037 train_batch=70/392 running_loss=0.048014
2026-08-19 18:00:23 | INFO | epoch=037 train_batch=80/392 running_loss=0.048418
2026-08-19 18:00:23 | INFO | epoch=037 train_batch=90/392 running_loss=0.048468
2026-08-19 18:00:24 | INFO | epoch=037 train_batch=100/392 running_loss=0.048538
2026-08-19 18:00:24 | INFO | epoch=037 train_batch=110/392 running_loss=0.048750
2026-08-19 18:00:24 | INFO | epoch=037 train_batch=120/392 running_loss=0.048968
2026-08-19 18:00:25 | INFO | epoch=037 train_batch=130/392 running_loss=0.049028
2026-08-19 18:00:25 | INFO | epoch=037 train_batch=140/392 running_loss=0.048750
2026-08-19 18:00:25 | INFO | epoch=037 train_batch=150/392 running_loss=0.048865
2026-08-19 18:00:26 | INFO | epoch=037 train_batch=160/392 running_loss=0.048667
2026-08-19 18:00:26 | INFO | epoch=037 train_batch=170/392 running_loss=0.048630
2026-08-19 18:00:26 | INFO | epoch=037 train_batch=180/392 running_loss=0.048564
2026-08-19 18:00:27 | INFO | epoch=037 train_batch=190/392 running_loss=0.048630
2026-08-19 18:00:27 | INFO | epoch=037 train_batch=200/392 running_loss=0.048612
2026-08-19 18:00:27 | INFO | epoch=037 train_batch=210/392 running_loss=0.048764
2026-08-19 18:00:28 | INFO | epoch=037 train_batch=220/392 running_loss=0.048734
2026-08-19 18:00:28 | INFO | epoch=037 train_batch=230/392 running_loss=0.048860
2026-08-19 18:00:28 | INFO | epoch=037 train_batch=240/392 running_loss=0.048872
2026-08-19 18:00:29 | INFO | epoch=037 train_batch=250/392 running_loss=0.048911
2026-08-19 18:00:29 | INFO | epoch=037 train_batch=260/392 running_loss=0.048841
2026-08-19 18:00:29 | INFO | epoch=037 train_batch=270/392 running_loss=0.048834
2026-08-19 18:00:30 | INFO | epoch=037 train_batch=280/392 running_loss=0.048911
2026-08-19 18:00:30 | INFO | epoch=037 train_batch=290/392 running_loss=0.049011
2026-08-19 18:00:30 | INFO | epoch=037 train_batch=300/392 running_loss=0.049020
2026-08-19 18:00:30 | INFO | epoch=037 train_batch=310/392 running_loss=0.048925
2026-08-19 18:00:31 | INFO | epoch=037 train_batch=320/392 running_loss=0.048875
2026-08-19 18:00:31 | INFO | epoch=037 train_batch=330/392 running_loss=0.048880
2026-08-19 18:00:31 | INFO | epoch=037 train_batch=340/392 running_loss=0.048776
2026-08-19 18:00:32 | INFO | epoch=037 train_batch=350/392 running_loss=0.048839
2026-08-19 18:00:32 | INFO | epoch=037 train_batch=360/392 running_loss=0.048780
2026-08-19 18:00:32 | INFO | epoch=037 train_batch=370/392 running_loss=0.048743
2026-08-19 18:00:33 | INFO | epoch=037 train_batch=380/392 running_loss=0.048841
2026-08-19 18:00:33 | INFO | epoch=037 train_batch=390/392 running_loss=0.048853
2026-08-19 18:00:33 | INFO | epoch=037 train_batch=392/392 running_loss=0.048921
2026-08-19 18:00:34 | INFO | epoch=037 train_loss=0.048921 validation_loss=0.289654
2026-08-19 18:00:34 | INFO | epoch=038 train_batch=10/392 running_loss=0.047831
2026-08-19 18:00:34 | INFO | epoch=038 train_batch=20/392 running_loss=0.048167
2026-08-19 18:00:35 | INFO | epoch=038 train_batch=30/392 running_loss=0.048323
2026-08-19 18:00:35 | INFO | epoch=038 train_batch=40/392 running_loss=0.047936
2026-08-19 18:00:35 | INFO | epoch=038 train_batch=50/392 running_loss=0.047878
2026-08-19 18:00:35 | INFO | epoch=038 train_batch=60/392 running_loss=0.048299
2026-08-19 18:00:36 | INFO | epoch=038 train_batch=70/392 running_loss=0.048283
2026-08-19 18:00:36 | INFO | epoch=038 train_batch=80/392 running_loss=0.048113
2026-08-19 18:00:36 | INFO | epoch=038 train_batch=90/392 running_loss=0.047997
2026-08-19 18:00:37 | INFO | epoch=038 train_batch=100/392 running_loss=0.048253
2026-08-19 18:00:37 | INFO | epoch=038 train_batch=110/392 running_loss=0.048063
2026-08-19 18:00:37 | INFO | epoch=038 train_batch=120/392 running_loss=0.048184
2026-08-19 18:00:37 | INFO | epoch=038 train_batch=130/392 running_loss=0.048323
2026-08-19 18:00:38 | INFO | epoch=038 train_batch=140/392 running_loss=0.048394
2026-08-19 18:00:38 | INFO | epoch=038 train_batch=150/392 running_loss=0.048451
2026-08-19 18:00:38 | INFO | epoch=038 train_batch=160/392 running_loss=0.048660
2026-08-19 18:00:39 | INFO | epoch=038 train_batch=170/392 running_loss=0.048843
2026-08-19 18:00:39 | INFO | epoch=038 train_batch=180/392 running_loss=0.048851
2026-08-19 18:00:39 | INFO | epoch=038 train_batch=190/392 running_loss=0.048888
2026-08-19 18:00:40 | INFO | epoch=038 train_batch=200/392 running_loss=0.048820
2026-08-19 18:00:40 | INFO | epoch=038 train_batch=210/392 running_loss=0.048891
2026-08-19 18:00:40 | INFO | epoch=038 train_batch=220/392 running_loss=0.048862
2026-08-19 18:00:40 | INFO | epoch=038 train_batch=230/392 running_loss=0.048849
2026-08-19 18:00:41 | INFO | epoch=038 train_batch=240/392 running_loss=0.048845
2026-08-19 18:00:41 | INFO | epoch=038 train_batch=250/392 running_loss=0.048905
2026-08-19 18:00:41 | INFO | epoch=038 train_batch=260/392 running_loss=0.048930
2026-08-19 18:00:41 | INFO | epoch=038 train_batch=270/392 running_loss=0.049044
2026-08-19 18:00:42 | INFO | epoch=038 train_batch=280/392 running_loss=0.048956
2026-08-19 18:00:42 | INFO | epoch=038 train_batch=290/392 running_loss=0.048880
2026-08-19 18:00:42 | INFO | epoch=038 train_batch=300/392 running_loss=0.048900
2026-08-19 18:00:43 | INFO | epoch=038 train_batch=310/392 running_loss=0.048899
2026-08-19 18:00:43 | INFO | epoch=038 train_batch=320/392 running_loss=0.048863
2026-08-19 18:00:43 | INFO | epoch=038 train_batch=330/392 running_loss=0.048869
2026-08-19 18:00:44 | INFO | epoch=038 train_batch=340/392 running_loss=0.048858
2026-08-19 18:00:44 | INFO | epoch=038 train_batch=350/392 running_loss=0.048951
2026-08-19 18:00:44 | INFO | epoch=038 train_batch=360/392 running_loss=0.048977
2026-08-19 18:00:44 | INFO | epoch=038 train_batch=370/392 running_loss=0.048765
2026-08-19 18:00:45 | INFO | epoch=038 train_batch=380/392 running_loss=0.048768
2026-08-19 18:00:45 | INFO | epoch=038 train_batch=390/392 running_loss=0.048780
2026-08-19 18:00:45 | INFO | epoch=038 train_batch=392/392 running_loss=0.048798
2026-08-19 18:00:46 | INFO | epoch=038 train_loss=0.048798 validation_loss=0.296753
2026-08-19 18:00:46 | INFO | epoch=039 train_batch=10/392 running_loss=0.051538
2026-08-19 18:00:46 | INFO | epoch=039 train_batch=20/392 running_loss=0.048042
2026-08-19 18:00:47 | INFO | epoch=039 train_batch=30/392 running_loss=0.049436
2026-08-19 18:00:47 | INFO | epoch=039 train_batch=40/392 running_loss=0.048560
2026-08-19 18:00:47 | INFO | epoch=039 train_batch=50/392 running_loss=0.048164
2026-08-19 18:00:48 | INFO | epoch=039 train_batch=60/392 running_loss=0.048318
2026-08-19 18:00:48 | INFO | epoch=039 train_batch=70/392 running_loss=0.048952
2026-08-19 18:00:48 | INFO | epoch=039 train_batch=80/392 running_loss=0.048268
2026-08-19 18:00:48 | INFO | epoch=039 train_batch=90/392 running_loss=0.048769
2026-08-19 18:00:49 | INFO | epoch=039 train_batch=100/392 running_loss=0.049171
2026-08-19 18:00:49 | INFO | epoch=039 train_batch=110/392 running_loss=0.049245
2026-08-19 18:00:49 | INFO | epoch=039 train_batch=120/392 running_loss=0.049342
2026-08-19 18:00:50 | INFO | epoch=039 train_batch=130/392 running_loss=0.049089
2026-08-19 18:00:50 | INFO | epoch=039 train_batch=140/392 running_loss=0.048873
2026-08-19 18:00:50 | INFO | epoch=039 train_batch=150/392 running_loss=0.048731
2026-08-19 18:00:50 | INFO | epoch=039 train_batch=160/392 running_loss=0.048608
2026-08-19 18:00:51 | INFO | epoch=039 train_batch=170/392 running_loss=0.048445
2026-08-19 18:00:51 | INFO | epoch=039 train_batch=180/392 running_loss=0.048625
2026-08-19 18:00:51 | INFO | epoch=039 train_batch=190/392 running_loss=0.048513
2026-08-19 18:00:52 | INFO | epoch=039 train_batch=200/392 running_loss=0.048318
2026-08-19 18:00:52 | INFO | epoch=039 train_batch=210/392 running_loss=0.048298
2026-08-19 18:00:52 | INFO | epoch=039 train_batch=220/392 running_loss=0.048319
2026-08-19 18:00:52 | INFO | epoch=039 train_batch=230/392 running_loss=0.048393
2026-08-19 18:00:53 | INFO | epoch=039 train_batch=240/392 running_loss=0.048324
2026-08-19 18:00:53 | INFO | epoch=039 train_batch=250/392 running_loss=0.048396
2026-08-19 18:00:53 | INFO | epoch=039 train_batch=260/392 running_loss=0.048471
2026-08-19 18:00:54 | INFO | epoch=039 train_batch=270/392 running_loss=0.048497
2026-08-19 18:00:54 | INFO | epoch=039 train_batch=280/392 running_loss=0.048426
2026-08-19 18:00:54 | INFO | epoch=039 train_batch=290/392 running_loss=0.048422
2026-08-19 18:00:54 | INFO | epoch=039 train_batch=300/392 running_loss=0.048430
2026-08-19 18:00:55 | INFO | epoch=039 train_batch=310/392 running_loss=0.048480
2026-08-19 18:00:55 | INFO | epoch=039 train_batch=320/392 running_loss=0.048497
2026-08-19 18:00:55 | INFO | epoch=039 train_batch=330/392 running_loss=0.048470
2026-08-19 18:00:56 | INFO | epoch=039 train_batch=340/392 running_loss=0.048497
2026-08-19 18:00:56 | INFO | epoch=039 train_batch=350/392 running_loss=0.048506
2026-08-19 18:00:56 | INFO | epoch=039 train_batch=360/392 running_loss=0.048462
2026-08-19 18:00:56 | INFO | epoch=039 train_batch=370/392 running_loss=0.048457
2026-08-19 18:00:57 | INFO | epoch=039 train_batch=380/392 running_loss=0.048386
2026-08-19 18:00:57 | INFO | epoch=039 train_batch=390/392 running_loss=0.048442
2026-08-19 18:00:57 | INFO | epoch=039 train_batch=392/392 running_loss=0.048479
2026-08-19 18:00:58 | INFO | epoch=039 train_loss=0.048479 validation_loss=0.289874
2026-08-19 18:00:58 | INFO | epoch=040 train_batch=10/392 running_loss=0.045344
2026-08-19 18:00:59 | INFO | epoch=040 train_batch=20/392 running_loss=0.044846
2026-08-19 18:00:59 | INFO | epoch=040 train_batch=30/392 running_loss=0.044439
2026-08-19 18:00:59 | INFO | epoch=040 train_batch=40/392 running_loss=0.045329
2026-08-19 18:00:59 | INFO | epoch=040 train_batch=50/392 running_loss=0.045216
2026-08-19 18:01:00 | INFO | epoch=040 train_batch=60/392 running_loss=0.045899
2026-08-19 18:01:00 | INFO | epoch=040 train_batch=70/392 running_loss=0.046374
2026-08-19 18:01:00 | INFO | epoch=040 train_batch=80/392 running_loss=0.046903
2026-08-19 18:01:01 | INFO | epoch=040 train_batch=90/392 running_loss=0.046970
2026-08-19 18:01:01 | INFO | epoch=040 train_batch=100/392 running_loss=0.047323
2026-08-19 18:01:01 | INFO | epoch=040 train_batch=110/392 running_loss=0.047422
2026-08-19 18:01:02 | INFO | epoch=040 train_batch=120/392 running_loss=0.047138
2026-08-19 18:01:02 | INFO | epoch=040 train_batch=130/392 running_loss=0.047001
2026-08-19 18:01:02 | INFO | epoch=040 train_batch=140/392 running_loss=0.047104
2026-08-19 18:01:02 | INFO | epoch=040 train_batch=150/392 running_loss=0.047172
2026-08-19 18:01:03 | INFO | epoch=040 train_batch=160/392 running_loss=0.047442
2026-08-19 18:01:03 | INFO | epoch=040 train_batch=170/392 running_loss=0.047495
2026-08-19 18:01:03 | INFO | epoch=040 train_batch=180/392 running_loss=0.047504
2026-08-19 18:01:04 | INFO | epoch=040 train_batch=190/392 running_loss=0.047622
2026-08-19 18:01:04 | INFO | epoch=040 train_batch=200/392 running_loss=0.047674
2026-08-19 18:01:04 | INFO | epoch=040 train_batch=210/392 running_loss=0.047678
2026-08-19 18:01:04 | INFO | epoch=040 train_batch=220/392 running_loss=0.047800
2026-08-19 18:01:05 | INFO | epoch=040 train_batch=230/392 running_loss=0.047788
2026-08-19 18:01:05 | INFO | epoch=040 train_batch=240/392 running_loss=0.047877
2026-08-19 18:01:05 | INFO | epoch=040 train_batch=250/392 running_loss=0.047959
2026-08-19 18:01:06 | INFO | epoch=040 train_batch=260/392 running_loss=0.047947
2026-08-19 18:01:06 | INFO | epoch=040 train_batch=270/392 running_loss=0.048022
2026-08-19 18:01:06 | INFO | epoch=040 train_batch=280/392 running_loss=0.047970
2026-08-19 18:01:06 | INFO | epoch=040 train_batch=290/392 running_loss=0.048027
2026-08-19 18:01:07 | INFO | epoch=040 train_batch=300/392 running_loss=0.047975
2026-08-19 18:01:07 | INFO | epoch=040 train_batch=310/392 running_loss=0.047912
2026-08-19 18:01:07 | INFO | epoch=040 train_batch=320/392 running_loss=0.047887
2026-08-19 18:01:08 | INFO | epoch=040 train_batch=330/392 running_loss=0.047872
2026-08-19 18:01:08 | INFO | epoch=040 train_batch=340/392 running_loss=0.047893
2026-08-19 18:01:08 | INFO | epoch=040 train_batch=350/392 running_loss=0.047878
2026-08-19 18:01:08 | INFO | epoch=040 train_batch=360/392 running_loss=0.047959
2026-08-19 18:01:09 | INFO | epoch=040 train_batch=370/392 running_loss=0.048050
2026-08-19 18:01:09 | INFO | epoch=040 train_batch=380/392 running_loss=0.048191
2026-08-19 18:01:09 | INFO | epoch=040 train_batch=390/392 running_loss=0.048280
2026-08-19 18:01:09 | INFO | epoch=040 train_batch=392/392 running_loss=0.048274
2026-08-19 18:01:10 | INFO | epoch=040 train_loss=0.048274 validation_loss=0.295528
2026-08-19 18:01:10 | INFO | epoch=041 train_batch=10/392 running_loss=0.049853
2026-08-19 18:01:11 | INFO | epoch=041 train_batch=20/392 running_loss=0.050665
2026-08-19 18:01:11 | INFO | epoch=041 train_batch=30/392 running_loss=0.048227
2026-08-19 18:01:11 | INFO | epoch=041 train_batch=40/392 running_loss=0.048033
2026-08-19 18:01:12 | INFO | epoch=041 train_batch=50/392 running_loss=0.047614
2026-08-19 18:01:12 | INFO | epoch=041 train_batch=60/392 running_loss=0.047357
2026-08-19 18:01:12 | INFO | epoch=041 train_batch=70/392 running_loss=0.047204
2026-08-19 18:01:12 | INFO | epoch=041 train_batch=80/392 running_loss=0.047514
2026-08-19 18:01:13 | INFO | epoch=041 train_batch=90/392 running_loss=0.047652
2026-08-19 18:01:13 | INFO | epoch=041 train_batch=100/392 running_loss=0.048000
2026-08-19 18:01:13 | INFO | epoch=041 train_batch=110/392 running_loss=0.047789
2026-08-19 18:01:14 | INFO | epoch=041 train_batch=120/392 running_loss=0.047664
2026-08-19 18:01:14 | INFO | epoch=041 train_batch=130/392 running_loss=0.047886
2026-08-19 18:01:14 | INFO | epoch=041 train_batch=140/392 running_loss=0.047729
2026-08-19 18:01:14 | INFO | epoch=041 train_batch=150/392 running_loss=0.047809
2026-08-19 18:01:15 | INFO | epoch=041 train_batch=160/392 running_loss=0.047700
2026-08-19 18:01:15 | INFO | epoch=041 train_batch=170/392 running_loss=0.047693
2026-08-19 18:01:15 | INFO | epoch=041 train_batch=180/392 running_loss=0.047727
2026-08-19 18:01:16 | INFO | epoch=041 train_batch=190/392 running_loss=0.047810
2026-08-19 18:01:16 | INFO | epoch=041 train_batch=200/392 running_loss=0.047803
2026-08-19 18:01:16 | INFO | epoch=041 train_batch=210/392 running_loss=0.047899
2026-08-19 18:01:16 | INFO | epoch=041 train_batch=220/392 running_loss=0.047828
2026-08-19 18:01:17 | INFO | epoch=041 train_batch=230/392 running_loss=0.047741
2026-08-19 18:01:17 | INFO | epoch=041 train_batch=240/392 running_loss=0.047753
2026-08-19 18:01:17 | INFO | epoch=041 train_batch=250/392 running_loss=0.047811
2026-08-19 18:01:18 | INFO | epoch=041 train_batch=260/392 running_loss=0.047844
2026-08-19 18:01:18 | INFO | epoch=041 train_batch=270/392 running_loss=0.047825
2026-08-19 18:01:18 | INFO | epoch=041 train_batch=280/392 running_loss=0.047897
2026-08-19 18:01:18 | INFO | epoch=041 train_batch=290/392 running_loss=0.047885
2026-08-19 18:01:19 | INFO | epoch=041 train_batch=300/392 running_loss=0.047923
2026-08-19 18:01:19 | INFO | epoch=041 train_batch=310/392 running_loss=0.047959
2026-08-19 18:01:19 | INFO | epoch=041 train_batch=320/392 running_loss=0.047859
2026-08-19 18:01:20 | INFO | epoch=041 train_batch=330/392 running_loss=0.047873
2026-08-19 18:01:20 | INFO | epoch=041 train_batch=340/392 running_loss=0.047958
2026-08-19 18:01:20 | INFO | epoch=041 train_batch=350/392 running_loss=0.047903
2026-08-19 18:01:20 | INFO | epoch=041 train_batch=360/392 running_loss=0.047931
2026-08-19 18:01:21 | INFO | epoch=041 train_batch=370/392 running_loss=0.047958
2026-08-19 18:01:21 | INFO | epoch=041 train_batch=380/392 running_loss=0.047995
2026-08-19 18:01:21 | INFO | epoch=041 train_batch=390/392 running_loss=0.047941
2026-08-19 18:01:21 | INFO | epoch=041 train_batch=392/392 running_loss=0.047952
2026-08-19 18:01:22 | INFO | epoch=041 train_loss=0.047952 validation_loss=0.290872
2026-08-19 18:01:22 | INFO | epoch=042 train_batch=10/392 running_loss=0.043059
2026-08-19 18:01:23 | INFO | epoch=042 train_batch=20/392 running_loss=0.046596
2026-08-19 18:01:23 | INFO | epoch=042 train_batch=30/392 running_loss=0.047171
2026-08-19 18:01:23 | INFO | epoch=042 train_batch=40/392 running_loss=0.047444
2026-08-19 18:01:23 | INFO | epoch=042 train_batch=50/392 running_loss=0.047072
2026-08-19 18:01:24 | INFO | epoch=042 train_batch=60/392 running_loss=0.047007
2026-08-19 18:01:24 | INFO | epoch=042 train_batch=70/392 running_loss=0.047076
2026-08-19 18:01:24 | INFO | epoch=042 train_batch=80/392 running_loss=0.047498
2026-08-19 18:01:25 | INFO | epoch=042 train_batch=90/392 running_loss=0.047710
2026-08-19 18:01:25 | INFO | epoch=042 train_batch=100/392 running_loss=0.047565
2026-08-19 18:01:25 | INFO | epoch=042 train_batch=110/392 running_loss=0.047567
2026-08-19 18:01:25 | INFO | epoch=042 train_batch=120/392 running_loss=0.047315
2026-08-19 18:01:26 | INFO | epoch=042 train_batch=130/392 running_loss=0.047187
2026-08-19 18:01:26 | INFO | epoch=042 train_batch=140/392 running_loss=0.047455
2026-08-19 18:01:26 | INFO | epoch=042 train_batch=150/392 running_loss=0.047586
2026-08-19 18:01:27 | INFO | epoch=042 train_batch=160/392 running_loss=0.047551
2026-08-19 18:01:27 | INFO | epoch=042 train_batch=170/392 running_loss=0.047794
2026-08-19 18:01:27 | INFO | epoch=042 train_batch=180/392 running_loss=0.047668
2026-08-19 18:01:27 | INFO | epoch=042 train_batch=190/392 running_loss=0.047582
2026-08-19 18:01:28 | INFO | epoch=042 train_batch=200/392 running_loss=0.047720
2026-08-19 18:01:28 | INFO | epoch=042 train_batch=210/392 running_loss=0.047742
2026-08-19 18:01:28 | INFO | epoch=042 train_batch=220/392 running_loss=0.047837
2026-08-19 18:01:29 | INFO | epoch=042 train_batch=230/392 running_loss=0.047727
2026-08-19 18:01:29 | INFO | epoch=042 train_batch=240/392 running_loss=0.047682
2026-08-19 18:01:29 | INFO | epoch=042 train_batch=250/392 running_loss=0.047710
2026-08-19 18:01:29 | INFO | epoch=042 train_batch=260/392 running_loss=0.047707
2026-08-19 18:01:30 | INFO | epoch=042 train_batch=270/392 running_loss=0.047747
2026-08-19 18:01:30 | INFO | epoch=042 train_batch=280/392 running_loss=0.047793
2026-08-19 18:01:30 | INFO | epoch=042 train_batch=290/392 running_loss=0.047721
2026-08-19 18:01:31 | INFO | epoch=042 train_batch=300/392 running_loss=0.047776
2026-08-19 18:01:31 | INFO | epoch=042 train_batch=310/392 running_loss=0.047659
2026-08-19 18:01:31 | INFO | epoch=042 train_batch=320/392 running_loss=0.047616
2026-08-19 18:01:31 | INFO | epoch=042 train_batch=330/392 running_loss=0.047637
2026-08-19 18:01:32 | INFO | epoch=042 train_batch=340/392 running_loss=0.047644
2026-08-19 18:01:32 | INFO | epoch=042 train_batch=350/392 running_loss=0.047647
2026-08-19 18:01:32 | INFO | epoch=042 train_batch=360/392 running_loss=0.047746
2026-08-19 18:01:33 | INFO | epoch=042 train_batch=370/392 running_loss=0.047834
2026-08-19 18:01:33 | INFO | epoch=042 train_batch=380/392 running_loss=0.047811
2026-08-19 18:01:33 | INFO | epoch=042 train_batch=390/392 running_loss=0.047802
2026-08-19 18:01:33 | INFO | epoch=042 train_batch=392/392 running_loss=0.047870
2026-08-19 18:01:34 | INFO | epoch=042 train_loss=0.047870 validation_loss=0.292286
2026-08-19 18:01:34 | INFO | epoch=043 train_batch=10/392 running_loss=0.047038
2026-08-19 18:01:35 | INFO | epoch=043 train_batch=20/392 running_loss=0.045902
2026-08-19 18:01:35 | INFO | epoch=043 train_batch=30/392 running_loss=0.047282
2026-08-19 18:01:35 | INFO | epoch=043 train_batch=40/392 running_loss=0.047408
2026-08-19 18:01:35 | INFO | epoch=043 train_batch=50/392 running_loss=0.047121
2026-08-19 18:01:36 | INFO | epoch=043 train_batch=60/392 running_loss=0.047390
2026-08-19 18:01:36 | INFO | epoch=043 train_batch=70/392 running_loss=0.047197
2026-08-19 18:01:36 | INFO | epoch=043 train_batch=80/392 running_loss=0.047410
2026-08-19 18:01:37 | INFO | epoch=043 train_batch=90/392 running_loss=0.047853
2026-08-19 18:01:37 | INFO | epoch=043 train_batch=100/392 running_loss=0.047801
2026-08-19 18:01:37 | INFO | epoch=043 train_batch=110/392 running_loss=0.047786
2026-08-19 18:01:37 | INFO | epoch=043 train_batch=120/392 running_loss=0.047739
2026-08-19 18:01:38 | INFO | epoch=043 train_batch=130/392 running_loss=0.047686
2026-08-19 18:01:38 | INFO | epoch=043 train_batch=140/392 running_loss=0.047678
2026-08-19 18:01:38 | INFO | epoch=043 train_batch=150/392 running_loss=0.047354
2026-08-19 18:01:39 | INFO | epoch=043 train_batch=160/392 running_loss=0.047277
2026-08-19 18:01:39 | INFO | epoch=043 train_batch=170/392 running_loss=0.047217
2026-08-19 18:01:39 | INFO | epoch=043 train_batch=180/392 running_loss=0.047008
2026-08-19 18:01:39 | INFO | epoch=043 train_batch=190/392 running_loss=0.047014
2026-08-19 18:01:40 | INFO | epoch=043 train_batch=200/392 running_loss=0.046997
2026-08-19 18:01:40 | INFO | epoch=043 train_batch=210/392 running_loss=0.047030
2026-08-19 18:01:40 | INFO | epoch=043 train_batch=220/392 running_loss=0.047014
2026-08-19 18:01:41 | INFO | epoch=043 train_batch=230/392 running_loss=0.047020
2026-08-19 18:01:41 | INFO | epoch=043 train_batch=240/392 running_loss=0.047063
2026-08-19 18:01:41 | INFO | epoch=043 train_batch=250/392 running_loss=0.047103
2026-08-19 18:01:41 | INFO | epoch=043 train_batch=260/392 running_loss=0.047126
2026-08-19 18:01:42 | INFO | epoch=043 train_batch=270/392 running_loss=0.047282
2026-08-19 18:01:42 | INFO | epoch=043 train_batch=280/392 running_loss=0.047326
2026-08-19 18:01:42 | INFO | epoch=043 train_batch=290/392 running_loss=0.047420
2026-08-19 18:01:43 | INFO | epoch=043 train_batch=300/392 running_loss=0.047426
2026-08-19 18:01:43 | INFO | epoch=043 train_batch=310/392 running_loss=0.047407
2026-08-19 18:01:43 | INFO | epoch=043 train_batch=320/392 running_loss=0.047308
2026-08-19 18:01:43 | INFO | epoch=043 train_batch=330/392 running_loss=0.047289
2026-08-19 18:01:44 | INFO | epoch=043 train_batch=340/392 running_loss=0.047408
2026-08-19 18:01:44 | INFO | epoch=043 train_batch=350/392 running_loss=0.047450
2026-08-19 18:01:44 | INFO | epoch=043 train_batch=360/392 running_loss=0.047407
2026-08-19 18:01:44 | INFO | epoch=043 train_batch=370/392 running_loss=0.047457
2026-08-19 18:01:45 | INFO | epoch=043 train_batch=380/392 running_loss=0.047393
2026-08-19 18:01:45 | INFO | epoch=043 train_batch=390/392 running_loss=0.047470
2026-08-19 18:01:45 | INFO | epoch=043 train_batch=392/392 running_loss=0.047508
2026-08-19 18:01:46 | INFO | epoch=043 train_loss=0.047508 validation_loss=0.284192
2026-08-19 18:01:46 | INFO | epoch=043 saved new best.pt
2026-08-19 18:01:46 | INFO | epoch=044 train_batch=10/392 running_loss=0.046313
2026-08-19 18:01:47 | INFO | epoch=044 train_batch=20/392 running_loss=0.046543
2026-08-19 18:01:47 | INFO | epoch=044 train_batch=30/392 running_loss=0.045331
2026-08-19 18:01:47 | INFO | epoch=044 train_batch=40/392 running_loss=0.045436
2026-08-19 18:01:47 | INFO | epoch=044 train_batch=50/392 running_loss=0.045715
2026-08-19 18:01:48 | INFO | epoch=044 train_batch=60/392 running_loss=0.046039
2026-08-19 18:01:48 | INFO | epoch=044 train_batch=70/392 running_loss=0.046428
2026-08-19 18:01:48 | INFO | epoch=044 train_batch=80/392 running_loss=0.046313
2026-08-19 18:01:49 | INFO | epoch=044 train_batch=90/392 running_loss=0.046596
2026-08-19 18:01:49 | INFO | epoch=044 train_batch=100/392 running_loss=0.046385
2026-08-19 18:01:49 | INFO | epoch=044 train_batch=110/392 running_loss=0.046199
2026-08-19 18:01:49 | INFO | epoch=044 train_batch=120/392 running_loss=0.046481
2026-08-19 18:01:50 | INFO | epoch=044 train_batch=130/392 running_loss=0.046633
2026-08-19 18:01:50 | INFO | epoch=044 train_batch=140/392 running_loss=0.046879
2026-08-19 18:01:50 | INFO | epoch=044 train_batch=150/392 running_loss=0.046903
2026-08-19 18:01:51 | INFO | epoch=044 train_batch=160/392 running_loss=0.046556
2026-08-19 18:01:51 | INFO | epoch=044 train_batch=170/392 running_loss=0.046594
2026-08-19 18:01:51 | INFO | epoch=044 train_batch=180/392 running_loss=0.046591
2026-08-19 18:01:51 | INFO | epoch=044 train_batch=190/392 running_loss=0.046449
2026-08-19 18:01:52 | INFO | epoch=044 train_batch=200/392 running_loss=0.046736
2026-08-19 18:01:52 | INFO | epoch=044 train_batch=210/392 running_loss=0.046698
2026-08-19 18:01:52 | INFO | epoch=044 train_batch=220/392 running_loss=0.046731
2026-08-19 18:01:53 | INFO | epoch=044 train_batch=230/392 running_loss=0.046735
2026-08-19 18:01:53 | INFO | epoch=044 train_batch=240/392 running_loss=0.046687
2026-08-19 18:01:53 | INFO | epoch=044 train_batch=250/392 running_loss=0.046671
2026-08-19 18:01:53 | INFO | epoch=044 train_batch=260/392 running_loss=0.046636
2026-08-19 18:01:54 | INFO | epoch=044 train_batch=270/392 running_loss=0.046927
2026-08-19 18:01:54 | INFO | epoch=044 train_batch=280/392 running_loss=0.046895
2026-08-19 18:01:54 | INFO | epoch=044 train_batch=290/392 running_loss=0.046879
2026-08-19 18:01:55 | INFO | epoch=044 train_batch=300/392 running_loss=0.046832
2026-08-19 18:01:55 | INFO | epoch=044 train_batch=310/392 running_loss=0.047014
2026-08-19 18:01:55 | INFO | epoch=044 train_batch=320/392 running_loss=0.047084
2026-08-19 18:01:55 | INFO | epoch=044 train_batch=330/392 running_loss=0.047043
2026-08-19 18:01:56 | INFO | epoch=044 train_batch=340/392 running_loss=0.047131
2026-08-19 18:01:56 | INFO | epoch=044 train_batch=350/392 running_loss=0.047186
2026-08-19 18:01:56 | INFO | epoch=044 train_batch=360/392 running_loss=0.047157
2026-08-19 18:01:57 | INFO | epoch=044 train_batch=370/392 running_loss=0.047218
2026-08-19 18:01:57 | INFO | epoch=044 train_batch=380/392 running_loss=0.047288
2026-08-19 18:01:57 | INFO | epoch=044 train_batch=390/392 running_loss=0.047313
2026-08-19 18:01:57 | INFO | epoch=044 train_batch=392/392 running_loss=0.047339
2026-08-19 18:01:58 | INFO | epoch=044 train_loss=0.047339 validation_loss=0.295031
2026-08-19 18:01:58 | INFO | epoch=045 train_batch=10/392 running_loss=0.046961
2026-08-19 18:01:59 | INFO | epoch=045 train_batch=20/392 running_loss=0.045881
2026-08-19 18:01:59 | INFO | epoch=045 train_batch=30/392 running_loss=0.046026
2026-08-19 18:01:59 | INFO | epoch=045 train_batch=40/392 running_loss=0.046413
2026-08-19 18:01:59 | INFO | epoch=045 train_batch=50/392 running_loss=0.046455
2026-08-19 18:02:00 | INFO | epoch=045 train_batch=60/392 running_loss=0.046134
2026-08-19 18:02:00 | INFO | epoch=045 train_batch=70/392 running_loss=0.046378
2026-08-19 18:02:00 | INFO | epoch=045 train_batch=80/392 running_loss=0.046633
2026-08-19 18:02:01 | INFO | epoch=045 train_batch=90/392 running_loss=0.046350
2026-08-19 18:02:01 | INFO | epoch=045 train_batch=100/392 running_loss=0.046386
2026-08-19 18:02:01 | INFO | epoch=045 train_batch=110/392 running_loss=0.046511
2026-08-19 18:02:02 | INFO | epoch=045 train_batch=120/392 running_loss=0.046415
2026-08-19 18:02:02 | INFO | epoch=045 train_batch=130/392 running_loss=0.046745
2026-08-19 18:02:02 | INFO | epoch=045 train_batch=140/392 running_loss=0.046855
2026-08-19 18:02:02 | INFO | epoch=045 train_batch=150/392 running_loss=0.046800
2026-08-19 18:02:03 | INFO | epoch=045 train_batch=160/392 running_loss=0.046818
2026-08-19 18:02:03 | INFO | epoch=045 train_batch=170/392 running_loss=0.046816
2026-08-19 18:02:03 | INFO | epoch=045 train_batch=180/392 running_loss=0.046933
2026-08-19 18:02:03 | INFO | epoch=045 train_batch=190/392 running_loss=0.047023
2026-08-19 18:02:04 | INFO | epoch=045 train_batch=200/392 running_loss=0.047029
2026-08-19 18:02:04 | INFO | epoch=045 train_batch=210/392 running_loss=0.047017
2026-08-19 18:02:04 | INFO | epoch=045 train_batch=220/392 running_loss=0.047107
2026-08-19 18:02:05 | INFO | epoch=045 train_batch=230/392 running_loss=0.047181
2026-08-19 18:02:05 | INFO | epoch=045 train_batch=240/392 running_loss=0.047292
2026-08-19 18:02:05 | INFO | epoch=045 train_batch=250/392 running_loss=0.047161
2026-08-19 18:02:05 | INFO | epoch=045 train_batch=260/392 running_loss=0.047161
2026-08-19 18:02:06 | INFO | epoch=045 train_batch=270/392 running_loss=0.047136
2026-08-19 18:02:06 | INFO | epoch=045 train_batch=280/392 running_loss=0.047034
2026-08-19 18:02:06 | INFO | epoch=045 train_batch=290/392 running_loss=0.047045
2026-08-19 18:02:07 | INFO | epoch=045 train_batch=300/392 running_loss=0.047094
2026-08-19 18:02:07 | INFO | epoch=045 train_batch=310/392 running_loss=0.047072
2026-08-19 18:02:07 | INFO | epoch=045 train_batch=320/392 running_loss=0.047090
2026-08-19 18:02:07 | INFO | epoch=045 train_batch=330/392 running_loss=0.047055
2026-08-19 18:02:08 | INFO | epoch=045 train_batch=340/392 running_loss=0.047207
2026-08-19 18:02:08 | INFO | epoch=045 train_batch=350/392 running_loss=0.047162
2026-08-19 18:02:08 | INFO | epoch=045 train_batch=360/392 running_loss=0.047244
2026-08-19 18:02:09 | INFO | epoch=045 train_batch=370/392 running_loss=0.047245
2026-08-19 18:02:09 | INFO | epoch=045 train_batch=380/392 running_loss=0.047291
2026-08-19 18:02:09 | INFO | epoch=045 train_batch=390/392 running_loss=0.047311
2026-08-19 18:02:09 | INFO | epoch=045 train_batch=392/392 running_loss=0.047277
2026-08-19 18:02:10 | INFO | epoch=045 train_loss=0.047277 validation_loss=0.301443
2026-08-19 18:02:10 | INFO | epoch=046 train_batch=10/392 running_loss=0.048277
2026-08-19 18:02:11 | INFO | epoch=046 train_batch=20/392 running_loss=0.047750
2026-08-19 18:02:11 | INFO | epoch=046 train_batch=30/392 running_loss=0.047319
2026-08-19 18:02:11 | INFO | epoch=046 train_batch=40/392 running_loss=0.046452
2026-08-19 18:02:11 | INFO | epoch=046 train_batch=50/392 running_loss=0.046529
2026-08-19 18:02:12 | INFO | epoch=046 train_batch=60/392 running_loss=0.046816
2026-08-19 18:02:12 | INFO | epoch=046 train_batch=70/392 running_loss=0.046525
2026-08-19 18:02:12 | INFO | epoch=046 train_batch=80/392 running_loss=0.046102
2026-08-19 18:02:13 | INFO | epoch=046 train_batch=90/392 running_loss=0.046019
2026-08-19 18:02:13 | INFO | epoch=046 train_batch=100/392 running_loss=0.046020
2026-08-19 18:02:13 | INFO | epoch=046 train_batch=110/392 running_loss=0.045727
2026-08-19 18:02:13 | INFO | epoch=046 train_batch=120/392 running_loss=0.045974
2026-08-19 18:02:14 | INFO | epoch=046 train_batch=130/392 running_loss=0.046158
2026-08-19 18:02:14 | INFO | epoch=046 train_batch=140/392 running_loss=0.046187
2026-08-19 18:02:14 | INFO | epoch=046 train_batch=150/392 running_loss=0.046162
2026-08-19 18:02:15 | INFO | epoch=046 train_batch=160/392 running_loss=0.046295
2026-08-19 18:02:15 | INFO | epoch=046 train_batch=170/392 running_loss=0.046203
2026-08-19 18:02:15 | INFO | epoch=046 train_batch=180/392 running_loss=0.046264
2026-08-19 18:02:15 | INFO | epoch=046 train_batch=190/392 running_loss=0.046440
2026-08-19 18:02:16 | INFO | epoch=046 train_batch=200/392 running_loss=0.046474
2026-08-19 18:02:16 | INFO | epoch=046 train_batch=210/392 running_loss=0.046434
2026-08-19 18:02:16 | INFO | epoch=046 train_batch=220/392 running_loss=0.046580
2026-08-19 18:02:17 | INFO | epoch=046 train_batch=230/392 running_loss=0.046756
2026-08-19 18:02:17 | INFO | epoch=046 train_batch=240/392 running_loss=0.046891
2026-08-19 18:02:17 | INFO | epoch=046 train_batch=250/392 running_loss=0.046837
2026-08-19 18:02:17 | INFO | epoch=046 train_batch=260/392 running_loss=0.046858
2026-08-19 18:02:18 | INFO | epoch=046 train_batch=270/392 running_loss=0.046922
2026-08-19 18:02:18 | INFO | epoch=046 train_batch=280/392 running_loss=0.046812
2026-08-19 18:02:18 | INFO | epoch=046 train_batch=290/392 running_loss=0.046909
2026-08-19 18:02:19 | INFO | epoch=046 train_batch=300/392 running_loss=0.046939
2026-08-19 18:02:19 | INFO | epoch=046 train_batch=310/392 running_loss=0.047014
2026-08-19 18:02:19 | INFO | epoch=046 train_batch=320/392 running_loss=0.047089
2026-08-19 18:02:19 | INFO | epoch=046 train_batch=330/392 running_loss=0.047135
2026-08-19 18:02:20 | INFO | epoch=046 train_batch=340/392 running_loss=0.047213
2026-08-19 18:02:20 | INFO | epoch=046 train_batch=350/392 running_loss=0.047193
2026-08-19 18:02:20 | INFO | epoch=046 train_batch=360/392 running_loss=0.047087
2026-08-19 18:02:21 | INFO | epoch=046 train_batch=370/392 running_loss=0.047094
2026-08-19 18:02:21 | INFO | epoch=046 train_batch=380/392 running_loss=0.047110
2026-08-19 18:02:21 | INFO | epoch=046 train_batch=390/392 running_loss=0.047044
2026-08-19 18:02:21 | INFO | epoch=046 train_batch=392/392 running_loss=0.047036
2026-08-19 18:02:22 | INFO | epoch=046 train_loss=0.047036 validation_loss=0.294834
2026-08-19 18:02:22 | INFO | epoch=047 train_batch=10/392 running_loss=0.047225
2026-08-19 18:02:23 | INFO | epoch=047 train_batch=20/392 running_loss=0.047409
2026-08-19 18:02:23 | INFO | epoch=047 train_batch=30/392 running_loss=0.046658
2026-08-19 18:02:23 | INFO | epoch=047 train_batch=40/392 running_loss=0.047420
2026-08-19 18:02:23 | INFO | epoch=047 train_batch=50/392 running_loss=0.048003
2026-08-19 18:02:24 | INFO | epoch=047 train_batch=60/392 running_loss=0.048179
2026-08-19 18:02:24 | INFO | epoch=047 train_batch=70/392 running_loss=0.048135
2026-08-19 18:02:24 | INFO | epoch=047 train_batch=80/392 running_loss=0.047745
2026-08-19 18:02:25 | INFO | epoch=047 train_batch=90/392 running_loss=0.047536
2026-08-19 18:02:25 | INFO | epoch=047 train_batch=100/392 running_loss=0.047596
2026-08-19 18:02:25 | INFO | epoch=047 train_batch=110/392 running_loss=0.048071
2026-08-19 18:02:25 | INFO | epoch=047 train_batch=120/392 running_loss=0.047920
2026-08-19 18:02:26 | INFO | epoch=047 train_batch=130/392 running_loss=0.047863
2026-08-19 18:02:26 | INFO | epoch=047 train_batch=140/392 running_loss=0.047577
2026-08-19 18:02:26 | INFO | epoch=047 train_batch=150/392 running_loss=0.047538
2026-08-19 18:02:27 | INFO | epoch=047 train_batch=160/392 running_loss=0.047539
2026-08-19 18:02:27 | INFO | epoch=047 train_batch=170/392 running_loss=0.047408
2026-08-19 18:02:27 | INFO | epoch=047 train_batch=180/392 running_loss=0.047516
2026-08-19 18:02:27 | INFO | epoch=047 train_batch=190/392 running_loss=0.047417
2026-08-19 18:02:28 | INFO | epoch=047 train_batch=200/392 running_loss=0.047331
2026-08-19 18:02:28 | INFO | epoch=047 train_batch=210/392 running_loss=0.047229
2026-08-19 18:02:28 | INFO | epoch=047 train_batch=220/392 running_loss=0.047197
2026-08-19 18:02:29 | INFO | epoch=047 train_batch=230/392 running_loss=0.047265
2026-08-19 18:02:29 | INFO | epoch=047 train_batch=240/392 running_loss=0.047317
2026-08-19 18:02:29 | INFO | epoch=047 train_batch=250/392 running_loss=0.047310
2026-08-19 18:02:29 | INFO | epoch=047 train_batch=260/392 running_loss=0.047303
2026-08-19 18:02:30 | INFO | epoch=047 train_batch=270/392 running_loss=0.047218
2026-08-19 18:02:30 | INFO | epoch=047 train_batch=280/392 running_loss=0.047199
2026-08-19 18:02:30 | INFO | epoch=047 train_batch=290/392 running_loss=0.047337
2026-08-19 18:02:30 | INFO | epoch=047 train_batch=300/392 running_loss=0.047307
2026-08-19 18:02:31 | INFO | epoch=047 train_batch=310/392 running_loss=0.047346
2026-08-19 18:02:31 | INFO | epoch=047 train_batch=320/392 running_loss=0.047231
2026-08-19 18:02:31 | INFO | epoch=047 train_batch=330/392 running_loss=0.047276
2026-08-19 18:02:32 | INFO | epoch=047 train_batch=340/392 running_loss=0.047214
2026-08-19 18:02:32 | INFO | epoch=047 train_batch=350/392 running_loss=0.047127
2026-08-19 18:02:32 | INFO | epoch=047 train_batch=360/392 running_loss=0.047083
2026-08-19 18:02:32 | INFO | epoch=047 train_batch=370/392 running_loss=0.047007
2026-08-19 18:02:33 | INFO | epoch=047 train_batch=380/392 running_loss=0.046973
2026-08-19 18:02:33 | INFO | epoch=047 train_batch=390/392 running_loss=0.046932
2026-08-19 18:02:33 | INFO | epoch=047 train_batch=392/392 running_loss=0.046905
2026-08-19 18:02:34 | INFO | epoch=047 train_loss=0.046905 validation_loss=0.299116
2026-08-19 18:02:34 | INFO | epoch=048 train_batch=10/392 running_loss=0.044628
2026-08-19 18:02:35 | INFO | epoch=048 train_batch=20/392 running_loss=0.045773
2026-08-19 18:02:35 | INFO | epoch=048 train_batch=30/392 running_loss=0.046946
2026-08-19 18:02:35 | INFO | epoch=048 train_batch=40/392 running_loss=0.046079
2026-08-19 18:02:35 | INFO | epoch=048 train_batch=50/392 running_loss=0.046408
2026-08-19 18:02:36 | INFO | epoch=048 train_batch=60/392 running_loss=0.046095
2026-08-19 18:02:36 | INFO | epoch=048 train_batch=70/392 running_loss=0.045878
2026-08-19 18:02:36 | INFO | epoch=048 train_batch=80/392 running_loss=0.045894
2026-08-19 18:02:37 | INFO | epoch=048 train_batch=90/392 running_loss=0.045690
2026-08-19 18:02:37 | INFO | epoch=048 train_batch=100/392 running_loss=0.045782
2026-08-19 18:02:37 | INFO | epoch=048 train_batch=110/392 running_loss=0.045951
2026-08-19 18:02:37 | INFO | epoch=048 train_batch=120/392 running_loss=0.045767
2026-08-19 18:02:38 | INFO | epoch=048 train_batch=130/392 running_loss=0.045960
2026-08-19 18:02:38 | INFO | epoch=048 train_batch=140/392 running_loss=0.046063
2026-08-19 18:02:38 | INFO | epoch=048 train_batch=150/392 running_loss=0.046194
2026-08-19 18:02:38 | INFO | epoch=048 train_batch=160/392 running_loss=0.046357
2026-08-19 18:02:39 | INFO | epoch=048 train_batch=170/392 running_loss=0.046542
2026-08-19 18:02:39 | INFO | epoch=048 train_batch=180/392 running_loss=0.046556
2026-08-19 18:02:39 | INFO | epoch=048 train_batch=190/392 running_loss=0.046562
2026-08-19 18:02:40 | INFO | epoch=048 train_batch=200/392 running_loss=0.046426
2026-08-19 18:02:40 | INFO | epoch=048 train_batch=210/392 running_loss=0.046505
2026-08-19 18:02:40 | INFO | epoch=048 train_batch=220/392 running_loss=0.046456
2026-08-19 18:02:40 | INFO | epoch=048 train_batch=230/392 running_loss=0.046590
2026-08-19 18:02:41 | INFO | epoch=048 train_batch=240/392 running_loss=0.046791
2026-08-19 18:02:41 | INFO | epoch=048 train_batch=250/392 running_loss=0.046828
2026-08-19 18:02:41 | INFO | epoch=048 train_batch=260/392 running_loss=0.046829
2026-08-19 18:02:42 | INFO | epoch=048 train_batch=270/392 running_loss=0.046844
2026-08-19 18:02:42 | INFO | epoch=048 train_batch=280/392 running_loss=0.046969
2026-08-19 18:02:42 | INFO | epoch=048 train_batch=290/392 running_loss=0.046895
2026-08-19 18:02:42 | INFO | epoch=048 train_batch=300/392 running_loss=0.046878
2026-08-19 18:02:43 | INFO | epoch=048 train_batch=310/392 running_loss=0.046835
2026-08-19 18:02:43 | INFO | epoch=048 train_batch=320/392 running_loss=0.046851
2026-08-19 18:02:43 | INFO | epoch=048 train_batch=330/392 running_loss=0.046865
2026-08-19 18:02:44 | INFO | epoch=048 train_batch=340/392 running_loss=0.046908
2026-08-19 18:02:44 | INFO | epoch=048 train_batch=350/392 running_loss=0.046882
2026-08-19 18:02:44 | INFO | epoch=048 train_batch=360/392 running_loss=0.046929
2026-08-19 18:02:44 | INFO | epoch=048 train_batch=370/392 running_loss=0.046801
2026-08-19 18:02:45 | INFO | epoch=048 train_batch=380/392 running_loss=0.046780
2026-08-19 18:02:45 | INFO | epoch=048 train_batch=390/392 running_loss=0.046845
2026-08-19 18:02:45 | INFO | epoch=048 train_batch=392/392 running_loss=0.046854
2026-08-19 18:02:46 | INFO | epoch=048 train_loss=0.046854 validation_loss=0.289692
2026-08-19 18:02:46 | INFO | epoch=049 train_batch=10/392 running_loss=0.046538
2026-08-19 18:02:46 | INFO | epoch=049 train_batch=20/392 running_loss=0.048438
2026-08-19 18:02:47 | INFO | epoch=049 train_batch=30/392 running_loss=0.047580
2026-08-19 18:02:47 | INFO | epoch=049 train_batch=40/392 running_loss=0.048786
2026-08-19 18:02:47 | INFO | epoch=049 train_batch=50/392 running_loss=0.047853
2026-08-19 18:02:47 | INFO | epoch=049 train_batch=60/392 running_loss=0.047432
2026-08-19 18:02:48 | INFO | epoch=049 train_batch=70/392 running_loss=0.047311
2026-08-19 18:02:48 | INFO | epoch=049 train_batch=80/392 running_loss=0.046918
2026-08-19 18:02:48 | INFO | epoch=049 train_batch=90/392 running_loss=0.046551
2026-08-19 18:02:49 | INFO | epoch=049 train_batch=100/392 running_loss=0.046552
2026-08-19 18:02:49 | INFO | epoch=049 train_batch=110/392 running_loss=0.046599
2026-08-19 18:02:49 | INFO | epoch=049 train_batch=120/392 running_loss=0.046588
2026-08-19 18:02:49 | INFO | epoch=049 train_batch=130/392 running_loss=0.046926
2026-08-19 18:02:50 | INFO | epoch=049 train_batch=140/392 running_loss=0.046761
2026-08-19 18:02:50 | INFO | epoch=049 train_batch=150/392 running_loss=0.046488
2026-08-19 18:02:50 | INFO | epoch=049 train_batch=160/392 running_loss=0.046454
2026-08-19 18:02:51 | INFO | epoch=049 train_batch=170/392 running_loss=0.046447
2026-08-19 18:02:51 | INFO | epoch=049 train_batch=180/392 running_loss=0.046472
2026-08-19 18:02:51 | INFO | epoch=049 train_batch=190/392 running_loss=0.046519
2026-08-19 18:02:51 | INFO | epoch=049 train_batch=200/392 running_loss=0.046620
2026-08-19 18:02:52 | INFO | epoch=049 train_batch=210/392 running_loss=0.046560
2026-08-19 18:02:52 | INFO | epoch=049 train_batch=220/392 running_loss=0.046450
2026-08-19 18:02:52 | INFO | epoch=049 train_batch=230/392 running_loss=0.046417
2026-08-19 18:02:53 | INFO | epoch=049 train_batch=240/392 running_loss=0.046366
2026-08-19 18:02:53 | INFO | epoch=049 train_batch=250/392 running_loss=0.046268
2026-08-19 18:02:53 | INFO | epoch=049 train_batch=260/392 running_loss=0.046279
2026-08-19 18:02:53 | INFO | epoch=049 train_batch=270/392 running_loss=0.046185
2026-08-19 18:02:54 | INFO | epoch=049 train_batch=280/392 running_loss=0.046140
2026-08-19 18:02:54 | INFO | epoch=049 train_batch=290/392 running_loss=0.046144
2026-08-19 18:02:54 | INFO | epoch=049 train_batch=300/392 running_loss=0.046091
2026-08-19 18:02:54 | INFO | epoch=049 train_batch=310/392 running_loss=0.046120
2026-08-19 18:02:55 | INFO | epoch=049 train_batch=320/392 running_loss=0.046195
2026-08-19 18:02:55 | INFO | epoch=049 train_batch=330/392 running_loss=0.046175
2026-08-19 18:02:55 | INFO | epoch=049 train_batch=340/392 running_loss=0.046399
2026-08-19 18:02:56 | INFO | epoch=049 train_batch=350/392 running_loss=0.046351
2026-08-19 18:02:56 | INFO | epoch=049 train_batch=360/392 running_loss=0.046341
2026-08-19 18:02:56 | INFO | epoch=049 train_batch=370/392 running_loss=0.046353
2026-08-19 18:02:56 | INFO | epoch=049 train_batch=380/392 running_loss=0.046332
2026-08-19 18:02:57 | INFO | epoch=049 train_batch=390/392 running_loss=0.046365
2026-08-19 18:02:57 | INFO | epoch=049 train_batch=392/392 running_loss=0.046355
2026-08-19 18:02:57 | INFO | epoch=049 train_loss=0.046355 validation_loss=0.299331
2026-08-19 18:02:58 | INFO | epoch=050 train_batch=10/392 running_loss=0.043632
2026-08-19 18:02:58 | INFO | epoch=050 train_batch=20/392 running_loss=0.043719
2026-08-19 18:02:58 | INFO | epoch=050 train_batch=30/392 running_loss=0.045043
2026-08-19 18:02:59 | INFO | epoch=050 train_batch=40/392 running_loss=0.045246
2026-08-19 18:02:59 | INFO | epoch=050 train_batch=50/392 running_loss=0.044672
2026-08-19 18:02:59 | INFO | epoch=050 train_batch=60/392 running_loss=0.044819
2026-08-19 18:03:00 | INFO | epoch=050 train_batch=70/392 running_loss=0.044567
2026-08-19 18:03:00 | INFO | epoch=050 train_batch=80/392 running_loss=0.044823
2026-08-19 18:03:00 | INFO | epoch=050 train_batch=90/392 running_loss=0.045024
2026-08-19 18:03:00 | INFO | epoch=050 train_batch=100/392 running_loss=0.045072
2026-08-19 18:03:01 | INFO | epoch=050 train_batch=110/392 running_loss=0.045223
2026-08-19 18:03:01 | INFO | epoch=050 train_batch=120/392 running_loss=0.045357
2026-08-19 18:03:01 | INFO | epoch=050 train_batch=130/392 running_loss=0.045441
2026-08-19 18:03:02 | INFO | epoch=050 train_batch=140/392 running_loss=0.045564
2026-08-19 18:03:02 | INFO | epoch=050 train_batch=150/392 running_loss=0.045591
2026-08-19 18:03:02 | INFO | epoch=050 train_batch=160/392 running_loss=0.045534
2026-08-19 18:03:02 | INFO | epoch=050 train_batch=170/392 running_loss=0.045504
2026-08-19 18:03:03 | INFO | epoch=050 train_batch=180/392 running_loss=0.045487
2026-08-19 18:03:03 | INFO | epoch=050 train_batch=190/392 running_loss=0.045430
2026-08-19 18:03:03 | INFO | epoch=050 train_batch=200/392 running_loss=0.045676
2026-08-19 18:03:03 | INFO | epoch=050 train_batch=210/392 running_loss=0.045796
2026-08-19 18:03:04 | INFO | epoch=050 train_batch=220/392 running_loss=0.045878
2026-08-19 18:03:04 | INFO | epoch=050 train_batch=230/392 running_loss=0.046161
2026-08-19 18:03:04 | INFO | epoch=050 train_batch=240/392 running_loss=0.046090
2026-08-19 18:03:05 | INFO | epoch=050 train_batch=250/392 running_loss=0.046287
2026-08-19 18:03:05 | INFO | epoch=050 train_batch=260/392 running_loss=0.046383
2026-08-19 18:03:05 | INFO | epoch=050 train_batch=270/392 running_loss=0.046320
2026-08-19 18:03:05 | INFO | epoch=050 train_batch=280/392 running_loss=0.046371
2026-08-19 18:03:06 | INFO | epoch=050 train_batch=290/392 running_loss=0.046364
2026-08-19 18:03:06 | INFO | epoch=050 train_batch=300/392 running_loss=0.046418
2026-08-19 18:03:06 | INFO | epoch=050 train_batch=310/392 running_loss=0.046341
2026-08-19 18:03:07 | INFO | epoch=050 train_batch=320/392 running_loss=0.046402
2026-08-19 18:03:07 | INFO | epoch=050 train_batch=330/392 running_loss=0.046373
2026-08-19 18:03:07 | INFO | epoch=050 train_batch=340/392 running_loss=0.046357
2026-08-19 18:03:07 | INFO | epoch=050 train_batch=350/392 running_loss=0.046437
2026-08-19 18:03:08 | INFO | epoch=050 train_batch=360/392 running_loss=0.046395
2026-08-19 18:03:08 | INFO | epoch=050 train_batch=370/392 running_loss=0.046331
2026-08-19 18:03:08 | INFO | epoch=050 train_batch=380/392 running_loss=0.046393
2026-08-19 18:03:09 | INFO | epoch=050 train_batch=390/392 running_loss=0.046390
2026-08-19 18:03:09 | INFO | epoch=050 train_batch=392/392 running_loss=0.046405
2026-08-19 18:03:09 | INFO | epoch=050 train_loss=0.046405 validation_loss=0.296131
2026-08-19 18:03:10 | INFO | Best validation loss: 0.284192; checkpoints saved in /bigdata/users/90967055/fuzzyDynamics/NeurIPS_Fuzzy_Dynamics_code/results/fuzzy_dynamics_20260819_175105_132894/checkpoint
2026-08-19 18:03:11 | INFO | Completed training
2026-08-19 18:03:11 | INFO | Starting evaluation: /bigdata/users/90967055/fuzzyDynamics/NeurIPS_Fuzzy_Dynamics_code/.venv/bin/python -m scripts.evaluate_fuzzy_dynamics --experiment-time 20260819_175105_132894 --activations /bigdata/users/90967055/fuzzyDynamics/NeurIPS_Fuzzy_Dynamics_code/cache/socrates_llama3_8b_tuned_full.pt --results-root /bigdata/users/90967055/fuzzyDynamics/NeurIPS_Fuzzy_Dynamics_code/results --device cuda --batch-size 16 --subset auto --semantic-event-quantile 0.75 --event-id-field uid --log-dir /bigdata/users/90967055/fuzzyDynamics/NeurIPS_Fuzzy_Dynamics_code/logs --log-every-batches 10
2026-08-19 18:03:20 | INFO | Log file: /bigdata/users/90967055/fuzzyDynamics/NeurIPS_Fuzzy_Dynamics_code/logs/fuzzy_dynamics_20260819_175105_132894/evaluate_fuzzy_dynamics_20260819_180320_364174.log
2026-08-19 18:03:20 | INFO | Arguments: {'checkpoint': '/bigdata/users/90967055/fuzzyDynamics/NeurIPS_Fuzzy_Dynamics_code/results/fuzzy_dynamics_20260819_175105_132894/checkpoint/best.pt', 'experiment_time': '20260819_175105_132894', 'latest': False, 'results_root': '/bigdata/users/90967055/fuzzyDynamics/NeurIPS_Fuzzy_Dynamics_code/results', 'activations': '/bigdata/users/90967055/fuzzyDynamics/NeurIPS_Fuzzy_Dynamics_code/cache/socrates_llama3_8b_tuned_full.pt', 'output_dir': None, 'batch_size': 16, 'device': 'cuda', 'split_file': None, 'subset': 'auto', 'semantic_events': None, 'event_id_field': 'uid', 'allow_missing_events': False, 'semantic_event_quantile': 0.75, 'include_operation_proxies': False, 'skip_semantic_alignment': False, 'skip_rollout': False, 'log_dir': '/bigdata/users/90967055/fuzzyDynamics/NeurIPS_Fuzzy_Dynamics_code/logs', 'log_every_batches': 10}
2026-08-19 18:03:20 | INFO | experiment_time=20260819_175105_132894
2026-08-19 18:03:58 | INFO | subset=validation selected=968 holdout_status=verified_training_split_validation
2026-08-19 18:03:58 | INFO | Evaluation outputs: /bigdata/users/90967055/fuzzyDynamics/NeurIPS_Fuzzy_Dynamics_code/results/fuzzy_dynamics_20260819_175105_132894/evaluation
2026-08-19 18:03:59 | INFO | batch=10/61 evaluated_queries=160/968
2026-08-19 18:03:59 | INFO | batch=20/61 evaluated_queries=320/968
2026-08-19 18:04:00 | INFO | batch=30/61 evaluated_queries=480/968
2026-08-19 18:04:01 | INFO | batch=40/61 evaluated_queries=640/968
2026-08-19 18:04:01 | INFO | batch=50/61 evaluated_queries=800/968
2026-08-19 18:04:02 | INFO | batch=60/61 evaluated_queries=960/968
2026-08-19 18:04:02 | INFO | batch=61/61 evaluated_queries=968/968
2026-08-19 18:04:04 | INFO | Metrics:
{
  "schema_version": 2,
  "evaluation": {
    "schema_version": 2,
    "experiment_time": "20260819_175105_132894",
    "checkpoint": "/bigdata/users/90967055/fuzzyDynamics/NeurIPS_Fuzzy_Dynamics_code/results/fuzzy_dynamics_20260819_175105_132894/checkpoint/best.pt",
    "activations": "/bigdata/users/90967055/fuzzyDynamics/NeurIPS_Fuzzy_Dynamics_code/cache/socrates_llama3_8b_tuned_full.pt",
    "checkpoint_epoch": 43,
    "cache_model_name": "data/models/Meta-Llama-3-8B",
    "device": "cuda",
    "selection": {
      "subset": "validation",
      "split_file": "/bigdata/users/90967055/fuzzyDynamics/NeurIPS_Fuzzy_Dynamics_code/results/fuzzy_dynamics_20260819_175105_132894/training/split.json",
      "split_by": "category",
      "selected_count": 968,
      "cache_count": 7232,
      "selected_indices_sha256": "09f634ccf99d44d62f53282ca268829ea5a17a1acb987ceddb712ad44d16054f",
      "same_as_training_activation_cache": true,
      "holdout_status": "verified_training_split_validation"
    },
    "semantic_events": {
      "kind": "automatic_training_prior_overlapping_proxies",
      "independent_of_training": false,
      "layer_axis": "transition_s_l_to_s_l_plus_1",
      "include_operation_proxies": false,
      "first_token_bridge_and_answer_scores": true
    }
  },
  "fidelity": {
    "one_step": {
      "mse": 0.09500662982463837,
      "mae": 0.18357668817043304,
      "r2": 0.7276774216222425,
      "r2_defined": true,
      "r2_reason": null,
      "target_sum_squares": 1394072.3634938558,
      "target_variance": 0.3488753392208261,
      "cosine_similarity": 0.8192532658576965,
      "per_layer": [
        {
          "layer": 0,
          "mse": 0.004271897953003645,
          "mae": 0.039008162915706635,
          "r2": 0.6454991657435343,
          "r2_defined": true,
          "r2_reason": null,
          "target_sum_squares": 1504.7649831598783,
          "target_variance": 0.01205045953584373,
          "cosine_similarity": 0.9890261292457581
        },
        {
          "layer": 1,
          "mse": 0.015217488631606102,
          "mae": 0.0693308636546135,
          "r2": 0.5766631296517004,
          "r2_defined": true,
          "r2_reason": null,
          "target_sum_squares": 4488.714180962281,
          "target_variance": 0.03594652268692966,
          "cosine_similarity": 0.9162454009056091
        },
        {
          "layer": 2,
          "mse": 0.026067545637488365,
          "mae": 0.0875687375664711,
          "r2": 0.5407168391689394,
          "r2_defined": true,
          "r2_reason": null,
          "target_sum_squares": 7087.36261715897,
          "target_variance": 0.056757020125880665,
          "cosine_similarity": 0.9148516058921814
        },
        {
          "layer": 3,
          "mse": 0.04488746449351311,
          "mae": 0.12123291939496994,
          "r2": 0.4895154421016693,
          "r2_defined": true,
          "r2_reason": null,
          "target_sum_squares": 10980.130952548676,
          "target_variance": 0.08793108905558232,
          "cosine_similarity": 0.8765985369682312
        },
        {
          "layer": 4,
          "mse": 0.08653465658426285,
          "mae": 0.15368537604808807,
          "r2": 0.3625291510556836,
          "r2_defined": true,
          "r2_reason": null,
          "target_sum_squares": 16950.980577539034,
          "target_variance": 0.13574684939409182,
          "cosine_similarity": 0.8499023914337158
        },
        {
          "layer": 5,
          "mse": 0.07211259007453918,
          "mae": 0.14859560132026672,
          "r2": 0.5685679446227128,
          "r2_defined": true,
          "r2_reason": null,
          "target_sum_squares": 20871.987512408257,
          "target_variance": 0.1671470586873619,
          "cosine_similarity": 0.8547685742378235
        },
        {
          "layer": 6,
          "mse": 0.08421703428030014,
          "mae": 0.15498477220535278,
          "r2": 0.31725465689069177,
          "r2_defined": true,
          "r2_reason": null,
          "target_sum_squares": 15403.03366659365,
          "target_variance": 0.12335058032700405,
          "cosine_similarity": 0.780057430267334
        },
        {
          "layer": 7,
          "mse": 0.07739561051130295,
          "mae": 0.15851816534996033,
          "r2": 0.45968794714583583,
          "r2_defined": true,
          "r2_reason": null,
          "target_sum_squares": 17886.969225619174,
          "target_variance": 0.1432424340574282,
          "cosine_similarity": 0.8045510649681091
        },
        {
          "layer": 8,
          "mse": 0.06660332530736923,
          "mae": 0.14864186942577362,
          "r2": 0.5631676001433208,
          "r2_defined": true,
          "r2_reason": null,
          "target_sum_squares": 19039.088345405777,
          "target_variance": 0.15246883485013274,
          "cosine_similarity": 0.866850733757019
        },
        {
          "layer": 9,
          "mse": 0.06941903382539749,
          "mae": 0.15443025529384613,
          "r2": 0.5687340379843873,
          "r2_defined": true,
          "r2_reason": null,
          "target_sum_squares": 20100.111204729386,
          "target_variance": 0.16096571853361352,
          "cosine_similarity": 0.8894037008285522
        },
        {
          "layer": 10,
          "mse": 0.05084509775042534,
          "mae": 0.13234984874725342,
          "r2": 0.6194281340345147,
          "r2_defined": true,
          "r2_reason": null,
          "target_sum_squares": 16683.127618801278,
          "target_variance": 0.1336018292235351,
          "cosine_similarity": 0.8785408735275269
        },
        {
          "layer": 11,
          "mse": 0.05379718169569969,
          "mae": 0.1350828856229782,
          "r2": 0.5254639233517249,
          "r2_defined": true,
          "r2_reason": null,
          "target_sum_squares": 14156.482182439115,
          "target_variance": 0.11336794623645906,
          "cosine_similarity": 0.9024019241333008
        },
        {
          "layer": 12,
          "mse": 0.056045059114694595,
          "mae": 0.14137840270996094,
          "r2": 0.548777537700113,
          "r2_defined": true,
          "r2_reason": null,
          "target_sum_squares": 15509.996092167788,
          "target_variance": 0.12420715686597307,
          "cosine_similarity": 0.8781260251998901
        },
        {
          "layer": 13,
          "mse": 0.0557275265455246,
          "mae": 0.14239928126335144,
          "r2": 0.5405118508069595,
          "r2_defined": true,
          "r2_reason": null,
          "target_sum_squares": 15144.693890839744,
          "target_variance": 0.12128174363219732,
          "cosine_similarity": 0.8980326652526855
        },
        {
          "layer": 14,
          "mse": 0.061426956206560135,
          "mae": 0.14912749826908112,
          "r2": 0.5519304227414487,
          "r2_defined": true,
          "r2_reason": null,
          "target_sum_squares": 17119.007818335594,
          "target_variance": 0.1370924452105804,
          "cosine_similarity": 0.8825538158416748
        },
        {
          "layer": 15,
          "mse": 0.11207835376262665,
          "mae": 0.19653202593326569,
          "r2": 0.22072753407278223,
          "r2_defined": true,
          "r2_reason": null,
          "target_sum_squares": 17959.63447051267,
          "target_variance": 0.1438243519004474,
          "cosine_similarity": 0.8298130035400391
        },
        {
          "layer": 16,
          "mse": 0.08130770921707153,
          "mae": 0.18132498860359192,
          "r2": 0.330185319039477,
          "r2_defined": true,
          "r2_reason": null,
          "target_sum_squares": 15158.008471849742,
          "target_variance": 0.12138836946513022,
          "cosine_similarity": 0.8352365493774414
        },
        {
          "layer": 17,
          "mse": 0.07957964390516281,
          "mae": 0.18880005180835724,
          "r2": 0.21480269519736095,
          "r2_defined": true,
          "r2_reason": null,
          "target_sum_squares": 12655.761974436135,
          "target_variance": 0.1013498780706334,
          "cosine_similarity": 0.814170777797699
        },
        {
          "layer": 18,
          "mse": 0.07854082435369492,
          "mae": 0.19152477383613586,
          "r2": 0.032112127470004914,
          "r2_defined": true,
          "r2_reason": null,
          "target_sum_squares": 10132.939917765194,
          "target_variance": 0.08114661347431926,
          "cosine_similarity": 0.7910351157188416
        },
        {
          "layer": 19,
          "mse": 0.05590444803237915,
          "mae": 0.16475364565849304,
          "r2": -0.001151826747511242,
          "r2_defined": true,
          "r2_reason": null,
          "target_sum_squares": 6972.868885010087,
          "target_variance": 0.0558401313746083,
          "cosine_similarity": 0.802507758140564
        },
        {
          "layer": 20,
          "mse": 0.049163687974214554,
          "mae": 0.15629731118679047,
          "r2": 0.021313903860610717,
          "r2_defined": true,
          "r2_reason": null,
          "target_sum_squares": 6272.866934153009,
          "target_variance": 0.05023437547370915,
          "cosine_similarity": 0.8129823803901672
        },
        {
          "layer": 21,
          "mse": 0.14546528458595276,
          "mae": 0.25942862033843994,
          "r2": -0.9606859473972216,
          "r2_defined": true,
          "r2_reason": null,
          "target_sum_squares": 9264.3814314546,
          "target_variance": 0.07419102305924948,
          "cosine_similarity": 0.7039721012115479
        },
        {
          "layer": 22,
          "mse": 0.1017865315079689,
          "mae": 0.22640261054039001,
          "r2": -0.7080667515843728,
          "r2_defined": true,
          "r2_reason": null,
          "target_sum_squares": 7441.329737064625,
          "target_variance": 0.05959165975610725,
          "cosine_similarity": 0.6453801393508911
        },
        {
          "layer": 23,
          "mse": 0.09590644389390945,
          "mae": 0.21561676263809204,
          "r2": -0.6072814897960339,
          "r2_defined": true,
          "r2_reason": null,
          "target_sum_squares": 7451.108936691199,
          "target_variance": 0.05966997354644115,
          "cosine_similarity": 0.6529199481010437
        },
        {
          "layer": 24,
          "mse": 0.07740435749292374,
          "mae": 0.20298999547958374,
          "r2": -0.26076911660642854,
          "r2_defined": true,
          "r2_reason": null,
          "target_sum_squares": 7666.460552109102,
          "target_variance": 0.06139455243856991,
          "cosine_similarity": 0.6778601408004761
        },
        {
          "layer": 25,
          "mse": 0.06737370789051056,
          "mae": 0.18964728713035583,
          "r2": -0.3971493698575974,
          "r2_defined": true,
          "r2_reason": null,
          "target_sum_squares": 6021.610896967395,
          "target_variance": 0.048222266776918724,
          "cosine_similarity": 0.6528294682502747
        },
        {
          "layer": 26,
          "mse": 0.06700683385133743,
          "mae": 0.19091197848320007,
          "r2": -0.23907032422791552,
          "r2_defined": true,
          "r2_reason": null,
          "target_sum_squares": 6752.86727066692,
          "target_variance": 0.054078314359239224,
          "cosine_similarity": 0.6721110343933105
        },
        {
          "layer": 27,
          "mse": 0.06578788161277771,
          "mae": 0.18909116089344025,
          "r2": -0.16568978276081348,
          "r2_defined": true,
          "r2_reason": null,
          "target_sum_squares": 7047.384399220841,
          "target_variance": 0.05643686654510892,
          "cosine_similarity": 0.7289177775382996
        },
        {
          "layer": 28,
          "mse": 0.08567400276660919,
          "mae": 0.21685896813869476,
          "r2": -0.4822964474796896,
          "r2_defined": true,
          "r2_reason": null,
          "target_sum_squares": 7217.37097797736,
          "target_variance": 0.057798153132626685,
          "cosine_similarity": 0.7619983553886414
        },
        {
          "layer": 29,
          "mse": 0.09079070389270782,
          "mae": 0.22802704572677612,
          "r2": -0.3052210674318807,
          "r2_defined": true,
          "r2_reason": null,
          "target_sum_squares": 8686.051387196292,
          "target_variance": 0.0695596401691035,
          "cosine_similarity": 0.8900975584983826
        },
        {
          "layer": 30,
          "mse": 0.128540500998497,
          "mae": 0.27175816893577576,
          "r2": 0.34620325022498266,
          "r2_defined": true,
          "r2_reason": null,
          "target_sum_squares": 24550.61095391214,
          "target_variance": 0.19660621239278733,
          "cosine_similarity": 0.8935104012489319
        },
        {
          "layer": 31,
          "mse": 0.8333327770233154,
          "mae": 0.6681538224220276,
          "r2": 0.5747876049802041,
          "r2_defined": true,
          "r2_reason": null,
          "target_sum_squares": 244724.60245270666,
          "target_variance": 1.959803658568027,
          "cosine_similarity": 0.8688517808914185
        }
      ],
      "layer_macro_r2": 0.1715999404405998,
      "early_layers_0_8_macro_r2": 0.5026224307248987,
      "middle_layers_9_17_macro_r2": 0.45784016165875197,
      "late_layers_18_29_macro_r2": -0.3394963410465708,
      "final_layers_30_31_macro_r2": 0.4604954276025934,
      "components": {
        "z": {
          "mse": 0.04069967567920685,
          "mae": 0.11117265373468399,
          "r2": 0.8093808053732332,
          "r2_defined": true,
          "r2_reason": null,
          "target_sum_squares": 423281.8383382081,
          "target_variance": 0.2135130011633039,
          "cosine_similarity": 0.6885154247283936
        },
        "concept": {
          "mse": 0.09520289301872253,
          "mae": 0.17694708704948425,
          "r2": 0.6563072246568454,
          "r2_defined": true,
          "r2_reason": null,
          "target_sum_squares": 274571.25455954915,
          "target_variance": 0.2769999904760431,
          "cosine_similarity": 0.7142484188079834
        },
        "belief": {
          "mse": 0.20621691644191742,
          "mae": 0.33920004963874817,
          "r2": 0.706279979873925,
          "r2_defined": true,
          "r2_reason": null,
          "target_sum_squares": 695930.7583267954,
          "target_variance": 0.7020866541100321,
          "cosine_similarity": 0.8208516240119934
        },
        "uncertainty": {
          "mse": 0.005642578471451998,
          "mae": 0.04963385686278343,
          "r2": 0.3941869545006783,
          "r2_defined": true,
          "r2_reason": null,
          "target_sum_squares": 288.5122693030185,
          "target_variance": 0.009314058280701787,
          "cosine_similarity": 0.5353176593780518
        }
      },
      "macro_r2": 0.6415387411011705,
      "macro_r2_available_components": 0.6415387411011705,
      "macro_r2_defined_components": 4
    },
    "conditional_rollout": {
      "kind": "conditional_on_observed_attention_and_mlp",
      "initial_state_mse": 0.0,
      "rollout_error": 124458.78125,
      "mse": 964.7968139648438,
      "rmse": 31.06117820739746,
      "final_state_squared_l2": 486752.125,
      "final_state_mse": 3773.272705078125,
      "per_horizon": [
        {
          "horizon": 1,
          "squared_l2": 0.5510751008987427,
          "mse": 0.004271899349987507,
          "mae": 0.03900817036628723,
          "r2": 0.6857760262880521,
          "r2_defined": true,
          "r2_reason": null,
          "target_sum_squares": 1697.6445989357721,
          "target_variance": 0.013595078151513326,
          "cosine_similarity": 0.9862115979194641
        },
        {
          "horizon": 2,
          "squared_l2": 2.7364561557769775,
          "mse": 0.02121284045279026,
          "mae": 0.09054023027420044,
          "r2": 0.5208853468399764,
          "r2_defined": true,
          "r2_reason": null,
          "target_sum_squares": 5528.717813587747,
          "target_variance": 0.04427508019081737,
          "cosine_similarity": 0.9377269744873047
        },
        {
          "horizon": 3,
          "squared_l2": 12.077359199523926,
          "mse": 0.09362293779850006,
          "mae": 0.21020212769508362,
          "r2": -0.33408904563927,
          "r2_defined": true,
          "r2_reason": null,
          "target_sum_squares": 8763.196482446241,
          "target_variance": 0.0701774335515267,
          "cosine_similarity": 0.8228420615196228
        },
        {
          "horizon": 4,
          "squared_l2": 103.3932876586914,
          "mse": 0.8014983534812927,
          "mae": 0.6249954700469971,
          "r2": -6.244747502880465,
          "r2_defined": true,
          "r2_reason": null,
          "target_sum_squares": 13814.795697222693,
          "target_variance": 0.11063165238982872,
          "cosine_similarity": 0.5591962933540344
        },
        {
          "horizon": 5,
          "squared_l2": 290.0533142089844,
          "mse": 2.2484755516052246,
          "mae": 1.0906105041503906,
          "r2": -11.067358060173575,
          "r2_defined": true,
          "r2_reason": null,
          "target_sum_squares": 23267.033091598278,
          "target_variance": 0.1863270636459597,
          "cosine_similarity": 0.4419611096382141
        },
        {
          "horizon": 6,
          "squared_l2": 552.8131713867188,
          "mse": 4.285373210906982,
          "mae": 1.4748849868774414,
          "r2": -18.84093359253089,
          "r2_defined": true,
          "r2_reason": null,
          "target_sum_squares": 26970.662879789248,
          "target_variance": 0.21598647318685732,
          "cosine_similarity": 0.3780868649482727
        },
        {
          "horizon": 7,
          "squared_l2": 999.0313720703125,
          "mse": 7.744429111480713,
          "mae": 1.926512598991394,
          "r2": -40.229381286663546,
          "r2_defined": true,
          "r2_reason": null,
          "target_sum_squares": 23455.6606372593,
          "target_variance": 0.18783763083204644,
          "cosine_similarity": 0.29695925116539
        },
        {
          "horizon": 8,
          "squared_l2": 1924.6912841796875,
          "mse": 14.920087814331055,
          "mae": 2.6543846130371094,
          "r2": -65.25698507583522,
          "r2_defined": true,
          "r2_reason": null,
          "target_sum_squares": 28119.31705300069,
          "target_variance": 0.22518512599302237,
          "cosine_similarity": 0.2704402506351471
        },
        {
          "horizon": 9,
          "squared_l2": 3237.567138671875,
          "mse": 25.09741973876953,
          "mae": 3.4373698234558105,
          "r2": -107.47656411316709,
          "r2_defined": true,
          "r2_reason": null,
          "target_sum_squares": 28890.710143084896,
          "target_variance": 0.23136259644343724,
          "cosine_similarity": 0.17901912331581116
        },
        {
          "horizon": 10,
          "squared_l2": 5696.1689453125,
          "mse": 44.15634536743164,
          "mae": 4.575583457946777,
          "r2": -165.1753787682478,
          "r2_defined": true,
          "r2_reason": null,
          "target_sum_squares": 33181.15730159258,
          "target_variance": 0.26572135708239303,
          "cosine_similarity": 0.18584173917770386
        },
        {
          "horizon": 11,
          "squared_l2": 8703.19140625,
          "mse": 67.46659088134766,
          "mae": 5.629015922546387,
          "r2": -257.8520378594595,
          "r2_defined": true,
          "r2_reason": null,
          "target_sum_squares": 32546.347999201287,
          "target_variance": 0.26063767697483253,
          "cosine_similarity": 0.1579817235469818
        },
        {
          "horizon": 12,
          "squared_l2": 13996.4482421875,
          "mse": 108.49961853027344,
          "mae": 7.112278938293457,
          "r2": -435.48538232942195,
          "r2_defined": true,
          "r2_reason": null,
          "target_sum_squares": 31040.13161921609,
          "target_variance": 0.24857559436235577,
          "cosine_similarity": 0.09361395984888077
        },
        {
          "horizon": 13,
          "squared_l2": 18958.244140625,
          "mse": 146.963134765625,
          "mae": 8.271394729614258,
          "r2": -646.3503618109637,
          "r2_defined": true,
          "r2_reason": null,
          "target_sum_squares": 28348.760488127293,
          "target_variance": 0.22702255500133972,
          "cosine_similarity": 0.06222260370850563
        },
        {
          "horizon": 14,
          "squared_l2": 28806.640625,
          "mse": 223.3072967529297,
          "mae": 10.263010025024414,
          "r2": -918.3306205961203,
          "r2_defined": true,
          "r2_reason": null,
          "target_sum_squares": 30331.665355299123,
          "target_variance": 0.24290205454624833,
          "cosine_similarity": 0.04261401295661926
        },
        {
          "horizon": 15,
          "squared_l2": 35776.1328125,
          "mse": 277.3343505859375,
          "mae": 11.441788673400879,
          "r2": -1132.8857055884532,
          "r2_defined": true,
          "r2_reason": null,
          "target_sum_squares": 30542.140177749396,
          "target_variance": 0.24458757910299664,
          "cosine_similarity": 0.017276527360081673
        },
        {
          "horizon": 16,
          "squared_l2": 50267.49609375,
          "mse": 389.6705017089844,
          "mae": 13.645976066589355,
          "r2": -1536.8024566478846,
          "r2_defined": true,
          "r2_reason": null,
          "target_sum_squares": 31641.864132278584,
          "target_variance": 0.25339438891247507,
          "cosine_similarity": 0.006883084774017334
        },
        {
          "horizon": 17,
          "squared_l2": 59605.5625,
          "mse": 462.0586853027344,
          "mae": 14.892145156860352,
          "r2": -1658.8638199970328,
          "r2_defined": true,
          "r2_reason": null,
          "target_sum_squares": 34760.79656265526,
          "target_variance": 0.27837142484027855,
          "cosine_similarity": 0.04159801825881004
        },
        {
          "horizon": 18,
          "squared_l2": 79551.390625,
          "mse": 616.6774291992188,
          "mae": 17.25640869140625,
          "r2": -2218.145627264818,
          "r2_defined": true,
          "r2_reason": null,
          "target_sum_squares": 34700.626060864386,
          "target_variance": 0.2778895674039367,
          "cosine_similarity": -0.011394402012228966
        },
        {
          "horizon": 19,
          "squared_l2": 91230.015625,
          "mse": 707.2094116210938,
          "mae": 18.521276473999023,
          "r2": -2417.0358811014335,
          "r2_defined": true,
          "r2_reason": null,
          "target_sum_squares": 36521.64785580981,
          "target_variance": 0.2924726748655408,
          "cosine_similarity": 0.0011106833117082715
        },
        {
          "horizon": 20,
          "squared_l2": 113104.9609375,
          "mse": 876.7825317382812,
          "mae": 20.694974899291992,
          "r2": -2910.5949164521467,
          "r2_defined": true,
          "r2_reason": null,
          "target_sum_squares": 37603.30608729802,
          "target_variance": 0.30113481074458665,
          "cosine_similarity": -0.019321383908391
        },
        {
          "horizon": 21,
          "squared_l2": 127995.5234375,
          "mse": 992.2133178710938,
          "mae": 22.074359893798828,
          "r2": -3042.073783960546,
          "r2_defined": true,
          "r2_reason": null,
          "target_sum_squares": 40715.30000364104,
          "target_variance": 0.3260562816615497,
          "cosine_similarity": -0.06349653005599976
        },
        {
          "horizon": 22,
          "squared_l2": 160173.09375,
          "mse": 1241.65185546875,
          "mae": 24.749258041381836,
          "r2": -3095.3665291004854,
          "r2_defined": true,
          "r2_reason": null,
          "target_sum_squares": 50074.027053534584,
          "target_variance": 0.4010028433398567,
          "cosine_similarity": -0.08469417691230774
        },
        {
          "horizon": 23,
          "squared_l2": 177246.59375,
          "mse": 1374.0047607421875,
          "mae": 26.119321823120117,
          "r2": -3134.22915154361,
          "r2_defined": true,
          "r2_reason": null,
          "target_sum_squares": 54724.77591872067,
          "target_variance": 0.43824697224934867,
          "cosine_similarity": -0.11661773920059204
        },
        {
          "horizon": 24,
          "squared_l2": 208180.25,
          "mse": 1613.8004150390625,
          "mae": 28.36737632751465,
          "r2": -2987.063523210058,
          "r2_defined": true,
          "r2_reason": null,
          "target_sum_squares": 67441.16546263287,
          "target_variance": 0.540082368045942,
          "cosine_similarity": -0.10192108899354935
        },
        {
          "horizon": 25,
          "squared_l2": 227705.65625,
          "mse": 1765.159912109375,
          "mae": 29.7619686126709,
          "r2": -2840.880107191541,
          "r2_defined": true,
          "r2_reason": null,
          "target_sum_squares": 77561.00298109978,
          "target_variance": 0.6211240548809964,
          "cosine_similarity": -0.08996880799531937
        },
        {
          "horizon": 26,
          "squared_l2": 267047.40625,
          "mse": 2070.135009765625,
          "mae": 32.24253463745117,
          "r2": -3126.5602163062126,
          "r2_defined": true,
          "r2_reason": null,
          "target_sum_squares": 82652.89549083232,
          "target_variance": 0.6619009504999706,
          "cosine_similarity": -0.06969374418258667
        },
        {
          "horizon": 27,
          "squared_l2": 289397.375,
          "mse": 2243.390869140625,
          "mae": 33.66632080078125,
          "r2": -3029.7104238980487,
          "r2_defined": true,
          "r2_reason": null,
          "target_sum_squares": 92432.67548590436,
          "target_variance": 0.7402193885411009,
          "cosine_similarity": -0.08000488579273224
        },
        {
          "horizon": 28,
          "squared_l2": 333303.40625,
          "mse": 2583.747314453125,
          "mae": 36.16085433959961,
          "r2": -3313.609050810357,
          "r2_defined": true,
          "r2_reason": null,
          "target_sum_squares": 97338.08414961738,
          "target_variance": 0.779502884150309,
          "cosine_similarity": -0.04695082828402519
        },
        {
          "horizon": 29,
          "squared_l2": 357395.5,
          "mse": 2770.5078125,
          "mae": 37.56214904785156,
          "r2": -3221.263495692165,
          "r2_defined": true,
          "r2_reason": null,
          "target_sum_squares": 107365.17096827851,
          "target_variance": 0.8598018047943375,
          "cosine_similarity": -0.04880204796791077
        },
        {
          "horizon": 30,
          "squared_l2": 403647.09375,
          "mse": 3129.047607421875,
          "mae": 39.924049377441406,
          "r2": -3171.345541971655,
          "r2_defined": true,
          "r2_reason": null,
          "target_sum_squares": 123167.67425852115,
          "target_variance": 0.9863514179201194,
          "cosine_similarity": -0.0575217679142952
        },
        {
          "horizon": 31,
          "squared_l2": 431017.90625,
          "mse": 3341.224365234375,
          "mae": 41.27321243286133,
          "r2": -2611.4698595486234,
          "r2_defined": true,
          "r2_reason": null,
          "target_sum_squares": 159705.33256065258,
          "target_variance": 1.2789523076482525,
          "cosine_similarity": -0.011408691294491291
        },
        {
          "horizon": 32,
          "squared_l2": 486752.125,
          "mse": 3773.272705078125,
          "mae": 43.80912399291992,
          "r2": -1292.72903940153,
          "r2_defined": true,
          "r2_reason": null,
          "target_sum_squares": 364199.9594647394,
          "target_variance": 2.916586260048205,
          "cosine_similarity": 0.1308327466249466
        }
      ],
      "positive_r2_horizon": 2,
      "components": {
        "z": {
          "mse": 979.2603149414062,
          "mae": 15.766542434692383,
          "r2": -1664.8420184373779,
          "r2_defined": true,
          "r2_reason": null,
          "target_sum_squares": 1165385.5875618435,
          "target_variance": 0.5878470365978113,
          "cosine_similarity": 0.1509087234735489
        },
        "concept": {
          "mse": 1061.8504638671875,
          "mae": 19.010494232177734,
          "r2": -1292.386466879348,
          "r2_defined": true,
          "r2_reason": null,
          "target_sum_squares": 813786.2754468084,
          "target_variance": 0.820984669024818,
          "cosine_similarity": 0.05805470794439316
        },
        "belief": {
          "mse": 868.9534301757812,
          "mae": 17.415124893188477,
          "r2": -678.2775311096374,
          "r2_defined": true,
          "r2_reason": null,
          "target_sum_squares": 1268015.4825935946,
          "target_variance": 1.2792317869011438,
          "cosine_similarity": 0.1539067029953003
        },
        "uncertainty": {
          "mse": 0.40549027919769287,
          "mae": 0.4343928098678589,
          "r2": -18.696788256070676,
          "r2_defined": true,
          "r2_reason": null,
          "target_sum_squares": 637.6911407382144,
          "target_variance": 0.020586619987674793,
          "cosine_similarity": 0.4675232470035553
        }
      },
      "macro_r2": -913.5507011706085,
      "macro_r2_available_components": -913.5507011706085,
      "macro_r2_defined_components": 4
    }
  },
  "semantic_alignment": {
    "modes": {
      "knowledge_enrichment": {
        "available": false,
        "reason": "event_definition_unavailable",
        "auroc": null,
        "average_precision": null
      },
      "information_routing": {
        "available": false,
        "reason": "event_definition_unavailable",
        "auroc": null,
        "average_precision": null
      },
      "concept_composition": {
        "available": true,
        "num_examples": 30976,
        "num_positive": 4418,
        "num_negative": 26558,
        "prevalence": 0.14262654958677687,
        "auroc": 0.6367986552898853,
        "average_precision": 0.1946128722958012,
        "source": "positive_first_token_bridge_log_probability_change",
        "independent_of_training_prior": false,
        "label_rule": "per_query_top_0.250_quantile",
        "num_queries": 968,
        "num_queries_with_valid_layers": 968,
        "num_queries_with_positive_events": 968,
        "coverage": 1.0
      },
      "prediction_refinement": {
        "available": true,
        "num_examples": 30976,
        "num_positive": 2305,
        "num_negative": 28671,
        "prevalence": 0.07441244834710743,
        "auroc": 0.5751664235389127,
        "average_precision": 0.11389153085939108,
        "source": "joint_first_token_answer_logprob_increase_and_uncertainty_decrease",
        "independent_of_training_prior": false,
        "label_rule": "per_query_top_0.250_quantile",
        "num_queries": 968,
        "num_queries_with_valid_layers": 968,
        "num_queries_with_positive_events": 968,
        "coverage": 1.0
      },
      "hop_transition": {
        "available": true,
        "num_examples": 30976,
        "num_positive": 2422,
        "num_negative": 28554,
        "prevalence": 0.07818956611570248,
        "auroc": 0.5417179190288736,
        "average_precision": 0.1122967409470137,
        "source": "joint_first_token_bridge_logprob_decrease_and_answer_logprob_increase",
        "independent_of_training_prior": false,
        "label_rule": "per_query_top_0.250_quantile",
        "num_queries": 968,
        "num_queries_with_valid_layers": 968,
        "num_queries_with_positive_events": 968,
        "coverage": 1.0
      }
    },
    "event_quantile": 0.75,
    "num_available_modes": 3,
    "available_modes": [
      "concept_composition",
      "prediction_refinement",
      "hop_transition"
    ],
    "available_mode_fraction": 0.6,
    "macro_auroc": null,
    "macro_average_precision": null,
    "diagnostic_macro_auroc_available_modes": 0.5845609992858906,
    "diagnostic_macro_average_precision_available_modes": 0.14026704803406867,
    "strict_macro_requires_all_five_modes": true,
    "strict_macro_requires_independent_events": true,
    "all_events_independent_of_training_prior": false,
    "strict_macro_reason": "requires_defined_independent_events_for_all_five_modes"
  }
}
2026-08-19 18:04:04 | INFO | holdout_status=verified_training_split_validation
2026-08-19 18:04:04 | INFO | Saved 968 trajectories to /bigdata/users/90967055/fuzzyDynamics/NeurIPS_Fuzzy_Dynamics_code/results/fuzzy_dynamics_20260819_175105_132894/evaluation/trajectories.jsonl
2026-08-19 18:04:05 | INFO | Completed evaluation
2026-08-19 18:04:05 | INFO | Starting plotting: /bigdata/users/90967055/fuzzyDynamics/NeurIPS_Fuzzy_Dynamics_code/.venv/bin/python -m scripts.plot_trajectory --trajectories /bigdata/users/90967055/fuzzyDynamics/NeurIPS_Fuzzy_Dynamics_code/results/fuzzy_dynamics_20260819_175105_132894/evaluation/trajectories.jsonl --index 0 --experiment-time 20260819_175105_132894 --log-dir /bigdata/users/90967055/fuzzyDynamics/NeurIPS_Fuzzy_Dynamics_code/logs
2026-08-19 18:04:14 | INFO | Log file: /bigdata/users/90967055/fuzzyDynamics/NeurIPS_Fuzzy_Dynamics_code/logs/fuzzy_dynamics_20260819_175105_132894/plot_trajectory_20260819_180414_247186.log
2026-08-19 18:04:14 | INFO | Arguments: {'trajectories': '/bigdata/users/90967055/fuzzyDynamics/NeurIPS_Fuzzy_Dynamics_code/results/fuzzy_dynamics_20260819_175105_132894/evaluation/trajectories.jsonl', 'index': 0, 'output': None, 'experiment_time': '20260819_175105_132894', 'log_dir': '/bigdata/users/90967055/fuzzyDynamics/NeurIPS_Fuzzy_Dynamics_code/logs'}
2026-08-19 18:04:14 | INFO | experiment_time=20260819_175105_132894
2026-08-19 18:04:18 | INFO | Saved /bigdata/users/90967055/fuzzyDynamics/NeurIPS_Fuzzy_Dynamics_code/results/fuzzy_dynamics_20260819_175105_132894/evaluation/trajectory_0.png
2026-08-19 18:04:18 | INFO | Completed plotting
2026-08-19 18:04:18 | INFO | Pipeline complete: /bigdata/users/90967055/fuzzyDynamics/NeurIPS_Fuzzy_Dynamics_code/results/fuzzy_dynamics_20260819_175105_132894
EXPERIMENT_TIME=20260819_175105_132894
EXPERIMENT_DIR=/bigdata/users/90967055/fuzzyDynamics/NeurIPS_Fuzzy_Dynamics_code/results/fuzzy_dynamics_20260819_175105_132894
