array_task=0/4 config_index=0 seed_index=0
config=configs/fuzzy_dynamics_base.json seed=43
project_root=/bigdata/users/90967055/fuzzyDynamics/NeurIPS_Fuzzy_Dynamics_code
python=/bigdata/users/90967055/fuzzyDynamics/NeurIPS_Fuzzy_Dynamics_code/.venv/bin/python
activations=cache/socrates_llama3_8b_tuned_full.pt
config=configs/fuzzy_dynamics_base.json seed=43 device=cuda
activation_archive_ok=cache/socrates_llama3_8b_tuned_full.pt entries=17
python=3.11.8 executable=/bigdata/users/90967055/fuzzyDynamics/NeurIPS_Fuzzy_Dynamics_code/.venv/bin/python
platform=Linux-7.1.4-200.fc44.x86_64-x86_64-with-glibc2.43
numpy=1.26.4 [ok]
torch=2.13.0 [ok]
transformers=4.57.6 [ok]
accelerate=1.14.0 [ok]
datasets=4.8.5 [ok]
pandas=2.3.3 [ok]
tqdm=4.70.0 [ok]
requests=2.34.2 [ok]
matplotlib=3.11.1 [ok]
tuned-lens=0.2.0 [ok]
Unidecode=1.4.0 [ok]
fancy-einsum=0.0.3 [ok]
PyYAML=6.0.3 [ok]
sentencepiece=0.2.2 [ok]
safetensors=0.8.0 [ok]
baukit=0.0.1 [ok]
torch_cuda_build=13.0
cuda_available=True
cuda_device_count=1
Environment check passed.
2026-08-19 19:39:05 | INFO | Log file: /bigdata/users/90967055/fuzzyDynamics/NeurIPS_Fuzzy_Dynamics_code/logs/fuzzy_dynamics_20260819_193905_050686/run_pipeline_20260819_193905_060958.log
2026-08-19 19:39:05 | INFO | experiment_time=20260819_193905_050686
2026-08-19 19:39:05 | INFO | Experiment directory: /bigdata/users/90967055/fuzzyDynamics/NeurIPS_Fuzzy_Dynamics_code/results/fuzzy_dynamics_20260819_193905_050686
2026-08-19 19:39:05 | INFO | Starting training: /bigdata/users/90967055/fuzzyDynamics/NeurIPS_Fuzzy_Dynamics_code/.venv/bin/python -m scripts.train_fuzzy_dynamics --activations /bigdata/users/90967055/fuzzyDynamics/NeurIPS_Fuzzy_Dynamics_code/cache/socrates_llama3_8b_tuned_full.pt --config /bigdata/users/90967055/fuzzyDynamics/NeurIPS_Fuzzy_Dynamics_code/configs/fuzzy_dynamics_base.json --seed 43 --device cuda --results-root /bigdata/users/90967055/fuzzyDynamics/NeurIPS_Fuzzy_Dynamics_code/results --experiment-time 20260819_193905_050686 --log-dir /bigdata/users/90967055/fuzzyDynamics/NeurIPS_Fuzzy_Dynamics_code/logs --log-every-batches 10
2026-08-19 19:39:09 | INFO | Log file: /bigdata/users/90967055/fuzzyDynamics/NeurIPS_Fuzzy_Dynamics_code/logs/fuzzy_dynamics_20260819_193905_050686/train_fuzzy_dynamics_20260819_193909_750161.log
2026-08-19 19:39:09 | INFO | Arguments: {'activations': '/bigdata/users/90967055/fuzzyDynamics/NeurIPS_Fuzzy_Dynamics_code/cache/socrates_llama3_8b_tuned_full.pt', 'results_root': '/bigdata/users/90967055/fuzzyDynamics/NeurIPS_Fuzzy_Dynamics_code/results', 'experiment_time': '20260819_193905_050686', 'config': '/bigdata/users/90967055/fuzzyDynamics/NeurIPS_Fuzzy_Dynamics_code/configs/fuzzy_dynamics_base.json', 'device': 'cuda', 'seed': 43, 'log_dir': '/bigdata/users/90967055/fuzzyDynamics/NeurIPS_Fuzzy_Dynamics_code/logs', 'log_every_batches': 10}
2026-08-19 19:39:09 | INFO | experiment_time=20260819_193905_050686
2026-08-19 19:39:19 | INFO | split_by=category train=6959 validation=273
2026-08-19 19:39:19 | INFO | Fitting shared frozen PCA projectors on 8192 training states across all layers
2026-08-19 19:39:21 | INFO | Fitted block-balanced delta scales: min=0.114565 median=0.610125 max=0.99716
2026-08-19 19:39:24 | INFO | Checkpoints: /bigdata/users/90967055/fuzzyDynamics/NeurIPS_Fuzzy_Dynamics_code/results/fuzzy_dynamics_20260819_193905_050686/checkpoint
2026-08-19 19:39:24 | INFO | Training results: /bigdata/users/90967055/fuzzyDynamics/NeurIPS_Fuzzy_Dynamics_code/results/fuzzy_dynamics_20260819_193905_050686/training
2026-08-19 19:39:25 | INFO | epoch=001 train_batch=10/435 running_loss=1.054733
2026-08-19 19:39:25 | INFO | epoch=001 train_batch=20/435 running_loss=0.948791
2026-08-19 19:39:25 | INFO | epoch=001 train_batch=30/435 running_loss=0.892972
2026-08-19 19:39:25 | INFO | epoch=001 train_batch=40/435 running_loss=0.838311
2026-08-19 19:39:26 | INFO | epoch=001 train_batch=50/435 running_loss=0.794931
2026-08-19 19:39:26 | INFO | epoch=001 train_batch=60/435 running_loss=0.754911
2026-08-19 19:39:26 | INFO | epoch=001 train_batch=70/435 running_loss=0.716504
2026-08-19 19:39:26 | INFO | epoch=001 train_batch=80/435 running_loss=0.685776
2026-08-19 19:39:27 | INFO | epoch=001 train_batch=90/435 running_loss=0.657534
2026-08-19 19:39:27 | INFO | epoch=001 train_batch=100/435 running_loss=0.633229
2026-08-19 19:39:27 | INFO | epoch=001 train_batch=110/435 running_loss=0.610893
2026-08-19 19:39:27 | INFO | epoch=001 train_batch=120/435 running_loss=0.591314
2026-08-19 19:39:27 | INFO | epoch=001 train_batch=130/435 running_loss=0.573387
2026-08-19 19:39:28 | INFO | epoch=001 train_batch=140/435 running_loss=0.556786
2026-08-19 19:39:28 | INFO | epoch=001 train_batch=150/435 running_loss=0.540527
2026-08-19 19:39:28 | INFO | epoch=001 train_batch=160/435 running_loss=0.525599
2026-08-19 19:39:28 | INFO | epoch=001 train_batch=170/435 running_loss=0.513327
2026-08-19 19:39:29 | INFO | epoch=001 train_batch=180/435 running_loss=0.500627
2026-08-19 19:39:29 | INFO | epoch=001 train_batch=190/435 running_loss=0.489087
2026-08-19 19:39:29 | INFO | epoch=001 train_batch=200/435 running_loss=0.478245
2026-08-19 19:39:29 | INFO | epoch=001 train_batch=210/435 running_loss=0.467223
2026-08-19 19:39:30 | INFO | epoch=001 train_batch=220/435 running_loss=0.457194
2026-08-19 19:39:30 | INFO | epoch=001 train_batch=230/435 running_loss=0.447662
2026-08-19 19:39:30 | INFO | epoch=001 train_batch=240/435 running_loss=0.439047
2026-08-19 19:39:30 | INFO | epoch=001 train_batch=250/435 running_loss=0.430944
2026-08-19 19:39:30 | INFO | epoch=001 train_batch=260/435 running_loss=0.424232
2026-08-19 19:39:31 | INFO | epoch=001 train_batch=270/435 running_loss=0.416720
2026-08-19 19:39:31 | INFO | epoch=001 train_batch=280/435 running_loss=0.409668
2026-08-19 19:39:31 | INFO | epoch=001 train_batch=290/435 running_loss=0.403410
2026-08-19 19:39:31 | INFO | epoch=001 train_batch=300/435 running_loss=0.396987
2026-08-19 19:39:32 | INFO | epoch=001 train_batch=310/435 running_loss=0.391067
2026-08-19 19:39:32 | INFO | epoch=001 train_batch=320/435 running_loss=0.385104
2026-08-19 19:39:32 | INFO | epoch=001 train_batch=330/435 running_loss=0.380046
2026-08-19 19:39:32 | INFO | epoch=001 train_batch=340/435 running_loss=0.374531
2026-08-19 19:39:33 | INFO | epoch=001 train_batch=350/435 running_loss=0.369369
2026-08-19 19:39:33 | INFO | epoch=001 train_batch=360/435 running_loss=0.364617
2026-08-19 19:39:33 | INFO | epoch=001 train_batch=370/435 running_loss=0.359991
2026-08-19 19:39:33 | INFO | epoch=001 train_batch=380/435 running_loss=0.355793
2026-08-19 19:39:34 | INFO | epoch=001 train_batch=390/435 running_loss=0.351546
2026-08-19 19:39:34 | INFO | epoch=001 train_batch=400/435 running_loss=0.347364
2026-08-19 19:39:34 | INFO | epoch=001 train_batch=410/435 running_loss=0.343174
2026-08-19 19:39:34 | INFO | epoch=001 train_batch=420/435 running_loss=0.339373
2026-08-19 19:39:34 | INFO | epoch=001 train_batch=430/435 running_loss=0.335401
2026-08-19 19:39:35 | INFO | epoch=001 train_batch=435/435 running_loss=0.333470
2026-08-19 19:39:35 | INFO | epoch=001 train_loss=0.333470 validation_loss=0.281487
2026-08-19 19:39:35 | INFO | epoch=001 saved new best.pt
2026-08-19 19:39:35 | INFO | epoch=002 train_batch=10/435 running_loss=0.163273
2026-08-19 19:39:36 | INFO | epoch=002 train_batch=20/435 running_loss=0.173138
2026-08-19 19:39:36 | INFO | epoch=002 train_batch=30/435 running_loss=0.170384
2026-08-19 19:39:36 | INFO | epoch=002 train_batch=40/435 running_loss=0.170171
2026-08-19 19:39:36 | INFO | epoch=002 train_batch=50/435 running_loss=0.165936
2026-08-19 19:39:36 | INFO | epoch=002 train_batch=60/435 running_loss=0.164993
2026-08-19 19:39:37 | INFO | epoch=002 train_batch=70/435 running_loss=0.163348
2026-08-19 19:39:37 | INFO | epoch=002 train_batch=80/435 running_loss=0.163293
2026-08-19 19:39:37 | INFO | epoch=002 train_batch=90/435 running_loss=0.163372
2026-08-19 19:39:37 | INFO | epoch=002 train_batch=100/435 running_loss=0.163110
2026-08-19 19:39:38 | INFO | epoch=002 train_batch=110/435 running_loss=0.162183
2026-08-19 19:39:38 | INFO | epoch=002 train_batch=120/435 running_loss=0.162164
2026-08-19 19:39:38 | INFO | epoch=002 train_batch=130/435 running_loss=0.161327
2026-08-19 19:39:38 | INFO | epoch=002 train_batch=140/435 running_loss=0.161145
2026-08-19 19:39:39 | INFO | epoch=002 train_batch=150/435 running_loss=0.160356
2026-08-19 19:39:39 | INFO | epoch=002 train_batch=160/435 running_loss=0.160133
2026-08-19 19:39:39 | INFO | epoch=002 train_batch=170/435 running_loss=0.159878
2026-08-19 19:39:39 | INFO | epoch=002 train_batch=180/435 running_loss=0.159286
2026-08-19 19:39:40 | INFO | epoch=002 train_batch=190/435 running_loss=0.158892
2026-08-19 19:39:40 | INFO | epoch=002 train_batch=200/435 running_loss=0.157962
2026-08-19 19:39:40 | INFO | epoch=002 train_batch=210/435 running_loss=0.157410
2026-08-19 19:39:40 | INFO | epoch=002 train_batch=220/435 running_loss=0.156201
2026-08-19 19:39:40 | INFO | epoch=002 train_batch=230/435 running_loss=0.155767
2026-08-19 19:39:41 | INFO | epoch=002 train_batch=240/435 running_loss=0.155062
2026-08-19 19:39:41 | INFO | epoch=002 train_batch=250/435 running_loss=0.154311
2026-08-19 19:39:41 | INFO | epoch=002 train_batch=260/435 running_loss=0.153620
2026-08-19 19:39:41 | INFO | epoch=002 train_batch=270/435 running_loss=0.152969
2026-08-19 19:39:42 | INFO | epoch=002 train_batch=280/435 running_loss=0.152881
2026-08-19 19:39:42 | INFO | epoch=002 train_batch=290/435 running_loss=0.152424
2026-08-19 19:39:42 | INFO | epoch=002 train_batch=300/435 running_loss=0.151974
2026-08-19 19:39:42 | INFO | epoch=002 train_batch=310/435 running_loss=0.151499
2026-08-19 19:39:43 | INFO | epoch=002 train_batch=320/435 running_loss=0.151120
2026-08-19 19:39:43 | INFO | epoch=002 train_batch=330/435 running_loss=0.150584
2026-08-19 19:39:43 | INFO | epoch=002 train_batch=340/435 running_loss=0.149906
2026-08-19 19:39:43 | INFO | epoch=002 train_batch=350/435 running_loss=0.149428
2026-08-19 19:39:44 | INFO | epoch=002 train_batch=360/435 running_loss=0.149243
2026-08-19 19:39:44 | INFO | epoch=002 train_batch=370/435 running_loss=0.148732
2026-08-19 19:39:44 | INFO | epoch=002 train_batch=380/435 running_loss=0.148437
2026-08-19 19:39:44 | INFO | epoch=002 train_batch=390/435 running_loss=0.148094
2026-08-19 19:39:45 | INFO | epoch=002 train_batch=400/435 running_loss=0.147559
2026-08-19 19:39:45 | INFO | epoch=002 train_batch=410/435 running_loss=0.147018
2026-08-19 19:39:45 | INFO | epoch=002 train_batch=420/435 running_loss=0.146317
2026-08-19 19:39:45 | INFO | epoch=002 train_batch=430/435 running_loss=0.145994
2026-08-19 19:39:45 | INFO | epoch=002 train_batch=435/435 running_loss=0.145711
2026-08-19 19:39:46 | INFO | epoch=002 train_loss=0.145711 validation_loss=0.233894
2026-08-19 19:39:46 | INFO | epoch=002 saved new best.pt
2026-08-19 19:39:46 | INFO | epoch=003 train_batch=10/435 running_loss=0.127621
2026-08-19 19:39:46 | INFO | epoch=003 train_batch=20/435 running_loss=0.128403
2026-08-19 19:39:46 | INFO | epoch=003 train_batch=30/435 running_loss=0.125422
2026-08-19 19:39:47 | INFO | epoch=003 train_batch=40/435 running_loss=0.123468
2026-08-19 19:39:47 | INFO | epoch=003 train_batch=50/435 running_loss=0.123428
2026-08-19 19:39:47 | INFO | epoch=003 train_batch=60/435 running_loss=0.123576
2026-08-19 19:39:47 | INFO | epoch=003 train_batch=70/435 running_loss=0.122585
2026-08-19 19:39:48 | INFO | epoch=003 train_batch=80/435 running_loss=0.121420
2026-08-19 19:39:48 | INFO | epoch=003 train_batch=90/435 running_loss=0.121202
2026-08-19 19:39:48 | INFO | epoch=003 train_batch=100/435 running_loss=0.121142
2026-08-19 19:39:48 | INFO | epoch=003 train_batch=110/435 running_loss=0.120820
2026-08-19 19:39:49 | INFO | epoch=003 train_batch=120/435 running_loss=0.120678
2026-08-19 19:39:49 | INFO | epoch=003 train_batch=130/435 running_loss=0.120633
2026-08-19 19:39:49 | INFO | epoch=003 train_batch=140/435 running_loss=0.120120
2026-08-19 19:39:49 | INFO | epoch=003 train_batch=150/435 running_loss=0.120553
2026-08-19 19:39:49 | INFO | epoch=003 train_batch=160/435 running_loss=0.120496
2026-08-19 19:39:50 | INFO | epoch=003 train_batch=170/435 running_loss=0.120219
2026-08-19 19:39:50 | INFO | epoch=003 train_batch=180/435 running_loss=0.119968
2026-08-19 19:39:50 | INFO | epoch=003 train_batch=190/435 running_loss=0.119638
2026-08-19 19:39:50 | INFO | epoch=003 train_batch=200/435 running_loss=0.119258
2026-08-19 19:39:51 | INFO | epoch=003 train_batch=210/435 running_loss=0.119351
2026-08-19 19:39:51 | INFO | epoch=003 train_batch=220/435 running_loss=0.118974
2026-08-19 19:39:51 | INFO | epoch=003 train_batch=230/435 running_loss=0.119056
2026-08-19 19:39:51 | INFO | epoch=003 train_batch=240/435 running_loss=0.118799
2026-08-19 19:39:52 | INFO | epoch=003 train_batch=250/435 running_loss=0.118582
2026-08-19 19:39:52 | INFO | epoch=003 train_batch=260/435 running_loss=0.118256
2026-08-19 19:39:52 | INFO | epoch=003 train_batch=270/435 running_loss=0.118172
2026-08-19 19:39:52 | INFO | epoch=003 train_batch=280/435 running_loss=0.117800
2026-08-19 19:39:53 | INFO | epoch=003 train_batch=290/435 running_loss=0.117642
2026-08-19 19:39:53 | INFO | epoch=003 train_batch=300/435 running_loss=0.117273
2026-08-19 19:39:53 | INFO | epoch=003 train_batch=310/435 running_loss=0.116905
2026-08-19 19:39:53 | INFO | epoch=003 train_batch=320/435 running_loss=0.116901
2026-08-19 19:39:54 | INFO | epoch=003 train_batch=330/435 running_loss=0.116851
2026-08-19 19:39:54 | INFO | epoch=003 train_batch=340/435 running_loss=0.116599
2026-08-19 19:39:54 | INFO | epoch=003 train_batch=350/435 running_loss=0.116301
2026-08-19 19:39:54 | INFO | epoch=003 train_batch=360/435 running_loss=0.116030
2026-08-19 19:39:55 | INFO | epoch=003 train_batch=370/435 running_loss=0.115645
2026-08-19 19:39:55 | INFO | epoch=003 train_batch=380/435 running_loss=0.115568
2026-08-19 19:39:55 | INFO | epoch=003 train_batch=390/435 running_loss=0.115557
2026-08-19 19:39:55 | INFO | epoch=003 train_batch=400/435 running_loss=0.115345
2026-08-19 19:39:56 | INFO | epoch=003 train_batch=410/435 running_loss=0.115153
2026-08-19 19:39:56 | INFO | epoch=003 train_batch=420/435 running_loss=0.115058
2026-08-19 19:39:56 | INFO | epoch=003 train_batch=430/435 running_loss=0.114771
2026-08-19 19:39:56 | INFO | epoch=003 train_batch=435/435 running_loss=0.114761
2026-08-19 19:39:56 | INFO | epoch=003 train_loss=0.114761 validation_loss=0.197824
2026-08-19 19:39:57 | INFO | epoch=003 saved new best.pt
2026-08-19 19:39:57 | INFO | epoch=004 train_batch=10/435 running_loss=0.098944
2026-08-19 19:39:57 | INFO | epoch=004 train_batch=20/435 running_loss=0.103597
2026-08-19 19:39:57 | INFO | epoch=004 train_batch=30/435 running_loss=0.103055
2026-08-19 19:39:58 | INFO | epoch=004 train_batch=40/435 running_loss=0.103091
2026-08-19 19:39:58 | INFO | epoch=004 train_batch=50/435 running_loss=0.101582
2026-08-19 19:39:58 | INFO | epoch=004 train_batch=60/435 running_loss=0.102780
2026-08-19 19:39:58 | INFO | epoch=004 train_batch=70/435 running_loss=0.102562
2026-08-19 19:39:59 | INFO | epoch=004 train_batch=80/435 running_loss=0.102424
2026-08-19 19:39:59 | INFO | epoch=004 train_batch=90/435 running_loss=0.102248
2026-08-19 19:39:59 | INFO | epoch=004 train_batch=100/435 running_loss=0.102015
2026-08-19 19:39:59 | INFO | epoch=004 train_batch=110/435 running_loss=0.101612
2026-08-19 19:40:00 | INFO | epoch=004 train_batch=120/435 running_loss=0.101419
2026-08-19 19:40:00 | INFO | epoch=004 train_batch=130/435 running_loss=0.101441
2026-08-19 19:40:00 | INFO | epoch=004 train_batch=140/435 running_loss=0.100806
2026-08-19 19:40:00 | INFO | epoch=004 train_batch=150/435 running_loss=0.100804
2026-08-19 19:40:01 | INFO | epoch=004 train_batch=160/435 running_loss=0.101163
2026-08-19 19:40:01 | INFO | epoch=004 train_batch=170/435 running_loss=0.101166
2026-08-19 19:40:01 | INFO | epoch=004 train_batch=180/435 running_loss=0.101298
2026-08-19 19:40:01 | INFO | epoch=004 train_batch=190/435 running_loss=0.101079
2026-08-19 19:40:02 | INFO | epoch=004 train_batch=200/435 running_loss=0.100897
2026-08-19 19:40:02 | INFO | epoch=004 train_batch=210/435 running_loss=0.100937
2026-08-19 19:40:02 | INFO | epoch=004 train_batch=220/435 running_loss=0.100687
2026-08-19 19:40:02 | INFO | epoch=004 train_batch=230/435 running_loss=0.100429
2026-08-19 19:40:03 | INFO | epoch=004 train_batch=240/435 running_loss=0.100342
2026-08-19 19:40:03 | INFO | epoch=004 train_batch=250/435 running_loss=0.100200
2026-08-19 19:40:03 | INFO | epoch=004 train_batch=260/435 running_loss=0.100229
2026-08-19 19:40:03 | INFO | epoch=004 train_batch=270/435 running_loss=0.100085
2026-08-19 19:40:04 | INFO | epoch=004 train_batch=280/435 running_loss=0.099943
2026-08-19 19:40:04 | INFO | epoch=004 train_batch=290/435 running_loss=0.099898
2026-08-19 19:40:04 | INFO | epoch=004 train_batch=300/435 running_loss=0.099709
2026-08-19 19:40:04 | INFO | epoch=004 train_batch=310/435 running_loss=0.099554
2026-08-19 19:40:05 | INFO | epoch=004 train_batch=320/435 running_loss=0.099388
2026-08-19 19:40:05 | INFO | epoch=004 train_batch=330/435 running_loss=0.099400
2026-08-19 19:40:05 | INFO | epoch=004 train_batch=340/435 running_loss=0.099257
2026-08-19 19:40:05 | INFO | epoch=004 train_batch=350/435 running_loss=0.099327
2026-08-19 19:40:06 | INFO | epoch=004 train_batch=360/435 running_loss=0.099219
2026-08-19 19:40:06 | INFO | epoch=004 train_batch=370/435 running_loss=0.099210
2026-08-19 19:40:06 | INFO | epoch=004 train_batch=380/435 running_loss=0.099118
2026-08-19 19:40:06 | INFO | epoch=004 train_batch=390/435 running_loss=0.099278
2026-08-19 19:40:07 | INFO | epoch=004 train_batch=400/435 running_loss=0.099059
2026-08-19 19:40:07 | INFO | epoch=004 train_batch=410/435 running_loss=0.098972
2026-08-19 19:40:07 | INFO | epoch=004 train_batch=420/435 running_loss=0.098808
2026-08-19 19:40:07 | INFO | epoch=004 train_batch=430/435 running_loss=0.098828
2026-08-19 19:40:07 | INFO | epoch=004 train_batch=435/435 running_loss=0.098743
2026-08-19 19:40:08 | INFO | epoch=004 train_loss=0.098743 validation_loss=0.183158
2026-08-19 19:40:08 | INFO | epoch=004 saved new best.pt
2026-08-19 19:40:08 | INFO | epoch=005 train_batch=10/435 running_loss=0.092532
2026-08-19 19:40:08 | INFO | epoch=005 train_batch=20/435 running_loss=0.092197
2026-08-19 19:40:09 | INFO | epoch=005 train_batch=30/435 running_loss=0.090587
2026-08-19 19:40:09 | INFO | epoch=005 train_batch=40/435 running_loss=0.092991
2026-08-19 19:40:09 | INFO | epoch=005 train_batch=50/435 running_loss=0.092220
2026-08-19 19:40:09 | INFO | epoch=005 train_batch=60/435 running_loss=0.092486
2026-08-19 19:40:10 | INFO | epoch=005 train_batch=70/435 running_loss=0.092301
2026-08-19 19:40:10 | INFO | epoch=005 train_batch=80/435 running_loss=0.091568
2026-08-19 19:40:10 | INFO | epoch=005 train_batch=90/435 running_loss=0.091902
2026-08-19 19:40:10 | INFO | epoch=005 train_batch=100/435 running_loss=0.091589
2026-08-19 19:40:11 | INFO | epoch=005 train_batch=110/435 running_loss=0.091143
2026-08-19 19:40:11 | INFO | epoch=005 train_batch=120/435 running_loss=0.090782
2026-08-19 19:40:11 | INFO | epoch=005 train_batch=130/435 running_loss=0.090748
2026-08-19 19:40:11 | INFO | epoch=005 train_batch=140/435 running_loss=0.090597
2026-08-19 19:40:12 | INFO | epoch=005 train_batch=150/435 running_loss=0.090721
2026-08-19 19:40:12 | INFO | epoch=005 train_batch=160/435 running_loss=0.090749
2026-08-19 19:40:12 | INFO | epoch=005 train_batch=170/435 running_loss=0.090747
2026-08-19 19:40:12 | INFO | epoch=005 train_batch=180/435 running_loss=0.090744
2026-08-19 19:40:13 | INFO | epoch=005 train_batch=190/435 running_loss=0.090945
2026-08-19 19:40:13 | INFO | epoch=005 train_batch=200/435 running_loss=0.090706
2026-08-19 19:40:13 | INFO | epoch=005 train_batch=210/435 running_loss=0.090546
2026-08-19 19:40:13 | INFO | epoch=005 train_batch=220/435 running_loss=0.090641
2026-08-19 19:40:14 | INFO | epoch=005 train_batch=230/435 running_loss=0.090408
2026-08-19 19:40:14 | INFO | epoch=005 train_batch=240/435 running_loss=0.090396
2026-08-19 19:40:14 | INFO | epoch=005 train_batch=250/435 running_loss=0.090327
2026-08-19 19:40:14 | INFO | epoch=005 train_batch=260/435 running_loss=0.090246
2026-08-19 19:40:15 | INFO | epoch=005 train_batch=270/435 running_loss=0.090116
2026-08-19 19:40:15 | INFO | epoch=005 train_batch=280/435 running_loss=0.089823
2026-08-19 19:40:15 | INFO | epoch=005 train_batch=290/435 running_loss=0.089649
2026-08-19 19:40:15 | INFO | epoch=005 train_batch=300/435 running_loss=0.089422
2026-08-19 19:40:16 | INFO | epoch=005 train_batch=310/435 running_loss=0.089342
2026-08-19 19:40:16 | INFO | epoch=005 train_batch=320/435 running_loss=0.089027
2026-08-19 19:40:16 | INFO | epoch=005 train_batch=330/435 running_loss=0.088926
2026-08-19 19:40:16 | INFO | epoch=005 train_batch=340/435 running_loss=0.088738
2026-08-19 19:40:17 | INFO | epoch=005 train_batch=350/435 running_loss=0.088905
2026-08-19 19:40:17 | INFO | epoch=005 train_batch=360/435 running_loss=0.088810
2026-08-19 19:40:17 | INFO | epoch=005 train_batch=370/435 running_loss=0.088936
2026-08-19 19:40:17 | INFO | epoch=005 train_batch=380/435 running_loss=0.088898
2026-08-19 19:40:18 | INFO | epoch=005 train_batch=390/435 running_loss=0.088767
2026-08-19 19:40:18 | INFO | epoch=005 train_batch=400/435 running_loss=0.088660
2026-08-19 19:40:18 | INFO | epoch=005 train_batch=410/435 running_loss=0.088623
2026-08-19 19:40:18 | INFO | epoch=005 train_batch=420/435 running_loss=0.088637
2026-08-19 19:40:19 | INFO | epoch=005 train_batch=430/435 running_loss=0.088545
2026-08-19 19:40:19 | INFO | epoch=005 train_batch=435/435 running_loss=0.088604
2026-08-19 19:40:19 | INFO | epoch=005 train_loss=0.088604 validation_loss=0.174469
2026-08-19 19:40:19 | INFO | epoch=005 saved new best.pt
2026-08-19 19:40:19 | INFO | epoch=006 train_batch=10/435 running_loss=0.080534
2026-08-19 19:40:19 | INFO | epoch=006 train_batch=20/435 running_loss=0.079721
2026-08-19 19:40:20 | INFO | epoch=006 train_batch=30/435 running_loss=0.083018
2026-08-19 19:40:20 | INFO | epoch=006 train_batch=40/435 running_loss=0.082483
2026-08-19 19:40:20 | INFO | epoch=006 train_batch=50/435 running_loss=0.082307
2026-08-19 19:40:20 | INFO | epoch=006 train_batch=60/435 running_loss=0.082428
2026-08-19 19:40:21 | INFO | epoch=006 train_batch=70/435 running_loss=0.082495
2026-08-19 19:40:21 | INFO | epoch=006 train_batch=80/435 running_loss=0.081995
2026-08-19 19:40:21 | INFO | epoch=006 train_batch=90/435 running_loss=0.082121
2026-08-19 19:40:21 | INFO | epoch=006 train_batch=100/435 running_loss=0.081720
2026-08-19 19:40:22 | INFO | epoch=006 train_batch=110/435 running_loss=0.081745
2026-08-19 19:40:22 | INFO | epoch=006 train_batch=120/435 running_loss=0.081649
2026-08-19 19:40:22 | INFO | epoch=006 train_batch=130/435 running_loss=0.081732
2026-08-19 19:40:22 | INFO | epoch=006 train_batch=140/435 running_loss=0.081622
2026-08-19 19:40:23 | INFO | epoch=006 train_batch=150/435 running_loss=0.081840
2026-08-19 19:40:23 | INFO | epoch=006 train_batch=160/435 running_loss=0.082241
2026-08-19 19:40:23 | INFO | epoch=006 train_batch=170/435 running_loss=0.082191
2026-08-19 19:40:23 | INFO | epoch=006 train_batch=180/435 running_loss=0.082442
2026-08-19 19:40:24 | INFO | epoch=006 train_batch=190/435 running_loss=0.082426
2026-08-19 19:40:24 | INFO | epoch=006 train_batch=200/435 running_loss=0.082631
2026-08-19 19:40:24 | INFO | epoch=006 train_batch=210/435 running_loss=0.082565
2026-08-19 19:40:24 | INFO | epoch=006 train_batch=220/435 running_loss=0.082233
2026-08-19 19:40:25 | INFO | epoch=006 train_batch=230/435 running_loss=0.082070
2026-08-19 19:40:25 | INFO | epoch=006 train_batch=240/435 running_loss=0.081824
2026-08-19 19:40:25 | INFO | epoch=006 train_batch=250/435 running_loss=0.081883
2026-08-19 19:40:25 | INFO | epoch=006 train_batch=260/435 running_loss=0.081885
2026-08-19 19:40:26 | INFO | epoch=006 train_batch=270/435 running_loss=0.081870
2026-08-19 19:40:26 | INFO | epoch=006 train_batch=280/435 running_loss=0.081742
2026-08-19 19:40:26 | INFO | epoch=006 train_batch=290/435 running_loss=0.081803
2026-08-19 19:40:26 | INFO | epoch=006 train_batch=300/435 running_loss=0.081719
2026-08-19 19:40:27 | INFO | epoch=006 train_batch=310/435 running_loss=0.081714
2026-08-19 19:40:27 | INFO | epoch=006 train_batch=320/435 running_loss=0.081619
2026-08-19 19:40:27 | INFO | epoch=006 train_batch=330/435 running_loss=0.081487
2026-08-19 19:40:27 | INFO | epoch=006 train_batch=340/435 running_loss=0.081468
2026-08-19 19:40:28 | INFO | epoch=006 train_batch=350/435 running_loss=0.081399
2026-08-19 19:40:28 | INFO | epoch=006 train_batch=360/435 running_loss=0.081374
2026-08-19 19:40:28 | INFO | epoch=006 train_batch=370/435 running_loss=0.081453
2026-08-19 19:40:28 | INFO | epoch=006 train_batch=380/435 running_loss=0.081528
2026-08-19 19:40:29 | INFO | epoch=006 train_batch=390/435 running_loss=0.081591
2026-08-19 19:40:29 | INFO | epoch=006 train_batch=400/435 running_loss=0.081603
2026-08-19 19:40:29 | INFO | epoch=006 train_batch=410/435 running_loss=0.081556
2026-08-19 19:40:29 | INFO | epoch=006 train_batch=420/435 running_loss=0.081520
2026-08-19 19:40:30 | INFO | epoch=006 train_batch=430/435 running_loss=0.081459
2026-08-19 19:40:30 | INFO | epoch=006 train_batch=435/435 running_loss=0.081381
2026-08-19 19:40:30 | INFO | epoch=006 train_loss=0.081381 validation_loss=0.169901
2026-08-19 19:40:30 | INFO | epoch=006 saved new best.pt
2026-08-19 19:40:30 | INFO | epoch=007 train_batch=10/435 running_loss=0.076073
2026-08-19 19:40:31 | INFO | epoch=007 train_batch=20/435 running_loss=0.075965
2026-08-19 19:40:31 | INFO | epoch=007 train_batch=30/435 running_loss=0.076132
2026-08-19 19:40:31 | INFO | epoch=007 train_batch=40/435 running_loss=0.075944
2026-08-19 19:40:31 | INFO | epoch=007 train_batch=50/435 running_loss=0.076002
2026-08-19 19:40:32 | INFO | epoch=007 train_batch=60/435 running_loss=0.077138
2026-08-19 19:40:32 | INFO | epoch=007 train_batch=70/435 running_loss=0.076556
2026-08-19 19:40:32 | INFO | epoch=007 train_batch=80/435 running_loss=0.077231
2026-08-19 19:40:32 | INFO | epoch=007 train_batch=90/435 running_loss=0.077244
2026-08-19 19:40:33 | INFO | epoch=007 train_batch=100/435 running_loss=0.077103
2026-08-19 19:40:33 | INFO | epoch=007 train_batch=110/435 running_loss=0.077142
2026-08-19 19:40:33 | INFO | epoch=007 train_batch=120/435 running_loss=0.077418
2026-08-19 19:40:33 | INFO | epoch=007 train_batch=130/435 running_loss=0.077326
2026-08-19 19:40:34 | INFO | epoch=007 train_batch=140/435 running_loss=0.077151
2026-08-19 19:40:34 | INFO | epoch=007 train_batch=150/435 running_loss=0.076972
2026-08-19 19:40:34 | INFO | epoch=007 train_batch=160/435 running_loss=0.076838
2026-08-19 19:40:34 | INFO | epoch=007 train_batch=170/435 running_loss=0.076809
2026-08-19 19:40:35 | INFO | epoch=007 train_batch=180/435 running_loss=0.076712
2026-08-19 19:40:35 | INFO | epoch=007 train_batch=190/435 running_loss=0.076912
2026-08-19 19:40:35 | INFO | epoch=007 train_batch=200/435 running_loss=0.076859
2026-08-19 19:40:35 | INFO | epoch=007 train_batch=210/435 running_loss=0.076769
2026-08-19 19:40:36 | INFO | epoch=007 train_batch=220/435 running_loss=0.076825
2026-08-19 19:40:36 | INFO | epoch=007 train_batch=230/435 running_loss=0.076774
2026-08-19 19:40:36 | INFO | epoch=007 train_batch=240/435 running_loss=0.076623
2026-08-19 19:40:36 | INFO | epoch=007 train_batch=250/435 running_loss=0.076636
2026-08-19 19:40:37 | INFO | epoch=007 train_batch=260/435 running_loss=0.076385
2026-08-19 19:40:37 | INFO | epoch=007 train_batch=270/435 running_loss=0.076161
2026-08-19 19:40:37 | INFO | epoch=007 train_batch=280/435 running_loss=0.076297
2026-08-19 19:40:37 | INFO | epoch=007 train_batch=290/435 running_loss=0.076421
2026-08-19 19:40:38 | INFO | epoch=007 train_batch=300/435 running_loss=0.076127
2026-08-19 19:40:38 | INFO | epoch=007 train_batch=310/435 running_loss=0.076122
2026-08-19 19:40:38 | INFO | epoch=007 train_batch=320/435 running_loss=0.076244
2026-08-19 19:40:38 | INFO | epoch=007 train_batch=330/435 running_loss=0.076195
2026-08-19 19:40:39 | INFO | epoch=007 train_batch=340/435 running_loss=0.076107
2026-08-19 19:40:39 | INFO | epoch=007 train_batch=350/435 running_loss=0.076233
2026-08-19 19:40:39 | INFO | epoch=007 train_batch=360/435 running_loss=0.076207
2026-08-19 19:40:39 | INFO | epoch=007 train_batch=370/435 running_loss=0.076187
2026-08-19 19:40:40 | INFO | epoch=007 train_batch=380/435 running_loss=0.076086
2026-08-19 19:40:40 | INFO | epoch=007 train_batch=390/435 running_loss=0.076018
2026-08-19 19:40:40 | INFO | epoch=007 train_batch=400/435 running_loss=0.075972
2026-08-19 19:40:40 | INFO | epoch=007 train_batch=410/435 running_loss=0.075801
2026-08-19 19:40:41 | INFO | epoch=007 train_batch=420/435 running_loss=0.075698
2026-08-19 19:40:41 | INFO | epoch=007 train_batch=430/435 running_loss=0.075675
2026-08-19 19:40:41 | INFO | epoch=007 train_batch=435/435 running_loss=0.075711
2026-08-19 19:40:41 | INFO | epoch=007 train_loss=0.075711 validation_loss=0.165707
2026-08-19 19:40:41 | INFO | epoch=007 saved new best.pt
2026-08-19 19:40:42 | INFO | epoch=008 train_batch=10/435 running_loss=0.076523
2026-08-19 19:40:42 | INFO | epoch=008 train_batch=20/435 running_loss=0.076077
2026-08-19 19:40:42 | INFO | epoch=008 train_batch=30/435 running_loss=0.074805
2026-08-19 19:40:42 | INFO | epoch=008 train_batch=40/435 running_loss=0.075513
2026-08-19 19:40:43 | INFO | epoch=008 train_batch=50/435 running_loss=0.075355
2026-08-19 19:40:43 | INFO | epoch=008 train_batch=60/435 running_loss=0.075593
2026-08-19 19:40:43 | INFO | epoch=008 train_batch=70/435 running_loss=0.076066
2026-08-19 19:40:43 | INFO | epoch=008 train_batch=80/435 running_loss=0.075647
2026-08-19 19:40:44 | INFO | epoch=008 train_batch=90/435 running_loss=0.075527
2026-08-19 19:40:44 | INFO | epoch=008 train_batch=100/435 running_loss=0.075247
2026-08-19 19:40:44 | INFO | epoch=008 train_batch=110/435 running_loss=0.075116
2026-08-19 19:40:44 | INFO | epoch=008 train_batch=120/435 running_loss=0.075229
2026-08-19 19:40:45 | INFO | epoch=008 train_batch=130/435 running_loss=0.074980
2026-08-19 19:40:45 | INFO | epoch=008 train_batch=140/435 running_loss=0.075314
2026-08-19 19:40:45 | INFO | epoch=008 train_batch=150/435 running_loss=0.075075
2026-08-19 19:40:45 | INFO | epoch=008 train_batch=160/435 running_loss=0.074824
2026-08-19 19:40:46 | INFO | epoch=008 train_batch=170/435 running_loss=0.074560
2026-08-19 19:40:46 | INFO | epoch=008 train_batch=180/435 running_loss=0.074118
2026-08-19 19:40:46 | INFO | epoch=008 train_batch=190/435 running_loss=0.074053
2026-08-19 19:40:46 | INFO | epoch=008 train_batch=200/435 running_loss=0.073804
2026-08-19 19:40:47 | INFO | epoch=008 train_batch=210/435 running_loss=0.073657
2026-08-19 19:40:47 | INFO | epoch=008 train_batch=220/435 running_loss=0.073512
2026-08-19 19:40:47 | INFO | epoch=008 train_batch=230/435 running_loss=0.073430
2026-08-19 19:40:47 | INFO | epoch=008 train_batch=240/435 running_loss=0.073707
2026-08-19 19:40:48 | INFO | epoch=008 train_batch=250/435 running_loss=0.073582
2026-08-19 19:40:48 | INFO | epoch=008 train_batch=260/435 running_loss=0.073208
2026-08-19 19:40:48 | INFO | epoch=008 train_batch=270/435 running_loss=0.072982
2026-08-19 19:40:48 | INFO | epoch=008 train_batch=280/435 running_loss=0.072793
2026-08-19 19:40:49 | INFO | epoch=008 train_batch=290/435 running_loss=0.072670
2026-08-19 19:40:49 | INFO | epoch=008 train_batch=300/435 running_loss=0.072718
2026-08-19 19:40:49 | INFO | epoch=008 train_batch=310/435 running_loss=0.072757
2026-08-19 19:40:49 | INFO | epoch=008 train_batch=320/435 running_loss=0.072596
2026-08-19 19:40:50 | INFO | epoch=008 train_batch=330/435 running_loss=0.072467
2026-08-19 19:40:50 | INFO | epoch=008 train_batch=340/435 running_loss=0.072468
2026-08-19 19:40:50 | INFO | epoch=008 train_batch=350/435 running_loss=0.072408
2026-08-19 19:40:50 | INFO | epoch=008 train_batch=360/435 running_loss=0.072356
2026-08-19 19:40:51 | INFO | epoch=008 train_batch=370/435 running_loss=0.072290
2026-08-19 19:40:51 | INFO | epoch=008 train_batch=380/435 running_loss=0.072171
2026-08-19 19:40:51 | INFO | epoch=008 train_batch=390/435 running_loss=0.072029
2026-08-19 19:40:51 | INFO | epoch=008 train_batch=400/435 running_loss=0.071976
2026-08-19 19:40:52 | INFO | epoch=008 train_batch=410/435 running_loss=0.071884
2026-08-19 19:40:52 | INFO | epoch=008 train_batch=420/435 running_loss=0.071910
2026-08-19 19:40:52 | INFO | epoch=008 train_batch=430/435 running_loss=0.071844
2026-08-19 19:40:52 | INFO | epoch=008 train_batch=435/435 running_loss=0.071836
2026-08-19 19:40:52 | INFO | epoch=008 train_loss=0.071836 validation_loss=0.158094
2026-08-19 19:40:52 | INFO | epoch=008 saved new best.pt
2026-08-19 19:40:53 | INFO | epoch=009 train_batch=10/435 running_loss=0.069815
2026-08-19 19:40:53 | INFO | epoch=009 train_batch=20/435 running_loss=0.068874
2026-08-19 19:40:53 | INFO | epoch=009 train_batch=30/435 running_loss=0.066527
2026-08-19 19:40:53 | INFO | epoch=009 train_batch=40/435 running_loss=0.068129
2026-08-19 19:40:54 | INFO | epoch=009 train_batch=50/435 running_loss=0.068015
2026-08-19 19:40:54 | INFO | epoch=009 train_batch=60/435 running_loss=0.069081
2026-08-19 19:40:54 | INFO | epoch=009 train_batch=70/435 running_loss=0.068794
2026-08-19 19:40:54 | INFO | epoch=009 train_batch=80/435 running_loss=0.068172
2026-08-19 19:40:55 | INFO | epoch=009 train_batch=90/435 running_loss=0.068000
2026-08-19 19:40:55 | INFO | epoch=009 train_batch=100/435 running_loss=0.067602
2026-08-19 19:40:55 | INFO | epoch=009 train_batch=110/435 running_loss=0.067152
2026-08-19 19:40:55 | INFO | epoch=009 train_batch=120/435 running_loss=0.067923
2026-08-19 19:40:56 | INFO | epoch=009 train_batch=130/435 running_loss=0.067960
2026-08-19 19:40:56 | INFO | epoch=009 train_batch=140/435 running_loss=0.067653
2026-08-19 19:40:56 | INFO | epoch=009 train_batch=150/435 running_loss=0.067905
2026-08-19 19:40:56 | INFO | epoch=009 train_batch=160/435 running_loss=0.068104
2026-08-19 19:40:57 | INFO | epoch=009 train_batch=170/435 running_loss=0.068192
2026-08-19 19:40:57 | INFO | epoch=009 train_batch=180/435 running_loss=0.068175
2026-08-19 19:40:57 | INFO | epoch=009 train_batch=190/435 running_loss=0.068429
2026-08-19 19:40:57 | INFO | epoch=009 train_batch=200/435 running_loss=0.068505
2026-08-19 19:40:58 | INFO | epoch=009 train_batch=210/435 running_loss=0.068478
2026-08-19 19:40:58 | INFO | epoch=009 train_batch=220/435 running_loss=0.068437
2026-08-19 19:40:58 | INFO | epoch=009 train_batch=230/435 running_loss=0.068411
2026-08-19 19:40:58 | INFO | epoch=009 train_batch=240/435 running_loss=0.068169
2026-08-19 19:40:59 | INFO | epoch=009 train_batch=250/435 running_loss=0.068310
2026-08-19 19:40:59 | INFO | epoch=009 train_batch=260/435 running_loss=0.068132
2026-08-19 19:40:59 | INFO | epoch=009 train_batch=270/435 running_loss=0.068217
2026-08-19 19:40:59 | INFO | epoch=009 train_batch=280/435 running_loss=0.068205
2026-08-19 19:41:00 | INFO | epoch=009 train_batch=290/435 running_loss=0.068136
2026-08-19 19:41:00 | INFO | epoch=009 train_batch=300/435 running_loss=0.067964
2026-08-19 19:41:00 | INFO | epoch=009 train_batch=310/435 running_loss=0.067896
2026-08-19 19:41:00 | INFO | epoch=009 train_batch=320/435 running_loss=0.067942
2026-08-19 19:41:01 | INFO | epoch=009 train_batch=330/435 running_loss=0.067998
2026-08-19 19:41:01 | INFO | epoch=009 train_batch=340/435 running_loss=0.068113
2026-08-19 19:41:01 | INFO | epoch=009 train_batch=350/435 running_loss=0.068068
2026-08-19 19:41:01 | INFO | epoch=009 train_batch=360/435 running_loss=0.068247
2026-08-19 19:41:02 | INFO | epoch=009 train_batch=370/435 running_loss=0.068357
2026-08-19 19:41:02 | INFO | epoch=009 train_batch=380/435 running_loss=0.068472
2026-08-19 19:41:02 | INFO | epoch=009 train_batch=390/435 running_loss=0.068471
2026-08-19 19:41:02 | INFO | epoch=009 train_batch=400/435 running_loss=0.068446
2026-08-19 19:41:03 | INFO | epoch=009 train_batch=410/435 running_loss=0.068375
2026-08-19 19:41:03 | INFO | epoch=009 train_batch=420/435 running_loss=0.068444
2026-08-19 19:41:03 | INFO | epoch=009 train_batch=430/435 running_loss=0.068241
2026-08-19 19:41:03 | INFO | epoch=009 train_batch=435/435 running_loss=0.068291
2026-08-19 19:41:03 | INFO | epoch=009 train_loss=0.068291 validation_loss=0.153771
2026-08-19 19:41:04 | INFO | epoch=009 saved new best.pt
2026-08-19 19:41:04 | INFO | epoch=010 train_batch=10/435 running_loss=0.062855
2026-08-19 19:41:04 | INFO | epoch=010 train_batch=20/435 running_loss=0.063551
2026-08-19 19:41:04 | INFO | epoch=010 train_batch=30/435 running_loss=0.064845
2026-08-19 19:41:05 | INFO | epoch=010 train_batch=40/435 running_loss=0.065317
2026-08-19 19:41:05 | INFO | epoch=010 train_batch=50/435 running_loss=0.064962
2026-08-19 19:41:05 | INFO | epoch=010 train_batch=60/435 running_loss=0.064246
2026-08-19 19:41:05 | INFO | epoch=010 train_batch=70/435 running_loss=0.064484
2026-08-19 19:41:06 | INFO | epoch=010 train_batch=80/435 running_loss=0.064525
2026-08-19 19:41:06 | INFO | epoch=010 train_batch=90/435 running_loss=0.064542
2026-08-19 19:41:06 | INFO | epoch=010 train_batch=100/435 running_loss=0.064769
2026-08-19 19:41:06 | INFO | epoch=010 train_batch=110/435 running_loss=0.064799
2026-08-19 19:41:06 | INFO | epoch=010 train_batch=120/435 running_loss=0.064725
2026-08-19 19:41:07 | INFO | epoch=010 train_batch=130/435 running_loss=0.064273
2026-08-19 19:41:07 | INFO | epoch=010 train_batch=140/435 running_loss=0.064413
2026-08-19 19:41:07 | INFO | epoch=010 train_batch=150/435 running_loss=0.064199
2026-08-19 19:41:07 | INFO | epoch=010 train_batch=160/435 running_loss=0.064246
2026-08-19 19:41:08 | INFO | epoch=010 train_batch=170/435 running_loss=0.064505
2026-08-19 19:41:08 | INFO | epoch=010 train_batch=180/435 running_loss=0.064514
2026-08-19 19:41:08 | INFO | epoch=010 train_batch=190/435 running_loss=0.064537
2026-08-19 19:41:08 | INFO | epoch=010 train_batch=200/435 running_loss=0.064783
2026-08-19 19:41:09 | INFO | epoch=010 train_batch=210/435 running_loss=0.064892
2026-08-19 19:41:09 | INFO | epoch=010 train_batch=220/435 running_loss=0.064764
2026-08-19 19:41:09 | INFO | epoch=010 train_batch=230/435 running_loss=0.064978
2026-08-19 19:41:09 | INFO | epoch=010 train_batch=240/435 running_loss=0.064975
2026-08-19 19:41:10 | INFO | epoch=010 train_batch=250/435 running_loss=0.064966
2026-08-19 19:41:10 | INFO | epoch=010 train_batch=260/435 running_loss=0.064959
2026-08-19 19:41:10 | INFO | epoch=010 train_batch=270/435 running_loss=0.064935
2026-08-19 19:41:10 | INFO | epoch=010 train_batch=280/435 running_loss=0.064844
2026-08-19 19:41:11 | INFO | epoch=010 train_batch=290/435 running_loss=0.064813
2026-08-19 19:41:11 | INFO | epoch=010 train_batch=300/435 running_loss=0.064847
2026-08-19 19:41:11 | INFO | epoch=010 train_batch=310/435 running_loss=0.065141
2026-08-19 19:41:11 | INFO | epoch=010 train_batch=320/435 running_loss=0.065215
2026-08-19 19:41:12 | INFO | epoch=010 train_batch=330/435 running_loss=0.065253
2026-08-19 19:41:12 | INFO | epoch=010 train_batch=340/435 running_loss=0.065252
2026-08-19 19:41:12 | INFO | epoch=010 train_batch=350/435 running_loss=0.065310
2026-08-19 19:41:12 | INFO | epoch=010 train_batch=360/435 running_loss=0.065357
2026-08-19 19:41:13 | INFO | epoch=010 train_batch=370/435 running_loss=0.065264
2026-08-19 19:41:13 | INFO | epoch=010 train_batch=380/435 running_loss=0.065261
2026-08-19 19:41:13 | INFO | epoch=010 train_batch=390/435 running_loss=0.065298
2026-08-19 19:41:13 | INFO | epoch=010 train_batch=400/435 running_loss=0.065348
2026-08-19 19:41:14 | INFO | epoch=010 train_batch=410/435 running_loss=0.065306
2026-08-19 19:41:14 | INFO | epoch=010 train_batch=420/435 running_loss=0.065260
2026-08-19 19:41:14 | INFO | epoch=010 train_batch=430/435 running_loss=0.065126
2026-08-19 19:41:14 | INFO | epoch=010 train_batch=435/435 running_loss=0.065154
2026-08-19 19:41:15 | INFO | epoch=010 train_loss=0.065154 validation_loss=0.148340
2026-08-19 19:41:15 | INFO | epoch=010 saved new best.pt
2026-08-19 19:41:15 | INFO | epoch=011 train_batch=10/435 running_loss=0.062945
2026-08-19 19:41:15 | INFO | epoch=011 train_batch=20/435 running_loss=0.060880
2026-08-19 19:41:15 | INFO | epoch=011 train_batch=30/435 running_loss=0.061181
2026-08-19 19:41:16 | INFO | epoch=011 train_batch=40/435 running_loss=0.061666
2026-08-19 19:41:16 | INFO | epoch=011 train_batch=50/435 running_loss=0.062269
2026-08-19 19:41:16 | INFO | epoch=011 train_batch=60/435 running_loss=0.062965
2026-08-19 19:41:16 | INFO | epoch=011 train_batch=70/435 running_loss=0.063258
2026-08-19 19:41:17 | INFO | epoch=011 train_batch=80/435 running_loss=0.063928
2026-08-19 19:41:17 | INFO | epoch=011 train_batch=90/435 running_loss=0.063530
2026-08-19 19:41:17 | INFO | epoch=011 train_batch=100/435 running_loss=0.063548
2026-08-19 19:41:17 | INFO | epoch=011 train_batch=110/435 running_loss=0.063114
2026-08-19 19:41:18 | INFO | epoch=011 train_batch=120/435 running_loss=0.063074
2026-08-19 19:41:18 | INFO | epoch=011 train_batch=130/435 running_loss=0.062859
2026-08-19 19:41:18 | INFO | epoch=011 train_batch=140/435 running_loss=0.062736
2026-08-19 19:41:18 | INFO | epoch=011 train_batch=150/435 running_loss=0.062646
2026-08-19 19:41:19 | INFO | epoch=011 train_batch=160/435 running_loss=0.062820
2026-08-19 19:41:19 | INFO | epoch=011 train_batch=170/435 running_loss=0.063245
2026-08-19 19:41:19 | INFO | epoch=011 train_batch=180/435 running_loss=0.063282
2026-08-19 19:41:19 | INFO | epoch=011 train_batch=190/435 running_loss=0.063362
2026-08-19 19:41:20 | INFO | epoch=011 train_batch=200/435 running_loss=0.063090
2026-08-19 19:41:20 | INFO | epoch=011 train_batch=210/435 running_loss=0.063095
2026-08-19 19:41:20 | INFO | epoch=011 train_batch=220/435 running_loss=0.063104
2026-08-19 19:41:20 | INFO | epoch=011 train_batch=230/435 running_loss=0.063362
2026-08-19 19:41:21 | INFO | epoch=011 train_batch=240/435 running_loss=0.063408
2026-08-19 19:41:21 | INFO | epoch=011 train_batch=250/435 running_loss=0.063497
2026-08-19 19:41:21 | INFO | epoch=011 train_batch=260/435 running_loss=0.063501
2026-08-19 19:41:21 | INFO | epoch=011 train_batch=270/435 running_loss=0.063394
2026-08-19 19:41:22 | INFO | epoch=011 train_batch=280/435 running_loss=0.063417
2026-08-19 19:41:22 | INFO | epoch=011 train_batch=290/435 running_loss=0.063472
2026-08-19 19:41:22 | INFO | epoch=011 train_batch=300/435 running_loss=0.063347
2026-08-19 19:41:22 | INFO | epoch=011 train_batch=310/435 running_loss=0.063309
2026-08-19 19:41:23 | INFO | epoch=011 train_batch=320/435 running_loss=0.063130
2026-08-19 19:41:23 | INFO | epoch=011 train_batch=330/435 running_loss=0.062987
2026-08-19 19:41:23 | INFO | epoch=011 train_batch=340/435 running_loss=0.062857
2026-08-19 19:41:23 | INFO | epoch=011 train_batch=350/435 running_loss=0.062750
2026-08-19 19:41:24 | INFO | epoch=011 train_batch=360/435 running_loss=0.062879
2026-08-19 19:41:24 | INFO | epoch=011 train_batch=370/435 running_loss=0.062913
2026-08-19 19:41:24 | INFO | epoch=011 train_batch=380/435 running_loss=0.062775
2026-08-19 19:41:24 | INFO | epoch=011 train_batch=390/435 running_loss=0.062900
2026-08-19 19:41:25 | INFO | epoch=011 train_batch=400/435 running_loss=0.062890
2026-08-19 19:41:25 | INFO | epoch=011 train_batch=410/435 running_loss=0.062980
2026-08-19 19:41:25 | INFO | epoch=011 train_batch=420/435 running_loss=0.062884
2026-08-19 19:41:25 | INFO | epoch=011 train_batch=430/435 running_loss=0.062943
2026-08-19 19:41:25 | INFO | epoch=011 train_batch=435/435 running_loss=0.062946
2026-08-19 19:41:26 | INFO | epoch=011 train_loss=0.062946 validation_loss=0.143694
2026-08-19 19:41:26 | INFO | epoch=011 saved new best.pt
2026-08-19 19:41:26 | INFO | epoch=012 train_batch=10/435 running_loss=0.056476
2026-08-19 19:41:26 | INFO | epoch=012 train_batch=20/435 running_loss=0.058379
2026-08-19 19:41:27 | INFO | epoch=012 train_batch=30/435 running_loss=0.058146
2026-08-19 19:41:27 | INFO | epoch=012 train_batch=40/435 running_loss=0.059390
2026-08-19 19:41:27 | INFO | epoch=012 train_batch=50/435 running_loss=0.059604
2026-08-19 19:41:27 | INFO | epoch=012 train_batch=60/435 running_loss=0.059886
2026-08-19 19:41:28 | INFO | epoch=012 train_batch=70/435 running_loss=0.060461
2026-08-19 19:41:28 | INFO | epoch=012 train_batch=80/435 running_loss=0.060807
2026-08-19 19:41:28 | INFO | epoch=012 train_batch=90/435 running_loss=0.060898
2026-08-19 19:41:28 | INFO | epoch=012 train_batch=100/435 running_loss=0.060867
2026-08-19 19:41:29 | INFO | epoch=012 train_batch=110/435 running_loss=0.061070
2026-08-19 19:41:29 | INFO | epoch=012 train_batch=120/435 running_loss=0.061142
2026-08-19 19:41:29 | INFO | epoch=012 train_batch=130/435 running_loss=0.061029
2026-08-19 19:41:29 | INFO | epoch=012 train_batch=140/435 running_loss=0.060852
2026-08-19 19:41:30 | INFO | epoch=012 train_batch=150/435 running_loss=0.060585
2026-08-19 19:41:30 | INFO | epoch=012 train_batch=160/435 running_loss=0.060367
2026-08-19 19:41:30 | INFO | epoch=012 train_batch=170/435 running_loss=0.060171
2026-08-19 19:41:30 | INFO | epoch=012 train_batch=180/435 running_loss=0.060210
2026-08-19 19:41:31 | INFO | epoch=012 train_batch=190/435 running_loss=0.060491
2026-08-19 19:41:31 | INFO | epoch=012 train_batch=200/435 running_loss=0.060544
2026-08-19 19:41:31 | INFO | epoch=012 train_batch=210/435 running_loss=0.060703
2026-08-19 19:41:31 | INFO | epoch=012 train_batch=220/435 running_loss=0.060750
2026-08-19 19:41:32 | INFO | epoch=012 train_batch=230/435 running_loss=0.060546
2026-08-19 19:41:32 | INFO | epoch=012 train_batch=240/435 running_loss=0.060523
2026-08-19 19:41:32 | INFO | epoch=012 train_batch=250/435 running_loss=0.060487
2026-08-19 19:41:32 | INFO | epoch=012 train_batch=260/435 running_loss=0.060533
2026-08-19 19:41:33 | INFO | epoch=012 train_batch=270/435 running_loss=0.060754
2026-08-19 19:41:33 | INFO | epoch=012 train_batch=280/435 running_loss=0.060771
2026-08-19 19:41:33 | INFO | epoch=012 train_batch=290/435 running_loss=0.060805
2026-08-19 19:41:33 | INFO | epoch=012 train_batch=300/435 running_loss=0.060760
2026-08-19 19:41:34 | INFO | epoch=012 train_batch=310/435 running_loss=0.060683
2026-08-19 19:41:34 | INFO | epoch=012 train_batch=320/435 running_loss=0.060722
2026-08-19 19:41:34 | INFO | epoch=012 train_batch=330/435 running_loss=0.060777
2026-08-19 19:41:34 | INFO | epoch=012 train_batch=340/435 running_loss=0.061015
2026-08-19 19:41:35 | INFO | epoch=012 train_batch=350/435 running_loss=0.061130
2026-08-19 19:41:35 | INFO | epoch=012 train_batch=360/435 running_loss=0.061144
2026-08-19 19:41:35 | INFO | epoch=012 train_batch=370/435 running_loss=0.061231
2026-08-19 19:41:35 | INFO | epoch=012 train_batch=380/435 running_loss=0.061157
2026-08-19 19:41:36 | INFO | epoch=012 train_batch=390/435 running_loss=0.061163
2026-08-19 19:41:36 | INFO | epoch=012 train_batch=400/435 running_loss=0.061155
2026-08-19 19:41:36 | INFO | epoch=012 train_batch=410/435 running_loss=0.061085
2026-08-19 19:41:36 | INFO | epoch=012 train_batch=420/435 running_loss=0.060934
2026-08-19 19:41:37 | INFO | epoch=012 train_batch=430/435 running_loss=0.060911
2026-08-19 19:41:37 | INFO | epoch=012 train_batch=435/435 running_loss=0.060898
2026-08-19 19:41:37 | INFO | epoch=012 train_loss=0.060898 validation_loss=0.146850
2026-08-19 19:41:37 | INFO | epoch=013 train_batch=10/435 running_loss=0.056326
2026-08-19 19:41:37 | INFO | epoch=013 train_batch=20/435 running_loss=0.055721
2026-08-19 19:41:38 | INFO | epoch=013 train_batch=30/435 running_loss=0.055888
2026-08-19 19:41:38 | INFO | epoch=013 train_batch=40/435 running_loss=0.055325
2026-08-19 19:41:38 | INFO | epoch=013 train_batch=50/435 running_loss=0.056368
2026-08-19 19:41:38 | INFO | epoch=013 train_batch=60/435 running_loss=0.057016
2026-08-19 19:41:39 | INFO | epoch=013 train_batch=70/435 running_loss=0.057399
2026-08-19 19:41:39 | INFO | epoch=013 train_batch=80/435 running_loss=0.057579
2026-08-19 19:41:39 | INFO | epoch=013 train_batch=90/435 running_loss=0.057561
2026-08-19 19:41:39 | INFO | epoch=013 train_batch=100/435 running_loss=0.057372
2026-08-19 19:41:40 | INFO | epoch=013 train_batch=110/435 running_loss=0.057460
2026-08-19 19:41:40 | INFO | epoch=013 train_batch=120/435 running_loss=0.057975
2026-08-19 19:41:40 | INFO | epoch=013 train_batch=130/435 running_loss=0.057674
2026-08-19 19:41:40 | INFO | epoch=013 train_batch=140/435 running_loss=0.057795
2026-08-19 19:41:41 | INFO | epoch=013 train_batch=150/435 running_loss=0.057799
2026-08-19 19:41:41 | INFO | epoch=013 train_batch=160/435 running_loss=0.057974
2026-08-19 19:41:41 | INFO | epoch=013 train_batch=170/435 running_loss=0.058339
2026-08-19 19:41:41 | INFO | epoch=013 train_batch=180/435 running_loss=0.058373
2026-08-19 19:41:42 | INFO | epoch=013 train_batch=190/435 running_loss=0.058294
2026-08-19 19:41:42 | INFO | epoch=013 train_batch=200/435 running_loss=0.058554
2026-08-19 19:41:42 | INFO | epoch=013 train_batch=210/435 running_loss=0.058602
2026-08-19 19:41:42 | INFO | epoch=013 train_batch=220/435 running_loss=0.058518
2026-08-19 19:41:43 | INFO | epoch=013 train_batch=230/435 running_loss=0.058466
2026-08-19 19:41:43 | INFO | epoch=013 train_batch=240/435 running_loss=0.058259
2026-08-19 19:41:43 | INFO | epoch=013 train_batch=250/435 running_loss=0.058225
2026-08-19 19:41:43 | INFO | epoch=013 train_batch=260/435 running_loss=0.058428
2026-08-19 19:41:44 | INFO | epoch=013 train_batch=270/435 running_loss=0.058589
2026-08-19 19:41:44 | INFO | epoch=013 train_batch=280/435 running_loss=0.058645
2026-08-19 19:41:44 | INFO | epoch=013 train_batch=290/435 running_loss=0.058714
2026-08-19 19:41:44 | INFO | epoch=013 train_batch=300/435 running_loss=0.058789
2026-08-19 19:41:45 | INFO | epoch=013 train_batch=310/435 running_loss=0.059024
2026-08-19 19:41:45 | INFO | epoch=013 train_batch=320/435 running_loss=0.058970
2026-08-19 19:41:45 | INFO | epoch=013 train_batch=330/435 running_loss=0.058958
2026-08-19 19:41:45 | INFO | epoch=013 train_batch=340/435 running_loss=0.059093
2026-08-19 19:41:46 | INFO | epoch=013 train_batch=350/435 running_loss=0.059141
2026-08-19 19:41:46 | INFO | epoch=013 train_batch=360/435 running_loss=0.059222
2026-08-19 19:41:46 | INFO | epoch=013 train_batch=370/435 running_loss=0.059143
2026-08-19 19:41:46 | INFO | epoch=013 train_batch=380/435 running_loss=0.059083
2026-08-19 19:41:47 | INFO | epoch=013 train_batch=390/435 running_loss=0.059077
2026-08-19 19:41:47 | INFO | epoch=013 train_batch=400/435 running_loss=0.058961
2026-08-19 19:41:47 | INFO | epoch=013 train_batch=410/435 running_loss=0.059007
2026-08-19 19:41:47 | INFO | epoch=013 train_batch=420/435 running_loss=0.059028
2026-08-19 19:41:48 | INFO | epoch=013 train_batch=430/435 running_loss=0.059081
2026-08-19 19:41:48 | INFO | epoch=013 train_batch=435/435 running_loss=0.059122
2026-08-19 19:41:48 | INFO | epoch=013 train_loss=0.059122 validation_loss=0.144296
2026-08-19 19:41:48 | INFO | epoch=014 train_batch=10/435 running_loss=0.054119
2026-08-19 19:41:49 | INFO | epoch=014 train_batch=20/435 running_loss=0.054499
2026-08-19 19:41:49 | INFO | epoch=014 train_batch=30/435 running_loss=0.054827
2026-08-19 19:41:49 | INFO | epoch=014 train_batch=40/435 running_loss=0.055661
2026-08-19 19:41:49 | INFO | epoch=014 train_batch=50/435 running_loss=0.056907
2026-08-19 19:41:50 | INFO | epoch=014 train_batch=60/435 running_loss=0.057213
2026-08-19 19:41:50 | INFO | epoch=014 train_batch=70/435 running_loss=0.057175
2026-08-19 19:41:50 | INFO | epoch=014 train_batch=80/435 running_loss=0.057354
2026-08-19 19:41:50 | INFO | epoch=014 train_batch=90/435 running_loss=0.057104
2026-08-19 19:41:51 | INFO | epoch=014 train_batch=100/435 running_loss=0.057053
2026-08-19 19:41:51 | INFO | epoch=014 train_batch=110/435 running_loss=0.057686
2026-08-19 19:41:51 | INFO | epoch=014 train_batch=120/435 running_loss=0.057648
2026-08-19 19:41:51 | INFO | epoch=014 train_batch=130/435 running_loss=0.057627
2026-08-19 19:41:52 | INFO | epoch=014 train_batch=140/435 running_loss=0.057467
2026-08-19 19:41:52 | INFO | epoch=014 train_batch=150/435 running_loss=0.057322
2026-08-19 19:41:52 | INFO | epoch=014 train_batch=160/435 running_loss=0.057187
2026-08-19 19:41:52 | INFO | epoch=014 train_batch=170/435 running_loss=0.057213
2026-08-19 19:41:53 | INFO | epoch=014 train_batch=180/435 running_loss=0.057353
2026-08-19 19:41:53 | INFO | epoch=014 train_batch=190/435 running_loss=0.057363
2026-08-19 19:41:53 | INFO | epoch=014 train_batch=200/435 running_loss=0.057339
2026-08-19 19:41:53 | INFO | epoch=014 train_batch=210/435 running_loss=0.057542
2026-08-19 19:41:54 | INFO | epoch=014 train_batch=220/435 running_loss=0.057701
2026-08-19 19:41:54 | INFO | epoch=014 train_batch=230/435 running_loss=0.057718
2026-08-19 19:41:54 | INFO | epoch=014 train_batch=240/435 running_loss=0.057749
2026-08-19 19:41:54 | INFO | epoch=014 train_batch=250/435 running_loss=0.057652
2026-08-19 19:41:55 | INFO | epoch=014 train_batch=260/435 running_loss=0.057533
2026-08-19 19:41:55 | INFO | epoch=014 train_batch=270/435 running_loss=0.057577
2026-08-19 19:41:55 | INFO | epoch=014 train_batch=280/435 running_loss=0.057525
2026-08-19 19:41:55 | INFO | epoch=014 train_batch=290/435 running_loss=0.057440
2026-08-19 19:41:56 | INFO | epoch=014 train_batch=300/435 running_loss=0.057458
2026-08-19 19:41:56 | INFO | epoch=014 train_batch=310/435 running_loss=0.057523
2026-08-19 19:41:56 | INFO | epoch=014 train_batch=320/435 running_loss=0.057593
2026-08-19 19:41:56 | INFO | epoch=014 train_batch=330/435 running_loss=0.057656
2026-08-19 19:41:56 | INFO | epoch=014 train_batch=340/435 running_loss=0.057544
2026-08-19 19:41:57 | INFO | epoch=014 train_batch=350/435 running_loss=0.057513
2026-08-19 19:41:57 | INFO | epoch=014 train_batch=360/435 running_loss=0.057514
2026-08-19 19:41:57 | INFO | epoch=014 train_batch=370/435 running_loss=0.057517
2026-08-19 19:41:57 | INFO | epoch=014 train_batch=380/435 running_loss=0.057506
2026-08-19 19:41:58 | INFO | epoch=014 train_batch=390/435 running_loss=0.057456
2026-08-19 19:41:58 | INFO | epoch=014 train_batch=400/435 running_loss=0.057434
2026-08-19 19:41:58 | INFO | epoch=014 train_batch=410/435 running_loss=0.057398
2026-08-19 19:41:58 | INFO | epoch=014 train_batch=420/435 running_loss=0.057321
2026-08-19 19:41:59 | INFO | epoch=014 train_batch=430/435 running_loss=0.057326
2026-08-19 19:41:59 | INFO | epoch=014 train_batch=435/435 running_loss=0.057381
2026-08-19 19:41:59 | INFO | epoch=014 train_loss=0.057381 validation_loss=0.140839
2026-08-19 19:41:59 | INFO | epoch=014 saved new best.pt
2026-08-19 19:41:59 | INFO | epoch=015 train_batch=10/435 running_loss=0.056299
2026-08-19 19:42:00 | INFO | epoch=015 train_batch=20/435 running_loss=0.054585
2026-08-19 19:42:00 | INFO | epoch=015 train_batch=30/435 running_loss=0.055353
2026-08-19 19:42:00 | INFO | epoch=015 train_batch=40/435 running_loss=0.054282
2026-08-19 19:42:00 | INFO | epoch=015 train_batch=50/435 running_loss=0.054666
2026-08-19 19:42:01 | INFO | epoch=015 train_batch=60/435 running_loss=0.054935
2026-08-19 19:42:01 | INFO | epoch=015 train_batch=70/435 running_loss=0.055234
2026-08-19 19:42:01 | INFO | epoch=015 train_batch=80/435 running_loss=0.055432
2026-08-19 19:42:01 | INFO | epoch=015 train_batch=90/435 running_loss=0.055309
2026-08-19 19:42:02 | INFO | epoch=015 train_batch=100/435 running_loss=0.055201
2026-08-19 19:42:02 | INFO | epoch=015 train_batch=110/435 running_loss=0.055037
2026-08-19 19:42:02 | INFO | epoch=015 train_batch=120/435 running_loss=0.055164
2026-08-19 19:42:02 | INFO | epoch=015 train_batch=130/435 running_loss=0.055388
2026-08-19 19:42:03 | INFO | epoch=015 train_batch=140/435 running_loss=0.055399
2026-08-19 19:42:03 | INFO | epoch=015 train_batch=150/435 running_loss=0.055492
2026-08-19 19:42:03 | INFO | epoch=015 train_batch=160/435 running_loss=0.055541
2026-08-19 19:42:03 | INFO | epoch=015 train_batch=170/435 running_loss=0.055530
2026-08-19 19:42:04 | INFO | epoch=015 train_batch=180/435 running_loss=0.055391
2026-08-19 19:42:04 | INFO | epoch=015 train_batch=190/435 running_loss=0.055588
2026-08-19 19:42:04 | INFO | epoch=015 train_batch=200/435 running_loss=0.055637
2026-08-19 19:42:04 | INFO | epoch=015 train_batch=210/435 running_loss=0.055746
2026-08-19 19:42:05 | INFO | epoch=015 train_batch=220/435 running_loss=0.055747
2026-08-19 19:42:05 | INFO | epoch=015 train_batch=230/435 running_loss=0.055831
2026-08-19 19:42:05 | INFO | epoch=015 train_batch=240/435 running_loss=0.055615
2026-08-19 19:42:05 | INFO | epoch=015 train_batch=250/435 running_loss=0.055672
2026-08-19 19:42:06 | INFO | epoch=015 train_batch=260/435 running_loss=0.055735
2026-08-19 19:42:06 | INFO | epoch=015 train_batch=270/435 running_loss=0.055662
2026-08-19 19:42:06 | INFO | epoch=015 train_batch=280/435 running_loss=0.055608
2026-08-19 19:42:06 | INFO | epoch=015 train_batch=290/435 running_loss=0.055560
2026-08-19 19:42:07 | INFO | epoch=015 train_batch=300/435 running_loss=0.055673
2026-08-19 19:42:07 | INFO | epoch=015 train_batch=310/435 running_loss=0.055623
2026-08-19 19:42:07 | INFO | epoch=015 train_batch=320/435 running_loss=0.055611
2026-08-19 19:42:07 | INFO | epoch=015 train_batch=330/435 running_loss=0.055735
2026-08-19 19:42:08 | INFO | epoch=015 train_batch=340/435 running_loss=0.055777
2026-08-19 19:42:08 | INFO | epoch=015 train_batch=350/435 running_loss=0.055789
2026-08-19 19:42:08 | INFO | epoch=015 train_batch=360/435 running_loss=0.055817
2026-08-19 19:42:08 | INFO | epoch=015 train_batch=370/435 running_loss=0.055762
2026-08-19 19:42:09 | INFO | epoch=015 train_batch=380/435 running_loss=0.055903
2026-08-19 19:42:09 | INFO | epoch=015 train_batch=390/435 running_loss=0.055939
2026-08-19 19:42:09 | INFO | epoch=015 train_batch=400/435 running_loss=0.055932
2026-08-19 19:42:09 | INFO | epoch=015 train_batch=410/435 running_loss=0.055928
2026-08-19 19:42:10 | INFO | epoch=015 train_batch=420/435 running_loss=0.055928
2026-08-19 19:42:10 | INFO | epoch=015 train_batch=430/435 running_loss=0.055916
2026-08-19 19:42:10 | INFO | epoch=015 train_batch=435/435 running_loss=0.055952
2026-08-19 19:42:10 | INFO | epoch=015 train_loss=0.055952 validation_loss=0.138680
2026-08-19 19:42:10 | INFO | epoch=015 saved new best.pt
2026-08-19 19:42:11 | INFO | epoch=016 train_batch=10/435 running_loss=0.052742
2026-08-19 19:42:11 | INFO | epoch=016 train_batch=20/435 running_loss=0.052885
2026-08-19 19:42:11 | INFO | epoch=016 train_batch=30/435 running_loss=0.053584
2026-08-19 19:42:11 | INFO | epoch=016 train_batch=40/435 running_loss=0.053351
2026-08-19 19:42:12 | INFO | epoch=016 train_batch=50/435 running_loss=0.053821
2026-08-19 19:42:12 | INFO | epoch=016 train_batch=60/435 running_loss=0.053796
2026-08-19 19:42:12 | INFO | epoch=016 train_batch=70/435 running_loss=0.053543
2026-08-19 19:42:12 | INFO | epoch=016 train_batch=80/435 running_loss=0.053983
2026-08-19 19:42:13 | INFO | epoch=016 train_batch=90/435 running_loss=0.054093
2026-08-19 19:42:13 | INFO | epoch=016 train_batch=100/435 running_loss=0.054597
2026-08-19 19:42:13 | INFO | epoch=016 train_batch=110/435 running_loss=0.054373
2026-08-19 19:42:13 | INFO | epoch=016 train_batch=120/435 running_loss=0.054259
2026-08-19 19:42:14 | INFO | epoch=016 train_batch=130/435 running_loss=0.054239
2026-08-19 19:42:14 | INFO | epoch=016 train_batch=140/435 running_loss=0.054298
2026-08-19 19:42:14 | INFO | epoch=016 train_batch=150/435 running_loss=0.054085
2026-08-19 19:42:14 | INFO | epoch=016 train_batch=160/435 running_loss=0.054459
2026-08-19 19:42:15 | INFO | epoch=016 train_batch=170/435 running_loss=0.054418
2026-08-19 19:42:15 | INFO | epoch=016 train_batch=180/435 running_loss=0.054519
2026-08-19 19:42:15 | INFO | epoch=016 train_batch=190/435 running_loss=0.054375
2026-08-19 19:42:15 | INFO | epoch=016 train_batch=200/435 running_loss=0.054340
2026-08-19 19:42:16 | INFO | epoch=016 train_batch=210/435 running_loss=0.054142
2026-08-19 19:42:16 | INFO | epoch=016 train_batch=220/435 running_loss=0.054075
2026-08-19 19:42:16 | INFO | epoch=016 train_batch=230/435 running_loss=0.054092
2026-08-19 19:42:16 | INFO | epoch=016 train_batch=240/435 running_loss=0.054444
2026-08-19 19:42:17 | INFO | epoch=016 train_batch=250/435 running_loss=0.054532
2026-08-19 19:42:17 | INFO | epoch=016 train_batch=260/435 running_loss=0.054597
2026-08-19 19:42:17 | INFO | epoch=016 train_batch=270/435 running_loss=0.054725
2026-08-19 19:42:17 | INFO | epoch=016 train_batch=280/435 running_loss=0.054897
2026-08-19 19:42:18 | INFO | epoch=016 train_batch=290/435 running_loss=0.054991
2026-08-19 19:42:18 | INFO | epoch=016 train_batch=300/435 running_loss=0.055000
2026-08-19 19:42:18 | INFO | epoch=016 train_batch=310/435 running_loss=0.054998
2026-08-19 19:42:18 | INFO | epoch=016 train_batch=320/435 running_loss=0.055052
2026-08-19 19:42:19 | INFO | epoch=016 train_batch=330/435 running_loss=0.055098
2026-08-19 19:42:19 | INFO | epoch=016 train_batch=340/435 running_loss=0.055219
2026-08-19 19:42:19 | INFO | epoch=016 train_batch=350/435 running_loss=0.055213
2026-08-19 19:42:19 | INFO | epoch=016 train_batch=360/435 running_loss=0.055307
2026-08-19 19:42:20 | INFO | epoch=016 train_batch=370/435 running_loss=0.055334
2026-08-19 19:42:20 | INFO | epoch=016 train_batch=380/435 running_loss=0.055184
2026-08-19 19:42:20 | INFO | epoch=016 train_batch=390/435 running_loss=0.055111
2026-08-19 19:42:20 | INFO | epoch=016 train_batch=400/435 running_loss=0.055116
2026-08-19 19:42:21 | INFO | epoch=016 train_batch=410/435 running_loss=0.055114
2026-08-19 19:42:21 | INFO | epoch=016 train_batch=420/435 running_loss=0.055085
2026-08-19 19:42:21 | INFO | epoch=016 train_batch=430/435 running_loss=0.055043
2026-08-19 19:42:21 | INFO | epoch=016 train_batch=435/435 running_loss=0.054999
2026-08-19 19:42:21 | INFO | epoch=016 train_loss=0.054999 validation_loss=0.136937
2026-08-19 19:42:22 | INFO | epoch=016 saved new best.pt
2026-08-19 19:42:22 | INFO | epoch=017 train_batch=10/435 running_loss=0.054985
2026-08-19 19:42:22 | INFO | epoch=017 train_batch=20/435 running_loss=0.054087
2026-08-19 19:42:22 | INFO | epoch=017 train_batch=30/435 running_loss=0.053276
2026-08-19 19:42:23 | INFO | epoch=017 train_batch=40/435 running_loss=0.054258
2026-08-19 19:42:23 | INFO | epoch=017 train_batch=50/435 running_loss=0.055021
2026-08-19 19:42:23 | INFO | epoch=017 train_batch=60/435 running_loss=0.055652
2026-08-19 19:42:23 | INFO | epoch=017 train_batch=70/435 running_loss=0.054891
2026-08-19 19:42:24 | INFO | epoch=017 train_batch=80/435 running_loss=0.055002
2026-08-19 19:42:24 | INFO | epoch=017 train_batch=90/435 running_loss=0.055387
2026-08-19 19:42:24 | INFO | epoch=017 train_batch=100/435 running_loss=0.054887
2026-08-19 19:42:24 | INFO | epoch=017 train_batch=110/435 running_loss=0.054802
2026-08-19 19:42:25 | INFO | epoch=017 train_batch=120/435 running_loss=0.054435
2026-08-19 19:42:25 | INFO | epoch=017 train_batch=130/435 running_loss=0.054630
2026-08-19 19:42:25 | INFO | epoch=017 train_batch=140/435 running_loss=0.054401
2026-08-19 19:42:25 | INFO | epoch=017 train_batch=150/435 running_loss=0.054473
2026-08-19 19:42:26 | INFO | epoch=017 train_batch=160/435 running_loss=0.054523
2026-08-19 19:42:26 | INFO | epoch=017 train_batch=170/435 running_loss=0.054462
2026-08-19 19:42:26 | INFO | epoch=017 train_batch=180/435 running_loss=0.054311
2026-08-19 19:42:26 | INFO | epoch=017 train_batch=190/435 running_loss=0.054203
2026-08-19 19:42:26 | INFO | epoch=017 train_batch=200/435 running_loss=0.054115
2026-08-19 19:42:27 | INFO | epoch=017 train_batch=210/435 running_loss=0.053983
2026-08-19 19:42:27 | INFO | epoch=017 train_batch=220/435 running_loss=0.054020
2026-08-19 19:42:27 | INFO | epoch=017 train_batch=230/435 running_loss=0.053860
2026-08-19 19:42:27 | INFO | epoch=017 train_batch=240/435 running_loss=0.053750
2026-08-19 19:42:28 | INFO | epoch=017 train_batch=250/435 running_loss=0.053740
2026-08-19 19:42:28 | INFO | epoch=017 train_batch=260/435 running_loss=0.053808
2026-08-19 19:42:28 | INFO | epoch=017 train_batch=270/435 running_loss=0.053887
2026-08-19 19:42:28 | INFO | epoch=017 train_batch=280/435 running_loss=0.053942
2026-08-19 19:42:29 | INFO | epoch=017 train_batch=290/435 running_loss=0.053972
2026-08-19 19:42:29 | INFO | epoch=017 train_batch=300/435 running_loss=0.053924
2026-08-19 19:42:29 | INFO | epoch=017 train_batch=310/435 running_loss=0.054071
2026-08-19 19:42:29 | INFO | epoch=017 train_batch=320/435 running_loss=0.054113
2026-08-19 19:42:30 | INFO | epoch=017 train_batch=330/435 running_loss=0.054094
2026-08-19 19:42:30 | INFO | epoch=017 train_batch=340/435 running_loss=0.054107
2026-08-19 19:42:30 | INFO | epoch=017 train_batch=350/435 running_loss=0.054086
2026-08-19 19:42:30 | INFO | epoch=017 train_batch=360/435 running_loss=0.054064
2026-08-19 19:42:31 | INFO | epoch=017 train_batch=370/435 running_loss=0.053986
2026-08-19 19:42:31 | INFO | epoch=017 train_batch=380/435 running_loss=0.053908
2026-08-19 19:42:31 | INFO | epoch=017 train_batch=390/435 running_loss=0.053966
2026-08-19 19:42:31 | INFO | epoch=017 train_batch=400/435 running_loss=0.054007
2026-08-19 19:42:32 | INFO | epoch=017 train_batch=410/435 running_loss=0.054067
2026-08-19 19:42:32 | INFO | epoch=017 train_batch=420/435 running_loss=0.054042
2026-08-19 19:42:32 | INFO | epoch=017 train_batch=430/435 running_loss=0.053983
2026-08-19 19:42:32 | INFO | epoch=017 train_batch=435/435 running_loss=0.053981
2026-08-19 19:42:33 | INFO | epoch=017 train_loss=0.053981 validation_loss=0.135988
2026-08-19 19:42:33 | INFO | epoch=017 saved new best.pt
2026-08-19 19:42:33 | INFO | epoch=018 train_batch=10/435 running_loss=0.054289
2026-08-19 19:42:33 | INFO | epoch=018 train_batch=20/435 running_loss=0.053016
2026-08-19 19:42:33 | INFO | epoch=018 train_batch=30/435 running_loss=0.052899
2026-08-19 19:42:34 | INFO | epoch=018 train_batch=40/435 running_loss=0.053255
2026-08-19 19:42:34 | INFO | epoch=018 train_batch=50/435 running_loss=0.053997
2026-08-19 19:42:34 | INFO | epoch=018 train_batch=60/435 running_loss=0.053854
2026-08-19 19:42:34 | INFO | epoch=018 train_batch=70/435 running_loss=0.054030
2026-08-19 19:42:35 | INFO | epoch=018 train_batch=80/435 running_loss=0.053618
2026-08-19 19:42:35 | INFO | epoch=018 train_batch=90/435 running_loss=0.053911
2026-08-19 19:42:35 | INFO | epoch=018 train_batch=100/435 running_loss=0.053360
2026-08-19 19:42:36 | INFO | epoch=018 train_batch=110/435 running_loss=0.053111
2026-08-19 19:42:36 | INFO | epoch=018 train_batch=120/435 running_loss=0.053277
2026-08-19 19:42:36 | INFO | epoch=018 train_batch=130/435 running_loss=0.053582
2026-08-19 19:42:36 | INFO | epoch=018 train_batch=140/435 running_loss=0.053457
2026-08-19 19:42:37 | INFO | epoch=018 train_batch=150/435 running_loss=0.053585
2026-08-19 19:42:37 | INFO | epoch=018 train_batch=160/435 running_loss=0.053586
2026-08-19 19:42:37 | INFO | epoch=018 train_batch=170/435 running_loss=0.053544
2026-08-19 19:42:37 | INFO | epoch=018 train_batch=180/435 running_loss=0.053459
2026-08-19 19:42:38 | INFO | epoch=018 train_batch=190/435 running_loss=0.053283
2026-08-19 19:42:38 | INFO | epoch=018 train_batch=200/435 running_loss=0.053103
2026-08-19 19:42:38 | INFO | epoch=018 train_batch=210/435 running_loss=0.052919
2026-08-19 19:42:38 | INFO | epoch=018 train_batch=220/435 running_loss=0.053181
2026-08-19 19:42:39 | INFO | epoch=018 train_batch=230/435 running_loss=0.053094
2026-08-19 19:42:39 | INFO | epoch=018 train_batch=240/435 running_loss=0.053026
2026-08-19 19:42:39 | INFO | epoch=018 train_batch=250/435 running_loss=0.052977
2026-08-19 19:42:39 | INFO | epoch=018 train_batch=260/435 running_loss=0.052901
2026-08-19 19:42:40 | INFO | epoch=018 train_batch=270/435 running_loss=0.052747
2026-08-19 19:42:40 | INFO | epoch=018 train_batch=280/435 running_loss=0.052860
2026-08-19 19:42:40 | INFO | epoch=018 train_batch=290/435 running_loss=0.052860
2026-08-19 19:42:40 | INFO | epoch=018 train_batch=300/435 running_loss=0.052892
2026-08-19 19:42:41 | INFO | epoch=018 train_batch=310/435 running_loss=0.052851
2026-08-19 19:42:41 | INFO | epoch=018 train_batch=320/435 running_loss=0.052722
2026-08-19 19:42:41 | INFO | epoch=018 train_batch=330/435 running_loss=0.052772
2026-08-19 19:42:41 | INFO | epoch=018 train_batch=340/435 running_loss=0.052861
2026-08-19 19:42:42 | INFO | epoch=018 train_batch=350/435 running_loss=0.052814
2026-08-19 19:42:42 | INFO | epoch=018 train_batch=360/435 running_loss=0.052845
2026-08-19 19:42:42 | INFO | epoch=018 train_batch=370/435 running_loss=0.052750
2026-08-19 19:42:42 | INFO | epoch=018 train_batch=380/435 running_loss=0.052723
2026-08-19 19:42:43 | INFO | epoch=018 train_batch=390/435 running_loss=0.052771
2026-08-19 19:42:43 | INFO | epoch=018 train_batch=400/435 running_loss=0.052883
2026-08-19 19:42:43 | INFO | epoch=018 train_batch=410/435 running_loss=0.052904
2026-08-19 19:42:43 | INFO | epoch=018 train_batch=420/435 running_loss=0.052933
2026-08-19 19:42:44 | INFO | epoch=018 train_batch=430/435 running_loss=0.052874
2026-08-19 19:42:44 | INFO | epoch=018 train_batch=435/435 running_loss=0.052868
2026-08-19 19:42:44 | INFO | epoch=018 train_loss=0.052868 validation_loss=0.133839
2026-08-19 19:42:44 | INFO | epoch=018 saved new best.pt
2026-08-19 19:42:44 | INFO | epoch=019 train_batch=10/435 running_loss=0.053802
2026-08-19 19:42:45 | INFO | epoch=019 train_batch=20/435 running_loss=0.052077
2026-08-19 19:42:45 | INFO | epoch=019 train_batch=30/435 running_loss=0.051770
2026-08-19 19:42:45 | INFO | epoch=019 train_batch=40/435 running_loss=0.052369
2026-08-19 19:42:45 | INFO | epoch=019 train_batch=50/435 running_loss=0.052580
2026-08-19 19:42:46 | INFO | epoch=019 train_batch=60/435 running_loss=0.052895
2026-08-19 19:42:46 | INFO | epoch=019 train_batch=70/435 running_loss=0.053394
2026-08-19 19:42:46 | INFO | epoch=019 train_batch=80/435 running_loss=0.053107
2026-08-19 19:42:46 | INFO | epoch=019 train_batch=90/435 running_loss=0.052886
2026-08-19 19:42:47 | INFO | epoch=019 train_batch=100/435 running_loss=0.052517
2026-08-19 19:42:47 | INFO | epoch=019 train_batch=110/435 running_loss=0.052334
2026-08-19 19:42:47 | INFO | epoch=019 train_batch=120/435 running_loss=0.052329
2026-08-19 19:42:47 | INFO | epoch=019 train_batch=130/435 running_loss=0.051903
2026-08-19 19:42:48 | INFO | epoch=019 train_batch=140/435 running_loss=0.051980
2026-08-19 19:42:48 | INFO | epoch=019 train_batch=150/435 running_loss=0.051969
2026-08-19 19:42:48 | INFO | epoch=019 train_batch=160/435 running_loss=0.051885
2026-08-19 19:42:48 | INFO | epoch=019 train_batch=170/435 running_loss=0.051648
2026-08-19 19:42:49 | INFO | epoch=019 train_batch=180/435 running_loss=0.051356
2026-08-19 19:42:49 | INFO | epoch=019 train_batch=190/435 running_loss=0.051402
2026-08-19 19:42:49 | INFO | epoch=019 train_batch=200/435 running_loss=0.051416
2026-08-19 19:42:49 | INFO | epoch=019 train_batch=210/435 running_loss=0.051634
2026-08-19 19:42:50 | INFO | epoch=019 train_batch=220/435 running_loss=0.051786
2026-08-19 19:42:50 | INFO | epoch=019 train_batch=230/435 running_loss=0.051868
2026-08-19 19:42:50 | INFO | epoch=019 train_batch=240/435 running_loss=0.051928
2026-08-19 19:42:50 | INFO | epoch=019 train_batch=250/435 running_loss=0.051807
2026-08-19 19:42:51 | INFO | epoch=019 train_batch=260/435 running_loss=0.051782
2026-08-19 19:42:51 | INFO | epoch=019 train_batch=270/435 running_loss=0.051886
2026-08-19 19:42:51 | INFO | epoch=019 train_batch=280/435 running_loss=0.051917
2026-08-19 19:42:51 | INFO | epoch=019 train_batch=290/435 running_loss=0.052137
2026-08-19 19:42:52 | INFO | epoch=019 train_batch=300/435 running_loss=0.052225
2026-08-19 19:42:52 | INFO | epoch=019 train_batch=310/435 running_loss=0.052101
2026-08-19 19:42:52 | INFO | epoch=019 train_batch=320/435 running_loss=0.052045
2026-08-19 19:42:53 | INFO | epoch=019 train_batch=330/435 running_loss=0.052144
2026-08-19 19:42:53 | INFO | epoch=019 train_batch=340/435 running_loss=0.052073
2026-08-19 19:42:53 | INFO | epoch=019 train_batch=350/435 running_loss=0.052033
2026-08-19 19:42:53 | INFO | epoch=019 train_batch=360/435 running_loss=0.051962
2026-08-19 19:42:54 | INFO | epoch=019 train_batch=370/435 running_loss=0.051855
2026-08-19 19:42:54 | INFO | epoch=019 train_batch=380/435 running_loss=0.051843
2026-08-19 19:42:54 | INFO | epoch=019 train_batch=390/435 running_loss=0.051888
2026-08-19 19:42:54 | INFO | epoch=019 train_batch=400/435 running_loss=0.051925
2026-08-19 19:42:55 | INFO | epoch=019 train_batch=410/435 running_loss=0.052097
2026-08-19 19:42:55 | INFO | epoch=019 train_batch=420/435 running_loss=0.052139
2026-08-19 19:42:55 | INFO | epoch=019 train_batch=430/435 running_loss=0.052070
2026-08-19 19:42:55 | INFO | epoch=019 train_batch=435/435 running_loss=0.052027
2026-08-19 19:42:55 | INFO | epoch=019 train_loss=0.052027 validation_loss=0.133018
2026-08-19 19:42:55 | INFO | epoch=019 saved new best.pt
2026-08-19 19:42:56 | INFO | epoch=020 train_batch=10/435 running_loss=0.047362
2026-08-19 19:42:56 | INFO | epoch=020 train_batch=20/435 running_loss=0.048845
2026-08-19 19:42:56 | INFO | epoch=020 train_batch=30/435 running_loss=0.048940
2026-08-19 19:42:56 | INFO | epoch=020 train_batch=40/435 running_loss=0.049429
2026-08-19 19:42:57 | INFO | epoch=020 train_batch=50/435 running_loss=0.049072
2026-08-19 19:42:57 | INFO | epoch=020 train_batch=60/435 running_loss=0.049625
2026-08-19 19:42:57 | INFO | epoch=020 train_batch=70/435 running_loss=0.049423
2026-08-19 19:42:58 | INFO | epoch=020 train_batch=80/435 running_loss=0.049516
2026-08-19 19:42:58 | INFO | epoch=020 train_batch=90/435 running_loss=0.049415
2026-08-19 19:42:58 | INFO | epoch=020 train_batch=100/435 running_loss=0.049468
2026-08-19 19:42:58 | INFO | epoch=020 train_batch=110/435 running_loss=0.049727
2026-08-19 19:42:59 | INFO | epoch=020 train_batch=120/435 running_loss=0.049997
2026-08-19 19:42:59 | INFO | epoch=020 train_batch=130/435 running_loss=0.050465
2026-08-19 19:42:59 | INFO | epoch=020 train_batch=140/435 running_loss=0.050743
2026-08-19 19:42:59 | INFO | epoch=020 train_batch=150/435 running_loss=0.050804
2026-08-19 19:43:00 | INFO | epoch=020 train_batch=160/435 running_loss=0.051010
2026-08-19 19:43:00 | INFO | epoch=020 train_batch=170/435 running_loss=0.050875
2026-08-19 19:43:00 | INFO | epoch=020 train_batch=180/435 running_loss=0.050935
2026-08-19 19:43:00 | INFO | epoch=020 train_batch=190/435 running_loss=0.050958
2026-08-19 19:43:01 | INFO | epoch=020 train_batch=200/435 running_loss=0.051060
2026-08-19 19:43:01 | INFO | epoch=020 train_batch=210/435 running_loss=0.051230
2026-08-19 19:43:01 | INFO | epoch=020 train_batch=220/435 running_loss=0.051282
2026-08-19 19:43:01 | INFO | epoch=020 train_batch=230/435 running_loss=0.051231
2026-08-19 19:43:02 | INFO | epoch=020 train_batch=240/435 running_loss=0.051132
2026-08-19 19:43:02 | INFO | epoch=020 train_batch=250/435 running_loss=0.051021
2026-08-19 19:43:02 | INFO | epoch=020 train_batch=260/435 running_loss=0.051021
2026-08-19 19:43:02 | INFO | epoch=020 train_batch=270/435 running_loss=0.050938
2026-08-19 19:43:03 | INFO | epoch=020 train_batch=280/435 running_loss=0.050978
2026-08-19 19:43:03 | INFO | epoch=020 train_batch=290/435 running_loss=0.051025
2026-08-19 19:43:03 | INFO | epoch=020 train_batch=300/435 running_loss=0.051116
2026-08-19 19:43:03 | INFO | epoch=020 train_batch=310/435 running_loss=0.051131
2026-08-19 19:43:04 | INFO | epoch=020 train_batch=320/435 running_loss=0.051131
2026-08-19 19:43:04 | INFO | epoch=020 train_batch=330/435 running_loss=0.051238
2026-08-19 19:43:04 | INFO | epoch=020 train_batch=340/435 running_loss=0.051359
2026-08-19 19:43:04 | INFO | epoch=020 train_batch=350/435 running_loss=0.051382
2026-08-19 19:43:05 | INFO | epoch=020 train_batch=360/435 running_loss=0.051354
2026-08-19 19:43:05 | INFO | epoch=020 train_batch=370/435 running_loss=0.051363
2026-08-19 19:43:05 | INFO | epoch=020 train_batch=380/435 running_loss=0.051363
2026-08-19 19:43:05 | INFO | epoch=020 train_batch=390/435 running_loss=0.051326
2026-08-19 19:43:06 | INFO | epoch=020 train_batch=400/435 running_loss=0.051372
2026-08-19 19:43:06 | INFO | epoch=020 train_batch=410/435 running_loss=0.051316
2026-08-19 19:43:06 | INFO | epoch=020 train_batch=420/435 running_loss=0.051293
2026-08-19 19:43:06 | INFO | epoch=020 train_batch=430/435 running_loss=0.051223
2026-08-19 19:43:06 | INFO | epoch=020 train_batch=435/435 running_loss=0.051228
2026-08-19 19:43:07 | INFO | epoch=020 train_loss=0.051228 validation_loss=0.134898
2026-08-19 19:43:07 | INFO | epoch=021 train_batch=10/435 running_loss=0.053643
2026-08-19 19:43:07 | INFO | epoch=021 train_batch=20/435 running_loss=0.051543
2026-08-19 19:43:07 | INFO | epoch=021 train_batch=30/435 running_loss=0.051573
2026-08-19 19:43:08 | INFO | epoch=021 train_batch=40/435 running_loss=0.051856
2026-08-19 19:43:08 | INFO | epoch=021 train_batch=50/435 running_loss=0.051515
2026-08-19 19:43:08 | INFO | epoch=021 train_batch=60/435 running_loss=0.051592
2026-08-19 19:43:08 | INFO | epoch=021 train_batch=70/435 running_loss=0.051692
2026-08-19 19:43:09 | INFO | epoch=021 train_batch=80/435 running_loss=0.051282
2026-08-19 19:43:09 | INFO | epoch=021 train_batch=90/435 running_loss=0.051238
2026-08-19 19:43:09 | INFO | epoch=021 train_batch=100/435 running_loss=0.050632
2026-08-19 19:43:09 | INFO | epoch=021 train_batch=110/435 running_loss=0.050664
2026-08-19 19:43:10 | INFO | epoch=021 train_batch=120/435 running_loss=0.050656
2026-08-19 19:43:10 | INFO | epoch=021 train_batch=130/435 running_loss=0.050353
2026-08-19 19:43:10 | INFO | epoch=021 train_batch=140/435 running_loss=0.050214
2026-08-19 19:43:10 | INFO | epoch=021 train_batch=150/435 running_loss=0.050035
2026-08-19 19:43:11 | INFO | epoch=021 train_batch=160/435 running_loss=0.050043
2026-08-19 19:43:11 | INFO | epoch=021 train_batch=170/435 running_loss=0.050113
2026-08-19 19:43:11 | INFO | epoch=021 train_batch=180/435 running_loss=0.050164
2026-08-19 19:43:11 | INFO | epoch=021 train_batch=190/435 running_loss=0.050423
2026-08-19 19:43:12 | INFO | epoch=021 train_batch=200/435 running_loss=0.050472
2026-08-19 19:43:12 | INFO | epoch=021 train_batch=210/435 running_loss=0.050420
2026-08-19 19:43:12 | INFO | epoch=021 train_batch=220/435 running_loss=0.050539
2026-08-19 19:43:12 | INFO | epoch=021 train_batch=230/435 running_loss=0.050526
2026-08-19 19:43:13 | INFO | epoch=021 train_batch=240/435 running_loss=0.050464
2026-08-19 19:43:13 | INFO | epoch=021 train_batch=250/435 running_loss=0.050734
2026-08-19 19:43:13 | INFO | epoch=021 train_batch=260/435 running_loss=0.050762
2026-08-19 19:43:13 | INFO | epoch=021 train_batch=270/435 running_loss=0.050702
2026-08-19 19:43:14 | INFO | epoch=021 train_batch=280/435 running_loss=0.050677
2026-08-19 19:43:14 | INFO | epoch=021 train_batch=290/435 running_loss=0.050794
2026-08-19 19:43:14 | INFO | epoch=021 train_batch=300/435 running_loss=0.050735
2026-08-19 19:43:14 | INFO | epoch=021 train_batch=310/435 running_loss=0.050766
2026-08-19 19:43:15 | INFO | epoch=021 train_batch=320/435 running_loss=0.050760
2026-08-19 19:43:15 | INFO | epoch=021 train_batch=330/435 running_loss=0.050655
2026-08-19 19:43:15 | INFO | epoch=021 train_batch=340/435 running_loss=0.050776
2026-08-19 19:43:15 | INFO | epoch=021 train_batch=350/435 running_loss=0.050742
2026-08-19 19:43:16 | INFO | epoch=021 train_batch=360/435 running_loss=0.050714
2026-08-19 19:43:16 | INFO | epoch=021 train_batch=370/435 running_loss=0.050753
2026-08-19 19:43:16 | INFO | epoch=021 train_batch=380/435 running_loss=0.050728
2026-08-19 19:43:16 | INFO | epoch=021 train_batch=390/435 running_loss=0.050645
2026-08-19 19:43:17 | INFO | epoch=021 train_batch=400/435 running_loss=0.050619
2026-08-19 19:43:17 | INFO | epoch=021 train_batch=410/435 running_loss=0.050598
2026-08-19 19:43:17 | INFO | epoch=021 train_batch=420/435 running_loss=0.050568
2026-08-19 19:43:17 | INFO | epoch=021 train_batch=430/435 running_loss=0.050572
2026-08-19 19:43:17 | INFO | epoch=021 train_batch=435/435 running_loss=0.050552
2026-08-19 19:43:18 | INFO | epoch=021 train_loss=0.050552 validation_loss=0.130068
2026-08-19 19:43:18 | INFO | epoch=021 saved new best.pt
2026-08-19 19:43:18 | INFO | epoch=022 train_batch=10/435 running_loss=0.049678
2026-08-19 19:43:18 | INFO | epoch=022 train_batch=20/435 running_loss=0.048442
2026-08-19 19:43:18 | INFO | epoch=022 train_batch=30/435 running_loss=0.047724
2026-08-19 19:43:19 | INFO | epoch=022 train_batch=40/435 running_loss=0.047895
2026-08-19 19:43:19 | INFO | epoch=022 train_batch=50/435 running_loss=0.048788
2026-08-19 19:43:19 | INFO | epoch=022 train_batch=60/435 running_loss=0.048193
2026-08-19 19:43:19 | INFO | epoch=022 train_batch=70/435 running_loss=0.048593
2026-08-19 19:43:20 | INFO | epoch=022 train_batch=80/435 running_loss=0.048574
2026-08-19 19:43:20 | INFO | epoch=022 train_batch=90/435 running_loss=0.048820
2026-08-19 19:43:20 | INFO | epoch=022 train_batch=100/435 running_loss=0.048790
2026-08-19 19:43:20 | INFO | epoch=022 train_batch=110/435 running_loss=0.048870
2026-08-19 19:43:21 | INFO | epoch=022 train_batch=120/435 running_loss=0.048708
2026-08-19 19:43:21 | INFO | epoch=022 train_batch=130/435 running_loss=0.048969
2026-08-19 19:43:21 | INFO | epoch=022 train_batch=140/435 running_loss=0.049005
2026-08-19 19:43:21 | INFO | epoch=022 train_batch=150/435 running_loss=0.049344
2026-08-19 19:43:22 | INFO | epoch=022 train_batch=160/435 running_loss=0.049303
2026-08-19 19:43:22 | INFO | epoch=022 train_batch=170/435 running_loss=0.049303
2026-08-19 19:43:22 | INFO | epoch=022 train_batch=180/435 running_loss=0.049387
2026-08-19 19:43:22 | INFO | epoch=022 train_batch=190/435 running_loss=0.049361
2026-08-19 19:43:23 | INFO | epoch=022 train_batch=200/435 running_loss=0.049502
2026-08-19 19:43:23 | INFO | epoch=022 train_batch=210/435 running_loss=0.049534
2026-08-19 19:43:23 | INFO | epoch=022 train_batch=220/435 running_loss=0.049650
2026-08-19 19:43:23 | INFO | epoch=022 train_batch=230/435 running_loss=0.049754
2026-08-19 19:43:24 | INFO | epoch=022 train_batch=240/435 running_loss=0.049882
2026-08-19 19:43:24 | INFO | epoch=022 train_batch=250/435 running_loss=0.049909
2026-08-19 19:43:24 | INFO | epoch=022 train_batch=260/435 running_loss=0.049787
2026-08-19 19:43:24 | INFO | epoch=022 train_batch=270/435 running_loss=0.050019
2026-08-19 19:43:25 | INFO | epoch=022 train_batch=280/435 running_loss=0.049901
2026-08-19 19:43:25 | INFO | epoch=022 train_batch=290/435 running_loss=0.049865
2026-08-19 19:43:25 | INFO | epoch=022 train_batch=300/435 running_loss=0.049913
2026-08-19 19:43:25 | INFO | epoch=022 train_batch=310/435 running_loss=0.049938
2026-08-19 19:43:26 | INFO | epoch=022 train_batch=320/435 running_loss=0.049820
2026-08-19 19:43:26 | INFO | epoch=022 train_batch=330/435 running_loss=0.049818
2026-08-19 19:43:26 | INFO | epoch=022 train_batch=340/435 running_loss=0.049858
2026-08-19 19:43:26 | INFO | epoch=022 train_batch=350/435 running_loss=0.049863
2026-08-19 19:43:27 | INFO | epoch=022 train_batch=360/435 running_loss=0.049974
2026-08-19 19:43:27 | INFO | epoch=022 train_batch=370/435 running_loss=0.050036
2026-08-19 19:43:27 | INFO | epoch=022 train_batch=380/435 running_loss=0.050036
2026-08-19 19:43:27 | INFO | epoch=022 train_batch=390/435 running_loss=0.050100
2026-08-19 19:43:28 | INFO | epoch=022 train_batch=400/435 running_loss=0.050139
2026-08-19 19:43:28 | INFO | epoch=022 train_batch=410/435 running_loss=0.050122
2026-08-19 19:43:28 | INFO | epoch=022 train_batch=420/435 running_loss=0.050181
2026-08-19 19:43:28 | INFO | epoch=022 train_batch=430/435 running_loss=0.050117
2026-08-19 19:43:28 | INFO | epoch=022 train_batch=435/435 running_loss=0.050150
2026-08-19 19:43:29 | INFO | epoch=022 train_loss=0.050150 validation_loss=0.133055
2026-08-19 19:43:29 | INFO | epoch=023 train_batch=10/435 running_loss=0.048562
2026-08-19 19:43:29 | INFO | epoch=023 train_batch=20/435 running_loss=0.047857
2026-08-19 19:43:29 | INFO | epoch=023 train_batch=30/435 running_loss=0.047719
2026-08-19 19:43:30 | INFO | epoch=023 train_batch=40/435 running_loss=0.047270
2026-08-19 19:43:30 | INFO | epoch=023 train_batch=50/435 running_loss=0.048436
2026-08-19 19:43:30 | INFO | epoch=023 train_batch=60/435 running_loss=0.047672
2026-08-19 19:43:30 | INFO | epoch=023 train_batch=70/435 running_loss=0.048197
2026-08-19 19:43:31 | INFO | epoch=023 train_batch=80/435 running_loss=0.047736
2026-08-19 19:43:31 | INFO | epoch=023 train_batch=90/435 running_loss=0.047762
2026-08-19 19:43:31 | INFO | epoch=023 train_batch=100/435 running_loss=0.047925
2026-08-19 19:43:31 | INFO | epoch=023 train_batch=110/435 running_loss=0.047646
2026-08-19 19:43:32 | INFO | epoch=023 train_batch=120/435 running_loss=0.047712
2026-08-19 19:43:32 | INFO | epoch=023 train_batch=130/435 running_loss=0.047896
2026-08-19 19:43:32 | INFO | epoch=023 train_batch=140/435 running_loss=0.047647
2026-08-19 19:43:32 | INFO | epoch=023 train_batch=150/435 running_loss=0.047645
2026-08-19 19:43:33 | INFO | epoch=023 train_batch=160/435 running_loss=0.047813
2026-08-19 19:43:33 | INFO | epoch=023 train_batch=170/435 running_loss=0.047799
2026-08-19 19:43:33 | INFO | epoch=023 train_batch=180/435 running_loss=0.048008
2026-08-19 19:43:33 | INFO | epoch=023 train_batch=190/435 running_loss=0.048141
2026-08-19 19:43:34 | INFO | epoch=023 train_batch=200/435 running_loss=0.048208
2026-08-19 19:43:34 | INFO | epoch=023 train_batch=210/435 running_loss=0.048228
2026-08-19 19:43:34 | INFO | epoch=023 train_batch=220/435 running_loss=0.048160
2026-08-19 19:43:34 | INFO | epoch=023 train_batch=230/435 running_loss=0.048322
2026-08-19 19:43:35 | INFO | epoch=023 train_batch=240/435 running_loss=0.048392
2026-08-19 19:43:35 | INFO | epoch=023 train_batch=250/435 running_loss=0.048354
2026-08-19 19:43:35 | INFO | epoch=023 train_batch=260/435 running_loss=0.048419
2026-08-19 19:43:35 | INFO | epoch=023 train_batch=270/435 running_loss=0.048451
2026-08-19 19:43:36 | INFO | epoch=023 train_batch=280/435 running_loss=0.048515
2026-08-19 19:43:36 | INFO | epoch=023 train_batch=290/435 running_loss=0.048554
2026-08-19 19:43:36 | INFO | epoch=023 train_batch=300/435 running_loss=0.048759
2026-08-19 19:43:36 | INFO | epoch=023 train_batch=310/435 running_loss=0.048824
2026-08-19 19:43:37 | INFO | epoch=023 train_batch=320/435 running_loss=0.048868
2026-08-19 19:43:37 | INFO | epoch=023 train_batch=330/435 running_loss=0.048801
2026-08-19 19:43:37 | INFO | epoch=023 train_batch=340/435 running_loss=0.048804
2026-08-19 19:43:37 | INFO | epoch=023 train_batch=350/435 running_loss=0.048900
2026-08-19 19:43:38 | INFO | epoch=023 train_batch=360/435 running_loss=0.048940
2026-08-19 19:43:38 | INFO | epoch=023 train_batch=370/435 running_loss=0.049011
2026-08-19 19:43:38 | INFO | epoch=023 train_batch=380/435 running_loss=0.049057
2026-08-19 19:43:38 | INFO | epoch=023 train_batch=390/435 running_loss=0.049149
2026-08-19 19:43:39 | INFO | epoch=023 train_batch=400/435 running_loss=0.049258
2026-08-19 19:43:39 | INFO | epoch=023 train_batch=410/435 running_loss=0.049303
2026-08-19 19:43:39 | INFO | epoch=023 train_batch=420/435 running_loss=0.049298
2026-08-19 19:43:39 | INFO | epoch=023 train_batch=430/435 running_loss=0.049362
2026-08-19 19:43:39 | INFO | epoch=023 train_batch=435/435 running_loss=0.049305
2026-08-19 19:43:40 | INFO | epoch=023 train_loss=0.049305 validation_loss=0.134800
2026-08-19 19:43:40 | INFO | epoch=024 train_batch=10/435 running_loss=0.051287
2026-08-19 19:43:40 | INFO | epoch=024 train_batch=20/435 running_loss=0.049690
2026-08-19 19:43:40 | INFO | epoch=024 train_batch=30/435 running_loss=0.049674
2026-08-19 19:43:41 | INFO | epoch=024 train_batch=40/435 running_loss=0.048749
2026-08-19 19:43:41 | INFO | epoch=024 train_batch=50/435 running_loss=0.048150
2026-08-19 19:43:41 | INFO | epoch=024 train_batch=60/435 running_loss=0.047079
2026-08-19 19:43:41 | INFO | epoch=024 train_batch=70/435 running_loss=0.047393
2026-08-19 19:43:42 | INFO | epoch=024 train_batch=80/435 running_loss=0.047741
2026-08-19 19:43:42 | INFO | epoch=024 train_batch=90/435 running_loss=0.047823
2026-08-19 19:43:42 | INFO | epoch=024 train_batch=100/435 running_loss=0.047595
2026-08-19 19:43:42 | INFO | epoch=024 train_batch=110/435 running_loss=0.047352
2026-08-19 19:43:43 | INFO | epoch=024 train_batch=120/435 running_loss=0.047130
2026-08-19 19:43:43 | INFO | epoch=024 train_batch=130/435 running_loss=0.047121
2026-08-19 19:43:43 | INFO | epoch=024 train_batch=140/435 running_loss=0.047569
2026-08-19 19:43:43 | INFO | epoch=024 train_batch=150/435 running_loss=0.047691
2026-08-19 19:43:44 | INFO | epoch=024 train_batch=160/435 running_loss=0.047958
2026-08-19 19:43:44 | INFO | epoch=024 train_batch=170/435 running_loss=0.047789
2026-08-19 19:43:44 | INFO | epoch=024 train_batch=180/435 running_loss=0.047803
2026-08-19 19:43:44 | INFO | epoch=024 train_batch=190/435 running_loss=0.047670
2026-08-19 19:43:45 | INFO | epoch=024 train_batch=200/435 running_loss=0.047761
2026-08-19 19:43:45 | INFO | epoch=024 train_batch=210/435 running_loss=0.047771
2026-08-19 19:43:45 | INFO | epoch=024 train_batch=220/435 running_loss=0.047872
2026-08-19 19:43:45 | INFO | epoch=024 train_batch=230/435 running_loss=0.048051
2026-08-19 19:43:46 | INFO | epoch=024 train_batch=240/435 running_loss=0.048020
2026-08-19 19:43:46 | INFO | epoch=024 train_batch=250/435 running_loss=0.048003
2026-08-19 19:43:46 | INFO | epoch=024 train_batch=260/435 running_loss=0.048053
2026-08-19 19:43:46 | INFO | epoch=024 train_batch=270/435 running_loss=0.048191
2026-08-19 19:43:47 | INFO | epoch=024 train_batch=280/435 running_loss=0.048147
2026-08-19 19:43:47 | INFO | epoch=024 train_batch=290/435 running_loss=0.048130
2026-08-19 19:43:47 | INFO | epoch=024 train_batch=300/435 running_loss=0.048279
2026-08-19 19:43:47 | INFO | epoch=024 train_batch=310/435 running_loss=0.048287
2026-08-19 19:43:48 | INFO | epoch=024 train_batch=320/435 running_loss=0.048498
2026-08-19 19:43:48 | INFO | epoch=024 train_batch=330/435 running_loss=0.048575
2026-08-19 19:43:48 | INFO | epoch=024 train_batch=340/435 running_loss=0.048666
2026-08-19 19:43:48 | INFO | epoch=024 train_batch=350/435 running_loss=0.048689
2026-08-19 19:43:49 | INFO | epoch=024 train_batch=360/435 running_loss=0.048811
2026-08-19 19:43:49 | INFO | epoch=024 train_batch=370/435 running_loss=0.048786
2026-08-19 19:43:49 | INFO | epoch=024 train_batch=380/435 running_loss=0.048770
2026-08-19 19:43:49 | INFO | epoch=024 train_batch=390/435 running_loss=0.048816
2026-08-19 19:43:50 | INFO | epoch=024 train_batch=400/435 running_loss=0.048809
2026-08-19 19:43:50 | INFO | epoch=024 train_batch=410/435 running_loss=0.048768
2026-08-19 19:43:50 | INFO | epoch=024 train_batch=420/435 running_loss=0.048684
2026-08-19 19:43:50 | INFO | epoch=024 train_batch=430/435 running_loss=0.048576
2026-08-19 19:43:51 | INFO | epoch=024 train_batch=435/435 running_loss=0.048597
2026-08-19 19:43:51 | INFO | epoch=024 train_loss=0.048597 validation_loss=0.134358
2026-08-19 19:43:51 | INFO | epoch=025 train_batch=10/435 running_loss=0.052429
2026-08-19 19:43:51 | INFO | epoch=025 train_batch=20/435 running_loss=0.049277
2026-08-19 19:43:52 | INFO | epoch=025 train_batch=30/435 running_loss=0.049815
2026-08-19 19:43:52 | INFO | epoch=025 train_batch=40/435 running_loss=0.049459
2026-08-19 19:43:52 | INFO | epoch=025 train_batch=50/435 running_loss=0.048928
2026-08-19 19:43:52 | INFO | epoch=025 train_batch=60/435 running_loss=0.048860
2026-08-19 19:43:53 | INFO | epoch=025 train_batch=70/435 running_loss=0.048529
2026-08-19 19:43:53 | INFO | epoch=025 train_batch=80/435 running_loss=0.048166
2026-08-19 19:43:53 | INFO | epoch=025 train_batch=90/435 running_loss=0.048387
2026-08-19 19:43:53 | INFO | epoch=025 train_batch=100/435 running_loss=0.048159
2026-08-19 19:43:54 | INFO | epoch=025 train_batch=110/435 running_loss=0.048007
2026-08-19 19:43:54 | INFO | epoch=025 train_batch=120/435 running_loss=0.047998
2026-08-19 19:43:54 | INFO | epoch=025 train_batch=130/435 running_loss=0.048077
2026-08-19 19:43:54 | INFO | epoch=025 train_batch=140/435 running_loss=0.047713
2026-08-19 19:43:55 | INFO | epoch=025 train_batch=150/435 running_loss=0.048002
2026-08-19 19:43:55 | INFO | epoch=025 train_batch=160/435 running_loss=0.047850
2026-08-19 19:43:55 | INFO | epoch=025 train_batch=170/435 running_loss=0.047702
2026-08-19 19:43:55 | INFO | epoch=025 train_batch=180/435 running_loss=0.047923
2026-08-19 19:43:56 | INFO | epoch=025 train_batch=190/435 running_loss=0.048036
2026-08-19 19:43:56 | INFO | epoch=025 train_batch=200/435 running_loss=0.048041
2026-08-19 19:43:56 | INFO | epoch=025 train_batch=210/435 running_loss=0.048154
2026-08-19 19:43:56 | INFO | epoch=025 train_batch=220/435 running_loss=0.048042
2026-08-19 19:43:57 | INFO | epoch=025 train_batch=230/435 running_loss=0.048176
2026-08-19 19:43:57 | INFO | epoch=025 train_batch=240/435 running_loss=0.048239
2026-08-19 19:43:57 | INFO | epoch=025 train_batch=250/435 running_loss=0.048298
2026-08-19 19:43:57 | INFO | epoch=025 train_batch=260/435 running_loss=0.048245
2026-08-19 19:43:58 | INFO | epoch=025 train_batch=270/435 running_loss=0.048207
2026-08-19 19:43:58 | INFO | epoch=025 train_batch=280/435 running_loss=0.048254
2026-08-19 19:43:58 | INFO | epoch=025 train_batch=290/435 running_loss=0.048232
2026-08-19 19:43:58 | INFO | epoch=025 train_batch=300/435 running_loss=0.048246
2026-08-19 19:43:59 | INFO | epoch=025 train_batch=310/435 running_loss=0.048312
2026-08-19 19:43:59 | INFO | epoch=025 train_batch=320/435 running_loss=0.048210
2026-08-19 19:43:59 | INFO | epoch=025 train_batch=330/435 running_loss=0.048224
2026-08-19 19:43:59 | INFO | epoch=025 train_batch=340/435 running_loss=0.048248
2026-08-19 19:44:00 | INFO | epoch=025 train_batch=350/435 running_loss=0.048212
2026-08-19 19:44:00 | INFO | epoch=025 train_batch=360/435 running_loss=0.048218
2026-08-19 19:44:00 | INFO | epoch=025 train_batch=370/435 running_loss=0.048254
2026-08-19 19:44:00 | INFO | epoch=025 train_batch=380/435 running_loss=0.048251
2026-08-19 19:44:01 | INFO | epoch=025 train_batch=390/435 running_loss=0.048281
2026-08-19 19:44:01 | INFO | epoch=025 train_batch=400/435 running_loss=0.048372
2026-08-19 19:44:01 | INFO | epoch=025 train_batch=410/435 running_loss=0.048308
2026-08-19 19:44:01 | INFO | epoch=025 train_batch=420/435 running_loss=0.048321
2026-08-19 19:44:01 | INFO | epoch=025 train_batch=430/435 running_loss=0.048296
2026-08-19 19:44:02 | INFO | epoch=025 train_batch=435/435 running_loss=0.048262
2026-08-19 19:44:02 | INFO | epoch=025 train_loss=0.048262 validation_loss=0.133218
2026-08-19 19:44:02 | INFO | epoch=026 train_batch=10/435 running_loss=0.048786
2026-08-19 19:44:02 | INFO | epoch=026 train_batch=20/435 running_loss=0.046452
2026-08-19 19:44:03 | INFO | epoch=026 train_batch=30/435 running_loss=0.045893
2026-08-19 19:44:03 | INFO | epoch=026 train_batch=40/435 running_loss=0.045708
2026-08-19 19:44:03 | INFO | epoch=026 train_batch=50/435 running_loss=0.045843
2026-08-19 19:44:03 | INFO | epoch=026 train_batch=60/435 running_loss=0.046095
2026-08-19 19:44:04 | INFO | epoch=026 train_batch=70/435 running_loss=0.046083
2026-08-19 19:44:04 | INFO | epoch=026 train_batch=80/435 running_loss=0.045943
2026-08-19 19:44:04 | INFO | epoch=026 train_batch=90/435 running_loss=0.045917
2026-08-19 19:44:04 | INFO | epoch=026 train_batch=100/435 running_loss=0.046154
2026-08-19 19:44:05 | INFO | epoch=026 train_batch=110/435 running_loss=0.045974
2026-08-19 19:44:05 | INFO | epoch=026 train_batch=120/435 running_loss=0.046313
2026-08-19 19:44:05 | INFO | epoch=026 train_batch=130/435 running_loss=0.046340
2026-08-19 19:44:05 | INFO | epoch=026 train_batch=140/435 running_loss=0.046300
2026-08-19 19:44:06 | INFO | epoch=026 train_batch=150/435 running_loss=0.046315
2026-08-19 19:44:06 | INFO | epoch=026 train_batch=160/435 running_loss=0.046592
2026-08-19 19:44:06 | INFO | epoch=026 train_batch=170/435 running_loss=0.046612
2026-08-19 19:44:06 | INFO | epoch=026 train_batch=180/435 running_loss=0.046645
2026-08-19 19:44:07 | INFO | epoch=026 train_batch=190/435 running_loss=0.046755
2026-08-19 19:44:07 | INFO | epoch=026 train_batch=200/435 running_loss=0.046915
2026-08-19 19:44:07 | INFO | epoch=026 train_batch=210/435 running_loss=0.046834
2026-08-19 19:44:07 | INFO | epoch=026 train_batch=220/435 running_loss=0.046937
2026-08-19 19:44:08 | INFO | epoch=026 train_batch=230/435 running_loss=0.046957
2026-08-19 19:44:08 | INFO | epoch=026 train_batch=240/435 running_loss=0.046993
2026-08-19 19:44:08 | INFO | epoch=026 train_batch=250/435 running_loss=0.047015
2026-08-19 19:44:08 | INFO | epoch=026 train_batch=260/435 running_loss=0.047027
2026-08-19 19:44:09 | INFO | epoch=026 train_batch=270/435 running_loss=0.047116
2026-08-19 19:44:09 | INFO | epoch=026 train_batch=280/435 running_loss=0.046966
2026-08-19 19:44:09 | INFO | epoch=026 train_batch=290/435 running_loss=0.047036
2026-08-19 19:44:09 | INFO | epoch=026 train_batch=300/435 running_loss=0.047003
2026-08-19 19:44:10 | INFO | epoch=026 train_batch=310/435 running_loss=0.046949
2026-08-19 19:44:10 | INFO | epoch=026 train_batch=320/435 running_loss=0.047004
2026-08-19 19:44:10 | INFO | epoch=026 train_batch=330/435 running_loss=0.046965
2026-08-19 19:44:10 | INFO | epoch=026 train_batch=340/435 running_loss=0.046989
2026-08-19 19:44:11 | INFO | epoch=026 train_batch=350/435 running_loss=0.047206
2026-08-19 19:44:11 | INFO | epoch=026 train_batch=360/435 running_loss=0.047330
2026-08-19 19:44:11 | INFO | epoch=026 train_batch=370/435 running_loss=0.047318
2026-08-19 19:44:11 | INFO | epoch=026 train_batch=380/435 running_loss=0.047324
2026-08-19 19:44:12 | INFO | epoch=026 train_batch=390/435 running_loss=0.047350
2026-08-19 19:44:12 | INFO | epoch=026 train_batch=400/435 running_loss=0.047537
2026-08-19 19:44:12 | INFO | epoch=026 train_batch=410/435 running_loss=0.047542
2026-08-19 19:44:12 | INFO | epoch=026 train_batch=420/435 running_loss=0.047592
2026-08-19 19:44:13 | INFO | epoch=026 train_batch=430/435 running_loss=0.047632
2026-08-19 19:44:13 | INFO | epoch=026 train_batch=435/435 running_loss=0.047590
2026-08-19 19:44:13 | INFO | epoch=026 train_loss=0.047590 validation_loss=0.129319
2026-08-19 19:44:13 | INFO | epoch=026 saved new best.pt
2026-08-19 19:44:13 | INFO | epoch=027 train_batch=10/435 running_loss=0.042555
2026-08-19 19:44:14 | INFO | epoch=027 train_batch=20/435 running_loss=0.045737
2026-08-19 19:44:14 | INFO | epoch=027 train_batch=30/435 running_loss=0.046392
2026-08-19 19:44:14 | INFO | epoch=027 train_batch=40/435 running_loss=0.046912
2026-08-19 19:44:14 | INFO | epoch=027 train_batch=50/435 running_loss=0.047092
2026-08-19 19:44:15 | INFO | epoch=027 train_batch=60/435 running_loss=0.047608
2026-08-19 19:44:15 | INFO | epoch=027 train_batch=70/435 running_loss=0.048171
2026-08-19 19:44:15 | INFO | epoch=027 train_batch=80/435 running_loss=0.048196
2026-08-19 19:44:15 | INFO | epoch=027 train_batch=90/435 running_loss=0.047751
2026-08-19 19:44:16 | INFO | epoch=027 train_batch=100/435 running_loss=0.047542
2026-08-19 19:44:16 | INFO | epoch=027 train_batch=110/435 running_loss=0.047557
2026-08-19 19:44:16 | INFO | epoch=027 train_batch=120/435 running_loss=0.047497
2026-08-19 19:44:16 | INFO | epoch=027 train_batch=130/435 running_loss=0.047540
2026-08-19 19:44:17 | INFO | epoch=027 train_batch=140/435 running_loss=0.047489
2026-08-19 19:44:17 | INFO | epoch=027 train_batch=150/435 running_loss=0.047567
2026-08-19 19:44:17 | INFO | epoch=027 train_batch=160/435 running_loss=0.047642
2026-08-19 19:44:17 | INFO | epoch=027 train_batch=170/435 running_loss=0.047746
2026-08-19 19:44:18 | INFO | epoch=027 train_batch=180/435 running_loss=0.047882
2026-08-19 19:44:18 | INFO | epoch=027 train_batch=190/435 running_loss=0.047969
2026-08-19 19:44:18 | INFO | epoch=027 train_batch=200/435 running_loss=0.048010
2026-08-19 19:44:18 | INFO | epoch=027 train_batch=210/435 running_loss=0.047884
2026-08-19 19:44:19 | INFO | epoch=027 train_batch=220/435 running_loss=0.047788
2026-08-19 19:44:19 | INFO | epoch=027 train_batch=230/435 running_loss=0.047904
2026-08-19 19:44:19 | INFO | epoch=027 train_batch=240/435 running_loss=0.047945
2026-08-19 19:44:19 | INFO | epoch=027 train_batch=250/435 running_loss=0.047943
2026-08-19 19:44:20 | INFO | epoch=027 train_batch=260/435 running_loss=0.047951
2026-08-19 19:44:20 | INFO | epoch=027 train_batch=270/435 running_loss=0.047915
2026-08-19 19:44:20 | INFO | epoch=027 train_batch=280/435 running_loss=0.047833
2026-08-19 19:44:21 | INFO | epoch=027 train_batch=290/435 running_loss=0.047744
2026-08-19 19:44:21 | INFO | epoch=027 train_batch=300/435 running_loss=0.047877
2026-08-19 19:44:21 | INFO | epoch=027 train_batch=310/435 running_loss=0.047903
2026-08-19 19:44:21 | INFO | epoch=027 train_batch=320/435 running_loss=0.047821
2026-08-19 19:44:22 | INFO | epoch=027 train_batch=330/435 running_loss=0.047675
2026-08-19 19:44:22 | INFO | epoch=027 train_batch=340/435 running_loss=0.047679
2026-08-19 19:44:22 | INFO | epoch=027 train_batch=350/435 running_loss=0.047578
2026-08-19 19:44:22 | INFO | epoch=027 train_batch=360/435 running_loss=0.047447
2026-08-19 19:44:23 | INFO | epoch=027 train_batch=370/435 running_loss=0.047397
2026-08-19 19:44:23 | INFO | epoch=027 train_batch=380/435 running_loss=0.047345
2026-08-19 19:44:23 | INFO | epoch=027 train_batch=390/435 running_loss=0.047385
2026-08-19 19:44:23 | INFO | epoch=027 train_batch=400/435 running_loss=0.047436
2026-08-19 19:44:24 | INFO | epoch=027 train_batch=410/435 running_loss=0.047452
2026-08-19 19:44:24 | INFO | epoch=027 train_batch=420/435 running_loss=0.047459
2026-08-19 19:44:24 | INFO | epoch=027 train_batch=430/435 running_loss=0.047424
2026-08-19 19:44:24 | INFO | epoch=027 train_batch=435/435 running_loss=0.047366
2026-08-19 19:44:24 | INFO | epoch=027 train_loss=0.047366 validation_loss=0.129897
2026-08-19 19:44:25 | INFO | epoch=028 train_batch=10/435 running_loss=0.048805
2026-08-19 19:44:25 | INFO | epoch=028 train_batch=20/435 running_loss=0.047579
2026-08-19 19:44:25 | INFO | epoch=028 train_batch=30/435 running_loss=0.046727
2026-08-19 19:44:25 | INFO | epoch=028 train_batch=40/435 running_loss=0.046600
2026-08-19 19:44:26 | INFO | epoch=028 train_batch=50/435 running_loss=0.046855
2026-08-19 19:44:26 | INFO | epoch=028 train_batch=60/435 running_loss=0.046628
2026-08-19 19:44:26 | INFO | epoch=028 train_batch=70/435 running_loss=0.046711
2026-08-19 19:44:26 | INFO | epoch=028 train_batch=80/435 running_loss=0.046718
2026-08-19 19:44:27 | INFO | epoch=028 train_batch=90/435 running_loss=0.046289
2026-08-19 19:44:27 | INFO | epoch=028 train_batch=100/435 running_loss=0.045943
2026-08-19 19:44:27 | INFO | epoch=028 train_batch=110/435 running_loss=0.045758
2026-08-19 19:44:27 | INFO | epoch=028 train_batch=120/435 running_loss=0.045611
2026-08-19 19:44:28 | INFO | epoch=028 train_batch=130/435 running_loss=0.045915
2026-08-19 19:44:28 | INFO | epoch=028 train_batch=140/435 running_loss=0.045855
2026-08-19 19:44:28 | INFO | epoch=028 train_batch=150/435 running_loss=0.045813
2026-08-19 19:44:28 | INFO | epoch=028 train_batch=160/435 running_loss=0.045973
2026-08-19 19:44:29 | INFO | epoch=028 train_batch=170/435 running_loss=0.045863
2026-08-19 19:44:29 | INFO | epoch=028 train_batch=180/435 running_loss=0.045963
2026-08-19 19:44:29 | INFO | epoch=028 train_batch=190/435 running_loss=0.045860
2026-08-19 19:44:29 | INFO | epoch=028 train_batch=200/435 running_loss=0.045736
2026-08-19 19:44:30 | INFO | epoch=028 train_batch=210/435 running_loss=0.045767
2026-08-19 19:44:30 | INFO | epoch=028 train_batch=220/435 running_loss=0.045920
2026-08-19 19:44:30 | INFO | epoch=028 train_batch=230/435 running_loss=0.046059
2026-08-19 19:44:30 | INFO | epoch=028 train_batch=240/435 running_loss=0.046076
2026-08-19 19:44:31 | INFO | epoch=028 train_batch=250/435 running_loss=0.046131
2026-08-19 19:44:31 | INFO | epoch=028 train_batch=260/435 running_loss=0.046226
2026-08-19 19:44:31 | INFO | epoch=028 train_batch=270/435 running_loss=0.046182
2026-08-19 19:44:31 | INFO | epoch=028 train_batch=280/435 running_loss=0.046178
2026-08-19 19:44:32 | INFO | epoch=028 train_batch=290/435 running_loss=0.046213
2026-08-19 19:44:32 | INFO | epoch=028 train_batch=300/435 running_loss=0.046259
2026-08-19 19:44:32 | INFO | epoch=028 train_batch=310/435 running_loss=0.046327
2026-08-19 19:44:32 | INFO | epoch=028 train_batch=320/435 running_loss=0.046389
2026-08-19 19:44:33 | INFO | epoch=028 train_batch=330/435 running_loss=0.046387
2026-08-19 19:44:33 | INFO | epoch=028 train_batch=340/435 running_loss=0.046465
2026-08-19 19:44:33 | INFO | epoch=028 train_batch=350/435 running_loss=0.046473
2026-08-19 19:44:33 | INFO | epoch=028 train_batch=360/435 running_loss=0.046468
2026-08-19 19:44:34 | INFO | epoch=028 train_batch=370/435 running_loss=0.046515
2026-08-19 19:44:34 | INFO | epoch=028 train_batch=380/435 running_loss=0.046493
2026-08-19 19:44:34 | INFO | epoch=028 train_batch=390/435 running_loss=0.046525
2026-08-19 19:44:34 | INFO | epoch=028 train_batch=400/435 running_loss=0.046518
2026-08-19 19:44:35 | INFO | epoch=028 train_batch=410/435 running_loss=0.046520
2026-08-19 19:44:35 | INFO | epoch=028 train_batch=420/435 running_loss=0.046585
2026-08-19 19:44:35 | INFO | epoch=028 train_batch=430/435 running_loss=0.046662
2026-08-19 19:44:35 | INFO | epoch=028 train_batch=435/435 running_loss=0.046595
2026-08-19 19:44:36 | INFO | epoch=028 train_loss=0.046595 validation_loss=0.130567
2026-08-19 19:44:36 | INFO | epoch=029 train_batch=10/435 running_loss=0.046123
2026-08-19 19:44:36 | INFO | epoch=029 train_batch=20/435 running_loss=0.045415
2026-08-19 19:44:36 | INFO | epoch=029 train_batch=30/435 running_loss=0.044772
2026-08-19 19:44:37 | INFO | epoch=029 train_batch=40/435 running_loss=0.044381
2026-08-19 19:44:37 | INFO | epoch=029 train_batch=50/435 running_loss=0.044522
2026-08-19 19:44:37 | INFO | epoch=029 train_batch=60/435 running_loss=0.044759
2026-08-19 19:44:37 | INFO | epoch=029 train_batch=70/435 running_loss=0.045028
2026-08-19 19:44:38 | INFO | epoch=029 train_batch=80/435 running_loss=0.045084
2026-08-19 19:44:38 | INFO | epoch=029 train_batch=90/435 running_loss=0.045030
2026-08-19 19:44:38 | INFO | epoch=029 train_batch=100/435 running_loss=0.045199
2026-08-19 19:44:38 | INFO | epoch=029 train_batch=110/435 running_loss=0.045208
2026-08-19 19:44:39 | INFO | epoch=029 train_batch=120/435 running_loss=0.045042
2026-08-19 19:44:39 | INFO | epoch=029 train_batch=130/435 running_loss=0.045227
2026-08-19 19:44:39 | INFO | epoch=029 train_batch=140/435 running_loss=0.045345
2026-08-19 19:44:39 | INFO | epoch=029 train_batch=150/435 running_loss=0.045488
2026-08-19 19:44:40 | INFO | epoch=029 train_batch=160/435 running_loss=0.045620
2026-08-19 19:44:40 | INFO | epoch=029 train_batch=170/435 running_loss=0.045609
2026-08-19 19:44:40 | INFO | epoch=029 train_batch=180/435 running_loss=0.045585
2026-08-19 19:44:40 | INFO | epoch=029 train_batch=190/435 running_loss=0.045539
2026-08-19 19:44:41 | INFO | epoch=029 train_batch=200/435 running_loss=0.045599
2026-08-19 19:44:41 | INFO | epoch=029 train_batch=210/435 running_loss=0.045622
2026-08-19 19:44:41 | INFO | epoch=029 train_batch=220/435 running_loss=0.045700
2026-08-19 19:44:41 | INFO | epoch=029 train_batch=230/435 running_loss=0.045599
2026-08-19 19:44:42 | INFO | epoch=029 train_batch=240/435 running_loss=0.045729
2026-08-19 19:44:42 | INFO | epoch=029 train_batch=250/435 running_loss=0.045921
2026-08-19 19:44:42 | INFO | epoch=029 train_batch=260/435 running_loss=0.046007
2026-08-19 19:44:42 | INFO | epoch=029 train_batch=270/435 running_loss=0.046086
2026-08-19 19:44:43 | INFO | epoch=029 train_batch=280/435 running_loss=0.046213
2026-08-19 19:44:43 | INFO | epoch=029 train_batch=290/435 running_loss=0.046218
2026-08-19 19:44:43 | INFO | epoch=029 train_batch=300/435 running_loss=0.046251
2026-08-19 19:44:43 | INFO | epoch=029 train_batch=310/435 running_loss=0.046389
2026-08-19 19:44:44 | INFO | epoch=029 train_batch=320/435 running_loss=0.046354
2026-08-19 19:44:44 | INFO | epoch=029 train_batch=330/435 running_loss=0.046320
2026-08-19 19:44:44 | INFO | epoch=029 train_batch=340/435 running_loss=0.046394
2026-08-19 19:44:44 | INFO | epoch=029 train_batch=350/435 running_loss=0.046429
2026-08-19 19:44:45 | INFO | epoch=029 train_batch=360/435 running_loss=0.046314
2026-08-19 19:44:45 | INFO | epoch=029 train_batch=370/435 running_loss=0.046368
2026-08-19 19:44:45 | INFO | epoch=029 train_batch=380/435 running_loss=0.046235
2026-08-19 19:44:45 | INFO | epoch=029 train_batch=390/435 running_loss=0.046342
2026-08-19 19:44:46 | INFO | epoch=029 train_batch=400/435 running_loss=0.046224
2026-08-19 19:44:46 | INFO | epoch=029 train_batch=410/435 running_loss=0.046246
2026-08-19 19:44:46 | INFO | epoch=029 train_batch=420/435 running_loss=0.046216
2026-08-19 19:44:46 | INFO | epoch=029 train_batch=430/435 running_loss=0.046307
2026-08-19 19:44:46 | INFO | epoch=029 train_batch=435/435 running_loss=0.046322
2026-08-19 19:44:47 | INFO | epoch=029 train_loss=0.046322 validation_loss=0.127764
2026-08-19 19:44:47 | INFO | epoch=029 saved new best.pt
2026-08-19 19:44:47 | INFO | epoch=030 train_batch=10/435 running_loss=0.047662
2026-08-19 19:44:47 | INFO | epoch=030 train_batch=20/435 running_loss=0.046621
2026-08-19 19:44:48 | INFO | epoch=030 train_batch=30/435 running_loss=0.045679
2026-08-19 19:44:48 | INFO | epoch=030 train_batch=40/435 running_loss=0.045272
2026-08-19 19:44:48 | INFO | epoch=030 train_batch=50/435 running_loss=0.044864
2026-08-19 19:44:48 | INFO | epoch=030 train_batch=60/435 running_loss=0.045006
2026-08-19 19:44:49 | INFO | epoch=030 train_batch=70/435 running_loss=0.044718
2026-08-19 19:44:49 | INFO | epoch=030 train_batch=80/435 running_loss=0.044940
2026-08-19 19:44:49 | INFO | epoch=030 train_batch=90/435 running_loss=0.044352
2026-08-19 19:44:49 | INFO | epoch=030 train_batch=100/435 running_loss=0.044323
2026-08-19 19:44:50 | INFO | epoch=030 train_batch=110/435 running_loss=0.044391
2026-08-19 19:44:50 | INFO | epoch=030 train_batch=120/435 running_loss=0.044170
2026-08-19 19:44:50 | INFO | epoch=030 train_batch=130/435 running_loss=0.044274
2026-08-19 19:44:50 | INFO | epoch=030 train_batch=140/435 running_loss=0.044098
2026-08-19 19:44:51 | INFO | epoch=030 train_batch=150/435 running_loss=0.044221
2026-08-19 19:44:51 | INFO | epoch=030 train_batch=160/435 running_loss=0.044469
2026-08-19 19:44:51 | INFO | epoch=030 train_batch=170/435 running_loss=0.044285
2026-08-19 19:44:51 | INFO | epoch=030 train_batch=180/435 running_loss=0.044535
2026-08-19 19:44:52 | INFO | epoch=030 train_batch=190/435 running_loss=0.044584
2026-08-19 19:44:52 | INFO | epoch=030 train_batch=200/435 running_loss=0.044522
2026-08-19 19:44:52 | INFO | epoch=030 train_batch=210/435 running_loss=0.044603
2026-08-19 19:44:52 | INFO | epoch=030 train_batch=220/435 running_loss=0.044797
2026-08-19 19:44:53 | INFO | epoch=030 train_batch=230/435 running_loss=0.044773
2026-08-19 19:44:53 | INFO | epoch=030 train_batch=240/435 running_loss=0.044861
2026-08-19 19:44:53 | INFO | epoch=030 train_batch=250/435 running_loss=0.044962
2026-08-19 19:44:53 | INFO | epoch=030 train_batch=260/435 running_loss=0.044992
2026-08-19 19:44:54 | INFO | epoch=030 train_batch=270/435 running_loss=0.045166
2026-08-19 19:44:54 | INFO | epoch=030 train_batch=280/435 running_loss=0.045188
2026-08-19 19:44:54 | INFO | epoch=030 train_batch=290/435 running_loss=0.045279
2026-08-19 19:44:54 | INFO | epoch=030 train_batch=300/435 running_loss=0.045334
2026-08-19 19:44:55 | INFO | epoch=030 train_batch=310/435 running_loss=0.045417
2026-08-19 19:44:55 | INFO | epoch=030 train_batch=320/435 running_loss=0.045406
2026-08-19 19:44:55 | INFO | epoch=030 train_batch=330/435 running_loss=0.045354
2026-08-19 19:44:55 | INFO | epoch=030 train_batch=340/435 running_loss=0.045366
2026-08-19 19:44:56 | INFO | epoch=030 train_batch=350/435 running_loss=0.045470
2026-08-19 19:44:56 | INFO | epoch=030 train_batch=360/435 running_loss=0.045431
2026-08-19 19:44:56 | INFO | epoch=030 train_batch=370/435 running_loss=0.045446
2026-08-19 19:44:56 | INFO | epoch=030 train_batch=380/435 running_loss=0.045533
2026-08-19 19:44:57 | INFO | epoch=030 train_batch=390/435 running_loss=0.045441
2026-08-19 19:44:57 | INFO | epoch=030 train_batch=400/435 running_loss=0.045536
2026-08-19 19:44:57 | INFO | epoch=030 train_batch=410/435 running_loss=0.045624
2026-08-19 19:44:57 | INFO | epoch=030 train_batch=420/435 running_loss=0.045619
2026-08-19 19:44:58 | INFO | epoch=030 train_batch=430/435 running_loss=0.045673
2026-08-19 19:44:58 | INFO | epoch=030 train_batch=435/435 running_loss=0.045674
2026-08-19 19:44:58 | INFO | epoch=030 train_loss=0.045674 validation_loss=0.128674
2026-08-19 19:44:58 | INFO | epoch=031 train_batch=10/435 running_loss=0.046200
2026-08-19 19:44:58 | INFO | epoch=031 train_batch=20/435 running_loss=0.047354
2026-08-19 19:44:59 | INFO | epoch=031 train_batch=30/435 running_loss=0.046159
2026-08-19 19:44:59 | INFO | epoch=031 train_batch=40/435 running_loss=0.046511
2026-08-19 19:44:59 | INFO | epoch=031 train_batch=50/435 running_loss=0.046326
2026-08-19 19:44:59 | INFO | epoch=031 train_batch=60/435 running_loss=0.046204
2026-08-19 19:45:00 | INFO | epoch=031 train_batch=70/435 running_loss=0.045564
2026-08-19 19:45:00 | INFO | epoch=031 train_batch=80/435 running_loss=0.045434
2026-08-19 19:45:00 | INFO | epoch=031 train_batch=90/435 running_loss=0.045564
2026-08-19 19:45:00 | INFO | epoch=031 train_batch=100/435 running_loss=0.045637
2026-08-19 19:45:01 | INFO | epoch=031 train_batch=110/435 running_loss=0.045646
2026-08-19 19:45:01 | INFO | epoch=031 train_batch=120/435 running_loss=0.045724
2026-08-19 19:45:01 | INFO | epoch=031 train_batch=130/435 running_loss=0.045807
2026-08-19 19:45:01 | INFO | epoch=031 train_batch=140/435 running_loss=0.045660
2026-08-19 19:45:02 | INFO | epoch=031 train_batch=150/435 running_loss=0.045801
2026-08-19 19:45:02 | INFO | epoch=031 train_batch=160/435 running_loss=0.045755
2026-08-19 19:45:02 | INFO | epoch=031 train_batch=170/435 running_loss=0.045893
2026-08-19 19:45:02 | INFO | epoch=031 train_batch=180/435 running_loss=0.045731
2026-08-19 19:45:03 | INFO | epoch=031 train_batch=190/435 running_loss=0.045687
2026-08-19 19:45:03 | INFO | epoch=031 train_batch=200/435 running_loss=0.045516
2026-08-19 19:45:03 | INFO | epoch=031 train_batch=210/435 running_loss=0.045498
2026-08-19 19:45:03 | INFO | epoch=031 train_batch=220/435 running_loss=0.045583
2026-08-19 19:45:04 | INFO | epoch=031 train_batch=230/435 running_loss=0.045695
2026-08-19 19:45:04 | INFO | epoch=031 train_batch=240/435 running_loss=0.045524
2026-08-19 19:45:04 | INFO | epoch=031 train_batch=250/435 running_loss=0.045395
2026-08-19 19:45:04 | INFO | epoch=031 train_batch=260/435 running_loss=0.045376
2026-08-19 19:45:05 | INFO | epoch=031 train_batch=270/435 running_loss=0.045385
2026-08-19 19:45:05 | INFO | epoch=031 train_batch=280/435 running_loss=0.045514
2026-08-19 19:45:05 | INFO | epoch=031 train_batch=290/435 running_loss=0.045525
2026-08-19 19:45:05 | INFO | epoch=031 train_batch=300/435 running_loss=0.045434
2026-08-19 19:45:06 | INFO | epoch=031 train_batch=310/435 running_loss=0.045506
2026-08-19 19:45:06 | INFO | epoch=031 train_batch=320/435 running_loss=0.045426
2026-08-19 19:45:06 | INFO | epoch=031 train_batch=330/435 running_loss=0.045399
2026-08-19 19:45:06 | INFO | epoch=031 train_batch=340/435 running_loss=0.045335
2026-08-19 19:45:07 | INFO | epoch=031 train_batch=350/435 running_loss=0.045425
2026-08-19 19:45:07 | INFO | epoch=031 train_batch=360/435 running_loss=0.045518
2026-08-19 19:45:07 | INFO | epoch=031 train_batch=370/435 running_loss=0.045470
2026-08-19 19:45:07 | INFO | epoch=031 train_batch=380/435 running_loss=0.045406
2026-08-19 19:45:08 | INFO | epoch=031 train_batch=390/435 running_loss=0.045414
2026-08-19 19:45:08 | INFO | epoch=031 train_batch=400/435 running_loss=0.045427
2026-08-19 19:45:08 | INFO | epoch=031 train_batch=410/435 running_loss=0.045427
2026-08-19 19:45:08 | INFO | epoch=031 train_batch=420/435 running_loss=0.045398
2026-08-19 19:45:09 | INFO | epoch=031 train_batch=430/435 running_loss=0.045461
2026-08-19 19:45:09 | INFO | epoch=031 train_batch=435/435 running_loss=0.045523
2026-08-19 19:45:09 | INFO | epoch=031 train_loss=0.045523 validation_loss=0.128895
2026-08-19 19:45:09 | INFO | epoch=032 train_batch=10/435 running_loss=0.044262
2026-08-19 19:45:10 | INFO | epoch=032 train_batch=20/435 running_loss=0.043532
2026-08-19 19:45:10 | INFO | epoch=032 train_batch=30/435 running_loss=0.044203
2026-08-19 19:45:10 | INFO | epoch=032 train_batch=40/435 running_loss=0.043336
2026-08-19 19:45:10 | INFO | epoch=032 train_batch=50/435 running_loss=0.043352
2026-08-19 19:45:11 | INFO | epoch=032 train_batch=60/435 running_loss=0.043898
2026-08-19 19:45:11 | INFO | epoch=032 train_batch=70/435 running_loss=0.044653
2026-08-19 19:45:11 | INFO | epoch=032 train_batch=80/435 running_loss=0.044576
2026-08-19 19:45:11 | INFO | epoch=032 train_batch=90/435 running_loss=0.044666
2026-08-19 19:45:12 | INFO | epoch=032 train_batch=100/435 running_loss=0.044932
2026-08-19 19:45:12 | INFO | epoch=032 train_batch=110/435 running_loss=0.044707
2026-08-19 19:45:12 | INFO | epoch=032 train_batch=120/435 running_loss=0.044585
2026-08-19 19:45:12 | INFO | epoch=032 train_batch=130/435 running_loss=0.044298
2026-08-19 19:45:13 | INFO | epoch=032 train_batch=140/435 running_loss=0.044767
2026-08-19 19:45:13 | INFO | epoch=032 train_batch=150/435 running_loss=0.044759
2026-08-19 19:45:13 | INFO | epoch=032 train_batch=160/435 running_loss=0.044755
2026-08-19 19:45:13 | INFO | epoch=032 train_batch=170/435 running_loss=0.044674
2026-08-19 19:45:14 | INFO | epoch=032 train_batch=180/435 running_loss=0.044789
2026-08-19 19:45:14 | INFO | epoch=032 train_batch=190/435 running_loss=0.044933
2026-08-19 19:45:14 | INFO | epoch=032 train_batch=200/435 running_loss=0.045019
2026-08-19 19:45:14 | INFO | epoch=032 train_batch=210/435 running_loss=0.045096
2026-08-19 19:45:15 | INFO | epoch=032 train_batch=220/435 running_loss=0.045110
2026-08-19 19:45:15 | INFO | epoch=032 train_batch=230/435 running_loss=0.045039
2026-08-19 19:45:15 | INFO | epoch=032 train_batch=240/435 running_loss=0.045099
2026-08-19 19:45:15 | INFO | epoch=032 train_batch=250/435 running_loss=0.045162
2026-08-19 19:45:16 | INFO | epoch=032 train_batch=260/435 running_loss=0.045206
2026-08-19 19:45:16 | INFO | epoch=032 train_batch=270/435 running_loss=0.045210
2026-08-19 19:45:16 | INFO | epoch=032 train_batch=280/435 running_loss=0.045280
2026-08-19 19:45:16 | INFO | epoch=032 train_batch=290/435 running_loss=0.045364
2026-08-19 19:45:17 | INFO | epoch=032 train_batch=300/435 running_loss=0.045382
2026-08-19 19:45:17 | INFO | epoch=032 train_batch=310/435 running_loss=0.045487
2026-08-19 19:45:17 | INFO | epoch=032 train_batch=320/435 running_loss=0.045457
2026-08-19 19:45:17 | INFO | epoch=032 train_batch=330/435 running_loss=0.045386
2026-08-19 19:45:18 | INFO | epoch=032 train_batch=340/435 running_loss=0.045501
2026-08-19 19:45:18 | INFO | epoch=032 train_batch=350/435 running_loss=0.045586
2026-08-19 19:45:18 | INFO | epoch=032 train_batch=360/435 running_loss=0.045638
2026-08-19 19:45:18 | INFO | epoch=032 train_batch=370/435 running_loss=0.045578
2026-08-19 19:45:19 | INFO | epoch=032 train_batch=380/435 running_loss=0.045476
2026-08-19 19:45:19 | INFO | epoch=032 train_batch=390/435 running_loss=0.045603
2026-08-19 19:45:19 | INFO | epoch=032 train_batch=400/435 running_loss=0.045578
2026-08-19 19:45:19 | INFO | epoch=032 train_batch=410/435 running_loss=0.045542
2026-08-19 19:45:20 | INFO | epoch=032 train_batch=420/435 running_loss=0.045478
2026-08-19 19:45:20 | INFO | epoch=032 train_batch=430/435 running_loss=0.045511
2026-08-19 19:45:20 | INFO | epoch=032 train_batch=435/435 running_loss=0.045539
2026-08-19 19:45:20 | INFO | epoch=032 train_loss=0.045539 validation_loss=0.126553
2026-08-19 19:45:20 | INFO | epoch=032 saved new best.pt
2026-08-19 19:45:21 | INFO | epoch=033 train_batch=10/435 running_loss=0.044780
2026-08-19 19:45:21 | INFO | epoch=033 train_batch=20/435 running_loss=0.045620
2026-08-19 19:45:21 | INFO | epoch=033 train_batch=30/435 running_loss=0.045742
2026-08-19 19:45:21 | INFO | epoch=033 train_batch=40/435 running_loss=0.045338
2026-08-19 19:45:22 | INFO | epoch=033 train_batch=50/435 running_loss=0.044969
2026-08-19 19:45:22 | INFO | epoch=033 train_batch=60/435 running_loss=0.045250
2026-08-19 19:45:22 | INFO | epoch=033 train_batch=70/435 running_loss=0.045414
2026-08-19 19:45:22 | INFO | epoch=033 train_batch=80/435 running_loss=0.045306
2026-08-19 19:45:23 | INFO | epoch=033 train_batch=90/435 running_loss=0.045319
2026-08-19 19:45:23 | INFO | epoch=033 train_batch=100/435 running_loss=0.045564
2026-08-19 19:45:23 | INFO | epoch=033 train_batch=110/435 running_loss=0.045486
2026-08-19 19:45:23 | INFO | epoch=033 train_batch=120/435 running_loss=0.045591
2026-08-19 19:45:23 | INFO | epoch=033 train_batch=130/435 running_loss=0.045703
2026-08-19 19:45:24 | INFO | epoch=033 train_batch=140/435 running_loss=0.045425
2026-08-19 19:45:24 | INFO | epoch=033 train_batch=150/435 running_loss=0.045167
2026-08-19 19:45:24 | INFO | epoch=033 train_batch=160/435 running_loss=0.045075
2026-08-19 19:45:24 | INFO | epoch=033 train_batch=170/435 running_loss=0.044844
2026-08-19 19:45:25 | INFO | epoch=033 train_batch=180/435 running_loss=0.044962
2026-08-19 19:45:25 | INFO | epoch=033 train_batch=190/435 running_loss=0.044965
2026-08-19 19:45:25 | INFO | epoch=033 train_batch=200/435 running_loss=0.045039
2026-08-19 19:45:25 | INFO | epoch=033 train_batch=210/435 running_loss=0.045161
2026-08-19 19:45:26 | INFO | epoch=033 train_batch=220/435 running_loss=0.044914
2026-08-19 19:45:26 | INFO | epoch=033 train_batch=230/435 running_loss=0.044949
2026-08-19 19:45:26 | INFO | epoch=033 train_batch=240/435 running_loss=0.045023
2026-08-19 19:45:26 | INFO | epoch=033 train_batch=250/435 running_loss=0.044961
2026-08-19 19:45:27 | INFO | epoch=033 train_batch=260/435 running_loss=0.044994
2026-08-19 19:45:27 | INFO | epoch=033 train_batch=270/435 running_loss=0.044928
2026-08-19 19:45:27 | INFO | epoch=033 train_batch=280/435 running_loss=0.045079
2026-08-19 19:45:27 | INFO | epoch=033 train_batch=290/435 running_loss=0.044990
2026-08-19 19:45:28 | INFO | epoch=033 train_batch=300/435 running_loss=0.044831
2026-08-19 19:45:28 | INFO | epoch=033 train_batch=310/435 running_loss=0.044857
2026-08-19 19:45:28 | INFO | epoch=033 train_batch=320/435 running_loss=0.044770
2026-08-19 19:45:28 | INFO | epoch=033 train_batch=330/435 running_loss=0.044811
2026-08-19 19:45:28 | INFO | epoch=033 train_batch=340/435 running_loss=0.044879
2026-08-19 19:45:29 | INFO | epoch=033 train_batch=350/435 running_loss=0.044875
2026-08-19 19:45:29 | INFO | epoch=033 train_batch=360/435 running_loss=0.044873
2026-08-19 19:45:29 | INFO | epoch=033 train_batch=370/435 running_loss=0.044837
2026-08-19 19:45:29 | INFO | epoch=033 train_batch=380/435 running_loss=0.044880
2026-08-19 19:45:30 | INFO | epoch=033 train_batch=390/435 running_loss=0.044802
2026-08-19 19:45:30 | INFO | epoch=033 train_batch=400/435 running_loss=0.044853
2026-08-19 19:45:30 | INFO | epoch=033 train_batch=410/435 running_loss=0.044832
2026-08-19 19:45:30 | INFO | epoch=033 train_batch=420/435 running_loss=0.044796
2026-08-19 19:45:31 | INFO | epoch=033 train_batch=430/435 running_loss=0.044755
2026-08-19 19:45:31 | INFO | epoch=033 train_batch=435/435 running_loss=0.044755
2026-08-19 19:45:31 | INFO | epoch=033 train_loss=0.044755 validation_loss=0.127774
2026-08-19 19:45:31 | INFO | epoch=034 train_batch=10/435 running_loss=0.046556
2026-08-19 19:45:31 | INFO | epoch=034 train_batch=20/435 running_loss=0.044940
2026-08-19 19:45:32 | INFO | epoch=034 train_batch=30/435 running_loss=0.043522
2026-08-19 19:45:32 | INFO | epoch=034 train_batch=40/435 running_loss=0.043144
2026-08-19 19:45:32 | INFO | epoch=034 train_batch=50/435 running_loss=0.043510
2026-08-19 19:45:32 | INFO | epoch=034 train_batch=60/435 running_loss=0.043328
2026-08-19 19:45:33 | INFO | epoch=034 train_batch=70/435 running_loss=0.043400
2026-08-19 19:45:33 | INFO | epoch=034 train_batch=80/435 running_loss=0.043253
2026-08-19 19:45:33 | INFO | epoch=034 train_batch=90/435 running_loss=0.043200
2026-08-19 19:45:33 | INFO | epoch=034 train_batch=100/435 running_loss=0.043460
2026-08-19 19:45:34 | INFO | epoch=034 train_batch=110/435 running_loss=0.043729
2026-08-19 19:45:34 | INFO | epoch=034 train_batch=120/435 running_loss=0.043826
2026-08-19 19:45:34 | INFO | epoch=034 train_batch=130/435 running_loss=0.043893
2026-08-19 19:45:34 | INFO | epoch=034 train_batch=140/435 running_loss=0.043936
2026-08-19 19:45:35 | INFO | epoch=034 train_batch=150/435 running_loss=0.044129
2026-08-19 19:45:35 | INFO | epoch=034 train_batch=160/435 running_loss=0.044139
2026-08-19 19:45:35 | INFO | epoch=034 train_batch=170/435 running_loss=0.044061
2026-08-19 19:45:35 | INFO | epoch=034 train_batch=180/435 running_loss=0.044285
2026-08-19 19:45:35 | INFO | epoch=034 train_batch=190/435 running_loss=0.044339
2026-08-19 19:45:36 | INFO | epoch=034 train_batch=200/435 running_loss=0.044264
2026-08-19 19:45:36 | INFO | epoch=034 train_batch=210/435 running_loss=0.044529
2026-08-19 19:45:36 | INFO | epoch=034 train_batch=220/435 running_loss=0.044404
2026-08-19 19:45:36 | INFO | epoch=034 train_batch=230/435 running_loss=0.044339
2026-08-19 19:45:37 | INFO | epoch=034 train_batch=240/435 running_loss=0.044316
2026-08-19 19:45:37 | INFO | epoch=034 train_batch=250/435 running_loss=0.044284
2026-08-19 19:45:37 | INFO | epoch=034 train_batch=260/435 running_loss=0.044411
2026-08-19 19:45:37 | INFO | epoch=034 train_batch=270/435 running_loss=0.044368
2026-08-19 19:45:38 | INFO | epoch=034 train_batch=280/435 running_loss=0.044367
2026-08-19 19:45:38 | INFO | epoch=034 train_batch=290/435 running_loss=0.044421
2026-08-19 19:45:38 | INFO | epoch=034 train_batch=300/435 running_loss=0.044430
2026-08-19 19:45:38 | INFO | epoch=034 train_batch=310/435 running_loss=0.044476
2026-08-19 19:45:39 | INFO | epoch=034 train_batch=320/435 running_loss=0.044563
2026-08-19 19:45:39 | INFO | epoch=034 train_batch=330/435 running_loss=0.044610
2026-08-19 19:45:39 | INFO | epoch=034 train_batch=340/435 running_loss=0.044688
2026-08-19 19:45:39 | INFO | epoch=034 train_batch=350/435 running_loss=0.044573
2026-08-19 19:45:39 | INFO | epoch=034 train_batch=360/435 running_loss=0.044629
2026-08-19 19:45:40 | INFO | epoch=034 train_batch=370/435 running_loss=0.044598
2026-08-19 19:45:40 | INFO | epoch=034 train_batch=380/435 running_loss=0.044663
2026-08-19 19:45:40 | INFO | epoch=034 train_batch=390/435 running_loss=0.044669
2026-08-19 19:45:40 | INFO | epoch=034 train_batch=400/435 running_loss=0.044754
2026-08-19 19:45:41 | INFO | epoch=034 train_batch=410/435 running_loss=0.044738
2026-08-19 19:45:41 | INFO | epoch=034 train_batch=420/435 running_loss=0.044707
2026-08-19 19:45:41 | INFO | epoch=034 train_batch=430/435 running_loss=0.044694
2026-08-19 19:45:41 | INFO | epoch=034 train_batch=435/435 running_loss=0.044684
2026-08-19 19:45:41 | INFO | epoch=034 train_loss=0.044684 validation_loss=0.126907
2026-08-19 19:45:42 | INFO | epoch=035 train_batch=10/435 running_loss=0.045362
2026-08-19 19:45:42 | INFO | epoch=035 train_batch=20/435 running_loss=0.045090
2026-08-19 19:45:42 | INFO | epoch=035 train_batch=30/435 running_loss=0.043934
2026-08-19 19:45:42 | INFO | epoch=035 train_batch=40/435 running_loss=0.043917
2026-08-19 19:45:43 | INFO | epoch=035 train_batch=50/435 running_loss=0.043487
2026-08-19 19:45:43 | INFO | epoch=035 train_batch=60/435 running_loss=0.042849
2026-08-19 19:45:43 | INFO | epoch=035 train_batch=70/435 running_loss=0.042879
2026-08-19 19:45:43 | INFO | epoch=035 train_batch=80/435 running_loss=0.042825
2026-08-19 19:45:44 | INFO | epoch=035 train_batch=90/435 running_loss=0.043164
2026-08-19 19:45:44 | INFO | epoch=035 train_batch=100/435 running_loss=0.043505
2026-08-19 19:45:44 | INFO | epoch=035 train_batch=110/435 running_loss=0.043549
2026-08-19 19:45:44 | INFO | epoch=035 train_batch=120/435 running_loss=0.043409
2026-08-19 19:45:45 | INFO | epoch=035 train_batch=130/435 running_loss=0.043379
2026-08-19 19:45:45 | INFO | epoch=035 train_batch=140/435 running_loss=0.043413
2026-08-19 19:45:45 | INFO | epoch=035 train_batch=150/435 running_loss=0.043231
2026-08-19 19:45:45 | INFO | epoch=035 train_batch=160/435 running_loss=0.043255
2026-08-19 19:45:46 | INFO | epoch=035 train_batch=170/435 running_loss=0.043532
2026-08-19 19:45:46 | INFO | epoch=035 train_batch=180/435 running_loss=0.043747
2026-08-19 19:45:46 | INFO | epoch=035 train_batch=190/435 running_loss=0.043804
2026-08-19 19:45:46 | INFO | epoch=035 train_batch=200/435 running_loss=0.044123
2026-08-19 19:45:46 | INFO | epoch=035 train_batch=210/435 running_loss=0.044270
2026-08-19 19:45:47 | INFO | epoch=035 train_batch=220/435 running_loss=0.044287
2026-08-19 19:45:47 | INFO | epoch=035 train_batch=230/435 running_loss=0.044176
2026-08-19 19:45:47 | INFO | epoch=035 train_batch=240/435 running_loss=0.043969
2026-08-19 19:45:47 | INFO | epoch=035 train_batch=250/435 running_loss=0.043845
2026-08-19 19:45:48 | INFO | epoch=035 train_batch=260/435 running_loss=0.043935
2026-08-19 19:45:48 | INFO | epoch=035 train_batch=270/435 running_loss=0.043908
2026-08-19 19:45:48 | INFO | epoch=035 train_batch=280/435 running_loss=0.043983
2026-08-19 19:45:48 | INFO | epoch=035 train_batch=290/435 running_loss=0.044041
2026-08-19 19:45:49 | INFO | epoch=035 train_batch=300/435 running_loss=0.044014
2026-08-19 19:45:49 | INFO | epoch=035 train_batch=310/435 running_loss=0.044067
2026-08-19 19:45:49 | INFO | epoch=035 train_batch=320/435 running_loss=0.044088
2026-08-19 19:45:49 | INFO | epoch=035 train_batch=330/435 running_loss=0.044069
2026-08-19 19:45:50 | INFO | epoch=035 train_batch=340/435 running_loss=0.044143
2026-08-19 19:45:50 | INFO | epoch=035 train_batch=350/435 running_loss=0.044143
2026-08-19 19:45:50 | INFO | epoch=035 train_batch=360/435 running_loss=0.044202
2026-08-19 19:45:50 | INFO | epoch=035 train_batch=370/435 running_loss=0.044216
2026-08-19 19:45:50 | INFO | epoch=035 train_batch=380/435 running_loss=0.044198
2026-08-19 19:45:51 | INFO | epoch=035 train_batch=390/435 running_loss=0.044203
2026-08-19 19:45:51 | INFO | epoch=035 train_batch=400/435 running_loss=0.044141
2026-08-19 19:45:51 | INFO | epoch=035 train_batch=410/435 running_loss=0.044110
2026-08-19 19:45:51 | INFO | epoch=035 train_batch=420/435 running_loss=0.044071
2026-08-19 19:45:52 | INFO | epoch=035 train_batch=430/435 running_loss=0.044107
2026-08-19 19:45:52 | INFO | epoch=035 train_batch=435/435 running_loss=0.044127
2026-08-19 19:45:52 | INFO | epoch=035 train_loss=0.044127 validation_loss=0.127364
2026-08-19 19:45:52 | INFO | epoch=036 train_batch=10/435 running_loss=0.040773
2026-08-19 19:45:53 | INFO | epoch=036 train_batch=20/435 running_loss=0.040338
2026-08-19 19:45:53 | INFO | epoch=036 train_batch=30/435 running_loss=0.041254
2026-08-19 19:45:53 | INFO | epoch=036 train_batch=40/435 running_loss=0.042681
2026-08-19 19:45:53 | INFO | epoch=036 train_batch=50/435 running_loss=0.042657
2026-08-19 19:45:53 | INFO | epoch=036 train_batch=60/435 running_loss=0.043126
2026-08-19 19:45:54 | INFO | epoch=036 train_batch=70/435 running_loss=0.043161
2026-08-19 19:45:54 | INFO | epoch=036 train_batch=80/435 running_loss=0.042753
2026-08-19 19:45:54 | INFO | epoch=036 train_batch=90/435 running_loss=0.042584
2026-08-19 19:45:54 | INFO | epoch=036 train_batch=100/435 running_loss=0.042685
2026-08-19 19:45:55 | INFO | epoch=036 train_batch=110/435 running_loss=0.043256
2026-08-19 19:45:55 | INFO | epoch=036 train_batch=120/435 running_loss=0.043302
2026-08-19 19:45:55 | INFO | epoch=036 train_batch=130/435 running_loss=0.043268
2026-08-19 19:45:55 | INFO | epoch=036 train_batch=140/435 running_loss=0.043344
2026-08-19 19:45:56 | INFO | epoch=036 train_batch=150/435 running_loss=0.043281
2026-08-19 19:45:56 | INFO | epoch=036 train_batch=160/435 running_loss=0.043082
2026-08-19 19:45:56 | INFO | epoch=036 train_batch=170/435 running_loss=0.043187
2026-08-19 19:45:56 | INFO | epoch=036 train_batch=180/435 running_loss=0.043131
2026-08-19 19:45:57 | INFO | epoch=036 train_batch=190/435 running_loss=0.043144
2026-08-19 19:45:57 | INFO | epoch=036 train_batch=200/435 running_loss=0.043217
2026-08-19 19:45:57 | INFO | epoch=036 train_batch=210/435 running_loss=0.043242
2026-08-19 19:45:57 | INFO | epoch=036 train_batch=220/435 running_loss=0.043233
2026-08-19 19:45:57 | INFO | epoch=036 train_batch=230/435 running_loss=0.043404
2026-08-19 19:45:58 | INFO | epoch=036 train_batch=240/435 running_loss=0.043603
2026-08-19 19:45:58 | INFO | epoch=036 train_batch=250/435 running_loss=0.043743
2026-08-19 19:45:58 | INFO | epoch=036 train_batch=260/435 running_loss=0.043694
2026-08-19 19:45:58 | INFO | epoch=036 train_batch=270/435 running_loss=0.043827
2026-08-19 19:45:59 | INFO | epoch=036 train_batch=280/435 running_loss=0.043823
2026-08-19 19:45:59 | INFO | epoch=036 train_batch=290/435 running_loss=0.043780
2026-08-19 19:45:59 | INFO | epoch=036 train_batch=300/435 running_loss=0.043794
2026-08-19 19:45:59 | INFO | epoch=036 train_batch=310/435 running_loss=0.043791
2026-08-19 19:46:00 | INFO | epoch=036 train_batch=320/435 running_loss=0.043924
2026-08-19 19:46:00 | INFO | epoch=036 train_batch=330/435 running_loss=0.043952
2026-08-19 19:46:00 | INFO | epoch=036 train_batch=340/435 running_loss=0.043835
2026-08-19 19:46:00 | INFO | epoch=036 train_batch=350/435 running_loss=0.043838
2026-08-19 19:46:01 | INFO | epoch=036 train_batch=360/435 running_loss=0.043888
2026-08-19 19:46:01 | INFO | epoch=036 train_batch=370/435 running_loss=0.043874
2026-08-19 19:46:01 | INFO | epoch=036 train_batch=380/435 running_loss=0.043930
2026-08-19 19:46:01 | INFO | epoch=036 train_batch=390/435 running_loss=0.043934
2026-08-19 19:46:02 | INFO | epoch=036 train_batch=400/435 running_loss=0.043913
2026-08-19 19:46:02 | INFO | epoch=036 train_batch=410/435 running_loss=0.043928
2026-08-19 19:46:02 | INFO | epoch=036 train_batch=420/435 running_loss=0.043948
2026-08-19 19:46:02 | INFO | epoch=036 train_batch=430/435 running_loss=0.043932
2026-08-19 19:46:02 | INFO | epoch=036 train_batch=435/435 running_loss=0.043946
2026-08-19 19:46:03 | INFO | epoch=036 train_loss=0.043946 validation_loss=0.127634
2026-08-19 19:46:03 | INFO | epoch=037 train_batch=10/435 running_loss=0.041158
2026-08-19 19:46:03 | INFO | epoch=037 train_batch=20/435 running_loss=0.041802
2026-08-19 19:46:03 | INFO | epoch=037 train_batch=30/435 running_loss=0.043410
2026-08-19 19:46:04 | INFO | epoch=037 train_batch=40/435 running_loss=0.042986
2026-08-19 19:46:04 | INFO | epoch=037 train_batch=50/435 running_loss=0.043090
2026-08-19 19:46:04 | INFO | epoch=037 train_batch=60/435 running_loss=0.044049
2026-08-19 19:46:04 | INFO | epoch=037 train_batch=70/435 running_loss=0.043747
2026-08-19 19:46:05 | INFO | epoch=037 train_batch=80/435 running_loss=0.043850
2026-08-19 19:46:05 | INFO | epoch=037 train_batch=90/435 running_loss=0.043789
2026-08-19 19:46:05 | INFO | epoch=037 train_batch=100/435 running_loss=0.043663
2026-08-19 19:46:05 | INFO | epoch=037 train_batch=110/435 running_loss=0.043671
2026-08-19 19:46:06 | INFO | epoch=037 train_batch=120/435 running_loss=0.043902
2026-08-19 19:46:06 | INFO | epoch=037 train_batch=130/435 running_loss=0.043710
2026-08-19 19:46:06 | INFO | epoch=037 train_batch=140/435 running_loss=0.043721
2026-08-19 19:46:06 | INFO | epoch=037 train_batch=150/435 running_loss=0.043742
2026-08-19 19:46:07 | INFO | epoch=037 train_batch=160/435 running_loss=0.043902
2026-08-19 19:46:07 | INFO | epoch=037 train_batch=170/435 running_loss=0.043955
2026-08-19 19:46:07 | INFO | epoch=037 train_batch=180/435 running_loss=0.043685
2026-08-19 19:46:07 | INFO | epoch=037 train_batch=190/435 running_loss=0.043623
2026-08-19 19:46:08 | INFO | epoch=037 train_batch=200/435 running_loss=0.043691
2026-08-19 19:46:08 | INFO | epoch=037 train_batch=210/435 running_loss=0.043654
2026-08-19 19:46:08 | INFO | epoch=037 train_batch=220/435 running_loss=0.043565
2026-08-19 19:46:08 | INFO | epoch=037 train_batch=230/435 running_loss=0.043580
2026-08-19 19:46:09 | INFO | epoch=037 train_batch=240/435 running_loss=0.043776
2026-08-19 19:46:09 | INFO | epoch=037 train_batch=250/435 running_loss=0.043840
2026-08-19 19:46:09 | INFO | epoch=037 train_batch=260/435 running_loss=0.043833
2026-08-19 19:46:09 | INFO | epoch=037 train_batch=270/435 running_loss=0.043780
2026-08-19 19:46:09 | INFO | epoch=037 train_batch=280/435 running_loss=0.043797
2026-08-19 19:46:10 | INFO | epoch=037 train_batch=290/435 running_loss=0.043837
2026-08-19 19:46:10 | INFO | epoch=037 train_batch=300/435 running_loss=0.043839
2026-08-19 19:46:10 | INFO | epoch=037 train_batch=310/435 running_loss=0.043783
2026-08-19 19:46:10 | INFO | epoch=037 train_batch=320/435 running_loss=0.043748
2026-08-19 19:46:11 | INFO | epoch=037 train_batch=330/435 running_loss=0.043891
2026-08-19 19:46:11 | INFO | epoch=037 train_batch=340/435 running_loss=0.043881
2026-08-19 19:46:11 | INFO | epoch=037 train_batch=350/435 running_loss=0.043891
2026-08-19 19:46:11 | INFO | epoch=037 train_batch=360/435 running_loss=0.043892
2026-08-19 19:46:12 | INFO | epoch=037 train_batch=370/435 running_loss=0.043866
2026-08-19 19:46:12 | INFO | epoch=037 train_batch=380/435 running_loss=0.043830
2026-08-19 19:46:12 | INFO | epoch=037 train_batch=390/435 running_loss=0.043764
2026-08-19 19:46:12 | INFO | epoch=037 train_batch=400/435 running_loss=0.043697
2026-08-19 19:46:13 | INFO | epoch=037 train_batch=410/435 running_loss=0.043617
2026-08-19 19:46:13 | INFO | epoch=037 train_batch=420/435 running_loss=0.043646
2026-08-19 19:46:13 | INFO | epoch=037 train_batch=430/435 running_loss=0.043694
2026-08-19 19:46:13 | INFO | epoch=037 train_batch=435/435 running_loss=0.043675
2026-08-19 19:46:13 | INFO | epoch=037 train_loss=0.043675 validation_loss=0.128148
2026-08-19 19:46:14 | INFO | epoch=038 train_batch=10/435 running_loss=0.046151
2026-08-19 19:46:14 | INFO | epoch=038 train_batch=20/435 running_loss=0.044656
2026-08-19 19:46:14 | INFO | epoch=038 train_batch=30/435 running_loss=0.043929
2026-08-19 19:46:14 | INFO | epoch=038 train_batch=40/435 running_loss=0.043785
2026-08-19 19:46:15 | INFO | epoch=038 train_batch=50/435 running_loss=0.043271
2026-08-19 19:46:15 | INFO | epoch=038 train_batch=60/435 running_loss=0.043596
2026-08-19 19:46:15 | INFO | epoch=038 train_batch=70/435 running_loss=0.043295
2026-08-19 19:46:15 | INFO | epoch=038 train_batch=80/435 running_loss=0.043149
2026-08-19 19:46:16 | INFO | epoch=038 train_batch=90/435 running_loss=0.042846
2026-08-19 19:46:16 | INFO | epoch=038 train_batch=100/435 running_loss=0.042999
2026-08-19 19:46:16 | INFO | epoch=038 train_batch=110/435 running_loss=0.043113
2026-08-19 19:46:16 | INFO | epoch=038 train_batch=120/435 running_loss=0.043001
2026-08-19 19:46:17 | INFO | epoch=038 train_batch=130/435 running_loss=0.043129
2026-08-19 19:46:17 | INFO | epoch=038 train_batch=140/435 running_loss=0.042975
2026-08-19 19:46:17 | INFO | epoch=038 train_batch=150/435 running_loss=0.043140
2026-08-19 19:46:17 | INFO | epoch=038 train_batch=160/435 running_loss=0.042924
2026-08-19 19:46:18 | INFO | epoch=038 train_batch=170/435 running_loss=0.042892
2026-08-19 19:46:18 | INFO | epoch=038 train_batch=180/435 running_loss=0.042889
2026-08-19 19:46:18 | INFO | epoch=038 train_batch=190/435 running_loss=0.043127
2026-08-19 19:46:18 | INFO | epoch=038 train_batch=200/435 running_loss=0.043176
2026-08-19 19:46:19 | INFO | epoch=038 train_batch=210/435 running_loss=0.043061
2026-08-19 19:46:19 | INFO | epoch=038 train_batch=220/435 running_loss=0.043026
2026-08-19 19:46:19 | INFO | epoch=038 train_batch=230/435 running_loss=0.042962
2026-08-19 19:46:19 | INFO | epoch=038 train_batch=240/435 running_loss=0.043178
2026-08-19 19:46:20 | INFO | epoch=038 train_batch=250/435 running_loss=0.043070
2026-08-19 19:46:20 | INFO | epoch=038 train_batch=260/435 running_loss=0.043092
2026-08-19 19:46:20 | INFO | epoch=038 train_batch=270/435 running_loss=0.043168
2026-08-19 19:46:20 | INFO | epoch=038 train_batch=280/435 running_loss=0.043128
2026-08-19 19:46:20 | INFO | epoch=038 train_batch=290/435 running_loss=0.043115
2026-08-19 19:46:21 | INFO | epoch=038 train_batch=300/435 running_loss=0.043187
2026-08-19 19:46:21 | INFO | epoch=038 train_batch=310/435 running_loss=0.043216
2026-08-19 19:46:21 | INFO | epoch=038 train_batch=320/435 running_loss=0.043168
2026-08-19 19:46:21 | INFO | epoch=038 train_batch=330/435 running_loss=0.043171
2026-08-19 19:46:22 | INFO | epoch=038 train_batch=340/435 running_loss=0.043259
2026-08-19 19:46:22 | INFO | epoch=038 train_batch=350/435 running_loss=0.043319
2026-08-19 19:46:22 | INFO | epoch=038 train_batch=360/435 running_loss=0.043449
2026-08-19 19:46:22 | INFO | epoch=038 train_batch=370/435 running_loss=0.043514
2026-08-19 19:46:23 | INFO | epoch=038 train_batch=380/435 running_loss=0.043519
2026-08-19 19:46:23 | INFO | epoch=038 train_batch=390/435 running_loss=0.043457
2026-08-19 19:46:23 | INFO | epoch=038 train_batch=400/435 running_loss=0.043453
2026-08-19 19:46:23 | INFO | epoch=038 train_batch=410/435 running_loss=0.043405
2026-08-19 19:46:24 | INFO | epoch=038 train_batch=420/435 running_loss=0.043318
2026-08-19 19:46:24 | INFO | epoch=038 train_batch=430/435 running_loss=0.043294
2026-08-19 19:46:24 | INFO | epoch=038 train_batch=435/435 running_loss=0.043327
2026-08-19 19:46:24 | INFO | epoch=038 train_loss=0.043327 validation_loss=0.126709
2026-08-19 19:46:25 | INFO | epoch=039 train_batch=10/435 running_loss=0.041426
2026-08-19 19:46:25 | INFO | epoch=039 train_batch=20/435 running_loss=0.041420
2026-08-19 19:46:25 | INFO | epoch=039 train_batch=30/435 running_loss=0.041799
2026-08-19 19:46:25 | INFO | epoch=039 train_batch=40/435 running_loss=0.042079
2026-08-19 19:46:26 | INFO | epoch=039 train_batch=50/435 running_loss=0.042541
2026-08-19 19:46:26 | INFO | epoch=039 train_batch=60/435 running_loss=0.042451
2026-08-19 19:46:26 | INFO | epoch=039 train_batch=70/435 running_loss=0.042375
2026-08-19 19:46:26 | INFO | epoch=039 train_batch=80/435 running_loss=0.042614
2026-08-19 19:46:27 | INFO | epoch=039 train_batch=90/435 running_loss=0.042247
2026-08-19 19:46:27 | INFO | epoch=039 train_batch=100/435 running_loss=0.042386
2026-08-19 19:46:27 | INFO | epoch=039 train_batch=110/435 running_loss=0.042461
2026-08-19 19:46:27 | INFO | epoch=039 train_batch=120/435 running_loss=0.042487
2026-08-19 19:46:28 | INFO | epoch=039 train_batch=130/435 running_loss=0.042508
2026-08-19 19:46:28 | INFO | epoch=039 train_batch=140/435 running_loss=0.042438
2026-08-19 19:46:28 | INFO | epoch=039 train_batch=150/435 running_loss=0.042642
2026-08-19 19:46:28 | INFO | epoch=039 train_batch=160/435 running_loss=0.042749
2026-08-19 19:46:29 | INFO | epoch=039 train_batch=170/435 running_loss=0.042598
2026-08-19 19:46:29 | INFO | epoch=039 train_batch=180/435 running_loss=0.042688
2026-08-19 19:46:29 | INFO | epoch=039 train_batch=190/435 running_loss=0.042443
2026-08-19 19:46:29 | INFO | epoch=039 train_batch=200/435 running_loss=0.042558
2026-08-19 19:46:30 | INFO | epoch=039 train_batch=210/435 running_loss=0.042548
2026-08-19 19:46:30 | INFO | epoch=039 train_batch=220/435 running_loss=0.042340
2026-08-19 19:46:30 | INFO | epoch=039 train_batch=230/435 running_loss=0.042500
2026-08-19 19:46:30 | INFO | epoch=039 train_batch=240/435 running_loss=0.042560
2026-08-19 19:46:30 | INFO | epoch=039 train_batch=250/435 running_loss=0.042625
2026-08-19 19:46:31 | INFO | epoch=039 train_batch=260/435 running_loss=0.042661
2026-08-19 19:46:31 | INFO | epoch=039 train_batch=270/435 running_loss=0.042717
2026-08-19 19:46:31 | INFO | epoch=039 train_batch=280/435 running_loss=0.042795
2026-08-19 19:46:31 | INFO | epoch=039 train_batch=290/435 running_loss=0.042822
2026-08-19 19:46:32 | INFO | epoch=039 train_batch=300/435 running_loss=0.042711
2026-08-19 19:46:32 | INFO | epoch=039 train_batch=310/435 running_loss=0.042749
2026-08-19 19:46:32 | INFO | epoch=039 train_batch=320/435 running_loss=0.042797
2026-08-19 19:46:32 | INFO | epoch=039 train_batch=330/435 running_loss=0.042938
2026-08-19 19:46:33 | INFO | epoch=039 train_batch=340/435 running_loss=0.042975
2026-08-19 19:46:33 | INFO | epoch=039 train_batch=350/435 running_loss=0.042934
2026-08-19 19:46:33 | INFO | epoch=039 train_batch=360/435 running_loss=0.042950
2026-08-19 19:46:33 | INFO | epoch=039 train_batch=370/435 running_loss=0.042888
2026-08-19 19:46:34 | INFO | epoch=039 train_batch=380/435 running_loss=0.042867
2026-08-19 19:46:34 | INFO | epoch=039 train_batch=390/435 running_loss=0.042869
2026-08-19 19:46:34 | INFO | epoch=039 train_batch=400/435 running_loss=0.042916
2026-08-19 19:46:34 | INFO | epoch=039 train_batch=410/435 running_loss=0.042968
2026-08-19 19:46:35 | INFO | epoch=039 train_batch=420/435 running_loss=0.043068
2026-08-19 19:46:35 | INFO | epoch=039 train_batch=430/435 running_loss=0.043107
2026-08-19 19:46:35 | INFO | epoch=039 train_batch=435/435 running_loss=0.043187
2026-08-19 19:46:35 | INFO | epoch=039 train_loss=0.043187 validation_loss=0.126945
2026-08-19 19:46:36 | INFO | epoch=040 train_batch=10/435 running_loss=0.044407
2026-08-19 19:46:36 | INFO | epoch=040 train_batch=20/435 running_loss=0.043129
2026-08-19 19:46:36 | INFO | epoch=040 train_batch=30/435 running_loss=0.042708
2026-08-19 19:46:36 | INFO | epoch=040 train_batch=40/435 running_loss=0.042114
2026-08-19 19:46:37 | INFO | epoch=040 train_batch=50/435 running_loss=0.042390
2026-08-19 19:46:37 | INFO | epoch=040 train_batch=60/435 running_loss=0.042102
2026-08-19 19:46:37 | INFO | epoch=040 train_batch=70/435 running_loss=0.042353
2026-08-19 19:46:37 | INFO | epoch=040 train_batch=80/435 running_loss=0.042751
2026-08-19 19:46:38 | INFO | epoch=040 train_batch=90/435 running_loss=0.042351
2026-08-19 19:46:38 | INFO | epoch=040 train_batch=100/435 running_loss=0.042691
2026-08-19 19:46:38 | INFO | epoch=040 train_batch=110/435 running_loss=0.042718
2026-08-19 19:46:38 | INFO | epoch=040 train_batch=120/435 running_loss=0.042547
2026-08-19 19:46:38 | INFO | epoch=040 train_batch=130/435 running_loss=0.042816
2026-08-19 19:46:39 | INFO | epoch=040 train_batch=140/435 running_loss=0.042930
2026-08-19 19:46:39 | INFO | epoch=040 train_batch=150/435 running_loss=0.043017
2026-08-19 19:46:39 | INFO | epoch=040 train_batch=160/435 running_loss=0.043446
2026-08-19 19:46:39 | INFO | epoch=040 train_batch=170/435 running_loss=0.043620
2026-08-19 19:46:40 | INFO | epoch=040 train_batch=180/435 running_loss=0.043484
2026-08-19 19:46:40 | INFO | epoch=040 train_batch=190/435 running_loss=0.043626
2026-08-19 19:46:40 | INFO | epoch=040 train_batch=200/435 running_loss=0.043529
2026-08-19 19:46:40 | INFO | epoch=040 train_batch=210/435 running_loss=0.043385
2026-08-19 19:46:41 | INFO | epoch=040 train_batch=220/435 running_loss=0.043302
2026-08-19 19:46:41 | INFO | epoch=040 train_batch=230/435 running_loss=0.043268
2026-08-19 19:46:41 | INFO | epoch=040 train_batch=240/435 running_loss=0.043220
2026-08-19 19:46:41 | INFO | epoch=040 train_batch=250/435 running_loss=0.043142
2026-08-19 19:46:42 | INFO | epoch=040 train_batch=260/435 running_loss=0.043232
2026-08-19 19:46:42 | INFO | epoch=040 train_batch=270/435 running_loss=0.043180
2026-08-19 19:46:42 | INFO | epoch=040 train_batch=280/435 running_loss=0.043178
2026-08-19 19:46:42 | INFO | epoch=040 train_batch=290/435 running_loss=0.043172
2026-08-19 19:46:43 | INFO | epoch=040 train_batch=300/435 running_loss=0.043140
2026-08-19 19:46:43 | INFO | epoch=040 train_batch=310/435 running_loss=0.043228
2026-08-19 19:46:43 | INFO | epoch=040 train_batch=320/435 running_loss=0.043187
2026-08-19 19:46:43 | INFO | epoch=040 train_batch=330/435 running_loss=0.043203
2026-08-19 19:46:44 | INFO | epoch=040 train_batch=340/435 running_loss=0.043133
2026-08-19 19:46:44 | INFO | epoch=040 train_batch=350/435 running_loss=0.043053
2026-08-19 19:46:44 | INFO | epoch=040 train_batch=360/435 running_loss=0.043083
2026-08-19 19:46:44 | INFO | epoch=040 train_batch=370/435 running_loss=0.043104
2026-08-19 19:46:45 | INFO | epoch=040 train_batch=380/435 running_loss=0.043120
2026-08-19 19:46:45 | INFO | epoch=040 train_batch=390/435 running_loss=0.043093
2026-08-19 19:46:45 | INFO | epoch=040 train_batch=400/435 running_loss=0.043156
2026-08-19 19:46:45 | INFO | epoch=040 train_batch=410/435 running_loss=0.043096
2026-08-19 19:46:46 | INFO | epoch=040 train_batch=420/435 running_loss=0.043055
2026-08-19 19:46:46 | INFO | epoch=040 train_batch=430/435 running_loss=0.043118
2026-08-19 19:46:46 | INFO | epoch=040 train_batch=435/435 running_loss=0.043131
2026-08-19 19:46:46 | INFO | epoch=040 train_loss=0.043131 validation_loss=0.127917
2026-08-19 19:46:46 | INFO | epoch=041 train_batch=10/435 running_loss=0.042520
2026-08-19 19:46:47 | INFO | epoch=041 train_batch=20/435 running_loss=0.043092
2026-08-19 19:46:47 | INFO | epoch=041 train_batch=30/435 running_loss=0.042760
2026-08-19 19:46:47 | INFO | epoch=041 train_batch=40/435 running_loss=0.043313
2026-08-19 19:46:47 | INFO | epoch=041 train_batch=50/435 running_loss=0.043079
2026-08-19 19:46:48 | INFO | epoch=041 train_batch=60/435 running_loss=0.043554
2026-08-19 19:46:48 | INFO | epoch=041 train_batch=70/435 running_loss=0.043213
2026-08-19 19:46:48 | INFO | epoch=041 train_batch=80/435 running_loss=0.043213
2026-08-19 19:46:48 | INFO | epoch=041 train_batch=90/435 running_loss=0.043141
2026-08-19 19:46:49 | INFO | epoch=041 train_batch=100/435 running_loss=0.042813
2026-08-19 19:46:49 | INFO | epoch=041 train_batch=110/435 running_loss=0.042781
2026-08-19 19:46:49 | INFO | epoch=041 train_batch=120/435 running_loss=0.043142
2026-08-19 19:46:49 | INFO | epoch=041 train_batch=130/435 running_loss=0.042937
2026-08-19 19:46:50 | INFO | epoch=041 train_batch=140/435 running_loss=0.042543
2026-08-19 19:46:50 | INFO | epoch=041 train_batch=150/435 running_loss=0.042740
2026-08-19 19:46:50 | INFO | epoch=041 train_batch=160/435 running_loss=0.042922
2026-08-19 19:46:50 | INFO | epoch=041 train_batch=170/435 running_loss=0.042995
2026-08-19 19:46:51 | INFO | epoch=041 train_batch=180/435 running_loss=0.042881
2026-08-19 19:46:51 | INFO | epoch=041 train_batch=190/435 running_loss=0.042908
2026-08-19 19:46:51 | INFO | epoch=041 train_batch=200/435 running_loss=0.042733
2026-08-19 19:46:51 | INFO | epoch=041 train_batch=210/435 running_loss=0.042628
2026-08-19 19:46:52 | INFO | epoch=041 train_batch=220/435 running_loss=0.042659
2026-08-19 19:46:52 | INFO | epoch=041 train_batch=230/435 running_loss=0.042697
2026-08-19 19:46:52 | INFO | epoch=041 train_batch=240/435 running_loss=0.042804
2026-08-19 19:46:52 | INFO | epoch=041 train_batch=250/435 running_loss=0.042826
2026-08-19 19:46:53 | INFO | epoch=041 train_batch=260/435 running_loss=0.042790
2026-08-19 19:46:53 | INFO | epoch=041 train_batch=270/435 running_loss=0.042717
2026-08-19 19:46:53 | INFO | epoch=041 train_batch=280/435 running_loss=0.042712
2026-08-19 19:46:53 | INFO | epoch=041 train_batch=290/435 running_loss=0.042777
2026-08-19 19:46:53 | INFO | epoch=041 train_batch=300/435 running_loss=0.042803
2026-08-19 19:46:54 | INFO | epoch=041 train_batch=310/435 running_loss=0.042783
2026-08-19 19:46:54 | INFO | epoch=041 train_batch=320/435 running_loss=0.042696
2026-08-19 19:46:54 | INFO | epoch=041 train_batch=330/435 running_loss=0.042748
2026-08-19 19:46:54 | INFO | epoch=041 train_batch=340/435 running_loss=0.042733
2026-08-19 19:46:55 | INFO | epoch=041 train_batch=350/435 running_loss=0.042698
2026-08-19 19:46:55 | INFO | epoch=041 train_batch=360/435 running_loss=0.042724
2026-08-19 19:46:55 | INFO | epoch=041 train_batch=370/435 running_loss=0.042709
2026-08-19 19:46:55 | INFO | epoch=041 train_batch=380/435 running_loss=0.042715
2026-08-19 19:46:56 | INFO | epoch=041 train_batch=390/435 running_loss=0.042685
2026-08-19 19:46:56 | INFO | epoch=041 train_batch=400/435 running_loss=0.042738
2026-08-19 19:46:56 | INFO | epoch=041 train_batch=410/435 running_loss=0.042768
2026-08-19 19:46:56 | INFO | epoch=041 train_batch=420/435 running_loss=0.042766
2026-08-19 19:46:57 | INFO | epoch=041 train_batch=430/435 running_loss=0.042765
2026-08-19 19:46:57 | INFO | epoch=041 train_batch=435/435 running_loss=0.042815
2026-08-19 19:46:57 | INFO | epoch=041 train_loss=0.042815 validation_loss=0.124035
2026-08-19 19:46:57 | INFO | epoch=041 saved new best.pt
2026-08-19 19:46:57 | INFO | epoch=042 train_batch=10/435 running_loss=0.042235
2026-08-19 19:46:58 | INFO | epoch=042 train_batch=20/435 running_loss=0.040796
2026-08-19 19:46:58 | INFO | epoch=042 train_batch=30/435 running_loss=0.040658
2026-08-19 19:46:58 | INFO | epoch=042 train_batch=40/435 running_loss=0.042094
2026-08-19 19:46:58 | INFO | epoch=042 train_batch=50/435 running_loss=0.042801
2026-08-19 19:46:58 | INFO | epoch=042 train_batch=60/435 running_loss=0.042926
2026-08-19 19:46:59 | INFO | epoch=042 train_batch=70/435 running_loss=0.042702
2026-08-19 19:46:59 | INFO | epoch=042 train_batch=80/435 running_loss=0.042542
2026-08-19 19:46:59 | INFO | epoch=042 train_batch=90/435 running_loss=0.042366
2026-08-19 19:46:59 | INFO | epoch=042 train_batch=100/435 running_loss=0.042912
2026-08-19 19:47:00 | INFO | epoch=042 train_batch=110/435 running_loss=0.043093
2026-08-19 19:47:00 | INFO | epoch=042 train_batch=120/435 running_loss=0.043158
2026-08-19 19:47:00 | INFO | epoch=042 train_batch=130/435 running_loss=0.042904
2026-08-19 19:47:00 | INFO | epoch=042 train_batch=140/435 running_loss=0.042745
2026-08-19 19:47:01 | INFO | epoch=042 train_batch=150/435 running_loss=0.042605
2026-08-19 19:47:01 | INFO | epoch=042 train_batch=160/435 running_loss=0.042631
2026-08-19 19:47:01 | INFO | epoch=042 train_batch=170/435 running_loss=0.042754
2026-08-19 19:47:01 | INFO | epoch=042 train_batch=180/435 running_loss=0.042544
2026-08-19 19:47:02 | INFO | epoch=042 train_batch=190/435 running_loss=0.042411
2026-08-19 19:47:02 | INFO | epoch=042 train_batch=200/435 running_loss=0.042249
2026-08-19 19:47:02 | INFO | epoch=042 train_batch=210/435 running_loss=0.042367
2026-08-19 19:47:02 | INFO | epoch=042 train_batch=220/435 running_loss=0.042408
2026-08-19 19:47:03 | INFO | epoch=042 train_batch=230/435 running_loss=0.042370
2026-08-19 19:47:03 | INFO | epoch=042 train_batch=240/435 running_loss=0.042286
2026-08-19 19:47:03 | INFO | epoch=042 train_batch=250/435 running_loss=0.042234
2026-08-19 19:47:03 | INFO | epoch=042 train_batch=260/435 running_loss=0.042183
2026-08-19 19:47:03 | INFO | epoch=042 train_batch=270/435 running_loss=0.042240
2026-08-19 19:47:04 | INFO | epoch=042 train_batch=280/435 running_loss=0.042240
2026-08-19 19:47:04 | INFO | epoch=042 train_batch=290/435 running_loss=0.042275
2026-08-19 19:47:04 | INFO | epoch=042 train_batch=300/435 running_loss=0.042250
2026-08-19 19:47:04 | INFO | epoch=042 train_batch=310/435 running_loss=0.042285
2026-08-19 19:47:05 | INFO | epoch=042 train_batch=320/435 running_loss=0.042363
2026-08-19 19:47:05 | INFO | epoch=042 train_batch=330/435 running_loss=0.042329
2026-08-19 19:47:05 | INFO | epoch=042 train_batch=340/435 running_loss=0.042432
2026-08-19 19:47:05 | INFO | epoch=042 train_batch=350/435 running_loss=0.042436
2026-08-19 19:47:06 | INFO | epoch=042 train_batch=360/435 running_loss=0.042379
2026-08-19 19:47:06 | INFO | epoch=042 train_batch=370/435 running_loss=0.042384
2026-08-19 19:47:06 | INFO | epoch=042 train_batch=380/435 running_loss=0.042299
2026-08-19 19:47:06 | INFO | epoch=042 train_batch=390/435 running_loss=0.042356
2026-08-19 19:47:07 | INFO | epoch=042 train_batch=400/435 running_loss=0.042402
2026-08-19 19:47:07 | INFO | epoch=042 train_batch=410/435 running_loss=0.042389
2026-08-19 19:47:07 | INFO | epoch=042 train_batch=420/435 running_loss=0.042395
2026-08-19 19:47:07 | INFO | epoch=042 train_batch=430/435 running_loss=0.042529
2026-08-19 19:47:07 | INFO | epoch=042 train_batch=435/435 running_loss=0.042485
2026-08-19 19:47:08 | INFO | epoch=042 train_loss=0.042485 validation_loss=0.124846
2026-08-19 19:47:08 | INFO | epoch=043 train_batch=10/435 running_loss=0.041254
2026-08-19 19:47:08 | INFO | epoch=043 train_batch=20/435 running_loss=0.039688
2026-08-19 19:47:08 | INFO | epoch=043 train_batch=30/435 running_loss=0.040582
2026-08-19 19:47:09 | INFO | epoch=043 train_batch=40/435 running_loss=0.040321
2026-08-19 19:47:09 | INFO | epoch=043 train_batch=50/435 running_loss=0.041056
2026-08-19 19:47:09 | INFO | epoch=043 train_batch=60/435 running_loss=0.041024
2026-08-19 19:47:09 | INFO | epoch=043 train_batch=70/435 running_loss=0.041311
2026-08-19 19:47:10 | INFO | epoch=043 train_batch=80/435 running_loss=0.041119
2026-08-19 19:47:10 | INFO | epoch=043 train_batch=90/435 running_loss=0.040905
2026-08-19 19:47:10 | INFO | epoch=043 train_batch=100/435 running_loss=0.041025
2026-08-19 19:47:10 | INFO | epoch=043 train_batch=110/435 running_loss=0.040987
2026-08-19 19:47:10 | INFO | epoch=043 train_batch=120/435 running_loss=0.041100
2026-08-19 19:47:11 | INFO | epoch=043 train_batch=130/435 running_loss=0.041001
2026-08-19 19:47:11 | INFO | epoch=043 train_batch=140/435 running_loss=0.041102
2026-08-19 19:47:11 | INFO | epoch=043 train_batch=150/435 running_loss=0.041129
2026-08-19 19:47:11 | INFO | epoch=043 train_batch=160/435 running_loss=0.041235
2026-08-19 19:47:12 | INFO | epoch=043 train_batch=170/435 running_loss=0.041268
2026-08-19 19:47:12 | INFO | epoch=043 train_batch=180/435 running_loss=0.041266
2026-08-19 19:47:12 | INFO | epoch=043 train_batch=190/435 running_loss=0.041536
2026-08-19 19:47:12 | INFO | epoch=043 train_batch=200/435 running_loss=0.041619
2026-08-19 19:47:13 | INFO | epoch=043 train_batch=210/435 running_loss=0.041680
2026-08-19 19:47:13 | INFO | epoch=043 train_batch=220/435 running_loss=0.041647
2026-08-19 19:47:13 | INFO | epoch=043 train_batch=230/435 running_loss=0.041687
2026-08-19 19:47:13 | INFO | epoch=043 train_batch=240/435 running_loss=0.041923
2026-08-19 19:47:14 | INFO | epoch=043 train_batch=250/435 running_loss=0.042030
2026-08-19 19:47:14 | INFO | epoch=043 train_batch=260/435 running_loss=0.042101
2026-08-19 19:47:14 | INFO | epoch=043 train_batch=270/435 running_loss=0.041951
2026-08-19 19:47:14 | INFO | epoch=043 train_batch=280/435 running_loss=0.042071
2026-08-19 19:47:14 | INFO | epoch=043 train_batch=290/435 running_loss=0.042135
2026-08-19 19:47:15 | INFO | epoch=043 train_batch=300/435 running_loss=0.042139
2026-08-19 19:47:15 | INFO | epoch=043 train_batch=310/435 running_loss=0.042218
2026-08-19 19:47:15 | INFO | epoch=043 train_batch=320/435 running_loss=0.042266
2026-08-19 19:47:15 | INFO | epoch=043 train_batch=330/435 running_loss=0.042251
2026-08-19 19:47:16 | INFO | epoch=043 train_batch=340/435 running_loss=0.042355
2026-08-19 19:47:16 | INFO | epoch=043 train_batch=350/435 running_loss=0.042465
2026-08-19 19:47:16 | INFO | epoch=043 train_batch=360/435 running_loss=0.042470
2026-08-19 19:47:16 | INFO | epoch=043 train_batch=370/435 running_loss=0.042446
2026-08-19 19:47:17 | INFO | epoch=043 train_batch=380/435 running_loss=0.042473
2026-08-19 19:47:17 | INFO | epoch=043 train_batch=390/435 running_loss=0.042415
2026-08-19 19:47:17 | INFO | epoch=043 train_batch=400/435 running_loss=0.042426
2026-08-19 19:47:17 | INFO | epoch=043 train_batch=410/435 running_loss=0.042439
2026-08-19 19:47:17 | INFO | epoch=043 train_batch=420/435 running_loss=0.042437
2026-08-19 19:47:18 | INFO | epoch=043 train_batch=430/435 running_loss=0.042397
2026-08-19 19:47:18 | INFO | epoch=043 train_batch=435/435 running_loss=0.042413
2026-08-19 19:47:18 | INFO | epoch=043 train_loss=0.042413 validation_loss=0.123116
2026-08-19 19:47:18 | INFO | epoch=043 saved new best.pt
2026-08-19 19:47:18 | INFO | epoch=044 train_batch=10/435 running_loss=0.041030
2026-08-19 19:47:19 | INFO | epoch=044 train_batch=20/435 running_loss=0.041346
2026-08-19 19:47:19 | INFO | epoch=044 train_batch=30/435 running_loss=0.040656
2026-08-19 19:47:19 | INFO | epoch=044 train_batch=40/435 running_loss=0.041598
2026-08-19 19:47:19 | INFO | epoch=044 train_batch=50/435 running_loss=0.041838
2026-08-19 19:47:20 | INFO | epoch=044 train_batch=60/435 running_loss=0.042239
2026-08-19 19:47:20 | INFO | epoch=044 train_batch=70/435 running_loss=0.042225
2026-08-19 19:47:20 | INFO | epoch=044 train_batch=80/435 running_loss=0.042023
2026-08-19 19:47:20 | INFO | epoch=044 train_batch=90/435 running_loss=0.042039
2026-08-19 19:47:20 | INFO | epoch=044 train_batch=100/435 running_loss=0.042063
2026-08-19 19:47:21 | INFO | epoch=044 train_batch=110/435 running_loss=0.042257
2026-08-19 19:47:21 | INFO | epoch=044 train_batch=120/435 running_loss=0.042284
2026-08-19 19:47:21 | INFO | epoch=044 train_batch=130/435 running_loss=0.042170
2026-08-19 19:47:21 | INFO | epoch=044 train_batch=140/435 running_loss=0.042246
2026-08-19 19:47:22 | INFO | epoch=044 train_batch=150/435 running_loss=0.042363
2026-08-19 19:47:22 | INFO | epoch=044 train_batch=160/435 running_loss=0.042338
2026-08-19 19:47:22 | INFO | epoch=044 train_batch=170/435 running_loss=0.042225
2026-08-19 19:47:22 | INFO | epoch=044 train_batch=180/435 running_loss=0.042228
2026-08-19 19:47:23 | INFO | epoch=044 train_batch=190/435 running_loss=0.042324
2026-08-19 19:47:23 | INFO | epoch=044 train_batch=200/435 running_loss=0.042334
2026-08-19 19:47:23 | INFO | epoch=044 train_batch=210/435 running_loss=0.042300
2026-08-19 19:47:23 | INFO | epoch=044 train_batch=220/435 running_loss=0.042292
2026-08-19 19:47:23 | INFO | epoch=044 train_batch=230/435 running_loss=0.042299
2026-08-19 19:47:24 | INFO | epoch=044 train_batch=240/435 running_loss=0.042309
2026-08-19 19:47:24 | INFO | epoch=044 train_batch=250/435 running_loss=0.042495
2026-08-19 19:47:24 | INFO | epoch=044 train_batch=260/435 running_loss=0.042530
2026-08-19 19:47:24 | INFO | epoch=044 train_batch=270/435 running_loss=0.042367
2026-08-19 19:47:25 | INFO | epoch=044 train_batch=280/435 running_loss=0.042366
2026-08-19 19:47:25 | INFO | epoch=044 train_batch=290/435 running_loss=0.042318
2026-08-19 19:47:25 | INFO | epoch=044 train_batch=300/435 running_loss=0.042209
2026-08-19 19:47:25 | INFO | epoch=044 train_batch=310/435 running_loss=0.042243
2026-08-19 19:47:26 | INFO | epoch=044 train_batch=320/435 running_loss=0.042241
2026-08-19 19:47:26 | INFO | epoch=044 train_batch=330/435 running_loss=0.042262
2026-08-19 19:47:26 | INFO | epoch=044 train_batch=340/435 running_loss=0.042348
2026-08-19 19:47:26 | INFO | epoch=044 train_batch=350/435 running_loss=0.042367
2026-08-19 19:47:26 | INFO | epoch=044 train_batch=360/435 running_loss=0.042279
2026-08-19 19:47:27 | INFO | epoch=044 train_batch=370/435 running_loss=0.042298
2026-08-19 19:47:27 | INFO | epoch=044 train_batch=380/435 running_loss=0.042267
2026-08-19 19:47:27 | INFO | epoch=044 train_batch=390/435 running_loss=0.042261
2026-08-19 19:47:27 | INFO | epoch=044 train_batch=400/435 running_loss=0.042242
2026-08-19 19:47:28 | INFO | epoch=044 train_batch=410/435 running_loss=0.042256
2026-08-19 19:47:28 | INFO | epoch=044 train_batch=420/435 running_loss=0.042299
2026-08-19 19:47:28 | INFO | epoch=044 train_batch=430/435 running_loss=0.042301
2026-08-19 19:47:28 | INFO | epoch=044 train_batch=435/435 running_loss=0.042298
2026-08-19 19:47:28 | INFO | epoch=044 train_loss=0.042298 validation_loss=0.124591
2026-08-19 19:47:29 | INFO | epoch=045 train_batch=10/435 running_loss=0.040485
2026-08-19 19:47:29 | INFO | epoch=045 train_batch=20/435 running_loss=0.039567
2026-08-19 19:47:29 | INFO | epoch=045 train_batch=30/435 running_loss=0.040181
2026-08-19 19:47:29 | INFO | epoch=045 train_batch=40/435 running_loss=0.040153
2026-08-19 19:47:30 | INFO | epoch=045 train_batch=50/435 running_loss=0.040607
2026-08-19 19:47:30 | INFO | epoch=045 train_batch=60/435 running_loss=0.040669
2026-08-19 19:47:30 | INFO | epoch=045 train_batch=70/435 running_loss=0.040254
2026-08-19 19:47:30 | INFO | epoch=045 train_batch=80/435 running_loss=0.040132
2026-08-19 19:47:31 | INFO | epoch=045 train_batch=90/435 running_loss=0.040297
2026-08-19 19:47:31 | INFO | epoch=045 train_batch=100/435 running_loss=0.040444
2026-08-19 19:47:31 | INFO | epoch=045 train_batch=110/435 running_loss=0.040636
2026-08-19 19:47:31 | INFO | epoch=045 train_batch=120/435 running_loss=0.040508
2026-08-19 19:47:31 | INFO | epoch=045 train_batch=130/435 running_loss=0.040622
2026-08-19 19:47:32 | INFO | epoch=045 train_batch=140/435 running_loss=0.040699
2026-08-19 19:47:32 | INFO | epoch=045 train_batch=150/435 running_loss=0.040763
2026-08-19 19:47:32 | INFO | epoch=045 train_batch=160/435 running_loss=0.040913
2026-08-19 19:47:32 | INFO | epoch=045 train_batch=170/435 running_loss=0.041152
2026-08-19 19:47:33 | INFO | epoch=045 train_batch=180/435 running_loss=0.041340
2026-08-19 19:47:33 | INFO | epoch=045 train_batch=190/435 running_loss=0.041565
2026-08-19 19:47:33 | INFO | epoch=045 train_batch=200/435 running_loss=0.041511
2026-08-19 19:47:33 | INFO | epoch=045 train_batch=210/435 running_loss=0.041461
2026-08-19 19:47:34 | INFO | epoch=045 train_batch=220/435 running_loss=0.041363
2026-08-19 19:47:34 | INFO | epoch=045 train_batch=230/435 running_loss=0.041455
2026-08-19 19:47:34 | INFO | epoch=045 train_batch=240/435 running_loss=0.041468
2026-08-19 19:47:34 | INFO | epoch=045 train_batch=250/435 running_loss=0.041499
2026-08-19 19:47:34 | INFO | epoch=045 train_batch=260/435 running_loss=0.041581
2026-08-19 19:47:35 | INFO | epoch=045 train_batch=270/435 running_loss=0.041747
2026-08-19 19:47:35 | INFO | epoch=045 train_batch=280/435 running_loss=0.041755
2026-08-19 19:47:35 | INFO | epoch=045 train_batch=290/435 running_loss=0.041779
2026-08-19 19:47:35 | INFO | epoch=045 train_batch=300/435 running_loss=0.041866
2026-08-19 19:47:36 | INFO | epoch=045 train_batch=310/435 running_loss=0.041789
2026-08-19 19:47:36 | INFO | epoch=045 train_batch=320/435 running_loss=0.041894
2026-08-19 19:47:36 | INFO | epoch=045 train_batch=330/435 running_loss=0.041906
2026-08-19 19:47:36 | INFO | epoch=045 train_batch=340/435 running_loss=0.041920
2026-08-19 19:47:36 | INFO | epoch=045 train_batch=350/435 running_loss=0.041928
2026-08-19 19:47:37 | INFO | epoch=045 train_batch=360/435 running_loss=0.041875
2026-08-19 19:47:37 | INFO | epoch=045 train_batch=370/435 running_loss=0.041898
2026-08-19 19:47:37 | INFO | epoch=045 train_batch=380/435 running_loss=0.041849
2026-08-19 19:47:37 | INFO | epoch=045 train_batch=390/435 running_loss=0.041923
2026-08-19 19:47:38 | INFO | epoch=045 train_batch=400/435 running_loss=0.041879
2026-08-19 19:47:38 | INFO | epoch=045 train_batch=410/435 running_loss=0.041946
2026-08-19 19:47:38 | INFO | epoch=045 train_batch=420/435 running_loss=0.041953
2026-08-19 19:47:38 | INFO | epoch=045 train_batch=430/435 running_loss=0.041919
2026-08-19 19:47:38 | INFO | epoch=045 train_batch=435/435 running_loss=0.041910
2026-08-19 19:47:39 | INFO | epoch=045 train_loss=0.041910 validation_loss=0.123362
2026-08-19 19:47:39 | INFO | epoch=046 train_batch=10/435 running_loss=0.043562
2026-08-19 19:47:39 | INFO | epoch=046 train_batch=20/435 running_loss=0.042749
2026-08-19 19:47:39 | INFO | epoch=046 train_batch=30/435 running_loss=0.041547
2026-08-19 19:47:40 | INFO | epoch=046 train_batch=40/435 running_loss=0.041304
2026-08-19 19:47:40 | INFO | epoch=046 train_batch=50/435 running_loss=0.041496
2026-08-19 19:47:40 | INFO | epoch=046 train_batch=60/435 running_loss=0.041596
2026-08-19 19:47:40 | INFO | epoch=046 train_batch=70/435 running_loss=0.041672
2026-08-19 19:47:41 | INFO | epoch=046 train_batch=80/435 running_loss=0.041688
2026-08-19 19:47:41 | INFO | epoch=046 train_batch=90/435 running_loss=0.041352
2026-08-19 19:47:41 | INFO | epoch=046 train_batch=100/435 running_loss=0.041216
2026-08-19 19:47:41 | INFO | epoch=046 train_batch=110/435 running_loss=0.041228
2026-08-19 19:47:41 | INFO | epoch=046 train_batch=120/435 running_loss=0.041137
2026-08-19 19:47:42 | INFO | epoch=046 train_batch=130/435 running_loss=0.041187
2026-08-19 19:47:42 | INFO | epoch=046 train_batch=140/435 running_loss=0.041270
2026-08-19 19:47:42 | INFO | epoch=046 train_batch=150/435 running_loss=0.041170
2026-08-19 19:47:42 | INFO | epoch=046 train_batch=160/435 running_loss=0.041385
2026-08-19 19:47:43 | INFO | epoch=046 train_batch=170/435 running_loss=0.041493
2026-08-19 19:47:43 | INFO | epoch=046 train_batch=180/435 running_loss=0.041363
2026-08-19 19:47:43 | INFO | epoch=046 train_batch=190/435 running_loss=0.041289
2026-08-19 19:47:43 | INFO | epoch=046 train_batch=200/435 running_loss=0.041221
2026-08-19 19:47:44 | INFO | epoch=046 train_batch=210/435 running_loss=0.041277
2026-08-19 19:47:44 | INFO | epoch=046 train_batch=220/435 running_loss=0.041378
2026-08-19 19:47:44 | INFO | epoch=046 train_batch=230/435 running_loss=0.041527
2026-08-19 19:47:44 | INFO | epoch=046 train_batch=240/435 running_loss=0.041610
2026-08-19 19:47:44 | INFO | epoch=046 train_batch=250/435 running_loss=0.041834
2026-08-19 19:47:45 | INFO | epoch=046 train_batch=260/435 running_loss=0.041717
2026-08-19 19:47:45 | INFO | epoch=046 train_batch=270/435 running_loss=0.041736
2026-08-19 19:47:45 | INFO | epoch=046 train_batch=280/435 running_loss=0.041748
2026-08-19 19:47:45 | INFO | epoch=046 train_batch=290/435 running_loss=0.041707
2026-08-19 19:47:46 | INFO | epoch=046 train_batch=300/435 running_loss=0.041736
2026-08-19 19:47:46 | INFO | epoch=046 train_batch=310/435 running_loss=0.041651
2026-08-19 19:47:46 | INFO | epoch=046 train_batch=320/435 running_loss=0.041517
2026-08-19 19:47:46 | INFO | epoch=046 train_batch=330/435 running_loss=0.041532
2026-08-19 19:47:46 | INFO | epoch=046 train_batch=340/435 running_loss=0.041532
2026-08-19 19:47:47 | INFO | epoch=046 train_batch=350/435 running_loss=0.041494
2026-08-19 19:47:47 | INFO | epoch=046 train_batch=360/435 running_loss=0.041497
2026-08-19 19:47:47 | INFO | epoch=046 train_batch=370/435 running_loss=0.041511
2026-08-19 19:47:47 | INFO | epoch=046 train_batch=380/435 running_loss=0.041546
2026-08-19 19:47:48 | INFO | epoch=046 train_batch=390/435 running_loss=0.041530
2026-08-19 19:47:48 | INFO | epoch=046 train_batch=400/435 running_loss=0.041615
2026-08-19 19:47:48 | INFO | epoch=046 train_batch=410/435 running_loss=0.041639
2026-08-19 19:47:48 | INFO | epoch=046 train_batch=420/435 running_loss=0.041605
2026-08-19 19:47:49 | INFO | epoch=046 train_batch=430/435 running_loss=0.041638
2026-08-19 19:47:49 | INFO | epoch=046 train_batch=435/435 running_loss=0.041686
2026-08-19 19:47:49 | INFO | epoch=046 train_loss=0.041686 validation_loss=0.123697
2026-08-19 19:47:49 | INFO | epoch=047 train_batch=10/435 running_loss=0.038576
2026-08-19 19:47:49 | INFO | epoch=047 train_batch=20/435 running_loss=0.038122
2026-08-19 19:47:50 | INFO | epoch=047 train_batch=30/435 running_loss=0.039742
2026-08-19 19:47:50 | INFO | epoch=047 train_batch=40/435 running_loss=0.040311
2026-08-19 19:47:50 | INFO | epoch=047 train_batch=50/435 running_loss=0.039707
2026-08-19 19:47:50 | INFO | epoch=047 train_batch=60/435 running_loss=0.039772
2026-08-19 19:47:51 | INFO | epoch=047 train_batch=70/435 running_loss=0.040533
2026-08-19 19:47:51 | INFO | epoch=047 train_batch=80/435 running_loss=0.040434
2026-08-19 19:47:51 | INFO | epoch=047 train_batch=90/435 running_loss=0.040159
2026-08-19 19:47:51 | INFO | epoch=047 train_batch=100/435 running_loss=0.039993
2026-08-19 19:47:52 | INFO | epoch=047 train_batch=110/435 running_loss=0.040148
2026-08-19 19:47:52 | INFO | epoch=047 train_batch=120/435 running_loss=0.040237
2026-08-19 19:47:52 | INFO | epoch=047 train_batch=130/435 running_loss=0.040079
2026-08-19 19:47:52 | INFO | epoch=047 train_batch=140/435 running_loss=0.040399
2026-08-19 19:47:52 | INFO | epoch=047 train_batch=150/435 running_loss=0.040383
2026-08-19 19:47:53 | INFO | epoch=047 train_batch=160/435 running_loss=0.040402
2026-08-19 19:47:53 | INFO | epoch=047 train_batch=170/435 running_loss=0.040569
2026-08-19 19:47:53 | INFO | epoch=047 train_batch=180/435 running_loss=0.040610
2026-08-19 19:47:53 | INFO | epoch=047 train_batch=190/435 running_loss=0.040691
2026-08-19 19:47:54 | INFO | epoch=047 train_batch=200/435 running_loss=0.040703
2026-08-19 19:47:54 | INFO | epoch=047 train_batch=210/435 running_loss=0.040813
2026-08-19 19:47:54 | INFO | epoch=047 train_batch=220/435 running_loss=0.041043
2026-08-19 19:47:54 | INFO | epoch=047 train_batch=230/435 running_loss=0.041180
2026-08-19 19:47:55 | INFO | epoch=047 train_batch=240/435 running_loss=0.041179
2026-08-19 19:47:55 | INFO | epoch=047 train_batch=250/435 running_loss=0.041239
2026-08-19 19:47:55 | INFO | epoch=047 train_batch=260/435 running_loss=0.041352
2026-08-19 19:47:55 | INFO | epoch=047 train_batch=270/435 running_loss=0.041459
2026-08-19 19:47:55 | INFO | epoch=047 train_batch=280/435 running_loss=0.041569
2026-08-19 19:47:56 | INFO | epoch=047 train_batch=290/435 running_loss=0.041558
2026-08-19 19:47:56 | INFO | epoch=047 train_batch=300/435 running_loss=0.041583
2026-08-19 19:47:56 | INFO | epoch=047 train_batch=310/435 running_loss=0.041667
2026-08-19 19:47:56 | INFO | epoch=047 train_batch=320/435 running_loss=0.041718
2026-08-19 19:47:57 | INFO | epoch=047 train_batch=330/435 running_loss=0.041765
2026-08-19 19:47:57 | INFO | epoch=047 train_batch=340/435 running_loss=0.041771
2026-08-19 19:47:57 | INFO | epoch=047 train_batch=350/435 running_loss=0.041688
2026-08-19 19:47:57 | INFO | epoch=047 train_batch=360/435 running_loss=0.041712
2026-08-19 19:47:58 | INFO | epoch=047 train_batch=370/435 running_loss=0.041683
2026-08-19 19:47:58 | INFO | epoch=047 train_batch=380/435 running_loss=0.041696
2026-08-19 19:47:58 | INFO | epoch=047 train_batch=390/435 running_loss=0.041621
2026-08-19 19:47:58 | INFO | epoch=047 train_batch=400/435 running_loss=0.041545
2026-08-19 19:47:59 | INFO | epoch=047 train_batch=410/435 running_loss=0.041527
2026-08-19 19:47:59 | INFO | epoch=047 train_batch=420/435 running_loss=0.041536
2026-08-19 19:47:59 | INFO | epoch=047 train_batch=430/435 running_loss=0.041626
2026-08-19 19:47:59 | INFO | epoch=047 train_batch=435/435 running_loss=0.041585
2026-08-19 19:47:59 | INFO | epoch=047 train_loss=0.041585 validation_loss=0.121168
2026-08-19 19:47:59 | INFO | epoch=047 saved new best.pt
2026-08-19 19:48:00 | INFO | epoch=048 train_batch=10/435 running_loss=0.042172
2026-08-19 19:48:00 | INFO | epoch=048 train_batch=20/435 running_loss=0.041896
2026-08-19 19:48:00 | INFO | epoch=048 train_batch=30/435 running_loss=0.041419
2026-08-19 19:48:00 | INFO | epoch=048 train_batch=40/435 running_loss=0.041753
2026-08-19 19:48:01 | INFO | epoch=048 train_batch=50/435 running_loss=0.041514
2026-08-19 19:48:01 | INFO | epoch=048 train_batch=60/435 running_loss=0.041983
2026-08-19 19:48:01 | INFO | epoch=048 train_batch=70/435 running_loss=0.041780
2026-08-19 19:48:01 | INFO | epoch=048 train_batch=80/435 running_loss=0.041744
2026-08-19 19:48:02 | INFO | epoch=048 train_batch=90/435 running_loss=0.041611
2026-08-19 19:48:02 | INFO | epoch=048 train_batch=100/435 running_loss=0.041910
2026-08-19 19:48:02 | INFO | epoch=048 train_batch=110/435 running_loss=0.041571
2026-08-19 19:48:02 | INFO | epoch=048 train_batch=120/435 running_loss=0.041674
2026-08-19 19:48:03 | INFO | epoch=048 train_batch=130/435 running_loss=0.041533
2026-08-19 19:48:03 | INFO | epoch=048 train_batch=140/435 running_loss=0.041336
2026-08-19 19:48:03 | INFO | epoch=048 train_batch=150/435 running_loss=0.041269
2026-08-19 19:48:03 | INFO | epoch=048 train_batch=160/435 running_loss=0.041246
2026-08-19 19:48:03 | INFO | epoch=048 train_batch=170/435 running_loss=0.041472
2026-08-19 19:48:04 | INFO | epoch=048 train_batch=180/435 running_loss=0.041446
2026-08-19 19:48:04 | INFO | epoch=048 train_batch=190/435 running_loss=0.041538
2026-08-19 19:48:04 | INFO | epoch=048 train_batch=200/435 running_loss=0.041455
2026-08-19 19:48:04 | INFO | epoch=048 train_batch=210/435 running_loss=0.041345
2026-08-19 19:48:05 | INFO | epoch=048 train_batch=220/435 running_loss=0.041368
2026-08-19 19:48:05 | INFO | epoch=048 train_batch=230/435 running_loss=0.041360
2026-08-19 19:48:05 | INFO | epoch=048 train_batch=240/435 running_loss=0.041242
2026-08-19 19:48:05 | INFO | epoch=048 train_batch=250/435 running_loss=0.041341
2026-08-19 19:48:06 | INFO | epoch=048 train_batch=260/435 running_loss=0.041486
2026-08-19 19:48:06 | INFO | epoch=048 train_batch=270/435 running_loss=0.041403
2026-08-19 19:48:06 | INFO | epoch=048 train_batch=280/435 running_loss=0.041367
2026-08-19 19:48:06 | INFO | epoch=048 train_batch=290/435 running_loss=0.041331
2026-08-19 19:48:07 | INFO | epoch=048 train_batch=300/435 running_loss=0.041355
2026-08-19 19:48:07 | INFO | epoch=048 train_batch=310/435 running_loss=0.041415
2026-08-19 19:48:07 | INFO | epoch=048 train_batch=320/435 running_loss=0.041332
2026-08-19 19:48:07 | INFO | epoch=048 train_batch=330/435 running_loss=0.041262
2026-08-19 19:48:07 | INFO | epoch=048 train_batch=340/435 running_loss=0.041236
2026-08-19 19:48:08 | INFO | epoch=048 train_batch=350/435 running_loss=0.041132
2026-08-19 19:48:08 | INFO | epoch=048 train_batch=360/435 running_loss=0.041220
2026-08-19 19:48:08 | INFO | epoch=048 train_batch=370/435 running_loss=0.041256
2026-08-19 19:48:08 | INFO | epoch=048 train_batch=380/435 running_loss=0.041272
2026-08-19 19:48:09 | INFO | epoch=048 train_batch=390/435 running_loss=0.041279
2026-08-19 19:48:09 | INFO | epoch=048 train_batch=400/435 running_loss=0.041270
2026-08-19 19:48:09 | INFO | epoch=048 train_batch=410/435 running_loss=0.041281
2026-08-19 19:48:09 | INFO | epoch=048 train_batch=420/435 running_loss=0.041273
2026-08-19 19:48:10 | INFO | epoch=048 train_batch=430/435 running_loss=0.041299
2026-08-19 19:48:10 | INFO | epoch=048 train_batch=435/435 running_loss=0.041291
2026-08-19 19:48:10 | INFO | epoch=048 train_loss=0.041291 validation_loss=0.121661
2026-08-19 19:48:10 | INFO | epoch=049 train_batch=10/435 running_loss=0.038619
2026-08-19 19:48:11 | INFO | epoch=049 train_batch=20/435 running_loss=0.039182
2026-08-19 19:48:11 | INFO | epoch=049 train_batch=30/435 running_loss=0.039802
2026-08-19 19:48:11 | INFO | epoch=049 train_batch=40/435 running_loss=0.039497
2026-08-19 19:48:11 | INFO | epoch=049 train_batch=50/435 running_loss=0.040268
2026-08-19 19:48:11 | INFO | epoch=049 train_batch=60/435 running_loss=0.040344
2026-08-19 19:48:12 | INFO | epoch=049 train_batch=70/435 running_loss=0.040714
2026-08-19 19:48:12 | INFO | epoch=049 train_batch=80/435 running_loss=0.040703
2026-08-19 19:48:12 | INFO | epoch=049 train_batch=90/435 running_loss=0.041011
2026-08-19 19:48:12 | INFO | epoch=049 train_batch=100/435 running_loss=0.040927
2026-08-19 19:48:13 | INFO | epoch=049 train_batch=110/435 running_loss=0.040826
2026-08-19 19:48:13 | INFO | epoch=049 train_batch=120/435 running_loss=0.041153
2026-08-19 19:48:13 | INFO | epoch=049 train_batch=130/435 running_loss=0.041367
2026-08-19 19:48:13 | INFO | epoch=049 train_batch=140/435 running_loss=0.041172
2026-08-19 19:48:14 | INFO | epoch=049 train_batch=150/435 running_loss=0.040978
2026-08-19 19:48:14 | INFO | epoch=049 train_batch=160/435 running_loss=0.041069
2026-08-19 19:48:14 | INFO | epoch=049 train_batch=170/435 running_loss=0.041020
2026-08-19 19:48:14 | INFO | epoch=049 train_batch=180/435 running_loss=0.041208
2026-08-19 19:48:15 | INFO | epoch=049 train_batch=190/435 running_loss=0.041255
2026-08-19 19:48:15 | INFO | epoch=049 train_batch=200/435 running_loss=0.041275
2026-08-19 19:48:15 | INFO | epoch=049 train_batch=210/435 running_loss=0.041258
2026-08-19 19:48:15 | INFO | epoch=049 train_batch=220/435 running_loss=0.041212
2026-08-19 19:48:16 | INFO | epoch=049 train_batch=230/435 running_loss=0.041118
2026-08-19 19:48:16 | INFO | epoch=049 train_batch=240/435 running_loss=0.041202
2026-08-19 19:48:16 | INFO | epoch=049 train_batch=250/435 running_loss=0.041216
2026-08-19 19:48:16 | INFO | epoch=049 train_batch=260/435 running_loss=0.041214
2026-08-19 19:48:16 | INFO | epoch=049 train_batch=270/435 running_loss=0.041248
2026-08-19 19:48:17 | INFO | epoch=049 train_batch=280/435 running_loss=0.041281
2026-08-19 19:48:17 | INFO | epoch=049 train_batch=290/435 running_loss=0.041338
2026-08-19 19:48:17 | INFO | epoch=049 train_batch=300/435 running_loss=0.041347
2026-08-19 19:48:17 | INFO | epoch=049 train_batch=310/435 running_loss=0.041398
2026-08-19 19:48:18 | INFO | epoch=049 train_batch=320/435 running_loss=0.041453
2026-08-19 19:48:18 | INFO | epoch=049 train_batch=330/435 running_loss=0.041543
2026-08-19 19:48:18 | INFO | epoch=049 train_batch=340/435 running_loss=0.041538
2026-08-19 19:48:18 | INFO | epoch=049 train_batch=350/435 running_loss=0.041526
2026-08-19 19:48:19 | INFO | epoch=049 train_batch=360/435 running_loss=0.041529
2026-08-19 19:48:19 | INFO | epoch=049 train_batch=370/435 running_loss=0.041410
2026-08-19 19:48:19 | INFO | epoch=049 train_batch=380/435 running_loss=0.041372
2026-08-19 19:48:19 | INFO | epoch=049 train_batch=390/435 running_loss=0.041363
2026-08-19 19:48:20 | INFO | epoch=049 train_batch=400/435 running_loss=0.041354
2026-08-19 19:48:20 | INFO | epoch=049 train_batch=410/435 running_loss=0.041254
2026-08-19 19:48:20 | INFO | epoch=049 train_batch=420/435 running_loss=0.041270
2026-08-19 19:48:20 | INFO | epoch=049 train_batch=430/435 running_loss=0.041252
2026-08-19 19:48:20 | INFO | epoch=049 train_batch=435/435 running_loss=0.041275
2026-08-19 19:48:21 | INFO | epoch=049 train_loss=0.041275 validation_loss=0.121603
2026-08-19 19:48:21 | INFO | epoch=050 train_batch=10/435 running_loss=0.039600
2026-08-19 19:48:21 | INFO | epoch=050 train_batch=20/435 running_loss=0.041646
2026-08-19 19:48:21 | INFO | epoch=050 train_batch=30/435 running_loss=0.041179
2026-08-19 19:48:22 | INFO | epoch=050 train_batch=40/435 running_loss=0.041169
2026-08-19 19:48:22 | INFO | epoch=050 train_batch=50/435 running_loss=0.041519
2026-08-19 19:48:22 | INFO | epoch=050 train_batch=60/435 running_loss=0.041813
2026-08-19 19:48:22 | INFO | epoch=050 train_batch=70/435 running_loss=0.041527
2026-08-19 19:48:23 | INFO | epoch=050 train_batch=80/435 running_loss=0.041599
2026-08-19 19:48:23 | INFO | epoch=050 train_batch=90/435 running_loss=0.041691
2026-08-19 19:48:23 | INFO | epoch=050 train_batch=100/435 running_loss=0.041471
2026-08-19 19:48:23 | INFO | epoch=050 train_batch=110/435 running_loss=0.041369
2026-08-19 19:48:23 | INFO | epoch=050 train_batch=120/435 running_loss=0.041198
2026-08-19 19:48:24 | INFO | epoch=050 train_batch=130/435 running_loss=0.041287
2026-08-19 19:48:24 | INFO | epoch=050 train_batch=140/435 running_loss=0.041214
2026-08-19 19:48:24 | INFO | epoch=050 train_batch=150/435 running_loss=0.041173
2026-08-19 19:48:24 | INFO | epoch=050 train_batch=160/435 running_loss=0.041135
2026-08-19 19:48:25 | INFO | epoch=050 train_batch=170/435 running_loss=0.040912
2026-08-19 19:48:25 | INFO | epoch=050 train_batch=180/435 running_loss=0.041034
2026-08-19 19:48:25 | INFO | epoch=050 train_batch=190/435 running_loss=0.041118
2026-08-19 19:48:25 | INFO | epoch=050 train_batch=200/435 running_loss=0.041047
2026-08-19 19:48:26 | INFO | epoch=050 train_batch=210/435 running_loss=0.041113
2026-08-19 19:48:26 | INFO | epoch=050 train_batch=220/435 running_loss=0.041094
2026-08-19 19:48:26 | INFO | epoch=050 train_batch=230/435 running_loss=0.041073
2026-08-19 19:48:26 | INFO | epoch=050 train_batch=240/435 running_loss=0.041063
2026-08-19 19:48:27 | INFO | epoch=050 train_batch=250/435 running_loss=0.040995
2026-08-19 19:48:27 | INFO | epoch=050 train_batch=260/435 running_loss=0.041122
2026-08-19 19:48:27 | INFO | epoch=050 train_batch=270/435 running_loss=0.041147
2026-08-19 19:48:27 | INFO | epoch=050 train_batch=280/435 running_loss=0.041118
2026-08-19 19:48:27 | INFO | epoch=050 train_batch=290/435 running_loss=0.041118
2026-08-19 19:48:28 | INFO | epoch=050 train_batch=300/435 running_loss=0.041075
2026-08-19 19:48:28 | INFO | epoch=050 train_batch=310/435 running_loss=0.040998
2026-08-19 19:48:28 | INFO | epoch=050 train_batch=320/435 running_loss=0.041041
2026-08-19 19:48:28 | INFO | epoch=050 train_batch=330/435 running_loss=0.040944
2026-08-19 19:48:29 | INFO | epoch=050 train_batch=340/435 running_loss=0.040871
2026-08-19 19:48:29 | INFO | epoch=050 train_batch=350/435 running_loss=0.040891
2026-08-19 19:48:29 | INFO | epoch=050 train_batch=360/435 running_loss=0.040947
2026-08-19 19:48:29 | INFO | epoch=050 train_batch=370/435 running_loss=0.041010
2026-08-19 19:48:30 | INFO | epoch=050 train_batch=380/435 running_loss=0.040986
2026-08-19 19:48:30 | INFO | epoch=050 train_batch=390/435 running_loss=0.041076
2026-08-19 19:48:30 | INFO | epoch=050 train_batch=400/435 running_loss=0.041106
2026-08-19 19:48:30 | INFO | epoch=050 train_batch=410/435 running_loss=0.041108
2026-08-19 19:48:31 | INFO | epoch=050 train_batch=420/435 running_loss=0.041106
2026-08-19 19:48:31 | INFO | epoch=050 train_batch=430/435 running_loss=0.041090
2026-08-19 19:48:31 | INFO | epoch=050 train_batch=435/435 running_loss=0.041067
2026-08-19 19:48:31 | INFO | epoch=050 train_loss=0.041067 validation_loss=0.118127
2026-08-19 19:48:31 | INFO | epoch=050 saved new best.pt
2026-08-19 19:48:31 | INFO | epoch=051 train_batch=10/435 running_loss=0.040042
2026-08-19 19:48:32 | INFO | epoch=051 train_batch=20/435 running_loss=0.040616
2026-08-19 19:48:32 | INFO | epoch=051 train_batch=30/435 running_loss=0.041641
2026-08-19 19:48:32 | INFO | epoch=051 train_batch=40/435 running_loss=0.041612
2026-08-19 19:48:32 | INFO | epoch=051 train_batch=50/435 running_loss=0.041888
2026-08-19 19:48:33 | INFO | epoch=051 train_batch=60/435 running_loss=0.041575
2026-08-19 19:48:33 | INFO | epoch=051 train_batch=70/435 running_loss=0.041055
2026-08-19 19:48:33 | INFO | epoch=051 train_batch=80/435 running_loss=0.040986
2026-08-19 19:48:33 | INFO | epoch=051 train_batch=90/435 running_loss=0.040554
2026-08-19 19:48:34 | INFO | epoch=051 train_batch=100/435 running_loss=0.040602
2026-08-19 19:48:34 | INFO | epoch=051 train_batch=110/435 running_loss=0.040536
2026-08-19 19:48:34 | INFO | epoch=051 train_batch=120/435 running_loss=0.040594
2026-08-19 19:48:34 | INFO | epoch=051 train_batch=130/435 running_loss=0.040516
2026-08-19 19:48:35 | INFO | epoch=051 train_batch=140/435 running_loss=0.040459
2026-08-19 19:48:35 | INFO | epoch=051 train_batch=150/435 running_loss=0.040638
2026-08-19 19:48:35 | INFO | epoch=051 train_batch=160/435 running_loss=0.040691
2026-08-19 19:48:35 | INFO | epoch=051 train_batch=170/435 running_loss=0.040643
2026-08-19 19:48:36 | INFO | epoch=051 train_batch=180/435 running_loss=0.040801
2026-08-19 19:48:36 | INFO | epoch=051 train_batch=190/435 running_loss=0.040740
2026-08-19 19:48:36 | INFO | epoch=051 train_batch=200/435 running_loss=0.040806
2026-08-19 19:48:36 | INFO | epoch=051 train_batch=210/435 running_loss=0.040689
2026-08-19 19:48:36 | INFO | epoch=051 train_batch=220/435 running_loss=0.040671
2026-08-19 19:48:37 | INFO | epoch=051 train_batch=230/435 running_loss=0.040686
2026-08-19 19:48:37 | INFO | epoch=051 train_batch=240/435 running_loss=0.040739
2026-08-19 19:48:37 | INFO | epoch=051 train_batch=250/435 running_loss=0.040673
2026-08-19 19:48:37 | INFO | epoch=051 train_batch=260/435 running_loss=0.040602
2026-08-19 19:48:38 | INFO | epoch=051 train_batch=270/435 running_loss=0.040549
2026-08-19 19:48:38 | INFO | epoch=051 train_batch=280/435 running_loss=0.040491
2026-08-19 19:48:38 | INFO | epoch=051 train_batch=290/435 running_loss=0.040372
2026-08-19 19:48:38 | INFO | epoch=051 train_batch=300/435 running_loss=0.040394
2026-08-19 19:48:39 | INFO | epoch=051 train_batch=310/435 running_loss=0.040388
2026-08-19 19:48:39 | INFO | epoch=051 train_batch=320/435 running_loss=0.040399
2026-08-19 19:48:39 | INFO | epoch=051 train_batch=330/435 running_loss=0.040429
2026-08-19 19:48:39 | INFO | epoch=051 train_batch=340/435 running_loss=0.040386
2026-08-19 19:48:40 | INFO | epoch=051 train_batch=350/435 running_loss=0.040367
2026-08-19 19:48:40 | INFO | epoch=051 train_batch=360/435 running_loss=0.040472
2026-08-19 19:48:40 | INFO | epoch=051 train_batch=370/435 running_loss=0.040521
2026-08-19 19:48:40 | INFO | epoch=051 train_batch=380/435 running_loss=0.040490
2026-08-19 19:48:40 | INFO | epoch=051 train_batch=390/435 running_loss=0.040577
2026-08-19 19:48:41 | INFO | epoch=051 train_batch=400/435 running_loss=0.040632
2026-08-19 19:48:41 | INFO | epoch=051 train_batch=410/435 running_loss=0.040726
2026-08-19 19:48:41 | INFO | epoch=051 train_batch=420/435 running_loss=0.040815
2026-08-19 19:48:41 | INFO | epoch=051 train_batch=430/435 running_loss=0.040771
2026-08-19 19:48:42 | INFO | epoch=051 train_batch=435/435 running_loss=0.040740
2026-08-19 19:48:42 | INFO | epoch=051 train_loss=0.040740 validation_loss=0.125084
2026-08-19 19:48:42 | INFO | epoch=052 train_batch=10/435 running_loss=0.038003
2026-08-19 19:48:42 | INFO | epoch=052 train_batch=20/435 running_loss=0.040593
2026-08-19 19:48:42 | INFO | epoch=052 train_batch=30/435 running_loss=0.040678
2026-08-19 19:48:43 | INFO | epoch=052 train_batch=40/435 running_loss=0.040462
2026-08-19 19:48:43 | INFO | epoch=052 train_batch=50/435 running_loss=0.040749
2026-08-19 19:48:43 | INFO | epoch=052 train_batch=60/435 running_loss=0.041128
2026-08-19 19:48:43 | INFO | epoch=052 train_batch=70/435 running_loss=0.041118
2026-08-19 19:48:44 | INFO | epoch=052 train_batch=80/435 running_loss=0.041330
2026-08-19 19:48:44 | INFO | epoch=052 train_batch=90/435 running_loss=0.041182
2026-08-19 19:48:44 | INFO | epoch=052 train_batch=100/435 running_loss=0.041315
2026-08-19 19:48:44 | INFO | epoch=052 train_batch=110/435 running_loss=0.041153
2026-08-19 19:48:45 | INFO | epoch=052 train_batch=120/435 running_loss=0.041127
2026-08-19 19:48:45 | INFO | epoch=052 train_batch=130/435 running_loss=0.041609
2026-08-19 19:48:45 | INFO | epoch=052 train_batch=140/435 running_loss=0.041538
2026-08-19 19:48:45 | INFO | epoch=052 train_batch=150/435 running_loss=0.041665
2026-08-19 19:48:45 | INFO | epoch=052 train_batch=160/435 running_loss=0.041579
2026-08-19 19:48:46 | INFO | epoch=052 train_batch=170/435 running_loss=0.041677
2026-08-19 19:48:46 | INFO | epoch=052 train_batch=180/435 running_loss=0.041561
2026-08-19 19:48:46 | INFO | epoch=052 train_batch=190/435 running_loss=0.041659
2026-08-19 19:48:46 | INFO | epoch=052 train_batch=200/435 running_loss=0.041734
2026-08-19 19:48:47 | INFO | epoch=052 train_batch=210/435 running_loss=0.041704
2026-08-19 19:48:47 | INFO | epoch=052 train_batch=220/435 running_loss=0.041706
2026-08-19 19:48:47 | INFO | epoch=052 train_batch=230/435 running_loss=0.041611
2026-08-19 19:48:47 | INFO | epoch=052 train_batch=240/435 running_loss=0.041588
2026-08-19 19:48:48 | INFO | epoch=052 train_batch=250/435 running_loss=0.041529
2026-08-19 19:48:48 | INFO | epoch=052 train_batch=260/435 running_loss=0.041413
2026-08-19 19:48:48 | INFO | epoch=052 train_batch=270/435 running_loss=0.041508
2026-08-19 19:48:48 | INFO | epoch=052 train_batch=280/435 running_loss=0.041429
2026-08-19 19:48:49 | INFO | epoch=052 train_batch=290/435 running_loss=0.041446
2026-08-19 19:48:49 | INFO | epoch=052 train_batch=300/435 running_loss=0.041336
2026-08-19 19:48:49 | INFO | epoch=052 train_batch=310/435 running_loss=0.041270
2026-08-19 19:48:49 | INFO | epoch=052 train_batch=320/435 running_loss=0.041268
2026-08-19 19:48:49 | INFO | epoch=052 train_batch=330/435 running_loss=0.041210
2026-08-19 19:48:50 | INFO | epoch=052 train_batch=340/435 running_loss=0.041192
2026-08-19 19:48:50 | INFO | epoch=052 train_batch=350/435 running_loss=0.041125
2026-08-19 19:48:50 | INFO | epoch=052 train_batch=360/435 running_loss=0.041058
2026-08-19 19:48:50 | INFO | epoch=052 train_batch=370/435 running_loss=0.041063
2026-08-19 19:48:51 | INFO | epoch=052 train_batch=380/435 running_loss=0.041022
2026-08-19 19:48:51 | INFO | epoch=052 train_batch=390/435 running_loss=0.041001
2026-08-19 19:48:51 | INFO | epoch=052 train_batch=400/435 running_loss=0.040932
2026-08-19 19:48:51 | INFO | epoch=052 train_batch=410/435 running_loss=0.040924
2026-08-19 19:48:52 | INFO | epoch=052 train_batch=420/435 running_loss=0.040840
2026-08-19 19:48:52 | INFO | epoch=052 train_batch=430/435 running_loss=0.040838
2026-08-19 19:48:52 | INFO | epoch=052 train_batch=435/435 running_loss=0.040777
2026-08-19 19:48:52 | INFO | epoch=052 train_loss=0.040777 validation_loss=0.126829
2026-08-19 19:48:52 | INFO | epoch=053 train_batch=10/435 running_loss=0.038129
2026-08-19 19:48:53 | INFO | epoch=053 train_batch=20/435 running_loss=0.038843
2026-08-19 19:48:53 | INFO | epoch=053 train_batch=30/435 running_loss=0.038875
2026-08-19 19:48:53 | INFO | epoch=053 train_batch=40/435 running_loss=0.038589
2026-08-19 19:48:53 | INFO | epoch=053 train_batch=50/435 running_loss=0.038877
2026-08-19 19:48:54 | INFO | epoch=053 train_batch=60/435 running_loss=0.039206
2026-08-19 19:48:54 | INFO | epoch=053 train_batch=70/435 running_loss=0.039088
2026-08-19 19:48:54 | INFO | epoch=053 train_batch=80/435 running_loss=0.039433
2026-08-19 19:48:54 | INFO | epoch=053 train_batch=90/435 running_loss=0.039589
2026-08-19 19:48:55 | INFO | epoch=053 train_batch=100/435 running_loss=0.039603
2026-08-19 19:48:55 | INFO | epoch=053 train_batch=110/435 running_loss=0.039674
2026-08-19 19:48:55 | INFO | epoch=053 train_batch=120/435 running_loss=0.039695
2026-08-19 19:48:55 | INFO | epoch=053 train_batch=130/435 running_loss=0.039560
2026-08-19 19:48:55 | INFO | epoch=053 train_batch=140/435 running_loss=0.039794
2026-08-19 19:48:56 | INFO | epoch=053 train_batch=150/435 running_loss=0.039762
2026-08-19 19:48:56 | INFO | epoch=053 train_batch=160/435 running_loss=0.039968
2026-08-19 19:48:56 | INFO | epoch=053 train_batch=170/435 running_loss=0.039967
2026-08-19 19:48:56 | INFO | epoch=053 train_batch=180/435 running_loss=0.039997
2026-08-19 19:48:57 | INFO | epoch=053 train_batch=190/435 running_loss=0.040313
2026-08-19 19:48:57 | INFO | epoch=053 train_batch=200/435 running_loss=0.040304
2026-08-19 19:48:57 | INFO | epoch=053 train_batch=210/435 running_loss=0.040449
2026-08-19 19:48:57 | INFO | epoch=053 train_batch=220/435 running_loss=0.040220
2026-08-19 19:48:58 | INFO | epoch=053 train_batch=230/435 running_loss=0.040345
2026-08-19 19:48:58 | INFO | epoch=053 train_batch=240/435 running_loss=0.040244
2026-08-19 19:48:58 | INFO | epoch=053 train_batch=250/435 running_loss=0.040133
2026-08-19 19:48:58 | INFO | epoch=053 train_batch=260/435 running_loss=0.040261
2026-08-19 19:48:59 | INFO | epoch=053 train_batch=270/435 running_loss=0.040242
2026-08-19 19:48:59 | INFO | epoch=053 train_batch=280/435 running_loss=0.040210
2026-08-19 19:48:59 | INFO | epoch=053 train_batch=290/435 running_loss=0.040272
2026-08-19 19:48:59 | INFO | epoch=053 train_batch=300/435 running_loss=0.040275
2026-08-19 19:49:00 | INFO | epoch=053 train_batch=310/435 running_loss=0.040330
2026-08-19 19:49:00 | INFO | epoch=053 train_batch=320/435 running_loss=0.040293
2026-08-19 19:49:00 | INFO | epoch=053 train_batch=330/435 running_loss=0.040278
2026-08-19 19:49:00 | INFO | epoch=053 train_batch=340/435 running_loss=0.040260
2026-08-19 19:49:01 | INFO | epoch=053 train_batch=350/435 running_loss=0.040271
2026-08-19 19:49:01 | INFO | epoch=053 train_batch=360/435 running_loss=0.040283
2026-08-19 19:49:01 | INFO | epoch=053 train_batch=370/435 running_loss=0.040366
2026-08-19 19:49:01 | INFO | epoch=053 train_batch=380/435 running_loss=0.040298
2026-08-19 19:49:02 | INFO | epoch=053 train_batch=390/435 running_loss=0.040333
2026-08-19 19:49:02 | INFO | epoch=053 train_batch=400/435 running_loss=0.040397
2026-08-19 19:49:02 | INFO | epoch=053 train_batch=410/435 running_loss=0.040481
2026-08-19 19:49:02 | INFO | epoch=053 train_batch=420/435 running_loss=0.040497
2026-08-19 19:49:03 | INFO | epoch=053 train_batch=430/435 running_loss=0.040471
2026-08-19 19:49:03 | INFO | epoch=053 train_batch=435/435 running_loss=0.040487
2026-08-19 19:49:03 | INFO | epoch=053 train_loss=0.040487 validation_loss=0.121319
2026-08-19 19:49:03 | INFO | epoch=054 train_batch=10/435 running_loss=0.039537
2026-08-19 19:49:03 | INFO | epoch=054 train_batch=20/435 running_loss=0.039990
2026-08-19 19:49:04 | INFO | epoch=054 train_batch=30/435 running_loss=0.040118
2026-08-19 19:49:04 | INFO | epoch=054 train_batch=40/435 running_loss=0.040028
2026-08-19 19:49:04 | INFO | epoch=054 train_batch=50/435 running_loss=0.040004
2026-08-19 19:49:04 | INFO | epoch=054 train_batch=60/435 running_loss=0.040085
2026-08-19 19:49:05 | INFO | epoch=054 train_batch=70/435 running_loss=0.040254
2026-08-19 19:49:05 | INFO | epoch=054 train_batch=80/435 running_loss=0.040231
2026-08-19 19:49:05 | INFO | epoch=054 train_batch=90/435 running_loss=0.040214
2026-08-19 19:49:05 | INFO | epoch=054 train_batch=100/435 running_loss=0.040440
2026-08-19 19:49:06 | INFO | epoch=054 train_batch=110/435 running_loss=0.040347
2026-08-19 19:49:06 | INFO | epoch=054 train_batch=120/435 running_loss=0.040393
2026-08-19 19:49:06 | INFO | epoch=054 train_batch=130/435 running_loss=0.040256
2026-08-19 19:49:06 | INFO | epoch=054 train_batch=140/435 running_loss=0.040242
2026-08-19 19:49:07 | INFO | epoch=054 train_batch=150/435 running_loss=0.040268
2026-08-19 19:49:07 | INFO | epoch=054 train_batch=160/435 running_loss=0.040415
2026-08-19 19:49:07 | INFO | epoch=054 train_batch=170/435 running_loss=0.040446
2026-08-19 19:49:07 | INFO | epoch=054 train_batch=180/435 running_loss=0.040387
2026-08-19 19:49:08 | INFO | epoch=054 train_batch=190/435 running_loss=0.040278
2026-08-19 19:49:08 | INFO | epoch=054 train_batch=200/435 running_loss=0.040279
2026-08-19 19:49:08 | INFO | epoch=054 train_batch=210/435 running_loss=0.040282
2026-08-19 19:49:08 | INFO | epoch=054 train_batch=220/435 running_loss=0.040390
2026-08-19 19:49:09 | INFO | epoch=054 train_batch=230/435 running_loss=0.040334
2026-08-19 19:49:09 | INFO | epoch=054 train_batch=240/435 running_loss=0.040243
2026-08-19 19:49:09 | INFO | epoch=054 train_batch=250/435 running_loss=0.040228
2026-08-19 19:49:09 | INFO | epoch=054 train_batch=260/435 running_loss=0.040261
2026-08-19 19:49:10 | INFO | epoch=054 train_batch=270/435 running_loss=0.040249
2026-08-19 19:49:10 | INFO | epoch=054 train_batch=280/435 running_loss=0.040236
2026-08-19 19:49:10 | INFO | epoch=054 train_batch=290/435 running_loss=0.040289
2026-08-19 19:49:10 | INFO | epoch=054 train_batch=300/435 running_loss=0.040315
2026-08-19 19:49:11 | INFO | epoch=054 train_batch=310/435 running_loss=0.040290
2026-08-19 19:49:11 | INFO | epoch=054 train_batch=320/435 running_loss=0.040265
2026-08-19 19:49:11 | INFO | epoch=054 train_batch=330/435 running_loss=0.040200
2026-08-19 19:49:12 | INFO | epoch=054 train_batch=340/435 running_loss=0.040262
2026-08-19 19:49:12 | INFO | epoch=054 train_batch=350/435 running_loss=0.040292
2026-08-19 19:49:12 | INFO | epoch=054 train_batch=360/435 running_loss=0.040304
2026-08-19 19:49:12 | INFO | epoch=054 train_batch=370/435 running_loss=0.040299
2026-08-19 19:49:13 | INFO | epoch=054 train_batch=380/435 running_loss=0.040312
2026-08-19 19:49:13 | INFO | epoch=054 train_batch=390/435 running_loss=0.040277
2026-08-19 19:49:13 | INFO | epoch=054 train_batch=400/435 running_loss=0.040342
2026-08-19 19:49:13 | INFO | epoch=054 train_batch=410/435 running_loss=0.040366
2026-08-19 19:49:14 | INFO | epoch=054 train_batch=420/435 running_loss=0.040371
2026-08-19 19:49:14 | INFO | epoch=054 train_batch=430/435 running_loss=0.040400
2026-08-19 19:49:14 | INFO | epoch=054 train_batch=435/435 running_loss=0.040390
2026-08-19 19:49:14 | INFO | epoch=054 train_loss=0.040390 validation_loss=0.118892
2026-08-19 19:49:14 | INFO | epoch=055 train_batch=10/435 running_loss=0.039139
2026-08-19 19:49:15 | INFO | epoch=055 train_batch=20/435 running_loss=0.038044
2026-08-19 19:49:15 | INFO | epoch=055 train_batch=30/435 running_loss=0.039021
2026-08-19 19:49:15 | INFO | epoch=055 train_batch=40/435 running_loss=0.039559
2026-08-19 19:49:15 | INFO | epoch=055 train_batch=50/435 running_loss=0.039952
2026-08-19 19:49:16 | INFO | epoch=055 train_batch=60/435 running_loss=0.039819
2026-08-19 19:49:16 | INFO | epoch=055 train_batch=70/435 running_loss=0.039682
2026-08-19 19:49:16 | INFO | epoch=055 train_batch=80/435 running_loss=0.039595
2026-08-19 19:49:17 | INFO | epoch=055 train_batch=90/435 running_loss=0.039945
2026-08-19 19:49:17 | INFO | epoch=055 train_batch=100/435 running_loss=0.039747
2026-08-19 19:49:17 | INFO | epoch=055 train_batch=110/435 running_loss=0.039936
2026-08-19 19:49:17 | INFO | epoch=055 train_batch=120/435 running_loss=0.040053
2026-08-19 19:49:18 | INFO | epoch=055 train_batch=130/435 running_loss=0.040146
2026-08-19 19:49:18 | INFO | epoch=055 train_batch=140/435 running_loss=0.040374
2026-08-19 19:49:18 | INFO | epoch=055 train_batch=150/435 running_loss=0.040578
2026-08-19 19:49:18 | INFO | epoch=055 train_batch=160/435 running_loss=0.040516
2026-08-19 19:49:19 | INFO | epoch=055 train_batch=170/435 running_loss=0.040571
2026-08-19 19:49:19 | INFO | epoch=055 train_batch=180/435 running_loss=0.040570
2026-08-19 19:49:19 | INFO | epoch=055 train_batch=190/435 running_loss=0.040552
2026-08-19 19:49:19 | INFO | epoch=055 train_batch=200/435 running_loss=0.040485
2026-08-19 19:49:20 | INFO | epoch=055 train_batch=210/435 running_loss=0.040362
2026-08-19 19:49:20 | INFO | epoch=055 train_batch=220/435 running_loss=0.040284
2026-08-19 19:49:20 | INFO | epoch=055 train_batch=230/435 running_loss=0.040270
2026-08-19 19:49:20 | INFO | epoch=055 train_batch=240/435 running_loss=0.040215
2026-08-19 19:49:21 | INFO | epoch=055 train_batch=250/435 running_loss=0.040159
2026-08-19 19:49:21 | INFO | epoch=055 train_batch=260/435 running_loss=0.040131
2026-08-19 19:49:21 | INFO | epoch=055 train_batch=270/435 running_loss=0.040033
2026-08-19 19:49:21 | INFO | epoch=055 train_batch=280/435 running_loss=0.040014
2026-08-19 19:49:22 | INFO | epoch=055 train_batch=290/435 running_loss=0.039915
2026-08-19 19:49:22 | INFO | epoch=055 train_batch=300/435 running_loss=0.039930
2026-08-19 19:49:22 | INFO | epoch=055 train_batch=310/435 running_loss=0.039948
2026-08-19 19:49:22 | INFO | epoch=055 train_batch=320/435 running_loss=0.039820
2026-08-19 19:49:23 | INFO | epoch=055 train_batch=330/435 running_loss=0.039813
2026-08-19 19:49:23 | INFO | epoch=055 train_batch=340/435 running_loss=0.039788
2026-08-19 19:49:23 | INFO | epoch=055 train_batch=350/435 running_loss=0.039893
2026-08-19 19:49:23 | INFO | epoch=055 train_batch=360/435 running_loss=0.039910
2026-08-19 19:49:24 | INFO | epoch=055 train_batch=370/435 running_loss=0.039948
2026-08-19 19:49:24 | INFO | epoch=055 train_batch=380/435 running_loss=0.039907
2026-08-19 19:49:24 | INFO | epoch=055 train_batch=390/435 running_loss=0.039879
2026-08-19 19:49:24 | INFO | epoch=055 train_batch=400/435 running_loss=0.039891
2026-08-19 19:49:25 | INFO | epoch=055 train_batch=410/435 running_loss=0.040010
2026-08-19 19:49:25 | INFO | epoch=055 train_batch=420/435 running_loss=0.040087
2026-08-19 19:49:25 | INFO | epoch=055 train_batch=430/435 running_loss=0.040113
2026-08-19 19:49:25 | INFO | epoch=055 train_batch=435/435 running_loss=0.040106
2026-08-19 19:49:25 | INFO | epoch=055 train_loss=0.040106 validation_loss=0.121359
2026-08-19 19:49:26 | INFO | epoch=056 train_batch=10/435 running_loss=0.041780
2026-08-19 19:49:26 | INFO | epoch=056 train_batch=20/435 running_loss=0.038851
2026-08-19 19:49:26 | INFO | epoch=056 train_batch=30/435 running_loss=0.038082
2026-08-19 19:49:27 | INFO | epoch=056 train_batch=40/435 running_loss=0.038168
2026-08-19 19:49:27 | INFO | epoch=056 train_batch=50/435 running_loss=0.038520
2026-08-19 19:49:27 | INFO | epoch=056 train_batch=60/435 running_loss=0.038674
2026-08-19 19:49:27 | INFO | epoch=056 train_batch=70/435 running_loss=0.038345
2026-08-19 19:49:28 | INFO | epoch=056 train_batch=80/435 running_loss=0.039031
2026-08-19 19:49:28 | INFO | epoch=056 train_batch=90/435 running_loss=0.039457
2026-08-19 19:49:28 | INFO | epoch=056 train_batch=100/435 running_loss=0.039498
2026-08-19 19:49:28 | INFO | epoch=056 train_batch=110/435 running_loss=0.039509
2026-08-19 19:49:29 | INFO | epoch=056 train_batch=120/435 running_loss=0.039526
2026-08-19 19:49:29 | INFO | epoch=056 train_batch=130/435 running_loss=0.039980
2026-08-19 19:49:29 | INFO | epoch=056 train_batch=140/435 running_loss=0.040048
2026-08-19 19:49:29 | INFO | epoch=056 train_batch=150/435 running_loss=0.040118
2026-08-19 19:49:30 | INFO | epoch=056 train_batch=160/435 running_loss=0.040115
2026-08-19 19:49:30 | INFO | epoch=056 train_batch=170/435 running_loss=0.040172
2026-08-19 19:49:30 | INFO | epoch=056 train_batch=180/435 running_loss=0.040161
2026-08-19 19:49:30 | INFO | epoch=056 train_batch=190/435 running_loss=0.040219
2026-08-19 19:49:31 | INFO | epoch=056 train_batch=200/435 running_loss=0.040301
2026-08-19 19:49:31 | INFO | epoch=056 train_batch=210/435 running_loss=0.040308
2026-08-19 19:49:31 | INFO | epoch=056 train_batch=220/435 running_loss=0.040467
2026-08-19 19:49:31 | INFO | epoch=056 train_batch=230/435 running_loss=0.040545
2026-08-19 19:49:32 | INFO | epoch=056 train_batch=240/435 running_loss=0.040675
2026-08-19 19:49:32 | INFO | epoch=056 train_batch=250/435 running_loss=0.040631
2026-08-19 19:49:32 | INFO | epoch=056 train_batch=260/435 running_loss=0.040600
2026-08-19 19:49:32 | INFO | epoch=056 train_batch=270/435 running_loss=0.040469
2026-08-19 19:49:33 | INFO | epoch=056 train_batch=280/435 running_loss=0.040469
2026-08-19 19:49:33 | INFO | epoch=056 train_batch=290/435 running_loss=0.040534
2026-08-19 19:49:33 | INFO | epoch=056 train_batch=300/435 running_loss=0.040555
2026-08-19 19:49:33 | INFO | epoch=056 train_batch=310/435 running_loss=0.040522
2026-08-19 19:49:34 | INFO | epoch=056 train_batch=320/435 running_loss=0.040415
2026-08-19 19:49:34 | INFO | epoch=056 train_batch=330/435 running_loss=0.040410
2026-08-19 19:49:34 | INFO | epoch=056 train_batch=340/435 running_loss=0.040357
2026-08-19 19:49:34 | INFO | epoch=056 train_batch=350/435 running_loss=0.040441
2026-08-19 19:49:35 | INFO | epoch=056 train_batch=360/435 running_loss=0.040430
2026-08-19 19:49:35 | INFO | epoch=056 train_batch=370/435 running_loss=0.040467
2026-08-19 19:49:35 | INFO | epoch=056 train_batch=380/435 running_loss=0.040385
2026-08-19 19:49:35 | INFO | epoch=056 train_batch=390/435 running_loss=0.040442
2026-08-19 19:49:36 | INFO | epoch=056 train_batch=400/435 running_loss=0.040377
2026-08-19 19:49:36 | INFO | epoch=056 train_batch=410/435 running_loss=0.040367
2026-08-19 19:49:36 | INFO | epoch=056 train_batch=420/435 running_loss=0.040366
2026-08-19 19:49:36 | INFO | epoch=056 train_batch=430/435 running_loss=0.040424
2026-08-19 19:49:37 | INFO | epoch=056 train_batch=435/435 running_loss=0.040391
2026-08-19 19:49:37 | INFO | epoch=056 train_loss=0.040391 validation_loss=0.123328
2026-08-19 19:49:37 | INFO | epoch=057 train_batch=10/435 running_loss=0.038830
2026-08-19 19:49:37 | INFO | epoch=057 train_batch=20/435 running_loss=0.039250
2026-08-19 19:49:38 | INFO | epoch=057 train_batch=30/435 running_loss=0.040502
2026-08-19 19:49:38 | INFO | epoch=057 train_batch=40/435 running_loss=0.040269
2026-08-19 19:49:38 | INFO | epoch=057 train_batch=50/435 running_loss=0.040217
2026-08-19 19:49:38 | INFO | epoch=057 train_batch=60/435 running_loss=0.040284
2026-08-19 19:49:39 | INFO | epoch=057 train_batch=70/435 running_loss=0.040446
2026-08-19 19:49:39 | INFO | epoch=057 train_batch=80/435 running_loss=0.040584
2026-08-19 19:49:39 | INFO | epoch=057 train_batch=90/435 running_loss=0.040664
2026-08-19 19:49:39 | INFO | epoch=057 train_batch=100/435 running_loss=0.040981
2026-08-19 19:49:40 | INFO | epoch=057 train_batch=110/435 running_loss=0.040622
2026-08-19 19:49:40 | INFO | epoch=057 train_batch=120/435 running_loss=0.040567
2026-08-19 19:49:40 | INFO | epoch=057 train_batch=130/435 running_loss=0.040347
2026-08-19 19:49:40 | INFO | epoch=057 train_batch=140/435 running_loss=0.040494
2026-08-19 19:49:41 | INFO | epoch=057 train_batch=150/435 running_loss=0.040625
2026-08-19 19:49:41 | INFO | epoch=057 train_batch=160/435 running_loss=0.040424
2026-08-19 19:49:41 | INFO | epoch=057 train_batch=170/435 running_loss=0.040358
2026-08-19 19:49:41 | INFO | epoch=057 train_batch=180/435 running_loss=0.040478
2026-08-19 19:49:42 | INFO | epoch=057 train_batch=190/435 running_loss=0.040321
2026-08-19 19:49:42 | INFO | epoch=057 train_batch=200/435 running_loss=0.040370
2026-08-19 19:49:42 | INFO | epoch=057 train_batch=210/435 running_loss=0.040425
2026-08-19 19:49:42 | INFO | epoch=057 train_batch=220/435 running_loss=0.040310
2026-08-19 19:49:43 | INFO | epoch=057 train_batch=230/435 running_loss=0.040193
2026-08-19 19:49:43 | INFO | epoch=057 train_batch=240/435 running_loss=0.040257
2026-08-19 19:49:43 | INFO | epoch=057 train_batch=250/435 running_loss=0.040235
2026-08-19 19:49:43 | INFO | epoch=057 train_batch=260/435 running_loss=0.040207
2026-08-19 19:49:44 | INFO | epoch=057 train_batch=270/435 running_loss=0.040136
2026-08-19 19:49:44 | INFO | epoch=057 train_batch=280/435 running_loss=0.040168
2026-08-19 19:49:44 | INFO | epoch=057 train_batch=290/435 running_loss=0.040094
2026-08-19 19:49:44 | INFO | epoch=057 train_batch=300/435 running_loss=0.040168
2026-08-19 19:49:45 | INFO | epoch=057 train_batch=310/435 running_loss=0.040231
2026-08-19 19:49:45 | INFO | epoch=057 train_batch=320/435 running_loss=0.040199
2026-08-19 19:49:45 | INFO | epoch=057 train_batch=330/435 running_loss=0.040196
2026-08-19 19:49:45 | INFO | epoch=057 train_batch=340/435 running_loss=0.040195
2026-08-19 19:49:46 | INFO | epoch=057 train_batch=350/435 running_loss=0.040257
2026-08-19 19:49:46 | INFO | epoch=057 train_batch=360/435 running_loss=0.040302
2026-08-19 19:49:46 | INFO | epoch=057 train_batch=370/435 running_loss=0.040247
2026-08-19 19:49:46 | INFO | epoch=057 train_batch=380/435 running_loss=0.040188
2026-08-19 19:49:47 | INFO | epoch=057 train_batch=390/435 running_loss=0.040177
2026-08-19 19:49:47 | INFO | epoch=057 train_batch=400/435 running_loss=0.040156
2026-08-19 19:49:47 | INFO | epoch=057 train_batch=410/435 running_loss=0.040143
2026-08-19 19:49:47 | INFO | epoch=057 train_batch=420/435 running_loss=0.040067
2026-08-19 19:49:48 | INFO | epoch=057 train_batch=430/435 running_loss=0.040038
2026-08-19 19:49:48 | INFO | epoch=057 train_batch=435/435 running_loss=0.040025
2026-08-19 19:49:48 | INFO | epoch=057 train_loss=0.040025 validation_loss=0.122581
2026-08-19 19:49:48 | INFO | epoch=058 train_batch=10/435 running_loss=0.041954
2026-08-19 19:49:49 | INFO | epoch=058 train_batch=20/435 running_loss=0.041919
2026-08-19 19:49:49 | INFO | epoch=058 train_batch=30/435 running_loss=0.041797
2026-08-19 19:49:49 | INFO | epoch=058 train_batch=40/435 running_loss=0.041362
2026-08-19 19:49:49 | INFO | epoch=058 train_batch=50/435 running_loss=0.041382
2026-08-19 19:49:50 | INFO | epoch=058 train_batch=60/435 running_loss=0.040879
2026-08-19 19:49:50 | INFO | epoch=058 train_batch=70/435 running_loss=0.040243
2026-08-19 19:49:50 | INFO | epoch=058 train_batch=80/435 running_loss=0.040092
2026-08-19 19:49:50 | INFO | epoch=058 train_batch=90/435 running_loss=0.039760
2026-08-19 19:49:51 | INFO | epoch=058 train_batch=100/435 running_loss=0.039573
2026-08-19 19:49:51 | INFO | epoch=058 train_batch=110/435 running_loss=0.039855
2026-08-19 19:49:51 | INFO | epoch=058 train_batch=120/435 running_loss=0.039864
2026-08-19 19:49:51 | INFO | epoch=058 train_batch=130/435 running_loss=0.040068
2026-08-19 19:49:52 | INFO | epoch=058 train_batch=140/435 running_loss=0.040152
2026-08-19 19:49:52 | INFO | epoch=058 train_batch=150/435 running_loss=0.040046
2026-08-19 19:49:52 | INFO | epoch=058 train_batch=160/435 running_loss=0.039892
2026-08-19 19:49:52 | INFO | epoch=058 train_batch=170/435 running_loss=0.039871
2026-08-19 19:49:53 | INFO | epoch=058 train_batch=180/435 running_loss=0.039785
2026-08-19 19:49:53 | INFO | epoch=058 train_batch=190/435 running_loss=0.039695
2026-08-19 19:49:53 | INFO | epoch=058 train_batch=200/435 running_loss=0.039767
2026-08-19 19:49:53 | INFO | epoch=058 train_batch=210/435 running_loss=0.039835
2026-08-19 19:49:54 | INFO | epoch=058 train_batch=220/435 running_loss=0.039780
2026-08-19 19:49:54 | INFO | epoch=058 train_batch=230/435 running_loss=0.039742
2026-08-19 19:49:54 | INFO | epoch=058 train_batch=240/435 running_loss=0.039766
2026-08-19 19:49:54 | INFO | epoch=058 train_batch=250/435 running_loss=0.039833
2026-08-19 19:49:55 | INFO | epoch=058 train_batch=260/435 running_loss=0.039743
2026-08-19 19:49:55 | INFO | epoch=058 train_batch=270/435 running_loss=0.039736
2026-08-19 19:49:55 | INFO | epoch=058 train_batch=280/435 running_loss=0.039653
2026-08-19 19:49:55 | INFO | epoch=058 train_batch=290/435 running_loss=0.039551
2026-08-19 19:49:56 | INFO | epoch=058 train_batch=300/435 running_loss=0.039547
2026-08-19 19:49:56 | INFO | epoch=058 train_batch=310/435 running_loss=0.039699
2026-08-19 19:49:56 | INFO | epoch=058 train_batch=320/435 running_loss=0.039654
2026-08-19 19:49:56 | INFO | epoch=058 train_batch=330/435 running_loss=0.039673
2026-08-19 19:49:57 | INFO | epoch=058 train_batch=340/435 running_loss=0.039643
2026-08-19 19:49:57 | INFO | epoch=058 train_batch=350/435 running_loss=0.039603
2026-08-19 19:49:57 | INFO | epoch=058 train_batch=360/435 running_loss=0.039543
2026-08-19 19:49:57 | INFO | epoch=058 train_batch=370/435 running_loss=0.039619
2026-08-19 19:49:58 | INFO | epoch=058 train_batch=380/435 running_loss=0.039755
2026-08-19 19:49:58 | INFO | epoch=058 train_batch=390/435 running_loss=0.039738
2026-08-19 19:49:58 | INFO | epoch=058 train_batch=400/435 running_loss=0.039746
2026-08-19 19:49:58 | INFO | epoch=058 train_batch=410/435 running_loss=0.039664
2026-08-19 19:49:59 | INFO | epoch=058 train_batch=420/435 running_loss=0.039709
2026-08-19 19:49:59 | INFO | epoch=058 train_batch=430/435 running_loss=0.039733
2026-08-19 19:49:59 | INFO | epoch=058 train_batch=435/435 running_loss=0.039686
2026-08-19 19:49:59 | INFO | epoch=058 train_loss=0.039686 validation_loss=0.121434
2026-08-19 19:49:59 | INFO | epoch=059 train_batch=10/435 running_loss=0.040290
2026-08-19 19:50:00 | INFO | epoch=059 train_batch=20/435 running_loss=0.040217
2026-08-19 19:50:00 | INFO | epoch=059 train_batch=30/435 running_loss=0.038870
2026-08-19 19:50:00 | INFO | epoch=059 train_batch=40/435 running_loss=0.039282
2026-08-19 19:50:00 | INFO | epoch=059 train_batch=50/435 running_loss=0.039575
2026-08-19 19:50:01 | INFO | epoch=059 train_batch=60/435 running_loss=0.039150
2026-08-19 19:50:01 | INFO | epoch=059 train_batch=70/435 running_loss=0.039807
2026-08-19 19:50:01 | INFO | epoch=059 train_batch=80/435 running_loss=0.039620
2026-08-19 19:50:01 | INFO | epoch=059 train_batch=90/435 running_loss=0.039374
2026-08-19 19:50:02 | INFO | epoch=059 train_batch=100/435 running_loss=0.039288
2026-08-19 19:50:02 | INFO | epoch=059 train_batch=110/435 running_loss=0.039440
2026-08-19 19:50:02 | INFO | epoch=059 train_batch=120/435 running_loss=0.039289
2026-08-19 19:50:02 | INFO | epoch=059 train_batch=130/435 running_loss=0.039189
2026-08-19 19:50:03 | INFO | epoch=059 train_batch=140/435 running_loss=0.039121
2026-08-19 19:50:03 | INFO | epoch=059 train_batch=150/435 running_loss=0.039183
2026-08-19 19:50:03 | INFO | epoch=059 train_batch=160/435 running_loss=0.039224
2026-08-19 19:50:03 | INFO | epoch=059 train_batch=170/435 running_loss=0.039336
2026-08-19 19:50:04 | INFO | epoch=059 train_batch=180/435 running_loss=0.039390
2026-08-19 19:50:04 | INFO | epoch=059 train_batch=190/435 running_loss=0.039567
2026-08-19 19:50:04 | INFO | epoch=059 train_batch=200/435 running_loss=0.039591
2026-08-19 19:50:04 | INFO | epoch=059 train_batch=210/435 running_loss=0.039746
2026-08-19 19:50:04 | INFO | epoch=059 train_batch=220/435 running_loss=0.039637
2026-08-19 19:50:05 | INFO | epoch=059 train_batch=230/435 running_loss=0.039710
2026-08-19 19:50:05 | INFO | epoch=059 train_batch=240/435 running_loss=0.039637
2026-08-19 19:50:05 | INFO | epoch=059 train_batch=250/435 running_loss=0.039557
2026-08-19 19:50:05 | INFO | epoch=059 train_batch=260/435 running_loss=0.039486
2026-08-19 19:50:06 | INFO | epoch=059 train_batch=270/435 running_loss=0.039493
2026-08-19 19:50:06 | INFO | epoch=059 train_batch=280/435 running_loss=0.039416
2026-08-19 19:50:06 | INFO | epoch=059 train_batch=290/435 running_loss=0.039423
2026-08-19 19:50:06 | INFO | epoch=059 train_batch=300/435 running_loss=0.039277
2026-08-19 19:50:07 | INFO | epoch=059 train_batch=310/435 running_loss=0.039297
2026-08-19 19:50:07 | INFO | epoch=059 train_batch=320/435 running_loss=0.039335
2026-08-19 19:50:07 | INFO | epoch=059 train_batch=330/435 running_loss=0.039263
2026-08-19 19:50:07 | INFO | epoch=059 train_batch=340/435 running_loss=0.039291
2026-08-19 19:50:08 | INFO | epoch=059 train_batch=350/435 running_loss=0.039333
2026-08-19 19:50:08 | INFO | epoch=059 train_batch=360/435 running_loss=0.039327
2026-08-19 19:50:08 | INFO | epoch=059 train_batch=370/435 running_loss=0.039341
2026-08-19 19:50:08 | INFO | epoch=059 train_batch=380/435 running_loss=0.039423
2026-08-19 19:50:09 | INFO | epoch=059 train_batch=390/435 running_loss=0.039485
2026-08-19 19:50:09 | INFO | epoch=059 train_batch=400/435 running_loss=0.039540
2026-08-19 19:50:09 | INFO | epoch=059 train_batch=410/435 running_loss=0.039591
2026-08-19 19:50:09 | INFO | epoch=059 train_batch=420/435 running_loss=0.039633
2026-08-19 19:50:10 | INFO | epoch=059 train_batch=430/435 running_loss=0.039678
2026-08-19 19:50:10 | INFO | epoch=059 train_batch=435/435 running_loss=0.039640
2026-08-19 19:50:10 | INFO | epoch=059 train_loss=0.039640 validation_loss=0.123188
2026-08-19 19:50:10 | INFO | epoch=060 train_batch=10/435 running_loss=0.041948
2026-08-19 19:50:10 | INFO | epoch=060 train_batch=20/435 running_loss=0.038723
2026-08-19 19:50:11 | INFO | epoch=060 train_batch=30/435 running_loss=0.038028
2026-08-19 19:50:11 | INFO | epoch=060 train_batch=40/435 running_loss=0.038365
2026-08-19 19:50:11 | INFO | epoch=060 train_batch=50/435 running_loss=0.038203
2026-08-19 19:50:11 | INFO | epoch=060 train_batch=60/435 running_loss=0.038056
2026-08-19 19:50:12 | INFO | epoch=060 train_batch=70/435 running_loss=0.038307
2026-08-19 19:50:12 | INFO | epoch=060 train_batch=80/435 running_loss=0.038136
2026-08-19 19:50:12 | INFO | epoch=060 train_batch=90/435 running_loss=0.038318
2026-08-19 19:50:12 | INFO | epoch=060 train_batch=100/435 running_loss=0.038362
2026-08-19 19:50:13 | INFO | epoch=060 train_batch=110/435 running_loss=0.038597
2026-08-19 19:50:13 | INFO | epoch=060 train_batch=120/435 running_loss=0.038564
2026-08-19 19:50:13 | INFO | epoch=060 train_batch=130/435 running_loss=0.038400
2026-08-19 19:50:13 | INFO | epoch=060 train_batch=140/435 running_loss=0.038682
2026-08-19 19:50:14 | INFO | epoch=060 train_batch=150/435 running_loss=0.038501
2026-08-19 19:50:14 | INFO | epoch=060 train_batch=160/435 running_loss=0.038702
2026-08-19 19:50:14 | INFO | epoch=060 train_batch=170/435 running_loss=0.038776
2026-08-19 19:50:14 | INFO | epoch=060 train_batch=180/435 running_loss=0.038896
2026-08-19 19:50:14 | INFO | epoch=060 train_batch=190/435 running_loss=0.039073
2026-08-19 19:50:15 | INFO | epoch=060 train_batch=200/435 running_loss=0.039045
2026-08-19 19:50:15 | INFO | epoch=060 train_batch=210/435 running_loss=0.039137
2026-08-19 19:50:15 | INFO | epoch=060 train_batch=220/435 running_loss=0.039140
2026-08-19 19:50:15 | INFO | epoch=060 train_batch=230/435 running_loss=0.039304
2026-08-19 19:50:16 | INFO | epoch=060 train_batch=240/435 running_loss=0.039236
2026-08-19 19:50:16 | INFO | epoch=060 train_batch=250/435 running_loss=0.039268
2026-08-19 19:50:16 | INFO | epoch=060 train_batch=260/435 running_loss=0.039182
2026-08-19 19:50:16 | INFO | epoch=060 train_batch=270/435 running_loss=0.039213
2026-08-19 19:50:17 | INFO | epoch=060 train_batch=280/435 running_loss=0.039240
2026-08-19 19:50:17 | INFO | epoch=060 train_batch=290/435 running_loss=0.039332
2026-08-19 19:50:17 | INFO | epoch=060 train_batch=300/435 running_loss=0.039384
2026-08-19 19:50:17 | INFO | epoch=060 train_batch=310/435 running_loss=0.039333
2026-08-19 19:50:18 | INFO | epoch=060 train_batch=320/435 running_loss=0.039407
2026-08-19 19:50:18 | INFO | epoch=060 train_batch=330/435 running_loss=0.039473
2026-08-19 19:50:18 | INFO | epoch=060 train_batch=340/435 running_loss=0.039434
2026-08-19 19:50:18 | INFO | epoch=060 train_batch=350/435 running_loss=0.039458
2026-08-19 19:50:19 | INFO | epoch=060 train_batch=360/435 running_loss=0.039554
2026-08-19 19:50:19 | INFO | epoch=060 train_batch=370/435 running_loss=0.039528
2026-08-19 19:50:19 | INFO | epoch=060 train_batch=380/435 running_loss=0.039526
2026-08-19 19:50:19 | INFO | epoch=060 train_batch=390/435 running_loss=0.039538
2026-08-19 19:50:19 | INFO | epoch=060 train_batch=400/435 running_loss=0.039539
2026-08-19 19:50:20 | INFO | epoch=060 train_batch=410/435 running_loss=0.039530
2026-08-19 19:50:20 | INFO | epoch=060 train_batch=420/435 running_loss=0.039558
2026-08-19 19:50:20 | INFO | epoch=060 train_batch=430/435 running_loss=0.039562
2026-08-19 19:50:20 | INFO | epoch=060 train_batch=435/435 running_loss=0.039595
2026-08-19 19:50:21 | INFO | epoch=060 train_loss=0.039595 validation_loss=0.120242
2026-08-19 19:50:21 | INFO | epoch=061 train_batch=10/435 running_loss=0.037509
2026-08-19 19:50:21 | INFO | epoch=061 train_batch=20/435 running_loss=0.038836
2026-08-19 19:50:21 | INFO | epoch=061 train_batch=30/435 running_loss=0.038945
2026-08-19 19:50:22 | INFO | epoch=061 train_batch=40/435 running_loss=0.039224
2026-08-19 19:50:22 | INFO | epoch=061 train_batch=50/435 running_loss=0.038135
2026-08-19 19:50:22 | INFO | epoch=061 train_batch=60/435 running_loss=0.038236
2026-08-19 19:50:22 | INFO | epoch=061 train_batch=70/435 running_loss=0.038298
2026-08-19 19:50:23 | INFO | epoch=061 train_batch=80/435 running_loss=0.038435
2026-08-19 19:50:23 | INFO | epoch=061 train_batch=90/435 running_loss=0.038391
2026-08-19 19:50:23 | INFO | epoch=061 train_batch=100/435 running_loss=0.038565
2026-08-19 19:50:23 | INFO | epoch=061 train_batch=110/435 running_loss=0.038332
2026-08-19 19:50:23 | INFO | epoch=061 train_batch=120/435 running_loss=0.038507
2026-08-19 19:50:24 | INFO | epoch=061 train_batch=130/435 running_loss=0.038771
2026-08-19 19:50:24 | INFO | epoch=061 train_batch=140/435 running_loss=0.038666
2026-08-19 19:50:24 | INFO | epoch=061 train_batch=150/435 running_loss=0.038845
2026-08-19 19:50:24 | INFO | epoch=061 train_batch=160/435 running_loss=0.038882
2026-08-19 19:50:25 | INFO | epoch=061 train_batch=170/435 running_loss=0.039007
2026-08-19 19:50:25 | INFO | epoch=061 train_batch=180/435 running_loss=0.039008
2026-08-19 19:50:25 | INFO | epoch=061 train_batch=190/435 running_loss=0.039015
2026-08-19 19:50:25 | INFO | epoch=061 train_batch=200/435 running_loss=0.039120
2026-08-19 19:50:26 | INFO | epoch=061 train_batch=210/435 running_loss=0.039131
2026-08-19 19:50:26 | INFO | epoch=061 train_batch=220/435 running_loss=0.039188
2026-08-19 19:50:26 | INFO | epoch=061 train_batch=230/435 running_loss=0.039243
2026-08-19 19:50:26 | INFO | epoch=061 train_batch=240/435 running_loss=0.039236
2026-08-19 19:50:27 | INFO | epoch=061 train_batch=250/435 running_loss=0.039080
2026-08-19 19:50:27 | INFO | epoch=061 train_batch=260/435 running_loss=0.038992
2026-08-19 19:50:27 | INFO | epoch=061 train_batch=270/435 running_loss=0.039009
2026-08-19 19:50:27 | INFO | epoch=061 train_batch=280/435 running_loss=0.039044
2026-08-19 19:50:28 | INFO | epoch=061 train_batch=290/435 running_loss=0.038953
2026-08-19 19:50:28 | INFO | epoch=061 train_batch=300/435 running_loss=0.039008
2026-08-19 19:50:28 | INFO | epoch=061 train_batch=310/435 running_loss=0.039012
2026-08-19 19:50:28 | INFO | epoch=061 train_batch=320/435 running_loss=0.039014
2026-08-19 19:50:29 | INFO | epoch=061 train_batch=330/435 running_loss=0.039158
2026-08-19 19:50:29 | INFO | epoch=061 train_batch=340/435 running_loss=0.039144
2026-08-19 19:50:29 | INFO | epoch=061 train_batch=350/435 running_loss=0.039184
2026-08-19 19:50:29 | INFO | epoch=061 train_batch=360/435 running_loss=0.039181
2026-08-19 19:50:29 | INFO | epoch=061 train_batch=370/435 running_loss=0.039202
2026-08-19 19:50:30 | INFO | epoch=061 train_batch=380/435 running_loss=0.039193
2026-08-19 19:50:30 | INFO | epoch=061 train_batch=390/435 running_loss=0.039238
2026-08-19 19:50:30 | INFO | epoch=061 train_batch=400/435 running_loss=0.039255
2026-08-19 19:50:30 | INFO | epoch=061 train_batch=410/435 running_loss=0.039285
2026-08-19 19:50:31 | INFO | epoch=061 train_batch=420/435 running_loss=0.039322
2026-08-19 19:50:31 | INFO | epoch=061 train_batch=430/435 running_loss=0.039431
2026-08-19 19:50:31 | INFO | epoch=061 train_batch=435/435 running_loss=0.039457
2026-08-19 19:50:31 | INFO | epoch=061 train_loss=0.039457 validation_loss=0.120981
2026-08-19 19:50:32 | INFO | epoch=062 train_batch=10/435 running_loss=0.042094
2026-08-19 19:50:32 | INFO | epoch=062 train_batch=20/435 running_loss=0.040954
2026-08-19 19:50:32 | INFO | epoch=062 train_batch=30/435 running_loss=0.039473
2026-08-19 19:50:32 | INFO | epoch=062 train_batch=40/435 running_loss=0.039312
2026-08-19 19:50:33 | INFO | epoch=062 train_batch=50/435 running_loss=0.039383
2026-08-19 19:50:33 | INFO | epoch=062 train_batch=60/435 running_loss=0.039319
2026-08-19 19:50:33 | INFO | epoch=062 train_batch=70/435 running_loss=0.039193
2026-08-19 19:50:33 | INFO | epoch=062 train_batch=80/435 running_loss=0.039301
2026-08-19 19:50:33 | INFO | epoch=062 train_batch=90/435 running_loss=0.039336
2026-08-19 19:50:34 | INFO | epoch=062 train_batch=100/435 running_loss=0.039284
2026-08-19 19:50:34 | INFO | epoch=062 train_batch=110/435 running_loss=0.039359
2026-08-19 19:50:34 | INFO | epoch=062 train_batch=120/435 running_loss=0.039272
2026-08-19 19:50:34 | INFO | epoch=062 train_batch=130/435 running_loss=0.039294
2026-08-19 19:50:35 | INFO | epoch=062 train_batch=140/435 running_loss=0.039125
2026-08-19 19:50:35 | INFO | epoch=062 train_batch=150/435 running_loss=0.039174
2026-08-19 19:50:35 | INFO | epoch=062 train_batch=160/435 running_loss=0.039240
2026-08-19 19:50:35 | INFO | epoch=062 train_batch=170/435 running_loss=0.039294
2026-08-19 19:50:36 | INFO | epoch=062 train_batch=180/435 running_loss=0.039292
2026-08-19 19:50:36 | INFO | epoch=062 train_batch=190/435 running_loss=0.039288
2026-08-19 19:50:36 | INFO | epoch=062 train_batch=200/435 running_loss=0.039434
2026-08-19 19:50:36 | INFO | epoch=062 train_batch=210/435 running_loss=0.039527
2026-08-19 19:50:37 | INFO | epoch=062 train_batch=220/435 running_loss=0.039425
2026-08-19 19:50:37 | INFO | epoch=062 train_batch=230/435 running_loss=0.039514
2026-08-19 19:50:37 | INFO | epoch=062 train_batch=240/435 running_loss=0.039507
2026-08-19 19:50:37 | INFO | epoch=062 train_batch=250/435 running_loss=0.039605
2026-08-19 19:50:37 | INFO | epoch=062 train_batch=260/435 running_loss=0.039691
2026-08-19 19:50:38 | INFO | epoch=062 train_batch=270/435 running_loss=0.039666
2026-08-19 19:50:38 | INFO | epoch=062 train_batch=280/435 running_loss=0.039526
2026-08-19 19:50:38 | INFO | epoch=062 train_batch=290/435 running_loss=0.039433
2026-08-19 19:50:38 | INFO | epoch=062 train_batch=300/435 running_loss=0.039434
2026-08-19 19:50:39 | INFO | epoch=062 train_batch=310/435 running_loss=0.039330
2026-08-19 19:50:39 | INFO | epoch=062 train_batch=320/435 running_loss=0.039262
2026-08-19 19:50:39 | INFO | epoch=062 train_batch=330/435 running_loss=0.039180
2026-08-19 19:50:39 | INFO | epoch=062 train_batch=340/435 running_loss=0.039203
2026-08-19 19:50:40 | INFO | epoch=062 train_batch=350/435 running_loss=0.039228
2026-08-19 19:50:40 | INFO | epoch=062 train_batch=360/435 running_loss=0.039231
2026-08-19 19:50:40 | INFO | epoch=062 train_batch=370/435 running_loss=0.039255
2026-08-19 19:50:40 | INFO | epoch=062 train_batch=380/435 running_loss=0.039178
2026-08-19 19:50:41 | INFO | epoch=062 train_batch=390/435 running_loss=0.039196
2026-08-19 19:50:41 | INFO | epoch=062 train_batch=400/435 running_loss=0.039272
2026-08-19 19:50:41 | INFO | epoch=062 train_batch=410/435 running_loss=0.039332
2026-08-19 19:50:41 | INFO | epoch=062 train_batch=420/435 running_loss=0.039432
2026-08-19 19:50:41 | INFO | epoch=062 train_batch=430/435 running_loss=0.039390
2026-08-19 19:50:42 | INFO | epoch=062 train_batch=435/435 running_loss=0.039408
2026-08-19 19:50:42 | INFO | epoch=062 train_loss=0.039408 validation_loss=0.122786
2026-08-19 19:50:42 | INFO | epoch=063 train_batch=10/435 running_loss=0.039790
2026-08-19 19:50:42 | INFO | epoch=063 train_batch=20/435 running_loss=0.038216
2026-08-19 19:50:43 | INFO | epoch=063 train_batch=30/435 running_loss=0.037617
2026-08-19 19:50:43 | INFO | epoch=063 train_batch=40/435 running_loss=0.036886
2026-08-19 19:50:43 | INFO | epoch=063 train_batch=50/435 running_loss=0.037334
2026-08-19 19:50:43 | INFO | epoch=063 train_batch=60/435 running_loss=0.037346
2026-08-19 19:50:44 | INFO | epoch=063 train_batch=70/435 running_loss=0.037577
2026-08-19 19:50:44 | INFO | epoch=063 train_batch=80/435 running_loss=0.037678
2026-08-19 19:50:44 | INFO | epoch=063 train_batch=90/435 running_loss=0.037514
2026-08-19 19:50:44 | INFO | epoch=063 train_batch=100/435 running_loss=0.037444
2026-08-19 19:50:44 | INFO | epoch=063 train_batch=110/435 running_loss=0.037707
2026-08-19 19:50:45 | INFO | epoch=063 train_batch=120/435 running_loss=0.037733
2026-08-19 19:50:45 | INFO | epoch=063 train_batch=130/435 running_loss=0.037729
2026-08-19 19:50:45 | INFO | epoch=063 train_batch=140/435 running_loss=0.037980
2026-08-19 19:50:45 | INFO | epoch=063 train_batch=150/435 running_loss=0.037952
2026-08-19 19:50:46 | INFO | epoch=063 train_batch=160/435 running_loss=0.038298
2026-08-19 19:50:46 | INFO | epoch=063 train_batch=170/435 running_loss=0.038547
2026-08-19 19:50:46 | INFO | epoch=063 train_batch=180/435 running_loss=0.038780
2026-08-19 19:50:46 | INFO | epoch=063 train_batch=190/435 running_loss=0.038771
2026-08-19 19:50:47 | INFO | epoch=063 train_batch=200/435 running_loss=0.038855
2026-08-19 19:50:47 | INFO | epoch=063 train_batch=210/435 running_loss=0.038802
2026-08-19 19:50:47 | INFO | epoch=063 train_batch=220/435 running_loss=0.038752
2026-08-19 19:50:47 | INFO | epoch=063 train_batch=230/435 running_loss=0.038697
2026-08-19 19:50:48 | INFO | epoch=063 train_batch=240/435 running_loss=0.038860
2026-08-19 19:50:48 | INFO | epoch=063 train_batch=250/435 running_loss=0.039008
2026-08-19 19:50:48 | INFO | epoch=063 train_batch=260/435 running_loss=0.039120
2026-08-19 19:50:48 | INFO | epoch=063 train_batch=270/435 running_loss=0.039115
2026-08-19 19:50:48 | INFO | epoch=063 train_batch=280/435 running_loss=0.039105
2026-08-19 19:50:49 | INFO | epoch=063 train_batch=290/435 running_loss=0.039104
2026-08-19 19:50:49 | INFO | epoch=063 train_batch=300/435 running_loss=0.039098
2026-08-19 19:50:49 | INFO | epoch=063 train_batch=310/435 running_loss=0.039125
2026-08-19 19:50:49 | INFO | epoch=063 train_batch=320/435 running_loss=0.039174
2026-08-19 19:50:50 | INFO | epoch=063 train_batch=330/435 running_loss=0.039160
2026-08-19 19:50:50 | INFO | epoch=063 train_batch=340/435 running_loss=0.039198
2026-08-19 19:50:50 | INFO | epoch=063 train_batch=350/435 running_loss=0.039232
2026-08-19 19:50:50 | INFO | epoch=063 train_batch=360/435 running_loss=0.039253
2026-08-19 19:50:51 | INFO | epoch=063 train_batch=370/435 running_loss=0.039251
2026-08-19 19:50:51 | INFO | epoch=063 train_batch=380/435 running_loss=0.039340
2026-08-19 19:50:51 | INFO | epoch=063 train_batch=390/435 running_loss=0.039361
2026-08-19 19:50:51 | INFO | epoch=063 train_batch=400/435 running_loss=0.039370
2026-08-19 19:50:52 | INFO | epoch=063 train_batch=410/435 running_loss=0.039312
2026-08-19 19:50:52 | INFO | epoch=063 train_batch=420/435 running_loss=0.039346
2026-08-19 19:50:52 | INFO | epoch=063 train_batch=430/435 running_loss=0.039397
2026-08-19 19:50:52 | INFO | epoch=063 train_batch=435/435 running_loss=0.039469
2026-08-19 19:50:52 | INFO | epoch=063 train_loss=0.039469 validation_loss=0.119807
2026-08-19 19:50:53 | INFO | epoch=064 train_batch=10/435 running_loss=0.041183
2026-08-19 19:50:53 | INFO | epoch=064 train_batch=20/435 running_loss=0.039877
2026-08-19 19:50:53 | INFO | epoch=064 train_batch=30/435 running_loss=0.039480
2026-08-19 19:50:53 | INFO | epoch=064 train_batch=40/435 running_loss=0.040159
2026-08-19 19:50:54 | INFO | epoch=064 train_batch=50/435 running_loss=0.039928
2026-08-19 19:50:54 | INFO | epoch=064 train_batch=60/435 running_loss=0.039625
2026-08-19 19:50:54 | INFO | epoch=064 train_batch=70/435 running_loss=0.039794
2026-08-19 19:50:54 | INFO | epoch=064 train_batch=80/435 running_loss=0.039686
2026-08-19 19:50:55 | INFO | epoch=064 train_batch=90/435 running_loss=0.039666
2026-08-19 19:50:55 | INFO | epoch=064 train_batch=100/435 running_loss=0.039575
2026-08-19 19:50:55 | INFO | epoch=064 train_batch=110/435 running_loss=0.039338
2026-08-19 19:50:55 | INFO | epoch=064 train_batch=120/435 running_loss=0.039389
2026-08-19 19:50:56 | INFO | epoch=064 train_batch=130/435 running_loss=0.039307
2026-08-19 19:50:56 | INFO | epoch=064 train_batch=140/435 running_loss=0.039394
2026-08-19 19:50:56 | INFO | epoch=064 train_batch=150/435 running_loss=0.039481
2026-08-19 19:50:56 | INFO | epoch=064 train_batch=160/435 running_loss=0.039552
2026-08-19 19:50:57 | INFO | epoch=064 train_batch=170/435 running_loss=0.039656
2026-08-19 19:50:57 | INFO | epoch=064 train_batch=180/435 running_loss=0.039525
2026-08-19 19:50:57 | INFO | epoch=064 train_batch=190/435 running_loss=0.039484
2026-08-19 19:50:57 | INFO | epoch=064 train_batch=200/435 running_loss=0.039387
2026-08-19 19:50:58 | INFO | epoch=064 train_batch=210/435 running_loss=0.039343
2026-08-19 19:50:58 | INFO | epoch=064 train_batch=220/435 running_loss=0.039201
2026-08-19 19:50:58 | INFO | epoch=064 train_batch=230/435 running_loss=0.039062
2026-08-19 19:50:58 | INFO | epoch=064 train_batch=240/435 running_loss=0.039211
2026-08-19 19:50:59 | INFO | epoch=064 train_batch=250/435 running_loss=0.039157
2026-08-19 19:50:59 | INFO | epoch=064 train_batch=260/435 running_loss=0.039237
2026-08-19 19:50:59 | INFO | epoch=064 train_batch=270/435 running_loss=0.039230
2026-08-19 19:50:59 | INFO | epoch=064 train_batch=280/435 running_loss=0.039263
2026-08-19 19:51:00 | INFO | epoch=064 train_batch=290/435 running_loss=0.039341
2026-08-19 19:51:00 | INFO | epoch=064 train_batch=300/435 running_loss=0.039342
2026-08-19 19:51:00 | INFO | epoch=064 train_batch=310/435 running_loss=0.039211
2026-08-19 19:51:00 | INFO | epoch=064 train_batch=320/435 running_loss=0.039124
2026-08-19 19:51:01 | INFO | epoch=064 train_batch=330/435 running_loss=0.039152
2026-08-19 19:51:01 | INFO | epoch=064 train_batch=340/435 running_loss=0.039240
2026-08-19 19:51:01 | INFO | epoch=064 train_batch=350/435 running_loss=0.039246
2026-08-19 19:51:01 | INFO | epoch=064 train_batch=360/435 running_loss=0.039203
2026-08-19 19:51:01 | INFO | epoch=064 train_batch=370/435 running_loss=0.039226
2026-08-19 19:51:02 | INFO | epoch=064 train_batch=380/435 running_loss=0.039234
2026-08-19 19:51:02 | INFO | epoch=064 train_batch=390/435 running_loss=0.039286
2026-08-19 19:51:02 | INFO | epoch=064 train_batch=400/435 running_loss=0.039207
2026-08-19 19:51:02 | INFO | epoch=064 train_batch=410/435 running_loss=0.039187
2026-08-19 19:51:03 | INFO | epoch=064 train_batch=420/435 running_loss=0.039163
2026-08-19 19:51:03 | INFO | epoch=064 train_batch=430/435 running_loss=0.039261
2026-08-19 19:51:03 | INFO | epoch=064 train_batch=435/435 running_loss=0.039214
2026-08-19 19:51:03 | INFO | epoch=064 train_loss=0.039214 validation_loss=0.118928
2026-08-19 19:51:04 | INFO | epoch=065 train_batch=10/435 running_loss=0.037212
2026-08-19 19:51:04 | INFO | epoch=065 train_batch=20/435 running_loss=0.038317
2026-08-19 19:51:04 | INFO | epoch=065 train_batch=30/435 running_loss=0.038543
2026-08-19 19:51:04 | INFO | epoch=065 train_batch=40/435 running_loss=0.039609
2026-08-19 19:51:04 | INFO | epoch=065 train_batch=50/435 running_loss=0.039722
2026-08-19 19:51:05 | INFO | epoch=065 train_batch=60/435 running_loss=0.039475
2026-08-19 19:51:05 | INFO | epoch=065 train_batch=70/435 running_loss=0.039588
2026-08-19 19:51:05 | INFO | epoch=065 train_batch=80/435 running_loss=0.039528
2026-08-19 19:51:05 | INFO | epoch=065 train_batch=90/435 running_loss=0.039884
2026-08-19 19:51:06 | INFO | epoch=065 train_batch=100/435 running_loss=0.039396
2026-08-19 19:51:06 | INFO | epoch=065 train_batch=110/435 running_loss=0.039297
2026-08-19 19:51:06 | INFO | epoch=065 train_batch=120/435 running_loss=0.039002
2026-08-19 19:51:06 | INFO | epoch=065 train_batch=130/435 running_loss=0.038696
2026-08-19 19:51:07 | INFO | epoch=065 train_batch=140/435 running_loss=0.038817
2026-08-19 19:51:07 | INFO | epoch=065 train_batch=150/435 running_loss=0.038911
2026-08-19 19:51:07 | INFO | epoch=065 train_batch=160/435 running_loss=0.039001
2026-08-19 19:51:07 | INFO | epoch=065 train_batch=170/435 running_loss=0.039055
2026-08-19 19:51:08 | INFO | epoch=065 train_batch=180/435 running_loss=0.039151
2026-08-19 19:51:08 | INFO | epoch=065 train_batch=190/435 running_loss=0.039173
2026-08-19 19:51:08 | INFO | epoch=065 train_batch=200/435 running_loss=0.039254
2026-08-19 19:51:08 | INFO | epoch=065 train_batch=210/435 running_loss=0.039192
2026-08-19 19:51:09 | INFO | epoch=065 train_batch=220/435 running_loss=0.039202
2026-08-19 19:51:09 | INFO | epoch=065 train_batch=230/435 running_loss=0.039240
2026-08-19 19:51:09 | INFO | epoch=065 train_batch=240/435 running_loss=0.039246
2026-08-19 19:51:09 | INFO | epoch=065 train_batch=250/435 running_loss=0.039228
2026-08-19 19:51:09 | INFO | epoch=065 train_batch=260/435 running_loss=0.039196
2026-08-19 19:51:10 | INFO | epoch=065 train_batch=270/435 running_loss=0.039281
2026-08-19 19:51:10 | INFO | epoch=065 train_batch=280/435 running_loss=0.039276
2026-08-19 19:51:10 | INFO | epoch=065 train_batch=290/435 running_loss=0.039245
2026-08-19 19:51:10 | INFO | epoch=065 train_batch=300/435 running_loss=0.039174
2026-08-19 19:51:11 | INFO | epoch=065 train_batch=310/435 running_loss=0.039158
2026-08-19 19:51:11 | INFO | epoch=065 train_batch=320/435 running_loss=0.039179
2026-08-19 19:51:11 | INFO | epoch=065 train_batch=330/435 running_loss=0.039148
2026-08-19 19:51:11 | INFO | epoch=065 train_batch=340/435 running_loss=0.039242
2026-08-19 19:51:12 | INFO | epoch=065 train_batch=350/435 running_loss=0.039270
2026-08-19 19:51:12 | INFO | epoch=065 train_batch=360/435 running_loss=0.039239
2026-08-19 19:51:12 | INFO | epoch=065 train_batch=370/435 running_loss=0.039299
2026-08-19 19:51:12 | INFO | epoch=065 train_batch=380/435 running_loss=0.039301
2026-08-19 19:51:13 | INFO | epoch=065 train_batch=390/435 running_loss=0.039295
2026-08-19 19:51:13 | INFO | epoch=065 train_batch=400/435 running_loss=0.039247
2026-08-19 19:51:13 | INFO | epoch=065 train_batch=410/435 running_loss=0.039195
2026-08-19 19:51:13 | INFO | epoch=065 train_batch=420/435 running_loss=0.039163
2026-08-19 19:51:14 | INFO | epoch=065 train_batch=430/435 running_loss=0.039120
2026-08-19 19:51:14 | INFO | epoch=065 train_batch=435/435 running_loss=0.039115
2026-08-19 19:51:14 | INFO | epoch=065 train_loss=0.039115 validation_loss=0.121488
2026-08-19 19:51:14 | INFO | epoch=066 train_batch=10/435 running_loss=0.035865
2026-08-19 19:51:14 | INFO | epoch=066 train_batch=20/435 running_loss=0.039530
2026-08-19 19:51:15 | INFO | epoch=066 train_batch=30/435 running_loss=0.039558
2026-08-19 19:51:15 | INFO | epoch=066 train_batch=40/435 running_loss=0.039345
2026-08-19 19:51:15 | INFO | epoch=066 train_batch=50/435 running_loss=0.039280
2026-08-19 19:51:15 | INFO | epoch=066 train_batch=60/435 running_loss=0.039502
2026-08-19 19:51:16 | INFO | epoch=066 train_batch=70/435 running_loss=0.039073
2026-08-19 19:51:16 | INFO | epoch=066 train_batch=80/435 running_loss=0.038833
2026-08-19 19:51:16 | INFO | epoch=066 train_batch=90/435 running_loss=0.039042
2026-08-19 19:51:16 | INFO | epoch=066 train_batch=100/435 running_loss=0.038835
2026-08-19 19:51:17 | INFO | epoch=066 train_batch=110/435 running_loss=0.038754
2026-08-19 19:51:17 | INFO | epoch=066 train_batch=120/435 running_loss=0.038591
2026-08-19 19:51:17 | INFO | epoch=066 train_batch=130/435 running_loss=0.038497
2026-08-19 19:51:17 | INFO | epoch=066 train_batch=140/435 running_loss=0.038446
2026-08-19 19:51:17 | INFO | epoch=066 train_batch=150/435 running_loss=0.038617
2026-08-19 19:51:18 | INFO | epoch=066 train_batch=160/435 running_loss=0.038641
2026-08-19 19:51:18 | INFO | epoch=066 train_batch=170/435 running_loss=0.038773
2026-08-19 19:51:18 | INFO | epoch=066 train_batch=180/435 running_loss=0.038711
2026-08-19 19:51:18 | INFO | epoch=066 train_batch=190/435 running_loss=0.038635
2026-08-19 19:51:19 | INFO | epoch=066 train_batch=200/435 running_loss=0.038821
2026-08-19 19:51:19 | INFO | epoch=066 train_batch=210/435 running_loss=0.038879
2026-08-19 19:51:19 | INFO | epoch=066 train_batch=220/435 running_loss=0.038955
2026-08-19 19:51:19 | INFO | epoch=066 train_batch=230/435 running_loss=0.038897
2026-08-19 19:51:20 | INFO | epoch=066 train_batch=240/435 running_loss=0.038887
2026-08-19 19:51:20 | INFO | epoch=066 train_batch=250/435 running_loss=0.038821
2026-08-19 19:51:20 | INFO | epoch=066 train_batch=260/435 running_loss=0.038831
2026-08-19 19:51:20 | INFO | epoch=066 train_batch=270/435 running_loss=0.038764
2026-08-19 19:51:20 | INFO | epoch=066 train_batch=280/435 running_loss=0.038716
2026-08-19 19:51:21 | INFO | epoch=066 train_batch=290/435 running_loss=0.038804
2026-08-19 19:51:21 | INFO | epoch=066 train_batch=300/435 running_loss=0.038783
2026-08-19 19:51:21 | INFO | epoch=066 train_batch=310/435 running_loss=0.038737
2026-08-19 19:51:21 | INFO | epoch=066 train_batch=320/435 running_loss=0.038816
2026-08-19 19:51:22 | INFO | epoch=066 train_batch=330/435 running_loss=0.038872
2026-08-19 19:51:22 | INFO | epoch=066 train_batch=340/435 running_loss=0.038943
2026-08-19 19:51:22 | INFO | epoch=066 train_batch=350/435 running_loss=0.038846
2026-08-19 19:51:22 | INFO | epoch=066 train_batch=360/435 running_loss=0.038809
2026-08-19 19:51:23 | INFO | epoch=066 train_batch=370/435 running_loss=0.038788
2026-08-19 19:51:23 | INFO | epoch=066 train_batch=380/435 running_loss=0.038776
2026-08-19 19:51:23 | INFO | epoch=066 train_batch=390/435 running_loss=0.038742
2026-08-19 19:51:23 | INFO | epoch=066 train_batch=400/435 running_loss=0.038849
2026-08-19 19:51:24 | INFO | epoch=066 train_batch=410/435 running_loss=0.038868
2026-08-19 19:51:24 | INFO | epoch=066 train_batch=420/435 running_loss=0.038828
2026-08-19 19:51:24 | INFO | epoch=066 train_batch=430/435 running_loss=0.038800
2026-08-19 19:51:24 | INFO | epoch=066 train_batch=435/435 running_loss=0.038780
2026-08-19 19:51:24 | INFO | epoch=066 train_loss=0.038780 validation_loss=0.122194
2026-08-19 19:51:25 | INFO | epoch=067 train_batch=10/435 running_loss=0.039846
2026-08-19 19:51:25 | INFO | epoch=067 train_batch=20/435 running_loss=0.038645
2026-08-19 19:51:25 | INFO | epoch=067 train_batch=30/435 running_loss=0.038583
2026-08-19 19:51:25 | INFO | epoch=067 train_batch=40/435 running_loss=0.039106
2026-08-19 19:51:26 | INFO | epoch=067 train_batch=50/435 running_loss=0.039170
2026-08-19 19:51:26 | INFO | epoch=067 train_batch=60/435 running_loss=0.038871
2026-08-19 19:51:26 | INFO | epoch=067 train_batch=70/435 running_loss=0.039159
2026-08-19 19:51:26 | INFO | epoch=067 train_batch=80/435 running_loss=0.039491
2026-08-19 19:51:27 | INFO | epoch=067 train_batch=90/435 running_loss=0.039520
2026-08-19 19:51:27 | INFO | epoch=067 train_batch=100/435 running_loss=0.039318
2026-08-19 19:51:27 | INFO | epoch=067 train_batch=110/435 running_loss=0.039178
2026-08-19 19:51:27 | INFO | epoch=067 train_batch=120/435 running_loss=0.038946
2026-08-19 19:51:27 | INFO | epoch=067 train_batch=130/435 running_loss=0.038662
2026-08-19 19:51:28 | INFO | epoch=067 train_batch=140/435 running_loss=0.038582
2026-08-19 19:51:28 | INFO | epoch=067 train_batch=150/435 running_loss=0.038337
2026-08-19 19:51:28 | INFO | epoch=067 train_batch=160/435 running_loss=0.038386
2026-08-19 19:51:28 | INFO | epoch=067 train_batch=170/435 running_loss=0.038442
2026-08-19 19:51:29 | INFO | epoch=067 train_batch=180/435 running_loss=0.038545
2026-08-19 19:51:29 | INFO | epoch=067 train_batch=190/435 running_loss=0.038599
2026-08-19 19:51:29 | INFO | epoch=067 train_batch=200/435 running_loss=0.038724
2026-08-19 19:51:29 | INFO | epoch=067 train_batch=210/435 running_loss=0.038593
2026-08-19 19:51:30 | INFO | epoch=067 train_batch=220/435 running_loss=0.038555
2026-08-19 19:51:30 | INFO | epoch=067 train_batch=230/435 running_loss=0.038543
2026-08-19 19:51:30 | INFO | epoch=067 train_batch=240/435 running_loss=0.038460
2026-08-19 19:51:30 | INFO | epoch=067 train_batch=250/435 running_loss=0.038473
2026-08-19 19:51:31 | INFO | epoch=067 train_batch=260/435 running_loss=0.038416
2026-08-19 19:51:31 | INFO | epoch=067 train_batch=270/435 running_loss=0.038513
2026-08-19 19:51:31 | INFO | epoch=067 train_batch=280/435 running_loss=0.038449
2026-08-19 19:51:31 | INFO | epoch=067 train_batch=290/435 running_loss=0.038525
2026-08-19 19:51:31 | INFO | epoch=067 train_batch=300/435 running_loss=0.038578
2026-08-19 19:51:32 | INFO | epoch=067 train_batch=310/435 running_loss=0.038551
2026-08-19 19:51:32 | INFO | epoch=067 train_batch=320/435 running_loss=0.038591
2026-08-19 19:51:32 | INFO | epoch=067 train_batch=330/435 running_loss=0.038666
2026-08-19 19:51:32 | INFO | epoch=067 train_batch=340/435 running_loss=0.038711
2026-08-19 19:51:33 | INFO | epoch=067 train_batch=350/435 running_loss=0.038732
2026-08-19 19:51:33 | INFO | epoch=067 train_batch=360/435 running_loss=0.038631
2026-08-19 19:51:33 | INFO | epoch=067 train_batch=370/435 running_loss=0.038633
2026-08-19 19:51:33 | INFO | epoch=067 train_batch=380/435 running_loss=0.038662
2026-08-19 19:51:34 | INFO | epoch=067 train_batch=390/435 running_loss=0.038744
2026-08-19 19:51:34 | INFO | epoch=067 train_batch=400/435 running_loss=0.038803
2026-08-19 19:51:34 | INFO | epoch=067 train_batch=410/435 running_loss=0.038884
2026-08-19 19:51:34 | INFO | epoch=067 train_batch=420/435 running_loss=0.038875
2026-08-19 19:51:35 | INFO | epoch=067 train_batch=430/435 running_loss=0.038886
2026-08-19 19:51:35 | INFO | epoch=067 train_batch=435/435 running_loss=0.038851
2026-08-19 19:51:35 | INFO | epoch=067 train_loss=0.038851 validation_loss=0.118571
2026-08-19 19:51:35 | INFO | epoch=068 train_batch=10/435 running_loss=0.035939
2026-08-19 19:51:35 | INFO | epoch=068 train_batch=20/435 running_loss=0.037081
2026-08-19 19:51:36 | INFO | epoch=068 train_batch=30/435 running_loss=0.037668
2026-08-19 19:51:36 | INFO | epoch=068 train_batch=40/435 running_loss=0.037355
2026-08-19 19:51:36 | INFO | epoch=068 train_batch=50/435 running_loss=0.037112
2026-08-19 19:51:36 | INFO | epoch=068 train_batch=60/435 running_loss=0.037675
2026-08-19 19:51:37 | INFO | epoch=068 train_batch=70/435 running_loss=0.038330
2026-08-19 19:51:37 | INFO | epoch=068 train_batch=80/435 running_loss=0.038594
2026-08-19 19:51:37 | INFO | epoch=068 train_batch=90/435 running_loss=0.038499
2026-08-19 19:51:37 | INFO | epoch=068 train_batch=100/435 running_loss=0.038300
2026-08-19 19:51:38 | INFO | epoch=068 train_batch=110/435 running_loss=0.038054
2026-08-19 19:51:38 | INFO | epoch=068 train_batch=120/435 running_loss=0.038203
2026-08-19 19:51:38 | INFO | epoch=068 train_batch=130/435 running_loss=0.038282
2026-08-19 19:51:38 | INFO | epoch=068 train_batch=140/435 running_loss=0.038203
2026-08-19 19:51:39 | INFO | epoch=068 train_batch=150/435 running_loss=0.038184
2026-08-19 19:51:39 | INFO | epoch=068 train_batch=160/435 running_loss=0.038319
2026-08-19 19:51:39 | INFO | epoch=068 train_batch=170/435 running_loss=0.038407
2026-08-19 19:51:39 | INFO | epoch=068 train_batch=180/435 running_loss=0.038283
2026-08-19 19:51:40 | INFO | epoch=068 train_batch=190/435 running_loss=0.038278
2026-08-19 19:51:40 | INFO | epoch=068 train_batch=200/435 running_loss=0.038314
2026-08-19 19:51:40 | INFO | epoch=068 train_batch=210/435 running_loss=0.038364
2026-08-19 19:51:40 | INFO | epoch=068 train_batch=220/435 running_loss=0.038322
2026-08-19 19:51:41 | INFO | epoch=068 train_batch=230/435 running_loss=0.038413
2026-08-19 19:51:41 | INFO | epoch=068 train_batch=240/435 running_loss=0.038306
2026-08-19 19:51:41 | INFO | epoch=068 train_batch=250/435 running_loss=0.038252
2026-08-19 19:51:41 | INFO | epoch=068 train_batch=260/435 running_loss=0.038197
2026-08-19 19:51:41 | INFO | epoch=068 train_batch=270/435 running_loss=0.038321
2026-08-19 19:51:42 | INFO | epoch=068 train_batch=280/435 running_loss=0.038382
2026-08-19 19:51:42 | INFO | epoch=068 train_batch=290/435 running_loss=0.038360
2026-08-19 19:51:42 | INFO | epoch=068 train_batch=300/435 running_loss=0.038290
2026-08-19 19:51:42 | INFO | epoch=068 train_batch=310/435 running_loss=0.038269
2026-08-19 19:51:43 | INFO | epoch=068 train_batch=320/435 running_loss=0.038245
2026-08-19 19:51:43 | INFO | epoch=068 train_batch=330/435 running_loss=0.038338
2026-08-19 19:51:43 | INFO | epoch=068 train_batch=340/435 running_loss=0.038385
2026-08-19 19:51:43 | INFO | epoch=068 train_batch=350/435 running_loss=0.038464
2026-08-19 19:51:44 | INFO | epoch=068 train_batch=360/435 running_loss=0.038561
2026-08-19 19:51:44 | INFO | epoch=068 train_batch=370/435 running_loss=0.038541
2026-08-19 19:51:44 | INFO | epoch=068 train_batch=380/435 running_loss=0.038536
2026-08-19 19:51:44 | INFO | epoch=068 train_batch=390/435 running_loss=0.038539
2026-08-19 19:51:45 | INFO | epoch=068 train_batch=400/435 running_loss=0.038526
2026-08-19 19:51:45 | INFO | epoch=068 train_batch=410/435 running_loss=0.038616
2026-08-19 19:51:45 | INFO | epoch=068 train_batch=420/435 running_loss=0.038720
2026-08-19 19:51:45 | INFO | epoch=068 train_batch=430/435 running_loss=0.038746
2026-08-19 19:51:45 | INFO | epoch=068 train_batch=435/435 running_loss=0.038759
2026-08-19 19:51:46 | INFO | epoch=068 train_loss=0.038759 validation_loss=0.117528
2026-08-19 19:51:46 | INFO | epoch=068 saved new best.pt
2026-08-19 19:51:46 | INFO | epoch=069 train_batch=10/435 running_loss=0.038622
2026-08-19 19:51:46 | INFO | epoch=069 train_batch=20/435 running_loss=0.037538
2026-08-19 19:51:46 | INFO | epoch=069 train_batch=30/435 running_loss=0.037256
2026-08-19 19:51:47 | INFO | epoch=069 train_batch=40/435 running_loss=0.037351
2026-08-19 19:51:47 | INFO | epoch=069 train_batch=50/435 running_loss=0.036859
2026-08-19 19:51:47 | INFO | epoch=069 train_batch=60/435 running_loss=0.037078
2026-08-19 19:51:47 | INFO | epoch=069 train_batch=70/435 running_loss=0.037915
2026-08-19 19:51:48 | INFO | epoch=069 train_batch=80/435 running_loss=0.037976
2026-08-19 19:51:48 | INFO | epoch=069 train_batch=90/435 running_loss=0.038483
2026-08-19 19:51:48 | INFO | epoch=069 train_batch=100/435 running_loss=0.038684
2026-08-19 19:51:48 | INFO | epoch=069 train_batch=110/435 running_loss=0.038587
2026-08-19 19:51:49 | INFO | epoch=069 train_batch=120/435 running_loss=0.038666
2026-08-19 19:51:49 | INFO | epoch=069 train_batch=130/435 running_loss=0.038673
2026-08-19 19:51:49 | INFO | epoch=069 train_batch=140/435 running_loss=0.038789
2026-08-19 19:51:49 | INFO | epoch=069 train_batch=150/435 running_loss=0.038690
2026-08-19 19:51:50 | INFO | epoch=069 train_batch=160/435 running_loss=0.038744
2026-08-19 19:51:50 | INFO | epoch=069 train_batch=170/435 running_loss=0.038704
2026-08-19 19:51:50 | INFO | epoch=069 train_batch=180/435 running_loss=0.038714
2026-08-19 19:51:50 | INFO | epoch=069 train_batch=190/435 running_loss=0.038655
2026-08-19 19:51:51 | INFO | epoch=069 train_batch=200/435 running_loss=0.038683
2026-08-19 19:51:51 | INFO | epoch=069 train_batch=210/435 running_loss=0.038676
2026-08-19 19:51:51 | INFO | epoch=069 train_batch=220/435 running_loss=0.038711
2026-08-19 19:51:51 | INFO | epoch=069 train_batch=230/435 running_loss=0.038505
2026-08-19 19:51:52 | INFO | epoch=069 train_batch=240/435 running_loss=0.038458
2026-08-19 19:51:52 | INFO | epoch=069 train_batch=250/435 running_loss=0.038484
2026-08-19 19:51:52 | INFO | epoch=069 train_batch=260/435 running_loss=0.038541
2026-08-19 19:51:52 | INFO | epoch=069 train_batch=270/435 running_loss=0.038493
2026-08-19 19:51:52 | INFO | epoch=069 train_batch=280/435 running_loss=0.038580
2026-08-19 19:51:53 | INFO | epoch=069 train_batch=290/435 running_loss=0.038568
2026-08-19 19:51:53 | INFO | epoch=069 train_batch=300/435 running_loss=0.038578
2026-08-19 19:51:53 | INFO | epoch=069 train_batch=310/435 running_loss=0.038589
2026-08-19 19:51:53 | INFO | epoch=069 train_batch=320/435 running_loss=0.038620
2026-08-19 19:51:54 | INFO | epoch=069 train_batch=330/435 running_loss=0.038571
2026-08-19 19:51:54 | INFO | epoch=069 train_batch=340/435 running_loss=0.038581
2026-08-19 19:51:54 | INFO | epoch=069 train_batch=350/435 running_loss=0.038651
2026-08-19 19:51:54 | INFO | epoch=069 train_batch=360/435 running_loss=0.038630
2026-08-19 19:51:55 | INFO | epoch=069 train_batch=370/435 running_loss=0.038620
2026-08-19 19:51:55 | INFO | epoch=069 train_batch=380/435 running_loss=0.038646
2026-08-19 19:51:55 | INFO | epoch=069 train_batch=390/435 running_loss=0.038622
2026-08-19 19:51:55 | INFO | epoch=069 train_batch=400/435 running_loss=0.038672
2026-08-19 19:51:56 | INFO | epoch=069 train_batch=410/435 running_loss=0.038694
2026-08-19 19:51:56 | INFO | epoch=069 train_batch=420/435 running_loss=0.038651
2026-08-19 19:51:56 | INFO | epoch=069 train_batch=430/435 running_loss=0.038672
2026-08-19 19:51:56 | INFO | epoch=069 train_batch=435/435 running_loss=0.038663
2026-08-19 19:51:56 | INFO | epoch=069 train_loss=0.038663 validation_loss=0.117790
2026-08-19 19:51:57 | INFO | epoch=070 train_batch=10/435 running_loss=0.038527
2026-08-19 19:51:57 | INFO | epoch=070 train_batch=20/435 running_loss=0.038407
2026-08-19 19:51:57 | INFO | epoch=070 train_batch=30/435 running_loss=0.038045
2026-08-19 19:51:57 | INFO | epoch=070 train_batch=40/435 running_loss=0.038682
2026-08-19 19:51:58 | INFO | epoch=070 train_batch=50/435 running_loss=0.038456
2026-08-19 19:51:58 | INFO | epoch=070 train_batch=60/435 running_loss=0.038611
2026-08-19 19:51:58 | INFO | epoch=070 train_batch=70/435 running_loss=0.038406
2026-08-19 19:51:58 | INFO | epoch=070 train_batch=80/435 running_loss=0.038169
2026-08-19 19:51:59 | INFO | epoch=070 train_batch=90/435 running_loss=0.038030
2026-08-19 19:51:59 | INFO | epoch=070 train_batch=100/435 running_loss=0.037950
2026-08-19 19:51:59 | INFO | epoch=070 train_batch=110/435 running_loss=0.037768
2026-08-19 19:51:59 | INFO | epoch=070 train_batch=120/435 running_loss=0.038002
2026-08-19 19:52:00 | INFO | epoch=070 train_batch=130/435 running_loss=0.038058
2026-08-19 19:52:00 | INFO | epoch=070 train_batch=140/435 running_loss=0.038021
2026-08-19 19:52:00 | INFO | epoch=070 train_batch=150/435 running_loss=0.037942
2026-08-19 19:52:00 | INFO | epoch=070 train_batch=160/435 running_loss=0.038065
2026-08-19 19:52:01 | INFO | epoch=070 train_batch=170/435 running_loss=0.038092
2026-08-19 19:52:01 | INFO | epoch=070 train_batch=180/435 running_loss=0.038111
2026-08-19 19:52:01 | INFO | epoch=070 train_batch=190/435 running_loss=0.038006
2026-08-19 19:52:01 | INFO | epoch=070 train_batch=200/435 running_loss=0.038043
2026-08-19 19:52:02 | INFO | epoch=070 train_batch=210/435 running_loss=0.038196
2026-08-19 19:52:02 | INFO | epoch=070 train_batch=220/435 running_loss=0.038245
2026-08-19 19:52:02 | INFO | epoch=070 train_batch=230/435 running_loss=0.038178
2026-08-19 19:52:02 | INFO | epoch=070 train_batch=240/435 running_loss=0.038155
2026-08-19 19:52:02 | INFO | epoch=070 train_batch=250/435 running_loss=0.038117
2026-08-19 19:52:03 | INFO | epoch=070 train_batch=260/435 running_loss=0.038153
2026-08-19 19:52:03 | INFO | epoch=070 train_batch=270/435 running_loss=0.038135
2026-08-19 19:52:03 | INFO | epoch=070 train_batch=280/435 running_loss=0.038197
2026-08-19 19:52:03 | INFO | epoch=070 train_batch=290/435 running_loss=0.038190
2026-08-19 19:52:04 | INFO | epoch=070 train_batch=300/435 running_loss=0.038170
2026-08-19 19:52:04 | INFO | epoch=070 train_batch=310/435 running_loss=0.038205
2026-08-19 19:52:04 | INFO | epoch=070 train_batch=320/435 running_loss=0.038281
2026-08-19 19:52:04 | INFO | epoch=070 train_batch=330/435 running_loss=0.038217
2026-08-19 19:52:05 | INFO | epoch=070 train_batch=340/435 running_loss=0.038258
2026-08-19 19:52:05 | INFO | epoch=070 train_batch=350/435 running_loss=0.038262
2026-08-19 19:52:05 | INFO | epoch=070 train_batch=360/435 running_loss=0.038212
2026-08-19 19:52:05 | INFO | epoch=070 train_batch=370/435 running_loss=0.038274
2026-08-19 19:52:06 | INFO | epoch=070 train_batch=380/435 running_loss=0.038308
2026-08-19 19:52:06 | INFO | epoch=070 train_batch=390/435 running_loss=0.038313
2026-08-19 19:52:06 | INFO | epoch=070 train_batch=400/435 running_loss=0.038332
2026-08-19 19:52:06 | INFO | epoch=070 train_batch=410/435 running_loss=0.038396
2026-08-19 19:52:07 | INFO | epoch=070 train_batch=420/435 running_loss=0.038450
2026-08-19 19:52:07 | INFO | epoch=070 train_batch=430/435 running_loss=0.038377
2026-08-19 19:52:07 | INFO | epoch=070 train_batch=435/435 running_loss=0.038434
2026-08-19 19:52:07 | INFO | epoch=070 train_loss=0.038434 validation_loss=0.120254
2026-08-19 19:52:07 | INFO | epoch=071 train_batch=10/435 running_loss=0.037278
2026-08-19 19:52:08 | INFO | epoch=071 train_batch=20/435 running_loss=0.039160
2026-08-19 19:52:08 | INFO | epoch=071 train_batch=30/435 running_loss=0.039501
2026-08-19 19:52:08 | INFO | epoch=071 train_batch=40/435 running_loss=0.038773
2026-08-19 19:52:08 | INFO | epoch=071 train_batch=50/435 running_loss=0.038876
2026-08-19 19:52:09 | INFO | epoch=071 train_batch=60/435 running_loss=0.038810
2026-08-19 19:52:09 | INFO | epoch=071 train_batch=70/435 running_loss=0.038382
2026-08-19 19:52:09 | INFO | epoch=071 train_batch=80/435 running_loss=0.038343
2026-08-19 19:52:10 | INFO | epoch=071 train_batch=90/435 running_loss=0.038387
2026-08-19 19:52:10 | INFO | epoch=071 train_batch=100/435 running_loss=0.038714
2026-08-19 19:52:10 | INFO | epoch=071 train_batch=110/435 running_loss=0.038244
2026-08-19 19:52:10 | INFO | epoch=071 train_batch=120/435 running_loss=0.038109
2026-08-19 19:52:10 | INFO | epoch=071 train_batch=130/435 running_loss=0.038060
2026-08-19 19:52:11 | INFO | epoch=071 train_batch=140/435 running_loss=0.037898
2026-08-19 19:52:11 | INFO | epoch=071 train_batch=150/435 running_loss=0.037866
2026-08-19 19:52:11 | INFO | epoch=071 train_batch=160/435 running_loss=0.037779
2026-08-19 19:52:11 | INFO | epoch=071 train_batch=170/435 running_loss=0.037757
2026-08-19 19:52:12 | INFO | epoch=071 train_batch=180/435 running_loss=0.037813
2026-08-19 19:52:12 | INFO | epoch=071 train_batch=190/435 running_loss=0.037997
2026-08-19 19:52:12 | INFO | epoch=071 train_batch=200/435 running_loss=0.038019
2026-08-19 19:52:12 | INFO | epoch=071 train_batch=210/435 running_loss=0.038290
2026-08-19 19:52:13 | INFO | epoch=071 train_batch=220/435 running_loss=0.038497
2026-08-19 19:52:13 | INFO | epoch=071 train_batch=230/435 running_loss=0.038374
2026-08-19 19:52:13 | INFO | epoch=071 train_batch=240/435 running_loss=0.038383
2026-08-19 19:52:13 | INFO | epoch=071 train_batch=250/435 running_loss=0.038334
2026-08-19 19:52:14 | INFO | epoch=071 train_batch=260/435 running_loss=0.038230
2026-08-19 19:52:14 | INFO | epoch=071 train_batch=270/435 running_loss=0.038224
2026-08-19 19:52:14 | INFO | epoch=071 train_batch=280/435 running_loss=0.038268
2026-08-19 19:52:14 | INFO | epoch=071 train_batch=290/435 running_loss=0.038359
2026-08-19 19:52:15 | INFO | epoch=071 train_batch=300/435 running_loss=0.038320
2026-08-19 19:52:15 | INFO | epoch=071 train_batch=310/435 running_loss=0.038315
2026-08-19 19:52:15 | INFO | epoch=071 train_batch=320/435 running_loss=0.038353
2026-08-19 19:52:15 | INFO | epoch=071 train_batch=330/435 running_loss=0.038448
2026-08-19 19:52:16 | INFO | epoch=071 train_batch=340/435 running_loss=0.038412
2026-08-19 19:52:16 | INFO | epoch=071 train_batch=350/435 running_loss=0.038369
2026-08-19 19:52:16 | INFO | epoch=071 train_batch=360/435 running_loss=0.038329
2026-08-19 19:52:16 | INFO | epoch=071 train_batch=370/435 running_loss=0.038328
2026-08-19 19:52:17 | INFO | epoch=071 train_batch=380/435 running_loss=0.038339
2026-08-19 19:52:17 | INFO | epoch=071 train_batch=390/435 running_loss=0.038398
2026-08-19 19:52:17 | INFO | epoch=071 train_batch=400/435 running_loss=0.038483
2026-08-19 19:52:17 | INFO | epoch=071 train_batch=410/435 running_loss=0.038452
2026-08-19 19:52:17 | INFO | epoch=071 train_batch=420/435 running_loss=0.038410
2026-08-19 19:52:18 | INFO | epoch=071 train_batch=430/435 running_loss=0.038421
2026-08-19 19:52:18 | INFO | epoch=071 train_batch=435/435 running_loss=0.038453
2026-08-19 19:52:18 | INFO | epoch=071 train_loss=0.038453 validation_loss=0.120437
2026-08-19 19:52:18 | INFO | epoch=072 train_batch=10/435 running_loss=0.034827
2026-08-19 19:52:19 | INFO | epoch=072 train_batch=20/435 running_loss=0.037244
2026-08-19 19:52:19 | INFO | epoch=072 train_batch=30/435 running_loss=0.037412
2026-08-19 19:52:19 | INFO | epoch=072 train_batch=40/435 running_loss=0.037260
2026-08-19 19:52:19 | INFO | epoch=072 train_batch=50/435 running_loss=0.036969
2026-08-19 19:52:20 | INFO | epoch=072 train_batch=60/435 running_loss=0.036921
2026-08-19 19:52:20 | INFO | epoch=072 train_batch=70/435 running_loss=0.036785
2026-08-19 19:52:20 | INFO | epoch=072 train_batch=80/435 running_loss=0.036959
2026-08-19 19:52:20 | INFO | epoch=072 train_batch=90/435 running_loss=0.037601
2026-08-19 19:52:21 | INFO | epoch=072 train_batch=100/435 running_loss=0.037943
2026-08-19 19:52:21 | INFO | epoch=072 train_batch=110/435 running_loss=0.037959
2026-08-19 19:52:21 | INFO | epoch=072 train_batch=120/435 running_loss=0.037855
2026-08-19 19:52:21 | INFO | epoch=072 train_batch=130/435 running_loss=0.038025
2026-08-19 19:52:22 | INFO | epoch=072 train_batch=140/435 running_loss=0.037746
2026-08-19 19:52:22 | INFO | epoch=072 train_batch=150/435 running_loss=0.037892
2026-08-19 19:52:22 | INFO | epoch=072 train_batch=160/435 running_loss=0.038006
2026-08-19 19:52:22 | INFO | epoch=072 train_batch=170/435 running_loss=0.038226
2026-08-19 19:52:23 | INFO | epoch=072 train_batch=180/435 running_loss=0.038092
2026-08-19 19:52:23 | INFO | epoch=072 train_batch=190/435 running_loss=0.038045
2026-08-19 19:52:23 | INFO | epoch=072 train_batch=200/435 running_loss=0.038022
2026-08-19 19:52:23 | INFO | epoch=072 train_batch=210/435 running_loss=0.038083
2026-08-19 19:52:24 | INFO | epoch=072 train_batch=220/435 running_loss=0.038025
2026-08-19 19:52:24 | INFO | epoch=072 train_batch=230/435 running_loss=0.038033
2026-08-19 19:52:24 | INFO | epoch=072 train_batch=240/435 running_loss=0.038167
2026-08-19 19:52:24 | INFO | epoch=072 train_batch=250/435 running_loss=0.038284
2026-08-19 19:52:25 | INFO | epoch=072 train_batch=260/435 running_loss=0.038437
2026-08-19 19:52:25 | INFO | epoch=072 train_batch=270/435 running_loss=0.038477
2026-08-19 19:52:25 | INFO | epoch=072 train_batch=280/435 running_loss=0.038447
2026-08-19 19:52:25 | INFO | epoch=072 train_batch=290/435 running_loss=0.038433
2026-08-19 19:52:26 | INFO | epoch=072 train_batch=300/435 running_loss=0.038342
2026-08-19 19:52:26 | INFO | epoch=072 train_batch=310/435 running_loss=0.038365
2026-08-19 19:52:26 | INFO | epoch=072 train_batch=320/435 running_loss=0.038444
2026-08-19 19:52:26 | INFO | epoch=072 train_batch=330/435 running_loss=0.038418
2026-08-19 19:52:27 | INFO | epoch=072 train_batch=340/435 running_loss=0.038471
2026-08-19 19:52:27 | INFO | epoch=072 train_batch=350/435 running_loss=0.038430
2026-08-19 19:52:27 | INFO | epoch=072 train_batch=360/435 running_loss=0.038442
2026-08-19 19:52:27 | INFO | epoch=072 train_batch=370/435 running_loss=0.038416
2026-08-19 19:52:28 | INFO | epoch=072 train_batch=380/435 running_loss=0.038428
2026-08-19 19:52:28 | INFO | epoch=072 train_batch=390/435 running_loss=0.038560
2026-08-19 19:52:28 | INFO | epoch=072 train_batch=400/435 running_loss=0.038579
2026-08-19 19:52:28 | INFO | epoch=072 train_batch=410/435 running_loss=0.038568
2026-08-19 19:52:29 | INFO | epoch=072 train_batch=420/435 running_loss=0.038588
2026-08-19 19:52:29 | INFO | epoch=072 train_batch=430/435 running_loss=0.038612
2026-08-19 19:52:29 | INFO | epoch=072 train_batch=435/435 running_loss=0.038604
2026-08-19 19:52:29 | INFO | epoch=072 train_loss=0.038604 validation_loss=0.120027
2026-08-19 19:52:30 | INFO | epoch=073 train_batch=10/435 running_loss=0.041447
2026-08-19 19:52:30 | INFO | epoch=073 train_batch=20/435 running_loss=0.040131
2026-08-19 19:52:30 | INFO | epoch=073 train_batch=30/435 running_loss=0.039369
2026-08-19 19:52:30 | INFO | epoch=073 train_batch=40/435 running_loss=0.039059
2026-08-19 19:52:30 | INFO | epoch=073 train_batch=50/435 running_loss=0.038375
2026-08-19 19:52:31 | INFO | epoch=073 train_batch=60/435 running_loss=0.038629
2026-08-19 19:52:31 | INFO | epoch=073 train_batch=70/435 running_loss=0.038218
2026-08-19 19:52:31 | INFO | epoch=073 train_batch=80/435 running_loss=0.038157
2026-08-19 19:52:31 | INFO | epoch=073 train_batch=90/435 running_loss=0.038267
2026-08-19 19:52:32 | INFO | epoch=073 train_batch=100/435 running_loss=0.038197
2026-08-19 19:52:32 | INFO | epoch=073 train_batch=110/435 running_loss=0.038212
2026-08-19 19:52:32 | INFO | epoch=073 train_batch=120/435 running_loss=0.038379
2026-08-19 19:52:32 | INFO | epoch=073 train_batch=130/435 running_loss=0.038309
2026-08-19 19:52:33 | INFO | epoch=073 train_batch=140/435 running_loss=0.038315
2026-08-19 19:52:33 | INFO | epoch=073 train_batch=150/435 running_loss=0.038595
2026-08-19 19:52:33 | INFO | epoch=073 train_batch=160/435 running_loss=0.038489
2026-08-19 19:52:33 | INFO | epoch=073 train_batch=170/435 running_loss=0.038521
2026-08-19 19:52:34 | INFO | epoch=073 train_batch=180/435 running_loss=0.038539
2026-08-19 19:52:34 | INFO | epoch=073 train_batch=190/435 running_loss=0.038635
2026-08-19 19:52:34 | INFO | epoch=073 train_batch=200/435 running_loss=0.038615
2026-08-19 19:52:34 | INFO | epoch=073 train_batch=210/435 running_loss=0.038548
2026-08-19 19:52:35 | INFO | epoch=073 train_batch=220/435 running_loss=0.038522
2026-08-19 19:52:35 | INFO | epoch=073 train_batch=230/435 running_loss=0.038502
2026-08-19 19:52:35 | INFO | epoch=073 train_batch=240/435 running_loss=0.038551
2026-08-19 19:52:35 | INFO | epoch=073 train_batch=250/435 running_loss=0.038526
2026-08-19 19:52:36 | INFO | epoch=073 train_batch=260/435 running_loss=0.038636
2026-08-19 19:52:36 | INFO | epoch=073 train_batch=270/435 running_loss=0.038654
2026-08-19 19:52:36 | INFO | epoch=073 train_batch=280/435 running_loss=0.038612
2026-08-19 19:52:36 | INFO | epoch=073 train_batch=290/435 running_loss=0.038536
2026-08-19 19:52:37 | INFO | epoch=073 train_batch=300/435 running_loss=0.038474
2026-08-19 19:52:37 | INFO | epoch=073 train_batch=310/435 running_loss=0.038408
2026-08-19 19:52:37 | INFO | epoch=073 train_batch=320/435 running_loss=0.038348
2026-08-19 19:52:37 | INFO | epoch=073 train_batch=330/435 running_loss=0.038406
2026-08-19 19:52:38 | INFO | epoch=073 train_batch=340/435 running_loss=0.038366
2026-08-19 19:52:38 | INFO | epoch=073 train_batch=350/435 running_loss=0.038315
2026-08-19 19:52:38 | INFO | epoch=073 train_batch=360/435 running_loss=0.038416
2026-08-19 19:52:38 | INFO | epoch=073 train_batch=370/435 running_loss=0.038444
2026-08-19 19:52:39 | INFO | epoch=073 train_batch=380/435 running_loss=0.038505
2026-08-19 19:52:39 | INFO | epoch=073 train_batch=390/435 running_loss=0.038459
2026-08-19 19:52:39 | INFO | epoch=073 train_batch=400/435 running_loss=0.038515
2026-08-19 19:52:39 | INFO | epoch=073 train_batch=410/435 running_loss=0.038490
2026-08-19 19:52:40 | INFO | epoch=073 train_batch=420/435 running_loss=0.038510
2026-08-19 19:52:40 | INFO | epoch=073 train_batch=430/435 running_loss=0.038515
2026-08-19 19:52:40 | INFO | epoch=073 train_batch=435/435 running_loss=0.038508
2026-08-19 19:52:40 | INFO | epoch=073 train_loss=0.038508 validation_loss=0.118700
2026-08-19 19:52:41 | INFO | epoch=074 train_batch=10/435 running_loss=0.037327
2026-08-19 19:52:41 | INFO | epoch=074 train_batch=20/435 running_loss=0.039003
2026-08-19 19:52:41 | INFO | epoch=074 train_batch=30/435 running_loss=0.039248
2026-08-19 19:52:41 | INFO | epoch=074 train_batch=40/435 running_loss=0.038398
2026-08-19 19:52:42 | INFO | epoch=074 train_batch=50/435 running_loss=0.037843
2026-08-19 19:52:42 | INFO | epoch=074 train_batch=60/435 running_loss=0.038177
2026-08-19 19:52:42 | INFO | epoch=074 train_batch=70/435 running_loss=0.038288
2026-08-19 19:52:42 | INFO | epoch=074 train_batch=80/435 running_loss=0.038282
2026-08-19 19:52:43 | INFO | epoch=074 train_batch=90/435 running_loss=0.038014
2026-08-19 19:52:43 | INFO | epoch=074 train_batch=100/435 running_loss=0.038073
2026-08-19 19:52:43 | INFO | epoch=074 train_batch=110/435 running_loss=0.038139
2026-08-19 19:52:43 | INFO | epoch=074 train_batch=120/435 running_loss=0.037865
2026-08-19 19:52:44 | INFO | epoch=074 train_batch=130/435 running_loss=0.038069
2026-08-19 19:52:44 | INFO | epoch=074 train_batch=140/435 running_loss=0.038061
2026-08-19 19:52:44 | INFO | epoch=074 train_batch=150/435 running_loss=0.038114
2026-08-19 19:52:44 | INFO | epoch=074 train_batch=160/435 running_loss=0.038018
2026-08-19 19:52:45 | INFO | epoch=074 train_batch=170/435 running_loss=0.037943
2026-08-19 19:52:45 | INFO | epoch=074 train_batch=180/435 running_loss=0.037974
2026-08-19 19:52:45 | INFO | epoch=074 train_batch=190/435 running_loss=0.038035
2026-08-19 19:52:45 | INFO | epoch=074 train_batch=200/435 running_loss=0.038174
2026-08-19 19:52:46 | INFO | epoch=074 train_batch=210/435 running_loss=0.038124
2026-08-19 19:52:46 | INFO | epoch=074 train_batch=220/435 running_loss=0.038129
2026-08-19 19:52:46 | INFO | epoch=074 train_batch=230/435 running_loss=0.038121
2026-08-19 19:52:46 | INFO | epoch=074 train_batch=240/435 running_loss=0.038101
2026-08-19 19:52:47 | INFO | epoch=074 train_batch=250/435 running_loss=0.038114
2026-08-19 19:52:47 | INFO | epoch=074 train_batch=260/435 running_loss=0.038079
2026-08-19 19:52:47 | INFO | epoch=074 train_batch=270/435 running_loss=0.038058
2026-08-19 19:52:47 | INFO | epoch=074 train_batch=280/435 running_loss=0.038079
2026-08-19 19:52:48 | INFO | epoch=074 train_batch=290/435 running_loss=0.038060
2026-08-19 19:52:48 | INFO | epoch=074 train_batch=300/435 running_loss=0.038065
2026-08-19 19:52:48 | INFO | epoch=074 train_batch=310/435 running_loss=0.038064
2026-08-19 19:52:48 | INFO | epoch=074 train_batch=320/435 running_loss=0.038097
2026-08-19 19:52:49 | INFO | epoch=074 train_batch=330/435 running_loss=0.038157
2026-08-19 19:52:49 | INFO | epoch=074 train_batch=340/435 running_loss=0.038160
2026-08-19 19:52:49 | INFO | epoch=074 train_batch=350/435 running_loss=0.038194
2026-08-19 19:52:49 | INFO | epoch=074 train_batch=360/435 running_loss=0.038241
2026-08-19 19:52:50 | INFO | epoch=074 train_batch=370/435 running_loss=0.038278
2026-08-19 19:52:50 | INFO | epoch=074 train_batch=380/435 running_loss=0.038292
2026-08-19 19:52:50 | INFO | epoch=074 train_batch=390/435 running_loss=0.038280
2026-08-19 19:52:50 | INFO | epoch=074 train_batch=400/435 running_loss=0.038312
2026-08-19 19:52:51 | INFO | epoch=074 train_batch=410/435 running_loss=0.038278
2026-08-19 19:52:51 | INFO | epoch=074 train_batch=420/435 running_loss=0.038189
2026-08-19 19:52:51 | INFO | epoch=074 train_batch=430/435 running_loss=0.038243
2026-08-19 19:52:51 | INFO | epoch=074 train_batch=435/435 running_loss=0.038243
2026-08-19 19:52:51 | INFO | epoch=074 train_loss=0.038243 validation_loss=0.117896
2026-08-19 19:52:52 | INFO | epoch=075 train_batch=10/435 running_loss=0.034413
2026-08-19 19:52:52 | INFO | epoch=075 train_batch=20/435 running_loss=0.035120
2026-08-19 19:52:52 | INFO | epoch=075 train_batch=30/435 running_loss=0.035930
2026-08-19 19:52:52 | INFO | epoch=075 train_batch=40/435 running_loss=0.037145
2026-08-19 19:52:53 | INFO | epoch=075 train_batch=50/435 running_loss=0.037159
2026-08-19 19:52:53 | INFO | epoch=075 train_batch=60/435 running_loss=0.037400
2026-08-19 19:52:53 | INFO | epoch=075 train_batch=70/435 running_loss=0.037477
2026-08-19 19:52:53 | INFO | epoch=075 train_batch=80/435 running_loss=0.037516
2026-08-19 19:52:54 | INFO | epoch=075 train_batch=90/435 running_loss=0.037760
2026-08-19 19:52:54 | INFO | epoch=075 train_batch=100/435 running_loss=0.037748
2026-08-19 19:52:54 | INFO | epoch=075 train_batch=110/435 running_loss=0.037681
2026-08-19 19:52:54 | INFO | epoch=075 train_batch=120/435 running_loss=0.037509
2026-08-19 19:52:55 | INFO | epoch=075 train_batch=130/435 running_loss=0.037788
2026-08-19 19:52:55 | INFO | epoch=075 train_batch=140/435 running_loss=0.037808
2026-08-19 19:52:55 | INFO | epoch=075 train_batch=150/435 running_loss=0.038091
2026-08-19 19:52:55 | INFO | epoch=075 train_batch=160/435 running_loss=0.038060
2026-08-19 19:52:56 | INFO | epoch=075 train_batch=170/435 running_loss=0.037946
2026-08-19 19:52:56 | INFO | epoch=075 train_batch=180/435 running_loss=0.038177
2026-08-19 19:52:56 | INFO | epoch=075 train_batch=190/435 running_loss=0.038206
2026-08-19 19:52:56 | INFO | epoch=075 train_batch=200/435 running_loss=0.038170
2026-08-19 19:52:57 | INFO | epoch=075 train_batch=210/435 running_loss=0.038321
2026-08-19 19:52:57 | INFO | epoch=075 train_batch=220/435 running_loss=0.038338
2026-08-19 19:52:57 | INFO | epoch=075 train_batch=230/435 running_loss=0.038309
2026-08-19 19:52:57 | INFO | epoch=075 train_batch=240/435 running_loss=0.038323
2026-08-19 19:52:58 | INFO | epoch=075 train_batch=250/435 running_loss=0.038427
2026-08-19 19:52:58 | INFO | epoch=075 train_batch=260/435 running_loss=0.038338
2026-08-19 19:52:58 | INFO | epoch=075 train_batch=270/435 running_loss=0.038398
2026-08-19 19:52:58 | INFO | epoch=075 train_batch=280/435 running_loss=0.038505
2026-08-19 19:52:59 | INFO | epoch=075 train_batch=290/435 running_loss=0.038495
2026-08-19 19:52:59 | INFO | epoch=075 train_batch=300/435 running_loss=0.038384
2026-08-19 19:52:59 | INFO | epoch=075 train_batch=310/435 running_loss=0.038295
2026-08-19 19:52:59 | INFO | epoch=075 train_batch=320/435 running_loss=0.038363
2026-08-19 19:53:00 | INFO | epoch=075 train_batch=330/435 running_loss=0.038357
2026-08-19 19:53:00 | INFO | epoch=075 train_batch=340/435 running_loss=0.038387
2026-08-19 19:53:00 | INFO | epoch=075 train_batch=350/435 running_loss=0.038463
2026-08-19 19:53:00 | INFO | epoch=075 train_batch=360/435 running_loss=0.038542
2026-08-19 19:53:01 | INFO | epoch=075 train_batch=370/435 running_loss=0.038547
2026-08-19 19:53:01 | INFO | epoch=075 train_batch=380/435 running_loss=0.038537
2026-08-19 19:53:01 | INFO | epoch=075 train_batch=390/435 running_loss=0.038475
2026-08-19 19:53:01 | INFO | epoch=075 train_batch=400/435 running_loss=0.038412
2026-08-19 19:53:02 | INFO | epoch=075 train_batch=410/435 running_loss=0.038328
2026-08-19 19:53:02 | INFO | epoch=075 train_batch=420/435 running_loss=0.038286
2026-08-19 19:53:02 | INFO | epoch=075 train_batch=430/435 running_loss=0.038300
2026-08-19 19:53:02 | INFO | epoch=075 train_batch=435/435 running_loss=0.038308
2026-08-19 19:53:02 | INFO | epoch=075 train_loss=0.038308 validation_loss=0.119504
2026-08-19 19:53:03 | INFO | epoch=076 train_batch=10/435 running_loss=0.037196
2026-08-19 19:53:03 | INFO | epoch=076 train_batch=20/435 running_loss=0.038262
2026-08-19 19:53:03 | INFO | epoch=076 train_batch=30/435 running_loss=0.036967
2026-08-19 19:53:03 | INFO | epoch=076 train_batch=40/435 running_loss=0.036974
2026-08-19 19:53:04 | INFO | epoch=076 train_batch=50/435 running_loss=0.036231
2026-08-19 19:53:04 | INFO | epoch=076 train_batch=60/435 running_loss=0.036641
2026-08-19 19:53:04 | INFO | epoch=076 train_batch=70/435 running_loss=0.037055
2026-08-19 19:53:04 | INFO | epoch=076 train_batch=80/435 running_loss=0.037177
2026-08-19 19:53:05 | INFO | epoch=076 train_batch=90/435 running_loss=0.037480
2026-08-19 19:53:05 | INFO | epoch=076 train_batch=100/435 running_loss=0.037915
2026-08-19 19:53:05 | INFO | epoch=076 train_batch=110/435 running_loss=0.037703
2026-08-19 19:53:05 | INFO | epoch=076 train_batch=120/435 running_loss=0.037640
2026-08-19 19:53:06 | INFO | epoch=076 train_batch=130/435 running_loss=0.037672
2026-08-19 19:53:06 | INFO | epoch=076 train_batch=140/435 running_loss=0.037792
2026-08-19 19:53:06 | INFO | epoch=076 train_batch=150/435 running_loss=0.037685
2026-08-19 19:53:06 | INFO | epoch=076 train_batch=160/435 running_loss=0.037687
2026-08-19 19:53:07 | INFO | epoch=076 train_batch=170/435 running_loss=0.037695
2026-08-19 19:53:07 | INFO | epoch=076 train_batch=180/435 running_loss=0.037798
2026-08-19 19:53:07 | INFO | epoch=076 train_batch=190/435 running_loss=0.037841
2026-08-19 19:53:07 | INFO | epoch=076 train_batch=200/435 running_loss=0.037902
2026-08-19 19:53:08 | INFO | epoch=076 train_batch=210/435 running_loss=0.037965
2026-08-19 19:53:08 | INFO | epoch=076 train_batch=220/435 running_loss=0.037942
2026-08-19 19:53:08 | INFO | epoch=076 train_batch=230/435 running_loss=0.038031
2026-08-19 19:53:08 | INFO | epoch=076 train_batch=240/435 running_loss=0.038027
2026-08-19 19:53:09 | INFO | epoch=076 train_batch=250/435 running_loss=0.038054
2026-08-19 19:53:09 | INFO | epoch=076 train_batch=260/435 running_loss=0.038011
2026-08-19 19:53:09 | INFO | epoch=076 train_batch=270/435 running_loss=0.038052
2026-08-19 19:53:09 | INFO | epoch=076 train_batch=280/435 running_loss=0.038073
2026-08-19 19:53:10 | INFO | epoch=076 train_batch=290/435 running_loss=0.038074
2026-08-19 19:53:10 | INFO | epoch=076 train_batch=300/435 running_loss=0.038066
2026-08-19 19:53:10 | INFO | epoch=076 train_batch=310/435 running_loss=0.038129
2026-08-19 19:53:10 | INFO | epoch=076 train_batch=320/435 running_loss=0.038165
2026-08-19 19:53:11 | INFO | epoch=076 train_batch=330/435 running_loss=0.038120
2026-08-19 19:53:11 | INFO | epoch=076 train_batch=340/435 running_loss=0.038100
2026-08-19 19:53:11 | INFO | epoch=076 train_batch=350/435 running_loss=0.038103
2026-08-19 19:53:11 | INFO | epoch=076 train_batch=360/435 running_loss=0.038162
2026-08-19 19:53:12 | INFO | epoch=076 train_batch=370/435 running_loss=0.038172
2026-08-19 19:53:12 | INFO | epoch=076 train_batch=380/435 running_loss=0.038122
2026-08-19 19:53:12 | INFO | epoch=076 train_batch=390/435 running_loss=0.038229
2026-08-19 19:53:12 | INFO | epoch=076 train_batch=400/435 running_loss=0.038172
2026-08-19 19:53:13 | INFO | epoch=076 train_batch=410/435 running_loss=0.038121
2026-08-19 19:53:13 | INFO | epoch=076 train_batch=420/435 running_loss=0.038083
2026-08-19 19:53:13 | INFO | epoch=076 train_batch=430/435 running_loss=0.038147
2026-08-19 19:53:13 | INFO | epoch=076 train_batch=435/435 running_loss=0.038137
2026-08-19 19:53:13 | INFO | epoch=076 train_loss=0.038137 validation_loss=0.117300
2026-08-19 19:53:14 | INFO | epoch=076 saved new best.pt
2026-08-19 19:53:14 | INFO | epoch=077 train_batch=10/435 running_loss=0.036017
2026-08-19 19:53:14 | INFO | epoch=077 train_batch=20/435 running_loss=0.035504
2026-08-19 19:53:14 | INFO | epoch=077 train_batch=30/435 running_loss=0.036019
2026-08-19 19:53:15 | INFO | epoch=077 train_batch=40/435 running_loss=0.036128
2026-08-19 19:53:15 | INFO | epoch=077 train_batch=50/435 running_loss=0.036447
2026-08-19 19:53:15 | INFO | epoch=077 train_batch=60/435 running_loss=0.036632
2026-08-19 19:53:15 | INFO | epoch=077 train_batch=70/435 running_loss=0.036574
2026-08-19 19:53:16 | INFO | epoch=077 train_batch=80/435 running_loss=0.036431
2026-08-19 19:53:16 | INFO | epoch=077 train_batch=90/435 running_loss=0.036520
2026-08-19 19:53:16 | INFO | epoch=077 train_batch=100/435 running_loss=0.036608
2026-08-19 19:53:16 | INFO | epoch=077 train_batch=110/435 running_loss=0.036525
2026-08-19 19:53:17 | INFO | epoch=077 train_batch=120/435 running_loss=0.036779
2026-08-19 19:53:17 | INFO | epoch=077 train_batch=130/435 running_loss=0.036996
2026-08-19 19:53:17 | INFO | epoch=077 train_batch=140/435 running_loss=0.037008
2026-08-19 19:53:17 | INFO | epoch=077 train_batch=150/435 running_loss=0.037300
2026-08-19 19:53:18 | INFO | epoch=077 train_batch=160/435 running_loss=0.037255
2026-08-19 19:53:18 | INFO | epoch=077 train_batch=170/435 running_loss=0.037419
2026-08-19 19:53:18 | INFO | epoch=077 train_batch=180/435 running_loss=0.037426
2026-08-19 19:53:18 | INFO | epoch=077 train_batch=190/435 running_loss=0.037541
2026-08-19 19:53:19 | INFO | epoch=077 train_batch=200/435 running_loss=0.037641
2026-08-19 19:53:19 | INFO | epoch=077 train_batch=210/435 running_loss=0.037704
2026-08-19 19:53:19 | INFO | epoch=077 train_batch=220/435 running_loss=0.037778
2026-08-19 19:53:19 | INFO | epoch=077 train_batch=230/435 running_loss=0.037921
2026-08-19 19:53:20 | INFO | epoch=077 train_batch=240/435 running_loss=0.037829
2026-08-19 19:53:20 | INFO | epoch=077 train_batch=250/435 running_loss=0.037715
2026-08-19 19:53:20 | INFO | epoch=077 train_batch=260/435 running_loss=0.037712
2026-08-19 19:53:20 | INFO | epoch=077 train_batch=270/435 running_loss=0.037636
2026-08-19 19:53:21 | INFO | epoch=077 train_batch=280/435 running_loss=0.037641
2026-08-19 19:53:21 | INFO | epoch=077 train_batch=290/435 running_loss=0.037781
2026-08-19 19:53:21 | INFO | epoch=077 train_batch=300/435 running_loss=0.037815
2026-08-19 19:53:21 | INFO | epoch=077 train_batch=310/435 running_loss=0.037811
2026-08-19 19:53:22 | INFO | epoch=077 train_batch=320/435 running_loss=0.037778
2026-08-19 19:53:22 | INFO | epoch=077 train_batch=330/435 running_loss=0.037668
2026-08-19 19:53:22 | INFO | epoch=077 train_batch=340/435 running_loss=0.037655
2026-08-19 19:53:22 | INFO | epoch=077 train_batch=350/435 running_loss=0.037723
2026-08-19 19:53:23 | INFO | epoch=077 train_batch=360/435 running_loss=0.037795
2026-08-19 19:53:23 | INFO | epoch=077 train_batch=370/435 running_loss=0.037832
2026-08-19 19:53:23 | INFO | epoch=077 train_batch=380/435 running_loss=0.037912
2026-08-19 19:53:23 | INFO | epoch=077 train_batch=390/435 running_loss=0.037906
2026-08-19 19:53:24 | INFO | epoch=077 train_batch=400/435 running_loss=0.037815
2026-08-19 19:53:24 | INFO | epoch=077 train_batch=410/435 running_loss=0.037839
2026-08-19 19:53:24 | INFO | epoch=077 train_batch=420/435 running_loss=0.037847
2026-08-19 19:53:24 | INFO | epoch=077 train_batch=430/435 running_loss=0.037841
2026-08-19 19:53:24 | INFO | epoch=077 train_batch=435/435 running_loss=0.037810
2026-08-19 19:53:25 | INFO | epoch=077 train_loss=0.037810 validation_loss=0.118885
2026-08-19 19:53:25 | INFO | epoch=078 train_batch=10/435 running_loss=0.035153
2026-08-19 19:53:25 | INFO | epoch=078 train_batch=20/435 running_loss=0.035415
2026-08-19 19:53:25 | INFO | epoch=078 train_batch=30/435 running_loss=0.036356
2026-08-19 19:53:26 | INFO | epoch=078 train_batch=40/435 running_loss=0.036880
2026-08-19 19:53:26 | INFO | epoch=078 train_batch=50/435 running_loss=0.037571
2026-08-19 19:53:26 | INFO | epoch=078 train_batch=60/435 running_loss=0.037835
2026-08-19 19:53:26 | INFO | epoch=078 train_batch=70/435 running_loss=0.037675
2026-08-19 19:53:27 | INFO | epoch=078 train_batch=80/435 running_loss=0.037593
2026-08-19 19:53:27 | INFO | epoch=078 train_batch=90/435 running_loss=0.037524
2026-08-19 19:53:27 | INFO | epoch=078 train_batch=100/435 running_loss=0.037959
2026-08-19 19:53:27 | INFO | epoch=078 train_batch=110/435 running_loss=0.037815
2026-08-19 19:53:28 | INFO | epoch=078 train_batch=120/435 running_loss=0.037666
2026-08-19 19:53:28 | INFO | epoch=078 train_batch=130/435 running_loss=0.037447
2026-08-19 19:53:28 | INFO | epoch=078 train_batch=140/435 running_loss=0.037489
2026-08-19 19:53:28 | INFO | epoch=078 train_batch=150/435 running_loss=0.037459
2026-08-19 19:53:29 | INFO | epoch=078 train_batch=160/435 running_loss=0.037432
2026-08-19 19:53:29 | INFO | epoch=078 train_batch=170/435 running_loss=0.037436
2026-08-19 19:53:29 | INFO | epoch=078 train_batch=180/435 running_loss=0.037246
2026-08-19 19:53:29 | INFO | epoch=078 train_batch=190/435 running_loss=0.037398
2026-08-19 19:53:30 | INFO | epoch=078 train_batch=200/435 running_loss=0.037499
2026-08-19 19:53:30 | INFO | epoch=078 train_batch=210/435 running_loss=0.037502
2026-08-19 19:53:30 | INFO | epoch=078 train_batch=220/435 running_loss=0.037620
2026-08-19 19:53:30 | INFO | epoch=078 train_batch=230/435 running_loss=0.037606
2026-08-19 19:53:31 | INFO | epoch=078 train_batch=240/435 running_loss=0.037556
2026-08-19 19:53:31 | INFO | epoch=078 train_batch=250/435 running_loss=0.037470
2026-08-19 19:53:31 | INFO | epoch=078 train_batch=260/435 running_loss=0.037456
2026-08-19 19:53:31 | INFO | epoch=078 train_batch=270/435 running_loss=0.037590
2026-08-19 19:53:32 | INFO | epoch=078 train_batch=280/435 running_loss=0.037555
2026-08-19 19:53:32 | INFO | epoch=078 train_batch=290/435 running_loss=0.037636
2026-08-19 19:53:32 | INFO | epoch=078 train_batch=300/435 running_loss=0.037742
2026-08-19 19:53:32 | INFO | epoch=078 train_batch=310/435 running_loss=0.037602
2026-08-19 19:53:33 | INFO | epoch=078 train_batch=320/435 running_loss=0.037583
2026-08-19 19:53:33 | INFO | epoch=078 train_batch=330/435 running_loss=0.037688
2026-08-19 19:53:33 | INFO | epoch=078 train_batch=340/435 running_loss=0.037653
2026-08-19 19:53:33 | INFO | epoch=078 train_batch=350/435 running_loss=0.037672
2026-08-19 19:53:34 | INFO | epoch=078 train_batch=360/435 running_loss=0.037763
2026-08-19 19:53:34 | INFO | epoch=078 train_batch=370/435 running_loss=0.037765
2026-08-19 19:53:34 | INFO | epoch=078 train_batch=380/435 running_loss=0.037767
2026-08-19 19:53:34 | INFO | epoch=078 train_batch=390/435 running_loss=0.037883
2026-08-19 19:53:35 | INFO | epoch=078 train_batch=400/435 running_loss=0.037880
2026-08-19 19:53:35 | INFO | epoch=078 train_batch=410/435 running_loss=0.037903
2026-08-19 19:53:35 | INFO | epoch=078 train_batch=420/435 running_loss=0.037823
2026-08-19 19:53:35 | INFO | epoch=078 train_batch=430/435 running_loss=0.037815
2026-08-19 19:53:35 | INFO | epoch=078 train_batch=435/435 running_loss=0.037782
2026-08-19 19:53:36 | INFO | epoch=078 train_loss=0.037782 validation_loss=0.119612
2026-08-19 19:53:36 | INFO | epoch=079 train_batch=10/435 running_loss=0.035617
2026-08-19 19:53:36 | INFO | epoch=079 train_batch=20/435 running_loss=0.036498
2026-08-19 19:53:36 | INFO | epoch=079 train_batch=30/435 running_loss=0.036081
2026-08-19 19:53:37 | INFO | epoch=079 train_batch=40/435 running_loss=0.036163
2026-08-19 19:53:37 | INFO | epoch=079 train_batch=50/435 running_loss=0.036308
2026-08-19 19:53:37 | INFO | epoch=079 train_batch=60/435 running_loss=0.035883
2026-08-19 19:53:37 | INFO | epoch=079 train_batch=70/435 running_loss=0.036204
2026-08-19 19:53:38 | INFO | epoch=079 train_batch=80/435 running_loss=0.036831
2026-08-19 19:53:38 | INFO | epoch=079 train_batch=90/435 running_loss=0.036814
2026-08-19 19:53:38 | INFO | epoch=079 train_batch=100/435 running_loss=0.036916
2026-08-19 19:53:38 | INFO | epoch=079 train_batch=110/435 running_loss=0.037091
2026-08-19 19:53:39 | INFO | epoch=079 train_batch=120/435 running_loss=0.037008
2026-08-19 19:53:39 | INFO | epoch=079 train_batch=130/435 running_loss=0.036898
2026-08-19 19:53:39 | INFO | epoch=079 train_batch=140/435 running_loss=0.036995
2026-08-19 19:53:39 | INFO | epoch=079 train_batch=150/435 running_loss=0.037018
2026-08-19 19:53:40 | INFO | epoch=079 train_batch=160/435 running_loss=0.037033
2026-08-19 19:53:40 | INFO | epoch=079 train_batch=170/435 running_loss=0.037112
2026-08-19 19:53:40 | INFO | epoch=079 train_batch=180/435 running_loss=0.037302
2026-08-19 19:53:40 | INFO | epoch=079 train_batch=190/435 running_loss=0.037307
2026-08-19 19:53:41 | INFO | epoch=079 train_batch=200/435 running_loss=0.037343
2026-08-19 19:53:41 | INFO | epoch=079 train_batch=210/435 running_loss=0.037496
2026-08-19 19:53:41 | INFO | epoch=079 train_batch=220/435 running_loss=0.037583
2026-08-19 19:53:41 | INFO | epoch=079 train_batch=230/435 running_loss=0.037693
2026-08-19 19:53:42 | INFO | epoch=079 train_batch=240/435 running_loss=0.037733
2026-08-19 19:53:42 | INFO | epoch=079 train_batch=250/435 running_loss=0.037728
2026-08-19 19:53:42 | INFO | epoch=079 train_batch=260/435 running_loss=0.037750
2026-08-19 19:53:42 | INFO | epoch=079 train_batch=270/435 running_loss=0.037771
2026-08-19 19:53:43 | INFO | epoch=079 train_batch=280/435 running_loss=0.037688
2026-08-19 19:53:43 | INFO | epoch=079 train_batch=290/435 running_loss=0.037716
2026-08-19 19:53:43 | INFO | epoch=079 train_batch=300/435 running_loss=0.037717
2026-08-19 19:53:43 | INFO | epoch=079 train_batch=310/435 running_loss=0.037686
2026-08-19 19:53:44 | INFO | epoch=079 train_batch=320/435 running_loss=0.037724
2026-08-19 19:53:44 | INFO | epoch=079 train_batch=330/435 running_loss=0.037825
2026-08-19 19:53:44 | INFO | epoch=079 train_batch=340/435 running_loss=0.037763
2026-08-19 19:53:44 | INFO | epoch=079 train_batch=350/435 running_loss=0.037781
2026-08-19 19:53:45 | INFO | epoch=079 train_batch=360/435 running_loss=0.037772
2026-08-19 19:53:45 | INFO | epoch=079 train_batch=370/435 running_loss=0.037761
2026-08-19 19:53:45 | INFO | epoch=079 train_batch=380/435 running_loss=0.037767
2026-08-19 19:53:45 | INFO | epoch=079 train_batch=390/435 running_loss=0.037756
2026-08-19 19:53:46 | INFO | epoch=079 train_batch=400/435 running_loss=0.037759
2026-08-19 19:53:46 | INFO | epoch=079 train_batch=410/435 running_loss=0.037767
2026-08-19 19:53:46 | INFO | epoch=079 train_batch=420/435 running_loss=0.037814
2026-08-19 19:53:46 | INFO | epoch=079 train_batch=430/435 running_loss=0.037876
2026-08-19 19:53:46 | INFO | epoch=079 train_batch=435/435 running_loss=0.037895
2026-08-19 19:53:47 | INFO | epoch=079 train_loss=0.037895 validation_loss=0.116934
2026-08-19 19:53:47 | INFO | epoch=079 saved new best.pt
2026-08-19 19:53:47 | INFO | epoch=080 train_batch=10/435 running_loss=0.037856
2026-08-19 19:53:47 | INFO | epoch=080 train_batch=20/435 running_loss=0.034548
2026-08-19 19:53:48 | INFO | epoch=080 train_batch=30/435 running_loss=0.034452
2026-08-19 19:53:48 | INFO | epoch=080 train_batch=40/435 running_loss=0.035710
2026-08-19 19:53:48 | INFO | epoch=080 train_batch=50/435 running_loss=0.036147
2026-08-19 19:53:48 | INFO | epoch=080 train_batch=60/435 running_loss=0.036538
2026-08-19 19:53:49 | INFO | epoch=080 train_batch=70/435 running_loss=0.036526
2026-08-19 19:53:49 | INFO | epoch=080 train_batch=80/435 running_loss=0.036790
2026-08-19 19:53:49 | INFO | epoch=080 train_batch=90/435 running_loss=0.037136
2026-08-19 19:53:49 | INFO | epoch=080 train_batch=100/435 running_loss=0.037220
2026-08-19 19:53:50 | INFO | epoch=080 train_batch=110/435 running_loss=0.036980
2026-08-19 19:53:50 | INFO | epoch=080 train_batch=120/435 running_loss=0.037327
2026-08-19 19:53:50 | INFO | epoch=080 train_batch=130/435 running_loss=0.037417
2026-08-19 19:53:50 | INFO | epoch=080 train_batch=140/435 running_loss=0.037449
2026-08-19 19:53:51 | INFO | epoch=080 train_batch=150/435 running_loss=0.037466
2026-08-19 19:53:51 | INFO | epoch=080 train_batch=160/435 running_loss=0.037543
2026-08-19 19:53:51 | INFO | epoch=080 train_batch=170/435 running_loss=0.037417
2026-08-19 19:53:51 | INFO | epoch=080 train_batch=180/435 running_loss=0.037491
2026-08-19 19:53:52 | INFO | epoch=080 train_batch=190/435 running_loss=0.037414
2026-08-19 19:53:52 | INFO | epoch=080 train_batch=200/435 running_loss=0.037312
2026-08-19 19:53:52 | INFO | epoch=080 train_batch=210/435 running_loss=0.037157
2026-08-19 19:53:52 | INFO | epoch=080 train_batch=220/435 running_loss=0.037225
2026-08-19 19:53:53 | INFO | epoch=080 train_batch=230/435 running_loss=0.037220
2026-08-19 19:53:53 | INFO | epoch=080 train_batch=240/435 running_loss=0.037289
2026-08-19 19:53:53 | INFO | epoch=080 train_batch=250/435 running_loss=0.037322
2026-08-19 19:53:53 | INFO | epoch=080 train_batch=260/435 running_loss=0.037297
2026-08-19 19:53:54 | INFO | epoch=080 train_batch=270/435 running_loss=0.037395
2026-08-19 19:53:54 | INFO | epoch=080 train_batch=280/435 running_loss=0.037390
2026-08-19 19:53:54 | INFO | epoch=080 train_batch=290/435 running_loss=0.037370
2026-08-19 19:53:54 | INFO | epoch=080 train_batch=300/435 running_loss=0.037349
2026-08-19 19:53:55 | INFO | epoch=080 train_batch=310/435 running_loss=0.037455
2026-08-19 19:53:55 | INFO | epoch=080 train_batch=320/435 running_loss=0.037506
2026-08-19 19:53:55 | INFO | epoch=080 train_batch=330/435 running_loss=0.037417
2026-08-19 19:53:55 | INFO | epoch=080 train_batch=340/435 running_loss=0.037492
2026-08-19 19:53:56 | INFO | epoch=080 train_batch=350/435 running_loss=0.037544
2026-08-19 19:53:56 | INFO | epoch=080 train_batch=360/435 running_loss=0.037529
2026-08-19 19:53:56 | INFO | epoch=080 train_batch=370/435 running_loss=0.037543
2026-08-19 19:53:56 | INFO | epoch=080 train_batch=380/435 running_loss=0.037596
2026-08-19 19:53:57 | INFO | epoch=080 train_batch=390/435 running_loss=0.037760
2026-08-19 19:53:57 | INFO | epoch=080 train_batch=400/435 running_loss=0.037737
2026-08-19 19:53:57 | INFO | epoch=080 train_batch=410/435 running_loss=0.037757
2026-08-19 19:53:57 | INFO | epoch=080 train_batch=420/435 running_loss=0.037741
2026-08-19 19:53:58 | INFO | epoch=080 train_batch=430/435 running_loss=0.037770
2026-08-19 19:53:58 | INFO | epoch=080 train_batch=435/435 running_loss=0.037745
2026-08-19 19:53:58 | INFO | epoch=080 train_loss=0.037745 validation_loss=0.117005
2026-08-19 19:53:58 | INFO | epoch=081 train_batch=10/435 running_loss=0.037902
2026-08-19 19:53:58 | INFO | epoch=081 train_batch=20/435 running_loss=0.037650
2026-08-19 19:53:59 | INFO | epoch=081 train_batch=30/435 running_loss=0.037327
2026-08-19 19:53:59 | INFO | epoch=081 train_batch=40/435 running_loss=0.037585
2026-08-19 19:53:59 | INFO | epoch=081 train_batch=50/435 running_loss=0.037187
2026-08-19 19:53:59 | INFO | epoch=081 train_batch=60/435 running_loss=0.037574
2026-08-19 19:54:00 | INFO | epoch=081 train_batch=70/435 running_loss=0.037710
2026-08-19 19:54:00 | INFO | epoch=081 train_batch=80/435 running_loss=0.037730
2026-08-19 19:54:00 | INFO | epoch=081 train_batch=90/435 running_loss=0.037618
2026-08-19 19:54:01 | INFO | epoch=081 train_batch=100/435 running_loss=0.037569
2026-08-19 19:54:01 | INFO | epoch=081 train_batch=110/435 running_loss=0.037417
2026-08-19 19:54:01 | INFO | epoch=081 train_batch=120/435 running_loss=0.037399
2026-08-19 19:54:01 | INFO | epoch=081 train_batch=130/435 running_loss=0.037348
2026-08-19 19:54:01 | INFO | epoch=081 train_batch=140/435 running_loss=0.037253
2026-08-19 19:54:02 | INFO | epoch=081 train_batch=150/435 running_loss=0.037154
2026-08-19 19:54:02 | INFO | epoch=081 train_batch=160/435 running_loss=0.037397
2026-08-19 19:54:02 | INFO | epoch=081 train_batch=170/435 running_loss=0.037368
2026-08-19 19:54:03 | INFO | epoch=081 train_batch=180/435 running_loss=0.037358
2026-08-19 19:54:03 | INFO | epoch=081 train_batch=190/435 running_loss=0.037387
2026-08-19 19:54:03 | INFO | epoch=081 train_batch=200/435 running_loss=0.037638
2026-08-19 19:54:03 | INFO | epoch=081 train_batch=210/435 running_loss=0.037746
2026-08-19 19:54:03 | INFO | epoch=081 train_batch=220/435 running_loss=0.037668
2026-08-19 19:54:04 | INFO | epoch=081 train_batch=230/435 running_loss=0.037613
2026-08-19 19:54:04 | INFO | epoch=081 train_batch=240/435 running_loss=0.037634
2026-08-19 19:54:04 | INFO | epoch=081 train_batch=250/435 running_loss=0.037638
2026-08-19 19:54:04 | INFO | epoch=081 train_batch=260/435 running_loss=0.037611
2026-08-19 19:54:05 | INFO | epoch=081 train_batch=270/435 running_loss=0.037563
2026-08-19 19:54:05 | INFO | epoch=081 train_batch=280/435 running_loss=0.037444
2026-08-19 19:54:05 | INFO | epoch=081 train_batch=290/435 running_loss=0.037528
2026-08-19 19:54:05 | INFO | epoch=081 train_batch=300/435 running_loss=0.037470
2026-08-19 19:54:06 | INFO | epoch=081 train_batch=310/435 running_loss=0.037406
2026-08-19 19:54:06 | INFO | epoch=081 train_batch=320/435 running_loss=0.037481
2026-08-19 19:54:06 | INFO | epoch=081 train_batch=330/435 running_loss=0.037529
2026-08-19 19:54:06 | INFO | epoch=081 train_batch=340/435 running_loss=0.037513
2026-08-19 19:54:07 | INFO | epoch=081 train_batch=350/435 running_loss=0.037453
2026-08-19 19:54:07 | INFO | epoch=081 train_batch=360/435 running_loss=0.037468
2026-08-19 19:54:07 | INFO | epoch=081 train_batch=370/435 running_loss=0.037467
2026-08-19 19:54:07 | INFO | epoch=081 train_batch=380/435 running_loss=0.037540
2026-08-19 19:54:08 | INFO | epoch=081 train_batch=390/435 running_loss=0.037547
2026-08-19 19:54:08 | INFO | epoch=081 train_batch=400/435 running_loss=0.037612
2026-08-19 19:54:08 | INFO | epoch=081 train_batch=410/435 running_loss=0.037615
2026-08-19 19:54:09 | INFO | epoch=081 train_batch=420/435 running_loss=0.037640
2026-08-19 19:54:09 | INFO | epoch=081 train_batch=430/435 running_loss=0.037593
2026-08-19 19:54:09 | INFO | epoch=081 train_batch=435/435 running_loss=0.037600
2026-08-19 19:54:09 | INFO | epoch=081 train_loss=0.037600 validation_loss=0.117378
2026-08-19 19:54:09 | INFO | epoch=082 train_batch=10/435 running_loss=0.036295
2026-08-19 19:54:10 | INFO | epoch=082 train_batch=20/435 running_loss=0.036385
2026-08-19 19:54:10 | INFO | epoch=082 train_batch=30/435 running_loss=0.037000
2026-08-19 19:54:10 | INFO | epoch=082 train_batch=40/435 running_loss=0.036436
2026-08-19 19:54:10 | INFO | epoch=082 train_batch=50/435 running_loss=0.037414
2026-08-19 19:54:11 | INFO | epoch=082 train_batch=60/435 running_loss=0.036813
2026-08-19 19:54:11 | INFO | epoch=082 train_batch=70/435 running_loss=0.037117
2026-08-19 19:54:11 | INFO | epoch=082 train_batch=80/435 running_loss=0.037571
2026-08-19 19:54:11 | INFO | epoch=082 train_batch=90/435 running_loss=0.037722
2026-08-19 19:54:12 | INFO | epoch=082 train_batch=100/435 running_loss=0.037552
2026-08-19 19:54:12 | INFO | epoch=082 train_batch=110/435 running_loss=0.037581
2026-08-19 19:54:12 | INFO | epoch=082 train_batch=120/435 running_loss=0.037697
2026-08-19 19:54:12 | INFO | epoch=082 train_batch=130/435 running_loss=0.037614
2026-08-19 19:54:13 | INFO | epoch=082 train_batch=140/435 running_loss=0.037443
2026-08-19 19:54:13 | INFO | epoch=082 train_batch=150/435 running_loss=0.037399
2026-08-19 19:54:13 | INFO | epoch=082 train_batch=160/435 running_loss=0.037320
2026-08-19 19:54:13 | INFO | epoch=082 train_batch=170/435 running_loss=0.037318
2026-08-19 19:54:14 | INFO | epoch=082 train_batch=180/435 running_loss=0.037268
2026-08-19 19:54:14 | INFO | epoch=082 train_batch=190/435 running_loss=0.037470
2026-08-19 19:54:14 | INFO | epoch=082 train_batch=200/435 running_loss=0.037339
2026-08-19 19:54:14 | INFO | epoch=082 train_batch=210/435 running_loss=0.037386
2026-08-19 19:54:15 | INFO | epoch=082 train_batch=220/435 running_loss=0.037445
2026-08-19 19:54:15 | INFO | epoch=082 train_batch=230/435 running_loss=0.037448
2026-08-19 19:54:15 | INFO | epoch=082 train_batch=240/435 running_loss=0.037408
2026-08-19 19:54:15 | INFO | epoch=082 train_batch=250/435 running_loss=0.037427
2026-08-19 19:54:16 | INFO | epoch=082 train_batch=260/435 running_loss=0.037441
2026-08-19 19:54:16 | INFO | epoch=082 train_batch=270/435 running_loss=0.037536
2026-08-19 19:54:16 | INFO | epoch=082 train_batch=280/435 running_loss=0.037481
2026-08-19 19:54:16 | INFO | epoch=082 train_batch=290/435 running_loss=0.037419
2026-08-19 19:54:17 | INFO | epoch=082 train_batch=300/435 running_loss=0.037413
2026-08-19 19:54:17 | INFO | epoch=082 train_batch=310/435 running_loss=0.037465
2026-08-19 19:54:17 | INFO | epoch=082 train_batch=320/435 running_loss=0.037533
2026-08-19 19:54:17 | INFO | epoch=082 train_batch=330/435 running_loss=0.037536
2026-08-19 19:54:18 | INFO | epoch=082 train_batch=340/435 running_loss=0.037504
2026-08-19 19:54:18 | INFO | epoch=082 train_batch=350/435 running_loss=0.037617
2026-08-19 19:54:18 | INFO | epoch=082 train_batch=360/435 running_loss=0.037571
2026-08-19 19:54:18 | INFO | epoch=082 train_batch=370/435 running_loss=0.037666
2026-08-19 19:54:19 | INFO | epoch=082 train_batch=380/435 running_loss=0.037567
2026-08-19 19:54:19 | INFO | epoch=082 train_batch=390/435 running_loss=0.037541
2026-08-19 19:54:19 | INFO | epoch=082 train_batch=400/435 running_loss=0.037484
2026-08-19 19:54:19 | INFO | epoch=082 train_batch=410/435 running_loss=0.037493
2026-08-19 19:54:20 | INFO | epoch=082 train_batch=420/435 running_loss=0.037516
2026-08-19 19:54:20 | INFO | epoch=082 train_batch=430/435 running_loss=0.037603
2026-08-19 19:54:20 | INFO | epoch=082 train_batch=435/435 running_loss=0.037591
2026-08-19 19:54:20 | INFO | epoch=082 train_loss=0.037591 validation_loss=0.117058
2026-08-19 19:54:21 | INFO | epoch=083 train_batch=10/435 running_loss=0.036233
2026-08-19 19:54:21 | INFO | epoch=083 train_batch=20/435 running_loss=0.036190
2026-08-19 19:54:21 | INFO | epoch=083 train_batch=30/435 running_loss=0.036368
2026-08-19 19:54:21 | INFO | epoch=083 train_batch=40/435 running_loss=0.035530
2026-08-19 19:54:21 | INFO | epoch=083 train_batch=50/435 running_loss=0.035906
2026-08-19 19:54:22 | INFO | epoch=083 train_batch=60/435 running_loss=0.036472
2026-08-19 19:54:22 | INFO | epoch=083 train_batch=70/435 running_loss=0.036827
2026-08-19 19:54:22 | INFO | epoch=083 train_batch=80/435 running_loss=0.036851
2026-08-19 19:54:22 | INFO | epoch=083 train_batch=90/435 running_loss=0.036799
2026-08-19 19:54:23 | INFO | epoch=083 train_batch=100/435 running_loss=0.036662
2026-08-19 19:54:23 | INFO | epoch=083 train_batch=110/435 running_loss=0.036977
2026-08-19 19:54:23 | INFO | epoch=083 train_batch=120/435 running_loss=0.037170
2026-08-19 19:54:23 | INFO | epoch=083 train_batch=130/435 running_loss=0.037133
2026-08-19 19:54:24 | INFO | epoch=083 train_batch=140/435 running_loss=0.037093
2026-08-19 19:54:24 | INFO | epoch=083 train_batch=150/435 running_loss=0.037281
2026-08-19 19:54:24 | INFO | epoch=083 train_batch=160/435 running_loss=0.037414
2026-08-19 19:54:24 | INFO | epoch=083 train_batch=170/435 running_loss=0.037370
2026-08-19 19:54:25 | INFO | epoch=083 train_batch=180/435 running_loss=0.037274
2026-08-19 19:54:25 | INFO | epoch=083 train_batch=190/435 running_loss=0.037514
2026-08-19 19:54:25 | INFO | epoch=083 train_batch=200/435 running_loss=0.037436
2026-08-19 19:54:25 | INFO | epoch=083 train_batch=210/435 running_loss=0.037549
2026-08-19 19:54:26 | INFO | epoch=083 train_batch=220/435 running_loss=0.037554
2026-08-19 19:54:26 | INFO | epoch=083 train_batch=230/435 running_loss=0.037550
2026-08-19 19:54:26 | INFO | epoch=083 train_batch=240/435 running_loss=0.037539
2026-08-19 19:54:26 | INFO | epoch=083 train_batch=250/435 running_loss=0.037680
2026-08-19 19:54:27 | INFO | epoch=083 train_batch=260/435 running_loss=0.037634
2026-08-19 19:54:27 | INFO | epoch=083 train_batch=270/435 running_loss=0.037615
2026-08-19 19:54:27 | INFO | epoch=083 train_batch=280/435 running_loss=0.037648
2026-08-19 19:54:27 | INFO | epoch=083 train_batch=290/435 running_loss=0.037562
2026-08-19 19:54:28 | INFO | epoch=083 train_batch=300/435 running_loss=0.037605
2026-08-19 19:54:28 | INFO | epoch=083 train_batch=310/435 running_loss=0.037663
2026-08-19 19:54:28 | INFO | epoch=083 train_batch=320/435 running_loss=0.037664
2026-08-19 19:54:28 | INFO | epoch=083 train_batch=330/435 running_loss=0.037708
2026-08-19 19:54:29 | INFO | epoch=083 train_batch=340/435 running_loss=0.037766
2026-08-19 19:54:29 | INFO | epoch=083 train_batch=350/435 running_loss=0.037702
2026-08-19 19:54:29 | INFO | epoch=083 train_batch=360/435 running_loss=0.037687
2026-08-19 19:54:29 | INFO | epoch=083 train_batch=370/435 running_loss=0.037659
2026-08-19 19:54:30 | INFO | epoch=083 train_batch=380/435 running_loss=0.037625
2026-08-19 19:54:30 | INFO | epoch=083 train_batch=390/435 running_loss=0.037645
2026-08-19 19:54:30 | INFO | epoch=083 train_batch=400/435 running_loss=0.037544
2026-08-19 19:54:30 | INFO | epoch=083 train_batch=410/435 running_loss=0.037494
2026-08-19 19:54:31 | INFO | epoch=083 train_batch=420/435 running_loss=0.037435
2026-08-19 19:54:31 | INFO | epoch=083 train_batch=430/435 running_loss=0.037424
2026-08-19 19:54:31 | INFO | epoch=083 train_batch=435/435 running_loss=0.037462
2026-08-19 19:54:31 | INFO | epoch=083 train_loss=0.037462 validation_loss=0.115890
2026-08-19 19:54:31 | INFO | epoch=083 saved new best.pt
2026-08-19 19:54:32 | INFO | epoch=084 train_batch=10/435 running_loss=0.034032
2026-08-19 19:54:32 | INFO | epoch=084 train_batch=20/435 running_loss=0.035746
2026-08-19 19:54:32 | INFO | epoch=084 train_batch=30/435 running_loss=0.036058
2026-08-19 19:54:32 | INFO | epoch=084 train_batch=40/435 running_loss=0.036308
2026-08-19 19:54:33 | INFO | epoch=084 train_batch=50/435 running_loss=0.036416
2026-08-19 19:54:33 | INFO | epoch=084 train_batch=60/435 running_loss=0.036560
2026-08-19 19:54:33 | INFO | epoch=084 train_batch=70/435 running_loss=0.036890
2026-08-19 19:54:33 | INFO | epoch=084 train_batch=80/435 running_loss=0.037168
2026-08-19 19:54:34 | INFO | epoch=084 train_batch=90/435 running_loss=0.037124
2026-08-19 19:54:34 | INFO | epoch=084 train_batch=100/435 running_loss=0.037114
2026-08-19 19:54:34 | INFO | epoch=084 train_batch=110/435 running_loss=0.037256
2026-08-19 19:54:34 | INFO | epoch=084 train_batch=120/435 running_loss=0.037208
2026-08-19 19:54:35 | INFO | epoch=084 train_batch=130/435 running_loss=0.037040
2026-08-19 19:54:35 | INFO | epoch=084 train_batch=140/435 running_loss=0.037263
2026-08-19 19:54:35 | INFO | epoch=084 train_batch=150/435 running_loss=0.037476
2026-08-19 19:54:35 | INFO | epoch=084 train_batch=160/435 running_loss=0.037533
2026-08-19 19:54:36 | INFO | epoch=084 train_batch=170/435 running_loss=0.037656
2026-08-19 19:54:36 | INFO | epoch=084 train_batch=180/435 running_loss=0.037612
2026-08-19 19:54:36 | INFO | epoch=084 train_batch=190/435 running_loss=0.037565
2026-08-19 19:54:36 | INFO | epoch=084 train_batch=200/435 running_loss=0.037532
2026-08-19 19:54:37 | INFO | epoch=084 train_batch=210/435 running_loss=0.037421
2026-08-19 19:54:37 | INFO | epoch=084 train_batch=220/435 running_loss=0.037344
2026-08-19 19:54:37 | INFO | epoch=084 train_batch=230/435 running_loss=0.037179
2026-08-19 19:54:37 | INFO | epoch=084 train_batch=240/435 running_loss=0.037121
2026-08-19 19:54:38 | INFO | epoch=084 train_batch=250/435 running_loss=0.037189
2026-08-19 19:54:38 | INFO | epoch=084 train_batch=260/435 running_loss=0.037094
2026-08-19 19:54:38 | INFO | epoch=084 train_batch=270/435 running_loss=0.037110
2026-08-19 19:54:38 | INFO | epoch=084 train_batch=280/435 running_loss=0.037137
2026-08-19 19:54:39 | INFO | epoch=084 train_batch=290/435 running_loss=0.037168
2026-08-19 19:54:39 | INFO | epoch=084 train_batch=300/435 running_loss=0.037286
2026-08-19 19:54:39 | INFO | epoch=084 train_batch=310/435 running_loss=0.037373
2026-08-19 19:54:39 | INFO | epoch=084 train_batch=320/435 running_loss=0.037398
2026-08-19 19:54:39 | INFO | epoch=084 train_batch=330/435 running_loss=0.037358
2026-08-19 19:54:40 | INFO | epoch=084 train_batch=340/435 running_loss=0.037341
2026-08-19 19:54:40 | INFO | epoch=084 train_batch=350/435 running_loss=0.037322
2026-08-19 19:54:40 | INFO | epoch=084 train_batch=360/435 running_loss=0.037285
2026-08-19 19:54:40 | INFO | epoch=084 train_batch=370/435 running_loss=0.037390
2026-08-19 19:54:41 | INFO | epoch=084 train_batch=380/435 running_loss=0.037396
2026-08-19 19:54:41 | INFO | epoch=084 train_batch=390/435 running_loss=0.037379
2026-08-19 19:54:41 | INFO | epoch=084 train_batch=400/435 running_loss=0.037395
2026-08-19 19:54:41 | INFO | epoch=084 train_batch=410/435 running_loss=0.037436
2026-08-19 19:54:42 | INFO | epoch=084 train_batch=420/435 running_loss=0.037427
2026-08-19 19:54:42 | INFO | epoch=084 train_batch=430/435 running_loss=0.037473
2026-08-19 19:54:42 | INFO | epoch=084 train_batch=435/435 running_loss=0.037452
2026-08-19 19:54:42 | INFO | epoch=084 train_loss=0.037452 validation_loss=0.119676
2026-08-19 19:54:42 | INFO | epoch=085 train_batch=10/435 running_loss=0.041185
2026-08-19 19:54:43 | INFO | epoch=085 train_batch=20/435 running_loss=0.038400
2026-08-19 19:54:43 | INFO | epoch=085 train_batch=30/435 running_loss=0.038197
2026-08-19 19:54:43 | INFO | epoch=085 train_batch=40/435 running_loss=0.037881
2026-08-19 19:54:43 | INFO | epoch=085 train_batch=50/435 running_loss=0.038004
2026-08-19 19:54:44 | INFO | epoch=085 train_batch=60/435 running_loss=0.037473
2026-08-19 19:54:44 | INFO | epoch=085 train_batch=70/435 running_loss=0.037336
2026-08-19 19:54:44 | INFO | epoch=085 train_batch=80/435 running_loss=0.037233
2026-08-19 19:54:44 | INFO | epoch=085 train_batch=90/435 running_loss=0.037413
2026-08-19 19:54:45 | INFO | epoch=085 train_batch=100/435 running_loss=0.037102
2026-08-19 19:54:45 | INFO | epoch=085 train_batch=110/435 running_loss=0.037062
2026-08-19 19:54:45 | INFO | epoch=085 train_batch=120/435 running_loss=0.036975
2026-08-19 19:54:45 | INFO | epoch=085 train_batch=130/435 running_loss=0.036964
2026-08-19 19:54:46 | INFO | epoch=085 train_batch=140/435 running_loss=0.036861
2026-08-19 19:54:46 | INFO | epoch=085 train_batch=150/435 running_loss=0.036895
2026-08-19 19:54:46 | INFO | epoch=085 train_batch=160/435 running_loss=0.036880
2026-08-19 19:54:46 | INFO | epoch=085 train_batch=170/435 running_loss=0.036920
2026-08-19 19:54:46 | INFO | epoch=085 train_batch=180/435 running_loss=0.036837
2026-08-19 19:54:47 | INFO | epoch=085 train_batch=190/435 running_loss=0.036724
2026-08-19 19:54:47 | INFO | epoch=085 train_batch=200/435 running_loss=0.036745
2026-08-19 19:54:47 | INFO | epoch=085 train_batch=210/435 running_loss=0.036812
2026-08-19 19:54:47 | INFO | epoch=085 train_batch=220/435 running_loss=0.036772
2026-08-19 19:54:48 | INFO | epoch=085 train_batch=230/435 running_loss=0.036794
2026-08-19 19:54:48 | INFO | epoch=085 train_batch=240/435 running_loss=0.036858
2026-08-19 19:54:48 | INFO | epoch=085 train_batch=250/435 running_loss=0.036832
2026-08-19 19:54:48 | INFO | epoch=085 train_batch=260/435 running_loss=0.036814
2026-08-19 19:54:49 | INFO | epoch=085 train_batch=270/435 running_loss=0.036794
2026-08-19 19:54:49 | INFO | epoch=085 train_batch=280/435 running_loss=0.036899
2026-08-19 19:54:49 | INFO | epoch=085 train_batch=290/435 running_loss=0.036962
2026-08-19 19:54:49 | INFO | epoch=085 train_batch=300/435 running_loss=0.037038
2026-08-19 19:54:50 | INFO | epoch=085 train_batch=310/435 running_loss=0.037012
2026-08-19 19:54:50 | INFO | epoch=085 train_batch=320/435 running_loss=0.036984
2026-08-19 19:54:50 | INFO | epoch=085 train_batch=330/435 running_loss=0.036963
2026-08-19 19:54:50 | INFO | epoch=085 train_batch=340/435 running_loss=0.037016
2026-08-19 19:54:50 | INFO | epoch=085 train_batch=350/435 running_loss=0.036965
2026-08-19 19:54:51 | INFO | epoch=085 train_batch=360/435 running_loss=0.036996
2026-08-19 19:54:51 | INFO | epoch=085 train_batch=370/435 running_loss=0.037142
2026-08-19 19:54:51 | INFO | epoch=085 train_batch=380/435 running_loss=0.037112
2026-08-19 19:54:51 | INFO | epoch=085 train_batch=390/435 running_loss=0.037075
2026-08-19 19:54:52 | INFO | epoch=085 train_batch=400/435 running_loss=0.037108
2026-08-19 19:54:52 | INFO | epoch=085 train_batch=410/435 running_loss=0.037182
2026-08-19 19:54:52 | INFO | epoch=085 train_batch=420/435 running_loss=0.037150
2026-08-19 19:54:52 | INFO | epoch=085 train_batch=430/435 running_loss=0.037209
2026-08-19 19:54:53 | INFO | epoch=085 train_batch=435/435 running_loss=0.037236
2026-08-19 19:54:53 | INFO | epoch=085 train_loss=0.037236 validation_loss=0.119487
2026-08-19 19:54:53 | INFO | epoch=086 train_batch=10/435 running_loss=0.035983
2026-08-19 19:54:53 | INFO | epoch=086 train_batch=20/435 running_loss=0.035041
2026-08-19 19:54:54 | INFO | epoch=086 train_batch=30/435 running_loss=0.035555
2026-08-19 19:54:54 | INFO | epoch=086 train_batch=40/435 running_loss=0.035971
2026-08-19 19:54:54 | INFO | epoch=086 train_batch=50/435 running_loss=0.036503
2026-08-19 19:54:54 | INFO | epoch=086 train_batch=60/435 running_loss=0.036921
2026-08-19 19:54:55 | INFO | epoch=086 train_batch=70/435 running_loss=0.036858
2026-08-19 19:54:55 | INFO | epoch=086 train_batch=80/435 running_loss=0.036586
2026-08-19 19:54:55 | INFO | epoch=086 train_batch=90/435 running_loss=0.036942
2026-08-19 19:54:55 | INFO | epoch=086 train_batch=100/435 running_loss=0.037123
2026-08-19 19:54:56 | INFO | epoch=086 train_batch=110/435 running_loss=0.036905
2026-08-19 19:54:56 | INFO | epoch=086 train_batch=120/435 running_loss=0.036860
2026-08-19 19:54:56 | INFO | epoch=086 train_batch=130/435 running_loss=0.037127
2026-08-19 19:54:56 | INFO | epoch=086 train_batch=140/435 running_loss=0.036983
2026-08-19 19:54:57 | INFO | epoch=086 train_batch=150/435 running_loss=0.037039
2026-08-19 19:54:57 | INFO | epoch=086 train_batch=160/435 running_loss=0.037099
2026-08-19 19:54:57 | INFO | epoch=086 train_batch=170/435 running_loss=0.036909
2026-08-19 19:54:57 | INFO | epoch=086 train_batch=180/435 running_loss=0.036981
2026-08-19 19:54:58 | INFO | epoch=086 train_batch=190/435 running_loss=0.037079
2026-08-19 19:54:58 | INFO | epoch=086 train_batch=200/435 running_loss=0.037053
2026-08-19 19:54:58 | INFO | epoch=086 train_batch=210/435 running_loss=0.037174
2026-08-19 19:54:58 | INFO | epoch=086 train_batch=220/435 running_loss=0.037287
2026-08-19 19:54:59 | INFO | epoch=086 train_batch=230/435 running_loss=0.037296
2026-08-19 19:54:59 | INFO | epoch=086 train_batch=240/435 running_loss=0.037362
2026-08-19 19:54:59 | INFO | epoch=086 train_batch=250/435 running_loss=0.037397
2026-08-19 19:54:59 | INFO | epoch=086 train_batch=260/435 running_loss=0.037306
2026-08-19 19:55:00 | INFO | epoch=086 train_batch=270/435 running_loss=0.037313
2026-08-19 19:55:00 | INFO | epoch=086 train_batch=280/435 running_loss=0.037325
2026-08-19 19:55:00 | INFO | epoch=086 train_batch=290/435 running_loss=0.037268
2026-08-19 19:55:00 | INFO | epoch=086 train_batch=300/435 running_loss=0.037185
2026-08-19 19:55:01 | INFO | epoch=086 train_batch=310/435 running_loss=0.037208
2026-08-19 19:55:01 | INFO | epoch=086 train_batch=320/435 running_loss=0.037262
2026-08-19 19:55:01 | INFO | epoch=086 train_batch=330/435 running_loss=0.037179
2026-08-19 19:55:01 | INFO | epoch=086 train_batch=340/435 running_loss=0.037142
2026-08-19 19:55:02 | INFO | epoch=086 train_batch=350/435 running_loss=0.037147
2026-08-19 19:55:02 | INFO | epoch=086 train_batch=360/435 running_loss=0.037152
2026-08-19 19:55:02 | INFO | epoch=086 train_batch=370/435 running_loss=0.037125
2026-08-19 19:55:02 | INFO | epoch=086 train_batch=380/435 running_loss=0.037040
2026-08-19 19:55:03 | INFO | epoch=086 train_batch=390/435 running_loss=0.037061
2026-08-19 19:55:03 | INFO | epoch=086 train_batch=400/435 running_loss=0.037086
2026-08-19 19:55:03 | INFO | epoch=086 train_batch=410/435 running_loss=0.037081
2026-08-19 19:55:03 | INFO | epoch=086 train_batch=420/435 running_loss=0.037049
2026-08-19 19:55:04 | INFO | epoch=086 train_batch=430/435 running_loss=0.037039
2026-08-19 19:55:04 | INFO | epoch=086 train_batch=435/435 running_loss=0.037083
2026-08-19 19:55:04 | INFO | epoch=086 train_loss=0.037083 validation_loss=0.119010
2026-08-19 19:55:04 | INFO | epoch=087 train_batch=10/435 running_loss=0.036279
2026-08-19 19:55:04 | INFO | epoch=087 train_batch=20/435 running_loss=0.036863
2026-08-19 19:55:05 | INFO | epoch=087 train_batch=30/435 running_loss=0.037863
2026-08-19 19:55:05 | INFO | epoch=087 train_batch=40/435 running_loss=0.037808
2026-08-19 19:55:05 | INFO | epoch=087 train_batch=50/435 running_loss=0.037825
2026-08-19 19:55:05 | INFO | epoch=087 train_batch=60/435 running_loss=0.037567
2026-08-19 19:55:06 | INFO | epoch=087 train_batch=70/435 running_loss=0.037409
2026-08-19 19:55:06 | INFO | epoch=087 train_batch=80/435 running_loss=0.037559
2026-08-19 19:55:06 | INFO | epoch=087 train_batch=90/435 running_loss=0.037712
2026-08-19 19:55:06 | INFO | epoch=087 train_batch=100/435 running_loss=0.037564
2026-08-19 19:55:07 | INFO | epoch=087 train_batch=110/435 running_loss=0.037238
2026-08-19 19:55:07 | INFO | epoch=087 train_batch=120/435 running_loss=0.037019
2026-08-19 19:55:07 | INFO | epoch=087 train_batch=130/435 running_loss=0.037084
2026-08-19 19:55:07 | INFO | epoch=087 train_batch=140/435 running_loss=0.037264
2026-08-19 19:55:08 | INFO | epoch=087 train_batch=150/435 running_loss=0.037408
2026-08-19 19:55:08 | INFO | epoch=087 train_batch=160/435 running_loss=0.037449
2026-08-19 19:55:08 | INFO | epoch=087 train_batch=170/435 running_loss=0.037447
2026-08-19 19:55:08 | INFO | epoch=087 train_batch=180/435 running_loss=0.037365
2026-08-19 19:55:09 | INFO | epoch=087 train_batch=190/435 running_loss=0.037457
2026-08-19 19:55:09 | INFO | epoch=087 train_batch=200/435 running_loss=0.037519
2026-08-19 19:55:09 | INFO | epoch=087 train_batch=210/435 running_loss=0.037547
2026-08-19 19:55:09 | INFO | epoch=087 train_batch=220/435 running_loss=0.037629
2026-08-19 19:55:10 | INFO | epoch=087 train_batch=230/435 running_loss=0.037725
2026-08-19 19:55:10 | INFO | epoch=087 train_batch=240/435 running_loss=0.037711
2026-08-19 19:55:10 | INFO | epoch=087 train_batch=250/435 running_loss=0.037642
2026-08-19 19:55:10 | INFO | epoch=087 train_batch=260/435 running_loss=0.037494
2026-08-19 19:55:11 | INFO | epoch=087 train_batch=270/435 running_loss=0.037611
2026-08-19 19:55:11 | INFO | epoch=087 train_batch=280/435 running_loss=0.037471
2026-08-19 19:55:11 | INFO | epoch=087 train_batch=290/435 running_loss=0.037502
2026-08-19 19:55:11 | INFO | epoch=087 train_batch=300/435 running_loss=0.037546
2026-08-19 19:55:12 | INFO | epoch=087 train_batch=310/435 running_loss=0.037470
2026-08-19 19:55:12 | INFO | epoch=087 train_batch=320/435 running_loss=0.037458
2026-08-19 19:55:12 | INFO | epoch=087 train_batch=330/435 running_loss=0.037403
2026-08-19 19:55:12 | INFO | epoch=087 train_batch=340/435 running_loss=0.037320
2026-08-19 19:55:13 | INFO | epoch=087 train_batch=350/435 running_loss=0.037287
2026-08-19 19:55:13 | INFO | epoch=087 train_batch=360/435 running_loss=0.037256
2026-08-19 19:55:13 | INFO | epoch=087 train_batch=370/435 running_loss=0.037131
2026-08-19 19:55:13 | INFO | epoch=087 train_batch=380/435 running_loss=0.037136
2026-08-19 19:55:14 | INFO | epoch=087 train_batch=390/435 running_loss=0.037088
2026-08-19 19:55:14 | INFO | epoch=087 train_batch=400/435 running_loss=0.037105
2026-08-19 19:55:14 | INFO | epoch=087 train_batch=410/435 running_loss=0.037074
2026-08-19 19:55:14 | INFO | epoch=087 train_batch=420/435 running_loss=0.037030
2026-08-19 19:55:14 | INFO | epoch=087 train_batch=430/435 running_loss=0.037037
2026-08-19 19:55:15 | INFO | epoch=087 train_batch=435/435 running_loss=0.037056
2026-08-19 19:55:15 | INFO | epoch=087 train_loss=0.037056 validation_loss=0.117129
2026-08-19 19:55:15 | INFO | epoch=088 train_batch=10/435 running_loss=0.035672
2026-08-19 19:55:15 | INFO | epoch=088 train_batch=20/435 running_loss=0.036302
2026-08-19 19:55:16 | INFO | epoch=088 train_batch=30/435 running_loss=0.036879
2026-08-19 19:55:16 | INFO | epoch=088 train_batch=40/435 running_loss=0.036753
2026-08-19 19:55:16 | INFO | epoch=088 train_batch=50/435 running_loss=0.037958
2026-08-19 19:55:16 | INFO | epoch=088 train_batch=60/435 running_loss=0.037496
2026-08-19 19:55:17 | INFO | epoch=088 train_batch=70/435 running_loss=0.036979
2026-08-19 19:55:17 | INFO | epoch=088 train_batch=80/435 running_loss=0.036980
2026-08-19 19:55:17 | INFO | epoch=088 train_batch=90/435 running_loss=0.036940
2026-08-19 19:55:17 | INFO | epoch=088 train_batch=100/435 running_loss=0.036966
2026-08-19 19:55:17 | INFO | epoch=088 train_batch=110/435 running_loss=0.037012
2026-08-19 19:55:18 | INFO | epoch=088 train_batch=120/435 running_loss=0.037147
2026-08-19 19:55:18 | INFO | epoch=088 train_batch=130/435 running_loss=0.037101
2026-08-19 19:55:18 | INFO | epoch=088 train_batch=140/435 running_loss=0.037228
2026-08-19 19:55:18 | INFO | epoch=088 train_batch=150/435 running_loss=0.037210
2026-08-19 19:55:19 | INFO | epoch=088 train_batch=160/435 running_loss=0.037154
2026-08-19 19:55:19 | INFO | epoch=088 train_batch=170/435 running_loss=0.037202
2026-08-19 19:55:19 | INFO | epoch=088 train_batch=180/435 running_loss=0.037257
2026-08-19 19:55:19 | INFO | epoch=088 train_batch=190/435 running_loss=0.037237
2026-08-19 19:55:20 | INFO | epoch=088 train_batch=200/435 running_loss=0.037188
2026-08-19 19:55:20 | INFO | epoch=088 train_batch=210/435 running_loss=0.037173
2026-08-19 19:55:20 | INFO | epoch=088 train_batch=220/435 running_loss=0.037143
2026-08-19 19:55:20 | INFO | epoch=088 train_batch=230/435 running_loss=0.037015
2026-08-19 19:55:21 | INFO | epoch=088 train_batch=240/435 running_loss=0.037161
2026-08-19 19:55:21 | INFO | epoch=088 train_batch=250/435 running_loss=0.037081
2026-08-19 19:55:21 | INFO | epoch=088 train_batch=260/435 running_loss=0.037132
2026-08-19 19:55:21 | INFO | epoch=088 train_batch=270/435 running_loss=0.037176
2026-08-19 19:55:22 | INFO | epoch=088 train_batch=280/435 running_loss=0.037086
2026-08-19 19:55:22 | INFO | epoch=088 train_batch=290/435 running_loss=0.037206
2026-08-19 19:55:22 | INFO | epoch=088 train_batch=300/435 running_loss=0.037306
2026-08-19 19:55:22 | INFO | epoch=088 train_batch=310/435 running_loss=0.037267
2026-08-19 19:55:22 | INFO | epoch=088 train_batch=320/435 running_loss=0.037335
2026-08-19 19:55:23 | INFO | epoch=088 train_batch=330/435 running_loss=0.037357
2026-08-19 19:55:23 | INFO | epoch=088 train_batch=340/435 running_loss=0.037344
2026-08-19 19:55:23 | INFO | epoch=088 train_batch=350/435 running_loss=0.037287
2026-08-19 19:55:23 | INFO | epoch=088 train_batch=360/435 running_loss=0.037365
2026-08-19 19:55:24 | INFO | epoch=088 train_batch=370/435 running_loss=0.037293
2026-08-19 19:55:24 | INFO | epoch=088 train_batch=380/435 running_loss=0.037288
2026-08-19 19:55:24 | INFO | epoch=088 train_batch=390/435 running_loss=0.037237
2026-08-19 19:55:24 | INFO | epoch=088 train_batch=400/435 running_loss=0.037278
2026-08-19 19:55:25 | INFO | epoch=088 train_batch=410/435 running_loss=0.037303
2026-08-19 19:55:25 | INFO | epoch=088 train_batch=420/435 running_loss=0.037388
2026-08-19 19:55:25 | INFO | epoch=088 train_batch=430/435 running_loss=0.037393
2026-08-19 19:55:25 | INFO | epoch=088 train_batch=435/435 running_loss=0.037370
2026-08-19 19:55:25 | INFO | epoch=088 train_loss=0.037370 validation_loss=0.115949
2026-08-19 19:55:26 | INFO | epoch=089 train_batch=10/435 running_loss=0.034898
2026-08-19 19:55:26 | INFO | epoch=089 train_batch=20/435 running_loss=0.034272
2026-08-19 19:55:26 | INFO | epoch=089 train_batch=30/435 running_loss=0.035384
2026-08-19 19:55:26 | INFO | epoch=089 train_batch=40/435 running_loss=0.035195
2026-08-19 19:55:27 | INFO | epoch=089 train_batch=50/435 running_loss=0.035545
2026-08-19 19:55:27 | INFO | epoch=089 train_batch=60/435 running_loss=0.035587
2026-08-19 19:55:27 | INFO | epoch=089 train_batch=70/435 running_loss=0.035606
2026-08-19 19:55:27 | INFO | epoch=089 train_batch=80/435 running_loss=0.035641
2026-08-19 19:55:28 | INFO | epoch=089 train_batch=90/435 running_loss=0.035502
2026-08-19 19:55:28 | INFO | epoch=089 train_batch=100/435 running_loss=0.035496
2026-08-19 19:55:28 | INFO | epoch=089 train_batch=110/435 running_loss=0.035812
2026-08-19 19:55:28 | INFO | epoch=089 train_batch=120/435 running_loss=0.035938
2026-08-19 19:55:29 | INFO | epoch=089 train_batch=130/435 running_loss=0.036299
2026-08-19 19:55:29 | INFO | epoch=089 train_batch=140/435 running_loss=0.036287
2026-08-19 19:55:29 | INFO | epoch=089 train_batch=150/435 running_loss=0.036441
2026-08-19 19:55:29 | INFO | epoch=089 train_batch=160/435 running_loss=0.036571
2026-08-19 19:55:30 | INFO | epoch=089 train_batch=170/435 running_loss=0.036350
2026-08-19 19:55:30 | INFO | epoch=089 train_batch=180/435 running_loss=0.036499
2026-08-19 19:55:30 | INFO | epoch=089 train_batch=190/435 running_loss=0.036626
2026-08-19 19:55:30 | INFO | epoch=089 train_batch=200/435 running_loss=0.036769
2026-08-19 19:55:31 | INFO | epoch=089 train_batch=210/435 running_loss=0.036915
2026-08-19 19:55:31 | INFO | epoch=089 train_batch=220/435 running_loss=0.036847
2026-08-19 19:55:31 | INFO | epoch=089 train_batch=230/435 running_loss=0.036728
2026-08-19 19:55:31 | INFO | epoch=089 train_batch=240/435 running_loss=0.036669
2026-08-19 19:55:32 | INFO | epoch=089 train_batch=250/435 running_loss=0.036744
2026-08-19 19:55:32 | INFO | epoch=089 train_batch=260/435 running_loss=0.036836
2026-08-19 19:55:32 | INFO | epoch=089 train_batch=270/435 running_loss=0.036742
2026-08-19 19:55:32 | INFO | epoch=089 train_batch=280/435 running_loss=0.036786
2026-08-19 19:55:33 | INFO | epoch=089 train_batch=290/435 running_loss=0.036836
2026-08-19 19:55:33 | INFO | epoch=089 train_batch=300/435 running_loss=0.036807
2026-08-19 19:55:33 | INFO | epoch=089 train_batch=310/435 running_loss=0.036795
2026-08-19 19:55:33 | INFO | epoch=089 train_batch=320/435 running_loss=0.036673
2026-08-19 19:55:34 | INFO | epoch=089 train_batch=330/435 running_loss=0.036610
2026-08-19 19:55:34 | INFO | epoch=089 train_batch=340/435 running_loss=0.036650
2026-08-19 19:55:34 | INFO | epoch=089 train_batch=350/435 running_loss=0.036739
2026-08-19 19:55:34 | INFO | epoch=089 train_batch=360/435 running_loss=0.036949
2026-08-19 19:55:35 | INFO | epoch=089 train_batch=370/435 running_loss=0.036997
2026-08-19 19:55:35 | INFO | epoch=089 train_batch=380/435 running_loss=0.037012
2026-08-19 19:55:35 | INFO | epoch=089 train_batch=390/435 running_loss=0.036976
2026-08-19 19:55:35 | INFO | epoch=089 train_batch=400/435 running_loss=0.036973
2026-08-19 19:55:36 | INFO | epoch=089 train_batch=410/435 running_loss=0.036972
2026-08-19 19:55:36 | INFO | epoch=089 train_batch=420/435 running_loss=0.036923
2026-08-19 19:55:36 | INFO | epoch=089 train_batch=430/435 running_loss=0.036920
2026-08-19 19:55:36 | INFO | epoch=089 train_batch=435/435 running_loss=0.036896
2026-08-19 19:55:36 | INFO | epoch=089 train_loss=0.036896 validation_loss=0.118010
2026-08-19 19:55:37 | INFO | epoch=090 train_batch=10/435 running_loss=0.036399
2026-08-19 19:55:37 | INFO | epoch=090 train_batch=20/435 running_loss=0.037851
2026-08-19 19:55:37 | INFO | epoch=090 train_batch=30/435 running_loss=0.037276
2026-08-19 19:55:38 | INFO | epoch=090 train_batch=40/435 running_loss=0.036692
2026-08-19 19:55:38 | INFO | epoch=090 train_batch=50/435 running_loss=0.037386
2026-08-19 19:55:38 | INFO | epoch=090 train_batch=60/435 running_loss=0.037278
2026-08-19 19:55:38 | INFO | epoch=090 train_batch=70/435 running_loss=0.037234
2026-08-19 19:55:39 | INFO | epoch=090 train_batch=80/435 running_loss=0.036971
2026-08-19 19:55:39 | INFO | epoch=090 train_batch=90/435 running_loss=0.037037
2026-08-19 19:55:39 | INFO | epoch=090 train_batch=100/435 running_loss=0.036846
2026-08-19 19:55:39 | INFO | epoch=090 train_batch=110/435 running_loss=0.036795
2026-08-19 19:55:40 | INFO | epoch=090 train_batch=120/435 running_loss=0.036580
2026-08-19 19:55:40 | INFO | epoch=090 train_batch=130/435 running_loss=0.036545
2026-08-19 19:55:40 | INFO | epoch=090 train_batch=140/435 running_loss=0.036531
2026-08-19 19:55:40 | INFO | epoch=090 train_batch=150/435 running_loss=0.036537
2026-08-19 19:55:41 | INFO | epoch=090 train_batch=160/435 running_loss=0.036511
2026-08-19 19:55:41 | INFO | epoch=090 train_batch=170/435 running_loss=0.036419
2026-08-19 19:55:41 | INFO | epoch=090 train_batch=180/435 running_loss=0.036564
2026-08-19 19:55:41 | INFO | epoch=090 train_batch=190/435 running_loss=0.036464
2026-08-19 19:55:42 | INFO | epoch=090 train_batch=200/435 running_loss=0.036460
2026-08-19 19:55:42 | INFO | epoch=090 train_batch=210/435 running_loss=0.036380
2026-08-19 19:55:42 | INFO | epoch=090 train_batch=220/435 running_loss=0.036396
2026-08-19 19:55:42 | INFO | epoch=090 train_batch=230/435 running_loss=0.036397
2026-08-19 19:55:43 | INFO | epoch=090 train_batch=240/435 running_loss=0.036500
2026-08-19 19:55:43 | INFO | epoch=090 train_batch=250/435 running_loss=0.036480
2026-08-19 19:55:43 | INFO | epoch=090 train_batch=260/435 running_loss=0.036448
2026-08-19 19:55:43 | INFO | epoch=090 train_batch=270/435 running_loss=0.036481
2026-08-19 19:55:44 | INFO | epoch=090 train_batch=280/435 running_loss=0.036487
2026-08-19 19:55:44 | INFO | epoch=090 train_batch=290/435 running_loss=0.036598
2026-08-19 19:55:44 | INFO | epoch=090 train_batch=300/435 running_loss=0.036649
2026-08-19 19:55:44 | INFO | epoch=090 train_batch=310/435 running_loss=0.036612
2026-08-19 19:55:45 | INFO | epoch=090 train_batch=320/435 running_loss=0.036572
2026-08-19 19:55:45 | INFO | epoch=090 train_batch=330/435 running_loss=0.036689
2026-08-19 19:55:45 | INFO | epoch=090 train_batch=340/435 running_loss=0.036704
2026-08-19 19:55:45 | INFO | epoch=090 train_batch=350/435 running_loss=0.036713
2026-08-19 19:55:46 | INFO | epoch=090 train_batch=360/435 running_loss=0.036757
2026-08-19 19:55:46 | INFO | epoch=090 train_batch=370/435 running_loss=0.036756
2026-08-19 19:55:46 | INFO | epoch=090 train_batch=380/435 running_loss=0.036806
2026-08-19 19:55:46 | INFO | epoch=090 train_batch=390/435 running_loss=0.036885
2026-08-19 19:55:47 | INFO | epoch=090 train_batch=400/435 running_loss=0.036891
2026-08-19 19:55:47 | INFO | epoch=090 train_batch=410/435 running_loss=0.036904
2026-08-19 19:55:47 | INFO | epoch=090 train_batch=420/435 running_loss=0.036862
2026-08-19 19:55:47 | INFO | epoch=090 train_batch=430/435 running_loss=0.036866
2026-08-19 19:55:47 | INFO | epoch=090 train_batch=435/435 running_loss=0.036866
2026-08-19 19:55:48 | INFO | epoch=090 train_loss=0.036866 validation_loss=0.118444
2026-08-19 19:55:48 | INFO | epoch=091 train_batch=10/435 running_loss=0.037946
2026-08-19 19:55:48 | INFO | epoch=091 train_batch=20/435 running_loss=0.037423
2026-08-19 19:55:48 | INFO | epoch=091 train_batch=30/435 running_loss=0.036689
2026-08-19 19:55:49 | INFO | epoch=091 train_batch=40/435 running_loss=0.035733
2026-08-19 19:55:49 | INFO | epoch=091 train_batch=50/435 running_loss=0.035680
2026-08-19 19:55:49 | INFO | epoch=091 train_batch=60/435 running_loss=0.035427
2026-08-19 19:55:49 | INFO | epoch=091 train_batch=70/435 running_loss=0.035582
2026-08-19 19:55:50 | INFO | epoch=091 train_batch=80/435 running_loss=0.035465
2026-08-19 19:55:50 | INFO | epoch=091 train_batch=90/435 running_loss=0.035785
2026-08-19 19:55:50 | INFO | epoch=091 train_batch=100/435 running_loss=0.035848
2026-08-19 19:55:50 | INFO | epoch=091 train_batch=110/435 running_loss=0.035703
2026-08-19 19:55:51 | INFO | epoch=091 train_batch=120/435 running_loss=0.035894
2026-08-19 19:55:51 | INFO | epoch=091 train_batch=130/435 running_loss=0.036064
2026-08-19 19:55:51 | INFO | epoch=091 train_batch=140/435 running_loss=0.036122
2026-08-19 19:55:51 | INFO | epoch=091 train_batch=150/435 running_loss=0.036033
2026-08-19 19:55:52 | INFO | epoch=091 train_batch=160/435 running_loss=0.035935
2026-08-19 19:55:52 | INFO | epoch=091 train_batch=170/435 running_loss=0.035852
2026-08-19 19:55:52 | INFO | epoch=091 train_batch=180/435 running_loss=0.035816
2026-08-19 19:55:52 | INFO | epoch=091 train_batch=190/435 running_loss=0.035789
2026-08-19 19:55:53 | INFO | epoch=091 train_batch=200/435 running_loss=0.035852
2026-08-19 19:55:53 | INFO | epoch=091 train_batch=210/435 running_loss=0.035850
2026-08-19 19:55:53 | INFO | epoch=091 train_batch=220/435 running_loss=0.035928
2026-08-19 19:55:53 | INFO | epoch=091 train_batch=230/435 running_loss=0.036112
2026-08-19 19:55:54 | INFO | epoch=091 train_batch=240/435 running_loss=0.036100
2026-08-19 19:55:54 | INFO | epoch=091 train_batch=250/435 running_loss=0.036222
2026-08-19 19:55:54 | INFO | epoch=091 train_batch=260/435 running_loss=0.036239
2026-08-19 19:55:54 | INFO | epoch=091 train_batch=270/435 running_loss=0.036291
2026-08-19 19:55:55 | INFO | epoch=091 train_batch=280/435 running_loss=0.036300
2026-08-19 19:55:55 | INFO | epoch=091 train_batch=290/435 running_loss=0.036403
2026-08-19 19:55:55 | INFO | epoch=091 train_batch=300/435 running_loss=0.036434
2026-08-19 19:55:55 | INFO | epoch=091 train_batch=310/435 running_loss=0.036503
2026-08-19 19:55:56 | INFO | epoch=091 train_batch=320/435 running_loss=0.036483
2026-08-19 19:55:56 | INFO | epoch=091 train_batch=330/435 running_loss=0.036559
2026-08-19 19:55:56 | INFO | epoch=091 train_batch=340/435 running_loss=0.036543
2026-08-19 19:55:56 | INFO | epoch=091 train_batch=350/435 running_loss=0.036547
2026-08-19 19:55:57 | INFO | epoch=091 train_batch=360/435 running_loss=0.036430
2026-08-19 19:55:57 | INFO | epoch=091 train_batch=370/435 running_loss=0.036475
2026-08-19 19:55:57 | INFO | epoch=091 train_batch=380/435 running_loss=0.036542
2026-08-19 19:55:57 | INFO | epoch=091 train_batch=390/435 running_loss=0.036626
2026-08-19 19:55:58 | INFO | epoch=091 train_batch=400/435 running_loss=0.036641
2026-08-19 19:55:58 | INFO | epoch=091 train_batch=410/435 running_loss=0.036643
2026-08-19 19:55:58 | INFO | epoch=091 train_batch=420/435 running_loss=0.036681
2026-08-19 19:55:58 | INFO | epoch=091 train_batch=430/435 running_loss=0.036765
2026-08-19 19:55:59 | INFO | epoch=091 train_batch=435/435 running_loss=0.036801
2026-08-19 19:55:59 | INFO | epoch=091 train_loss=0.036801 validation_loss=0.115727
2026-08-19 19:55:59 | INFO | epoch=091 saved new best.pt
2026-08-19 19:55:59 | INFO | epoch=092 train_batch=10/435 running_loss=0.039403
2026-08-19 19:55:59 | INFO | epoch=092 train_batch=20/435 running_loss=0.037420
2026-08-19 19:56:00 | INFO | epoch=092 train_batch=30/435 running_loss=0.036681
2026-08-19 19:56:00 | INFO | epoch=092 train_batch=40/435 running_loss=0.036696
2026-08-19 19:56:00 | INFO | epoch=092 train_batch=50/435 running_loss=0.036547
2026-08-19 19:56:00 | INFO | epoch=092 train_batch=60/435 running_loss=0.036518
2026-08-19 19:56:01 | INFO | epoch=092 train_batch=70/435 running_loss=0.036557
2026-08-19 19:56:01 | INFO | epoch=092 train_batch=80/435 running_loss=0.036761
2026-08-19 19:56:01 | INFO | epoch=092 train_batch=90/435 running_loss=0.036572
2026-08-19 19:56:01 | INFO | epoch=092 train_batch=100/435 running_loss=0.036759
2026-08-19 19:56:02 | INFO | epoch=092 train_batch=110/435 running_loss=0.036715
2026-08-19 19:56:02 | INFO | epoch=092 train_batch=120/435 running_loss=0.036890
2026-08-19 19:56:02 | INFO | epoch=092 train_batch=130/435 running_loss=0.036864
2026-08-19 19:56:02 | INFO | epoch=092 train_batch=140/435 running_loss=0.036645
2026-08-19 19:56:03 | INFO | epoch=092 train_batch=150/435 running_loss=0.036591
2026-08-19 19:56:03 | INFO | epoch=092 train_batch=160/435 running_loss=0.036616
2026-08-19 19:56:03 | INFO | epoch=092 train_batch=170/435 running_loss=0.036441
2026-08-19 19:56:03 | INFO | epoch=092 train_batch=180/435 running_loss=0.036608
2026-08-19 19:56:04 | INFO | epoch=092 train_batch=190/435 running_loss=0.036714
2026-08-19 19:56:04 | INFO | epoch=092 train_batch=200/435 running_loss=0.036745
2026-08-19 19:56:04 | INFO | epoch=092 train_batch=210/435 running_loss=0.036762
2026-08-19 19:56:04 | INFO | epoch=092 train_batch=220/435 running_loss=0.036765
2026-08-19 19:56:05 | INFO | epoch=092 train_batch=230/435 running_loss=0.036819
2026-08-19 19:56:05 | INFO | epoch=092 train_batch=240/435 running_loss=0.036783
2026-08-19 19:56:05 | INFO | epoch=092 train_batch=250/435 running_loss=0.036694
2026-08-19 19:56:05 | INFO | epoch=092 train_batch=260/435 running_loss=0.036683
2026-08-19 19:56:06 | INFO | epoch=092 train_batch=270/435 running_loss=0.036797
2026-08-19 19:56:06 | INFO | epoch=092 train_batch=280/435 running_loss=0.036853
2026-08-19 19:56:06 | INFO | epoch=092 train_batch=290/435 running_loss=0.036810
2026-08-19 19:56:06 | INFO | epoch=092 train_batch=300/435 running_loss=0.036875
2026-08-19 19:56:07 | INFO | epoch=092 train_batch=310/435 running_loss=0.036831
2026-08-19 19:56:07 | INFO | epoch=092 train_batch=320/435 running_loss=0.036819
2026-08-19 19:56:07 | INFO | epoch=092 train_batch=330/435 running_loss=0.036837
2026-08-19 19:56:07 | INFO | epoch=092 train_batch=340/435 running_loss=0.036775
2026-08-19 19:56:08 | INFO | epoch=092 train_batch=350/435 running_loss=0.036793
2026-08-19 19:56:08 | INFO | epoch=092 train_batch=360/435 running_loss=0.036783
2026-08-19 19:56:08 | INFO | epoch=092 train_batch=370/435 running_loss=0.036869
2026-08-19 19:56:08 | INFO | epoch=092 train_batch=380/435 running_loss=0.036907
2026-08-19 19:56:09 | INFO | epoch=092 train_batch=390/435 running_loss=0.036929
2026-08-19 19:56:09 | INFO | epoch=092 train_batch=400/435 running_loss=0.036883
2026-08-19 19:56:09 | INFO | epoch=092 train_batch=410/435 running_loss=0.036887
2026-08-19 19:56:10 | INFO | epoch=092 train_batch=420/435 running_loss=0.036826
2026-08-19 19:56:10 | INFO | epoch=092 train_batch=430/435 running_loss=0.036834
2026-08-19 19:56:10 | INFO | epoch=092 train_batch=435/435 running_loss=0.036809
2026-08-19 19:56:10 | INFO | epoch=092 train_loss=0.036809 validation_loss=0.116089
2026-08-19 19:56:10 | INFO | epoch=093 train_batch=10/435 running_loss=0.034548
2026-08-19 19:56:11 | INFO | epoch=093 train_batch=20/435 running_loss=0.034394
2026-08-19 19:56:11 | INFO | epoch=093 train_batch=30/435 running_loss=0.034333
2026-08-19 19:56:11 | INFO | epoch=093 train_batch=40/435 running_loss=0.035016
2026-08-19 19:56:11 | INFO | epoch=093 train_batch=50/435 running_loss=0.035511
2026-08-19 19:56:12 | INFO | epoch=093 train_batch=60/435 running_loss=0.035471
2026-08-19 19:56:12 | INFO | epoch=093 train_batch=70/435 running_loss=0.036260
2026-08-19 19:56:12 | INFO | epoch=093 train_batch=80/435 running_loss=0.036184
2026-08-19 19:56:12 | INFO | epoch=093 train_batch=90/435 running_loss=0.036494
2026-08-19 19:56:13 | INFO | epoch=093 train_batch=100/435 running_loss=0.036327
2026-08-19 19:56:13 | INFO | epoch=093 train_batch=110/435 running_loss=0.036319
2026-08-19 19:56:13 | INFO | epoch=093 train_batch=120/435 running_loss=0.036551
2026-08-19 19:56:13 | INFO | epoch=093 train_batch=130/435 running_loss=0.036473
2026-08-19 19:56:14 | INFO | epoch=093 train_batch=140/435 running_loss=0.036294
2026-08-19 19:56:14 | INFO | epoch=093 train_batch=150/435 running_loss=0.036252
2026-08-19 19:56:14 | INFO | epoch=093 train_batch=160/435 running_loss=0.036444
2026-08-19 19:56:14 | INFO | epoch=093 train_batch=170/435 running_loss=0.036311
2026-08-19 19:56:15 | INFO | epoch=093 train_batch=180/435 running_loss=0.036481
2026-08-19 19:56:15 | INFO | epoch=093 train_batch=190/435 running_loss=0.036483
2026-08-19 19:56:15 | INFO | epoch=093 train_batch=200/435 running_loss=0.036439
2026-08-19 19:56:15 | INFO | epoch=093 train_batch=210/435 running_loss=0.036298
2026-08-19 19:56:16 | INFO | epoch=093 train_batch=220/435 running_loss=0.036255
2026-08-19 19:56:16 | INFO | epoch=093 train_batch=230/435 running_loss=0.036145
2026-08-19 19:56:16 | INFO | epoch=093 train_batch=240/435 running_loss=0.036108
2026-08-19 19:56:16 | INFO | epoch=093 train_batch=250/435 running_loss=0.036201
2026-08-19 19:56:17 | INFO | epoch=093 train_batch=260/435 running_loss=0.036181
2026-08-19 19:56:17 | INFO | epoch=093 train_batch=270/435 running_loss=0.036263
2026-08-19 19:56:17 | INFO | epoch=093 train_batch=280/435 running_loss=0.036299
2026-08-19 19:56:17 | INFO | epoch=093 train_batch=290/435 running_loss=0.036188
2026-08-19 19:56:18 | INFO | epoch=093 train_batch=300/435 running_loss=0.036336
2026-08-19 19:56:18 | INFO | epoch=093 train_batch=310/435 running_loss=0.036387
2026-08-19 19:56:18 | INFO | epoch=093 train_batch=320/435 running_loss=0.036460
2026-08-19 19:56:18 | INFO | epoch=093 train_batch=330/435 running_loss=0.036584
2026-08-19 19:56:19 | INFO | epoch=093 train_batch=340/435 running_loss=0.036537
2026-08-19 19:56:19 | INFO | epoch=093 train_batch=350/435 running_loss=0.036501
2026-08-19 19:56:19 | INFO | epoch=093 train_batch=360/435 running_loss=0.036506
2026-08-19 19:56:19 | INFO | epoch=093 train_batch=370/435 running_loss=0.036547
2026-08-19 19:56:20 | INFO | epoch=093 train_batch=380/435 running_loss=0.036603
2026-08-19 19:56:20 | INFO | epoch=093 train_batch=390/435 running_loss=0.036737
2026-08-19 19:56:20 | INFO | epoch=093 train_batch=400/435 running_loss=0.036733
2026-08-19 19:56:20 | INFO | epoch=093 train_batch=410/435 running_loss=0.036745
2026-08-19 19:56:21 | INFO | epoch=093 train_batch=420/435 running_loss=0.036823
2026-08-19 19:56:21 | INFO | epoch=093 train_batch=430/435 running_loss=0.036811
2026-08-19 19:56:21 | INFO | epoch=093 train_batch=435/435 running_loss=0.036840
2026-08-19 19:56:21 | INFO | epoch=093 train_loss=0.036840 validation_loss=0.117330
2026-08-19 19:56:22 | INFO | epoch=094 train_batch=10/435 running_loss=0.033034
2026-08-19 19:56:22 | INFO | epoch=094 train_batch=20/435 running_loss=0.033482
2026-08-19 19:56:22 | INFO | epoch=094 train_batch=30/435 running_loss=0.034716
2026-08-19 19:56:22 | INFO | epoch=094 train_batch=40/435 running_loss=0.035619
2026-08-19 19:56:23 | INFO | epoch=094 train_batch=50/435 running_loss=0.036203
2026-08-19 19:56:23 | INFO | epoch=094 train_batch=60/435 running_loss=0.036475
2026-08-19 19:56:23 | INFO | epoch=094 train_batch=70/435 running_loss=0.037188
2026-08-19 19:56:23 | INFO | epoch=094 train_batch=80/435 running_loss=0.036820
2026-08-19 19:56:24 | INFO | epoch=094 train_batch=90/435 running_loss=0.036923
2026-08-19 19:56:24 | INFO | epoch=094 train_batch=100/435 running_loss=0.036775
2026-08-19 19:56:24 | INFO | epoch=094 train_batch=110/435 running_loss=0.036911
2026-08-19 19:56:24 | INFO | epoch=094 train_batch=120/435 running_loss=0.036750
2026-08-19 19:56:25 | INFO | epoch=094 train_batch=130/435 running_loss=0.037017
2026-08-19 19:56:25 | INFO | epoch=094 train_batch=140/435 running_loss=0.036937
2026-08-19 19:56:25 | INFO | epoch=094 train_batch=150/435 running_loss=0.036837
2026-08-19 19:56:25 | INFO | epoch=094 train_batch=160/435 running_loss=0.036862
2026-08-19 19:56:26 | INFO | epoch=094 train_batch=170/435 running_loss=0.037070
2026-08-19 19:56:26 | INFO | epoch=094 train_batch=180/435 running_loss=0.036933
2026-08-19 19:56:26 | INFO | epoch=094 train_batch=190/435 running_loss=0.037114
2026-08-19 19:56:26 | INFO | epoch=094 train_batch=200/435 running_loss=0.036914
2026-08-19 19:56:27 | INFO | epoch=094 train_batch=210/435 running_loss=0.036913
2026-08-19 19:56:27 | INFO | epoch=094 train_batch=220/435 running_loss=0.036958
2026-08-19 19:56:27 | INFO | epoch=094 train_batch=230/435 running_loss=0.037026
2026-08-19 19:56:27 | INFO | epoch=094 train_batch=240/435 running_loss=0.037001
2026-08-19 19:56:28 | INFO | epoch=094 train_batch=250/435 running_loss=0.037035
2026-08-19 19:56:28 | INFO | epoch=094 train_batch=260/435 running_loss=0.036955
2026-08-19 19:56:28 | INFO | epoch=094 train_batch=270/435 running_loss=0.036940
2026-08-19 19:56:28 | INFO | epoch=094 train_batch=280/435 running_loss=0.036855
2026-08-19 19:56:29 | INFO | epoch=094 train_batch=290/435 running_loss=0.036861
2026-08-19 19:56:29 | INFO | epoch=094 train_batch=300/435 running_loss=0.036800
2026-08-19 19:56:29 | INFO | epoch=094 train_batch=310/435 running_loss=0.036782
2026-08-19 19:56:29 | INFO | epoch=094 train_batch=320/435 running_loss=0.036747
2026-08-19 19:56:30 | INFO | epoch=094 train_batch=330/435 running_loss=0.036754
2026-08-19 19:56:30 | INFO | epoch=094 train_batch=340/435 running_loss=0.036778
2026-08-19 19:56:30 | INFO | epoch=094 train_batch=350/435 running_loss=0.036816
2026-08-19 19:56:30 | INFO | epoch=094 train_batch=360/435 running_loss=0.036782
2026-08-19 19:56:31 | INFO | epoch=094 train_batch=370/435 running_loss=0.036799
2026-08-19 19:56:31 | INFO | epoch=094 train_batch=380/435 running_loss=0.036866
2026-08-19 19:56:31 | INFO | epoch=094 train_batch=390/435 running_loss=0.036857
2026-08-19 19:56:31 | INFO | epoch=094 train_batch=400/435 running_loss=0.036795
2026-08-19 19:56:32 | INFO | epoch=094 train_batch=410/435 running_loss=0.036812
2026-08-19 19:56:32 | INFO | epoch=094 train_batch=420/435 running_loss=0.036821
2026-08-19 19:56:32 | INFO | epoch=094 train_batch=430/435 running_loss=0.036748
2026-08-19 19:56:32 | INFO | epoch=094 train_batch=435/435 running_loss=0.036712
2026-08-19 19:56:33 | INFO | epoch=094 train_loss=0.036712 validation_loss=0.119050
2026-08-19 19:56:33 | INFO | epoch=095 train_batch=10/435 running_loss=0.037228
2026-08-19 19:56:33 | INFO | epoch=095 train_batch=20/435 running_loss=0.035543
2026-08-19 19:56:33 | INFO | epoch=095 train_batch=30/435 running_loss=0.036758
2026-08-19 19:56:34 | INFO | epoch=095 train_batch=40/435 running_loss=0.036504
2026-08-19 19:56:34 | INFO | epoch=095 train_batch=50/435 running_loss=0.036809
2026-08-19 19:56:34 | INFO | epoch=095 train_batch=60/435 running_loss=0.036707
2026-08-19 19:56:34 | INFO | epoch=095 train_batch=70/435 running_loss=0.036567
2026-08-19 19:56:35 | INFO | epoch=095 train_batch=80/435 running_loss=0.036755
2026-08-19 19:56:35 | INFO | epoch=095 train_batch=90/435 running_loss=0.036481
2026-08-19 19:56:35 | INFO | epoch=095 train_batch=100/435 running_loss=0.036262
2026-08-19 19:56:35 | INFO | epoch=095 train_batch=110/435 running_loss=0.036160
2026-08-19 19:56:36 | INFO | epoch=095 train_batch=120/435 running_loss=0.036316
2026-08-19 19:56:36 | INFO | epoch=095 train_batch=130/435 running_loss=0.036436
2026-08-19 19:56:36 | INFO | epoch=095 train_batch=140/435 running_loss=0.036538
2026-08-19 19:56:36 | INFO | epoch=095 train_batch=150/435 running_loss=0.036664
2026-08-19 19:56:37 | INFO | epoch=095 train_batch=160/435 running_loss=0.036872
2026-08-19 19:56:37 | INFO | epoch=095 train_batch=170/435 running_loss=0.037098
2026-08-19 19:56:37 | INFO | epoch=095 train_batch=180/435 running_loss=0.037166
2026-08-19 19:56:37 | INFO | epoch=095 train_batch=190/435 running_loss=0.037032
2026-08-19 19:56:38 | INFO | epoch=095 train_batch=200/435 running_loss=0.036936
2026-08-19 19:56:38 | INFO | epoch=095 train_batch=210/435 running_loss=0.036894
2026-08-19 19:56:38 | INFO | epoch=095 train_batch=220/435 running_loss=0.036988
2026-08-19 19:56:38 | INFO | epoch=095 train_batch=230/435 running_loss=0.036957
2026-08-19 19:56:39 | INFO | epoch=095 train_batch=240/435 running_loss=0.036853
2026-08-19 19:56:39 | INFO | epoch=095 train_batch=250/435 running_loss=0.036908
2026-08-19 19:56:39 | INFO | epoch=095 train_batch=260/435 running_loss=0.036897
2026-08-19 19:56:39 | INFO | epoch=095 train_batch=270/435 running_loss=0.036729
2026-08-19 19:56:40 | INFO | epoch=095 train_batch=280/435 running_loss=0.036744
2026-08-19 19:56:40 | INFO | epoch=095 train_batch=290/435 running_loss=0.036732
2026-08-19 19:56:40 | INFO | epoch=095 train_batch=300/435 running_loss=0.036747
2026-08-19 19:56:40 | INFO | epoch=095 train_batch=310/435 running_loss=0.036762
2026-08-19 19:56:41 | INFO | epoch=095 train_batch=320/435 running_loss=0.036722
2026-08-19 19:56:41 | INFO | epoch=095 train_batch=330/435 running_loss=0.036680
2026-08-19 19:56:41 | INFO | epoch=095 train_batch=340/435 running_loss=0.036626
2026-08-19 19:56:41 | INFO | epoch=095 train_batch=350/435 running_loss=0.036578
2026-08-19 19:56:41 | INFO | epoch=095 train_batch=360/435 running_loss=0.036516
2026-08-19 19:56:42 | INFO | epoch=095 train_batch=370/435 running_loss=0.036440
2026-08-19 19:56:42 | INFO | epoch=095 train_batch=380/435 running_loss=0.036418
2026-08-19 19:56:42 | INFO | epoch=095 train_batch=390/435 running_loss=0.036428
2026-08-19 19:56:42 | INFO | epoch=095 train_batch=400/435 running_loss=0.036464
2026-08-19 19:56:43 | INFO | epoch=095 train_batch=410/435 running_loss=0.036481
2026-08-19 19:56:43 | INFO | epoch=095 train_batch=420/435 running_loss=0.036507
2026-08-19 19:56:43 | INFO | epoch=095 train_batch=430/435 running_loss=0.036587
2026-08-19 19:56:43 | INFO | epoch=095 train_batch=435/435 running_loss=0.036562
2026-08-19 19:56:44 | INFO | epoch=095 train_loss=0.036562 validation_loss=0.118180
2026-08-19 19:56:44 | INFO | epoch=096 train_batch=10/435 running_loss=0.034688
2026-08-19 19:56:44 | INFO | epoch=096 train_batch=20/435 running_loss=0.034664
2026-08-19 19:56:44 | INFO | epoch=096 train_batch=30/435 running_loss=0.035654
2026-08-19 19:56:45 | INFO | epoch=096 train_batch=40/435 running_loss=0.035775
2026-08-19 19:56:45 | INFO | epoch=096 train_batch=50/435 running_loss=0.035655
2026-08-19 19:56:45 | INFO | epoch=096 train_batch=60/435 running_loss=0.035754
2026-08-19 19:56:45 | INFO | epoch=096 train_batch=70/435 running_loss=0.036022
2026-08-19 19:56:46 | INFO | epoch=096 train_batch=80/435 running_loss=0.035773
2026-08-19 19:56:46 | INFO | epoch=096 train_batch=90/435 running_loss=0.035640
2026-08-19 19:56:46 | INFO | epoch=096 train_batch=100/435 running_loss=0.035737
2026-08-19 19:56:46 | INFO | epoch=096 train_batch=110/435 running_loss=0.035973
2026-08-19 19:56:47 | INFO | epoch=096 train_batch=120/435 running_loss=0.035790
2026-08-19 19:56:47 | INFO | epoch=096 train_batch=130/435 running_loss=0.036210
2026-08-19 19:56:47 | INFO | epoch=096 train_batch=140/435 running_loss=0.035981
2026-08-19 19:56:47 | INFO | epoch=096 train_batch=150/435 running_loss=0.035960
2026-08-19 19:56:48 | INFO | epoch=096 train_batch=160/435 running_loss=0.036082
2026-08-19 19:56:48 | INFO | epoch=096 train_batch=170/435 running_loss=0.036117
2026-08-19 19:56:48 | INFO | epoch=096 train_batch=180/435 running_loss=0.036037
2026-08-19 19:56:48 | INFO | epoch=096 train_batch=190/435 running_loss=0.036117
2026-08-19 19:56:49 | INFO | epoch=096 train_batch=200/435 running_loss=0.036111
2026-08-19 19:56:49 | INFO | epoch=096 train_batch=210/435 running_loss=0.036115
2026-08-19 19:56:49 | INFO | epoch=096 train_batch=220/435 running_loss=0.036205
2026-08-19 19:56:49 | INFO | epoch=096 train_batch=230/435 running_loss=0.036275
2026-08-19 19:56:50 | INFO | epoch=096 train_batch=240/435 running_loss=0.036435
2026-08-19 19:56:50 | INFO | epoch=096 train_batch=250/435 running_loss=0.036523
2026-08-19 19:56:50 | INFO | epoch=096 train_batch=260/435 running_loss=0.036461
2026-08-19 19:56:50 | INFO | epoch=096 train_batch=270/435 running_loss=0.036485
2026-08-19 19:56:51 | INFO | epoch=096 train_batch=280/435 running_loss=0.036560
2026-08-19 19:56:51 | INFO | epoch=096 train_batch=290/435 running_loss=0.036541
2026-08-19 19:56:51 | INFO | epoch=096 train_batch=300/435 running_loss=0.036550
2026-08-19 19:56:51 | INFO | epoch=096 train_batch=310/435 running_loss=0.036551
2026-08-19 19:56:52 | INFO | epoch=096 train_batch=320/435 running_loss=0.036517
2026-08-19 19:56:52 | INFO | epoch=096 train_batch=330/435 running_loss=0.036477
2026-08-19 19:56:52 | INFO | epoch=096 train_batch=340/435 running_loss=0.036585
2026-08-19 19:56:52 | INFO | epoch=096 train_batch=350/435 running_loss=0.036502
2026-08-19 19:56:53 | INFO | epoch=096 train_batch=360/435 running_loss=0.036428
2026-08-19 19:56:53 | INFO | epoch=096 train_batch=370/435 running_loss=0.036399
2026-08-19 19:56:53 | INFO | epoch=096 train_batch=380/435 running_loss=0.036510
2026-08-19 19:56:53 | INFO | epoch=096 train_batch=390/435 running_loss=0.036523
2026-08-19 19:56:54 | INFO | epoch=096 train_batch=400/435 running_loss=0.036582
2026-08-19 19:56:54 | INFO | epoch=096 train_batch=410/435 running_loss=0.036594
2026-08-19 19:56:54 | INFO | epoch=096 train_batch=420/435 running_loss=0.036598
2026-08-19 19:56:54 | INFO | epoch=096 train_batch=430/435 running_loss=0.036575
2026-08-19 19:56:54 | INFO | epoch=096 train_batch=435/435 running_loss=0.036608
2026-08-19 19:56:55 | INFO | epoch=096 train_loss=0.036608 validation_loss=0.116808
2026-08-19 19:56:55 | INFO | epoch=097 train_batch=10/435 running_loss=0.035489
2026-08-19 19:56:55 | INFO | epoch=097 train_batch=20/435 running_loss=0.035421
2026-08-19 19:56:56 | INFO | epoch=097 train_batch=30/435 running_loss=0.035200
2026-08-19 19:56:56 | INFO | epoch=097 train_batch=40/435 running_loss=0.035371
2026-08-19 19:56:56 | INFO | epoch=097 train_batch=50/435 running_loss=0.035474
2026-08-19 19:56:56 | INFO | epoch=097 train_batch=60/435 running_loss=0.035453
2026-08-19 19:56:57 | INFO | epoch=097 train_batch=70/435 running_loss=0.035519
2026-08-19 19:56:57 | INFO | epoch=097 train_batch=80/435 running_loss=0.036168
2026-08-19 19:56:57 | INFO | epoch=097 train_batch=90/435 running_loss=0.036086
2026-08-19 19:56:57 | INFO | epoch=097 train_batch=100/435 running_loss=0.036489
2026-08-19 19:56:58 | INFO | epoch=097 train_batch=110/435 running_loss=0.036567
2026-08-19 19:56:58 | INFO | epoch=097 train_batch=120/435 running_loss=0.036665
2026-08-19 19:56:58 | INFO | epoch=097 train_batch=130/435 running_loss=0.036894
2026-08-19 19:56:58 | INFO | epoch=097 train_batch=140/435 running_loss=0.036835
2026-08-19 19:56:59 | INFO | epoch=097 train_batch=150/435 running_loss=0.036695
2026-08-19 19:56:59 | INFO | epoch=097 train_batch=160/435 running_loss=0.036650
2026-08-19 19:56:59 | INFO | epoch=097 train_batch=170/435 running_loss=0.036562
2026-08-19 19:56:59 | INFO | epoch=097 train_batch=180/435 running_loss=0.036613
2026-08-19 19:57:00 | INFO | epoch=097 train_batch=190/435 running_loss=0.036562
2026-08-19 19:57:00 | INFO | epoch=097 train_batch=200/435 running_loss=0.036457
2026-08-19 19:57:00 | INFO | epoch=097 train_batch=210/435 running_loss=0.036570
2026-08-19 19:57:00 | INFO | epoch=097 train_batch=220/435 running_loss=0.036442
2026-08-19 19:57:01 | INFO | epoch=097 train_batch=230/435 running_loss=0.036433
2026-08-19 19:57:01 | INFO | epoch=097 train_batch=240/435 running_loss=0.036401
2026-08-19 19:57:01 | INFO | epoch=097 train_batch=250/435 running_loss=0.036435
2026-08-19 19:57:01 | INFO | epoch=097 train_batch=260/435 running_loss=0.036427
2026-08-19 19:57:02 | INFO | epoch=097 train_batch=270/435 running_loss=0.036417
2026-08-19 19:57:02 | INFO | epoch=097 train_batch=280/435 running_loss=0.036369
2026-08-19 19:57:02 | INFO | epoch=097 train_batch=290/435 running_loss=0.036366
2026-08-19 19:57:02 | INFO | epoch=097 train_batch=300/435 running_loss=0.036421
2026-08-19 19:57:03 | INFO | epoch=097 train_batch=310/435 running_loss=0.036363
2026-08-19 19:57:03 | INFO | epoch=097 train_batch=320/435 running_loss=0.036467
2026-08-19 19:57:03 | INFO | epoch=097 train_batch=330/435 running_loss=0.036354
2026-08-19 19:57:03 | INFO | epoch=097 train_batch=340/435 running_loss=0.036436
2026-08-19 19:57:04 | INFO | epoch=097 train_batch=350/435 running_loss=0.036453
2026-08-19 19:57:04 | INFO | epoch=097 train_batch=360/435 running_loss=0.036483
2026-08-19 19:57:04 | INFO | epoch=097 train_batch=370/435 running_loss=0.036454
2026-08-19 19:57:04 | INFO | epoch=097 train_batch=380/435 running_loss=0.036488
2026-08-19 19:57:05 | INFO | epoch=097 train_batch=390/435 running_loss=0.036420
2026-08-19 19:57:05 | INFO | epoch=097 train_batch=400/435 running_loss=0.036437
2026-08-19 19:57:05 | INFO | epoch=097 train_batch=410/435 running_loss=0.036456
2026-08-19 19:57:05 | INFO | epoch=097 train_batch=420/435 running_loss=0.036478
2026-08-19 19:57:06 | INFO | epoch=097 train_batch=430/435 running_loss=0.036544
2026-08-19 19:57:06 | INFO | epoch=097 train_batch=435/435 running_loss=0.036535
2026-08-19 19:57:06 | INFO | epoch=097 train_loss=0.036535 validation_loss=0.115911
2026-08-19 19:57:06 | INFO | epoch=098 train_batch=10/435 running_loss=0.036022
2026-08-19 19:57:06 | INFO | epoch=098 train_batch=20/435 running_loss=0.035722
2026-08-19 19:57:07 | INFO | epoch=098 train_batch=30/435 running_loss=0.036221
2026-08-19 19:57:07 | INFO | epoch=098 train_batch=40/435 running_loss=0.036443
2026-08-19 19:57:07 | INFO | epoch=098 train_batch=50/435 running_loss=0.037062
2026-08-19 19:57:07 | INFO | epoch=098 train_batch=60/435 running_loss=0.036951
2026-08-19 19:57:08 | INFO | epoch=098 train_batch=70/435 running_loss=0.037082
2026-08-19 19:57:08 | INFO | epoch=098 train_batch=80/435 running_loss=0.036988
2026-08-19 19:57:08 | INFO | epoch=098 train_batch=90/435 running_loss=0.036758
2026-08-19 19:57:08 | INFO | epoch=098 train_batch=100/435 running_loss=0.036714
2026-08-19 19:57:09 | INFO | epoch=098 train_batch=110/435 running_loss=0.036754
2026-08-19 19:57:09 | INFO | epoch=098 train_batch=120/435 running_loss=0.036584
2026-08-19 19:57:09 | INFO | epoch=098 train_batch=130/435 running_loss=0.036562
2026-08-19 19:57:09 | INFO | epoch=098 train_batch=140/435 running_loss=0.036472
2026-08-19 19:57:10 | INFO | epoch=098 train_batch=150/435 running_loss=0.036470
2026-08-19 19:57:10 | INFO | epoch=098 train_batch=160/435 running_loss=0.036423
2026-08-19 19:57:10 | INFO | epoch=098 train_batch=170/435 running_loss=0.036417
2026-08-19 19:57:10 | INFO | epoch=098 train_batch=180/435 running_loss=0.036388
2026-08-19 19:57:11 | INFO | epoch=098 train_batch=190/435 running_loss=0.036448
2026-08-19 19:57:11 | INFO | epoch=098 train_batch=200/435 running_loss=0.036488
2026-08-19 19:57:11 | INFO | epoch=098 train_batch=210/435 running_loss=0.036449
2026-08-19 19:57:11 | INFO | epoch=098 train_batch=220/435 running_loss=0.036464
2026-08-19 19:57:12 | INFO | epoch=098 train_batch=230/435 running_loss=0.036512
2026-08-19 19:57:12 | INFO | epoch=098 train_batch=240/435 running_loss=0.036517
2026-08-19 19:57:12 | INFO | epoch=098 train_batch=250/435 running_loss=0.036587
2026-08-19 19:57:12 | INFO | epoch=098 train_batch=260/435 running_loss=0.036546
2026-08-19 19:57:13 | INFO | epoch=098 train_batch=270/435 running_loss=0.036687
2026-08-19 19:57:13 | INFO | epoch=098 train_batch=280/435 running_loss=0.036696
2026-08-19 19:57:13 | INFO | epoch=098 train_batch=290/435 running_loss=0.036801
2026-08-19 19:57:13 | INFO | epoch=098 train_batch=300/435 running_loss=0.036865
2026-08-19 19:57:14 | INFO | epoch=098 train_batch=310/435 running_loss=0.036890
2026-08-19 19:57:14 | INFO | epoch=098 train_batch=320/435 running_loss=0.036803
2026-08-19 19:57:14 | INFO | epoch=098 train_batch=330/435 running_loss=0.036716
2026-08-19 19:57:14 | INFO | epoch=098 train_batch=340/435 running_loss=0.036662
2026-08-19 19:57:15 | INFO | epoch=098 train_batch=350/435 running_loss=0.036625
2026-08-19 19:57:15 | INFO | epoch=098 train_batch=360/435 running_loss=0.036602
2026-08-19 19:57:15 | INFO | epoch=098 train_batch=370/435 running_loss=0.036558
2026-08-19 19:57:15 | INFO | epoch=098 train_batch=380/435 running_loss=0.036607
2026-08-19 19:57:16 | INFO | epoch=098 train_batch=390/435 running_loss=0.036563
2026-08-19 19:57:16 | INFO | epoch=098 train_batch=400/435 running_loss=0.036535
2026-08-19 19:57:16 | INFO | epoch=098 train_batch=410/435 running_loss=0.036574
2026-08-19 19:57:16 | INFO | epoch=098 train_batch=420/435 running_loss=0.036598
2026-08-19 19:57:17 | INFO | epoch=098 train_batch=430/435 running_loss=0.036548
2026-08-19 19:57:17 | INFO | epoch=098 train_batch=435/435 running_loss=0.036575
2026-08-19 19:57:17 | INFO | epoch=098 train_loss=0.036575 validation_loss=0.117267
2026-08-19 19:57:17 | INFO | epoch=099 train_batch=10/435 running_loss=0.036263
2026-08-19 19:57:18 | INFO | epoch=099 train_batch=20/435 running_loss=0.036052
2026-08-19 19:57:18 | INFO | epoch=099 train_batch=30/435 running_loss=0.035449
2026-08-19 19:57:18 | INFO | epoch=099 train_batch=40/435 running_loss=0.034791
2026-08-19 19:57:18 | INFO | epoch=099 train_batch=50/435 running_loss=0.035316
2026-08-19 19:57:19 | INFO | epoch=099 train_batch=60/435 running_loss=0.035392
2026-08-19 19:57:19 | INFO | epoch=099 train_batch=70/435 running_loss=0.035366
2026-08-19 19:57:19 | INFO | epoch=099 train_batch=80/435 running_loss=0.035558
2026-08-19 19:57:19 | INFO | epoch=099 train_batch=90/435 running_loss=0.035731
2026-08-19 19:57:20 | INFO | epoch=099 train_batch=100/435 running_loss=0.035957
2026-08-19 19:57:20 | INFO | epoch=099 train_batch=110/435 running_loss=0.036006
2026-08-19 19:57:20 | INFO | epoch=099 train_batch=120/435 running_loss=0.036079
2026-08-19 19:57:20 | INFO | epoch=099 train_batch=130/435 running_loss=0.035926
2026-08-19 19:57:21 | INFO | epoch=099 train_batch=140/435 running_loss=0.036053
2026-08-19 19:57:21 | INFO | epoch=099 train_batch=150/435 running_loss=0.035945
2026-08-19 19:57:21 | INFO | epoch=099 train_batch=160/435 running_loss=0.036073
2026-08-19 19:57:21 | INFO | epoch=099 train_batch=170/435 running_loss=0.036164
2026-08-19 19:57:22 | INFO | epoch=099 train_batch=180/435 running_loss=0.036239
2026-08-19 19:57:22 | INFO | epoch=099 train_batch=190/435 running_loss=0.036226
2026-08-19 19:57:22 | INFO | epoch=099 train_batch=200/435 running_loss=0.036200
2026-08-19 19:57:22 | INFO | epoch=099 train_batch=210/435 running_loss=0.036325
2026-08-19 19:57:23 | INFO | epoch=099 train_batch=220/435 running_loss=0.036357
2026-08-19 19:57:23 | INFO | epoch=099 train_batch=230/435 running_loss=0.036406
2026-08-19 19:57:23 | INFO | epoch=099 train_batch=240/435 running_loss=0.036492
2026-08-19 19:57:23 | INFO | epoch=099 train_batch=250/435 running_loss=0.036405
2026-08-19 19:57:24 | INFO | epoch=099 train_batch=260/435 running_loss=0.036495
2026-08-19 19:57:24 | INFO | epoch=099 train_batch=270/435 running_loss=0.036512
2026-08-19 19:57:24 | INFO | epoch=099 train_batch=280/435 running_loss=0.036490
2026-08-19 19:57:24 | INFO | epoch=099 train_batch=290/435 running_loss=0.036478
2026-08-19 19:57:25 | INFO | epoch=099 train_batch=300/435 running_loss=0.036453
2026-08-19 19:57:25 | INFO | epoch=099 train_batch=310/435 running_loss=0.036389
2026-08-19 19:57:25 | INFO | epoch=099 train_batch=320/435 running_loss=0.036349
2026-08-19 19:57:25 | INFO | epoch=099 train_batch=330/435 running_loss=0.036397
2026-08-19 19:57:26 | INFO | epoch=099 train_batch=340/435 running_loss=0.036413
2026-08-19 19:57:26 | INFO | epoch=099 train_batch=350/435 running_loss=0.036486
2026-08-19 19:57:26 | INFO | epoch=099 train_batch=360/435 running_loss=0.036542
2026-08-19 19:57:26 | INFO | epoch=099 train_batch=370/435 running_loss=0.036475
2026-08-19 19:57:27 | INFO | epoch=099 train_batch=380/435 running_loss=0.036421
2026-08-19 19:57:27 | INFO | epoch=099 train_batch=390/435 running_loss=0.036383
2026-08-19 19:57:27 | INFO | epoch=099 train_batch=400/435 running_loss=0.036436
2026-08-19 19:57:27 | INFO | epoch=099 train_batch=410/435 running_loss=0.036386
2026-08-19 19:57:28 | INFO | epoch=099 train_batch=420/435 running_loss=0.036380
2026-08-19 19:57:28 | INFO | epoch=099 train_batch=430/435 running_loss=0.036390
2026-08-19 19:57:28 | INFO | epoch=099 train_batch=435/435 running_loss=0.036328
2026-08-19 19:57:28 | INFO | epoch=099 train_loss=0.036328 validation_loss=0.116246
2026-08-19 19:57:29 | INFO | epoch=100 train_batch=10/435 running_loss=0.037108
2026-08-19 19:57:29 | INFO | epoch=100 train_batch=20/435 running_loss=0.036178
2026-08-19 19:57:29 | INFO | epoch=100 train_batch=30/435 running_loss=0.035509
2026-08-19 19:57:29 | INFO | epoch=100 train_batch=40/435 running_loss=0.035821
2026-08-19 19:57:30 | INFO | epoch=100 train_batch=50/435 running_loss=0.035738
2026-08-19 19:57:30 | INFO | epoch=100 train_batch=60/435 running_loss=0.035794
2026-08-19 19:57:30 | INFO | epoch=100 train_batch=70/435 running_loss=0.036003
2026-08-19 19:57:30 | INFO | epoch=100 train_batch=80/435 running_loss=0.036260
2026-08-19 19:57:31 | INFO | epoch=100 train_batch=90/435 running_loss=0.036209
2026-08-19 19:57:31 | INFO | epoch=100 train_batch=100/435 running_loss=0.036028
2026-08-19 19:57:31 | INFO | epoch=100 train_batch=110/435 running_loss=0.035953
2026-08-19 19:57:31 | INFO | epoch=100 train_batch=120/435 running_loss=0.036164
2026-08-19 19:57:32 | INFO | epoch=100 train_batch=130/435 running_loss=0.036109
2026-08-19 19:57:32 | INFO | epoch=100 train_batch=140/435 running_loss=0.036093
2026-08-19 19:57:32 | INFO | epoch=100 train_batch=150/435 running_loss=0.035921
2026-08-19 19:57:32 | INFO | epoch=100 train_batch=160/435 running_loss=0.035646
2026-08-19 19:57:33 | INFO | epoch=100 train_batch=170/435 running_loss=0.035726
2026-08-19 19:57:33 | INFO | epoch=100 train_batch=180/435 running_loss=0.035760
2026-08-19 19:57:33 | INFO | epoch=100 train_batch=190/435 running_loss=0.035775
2026-08-19 19:57:33 | INFO | epoch=100 train_batch=200/435 running_loss=0.035901
2026-08-19 19:57:34 | INFO | epoch=100 train_batch=210/435 running_loss=0.035957
2026-08-19 19:57:34 | INFO | epoch=100 train_batch=220/435 running_loss=0.035895
2026-08-19 19:57:34 | INFO | epoch=100 train_batch=230/435 running_loss=0.035888
2026-08-19 19:57:34 | INFO | epoch=100 train_batch=240/435 running_loss=0.035848
2026-08-19 19:57:34 | INFO | epoch=100 train_batch=250/435 running_loss=0.036010
2026-08-19 19:57:35 | INFO | epoch=100 train_batch=260/435 running_loss=0.035987
2026-08-19 19:57:35 | INFO | epoch=100 train_batch=270/435 running_loss=0.035889
2026-08-19 19:57:35 | INFO | epoch=100 train_batch=280/435 running_loss=0.035861
2026-08-19 19:57:36 | INFO | epoch=100 train_batch=290/435 running_loss=0.035966
2026-08-19 19:57:36 | INFO | epoch=100 train_batch=300/435 running_loss=0.035913
2026-08-19 19:57:36 | INFO | epoch=100 train_batch=310/435 running_loss=0.035865
2026-08-19 19:57:36 | INFO | epoch=100 train_batch=320/435 running_loss=0.035947
2026-08-19 19:57:36 | INFO | epoch=100 train_batch=330/435 running_loss=0.035952
2026-08-19 19:57:37 | INFO | epoch=100 train_batch=340/435 running_loss=0.035988
2026-08-19 19:57:37 | INFO | epoch=100 train_batch=350/435 running_loss=0.036044
2026-08-19 19:57:37 | INFO | epoch=100 train_batch=360/435 running_loss=0.036086
2026-08-19 19:57:37 | INFO | epoch=100 train_batch=370/435 running_loss=0.036212
2026-08-19 19:57:38 | INFO | epoch=100 train_batch=380/435 running_loss=0.036207
2026-08-19 19:57:38 | INFO | epoch=100 train_batch=390/435 running_loss=0.036272
2026-08-19 19:57:38 | INFO | epoch=100 train_batch=400/435 running_loss=0.036218
2026-08-19 19:57:39 | INFO | epoch=100 train_batch=410/435 running_loss=0.036218
2026-08-19 19:57:39 | INFO | epoch=100 train_batch=420/435 running_loss=0.036257
2026-08-19 19:57:39 | INFO | epoch=100 train_batch=430/435 running_loss=0.036298
2026-08-19 19:57:39 | INFO | epoch=100 train_batch=435/435 running_loss=0.036322
2026-08-19 19:57:39 | INFO | epoch=100 train_loss=0.036322 validation_loss=0.118249
2026-08-19 19:57:39 | INFO | Best validation loss: 0.115727; checkpoints saved in /bigdata/users/90967055/fuzzyDynamics/NeurIPS_Fuzzy_Dynamics_code/results/fuzzy_dynamics_20260819_193905_050686/checkpoint
2026-08-19 19:57:41 | INFO | Completed training
2026-08-19 19:57:41 | INFO | Starting evaluation: /bigdata/users/90967055/fuzzyDynamics/NeurIPS_Fuzzy_Dynamics_code/.venv/bin/python -m scripts.evaluate_fuzzy_dynamics --experiment-time 20260819_193905_050686 --activations /bigdata/users/90967055/fuzzyDynamics/NeurIPS_Fuzzy_Dynamics_code/cache/socrates_llama3_8b_tuned_full.pt --results-root /bigdata/users/90967055/fuzzyDynamics/NeurIPS_Fuzzy_Dynamics_code/results --device cuda --batch-size 16 --subset auto --semantic-event-quantile 0.75 --event-id-field uid --log-dir /bigdata/users/90967055/fuzzyDynamics/NeurIPS_Fuzzy_Dynamics_code/logs --log-every-batches 10
2026-08-19 19:57:47 | INFO | Log file: /bigdata/users/90967055/fuzzyDynamics/NeurIPS_Fuzzy_Dynamics_code/logs/fuzzy_dynamics_20260819_193905_050686/evaluate_fuzzy_dynamics_20260819_195747_111512.log
2026-08-19 19:57:47 | INFO | Arguments: {'checkpoint': '/bigdata/users/90967055/fuzzyDynamics/NeurIPS_Fuzzy_Dynamics_code/results/fuzzy_dynamics_20260819_193905_050686/checkpoint/best.pt', 'experiment_time': '20260819_193905_050686', 'latest': False, 'results_root': '/bigdata/users/90967055/fuzzyDynamics/NeurIPS_Fuzzy_Dynamics_code/results', 'activations': '/bigdata/users/90967055/fuzzyDynamics/NeurIPS_Fuzzy_Dynamics_code/cache/socrates_llama3_8b_tuned_full.pt', 'output_dir': None, 'batch_size': 16, 'device': 'cuda', 'split_file': None, 'subset': 'auto', 'semantic_events': None, 'event_id_field': 'uid', 'allow_missing_events': False, 'semantic_event_quantile': 0.75, 'include_operation_proxies': False, 'skip_semantic_alignment': False, 'skip_rollout': False, 'log_dir': '/bigdata/users/90967055/fuzzyDynamics/NeurIPS_Fuzzy_Dynamics_code/logs', 'log_every_batches': 10}
2026-08-19 19:57:47 | INFO | experiment_time=20260819_193905_050686
2026-08-19 19:57:52 | INFO | subset=validation selected=273 holdout_status=verified_training_split_validation
2026-08-19 19:57:52 | INFO | Evaluation outputs: /bigdata/users/90967055/fuzzyDynamics/NeurIPS_Fuzzy_Dynamics_code/results/fuzzy_dynamics_20260819_193905_050686/evaluation
2026-08-19 19:57:53 | INFO | batch=10/18 evaluated_queries=160/273
2026-08-19 19:57:54 | INFO | batch=18/18 evaluated_queries=273/273
2026-08-19 19:57:54 | INFO | Metrics:
{
  "schema_version": 3,
  "evaluation": {
    "schema_version": 3,
    "experiment_time": "20260819_193905_050686",
    "checkpoint": "/bigdata/users/90967055/fuzzyDynamics/NeurIPS_Fuzzy_Dynamics_code/results/fuzzy_dynamics_20260819_193905_050686/checkpoint/best.pt",
    "activations": "/bigdata/users/90967055/fuzzyDynamics/NeurIPS_Fuzzy_Dynamics_code/cache/socrates_llama3_8b_tuned_full.pt",
    "checkpoint_epoch": 91,
    "cache_model_name": "data/models/Meta-Llama-3-8B",
    "device": "cuda",
    "selection": {
      "subset": "validation",
      "split_file": "/bigdata/users/90967055/fuzzyDynamics/NeurIPS_Fuzzy_Dynamics_code/results/fuzzy_dynamics_20260819_193905_050686/training/split.json",
      "split_by": "category",
      "selected_count": 273,
      "cache_count": 7232,
      "selected_indices_sha256": "345cb7d0dfd10de6b0abb86a025d1d8a2510633a5c1e4e4e8531a6fa7e7e08fc",
      "same_as_training_activation_cache": true,
      "holdout_status": "verified_training_split_validation"
    },
    "semantic_events": {
      "kind": "automatic_training_prior_overlapping_proxies",
      "independent_of_training": false,
      "layer_axis": "transition_s_l_to_s_l_plus_1",
      "include_operation_proxies": false,
      "prediction_refinement_score": "sqrt(relu(margin_change)*relu(uncertainty_drop))",
      "bridge_and_answer_scores_used_for": [
        "concept_composition",
        "hop_transition"
      ]
    }
  },
  "fidelity": {
    "one_step": {
      "mse": 0.04255138710141182,
      "mae": 0.125399649143219,
      "r2": 0.8944931462127319,
      "r2_defined": true,
      "r2_reason": null,
      "target_sum_squares": 454501.55932968523,
      "target_variance": 0.4033044759364132,
      "cosine_similarity": 0.907287061214447,
      "per_layer": [
        {
          "layer": 0,
          "mse": 0.008870313875377178,
          "mae": 0.045461975038051605,
          "r2": 0.8363818207777411,
          "r2_defined": true,
          "r2_reason": null,
          "target_sum_squares": 1909.2367870580129,
          "target_variance": 0.054213498794843766,
          "cosine_similarity": 0.979977011680603
        },
        {
          "layer": 1,
          "mse": 0.01282360777258873,
          "mae": 0.058573201298713684,
          "r2": 0.8393403281587358,
          "r2_defined": true,
          "r2_reason": null,
          "target_sum_squares": 2810.9669297233413,
          "target_variance": 0.07981846635781983,
          "cosine_similarity": 0.950269341468811
        },
        {
          "layer": 2,
          "mse": 0.015237132087349892,
          "mae": 0.06372902542352676,
          "r2": 0.8208621299851367,
          "r2_defined": true,
          "r2_reason": null,
          "target_sum_squares": 2995.492269892878,
          "target_variance": 0.08505813300090519,
          "cosine_similarity": 0.9430286884307861
        },
        {
          "layer": 3,
          "mse": 0.025980781763792038,
          "mae": 0.0859440490603447,
          "r2": 0.7445082598360314,
          "r2_defined": true,
          "r2_reason": null,
          "target_sum_squares": 3581.192886369873,
          "target_variance": 0.10168932295112795,
          "cosine_similarity": 0.9183655977249146
        },
        {
          "layer": 4,
          "mse": 0.031094064936041832,
          "mae": 0.0973362848162651,
          "r2": 0.8020639026330793,
          "r2_defined": true,
          "r2_reason": null,
          "target_sum_squares": 5532.289347374932,
          "target_variance": 0.15709144297853117,
          "cosine_similarity": 0.9294120073318481
        },
        {
          "layer": 5,
          "mse": 0.025975177064538002,
          "mae": 0.09077084064483643,
          "r2": 0.812437064393444,
          "r2_defined": true,
          "r2_reason": null,
          "target_sum_squares": 4877.124777579165,
          "target_variance": 0.1384877978697551,
          "cosine_similarity": 0.9346734285354614
        },
        {
          "layer": 6,
          "mse": 0.03252702206373215,
          "mae": 0.10200448334217072,
          "r2": 0.8052672867475987,
          "r2_defined": true,
          "r2_reason": null,
          "target_sum_squares": 5882.442887663128,
          "target_variance": 0.16703418484434018,
          "cosine_similarity": 0.928373396396637
        },
        {
          "layer": 7,
          "mse": 0.03223691135644913,
          "mae": 0.10382422804832458,
          "r2": 0.8088368875955391,
          "r2_defined": true,
          "r2_reason": null,
          "target_sum_squares": 5938.840807192762,
          "target_variance": 0.1686356250445172,
          "cosine_similarity": 0.9200345277786255
        },
        {
          "layer": 8,
          "mse": 0.03868487849831581,
          "mae": 0.11241701990365982,
          "r2": 0.7813262228843425,
          "r2_defined": true,
          "r2_reason": null,
          "target_sum_squares": 6230.126295196279,
          "target_variance": 0.17690678635875512,
          "cosine_similarity": 0.9032221436500549
        },
        {
          "layer": 9,
          "mse": 0.035893987864255905,
          "mae": 0.11157703399658203,
          "r2": 0.7593578644150031,
          "r2_defined": true,
          "r2_reason": null,
          "target_sum_squares": 5252.939970685123,
          "target_variance": 0.1491592120477361,
          "cosine_similarity": 0.9202218055725098
        },
        {
          "layer": 10,
          "mse": 0.030842585489153862,
          "mae": 0.10392129421234131,
          "r2": 0.7737661479171566,
          "r2_defined": true,
          "r2_reason": null,
          "target_sum_squares": 4801.153172110771,
          "target_variance": 0.1363305554735148,
          "cosine_similarity": 0.9149072170257568
        },
        {
          "layer": 11,
          "mse": 0.029711540788412094,
          "mae": 0.1038154885172844,
          "r2": 0.7853882314605434,
          "r2_defined": true,
          "r2_reason": null,
          "target_sum_squares": 4875.553985015609,
          "target_variance": 0.1384431946223588,
          "cosine_similarity": 0.9295929670333862
        },
        {
          "layer": 12,
          "mse": 0.03419959172606468,
          "mae": 0.10901821404695511,
          "r2": 0.7905206030287935,
          "r2_defined": true,
          "r2_reason": null,
          "target_sum_squares": 5749.524512756961,
          "target_variance": 0.16325991744773719,
          "cosine_similarity": 0.9250420928001404
        },
        {
          "layer": 13,
          "mse": 0.03660615533590317,
          "mae": 0.11420103907585144,
          "r2": 0.726171877339425,
          "r2_defined": true,
          "r2_reason": null,
          "target_sum_squares": 4707.9129759109055,
          "target_variance": 0.13368296492917925,
          "cosine_similarity": 0.9179155826568604
        },
        {
          "layer": 14,
          "mse": 0.03701585531234741,
          "mae": 0.11549530923366547,
          "r2": 0.7461015460454665,
          "r2_defined": true,
          "r2_reason": null,
          "target_sum_squares": 5134.2863605355515,
          "target_variance": 0.1457899980275308,
          "cosine_similarity": 0.9068180918693542
        },
        {
          "layer": 15,
          "mse": 0.049274131655693054,
          "mae": 0.13785356283187866,
          "r2": 0.7327816735126342,
          "r2_defined": true,
          "r2_reason": null,
          "target_sum_squares": 6493.892332202006,
          "target_variance": 0.18439652248067712,
          "cosine_similarity": 0.9060920476913452
        },
        {
          "layer": 16,
          "mse": 0.043526411056518555,
          "mae": 0.135092094540596,
          "r2": 0.7213545004894057,
          "r2_defined": true,
          "r2_reason": null,
          "target_sum_squares": 5501.146592119967,
          "target_variance": 0.1562071326950043,
          "cosine_similarity": 0.9090113639831543
        },
        {
          "layer": 17,
          "mse": 0.03621303662657738,
          "mae": 0.1270134299993515,
          "r2": 0.7228188214450673,
          "r2_defined": true,
          "r2_reason": null,
          "target_sum_squares": 4601.0136147129215,
          "target_variance": 0.13064751724203996,
          "cosine_similarity": 0.9025318026542664
        },
        {
          "layer": 18,
          "mse": 0.033701278269290924,
          "mae": 0.1277001053094864,
          "r2": 0.6646608176475626,
          "r2_defined": true,
          "r2_reason": null,
          "target_sum_squares": 3539.276189587857,
          "target_variance": 0.10049908253365866,
          "cosine_similarity": 0.8907408118247986
        },
        {
          "layer": 19,
          "mse": 0.03285679966211319,
          "mae": 0.12523260712623596,
          "r2": 0.5841072509027143,
          "r2_defined": true,
          "r2_reason": null,
          "target_sum_squares": 2782.250633768118,
          "target_variance": 0.07900305630144867,
          "cosine_similarity": 0.8682165741920471
        },
        {
          "layer": 20,
          "mse": 0.028946921229362488,
          "mae": 0.1206241324543953,
          "r2": 0.5972505879544723,
          "r2_defined": true,
          "r2_reason": null,
          "target_sum_squares": 2531.161229157432,
          "target_variance": 0.0718732779384227,
          "cosine_similarity": 0.8780827522277832
        },
        {
          "layer": 21,
          "mse": 0.04487965255975723,
          "mae": 0.15113899111747742,
          "r2": 0.4990371248181883,
          "r2_defined": true,
          "r2_reason": null,
          "target_sum_squares": 3154.977663439502,
          "target_variance": 0.0895867809137491,
          "cosine_similarity": 0.847957193851471
        },
        {
          "layer": 22,
          "mse": 0.03539339080452919,
          "mae": 0.13832320272922516,
          "r2": 0.5287667748061268,
          "r2_defined": true,
          "r2_reason": null,
          "target_sum_squares": 2645.079077247519,
          "target_variance": 0.0751080182084652,
          "cosine_similarity": 0.8370938897132874
        },
        {
          "layer": 23,
          "mse": 0.03363510221242905,
          "mae": 0.1352487951517105,
          "r2": 0.485236965839966,
          "r2_defined": true,
          "r2_reason": null,
          "target_sum_squares": 2301.1119614408367,
          "target_variance": 0.06534094219952968,
          "cosine_similarity": 0.8508525490760803
        },
        {
          "layer": 24,
          "mse": 0.03774050623178482,
          "mae": 0.14192627370357513,
          "r2": 0.3663744668564125,
          "r2_defined": true,
          "r2_reason": null,
          "target_sum_squares": 2097.622846582951,
          "target_variance": 0.05956279202041488,
          "cosine_similarity": 0.8263047933578491
        },
        {
          "layer": 25,
          "mse": 0.034374114125967026,
          "mae": 0.13460399210453033,
          "r2": 0.28643962160223435,
          "r2_defined": true,
          "r2_reason": null,
          "target_sum_squares": 1696.497340555593,
          "target_variance": 0.04817268195915589,
          "cosine_similarity": 0.8239445686340332
        },
        {
          "layer": 26,
          "mse": 0.030089519917964935,
          "mae": 0.1276625692844391,
          "r2": 0.3862943118414448,
          "r2_defined": true,
          "r2_reason": null,
          "target_sum_squares": 1726.6625645695387,
          "target_variance": 0.04902923487433736,
          "cosine_similarity": 0.8588162660598755
        },
        {
          "layer": 27,
          "mse": 0.02895333431661129,
          "mae": 0.12576033174991608,
          "r2": 0.3708725933880974,
          "r2_defined": true,
          "r2_reason": null,
          "target_sum_squares": 1620.7363705125013,
          "target_variance": 0.04602142063527561,
          "cosine_similarity": 0.8817146420478821
        },
        {
          "layer": 28,
          "mse": 0.03088168427348137,
          "mae": 0.1312367022037506,
          "r2": 0.45764840895403813,
          "r2_defined": true,
          "r2_reason": null,
          "target_sum_squares": 2005.2680691127352,
          "target_variance": 0.056940343274916524,
          "cosine_similarity": 0.9325804114341736
        },
        {
          "layer": 29,
          "mse": 0.042313363403081894,
          "mae": 0.15504370629787445,
          "r2": 0.5597758977386018,
          "r2_defined": true,
          "r2_reason": null,
          "target_sum_squares": 3384.9800237514314,
          "target_variance": 0.09611778469919162,
          "cosine_similarity": 0.9587370157241821
        },
        {
          "layer": 30,
          "mse": 0.06386929750442505,
          "mae": 0.18929311633110046,
          "r2": 0.7868276451207284,
          "r2_defined": true,
          "r2_reason": null,
          "target_sum_squares": 10551.486299891809,
          "target_variance": 0.2996134338498966,
          "cosine_similarity": 0.9660377502441406
        },
        {
          "layer": 31,
          "mse": 0.3272961974143982,
          "mae": 0.3909454047679901,
          "r2": 0.9081563015305274,
          "r2_defined": true,
          "r2_reason": null,
          "target_sum_squares": 125500.06780704817,
          "target_variance": 3.563621768096322,
          "cosine_similarity": 0.97261643409729
        }
      ],
      "layer_macro_r2": 0.6715854355520707,
      "early_layers_0_8_macro_r2": 0.80566932255685,
      "middle_layers_9_17_macro_r2": 0.7509179184059439,
      "late_layers_18_29_macro_r2": 0.4822054018624882,
      "final_layers_30_31_macro_r2": 0.8474919733256279,
      "components": {
        "z": {
          "mse": 0.019198672845959663,
          "mae": 0.07980976998806,
          "r2": 0.942746965125003,
          "r2_defined": true,
          "r2_reason": null,
          "target_sum_squares": 187484.44924053948,
          "target_variance": 0.3353301876583596,
          "cosine_similarity": 0.7707963585853577
        },
        "concept": {
          "mse": 0.04480167105793953,
          "mae": 0.12852799892425537,
          "r2": 0.8680300957098701,
          "r2_defined": true,
          "r2_reason": null,
          "target_sum_squares": 94903.42796591642,
          "target_variance": 0.33948398854566025,
          "cosine_similarity": 0.810676634311676
        },
        "belief": {
          "mse": 0.08827245235443115,
          "mae": 0.21642479300498962,
          "r2": 0.8565913612277354,
          "r2_defined": true,
          "r2_reason": null,
          "target_sum_squares": 172072.89333691212,
          "target_variance": 0.6155308970671364,
          "cosine_similarity": 0.9089984893798828
        },
        "uncertainty": {
          "mse": 0.0020421412773430347,
          "mae": 0.030239496380090714,
          "r2": 0.5626212867264551,
          "r2_defined": true,
          "r2_reason": null,
          "target_sum_squares": 40.78878631718208,
          "target_variance": 0.004669046052790989,
          "cosine_similarity": 0.6263736486434937
        }
      },
      "macro_r2": 0.8074974271972659,
      "macro_r2_available_components": 0.8074974271972659,
      "macro_r2_defined_components": 4
    },
    "conditional_rollout": {
      "kind": "conditional_on_observed_attention_and_mlp",
      "initial_state_mse": 0.0,
      "rollout_error": 5387.23486328125,
      "mse": 41.76150894165039,
      "rmse": 6.462314605712891,
      "final_state_squared_l2": 32608.556640625,
      "final_state_mse": 252.77951049804688,
      "per_horizon": [
        {
          "horizon": 1,
          "squared_l2": 1.1442705392837524,
          "mse": 0.008870314806699753,
          "mae": 0.045461975038051605,
          "r2": 0.8838599911221084,
          "r2_defined": true,
          "r2_reason": null,
          "target_sum_squares": 2689.735045868288,
          "target_variance": 0.07637604128313849,
          "cosine_similarity": 0.9782737493515015
        },
        {
          "horizon": 2,
          "squared_l2": 2.6117289066314697,
          "mse": 0.020245959982275963,
          "mae": 0.0760456770658493,
          "r2": 0.854829916130134,
          "r2_defined": true,
          "r2_reason": null,
          "target_sum_squares": 4911.494191913993,
          "target_variance": 0.1394637303550556,
          "cosine_similarity": 0.9582388997077942
        },
        {
          "horizon": 3,
          "squared_l2": 3.782222032546997,
          "mse": 0.029319550842046738,
          "mae": 0.10042934864759445,
          "r2": 0.8100666968473935,
          "r2_defined": true,
          "r2_reason": null,
          "target_sum_squares": 5436.364338035384,
          "target_variance": 0.15436761615229533,
          "cosine_similarity": 0.940385639667511
        },
        {
          "horizon": 4,
          "squared_l2": 6.799433708190918,
          "mse": 0.052708785980939865,
          "mae": 0.139092817902565,
          "r2": 0.7249082063007988,
          "r2_defined": true,
          "r2_reason": null,
          "target_sum_squares": 6747.7306929099905,
          "target_variance": 0.1916043584890817,
          "cosine_similarity": 0.9143704771995544
        },
        {
          "horizon": 5,
          "squared_l2": 10.398282051086426,
          "mse": 0.0806068405508995,
          "mae": 0.18146248161792755,
          "r2": 0.6440077780364399,
          "r2_defined": true,
          "r2_reason": null,
          "target_sum_squares": 7974.138083921009,
          "target_variance": 0.22642865899767184,
          "cosine_similarity": 0.8836259245872498
        },
        {
          "horizon": 6,
          "squared_l2": 14.398919105529785,
          "mse": 0.11161953955888748,
          "mae": 0.2226555496454239,
          "r2": 0.5887624859438261,
          "r2_defined": true,
          "r2_reason": null,
          "target_sum_squares": 9558.721688240887,
          "target_variance": 0.27142350819890637,
          "cosine_similarity": 0.8605243563652039
        },
        {
          "horizon": 7,
          "squared_l2": 19.85801124572754,
          "mse": 0.15393808484077454,
          "mae": 0.27202415466308594,
          "r2": 0.4701257503984234,
          "r2_defined": true,
          "r2_reason": null,
          "target_sum_squares": 10231.176577961789,
          "target_variance": 0.2905181184644288,
          "cosine_similarity": 0.834375262260437
        },
        {
          "horizon": 8,
          "squared_l2": 28.523366928100586,
          "mse": 0.22111138701438904,
          "mae": 0.33278629183769226,
          "r2": 0.33873666459008966,
          "r2_defined": true,
          "r2_reason": null,
          "target_sum_squares": 11775.76202687874,
          "target_variance": 0.3343772049543896,
          "cosine_similarity": 0.8044565320014954
        },
        {
          "horizon": 9,
          "squared_l2": 39.34564208984375,
          "mse": 0.30500495433807373,
          "mae": 0.3966965079307556,
          "r2": -0.05655203513049423,
          "r2_defined": true,
          "r2_reason": null,
          "target_sum_squares": 10166.42819408422,
          "target_variance": 0.28867956367902486,
          "cosine_similarity": 0.7502203583717346
        },
        {
          "horizon": 10,
          "squared_l2": 56.45085525512695,
          "mse": 0.43760350346565247,
          "mae": 0.48199665546417236,
          "r2": -0.39698466320115866,
          "r2_defined": true,
          "r2_reason": null,
          "target_sum_squares": 11031.676740384384,
          "target_variance": 0.3132486225511652,
          "cosine_similarity": 0.6990790367126465
        },
        {
          "horizon": 11,
          "squared_l2": 80.38484191894531,
          "mse": 0.6231383085250854,
          "mae": 0.5787966251373291,
          "r2": -0.7968246341543723,
          "r2_defined": true,
          "r2_reason": null,
          "target_sum_squares": 12213.246535079565,
          "target_variance": 0.34679974259816465,
          "cosine_similarity": 0.6404287219047546
        },
        {
          "horizon": 12,
          "squared_l2": 116.85299682617188,
          "mse": 0.9058371186256409,
          "mae": 0.6987975835800171,
          "r2": -1.6820931841946796,
          "r2_defined": true,
          "r2_reason": null,
          "target_sum_squares": 11894.018737178281,
          "target_variance": 0.3377351488536298,
          "cosine_similarity": 0.569694459438324
        },
        {
          "horizon": 13,
          "squared_l2": 178.59747314453125,
          "mse": 1.3844765424728394,
          "mae": 0.8614516854286194,
          "r2": -2.8101492638359735,
          "r2_defined": true,
          "r2_reason": null,
          "target_sum_squares": 12796.639237060477,
          "target_variance": 0.3633653984456506,
          "cosine_similarity": 0.5219935178756714
        },
        {
          "horizon": 14,
          "squared_l2": 264.85009765625,
          "mse": 2.0531013011932373,
          "mae": 1.0428036451339722,
          "r2": -4.706654129216835,
          "r2_defined": true,
          "r2_reason": null,
          "target_sum_squares": 12670.13423624674,
          "target_variance": 0.3597732412257359,
          "cosine_similarity": 0.4428843557834625
        },
        {
          "horizon": 15,
          "squared_l2": 383.67449951171875,
          "mse": 2.9742209911346436,
          "mae": 1.250382900238037,
          "r2": -6.424079291708601,
          "r2_defined": true,
          "r2_reason": null,
          "target_sum_squares": 14108.570378403332,
          "target_variance": 0.40061817810725875,
          "cosine_similarity": 0.364292174577713
        },
        {
          "horizon": 16,
          "squared_l2": 575.4755859375,
          "mse": 4.4610514640808105,
          "mae": 1.5393142700195312,
          "r2": -8.964458559892796,
          "r2_defined": true,
          "r2_reason": null,
          "target_sum_squares": 15766.519478769489,
          "target_variance": 0.44769626824458325,
          "cosine_similarity": 0.3152208924293518
        },
        {
          "horizon": 17,
          "squared_l2": 815.6240844726562,
          "mse": 6.322667121887207,
          "mae": 1.835983157157898,
          "r2": -12.914041554631988,
          "r2_defined": true,
          "r2_reason": null,
          "target_sum_squares": 16002.9259077889,
          "target_variance": 0.4544091179767981,
          "cosine_similarity": 0.2649417817592621
        },
        {
          "horizon": 18,
          "squared_l2": 1153.46044921875,
          "mse": 8.941554069519043,
          "mae": 2.1925525665283203,
          "r2": -19.761504095511672,
          "r2_defined": true,
          "r2_reason": null,
          "target_sum_squares": 15167.240397502615,
          "target_variance": 0.4306795126644125,
          "cosine_similarity": 0.2567715346813202
        },
        {
          "horizon": 19,
          "squared_l2": 1584.4547119140625,
          "mse": 12.282594680786133,
          "mae": 2.5829687118530273,
          "r2": -24.483773634195206,
          "r2_defined": true,
          "r2_reason": null,
          "target_sum_squares": 16973.786387749424,
          "target_variance": 0.48197706754548725,
          "cosine_similarity": 0.23249465227127075
        },
        {
          "horizon": 20,
          "squared_l2": 2135.82861328125,
          "mse": 16.556808471679688,
          "mae": 3.0105793476104736,
          "r2": -30.318165613625215,
          "r2_defined": true,
          "r2_reason": null,
          "target_sum_squares": 18617.985231411534,
          "target_variance": 0.5286647139566554,
          "cosine_similarity": 0.21804890036582947
        },
        {
          "horizon": 21,
          "squared_l2": 2795.623291015625,
          "mse": 21.671497344970703,
          "mae": 3.466989517211914,
          "r2": -36.408535628125215,
          "r2_defined": true,
          "r2_reason": null,
          "target_sum_squares": 20401.898986312335,
          "target_variance": 0.5793196179774636,
          "cosine_similarity": 0.19749124348163605
        },
        {
          "horizon": 22,
          "squared_l2": 3632.8017578125,
          "mse": 28.161252975463867,
          "mae": 3.971951484680176,
          "r2": -39.23999605205595,
          "r2_defined": true,
          "r2_reason": null,
          "target_sum_squares": 24645.99786769357,
          "target_variance": 0.6998324067266823,
          "cosine_similarity": 0.1587892323732376
        },
        {
          "horizon": 23,
          "squared_l2": 4707.953125,
          "mse": 36.495765686035156,
          "mae": 4.543299198150635,
          "r2": -46.63333986517417,
          "r2_defined": true,
          "r2_reason": null,
          "target_sum_squares": 26982.599414796656,
          "target_variance": 0.7661810890989197,
          "cosine_similarity": 0.14542478322982788
        },
        {
          "horizon": 24,
          "squared_l2": 5986.32177734375,
          "mse": 46.40559387207031,
          "mae": 5.149575233459473,
          "r2": -50.184396417300796,
          "r2_defined": true,
          "r2_reason": null,
          "target_sum_squares": 31928.98590722078,
          "target_variance": 0.9066355994894733,
          "cosine_similarity": 0.14862610399723053
        },
        {
          "horizon": 25,
          "squared_l2": 7469.08251953125,
          "mse": 57.89986801147461,
          "mae": 5.771665096282959,
          "r2": -53.649164404094904,
          "r2_defined": true,
          "r2_reason": null,
          "target_sum_squares": 37311.81762554345,
          "target_variance": 1.0594831367107775,
          "cosine_similarity": 0.12170031666755676
        },
        {
          "horizon": 26,
          "squared_l2": 9540.9970703125,
          "mse": 73.96121978759766,
          "mae": 6.531931400299072,
          "r2": -61.10451281066159,
          "r2_defined": true,
          "r2_reason": null,
          "target_sum_squares": 41940.46497908396,
          "target_variance": 1.1909153243911736,
          "cosine_similarity": 0.1013491153717041
        },
        {
          "horizon": 27,
          "squared_l2": 11956.0224609375,
          "mse": 92.68234252929688,
          "mae": 7.291595935821533,
          "r2": -68.23726946247501,
          "r2_defined": true,
          "r2_reason": null,
          "target_sum_squares": 47142.15484900873,
          "target_variance": 1.3386192704946114,
          "cosine_similarity": 0.0712357684969902
        },
        {
          "horizon": 28,
          "squared_l2": 15196.884765625,
          "mse": 117.80531311035156,
          "mae": 8.149349212646484,
          "r2": -79.58860375341519,
          "r2_defined": true,
          "r2_reason": null,
          "target_sum_squares": 51480.5976053886,
          "target_variance": 1.4618109891640003,
          "cosine_similarity": 0.05733252316713333
        },
        {
          "horizon": 29,
          "squared_l2": 18994.8046875,
          "mse": 147.2465362548828,
          "mae": 9.038890838623047,
          "r2": -87.64699433237749,
          "r2_defined": true,
          "r2_reason": null,
          "target_sum_squares": 58496.97844858365,
          "target_variance": 1.6610437700140175,
          "cosine_similarity": 0.01801380142569542
        },
        {
          "horizon": 30,
          "squared_l2": 23624.330078125,
          "mse": 183.1343536376953,
          "mae": 10.010783195495605,
          "r2": -91.77943584978699,
          "r2_defined": true,
          "r2_reason": null,
          "target_sum_squares": 69513.7074713448,
          "target_variance": 1.9738679464845046,
          "cosine_similarity": 0.02578229270875454
        },
        {
          "horizon": 31,
          "squared_l2": 28405.611328125,
          "mse": 220.19854736328125,
          "mae": 10.875593185424805,
          "r2": -85.39935355295958,
          "r2_defined": true,
          "r2_reason": null,
          "target_sum_squares": 89754.51111142356,
          "target_variance": 2.5486132013352516,
          "cosine_similarity": 0.009816999547183514
        },
        {
          "horizon": 32,
          "squared_l2": 32608.556640625,
          "mse": 252.77951049804688,
          "mae": 11.704941749572754,
          "r2": -45.52533072897254,
          "r2_defined": true,
          "r2_reason": null,
          "target_sum_squares": 191339.55657629645,
          "target_variance": 5.433158888499771,
          "cosine_similarity": 0.018662039190530777
        }
      ],
      "positive_r2_horizon": 8,
      "components": {
        "z": {
          "mse": 40.20100021362305,
          "mae": 3.167830467224121,
          "r2": -37.97270239112183,
          "r2_defined": true,
          "r2_reason": null,
          "target_sum_squares": 576725.239339783,
          "target_variance": 1.031516925902485,
          "cosine_similarity": 0.34891805052757263
        },
        "concept": {
          "mse": 51.63972473144531,
          "mae": 3.5922725200653076,
          "r2": -36.22389629076973,
          "r2_defined": true,
          "r2_reason": null,
          "target_sum_squares": 387815.07761414174,
          "target_variance": 1.3872734861998546,
          "cosine_similarity": 0.3415556252002716
        },
        "belief": {
          "mse": 36.29808044433594,
          "mae": 3.2066943645477295,
          "r2": -28.62732277090161,
          "r2_defined": true,
          "r2_reason": null,
          "target_sum_squares": 342494.7150004628,
          "target_variance": 1.225155659771573,
          "cosine_similarity": 0.493874192237854
        },
        "uncertainty": {
          "mse": 0.3606197237968445,
          "mae": 0.34822192788124084,
          "r2": -24.135170960580314,
          "r2_defined": true,
          "r2_reason": null,
          "target_sum_squares": 125.33728942268962,
          "target_variance": 0.014347217195820699,
          "cosine_similarity": 0.6055402755737305
        }
      },
      "macro_r2": -31.73977310334337,
      "macro_r2_available_components": -31.73977310334337,
      "macro_r2_defined_components": 4
    }
  },
  "semantic_alignment": {
    "modes": {
      "knowledge_enrichment": {
        "available": false,
        "reason": "event_definition_unavailable",
        "auroc": null,
        "average_precision": null
      },
      "information_routing": {
        "available": false,
        "reason": "event_definition_unavailable",
        "auroc": null,
        "average_precision": null
      },
      "concept_composition": {
        "available": true,
        "num_examples": 8736,
        "num_positive": 1172,
        "num_negative": 7564,
        "prevalence": 0.13415750915750915,
        "auroc": 0.48113932892107936,
        "average_precision": 0.12786465744815242,
        "source": "positive_first_token_bridge_log_probability_change",
        "independent_of_training_prior": false,
        "label_rule": "per_query_top_0.250_quantile",
        "num_queries": 273,
        "num_queries_with_valid_layers": 273,
        "num_queries_with_positive_events": 273,
        "coverage": 1.0
      },
      "prediction_refinement": {
        "available": true,
        "num_examples": 8736,
        "num_positive": 885,
        "num_negative": 7851,
        "prevalence": 0.10130494505494506,
        "auroc": 0.5744414148544897,
        "average_precision": 0.13876378443588644,
        "source": "joint_top1_top2_margin_increase_and_uncertainty_decrease",
        "independent_of_training_prior": false,
        "label_rule": "per_query_top_0.250_quantile",
        "num_queries": 273,
        "num_queries_with_valid_layers": 273,
        "num_queries_with_positive_events": 273,
        "coverage": 1.0
      },
      "hop_transition": {
        "available": true,
        "num_examples": 8736,
        "num_positive": 729,
        "num_negative": 8007,
        "prevalence": 0.08344780219780219,
        "auroc": 0.5983651479166977,
        "average_precision": 0.11985925156481161,
        "source": "joint_first_token_bridge_logprob_decrease_and_answer_logprob_increase",
        "independent_of_training_prior": false,
        "label_rule": "per_query_top_0.250_quantile",
        "num_queries": 273,
        "num_queries_with_valid_layers": 273,
        "num_queries_with_positive_events": 273,
        "coverage": 1.0
      }
    },
    "event_quantile": 0.75,
    "num_available_modes": 3,
    "available_modes": [
      "concept_composition",
      "prediction_refinement",
      "hop_transition"
    ],
    "available_mode_fraction": 0.6,
    "macro_auroc": null,
    "macro_average_precision": null,
    "diagnostic_macro_auroc_available_modes": 0.5513152972307557,
    "diagnostic_macro_average_precision_available_modes": 0.12882923114961684,
    "strict_macro_requires_all_five_modes": true,
    "strict_macro_requires_independent_events": true,
    "all_events_independent_of_training_prior": false,
    "strict_macro_reason": "requires_defined_independent_events_for_all_five_modes"
  }
}
2026-08-19 19:57:54 | INFO | holdout_status=verified_training_split_validation
2026-08-19 19:57:54 | INFO | Saved 273 trajectories to /bigdata/users/90967055/fuzzyDynamics/NeurIPS_Fuzzy_Dynamics_code/results/fuzzy_dynamics_20260819_193905_050686/evaluation/trajectories.jsonl
2026-08-19 19:57:55 | INFO | Completed evaluation
2026-08-19 19:57:55 | INFO | Starting plotting: /bigdata/users/90967055/fuzzyDynamics/NeurIPS_Fuzzy_Dynamics_code/.venv/bin/python -m scripts.plot_trajectory --trajectories /bigdata/users/90967055/fuzzyDynamics/NeurIPS_Fuzzy_Dynamics_code/results/fuzzy_dynamics_20260819_193905_050686/evaluation/trajectories.jsonl --index 0 --experiment-time 20260819_193905_050686 --log-dir /bigdata/users/90967055/fuzzyDynamics/NeurIPS_Fuzzy_Dynamics_code/logs
2026-08-19 19:57:58 | INFO | Log file: /bigdata/users/90967055/fuzzyDynamics/NeurIPS_Fuzzy_Dynamics_code/logs/fuzzy_dynamics_20260819_193905_050686/plot_trajectory_20260819_195758_715165.log
2026-08-19 19:57:58 | INFO | Arguments: {'trajectories': '/bigdata/users/90967055/fuzzyDynamics/NeurIPS_Fuzzy_Dynamics_code/results/fuzzy_dynamics_20260819_193905_050686/evaluation/trajectories.jsonl', 'index': 0, 'output': None, 'experiment_time': '20260819_193905_050686', 'log_dir': '/bigdata/users/90967055/fuzzyDynamics/NeurIPS_Fuzzy_Dynamics_code/logs'}
2026-08-19 19:57:58 | INFO | experiment_time=20260819_193905_050686
2026-08-19 19:58:00 | INFO | Saved /bigdata/users/90967055/fuzzyDynamics/NeurIPS_Fuzzy_Dynamics_code/results/fuzzy_dynamics_20260819_193905_050686/evaluation/trajectory_0.png
2026-08-19 19:58:00 | INFO | Completed plotting
2026-08-19 19:58:00 | INFO | Pipeline complete: /bigdata/users/90967055/fuzzyDynamics/NeurIPS_Fuzzy_Dynamics_code/results/fuzzy_dynamics_20260819_193905_050686
EXPERIMENT_TIME=20260819_193905_050686
EXPERIMENT_DIR=/bigdata/users/90967055/fuzzyDynamics/NeurIPS_Fuzzy_Dynamics_code/results/fuzzy_dynamics_20260819_193905_050686
