array_task=1/4 config_index=1 seed_index=0
config=configs/fuzzy_dynamics_layer.json seed=42
project_root=/bigdata/users/90967055/fuzzyDynamics/NeurIPS_Fuzzy_Dynamics_code
python=/bigdata/users/90967055/fuzzyDynamics/NeurIPS_Fuzzy_Dynamics_code/.venv/bin/python
activations=cache/socrates_llama3_8b_tuned_full.pt
config=configs/fuzzy_dynamics_layer.json seed=42 device=cuda
activation_archive_ok=cache/socrates_llama3_8b_tuned_full.pt entries=17
python=3.11.8 executable=/bigdata/users/90967055/fuzzyDynamics/NeurIPS_Fuzzy_Dynamics_code/.venv/bin/python
platform=Linux-7.1.4-200.fc44.x86_64-x86_64-with-glibc2.43
numpy=1.26.4 [ok]
torch=2.13.0 [ok]
transformers=4.57.6 [ok]
accelerate=1.14.0 [ok]
datasets=4.8.5 [ok]
pandas=2.3.3 [ok]
tqdm=4.70.0 [ok]
requests=2.34.2 [ok]
matplotlib=3.11.1 [ok]
tuned-lens=0.2.0 [ok]
Unidecode=1.4.0 [ok]
fancy-einsum=0.0.3 [ok]
PyYAML=6.0.3 [ok]
sentencepiece=0.2.2 [ok]
safetensors=0.8.0 [ok]
baukit=0.0.1 [ok]
torch_cuda_build=13.0
cuda_available=True
cuda_device_count=1
Environment check passed.
2026-08-19 18:51:21 | INFO | Log file: /bigdata/users/90967055/fuzzyDynamics/NeurIPS_Fuzzy_Dynamics_code/logs/fuzzy_dynamics_20260819_185121_050733/run_pipeline_20260819_185121_062993.log
2026-08-19 18:51:21 | INFO | experiment_time=20260819_185121_050733
2026-08-19 18:51:21 | INFO | Experiment directory: /bigdata/users/90967055/fuzzyDynamics/NeurIPS_Fuzzy_Dynamics_code/results/fuzzy_dynamics_20260819_185121_050733
2026-08-19 18:51:21 | INFO | Starting training: /bigdata/users/90967055/fuzzyDynamics/NeurIPS_Fuzzy_Dynamics_code/.venv/bin/python -m scripts.train_fuzzy_dynamics --activations /bigdata/users/90967055/fuzzyDynamics/NeurIPS_Fuzzy_Dynamics_code/cache/socrates_llama3_8b_tuned_full.pt --config /bigdata/users/90967055/fuzzyDynamics/NeurIPS_Fuzzy_Dynamics_code/configs/fuzzy_dynamics_layer.json --seed 42 --device cuda --results-root /bigdata/users/90967055/fuzzyDynamics/NeurIPS_Fuzzy_Dynamics_code/results --experiment-time 20260819_185121_050733 --log-dir /bigdata/users/90967055/fuzzyDynamics/NeurIPS_Fuzzy_Dynamics_code/logs --log-every-batches 10
2026-08-19 18:51:25 | INFO | Log file: /bigdata/users/90967055/fuzzyDynamics/NeurIPS_Fuzzy_Dynamics_code/logs/fuzzy_dynamics_20260819_185121_050733/train_fuzzy_dynamics_20260819_185125_790771.log
2026-08-19 18:51:25 | INFO | Arguments: {'activations': '/bigdata/users/90967055/fuzzyDynamics/NeurIPS_Fuzzy_Dynamics_code/cache/socrates_llama3_8b_tuned_full.pt', 'results_root': '/bigdata/users/90967055/fuzzyDynamics/NeurIPS_Fuzzy_Dynamics_code/results', 'experiment_time': '20260819_185121_050733', 'config': '/bigdata/users/90967055/fuzzyDynamics/NeurIPS_Fuzzy_Dynamics_code/configs/fuzzy_dynamics_layer.json', 'device': 'cuda', 'seed': 42, 'log_dir': '/bigdata/users/90967055/fuzzyDynamics/NeurIPS_Fuzzy_Dynamics_code/logs', 'log_every_batches': 10}
2026-08-19 18:51:25 | INFO | experiment_time=20260819_185121_050733
2026-08-19 18:52:13 | INFO | split_by=category train=6264 validation=968
2026-08-19 18:52:14 | INFO | Fitting shared frozen PCA projectors on 8192 training states across all layers
2026-08-19 18:52:16 | INFO | Fitted block-balanced delta scales: min=0.115523 median=0.608833 max=1.03053
2026-08-19 18:52:22 | INFO | Checkpoints: /bigdata/users/90967055/fuzzyDynamics/NeurIPS_Fuzzy_Dynamics_code/results/fuzzy_dynamics_20260819_185121_050733/checkpoint
2026-08-19 18:52:22 | INFO | Training results: /bigdata/users/90967055/fuzzyDynamics/NeurIPS_Fuzzy_Dynamics_code/results/fuzzy_dynamics_20260819_185121_050733/training
2026-08-19 18:52:22 | INFO | epoch=001 train_batch=10/392 running_loss=1.051328
2026-08-19 18:52:22 | INFO | epoch=001 train_batch=20/392 running_loss=0.953683
2026-08-19 18:52:23 | INFO | epoch=001 train_batch=30/392 running_loss=0.886071
2026-08-19 18:52:23 | INFO | epoch=001 train_batch=40/392 running_loss=0.831629
2026-08-19 18:52:23 | INFO | epoch=001 train_batch=50/392 running_loss=0.788029
2026-08-19 18:52:23 | INFO | epoch=001 train_batch=60/392 running_loss=0.753001
2026-08-19 18:52:24 | INFO | epoch=001 train_batch=70/392 running_loss=0.719379
2026-08-19 18:52:24 | INFO | epoch=001 train_batch=80/392 running_loss=0.688640
2026-08-19 18:52:24 | INFO | epoch=001 train_batch=90/392 running_loss=0.661503
2026-08-19 18:52:24 | INFO | epoch=001 train_batch=100/392 running_loss=0.639296
2026-08-19 18:52:25 | INFO | epoch=001 train_batch=110/392 running_loss=0.616186
2026-08-19 18:52:25 | INFO | epoch=001 train_batch=120/392 running_loss=0.594918
2026-08-19 18:52:25 | INFO | epoch=001 train_batch=130/392 running_loss=0.575958
2026-08-19 18:52:25 | INFO | epoch=001 train_batch=140/392 running_loss=0.557141
2026-08-19 18:52:26 | INFO | epoch=001 train_batch=150/392 running_loss=0.543008
2026-08-19 18:52:26 | INFO | epoch=001 train_batch=160/392 running_loss=0.528990
2026-08-19 18:52:26 | INFO | epoch=001 train_batch=170/392 running_loss=0.516239
2026-08-19 18:52:26 | INFO | epoch=001 train_batch=180/392 running_loss=0.505612
2026-08-19 18:52:26 | INFO | epoch=001 train_batch=190/392 running_loss=0.494152
2026-08-19 18:52:27 | INFO | epoch=001 train_batch=200/392 running_loss=0.482658
2026-08-19 18:52:27 | INFO | epoch=001 train_batch=210/392 running_loss=0.472315
2026-08-19 18:52:27 | INFO | epoch=001 train_batch=220/392 running_loss=0.463285
2026-08-19 18:52:27 | INFO | epoch=001 train_batch=230/392 running_loss=0.454475
2026-08-19 18:52:28 | INFO | epoch=001 train_batch=240/392 running_loss=0.445325
2026-08-19 18:52:28 | INFO | epoch=001 train_batch=250/392 running_loss=0.437529
2026-08-19 18:52:28 | INFO | epoch=001 train_batch=260/392 running_loss=0.429809
2026-08-19 18:52:28 | INFO | epoch=001 train_batch=270/392 running_loss=0.422380
2026-08-19 18:52:29 | INFO | epoch=001 train_batch=280/392 running_loss=0.414806
2026-08-19 18:52:29 | INFO | epoch=001 train_batch=290/392 running_loss=0.408252
2026-08-19 18:52:29 | INFO | epoch=001 train_batch=300/392 running_loss=0.402287
2026-08-19 18:52:29 | INFO | epoch=001 train_batch=310/392 running_loss=0.396209
2026-08-19 18:52:30 | INFO | epoch=001 train_batch=320/392 running_loss=0.390386
2026-08-19 18:52:30 | INFO | epoch=001 train_batch=330/392 running_loss=0.384798
2026-08-19 18:52:30 | INFO | epoch=001 train_batch=340/392 running_loss=0.379317
2026-08-19 18:52:30 | INFO | epoch=001 train_batch=350/392 running_loss=0.373920
2026-08-19 18:52:30 | INFO | epoch=001 train_batch=360/392 running_loss=0.368910
2026-08-19 18:52:31 | INFO | epoch=001 train_batch=370/392 running_loss=0.364536
2026-08-19 18:52:31 | INFO | epoch=001 train_batch=380/392 running_loss=0.359990
2026-08-19 18:52:31 | INFO | epoch=001 train_batch=390/392 running_loss=0.355606
2026-08-19 18:52:31 | INFO | epoch=001 train_batch=392/392 running_loss=0.354889
2026-08-19 18:52:32 | INFO | epoch=001 train_loss=0.354889 validation_loss=0.487395
2026-08-19 18:52:32 | INFO | epoch=001 saved new best.pt
2026-08-19 18:52:32 | INFO | epoch=002 train_batch=10/392 running_loss=0.183771
2026-08-19 18:52:33 | INFO | epoch=002 train_batch=20/392 running_loss=0.182592
2026-08-19 18:52:33 | INFO | epoch=002 train_batch=30/392 running_loss=0.182218
2026-08-19 18:52:33 | INFO | epoch=002 train_batch=40/392 running_loss=0.179840
2026-08-19 18:52:33 | INFO | epoch=002 train_batch=50/392 running_loss=0.176113
2026-08-19 18:52:34 | INFO | epoch=002 train_batch=60/392 running_loss=0.175759
2026-08-19 18:52:34 | INFO | epoch=002 train_batch=70/392 running_loss=0.175800
2026-08-19 18:52:34 | INFO | epoch=002 train_batch=80/392 running_loss=0.174830
2026-08-19 18:52:34 | INFO | epoch=002 train_batch=90/392 running_loss=0.175919
2026-08-19 18:52:34 | INFO | epoch=002 train_batch=100/392 running_loss=0.175754
2026-08-19 18:52:35 | INFO | epoch=002 train_batch=110/392 running_loss=0.174781
2026-08-19 18:52:35 | INFO | epoch=002 train_batch=120/392 running_loss=0.175005
2026-08-19 18:52:35 | INFO | epoch=002 train_batch=130/392 running_loss=0.174328
2026-08-19 18:52:35 | INFO | epoch=002 train_batch=140/392 running_loss=0.172803
2026-08-19 18:52:36 | INFO | epoch=002 train_batch=150/392 running_loss=0.172027
2026-08-19 18:52:36 | INFO | epoch=002 train_batch=160/392 running_loss=0.170485
2026-08-19 18:52:36 | INFO | epoch=002 train_batch=170/392 running_loss=0.169604
2026-08-19 18:52:36 | INFO | epoch=002 train_batch=180/392 running_loss=0.169582
2026-08-19 18:52:37 | INFO | epoch=002 train_batch=190/392 running_loss=0.169501
2026-08-19 18:52:37 | INFO | epoch=002 train_batch=200/392 running_loss=0.168938
2026-08-19 18:52:37 | INFO | epoch=002 train_batch=210/392 running_loss=0.168176
2026-08-19 18:52:37 | INFO | epoch=002 train_batch=220/392 running_loss=0.167154
2026-08-19 18:52:38 | INFO | epoch=002 train_batch=230/392 running_loss=0.166027
2026-08-19 18:52:38 | INFO | epoch=002 train_batch=240/392 running_loss=0.165059
2026-08-19 18:52:38 | INFO | epoch=002 train_batch=250/392 running_loss=0.164043
2026-08-19 18:52:38 | INFO | epoch=002 train_batch=260/392 running_loss=0.163441
2026-08-19 18:52:39 | INFO | epoch=002 train_batch=270/392 running_loss=0.162202
2026-08-19 18:52:39 | INFO | epoch=002 train_batch=280/392 running_loss=0.161498
2026-08-19 18:52:39 | INFO | epoch=002 train_batch=290/392 running_loss=0.160491
2026-08-19 18:52:39 | INFO | epoch=002 train_batch=300/392 running_loss=0.160092
2026-08-19 18:52:39 | INFO | epoch=002 train_batch=310/392 running_loss=0.159519
2026-08-19 18:52:40 | INFO | epoch=002 train_batch=320/392 running_loss=0.159071
2026-08-19 18:52:40 | INFO | epoch=002 train_batch=330/392 running_loss=0.158398
2026-08-19 18:52:40 | INFO | epoch=002 train_batch=340/392 running_loss=0.158023
2026-08-19 18:52:40 | INFO | epoch=002 train_batch=350/392 running_loss=0.157660
2026-08-19 18:52:41 | INFO | epoch=002 train_batch=360/392 running_loss=0.157234
2026-08-19 18:52:41 | INFO | epoch=002 train_batch=370/392 running_loss=0.156477
2026-08-19 18:52:41 | INFO | epoch=002 train_batch=380/392 running_loss=0.155872
2026-08-19 18:52:41 | INFO | epoch=002 train_batch=390/392 running_loss=0.155321
2026-08-19 18:52:41 | INFO | epoch=002 train_batch=392/392 running_loss=0.155421
2026-08-19 18:52:42 | INFO | epoch=002 train_loss=0.155421 validation_loss=0.437710
2026-08-19 18:52:42 | INFO | epoch=002 saved new best.pt
2026-08-19 18:52:42 | INFO | epoch=003 train_batch=10/392 running_loss=0.128607
2026-08-19 18:52:43 | INFO | epoch=003 train_batch=20/392 running_loss=0.133035
2026-08-19 18:52:43 | INFO | epoch=003 train_batch=30/392 running_loss=0.131507
2026-08-19 18:52:43 | INFO | epoch=003 train_batch=40/392 running_loss=0.131334
2026-08-19 18:52:43 | INFO | epoch=003 train_batch=50/392 running_loss=0.129892
2026-08-19 18:52:44 | INFO | epoch=003 train_batch=60/392 running_loss=0.129477
2026-08-19 18:52:44 | INFO | epoch=003 train_batch=70/392 running_loss=0.129488
2026-08-19 18:52:44 | INFO | epoch=003 train_batch=80/392 running_loss=0.129085
2026-08-19 18:52:44 | INFO | epoch=003 train_batch=90/392 running_loss=0.128721
2026-08-19 18:52:45 | INFO | epoch=003 train_batch=100/392 running_loss=0.129496
2026-08-19 18:52:45 | INFO | epoch=003 train_batch=110/392 running_loss=0.129419
2026-08-19 18:52:45 | INFO | epoch=003 train_batch=120/392 running_loss=0.128837
2026-08-19 18:52:45 | INFO | epoch=003 train_batch=130/392 running_loss=0.128934
2026-08-19 18:52:45 | INFO | epoch=003 train_batch=140/392 running_loss=0.128812
2026-08-19 18:52:46 | INFO | epoch=003 train_batch=150/392 running_loss=0.128458
2026-08-19 18:52:46 | INFO | epoch=003 train_batch=160/392 running_loss=0.128398
2026-08-19 18:52:46 | INFO | epoch=003 train_batch=170/392 running_loss=0.127726
2026-08-19 18:52:46 | INFO | epoch=003 train_batch=180/392 running_loss=0.127685
2026-08-19 18:52:47 | INFO | epoch=003 train_batch=190/392 running_loss=0.127800
2026-08-19 18:52:47 | INFO | epoch=003 train_batch=200/392 running_loss=0.127194
2026-08-19 18:52:47 | INFO | epoch=003 train_batch=210/392 running_loss=0.127178
2026-08-19 18:52:47 | INFO | epoch=003 train_batch=220/392 running_loss=0.126620
2026-08-19 18:52:48 | INFO | epoch=003 train_batch=230/392 running_loss=0.126116
2026-08-19 18:52:48 | INFO | epoch=003 train_batch=240/392 running_loss=0.125592
2026-08-19 18:52:48 | INFO | epoch=003 train_batch=250/392 running_loss=0.125084
2026-08-19 18:52:48 | INFO | epoch=003 train_batch=260/392 running_loss=0.125033
2026-08-19 18:52:49 | INFO | epoch=003 train_batch=270/392 running_loss=0.124751
2026-08-19 18:52:49 | INFO | epoch=003 train_batch=280/392 running_loss=0.124257
2026-08-19 18:52:49 | INFO | epoch=003 train_batch=290/392 running_loss=0.123880
2026-08-19 18:52:49 | INFO | epoch=003 train_batch=300/392 running_loss=0.123434
2026-08-19 18:52:50 | INFO | epoch=003 train_batch=310/392 running_loss=0.123041
2026-08-19 18:52:50 | INFO | epoch=003 train_batch=320/392 running_loss=0.122628
2026-08-19 18:52:50 | INFO | epoch=003 train_batch=330/392 running_loss=0.122148
2026-08-19 18:52:50 | INFO | epoch=003 train_batch=340/392 running_loss=0.121844
2026-08-19 18:52:50 | INFO | epoch=003 train_batch=350/392 running_loss=0.121777
2026-08-19 18:52:51 | INFO | epoch=003 train_batch=360/392 running_loss=0.121331
2026-08-19 18:52:51 | INFO | epoch=003 train_batch=370/392 running_loss=0.120939
2026-08-19 18:52:51 | INFO | epoch=003 train_batch=380/392 running_loss=0.120653
2026-08-19 18:52:51 | INFO | epoch=003 train_batch=390/392 running_loss=0.120605
2026-08-19 18:52:51 | INFO | epoch=003 train_batch=392/392 running_loss=0.120633
2026-08-19 18:52:52 | INFO | epoch=003 train_loss=0.120633 validation_loss=0.396750
2026-08-19 18:52:52 | INFO | epoch=003 saved new best.pt
2026-08-19 18:52:53 | INFO | epoch=004 train_batch=10/392 running_loss=0.102730
2026-08-19 18:52:53 | INFO | epoch=004 train_batch=20/392 running_loss=0.109395
2026-08-19 18:52:53 | INFO | epoch=004 train_batch=30/392 running_loss=0.107342
2026-08-19 18:52:53 | INFO | epoch=004 train_batch=40/392 running_loss=0.107166
2026-08-19 18:52:53 | INFO | epoch=004 train_batch=50/392 running_loss=0.108453
2026-08-19 18:52:54 | INFO | epoch=004 train_batch=60/392 running_loss=0.108945
2026-08-19 18:52:54 | INFO | epoch=004 train_batch=70/392 running_loss=0.108859
2026-08-19 18:52:54 | INFO | epoch=004 train_batch=80/392 running_loss=0.109169
2026-08-19 18:52:54 | INFO | epoch=004 train_batch=90/392 running_loss=0.108535
2026-08-19 18:52:55 | INFO | epoch=004 train_batch=100/392 running_loss=0.108152
2026-08-19 18:52:55 | INFO | epoch=004 train_batch=110/392 running_loss=0.107217
2026-08-19 18:52:55 | INFO | epoch=004 train_batch=120/392 running_loss=0.107009
2026-08-19 18:52:55 | INFO | epoch=004 train_batch=130/392 running_loss=0.106653
2026-08-19 18:52:55 | INFO | epoch=004 train_batch=140/392 running_loss=0.106061
2026-08-19 18:52:56 | INFO | epoch=004 train_batch=150/392 running_loss=0.106118
2026-08-19 18:52:56 | INFO | epoch=004 train_batch=160/392 running_loss=0.105983
2026-08-19 18:52:56 | INFO | epoch=004 train_batch=170/392 running_loss=0.105792
2026-08-19 18:52:56 | INFO | epoch=004 train_batch=180/392 running_loss=0.105397
2026-08-19 18:52:57 | INFO | epoch=004 train_batch=190/392 running_loss=0.104868
2026-08-19 18:52:57 | INFO | epoch=004 train_batch=200/392 running_loss=0.104669
2026-08-19 18:52:57 | INFO | epoch=004 train_batch=210/392 running_loss=0.104650
2026-08-19 18:52:57 | INFO | epoch=004 train_batch=220/392 running_loss=0.104386
2026-08-19 18:52:58 | INFO | epoch=004 train_batch=230/392 running_loss=0.104091
2026-08-19 18:52:58 | INFO | epoch=004 train_batch=240/392 running_loss=0.104114
2026-08-19 18:52:58 | INFO | epoch=004 train_batch=250/392 running_loss=0.104027
2026-08-19 18:52:58 | INFO | epoch=004 train_batch=260/392 running_loss=0.104073
2026-08-19 18:52:58 | INFO | epoch=004 train_batch=270/392 running_loss=0.104251
2026-08-19 18:52:59 | INFO | epoch=004 train_batch=280/392 running_loss=0.104152
2026-08-19 18:52:59 | INFO | epoch=004 train_batch=290/392 running_loss=0.104042
2026-08-19 18:52:59 | INFO | epoch=004 train_batch=300/392 running_loss=0.104037
2026-08-19 18:52:59 | INFO | epoch=004 train_batch=310/392 running_loss=0.104119
2026-08-19 18:53:00 | INFO | epoch=004 train_batch=320/392 running_loss=0.104096
2026-08-19 18:53:00 | INFO | epoch=004 train_batch=330/392 running_loss=0.104141
2026-08-19 18:53:00 | INFO | epoch=004 train_batch=340/392 running_loss=0.104044
2026-08-19 18:53:00 | INFO | epoch=004 train_batch=350/392 running_loss=0.103928
2026-08-19 18:53:00 | INFO | epoch=004 train_batch=360/392 running_loss=0.103696
2026-08-19 18:53:01 | INFO | epoch=004 train_batch=370/392 running_loss=0.103439
2026-08-19 18:53:01 | INFO | epoch=004 train_batch=380/392 running_loss=0.103306
2026-08-19 18:53:01 | INFO | epoch=004 train_batch=390/392 running_loss=0.103081
2026-08-19 18:53:01 | INFO | epoch=004 train_batch=392/392 running_loss=0.102955
2026-08-19 18:53:02 | INFO | epoch=004 train_loss=0.102955 validation_loss=0.364492
2026-08-19 18:53:02 | INFO | epoch=004 saved new best.pt
2026-08-19 18:53:02 | INFO | epoch=005 train_batch=10/392 running_loss=0.094757
2026-08-19 18:53:03 | INFO | epoch=005 train_batch=20/392 running_loss=0.093074
2026-08-19 18:53:03 | INFO | epoch=005 train_batch=30/392 running_loss=0.094161
2026-08-19 18:53:03 | INFO | epoch=005 train_batch=40/392 running_loss=0.092797
2026-08-19 18:53:03 | INFO | epoch=005 train_batch=50/392 running_loss=0.093339
2026-08-19 18:53:04 | INFO | epoch=005 train_batch=60/392 running_loss=0.093645
2026-08-19 18:53:04 | INFO | epoch=005 train_batch=70/392 running_loss=0.093318
2026-08-19 18:53:04 | INFO | epoch=005 train_batch=80/392 running_loss=0.093752
2026-08-19 18:53:04 | INFO | epoch=005 train_batch=90/392 running_loss=0.094045
2026-08-19 18:53:04 | INFO | epoch=005 train_batch=100/392 running_loss=0.094490
2026-08-19 18:53:05 | INFO | epoch=005 train_batch=110/392 running_loss=0.094776
2026-08-19 18:53:05 | INFO | epoch=005 train_batch=120/392 running_loss=0.094198
2026-08-19 18:53:05 | INFO | epoch=005 train_batch=130/392 running_loss=0.093965
2026-08-19 18:53:05 | INFO | epoch=005 train_batch=140/392 running_loss=0.094545
2026-08-19 18:53:06 | INFO | epoch=005 train_batch=150/392 running_loss=0.094179
2026-08-19 18:53:06 | INFO | epoch=005 train_batch=160/392 running_loss=0.094536
2026-08-19 18:53:06 | INFO | epoch=005 train_batch=170/392 running_loss=0.094265
2026-08-19 18:53:06 | INFO | epoch=005 train_batch=180/392 running_loss=0.093960
2026-08-19 18:53:07 | INFO | epoch=005 train_batch=190/392 running_loss=0.093759
2026-08-19 18:53:07 | INFO | epoch=005 train_batch=200/392 running_loss=0.093625
2026-08-19 18:53:07 | INFO | epoch=005 train_batch=210/392 running_loss=0.093260
2026-08-19 18:53:07 | INFO | epoch=005 train_batch=220/392 running_loss=0.092820
2026-08-19 18:53:08 | INFO | epoch=005 train_batch=230/392 running_loss=0.092632
2026-08-19 18:53:08 | INFO | epoch=005 train_batch=240/392 running_loss=0.092667
2026-08-19 18:53:08 | INFO | epoch=005 train_batch=250/392 running_loss=0.092767
2026-08-19 18:53:08 | INFO | epoch=005 train_batch=260/392 running_loss=0.092623
2026-08-19 18:53:08 | INFO | epoch=005 train_batch=270/392 running_loss=0.092577
2026-08-19 18:53:09 | INFO | epoch=005 train_batch=280/392 running_loss=0.092504
2026-08-19 18:53:09 | INFO | epoch=005 train_batch=290/392 running_loss=0.092746
2026-08-19 18:53:09 | INFO | epoch=005 train_batch=300/392 running_loss=0.092649
2026-08-19 18:53:09 | INFO | epoch=005 train_batch=310/392 running_loss=0.092822
2026-08-19 18:53:10 | INFO | epoch=005 train_batch=320/392 running_loss=0.092791
2026-08-19 18:53:10 | INFO | epoch=005 train_batch=330/392 running_loss=0.092634
2026-08-19 18:53:10 | INFO | epoch=005 train_batch=340/392 running_loss=0.092510
2026-08-19 18:53:10 | INFO | epoch=005 train_batch=350/392 running_loss=0.092387
2026-08-19 18:53:11 | INFO | epoch=005 train_batch=360/392 running_loss=0.092393
2026-08-19 18:53:11 | INFO | epoch=005 train_batch=370/392 running_loss=0.092272
2026-08-19 18:53:11 | INFO | epoch=005 train_batch=380/392 running_loss=0.092105
2026-08-19 18:53:11 | INFO | epoch=005 train_batch=390/392 running_loss=0.091840
2026-08-19 18:53:11 | INFO | epoch=005 train_batch=392/392 running_loss=0.091908
2026-08-19 18:53:12 | INFO | epoch=005 train_loss=0.091908 validation_loss=0.343647
2026-08-19 18:53:12 | INFO | epoch=005 saved new best.pt
2026-08-19 18:53:12 | INFO | epoch=006 train_batch=10/392 running_loss=0.094350
2026-08-19 18:53:13 | INFO | epoch=006 train_batch=20/392 running_loss=0.091266
2026-08-19 18:53:13 | INFO | epoch=006 train_batch=30/392 running_loss=0.091393
2026-08-19 18:53:13 | INFO | epoch=006 train_batch=40/392 running_loss=0.089495
2026-08-19 18:53:13 | INFO | epoch=006 train_batch=50/392 running_loss=0.088187
2026-08-19 18:53:14 | INFO | epoch=006 train_batch=60/392 running_loss=0.087088
2026-08-19 18:53:14 | INFO | epoch=006 train_batch=70/392 running_loss=0.086528
2026-08-19 18:53:14 | INFO | epoch=006 train_batch=80/392 running_loss=0.085667
2026-08-19 18:53:14 | INFO | epoch=006 train_batch=90/392 running_loss=0.085542
2026-08-19 18:53:15 | INFO | epoch=006 train_batch=100/392 running_loss=0.085251
2026-08-19 18:53:15 | INFO | epoch=006 train_batch=110/392 running_loss=0.085486
2026-08-19 18:53:15 | INFO | epoch=006 train_batch=120/392 running_loss=0.085653
2026-08-19 18:53:15 | INFO | epoch=006 train_batch=130/392 running_loss=0.085169
2026-08-19 18:53:16 | INFO | epoch=006 train_batch=140/392 running_loss=0.085049
2026-08-19 18:53:16 | INFO | epoch=006 train_batch=150/392 running_loss=0.085234
2026-08-19 18:53:16 | INFO | epoch=006 train_batch=160/392 running_loss=0.084886
2026-08-19 18:53:16 | INFO | epoch=006 train_batch=170/392 running_loss=0.085568
2026-08-19 18:53:16 | INFO | epoch=006 train_batch=180/392 running_loss=0.085664
2026-08-19 18:53:17 | INFO | epoch=006 train_batch=190/392 running_loss=0.085144
2026-08-19 18:53:17 | INFO | epoch=006 train_batch=200/392 running_loss=0.085047
2026-08-19 18:53:17 | INFO | epoch=006 train_batch=210/392 running_loss=0.085181
2026-08-19 18:53:17 | INFO | epoch=006 train_batch=220/392 running_loss=0.084970
2026-08-19 18:53:18 | INFO | epoch=006 train_batch=230/392 running_loss=0.085187
2026-08-19 18:53:18 | INFO | epoch=006 train_batch=240/392 running_loss=0.085072
2026-08-19 18:53:18 | INFO | epoch=006 train_batch=250/392 running_loss=0.085186
2026-08-19 18:53:18 | INFO | epoch=006 train_batch=260/392 running_loss=0.084917
2026-08-19 18:53:19 | INFO | epoch=006 train_batch=270/392 running_loss=0.084829
2026-08-19 18:53:19 | INFO | epoch=006 train_batch=280/392 running_loss=0.084522
2026-08-19 18:53:19 | INFO | epoch=006 train_batch=290/392 running_loss=0.084495
2026-08-19 18:53:19 | INFO | epoch=006 train_batch=300/392 running_loss=0.084711
2026-08-19 18:53:20 | INFO | epoch=006 train_batch=310/392 running_loss=0.084456
2026-08-19 18:53:20 | INFO | epoch=006 train_batch=320/392 running_loss=0.084298
2026-08-19 18:53:20 | INFO | epoch=006 train_batch=330/392 running_loss=0.084161
2026-08-19 18:53:20 | INFO | epoch=006 train_batch=340/392 running_loss=0.084142
2026-08-19 18:53:20 | INFO | epoch=006 train_batch=350/392 running_loss=0.084223
2026-08-19 18:53:21 | INFO | epoch=006 train_batch=360/392 running_loss=0.084270
2026-08-19 18:53:21 | INFO | epoch=006 train_batch=370/392 running_loss=0.084090
2026-08-19 18:53:21 | INFO | epoch=006 train_batch=380/392 running_loss=0.084104
2026-08-19 18:53:21 | INFO | epoch=006 train_batch=390/392 running_loss=0.083933
2026-08-19 18:53:21 | INFO | epoch=006 train_batch=392/392 running_loss=0.083939
2026-08-19 18:53:22 | INFO | epoch=006 train_loss=0.083939 validation_loss=0.336980
2026-08-19 18:53:22 | INFO | epoch=006 saved new best.pt
2026-08-19 18:53:22 | INFO | epoch=007 train_batch=10/392 running_loss=0.079908
2026-08-19 18:53:23 | INFO | epoch=007 train_batch=20/392 running_loss=0.078549
2026-08-19 18:53:23 | INFO | epoch=007 train_batch=30/392 running_loss=0.076461
2026-08-19 18:53:23 | INFO | epoch=007 train_batch=40/392 running_loss=0.076339
2026-08-19 18:53:23 | INFO | epoch=007 train_batch=50/392 running_loss=0.077560
2026-08-19 18:53:24 | INFO | epoch=007 train_batch=60/392 running_loss=0.077811
2026-08-19 18:53:24 | INFO | epoch=007 train_batch=70/392 running_loss=0.078068
2026-08-19 18:53:24 | INFO | epoch=007 train_batch=80/392 running_loss=0.078678
2026-08-19 18:53:24 | INFO | epoch=007 train_batch=90/392 running_loss=0.078499
2026-08-19 18:53:25 | INFO | epoch=007 train_batch=100/392 running_loss=0.078407
2026-08-19 18:53:25 | INFO | epoch=007 train_batch=110/392 running_loss=0.078996
2026-08-19 18:53:25 | INFO | epoch=007 train_batch=120/392 running_loss=0.078670
2026-08-19 18:53:25 | INFO | epoch=007 train_batch=130/392 running_loss=0.078705
2026-08-19 18:53:26 | INFO | epoch=007 train_batch=140/392 running_loss=0.078672
2026-08-19 18:53:26 | INFO | epoch=007 train_batch=150/392 running_loss=0.078945
2026-08-19 18:53:26 | INFO | epoch=007 train_batch=160/392 running_loss=0.079289
2026-08-19 18:53:26 | INFO | epoch=007 train_batch=170/392 running_loss=0.079042
2026-08-19 18:53:27 | INFO | epoch=007 train_batch=180/392 running_loss=0.079102
2026-08-19 18:53:27 | INFO | epoch=007 train_batch=190/392 running_loss=0.078839
2026-08-19 18:53:27 | INFO | epoch=007 train_batch=200/392 running_loss=0.078806
2026-08-19 18:53:27 | INFO | epoch=007 train_batch=210/392 running_loss=0.078642
2026-08-19 18:53:28 | INFO | epoch=007 train_batch=220/392 running_loss=0.078600
2026-08-19 18:53:28 | INFO | epoch=007 train_batch=230/392 running_loss=0.078565
2026-08-19 18:53:28 | INFO | epoch=007 train_batch=240/392 running_loss=0.078336
2026-08-19 18:53:28 | INFO | epoch=007 train_batch=250/392 running_loss=0.078189
2026-08-19 18:53:29 | INFO | epoch=007 train_batch=260/392 running_loss=0.078148
2026-08-19 18:53:29 | INFO | epoch=007 train_batch=270/392 running_loss=0.078000
2026-08-19 18:53:29 | INFO | epoch=007 train_batch=280/392 running_loss=0.078259
2026-08-19 18:53:29 | INFO | epoch=007 train_batch=290/392 running_loss=0.078130
2026-08-19 18:53:30 | INFO | epoch=007 train_batch=300/392 running_loss=0.077810
2026-08-19 18:53:30 | INFO | epoch=007 train_batch=310/392 running_loss=0.077784
2026-08-19 18:53:30 | INFO | epoch=007 train_batch=320/392 running_loss=0.077775
2026-08-19 18:53:30 | INFO | epoch=007 train_batch=330/392 running_loss=0.077794
2026-08-19 18:53:31 | INFO | epoch=007 train_batch=340/392 running_loss=0.077920
2026-08-19 18:53:31 | INFO | epoch=007 train_batch=350/392 running_loss=0.077825
2026-08-19 18:53:31 | INFO | epoch=007 train_batch=360/392 running_loss=0.077673
2026-08-19 18:53:31 | INFO | epoch=007 train_batch=370/392 running_loss=0.077764
2026-08-19 18:53:32 | INFO | epoch=007 train_batch=380/392 running_loss=0.077859
2026-08-19 18:53:32 | INFO | epoch=007 train_batch=390/392 running_loss=0.078024
2026-08-19 18:53:32 | INFO | epoch=007 train_batch=392/392 running_loss=0.078013
2026-08-19 18:53:32 | INFO | epoch=007 train_loss=0.078013 validation_loss=0.323145
2026-08-19 18:53:33 | INFO | epoch=007 saved new best.pt
2026-08-19 18:53:33 | INFO | epoch=008 train_batch=10/392 running_loss=0.074919
2026-08-19 18:53:33 | INFO | epoch=008 train_batch=20/392 running_loss=0.071870
2026-08-19 18:53:33 | INFO | epoch=008 train_batch=30/392 running_loss=0.072579
2026-08-19 18:53:34 | INFO | epoch=008 train_batch=40/392 running_loss=0.073209
2026-08-19 18:53:34 | INFO | epoch=008 train_batch=50/392 running_loss=0.073810
2026-08-19 18:53:34 | INFO | epoch=008 train_batch=60/392 running_loss=0.073532
2026-08-19 18:53:34 | INFO | epoch=008 train_batch=70/392 running_loss=0.072778
2026-08-19 18:53:34 | INFO | epoch=008 train_batch=80/392 running_loss=0.073716
2026-08-19 18:53:35 | INFO | epoch=008 train_batch=90/392 running_loss=0.073635
2026-08-19 18:53:35 | INFO | epoch=008 train_batch=100/392 running_loss=0.073745
2026-08-19 18:53:35 | INFO | epoch=008 train_batch=110/392 running_loss=0.073205
2026-08-19 18:53:35 | INFO | epoch=008 train_batch=120/392 running_loss=0.073172
2026-08-19 18:53:36 | INFO | epoch=008 train_batch=130/392 running_loss=0.073462
2026-08-19 18:53:36 | INFO | epoch=008 train_batch=140/392 running_loss=0.073675
2026-08-19 18:53:36 | INFO | epoch=008 train_batch=150/392 running_loss=0.073688
2026-08-19 18:53:36 | INFO | epoch=008 train_batch=160/392 running_loss=0.073918
2026-08-19 18:53:37 | INFO | epoch=008 train_batch=170/392 running_loss=0.073985
2026-08-19 18:53:37 | INFO | epoch=008 train_batch=180/392 running_loss=0.074276
2026-08-19 18:53:37 | INFO | epoch=008 train_batch=190/392 running_loss=0.074072
2026-08-19 18:53:37 | INFO | epoch=008 train_batch=200/392 running_loss=0.074268
2026-08-19 18:53:37 | INFO | epoch=008 train_batch=210/392 running_loss=0.074314
2026-08-19 18:53:38 | INFO | epoch=008 train_batch=220/392 running_loss=0.074362
2026-08-19 18:53:38 | INFO | epoch=008 train_batch=230/392 running_loss=0.074482
2026-08-19 18:53:38 | INFO | epoch=008 train_batch=240/392 running_loss=0.074458
2026-08-19 18:53:38 | INFO | epoch=008 train_batch=250/392 running_loss=0.074426
2026-08-19 18:53:39 | INFO | epoch=008 train_batch=260/392 running_loss=0.074227
2026-08-19 18:53:39 | INFO | epoch=008 train_batch=270/392 running_loss=0.074292
2026-08-19 18:53:39 | INFO | epoch=008 train_batch=280/392 running_loss=0.074127
2026-08-19 18:53:39 | INFO | epoch=008 train_batch=290/392 running_loss=0.073870
2026-08-19 18:53:40 | INFO | epoch=008 train_batch=300/392 running_loss=0.073798
2026-08-19 18:53:40 | INFO | epoch=008 train_batch=310/392 running_loss=0.073802
2026-08-19 18:53:40 | INFO | epoch=008 train_batch=320/392 running_loss=0.073647
2026-08-19 18:53:40 | INFO | epoch=008 train_batch=330/392 running_loss=0.073495
2026-08-19 18:53:41 | INFO | epoch=008 train_batch=340/392 running_loss=0.073418
2026-08-19 18:53:41 | INFO | epoch=008 train_batch=350/392 running_loss=0.073384
2026-08-19 18:53:41 | INFO | epoch=008 train_batch=360/392 running_loss=0.073446
2026-08-19 18:53:41 | INFO | epoch=008 train_batch=370/392 running_loss=0.073447
2026-08-19 18:53:42 | INFO | epoch=008 train_batch=380/392 running_loss=0.073425
2026-08-19 18:53:42 | INFO | epoch=008 train_batch=390/392 running_loss=0.073349
2026-08-19 18:53:42 | INFO | epoch=008 train_batch=392/392 running_loss=0.073357
2026-08-19 18:53:43 | INFO | epoch=008 train_loss=0.073357 validation_loss=0.310299
2026-08-19 18:53:43 | INFO | epoch=008 saved new best.pt
2026-08-19 18:53:43 | INFO | epoch=009 train_batch=10/392 running_loss=0.071471
2026-08-19 18:53:43 | INFO | epoch=009 train_batch=20/392 running_loss=0.070168
2026-08-19 18:53:43 | INFO | epoch=009 train_batch=30/392 running_loss=0.070566
2026-08-19 18:53:44 | INFO | epoch=009 train_batch=40/392 running_loss=0.070181
2026-08-19 18:53:44 | INFO | epoch=009 train_batch=50/392 running_loss=0.070277
2026-08-19 18:53:44 | INFO | epoch=009 train_batch=60/392 running_loss=0.069781
2026-08-19 18:53:44 | INFO | epoch=009 train_batch=70/392 running_loss=0.069966
2026-08-19 18:53:45 | INFO | epoch=009 train_batch=80/392 running_loss=0.069700
2026-08-19 18:53:45 | INFO | epoch=009 train_batch=90/392 running_loss=0.069790
2026-08-19 18:53:45 | INFO | epoch=009 train_batch=100/392 running_loss=0.069869
2026-08-19 18:53:45 | INFO | epoch=009 train_batch=110/392 running_loss=0.069819
2026-08-19 18:53:45 | INFO | epoch=009 train_batch=120/392 running_loss=0.069939
2026-08-19 18:53:46 | INFO | epoch=009 train_batch=130/392 running_loss=0.069976
2026-08-19 18:53:46 | INFO | epoch=009 train_batch=140/392 running_loss=0.070158
2026-08-19 18:53:46 | INFO | epoch=009 train_batch=150/392 running_loss=0.069874
2026-08-19 18:53:46 | INFO | epoch=009 train_batch=160/392 running_loss=0.070259
2026-08-19 18:53:47 | INFO | epoch=009 train_batch=170/392 running_loss=0.070575
2026-08-19 18:53:47 | INFO | epoch=009 train_batch=180/392 running_loss=0.070490
2026-08-19 18:53:47 | INFO | epoch=009 train_batch=190/392 running_loss=0.070456
2026-08-19 18:53:47 | INFO | epoch=009 train_batch=200/392 running_loss=0.070520
2026-08-19 18:53:48 | INFO | epoch=009 train_batch=210/392 running_loss=0.070180
2026-08-19 18:53:48 | INFO | epoch=009 train_batch=220/392 running_loss=0.070253
2026-08-19 18:53:48 | INFO | epoch=009 train_batch=230/392 running_loss=0.070380
2026-08-19 18:53:48 | INFO | epoch=009 train_batch=240/392 running_loss=0.070363
2026-08-19 18:53:49 | INFO | epoch=009 train_batch=250/392 running_loss=0.070189
2026-08-19 18:53:49 | INFO | epoch=009 train_batch=260/392 running_loss=0.070175
2026-08-19 18:53:49 | INFO | epoch=009 train_batch=270/392 running_loss=0.070094
2026-08-19 18:53:49 | INFO | epoch=009 train_batch=280/392 running_loss=0.069972
2026-08-19 18:53:50 | INFO | epoch=009 train_batch=290/392 running_loss=0.070043
2026-08-19 18:53:50 | INFO | epoch=009 train_batch=300/392 running_loss=0.069910
2026-08-19 18:53:50 | INFO | epoch=009 train_batch=310/392 running_loss=0.069835
2026-08-19 18:53:50 | INFO | epoch=009 train_batch=320/392 running_loss=0.069707
2026-08-19 18:53:50 | INFO | epoch=009 train_batch=330/392 running_loss=0.069663
2026-08-19 18:53:51 | INFO | epoch=009 train_batch=340/392 running_loss=0.069684
2026-08-19 18:53:51 | INFO | epoch=009 train_batch=350/392 running_loss=0.069709
2026-08-19 18:53:51 | INFO | epoch=009 train_batch=360/392 running_loss=0.069757
2026-08-19 18:53:51 | INFO | epoch=009 train_batch=370/392 running_loss=0.069718
2026-08-19 18:53:52 | INFO | epoch=009 train_batch=380/392 running_loss=0.069666
2026-08-19 18:53:52 | INFO | epoch=009 train_batch=390/392 running_loss=0.069743
2026-08-19 18:53:52 | INFO | epoch=009 train_batch=392/392 running_loss=0.069645
2026-08-19 18:53:53 | INFO | epoch=009 train_loss=0.069645 validation_loss=0.293802
2026-08-19 18:53:53 | INFO | epoch=009 saved new best.pt
2026-08-19 18:53:53 | INFO | epoch=010 train_batch=10/392 running_loss=0.060856
2026-08-19 18:53:53 | INFO | epoch=010 train_batch=20/392 running_loss=0.062415
2026-08-19 18:53:53 | INFO | epoch=010 train_batch=30/392 running_loss=0.062944
2026-08-19 18:53:54 | INFO | epoch=010 train_batch=40/392 running_loss=0.064767
2026-08-19 18:53:54 | INFO | epoch=010 train_batch=50/392 running_loss=0.065349
2026-08-19 18:53:54 | INFO | epoch=010 train_batch=60/392 running_loss=0.065383
2026-08-19 18:53:54 | INFO | epoch=010 train_batch=70/392 running_loss=0.066495
2026-08-19 18:53:55 | INFO | epoch=010 train_batch=80/392 running_loss=0.066028
2026-08-19 18:53:55 | INFO | epoch=010 train_batch=90/392 running_loss=0.066559
2026-08-19 18:53:55 | INFO | epoch=010 train_batch=100/392 running_loss=0.067315
2026-08-19 18:53:55 | INFO | epoch=010 train_batch=110/392 running_loss=0.067237
2026-08-19 18:53:56 | INFO | epoch=010 train_batch=120/392 running_loss=0.067520
2026-08-19 18:53:56 | INFO | epoch=010 train_batch=130/392 running_loss=0.067650
2026-08-19 18:53:56 | INFO | epoch=010 train_batch=140/392 running_loss=0.067866
2026-08-19 18:53:56 | INFO | epoch=010 train_batch=150/392 running_loss=0.067832
2026-08-19 18:53:57 | INFO | epoch=010 train_batch=160/392 running_loss=0.067850
2026-08-19 18:53:57 | INFO | epoch=010 train_batch=170/392 running_loss=0.067553
2026-08-19 18:53:57 | INFO | epoch=010 train_batch=180/392 running_loss=0.067715
2026-08-19 18:53:57 | INFO | epoch=010 train_batch=190/392 running_loss=0.067703
2026-08-19 18:53:58 | INFO | epoch=010 train_batch=200/392 running_loss=0.067646
2026-08-19 18:53:58 | INFO | epoch=010 train_batch=210/392 running_loss=0.067261
2026-08-19 18:53:58 | INFO | epoch=010 train_batch=220/392 running_loss=0.067170
2026-08-19 18:53:58 | INFO | epoch=010 train_batch=230/392 running_loss=0.066939
2026-08-19 18:53:58 | INFO | epoch=010 train_batch=240/392 running_loss=0.067177
2026-08-19 18:53:59 | INFO | epoch=010 train_batch=250/392 running_loss=0.067200
2026-08-19 18:53:59 | INFO | epoch=010 train_batch=260/392 running_loss=0.067337
2026-08-19 18:53:59 | INFO | epoch=010 train_batch=270/392 running_loss=0.067397
2026-08-19 18:53:59 | INFO | epoch=010 train_batch=280/392 running_loss=0.067299
2026-08-19 18:54:00 | INFO | epoch=010 train_batch=290/392 running_loss=0.067219
2026-08-19 18:54:00 | INFO | epoch=010 train_batch=300/392 running_loss=0.067076
2026-08-19 18:54:00 | INFO | epoch=010 train_batch=310/392 running_loss=0.067150
2026-08-19 18:54:00 | INFO | epoch=010 train_batch=320/392 running_loss=0.067168
2026-08-19 18:54:01 | INFO | epoch=010 train_batch=330/392 running_loss=0.066992
2026-08-19 18:54:01 | INFO | epoch=010 train_batch=340/392 running_loss=0.066937
2026-08-19 18:54:01 | INFO | epoch=010 train_batch=350/392 running_loss=0.066815
2026-08-19 18:54:01 | INFO | epoch=010 train_batch=360/392 running_loss=0.066804
2026-08-19 18:54:02 | INFO | epoch=010 train_batch=370/392 running_loss=0.066880
2026-08-19 18:54:02 | INFO | epoch=010 train_batch=380/392 running_loss=0.066833
2026-08-19 18:54:02 | INFO | epoch=010 train_batch=390/392 running_loss=0.066725
2026-08-19 18:54:02 | INFO | epoch=010 train_batch=392/392 running_loss=0.066653
2026-08-19 18:54:03 | INFO | epoch=010 train_loss=0.066653 validation_loss=0.289091
2026-08-19 18:54:03 | INFO | epoch=010 saved new best.pt
2026-08-19 18:54:03 | INFO | epoch=011 train_batch=10/392 running_loss=0.062840
2026-08-19 18:54:03 | INFO | epoch=011 train_batch=20/392 running_loss=0.064047
2026-08-19 18:54:04 | INFO | epoch=011 train_batch=30/392 running_loss=0.062488
2026-08-19 18:54:04 | INFO | epoch=011 train_batch=40/392 running_loss=0.063677
2026-08-19 18:54:04 | INFO | epoch=011 train_batch=50/392 running_loss=0.063574
2026-08-19 18:54:04 | INFO | epoch=011 train_batch=60/392 running_loss=0.063233
2026-08-19 18:54:05 | INFO | epoch=011 train_batch=70/392 running_loss=0.063488
2026-08-19 18:54:05 | INFO | epoch=011 train_batch=80/392 running_loss=0.063259
2026-08-19 18:54:05 | INFO | epoch=011 train_batch=90/392 running_loss=0.063622
2026-08-19 18:54:05 | INFO | epoch=011 train_batch=100/392 running_loss=0.063676
2026-08-19 18:54:06 | INFO | epoch=011 train_batch=110/392 running_loss=0.063295
2026-08-19 18:54:06 | INFO | epoch=011 train_batch=120/392 running_loss=0.063277
2026-08-19 18:54:06 | INFO | epoch=011 train_batch=130/392 running_loss=0.063411
2026-08-19 18:54:06 | INFO | epoch=011 train_batch=140/392 running_loss=0.063625
2026-08-19 18:54:07 | INFO | epoch=011 train_batch=150/392 running_loss=0.063838
2026-08-19 18:54:07 | INFO | epoch=011 train_batch=160/392 running_loss=0.063737
2026-08-19 18:54:07 | INFO | epoch=011 train_batch=170/392 running_loss=0.063907
2026-08-19 18:54:07 | INFO | epoch=011 train_batch=180/392 running_loss=0.063750
2026-08-19 18:54:08 | INFO | epoch=011 train_batch=190/392 running_loss=0.063683
2026-08-19 18:54:08 | INFO | epoch=011 train_batch=200/392 running_loss=0.063822
2026-08-19 18:54:08 | INFO | epoch=011 train_batch=210/392 running_loss=0.063881
2026-08-19 18:54:08 | INFO | epoch=011 train_batch=220/392 running_loss=0.064161
2026-08-19 18:54:09 | INFO | epoch=011 train_batch=230/392 running_loss=0.063873
2026-08-19 18:54:09 | INFO | epoch=011 train_batch=240/392 running_loss=0.063975
2026-08-19 18:54:09 | INFO | epoch=011 train_batch=250/392 running_loss=0.064215
2026-08-19 18:54:09 | INFO | epoch=011 train_batch=260/392 running_loss=0.064047
2026-08-19 18:54:10 | INFO | epoch=011 train_batch=270/392 running_loss=0.064120
2026-08-19 18:54:10 | INFO | epoch=011 train_batch=280/392 running_loss=0.064150
2026-08-19 18:54:10 | INFO | epoch=011 train_batch=290/392 running_loss=0.064001
2026-08-19 18:54:10 | INFO | epoch=011 train_batch=300/392 running_loss=0.064186
2026-08-19 18:54:11 | INFO | epoch=011 train_batch=310/392 running_loss=0.064031
2026-08-19 18:54:11 | INFO | epoch=011 train_batch=320/392 running_loss=0.063957
2026-08-19 18:54:11 | INFO | epoch=011 train_batch=330/392 running_loss=0.063877
2026-08-19 18:54:11 | INFO | epoch=011 train_batch=340/392 running_loss=0.063822
2026-08-19 18:54:12 | INFO | epoch=011 train_batch=350/392 running_loss=0.063803
2026-08-19 18:54:12 | INFO | epoch=011 train_batch=360/392 running_loss=0.063807
2026-08-19 18:54:12 | INFO | epoch=011 train_batch=370/392 running_loss=0.063816
2026-08-19 18:54:12 | INFO | epoch=011 train_batch=380/392 running_loss=0.063736
2026-08-19 18:54:13 | INFO | epoch=011 train_batch=390/392 running_loss=0.063809
2026-08-19 18:54:13 | INFO | epoch=011 train_batch=392/392 running_loss=0.063893
2026-08-19 18:54:13 | INFO | epoch=011 train_loss=0.063893 validation_loss=0.292995
2026-08-19 18:54:14 | INFO | epoch=012 train_batch=10/392 running_loss=0.061202
2026-08-19 18:54:14 | INFO | epoch=012 train_batch=20/392 running_loss=0.063613
2026-08-19 18:54:14 | INFO | epoch=012 train_batch=30/392 running_loss=0.061517
2026-08-19 18:54:14 | INFO | epoch=012 train_batch=40/392 running_loss=0.061388
2026-08-19 18:54:14 | INFO | epoch=012 train_batch=50/392 running_loss=0.061158
2026-08-19 18:54:15 | INFO | epoch=012 train_batch=60/392 running_loss=0.061233
2026-08-19 18:54:15 | INFO | epoch=012 train_batch=70/392 running_loss=0.061203
2026-08-19 18:54:15 | INFO | epoch=012 train_batch=80/392 running_loss=0.061230
2026-08-19 18:54:15 | INFO | epoch=012 train_batch=90/392 running_loss=0.061218
2026-08-19 18:54:16 | INFO | epoch=012 train_batch=100/392 running_loss=0.060973
2026-08-19 18:54:16 | INFO | epoch=012 train_batch=110/392 running_loss=0.060823
2026-08-19 18:54:16 | INFO | epoch=012 train_batch=120/392 running_loss=0.060800
2026-08-19 18:54:16 | INFO | epoch=012 train_batch=130/392 running_loss=0.060666
2026-08-19 18:54:17 | INFO | epoch=012 train_batch=140/392 running_loss=0.060575
2026-08-19 18:54:17 | INFO | epoch=012 train_batch=150/392 running_loss=0.060982
2026-08-19 18:54:17 | INFO | epoch=012 train_batch=160/392 running_loss=0.061402
2026-08-19 18:54:17 | INFO | epoch=012 train_batch=170/392 running_loss=0.061656
2026-08-19 18:54:18 | INFO | epoch=012 train_batch=180/392 running_loss=0.061573
2026-08-19 18:54:18 | INFO | epoch=012 train_batch=190/392 running_loss=0.061388
2026-08-19 18:54:18 | INFO | epoch=012 train_batch=200/392 running_loss=0.061385
2026-08-19 18:54:18 | INFO | epoch=012 train_batch=210/392 running_loss=0.061446
2026-08-19 18:54:19 | INFO | epoch=012 train_batch=220/392 running_loss=0.061720
2026-08-19 18:54:19 | INFO | epoch=012 train_batch=230/392 running_loss=0.061878
2026-08-19 18:54:19 | INFO | epoch=012 train_batch=240/392 running_loss=0.061961
2026-08-19 18:54:19 | INFO | epoch=012 train_batch=250/392 running_loss=0.062048
2026-08-19 18:54:20 | INFO | epoch=012 train_batch=260/392 running_loss=0.061816
2026-08-19 18:54:20 | INFO | epoch=012 train_batch=270/392 running_loss=0.061861
2026-08-19 18:54:20 | INFO | epoch=012 train_batch=280/392 running_loss=0.061851
2026-08-19 18:54:20 | INFO | epoch=012 train_batch=290/392 running_loss=0.061857
2026-08-19 18:54:20 | INFO | epoch=012 train_batch=300/392 running_loss=0.061719
2026-08-19 18:54:21 | INFO | epoch=012 train_batch=310/392 running_loss=0.061599
2026-08-19 18:54:21 | INFO | epoch=012 train_batch=320/392 running_loss=0.061580
2026-08-19 18:54:21 | INFO | epoch=012 train_batch=330/392 running_loss=0.061533
2026-08-19 18:54:21 | INFO | epoch=012 train_batch=340/392 running_loss=0.061566
2026-08-19 18:54:22 | INFO | epoch=012 train_batch=350/392 running_loss=0.061576
2026-08-19 18:54:22 | INFO | epoch=012 train_batch=360/392 running_loss=0.061850
2026-08-19 18:54:22 | INFO | epoch=012 train_batch=370/392 running_loss=0.061849
2026-08-19 18:54:22 | INFO | epoch=012 train_batch=380/392 running_loss=0.061945
2026-08-19 18:54:23 | INFO | epoch=012 train_batch=390/392 running_loss=0.061892
2026-08-19 18:54:23 | INFO | epoch=012 train_batch=392/392 running_loss=0.061823
2026-08-19 18:54:23 | INFO | epoch=012 train_loss=0.061823 validation_loss=0.279959
2026-08-19 18:54:24 | INFO | epoch=012 saved new best.pt
2026-08-19 18:54:24 | INFO | epoch=013 train_batch=10/392 running_loss=0.058947
2026-08-19 18:54:24 | INFO | epoch=013 train_batch=20/392 running_loss=0.060445
2026-08-19 18:54:24 | INFO | epoch=013 train_batch=30/392 running_loss=0.060670
2026-08-19 18:54:24 | INFO | epoch=013 train_batch=40/392 running_loss=0.061900
2026-08-19 18:54:25 | INFO | epoch=013 train_batch=50/392 running_loss=0.061167
2026-08-19 18:54:25 | INFO | epoch=013 train_batch=60/392 running_loss=0.061316
2026-08-19 18:54:25 | INFO | epoch=013 train_batch=70/392 running_loss=0.060680
2026-08-19 18:54:25 | INFO | epoch=013 train_batch=80/392 running_loss=0.060411
2026-08-19 18:54:26 | INFO | epoch=013 train_batch=90/392 running_loss=0.060065
2026-08-19 18:54:26 | INFO | epoch=013 train_batch=100/392 running_loss=0.059824
2026-08-19 18:54:26 | INFO | epoch=013 train_batch=110/392 running_loss=0.059925
2026-08-19 18:54:26 | INFO | epoch=013 train_batch=120/392 running_loss=0.059915
2026-08-19 18:54:27 | INFO | epoch=013 train_batch=130/392 running_loss=0.059743
2026-08-19 18:54:27 | INFO | epoch=013 train_batch=140/392 running_loss=0.059398
2026-08-19 18:54:27 | INFO | epoch=013 train_batch=150/392 running_loss=0.059448
2026-08-19 18:54:27 | INFO | epoch=013 train_batch=160/392 running_loss=0.059568
2026-08-19 18:54:28 | INFO | epoch=013 train_batch=170/392 running_loss=0.059548
2026-08-19 18:54:28 | INFO | epoch=013 train_batch=180/392 running_loss=0.059423
2026-08-19 18:54:28 | INFO | epoch=013 train_batch=190/392 running_loss=0.059298
2026-08-19 18:54:28 | INFO | epoch=013 train_batch=200/392 running_loss=0.059608
2026-08-19 18:54:29 | INFO | epoch=013 train_batch=210/392 running_loss=0.059574
2026-08-19 18:54:29 | INFO | epoch=013 train_batch=220/392 running_loss=0.059621
2026-08-19 18:54:29 | INFO | epoch=013 train_batch=230/392 running_loss=0.059521
2026-08-19 18:54:29 | INFO | epoch=013 train_batch=240/392 running_loss=0.059660
2026-08-19 18:54:30 | INFO | epoch=013 train_batch=250/392 running_loss=0.059744
2026-08-19 18:54:30 | INFO | epoch=013 train_batch=260/392 running_loss=0.059701
2026-08-19 18:54:30 | INFO | epoch=013 train_batch=270/392 running_loss=0.059633
2026-08-19 18:54:30 | INFO | epoch=013 train_batch=280/392 running_loss=0.059519
2026-08-19 18:54:31 | INFO | epoch=013 train_batch=290/392 running_loss=0.059532
2026-08-19 18:54:31 | INFO | epoch=013 train_batch=300/392 running_loss=0.059488
2026-08-19 18:54:31 | INFO | epoch=013 train_batch=310/392 running_loss=0.059366
2026-08-19 18:54:31 | INFO | epoch=013 train_batch=320/392 running_loss=0.059566
2026-08-19 18:54:32 | INFO | epoch=013 train_batch=330/392 running_loss=0.059680
2026-08-19 18:54:32 | INFO | epoch=013 train_batch=340/392 running_loss=0.059805
2026-08-19 18:54:32 | INFO | epoch=013 train_batch=350/392 running_loss=0.059914
2026-08-19 18:54:32 | INFO | epoch=013 train_batch=360/392 running_loss=0.059914
2026-08-19 18:54:33 | INFO | epoch=013 train_batch=370/392 running_loss=0.059909
2026-08-19 18:54:33 | INFO | epoch=013 train_batch=380/392 running_loss=0.059727
2026-08-19 18:54:33 | INFO | epoch=013 train_batch=390/392 running_loss=0.059774
2026-08-19 18:54:33 | INFO | epoch=013 train_batch=392/392 running_loss=0.059735
2026-08-19 18:54:34 | INFO | epoch=013 train_loss=0.059735 validation_loss=0.284324
2026-08-19 18:54:34 | INFO | epoch=014 train_batch=10/392 running_loss=0.057157
2026-08-19 18:54:34 | INFO | epoch=014 train_batch=20/392 running_loss=0.057662
2026-08-19 18:54:35 | INFO | epoch=014 train_batch=30/392 running_loss=0.057118
2026-08-19 18:54:35 | INFO | epoch=014 train_batch=40/392 running_loss=0.056617
2026-08-19 18:54:35 | INFO | epoch=014 train_batch=50/392 running_loss=0.056418
2026-08-19 18:54:35 | INFO | epoch=014 train_batch=60/392 running_loss=0.056276
2026-08-19 18:54:36 | INFO | epoch=014 train_batch=70/392 running_loss=0.056574
2026-08-19 18:54:36 | INFO | epoch=014 train_batch=80/392 running_loss=0.056573
2026-08-19 18:54:36 | INFO | epoch=014 train_batch=90/392 running_loss=0.057022
2026-08-19 18:54:36 | INFO | epoch=014 train_batch=100/392 running_loss=0.057477
2026-08-19 18:54:37 | INFO | epoch=014 train_batch=110/392 running_loss=0.057790
2026-08-19 18:54:37 | INFO | epoch=014 train_batch=120/392 running_loss=0.057900
2026-08-19 18:54:37 | INFO | epoch=014 train_batch=130/392 running_loss=0.058116
2026-08-19 18:54:37 | INFO | epoch=014 train_batch=140/392 running_loss=0.058448
2026-08-19 18:54:38 | INFO | epoch=014 train_batch=150/392 running_loss=0.058765
2026-08-19 18:54:38 | INFO | epoch=014 train_batch=160/392 running_loss=0.058450
2026-08-19 18:54:38 | INFO | epoch=014 train_batch=170/392 running_loss=0.058488
2026-08-19 18:54:38 | INFO | epoch=014 train_batch=180/392 running_loss=0.058273
2026-08-19 18:54:39 | INFO | epoch=014 train_batch=190/392 running_loss=0.058295
2026-08-19 18:54:39 | INFO | epoch=014 train_batch=200/392 running_loss=0.058284
2026-08-19 18:54:39 | INFO | epoch=014 train_batch=210/392 running_loss=0.058208
2026-08-19 18:54:39 | INFO | epoch=014 train_batch=220/392 running_loss=0.058398
2026-08-19 18:54:40 | INFO | epoch=014 train_batch=230/392 running_loss=0.058731
2026-08-19 18:54:40 | INFO | epoch=014 train_batch=240/392 running_loss=0.058651
2026-08-19 18:54:40 | INFO | epoch=014 train_batch=250/392 running_loss=0.058667
2026-08-19 18:54:40 | INFO | epoch=014 train_batch=260/392 running_loss=0.058773
2026-08-19 18:54:41 | INFO | epoch=014 train_batch=270/392 running_loss=0.058722
2026-08-19 18:54:41 | INFO | epoch=014 train_batch=280/392 running_loss=0.058536
2026-08-19 18:54:41 | INFO | epoch=014 train_batch=290/392 running_loss=0.058508
2026-08-19 18:54:41 | INFO | epoch=014 train_batch=300/392 running_loss=0.058255
2026-08-19 18:54:42 | INFO | epoch=014 train_batch=310/392 running_loss=0.058144
2026-08-19 18:54:42 | INFO | epoch=014 train_batch=320/392 running_loss=0.058047
2026-08-19 18:54:42 | INFO | epoch=014 train_batch=330/392 running_loss=0.058097
2026-08-19 18:54:42 | INFO | epoch=014 train_batch=340/392 running_loss=0.058162
2026-08-19 18:54:43 | INFO | epoch=014 train_batch=350/392 running_loss=0.058086
2026-08-19 18:54:43 | INFO | epoch=014 train_batch=360/392 running_loss=0.058059
2026-08-19 18:54:43 | INFO | epoch=014 train_batch=370/392 running_loss=0.058032
2026-08-19 18:54:43 | INFO | epoch=014 train_batch=380/392 running_loss=0.058126
2026-08-19 18:54:44 | INFO | epoch=014 train_batch=390/392 running_loss=0.058107
2026-08-19 18:54:44 | INFO | epoch=014 train_batch=392/392 running_loss=0.058158
2026-08-19 18:54:44 | INFO | epoch=014 train_loss=0.058158 validation_loss=0.271506
2026-08-19 18:54:44 | INFO | epoch=014 saved new best.pt
2026-08-19 18:54:45 | INFO | epoch=015 train_batch=10/392 running_loss=0.060643
2026-08-19 18:54:45 | INFO | epoch=015 train_batch=20/392 running_loss=0.059405
2026-08-19 18:54:45 | INFO | epoch=015 train_batch=30/392 running_loss=0.058551
2026-08-19 18:54:45 | INFO | epoch=015 train_batch=40/392 running_loss=0.057959
2026-08-19 18:54:46 | INFO | epoch=015 train_batch=50/392 running_loss=0.057013
2026-08-19 18:54:46 | INFO | epoch=015 train_batch=60/392 running_loss=0.056085
2026-08-19 18:54:46 | INFO | epoch=015 train_batch=70/392 running_loss=0.056501
2026-08-19 18:54:46 | INFO | epoch=015 train_batch=80/392 running_loss=0.056141
2026-08-19 18:54:47 | INFO | epoch=015 train_batch=90/392 running_loss=0.055892
2026-08-19 18:54:47 | INFO | epoch=015 train_batch=100/392 running_loss=0.055805
2026-08-19 18:54:47 | INFO | epoch=015 train_batch=110/392 running_loss=0.055421
2026-08-19 18:54:47 | INFO | epoch=015 train_batch=120/392 running_loss=0.055263
2026-08-19 18:54:48 | INFO | epoch=015 train_batch=130/392 running_loss=0.055585
2026-08-19 18:54:48 | INFO | epoch=015 train_batch=140/392 running_loss=0.055846
2026-08-19 18:54:48 | INFO | epoch=015 train_batch=150/392 running_loss=0.056002
2026-08-19 18:54:48 | INFO | epoch=015 train_batch=160/392 running_loss=0.055914
2026-08-19 18:54:49 | INFO | epoch=015 train_batch=170/392 running_loss=0.056126
2026-08-19 18:54:49 | INFO | epoch=015 train_batch=180/392 running_loss=0.056094
2026-08-19 18:54:49 | INFO | epoch=015 train_batch=190/392 running_loss=0.056162
2026-08-19 18:54:49 | INFO | epoch=015 train_batch=200/392 running_loss=0.056459
2026-08-19 18:54:50 | INFO | epoch=015 train_batch=210/392 running_loss=0.056479
2026-08-19 18:54:50 | INFO | epoch=015 train_batch=220/392 running_loss=0.056370
2026-08-19 18:54:50 | INFO | epoch=015 train_batch=230/392 running_loss=0.056285
2026-08-19 18:54:50 | INFO | epoch=015 train_batch=240/392 running_loss=0.056238
2026-08-19 18:54:51 | INFO | epoch=015 train_batch=250/392 running_loss=0.056253
2026-08-19 18:54:51 | INFO | epoch=015 train_batch=260/392 running_loss=0.056215
2026-08-19 18:54:51 | INFO | epoch=015 train_batch=270/392 running_loss=0.056482
2026-08-19 18:54:51 | INFO | epoch=015 train_batch=280/392 running_loss=0.056416
2026-08-19 18:54:52 | INFO | epoch=015 train_batch=290/392 running_loss=0.056486
2026-08-19 18:54:52 | INFO | epoch=015 train_batch=300/392 running_loss=0.056375
2026-08-19 18:54:52 | INFO | epoch=015 train_batch=310/392 running_loss=0.056532
2026-08-19 18:54:52 | INFO | epoch=015 train_batch=320/392 running_loss=0.056602
2026-08-19 18:54:53 | INFO | epoch=015 train_batch=330/392 running_loss=0.056689
2026-08-19 18:54:53 | INFO | epoch=015 train_batch=340/392 running_loss=0.056556
2026-08-19 18:54:53 | INFO | epoch=015 train_batch=350/392 running_loss=0.056511
2026-08-19 18:54:53 | INFO | epoch=015 train_batch=360/392 running_loss=0.056573
2026-08-19 18:54:54 | INFO | epoch=015 train_batch=370/392 running_loss=0.056451
2026-08-19 18:54:54 | INFO | epoch=015 train_batch=380/392 running_loss=0.056377
2026-08-19 18:54:54 | INFO | epoch=015 train_batch=390/392 running_loss=0.056275
2026-08-19 18:54:54 | INFO | epoch=015 train_batch=392/392 running_loss=0.056298
2026-08-19 18:54:55 | INFO | epoch=015 train_loss=0.056298 validation_loss=0.279066
2026-08-19 18:54:55 | INFO | epoch=016 train_batch=10/392 running_loss=0.054102
2026-08-19 18:54:55 | INFO | epoch=016 train_batch=20/392 running_loss=0.054592
2026-08-19 18:54:55 | INFO | epoch=016 train_batch=30/392 running_loss=0.054714
2026-08-19 18:54:56 | INFO | epoch=016 train_batch=40/392 running_loss=0.055618
2026-08-19 18:54:56 | INFO | epoch=016 train_batch=50/392 running_loss=0.055483
2026-08-19 18:54:56 | INFO | epoch=016 train_batch=60/392 running_loss=0.055305
2026-08-19 18:54:56 | INFO | epoch=016 train_batch=70/392 running_loss=0.054892
2026-08-19 18:54:57 | INFO | epoch=016 train_batch=80/392 running_loss=0.055391
2026-08-19 18:54:57 | INFO | epoch=016 train_batch=90/392 running_loss=0.055720
2026-08-19 18:54:57 | INFO | epoch=016 train_batch=100/392 running_loss=0.055533
2026-08-19 18:54:57 | INFO | epoch=016 train_batch=110/392 running_loss=0.055625
2026-08-19 18:54:58 | INFO | epoch=016 train_batch=120/392 running_loss=0.055368
2026-08-19 18:54:58 | INFO | epoch=016 train_batch=130/392 running_loss=0.055428
2026-08-19 18:54:58 | INFO | epoch=016 train_batch=140/392 running_loss=0.055034
2026-08-19 18:54:58 | INFO | epoch=016 train_batch=150/392 running_loss=0.054949
2026-08-19 18:54:59 | INFO | epoch=016 train_batch=160/392 running_loss=0.054844
2026-08-19 18:54:59 | INFO | epoch=016 train_batch=170/392 running_loss=0.055120
2026-08-19 18:54:59 | INFO | epoch=016 train_batch=180/392 running_loss=0.055321
2026-08-19 18:54:59 | INFO | epoch=016 train_batch=190/392 running_loss=0.055246
2026-08-19 18:55:00 | INFO | epoch=016 train_batch=200/392 running_loss=0.055172
2026-08-19 18:55:00 | INFO | epoch=016 train_batch=210/392 running_loss=0.054997
2026-08-19 18:55:00 | INFO | epoch=016 train_batch=220/392 running_loss=0.054832
2026-08-19 18:55:00 | INFO | epoch=016 train_batch=230/392 running_loss=0.054625
2026-08-19 18:55:01 | INFO | epoch=016 train_batch=240/392 running_loss=0.054546
2026-08-19 18:55:01 | INFO | epoch=016 train_batch=250/392 running_loss=0.054513
2026-08-19 18:55:01 | INFO | epoch=016 train_batch=260/392 running_loss=0.054678
2026-08-19 18:55:01 | INFO | epoch=016 train_batch=270/392 running_loss=0.054657
2026-08-19 18:55:02 | INFO | epoch=016 train_batch=280/392 running_loss=0.054714
2026-08-19 18:55:02 | INFO | epoch=016 train_batch=290/392 running_loss=0.054821
2026-08-19 18:55:02 | INFO | epoch=016 train_batch=300/392 running_loss=0.054813
2026-08-19 18:55:02 | INFO | epoch=016 train_batch=310/392 running_loss=0.054806
2026-08-19 18:55:03 | INFO | epoch=016 train_batch=320/392 running_loss=0.054923
2026-08-19 18:55:03 | INFO | epoch=016 train_batch=330/392 running_loss=0.054912
2026-08-19 18:55:03 | INFO | epoch=016 train_batch=340/392 running_loss=0.055017
2026-08-19 18:55:03 | INFO | epoch=016 train_batch=350/392 running_loss=0.054979
2026-08-19 18:55:04 | INFO | epoch=016 train_batch=360/392 running_loss=0.055021
2026-08-19 18:55:04 | INFO | epoch=016 train_batch=370/392 running_loss=0.055127
2026-08-19 18:55:04 | INFO | epoch=016 train_batch=380/392 running_loss=0.055137
2026-08-19 18:55:04 | INFO | epoch=016 train_batch=390/392 running_loss=0.055150
2026-08-19 18:55:04 | INFO | epoch=016 train_batch=392/392 running_loss=0.055291
2026-08-19 18:55:05 | INFO | epoch=016 train_loss=0.055291 validation_loss=0.278035
2026-08-19 18:55:05 | INFO | epoch=017 train_batch=10/392 running_loss=0.054013
2026-08-19 18:55:06 | INFO | epoch=017 train_batch=20/392 running_loss=0.056971
2026-08-19 18:55:06 | INFO | epoch=017 train_batch=30/392 running_loss=0.055355
2026-08-19 18:55:06 | INFO | epoch=017 train_batch=40/392 running_loss=0.053879
2026-08-19 18:55:06 | INFO | epoch=017 train_batch=50/392 running_loss=0.054455
2026-08-19 18:55:07 | INFO | epoch=017 train_batch=60/392 running_loss=0.054395
2026-08-19 18:55:07 | INFO | epoch=017 train_batch=70/392 running_loss=0.054052
2026-08-19 18:55:07 | INFO | epoch=017 train_batch=80/392 running_loss=0.054144
2026-08-19 18:55:07 | INFO | epoch=017 train_batch=90/392 running_loss=0.053708
2026-08-19 18:55:08 | INFO | epoch=017 train_batch=100/392 running_loss=0.053752
2026-08-19 18:55:08 | INFO | epoch=017 train_batch=110/392 running_loss=0.053999
2026-08-19 18:55:08 | INFO | epoch=017 train_batch=120/392 running_loss=0.054187
2026-08-19 18:55:08 | INFO | epoch=017 train_batch=130/392 running_loss=0.054285
2026-08-19 18:55:09 | INFO | epoch=017 train_batch=140/392 running_loss=0.054733
2026-08-19 18:55:09 | INFO | epoch=017 train_batch=150/392 running_loss=0.054758
2026-08-19 18:55:09 | INFO | epoch=017 train_batch=160/392 running_loss=0.054605
2026-08-19 18:55:09 | INFO | epoch=017 train_batch=170/392 running_loss=0.054356
2026-08-19 18:55:10 | INFO | epoch=017 train_batch=180/392 running_loss=0.054398
2026-08-19 18:55:10 | INFO | epoch=017 train_batch=190/392 running_loss=0.054434
2026-08-19 18:55:10 | INFO | epoch=017 train_batch=200/392 running_loss=0.054530
2026-08-19 18:55:10 | INFO | epoch=017 train_batch=210/392 running_loss=0.054710
2026-08-19 18:55:11 | INFO | epoch=017 train_batch=220/392 running_loss=0.054611
2026-08-19 18:55:11 | INFO | epoch=017 train_batch=230/392 running_loss=0.054703
2026-08-19 18:55:11 | INFO | epoch=017 train_batch=240/392 running_loss=0.054617
2026-08-19 18:55:11 | INFO | epoch=017 train_batch=250/392 running_loss=0.054666
2026-08-19 18:55:12 | INFO | epoch=017 train_batch=260/392 running_loss=0.054644
2026-08-19 18:55:12 | INFO | epoch=017 train_batch=270/392 running_loss=0.054598
2026-08-19 18:55:12 | INFO | epoch=017 train_batch=280/392 running_loss=0.054637
2026-08-19 18:55:12 | INFO | epoch=017 train_batch=290/392 running_loss=0.054631
2026-08-19 18:55:13 | INFO | epoch=017 train_batch=300/392 running_loss=0.054563
2026-08-19 18:55:13 | INFO | epoch=017 train_batch=310/392 running_loss=0.054624
2026-08-19 18:55:13 | INFO | epoch=017 train_batch=320/392 running_loss=0.054596
2026-08-19 18:55:13 | INFO | epoch=017 train_batch=330/392 running_loss=0.054550
2026-08-19 18:55:14 | INFO | epoch=017 train_batch=340/392 running_loss=0.054427
2026-08-19 18:55:14 | INFO | epoch=017 train_batch=350/392 running_loss=0.054275
2026-08-19 18:55:14 | INFO | epoch=017 train_batch=360/392 running_loss=0.054180
2026-08-19 18:55:14 | INFO | epoch=017 train_batch=370/392 running_loss=0.054054
2026-08-19 18:55:15 | INFO | epoch=017 train_batch=380/392 running_loss=0.054131
2026-08-19 18:55:15 | INFO | epoch=017 train_batch=390/392 running_loss=0.054115
2026-08-19 18:55:15 | INFO | epoch=017 train_batch=392/392 running_loss=0.054114
2026-08-19 18:55:15 | INFO | epoch=017 train_loss=0.054114 validation_loss=0.277754
2026-08-19 18:55:16 | INFO | epoch=018 train_batch=10/392 running_loss=0.053516
2026-08-19 18:55:16 | INFO | epoch=018 train_batch=20/392 running_loss=0.052453
2026-08-19 18:55:16 | INFO | epoch=018 train_batch=30/392 running_loss=0.052802
2026-08-19 18:55:17 | INFO | epoch=018 train_batch=40/392 running_loss=0.051489
2026-08-19 18:55:17 | INFO | epoch=018 train_batch=50/392 running_loss=0.051225
2026-08-19 18:55:17 | INFO | epoch=018 train_batch=60/392 running_loss=0.050772
2026-08-19 18:55:17 | INFO | epoch=018 train_batch=70/392 running_loss=0.050629
2026-08-19 18:55:18 | INFO | epoch=018 train_batch=80/392 running_loss=0.051595
2026-08-19 18:55:18 | INFO | epoch=018 train_batch=90/392 running_loss=0.051659
2026-08-19 18:55:18 | INFO | epoch=018 train_batch=100/392 running_loss=0.051747
2026-08-19 18:55:18 | INFO | epoch=018 train_batch=110/392 running_loss=0.052244
2026-08-19 18:55:18 | INFO | epoch=018 train_batch=120/392 running_loss=0.052392
2026-08-19 18:55:19 | INFO | epoch=018 train_batch=130/392 running_loss=0.052509
2026-08-19 18:55:19 | INFO | epoch=018 train_batch=140/392 running_loss=0.052466
2026-08-19 18:55:19 | INFO | epoch=018 train_batch=150/392 running_loss=0.052486
2026-08-19 18:55:19 | INFO | epoch=018 train_batch=160/392 running_loss=0.052463
2026-08-19 18:55:20 | INFO | epoch=018 train_batch=170/392 running_loss=0.052591
2026-08-19 18:55:20 | INFO | epoch=018 train_batch=180/392 running_loss=0.052581
2026-08-19 18:55:20 | INFO | epoch=018 train_batch=190/392 running_loss=0.052522
2026-08-19 18:55:20 | INFO | epoch=018 train_batch=200/392 running_loss=0.052634
2026-08-19 18:55:21 | INFO | epoch=018 train_batch=210/392 running_loss=0.052537
2026-08-19 18:55:21 | INFO | epoch=018 train_batch=220/392 running_loss=0.052609
2026-08-19 18:55:21 | INFO | epoch=018 train_batch=230/392 running_loss=0.052668
2026-08-19 18:55:21 | INFO | epoch=018 train_batch=240/392 running_loss=0.052670
2026-08-19 18:55:22 | INFO | epoch=018 train_batch=250/392 running_loss=0.052778
2026-08-19 18:55:22 | INFO | epoch=018 train_batch=260/392 running_loss=0.052738
2026-08-19 18:55:22 | INFO | epoch=018 train_batch=270/392 running_loss=0.052775
2026-08-19 18:55:22 | INFO | epoch=018 train_batch=280/392 running_loss=0.052852
2026-08-19 18:55:23 | INFO | epoch=018 train_batch=290/392 running_loss=0.052752
2026-08-19 18:55:23 | INFO | epoch=018 train_batch=300/392 running_loss=0.052773
2026-08-19 18:55:23 | INFO | epoch=018 train_batch=310/392 running_loss=0.052710
2026-08-19 18:55:23 | INFO | epoch=018 train_batch=320/392 running_loss=0.052837
2026-08-19 18:55:24 | INFO | epoch=018 train_batch=330/392 running_loss=0.052839
2026-08-19 18:55:24 | INFO | epoch=018 train_batch=340/392 running_loss=0.052876
2026-08-19 18:55:24 | INFO | epoch=018 train_batch=350/392 running_loss=0.052866
2026-08-19 18:55:24 | INFO | epoch=018 train_batch=360/392 running_loss=0.052917
2026-08-19 18:55:25 | INFO | epoch=018 train_batch=370/392 running_loss=0.052913
2026-08-19 18:55:25 | INFO | epoch=018 train_batch=380/392 running_loss=0.052872
2026-08-19 18:55:25 | INFO | epoch=018 train_batch=390/392 running_loss=0.052770
2026-08-19 18:55:25 | INFO | epoch=018 train_batch=392/392 running_loss=0.052824
2026-08-19 18:55:26 | INFO | epoch=018 train_loss=0.052824 validation_loss=0.273317
2026-08-19 18:55:26 | INFO | epoch=019 train_batch=10/392 running_loss=0.051964
2026-08-19 18:55:26 | INFO | epoch=019 train_batch=20/392 running_loss=0.052326
2026-08-19 18:55:27 | INFO | epoch=019 train_batch=30/392 running_loss=0.053162
2026-08-19 18:55:27 | INFO | epoch=019 train_batch=40/392 running_loss=0.053096
2026-08-19 18:55:27 | INFO | epoch=019 train_batch=50/392 running_loss=0.052892
2026-08-19 18:55:27 | INFO | epoch=019 train_batch=60/392 running_loss=0.051784
2026-08-19 18:55:28 | INFO | epoch=019 train_batch=70/392 running_loss=0.051335
2026-08-19 18:55:28 | INFO | epoch=019 train_batch=80/392 running_loss=0.051192
2026-08-19 18:55:28 | INFO | epoch=019 train_batch=90/392 running_loss=0.051338
2026-08-19 18:55:28 | INFO | epoch=019 train_batch=100/392 running_loss=0.051120
2026-08-19 18:55:29 | INFO | epoch=019 train_batch=110/392 running_loss=0.050861
2026-08-19 18:55:29 | INFO | epoch=019 train_batch=120/392 running_loss=0.050898
2026-08-19 18:55:29 | INFO | epoch=019 train_batch=130/392 running_loss=0.050852
2026-08-19 18:55:29 | INFO | epoch=019 train_batch=140/392 running_loss=0.050911
2026-08-19 18:55:30 | INFO | epoch=019 train_batch=150/392 running_loss=0.050930
2026-08-19 18:55:30 | INFO | epoch=019 train_batch=160/392 running_loss=0.050933
2026-08-19 18:55:30 | INFO | epoch=019 train_batch=170/392 running_loss=0.051046
2026-08-19 18:55:30 | INFO | epoch=019 train_batch=180/392 running_loss=0.051141
2026-08-19 18:55:31 | INFO | epoch=019 train_batch=190/392 running_loss=0.051281
2026-08-19 18:55:31 | INFO | epoch=019 train_batch=200/392 running_loss=0.051247
2026-08-19 18:55:31 | INFO | epoch=019 train_batch=210/392 running_loss=0.051351
2026-08-19 18:55:31 | INFO | epoch=019 train_batch=220/392 running_loss=0.051491
2026-08-19 18:55:32 | INFO | epoch=019 train_batch=230/392 running_loss=0.051287
2026-08-19 18:55:32 | INFO | epoch=019 train_batch=240/392 running_loss=0.051250
2026-08-19 18:55:32 | INFO | epoch=019 train_batch=250/392 running_loss=0.051351
2026-08-19 18:55:32 | INFO | epoch=019 train_batch=260/392 running_loss=0.051312
2026-08-19 18:55:33 | INFO | epoch=019 train_batch=270/392 running_loss=0.051379
2026-08-19 18:55:33 | INFO | epoch=019 train_batch=280/392 running_loss=0.051343
2026-08-19 18:55:33 | INFO | epoch=019 train_batch=290/392 running_loss=0.051417
2026-08-19 18:55:33 | INFO | epoch=019 train_batch=300/392 running_loss=0.051414
2026-08-19 18:55:33 | INFO | epoch=019 train_batch=310/392 running_loss=0.051505
2026-08-19 18:55:34 | INFO | epoch=019 train_batch=320/392 running_loss=0.051712
2026-08-19 18:55:34 | INFO | epoch=019 train_batch=330/392 running_loss=0.051702
2026-08-19 18:55:34 | INFO | epoch=019 train_batch=340/392 running_loss=0.051756
2026-08-19 18:55:34 | INFO | epoch=019 train_batch=350/392 running_loss=0.051838
2026-08-19 18:55:35 | INFO | epoch=019 train_batch=360/392 running_loss=0.051784
2026-08-19 18:55:35 | INFO | epoch=019 train_batch=370/392 running_loss=0.051714
2026-08-19 18:55:35 | INFO | epoch=019 train_batch=380/392 running_loss=0.051774
2026-08-19 18:55:35 | INFO | epoch=019 train_batch=390/392 running_loss=0.051952
2026-08-19 18:55:35 | INFO | epoch=019 train_batch=392/392 running_loss=0.051963
2026-08-19 18:55:36 | INFO | epoch=019 train_loss=0.051963 validation_loss=0.271177
2026-08-19 18:55:36 | INFO | epoch=019 saved new best.pt
2026-08-19 18:55:37 | INFO | epoch=020 train_batch=10/392 running_loss=0.051860
2026-08-19 18:55:37 | INFO | epoch=020 train_batch=20/392 running_loss=0.052082
2026-08-19 18:55:37 | INFO | epoch=020 train_batch=30/392 running_loss=0.051889
2026-08-19 18:55:37 | INFO | epoch=020 train_batch=40/392 running_loss=0.052647
2026-08-19 18:55:38 | INFO | epoch=020 train_batch=50/392 running_loss=0.051696
2026-08-19 18:55:38 | INFO | epoch=020 train_batch=60/392 running_loss=0.051905
2026-08-19 18:55:38 | INFO | epoch=020 train_batch=70/392 running_loss=0.052177
2026-08-19 18:55:38 | INFO | epoch=020 train_batch=80/392 running_loss=0.051897
2026-08-19 18:55:39 | INFO | epoch=020 train_batch=90/392 running_loss=0.051961
2026-08-19 18:55:39 | INFO | epoch=020 train_batch=100/392 running_loss=0.051845
2026-08-19 18:55:39 | INFO | epoch=020 train_batch=110/392 running_loss=0.051687
2026-08-19 18:55:39 | INFO | epoch=020 train_batch=120/392 running_loss=0.051516
2026-08-19 18:55:39 | INFO | epoch=020 train_batch=130/392 running_loss=0.051425
2026-08-19 18:55:40 | INFO | epoch=020 train_batch=140/392 running_loss=0.051574
2026-08-19 18:55:40 | INFO | epoch=020 train_batch=150/392 running_loss=0.051506
2026-08-19 18:55:40 | INFO | epoch=020 train_batch=160/392 running_loss=0.051822
2026-08-19 18:55:40 | INFO | epoch=020 train_batch=170/392 running_loss=0.051868
2026-08-19 18:55:41 | INFO | epoch=020 train_batch=180/392 running_loss=0.051920
2026-08-19 18:55:41 | INFO | epoch=020 train_batch=190/392 running_loss=0.051919
2026-08-19 18:55:41 | INFO | epoch=020 train_batch=200/392 running_loss=0.051898
2026-08-19 18:55:41 | INFO | epoch=020 train_batch=210/392 running_loss=0.051765
2026-08-19 18:55:42 | INFO | epoch=020 train_batch=220/392 running_loss=0.051602
2026-08-19 18:55:42 | INFO | epoch=020 train_batch=230/392 running_loss=0.051537
2026-08-19 18:55:42 | INFO | epoch=020 train_batch=240/392 running_loss=0.051419
2026-08-19 18:55:42 | INFO | epoch=020 train_batch=250/392 running_loss=0.051395
2026-08-19 18:55:43 | INFO | epoch=020 train_batch=260/392 running_loss=0.051452
2026-08-19 18:55:43 | INFO | epoch=020 train_batch=270/392 running_loss=0.051535
2026-08-19 18:55:43 | INFO | epoch=020 train_batch=280/392 running_loss=0.051475
2026-08-19 18:55:43 | INFO | epoch=020 train_batch=290/392 running_loss=0.051443
2026-08-19 18:55:44 | INFO | epoch=020 train_batch=300/392 running_loss=0.051454
2026-08-19 18:55:44 | INFO | epoch=020 train_batch=310/392 running_loss=0.051361
2026-08-19 18:55:44 | INFO | epoch=020 train_batch=320/392 running_loss=0.051281
2026-08-19 18:55:44 | INFO | epoch=020 train_batch=330/392 running_loss=0.051310
2026-08-19 18:55:45 | INFO | epoch=020 train_batch=340/392 running_loss=0.051208
2026-08-19 18:55:45 | INFO | epoch=020 train_batch=350/392 running_loss=0.051264
2026-08-19 18:55:45 | INFO | epoch=020 train_batch=360/392 running_loss=0.051295
2026-08-19 18:55:45 | INFO | epoch=020 train_batch=370/392 running_loss=0.051210
2026-08-19 18:55:46 | INFO | epoch=020 train_batch=380/392 running_loss=0.051134
2026-08-19 18:55:46 | INFO | epoch=020 train_batch=390/392 running_loss=0.051122
2026-08-19 18:55:46 | INFO | epoch=020 train_batch=392/392 running_loss=0.051100
2026-08-19 18:55:47 | INFO | epoch=020 train_loss=0.051100 validation_loss=0.273848
2026-08-19 18:55:47 | INFO | epoch=021 train_batch=10/392 running_loss=0.046215
2026-08-19 18:55:47 | INFO | epoch=021 train_batch=20/392 running_loss=0.048363
2026-08-19 18:55:47 | INFO | epoch=021 train_batch=30/392 running_loss=0.049306
2026-08-19 18:55:48 | INFO | epoch=021 train_batch=40/392 running_loss=0.050181
2026-08-19 18:55:48 | INFO | epoch=021 train_batch=50/392 running_loss=0.050045
2026-08-19 18:55:48 | INFO | epoch=021 train_batch=60/392 running_loss=0.049758
2026-08-19 18:55:48 | INFO | epoch=021 train_batch=70/392 running_loss=0.049995
2026-08-19 18:55:49 | INFO | epoch=021 train_batch=80/392 running_loss=0.050192
2026-08-19 18:55:49 | INFO | epoch=021 train_batch=90/392 running_loss=0.049951
2026-08-19 18:55:49 | INFO | epoch=021 train_batch=100/392 running_loss=0.049856
2026-08-19 18:55:49 | INFO | epoch=021 train_batch=110/392 running_loss=0.049566
2026-08-19 18:55:50 | INFO | epoch=021 train_batch=120/392 running_loss=0.049818
2026-08-19 18:55:50 | INFO | epoch=021 train_batch=130/392 running_loss=0.049902
2026-08-19 18:55:50 | INFO | epoch=021 train_batch=140/392 running_loss=0.050148
2026-08-19 18:55:50 | INFO | epoch=021 train_batch=150/392 running_loss=0.050194
2026-08-19 18:55:51 | INFO | epoch=021 train_batch=160/392 running_loss=0.049848
2026-08-19 18:55:51 | INFO | epoch=021 train_batch=170/392 running_loss=0.049913
2026-08-19 18:55:51 | INFO | epoch=021 train_batch=180/392 running_loss=0.049838
2026-08-19 18:55:51 | INFO | epoch=021 train_batch=190/392 running_loss=0.049929
2026-08-19 18:55:52 | INFO | epoch=021 train_batch=200/392 running_loss=0.049740
2026-08-19 18:55:52 | INFO | epoch=021 train_batch=210/392 running_loss=0.049862
2026-08-19 18:55:52 | INFO | epoch=021 train_batch=220/392 running_loss=0.049892
2026-08-19 18:55:52 | INFO | epoch=021 train_batch=230/392 running_loss=0.050058
2026-08-19 18:55:53 | INFO | epoch=021 train_batch=240/392 running_loss=0.050033
2026-08-19 18:55:53 | INFO | epoch=021 train_batch=250/392 running_loss=0.050093
2026-08-19 18:55:53 | INFO | epoch=021 train_batch=260/392 running_loss=0.050109
2026-08-19 18:55:53 | INFO | epoch=021 train_batch=270/392 running_loss=0.050156
2026-08-19 18:55:54 | INFO | epoch=021 train_batch=280/392 running_loss=0.050237
2026-08-19 18:55:54 | INFO | epoch=021 train_batch=290/392 running_loss=0.050169
2026-08-19 18:55:54 | INFO | epoch=021 train_batch=300/392 running_loss=0.050173
2026-08-19 18:55:54 | INFO | epoch=021 train_batch=310/392 running_loss=0.050096
2026-08-19 18:55:55 | INFO | epoch=021 train_batch=320/392 running_loss=0.050079
2026-08-19 18:55:55 | INFO | epoch=021 train_batch=330/392 running_loss=0.050123
2026-08-19 18:55:55 | INFO | epoch=021 train_batch=340/392 running_loss=0.050149
2026-08-19 18:55:55 | INFO | epoch=021 train_batch=350/392 running_loss=0.050063
2026-08-19 18:55:56 | INFO | epoch=021 train_batch=360/392 running_loss=0.050047
2026-08-19 18:55:56 | INFO | epoch=021 train_batch=370/392 running_loss=0.050064
2026-08-19 18:55:56 | INFO | epoch=021 train_batch=380/392 running_loss=0.050037
2026-08-19 18:55:56 | INFO | epoch=021 train_batch=390/392 running_loss=0.050022
2026-08-19 18:55:56 | INFO | epoch=021 train_batch=392/392 running_loss=0.050055
2026-08-19 18:55:57 | INFO | epoch=021 train_loss=0.050055 validation_loss=0.262749
2026-08-19 18:55:57 | INFO | epoch=021 saved new best.pt
2026-08-19 18:55:57 | INFO | epoch=022 train_batch=10/392 running_loss=0.051843
2026-08-19 18:55:58 | INFO | epoch=022 train_batch=20/392 running_loss=0.048347
2026-08-19 18:55:58 | INFO | epoch=022 train_batch=30/392 running_loss=0.048417
2026-08-19 18:55:58 | INFO | epoch=022 train_batch=40/392 running_loss=0.048424
2026-08-19 18:55:58 | INFO | epoch=022 train_batch=50/392 running_loss=0.048335
2026-08-19 18:55:59 | INFO | epoch=022 train_batch=60/392 running_loss=0.047846
2026-08-19 18:55:59 | INFO | epoch=022 train_batch=70/392 running_loss=0.047723
2026-08-19 18:55:59 | INFO | epoch=022 train_batch=80/392 running_loss=0.047306
2026-08-19 18:55:59 | INFO | epoch=022 train_batch=90/392 running_loss=0.047499
2026-08-19 18:56:00 | INFO | epoch=022 train_batch=100/392 running_loss=0.047672
2026-08-19 18:56:00 | INFO | epoch=022 train_batch=110/392 running_loss=0.047376
2026-08-19 18:56:00 | INFO | epoch=022 train_batch=120/392 running_loss=0.047275
2026-08-19 18:56:00 | INFO | epoch=022 train_batch=130/392 running_loss=0.047500
2026-08-19 18:56:01 | INFO | epoch=022 train_batch=140/392 running_loss=0.047974
2026-08-19 18:56:01 | INFO | epoch=022 train_batch=150/392 running_loss=0.047927
2026-08-19 18:56:01 | INFO | epoch=022 train_batch=160/392 running_loss=0.048121
2026-08-19 18:56:01 | INFO | epoch=022 train_batch=170/392 running_loss=0.048047
2026-08-19 18:56:02 | INFO | epoch=022 train_batch=180/392 running_loss=0.048105
2026-08-19 18:56:02 | INFO | epoch=022 train_batch=190/392 running_loss=0.048067
2026-08-19 18:56:02 | INFO | epoch=022 train_batch=200/392 running_loss=0.048344
2026-08-19 18:56:02 | INFO | epoch=022 train_batch=210/392 running_loss=0.048416
2026-08-19 18:56:03 | INFO | epoch=022 train_batch=220/392 running_loss=0.048612
2026-08-19 18:56:03 | INFO | epoch=022 train_batch=230/392 running_loss=0.048648
2026-08-19 18:56:03 | INFO | epoch=022 train_batch=240/392 running_loss=0.048839
2026-08-19 18:56:03 | INFO | epoch=022 train_batch=250/392 running_loss=0.048800
2026-08-19 18:56:03 | INFO | epoch=022 train_batch=260/392 running_loss=0.048993
2026-08-19 18:56:04 | INFO | epoch=022 train_batch=270/392 running_loss=0.049025
2026-08-19 18:56:04 | INFO | epoch=022 train_batch=280/392 running_loss=0.048974
2026-08-19 18:56:04 | INFO | epoch=022 train_batch=290/392 running_loss=0.049073
2026-08-19 18:56:04 | INFO | epoch=022 train_batch=300/392 running_loss=0.049109
2026-08-19 18:56:05 | INFO | epoch=022 train_batch=310/392 running_loss=0.049224
2026-08-19 18:56:05 | INFO | epoch=022 train_batch=320/392 running_loss=0.049296
2026-08-19 18:56:05 | INFO | epoch=022 train_batch=330/392 running_loss=0.049378
2026-08-19 18:56:05 | INFO | epoch=022 train_batch=340/392 running_loss=0.049423
2026-08-19 18:56:06 | INFO | epoch=022 train_batch=350/392 running_loss=0.049449
2026-08-19 18:56:06 | INFO | epoch=022 train_batch=360/392 running_loss=0.049533
2026-08-19 18:56:06 | INFO | epoch=022 train_batch=370/392 running_loss=0.049565
2026-08-19 18:56:06 | INFO | epoch=022 train_batch=380/392 running_loss=0.049422
2026-08-19 18:56:07 | INFO | epoch=022 train_batch=390/392 running_loss=0.049445
2026-08-19 18:56:07 | INFO | epoch=022 train_batch=392/392 running_loss=0.049422
2026-08-19 18:56:07 | INFO | epoch=022 train_loss=0.049422 validation_loss=0.269254
2026-08-19 18:56:08 | INFO | epoch=023 train_batch=10/392 running_loss=0.050339
2026-08-19 18:56:08 | INFO | epoch=023 train_batch=20/392 running_loss=0.049507
2026-08-19 18:56:08 | INFO | epoch=023 train_batch=30/392 running_loss=0.048731
2026-08-19 18:56:08 | INFO | epoch=023 train_batch=40/392 running_loss=0.048538
2026-08-19 18:56:09 | INFO | epoch=023 train_batch=50/392 running_loss=0.047869
2026-08-19 18:56:09 | INFO | epoch=023 train_batch=60/392 running_loss=0.047764
2026-08-19 18:56:09 | INFO | epoch=023 train_batch=70/392 running_loss=0.048385
2026-08-19 18:56:09 | INFO | epoch=023 train_batch=80/392 running_loss=0.048155
2026-08-19 18:56:10 | INFO | epoch=023 train_batch=90/392 running_loss=0.048458
2026-08-19 18:56:10 | INFO | epoch=023 train_batch=100/392 running_loss=0.048636
2026-08-19 18:56:10 | INFO | epoch=023 train_batch=110/392 running_loss=0.049012
2026-08-19 18:56:10 | INFO | epoch=023 train_batch=120/392 running_loss=0.049150
2026-08-19 18:56:11 | INFO | epoch=023 train_batch=130/392 running_loss=0.049029
2026-08-19 18:56:11 | INFO | epoch=023 train_batch=140/392 running_loss=0.049274
2026-08-19 18:56:11 | INFO | epoch=023 train_batch=150/392 running_loss=0.049064
2026-08-19 18:56:11 | INFO | epoch=023 train_batch=160/392 running_loss=0.049203
2026-08-19 18:56:12 | INFO | epoch=023 train_batch=170/392 running_loss=0.049389
2026-08-19 18:56:12 | INFO | epoch=023 train_batch=180/392 running_loss=0.049307
2026-08-19 18:56:12 | INFO | epoch=023 train_batch=190/392 running_loss=0.049248
2026-08-19 18:56:12 | INFO | epoch=023 train_batch=200/392 running_loss=0.049239
2026-08-19 18:56:13 | INFO | epoch=023 train_batch=210/392 running_loss=0.049090
2026-08-19 18:56:13 | INFO | epoch=023 train_batch=220/392 running_loss=0.049027
2026-08-19 18:56:13 | INFO | epoch=023 train_batch=230/392 running_loss=0.049131
2026-08-19 18:56:13 | INFO | epoch=023 train_batch=240/392 running_loss=0.049081
2026-08-19 18:56:14 | INFO | epoch=023 train_batch=250/392 running_loss=0.049155
2026-08-19 18:56:14 | INFO | epoch=023 train_batch=260/392 running_loss=0.049085
2026-08-19 18:56:14 | INFO | epoch=023 train_batch=270/392 running_loss=0.049066
2026-08-19 18:56:14 | INFO | epoch=023 train_batch=280/392 running_loss=0.049021
2026-08-19 18:56:15 | INFO | epoch=023 train_batch=290/392 running_loss=0.049041
2026-08-19 18:56:15 | INFO | epoch=023 train_batch=300/392 running_loss=0.048952
2026-08-19 18:56:15 | INFO | epoch=023 train_batch=310/392 running_loss=0.048897
2026-08-19 18:56:15 | INFO | epoch=023 train_batch=320/392 running_loss=0.048818
2026-08-19 18:56:15 | INFO | epoch=023 train_batch=330/392 running_loss=0.048853
2026-08-19 18:56:16 | INFO | epoch=023 train_batch=340/392 running_loss=0.048924
2026-08-19 18:56:16 | INFO | epoch=023 train_batch=350/392 running_loss=0.048924
2026-08-19 18:56:16 | INFO | epoch=023 train_batch=360/392 running_loss=0.048947
2026-08-19 18:56:16 | INFO | epoch=023 train_batch=370/392 running_loss=0.048868
2026-08-19 18:56:17 | INFO | epoch=023 train_batch=380/392 running_loss=0.048767
2026-08-19 18:56:17 | INFO | epoch=023 train_batch=390/392 running_loss=0.048641
2026-08-19 18:56:17 | INFO | epoch=023 train_batch=392/392 running_loss=0.048718
2026-08-19 18:56:18 | INFO | epoch=023 train_loss=0.048718 validation_loss=0.269519
2026-08-19 18:56:18 | INFO | epoch=024 train_batch=10/392 running_loss=0.045816
2026-08-19 18:56:18 | INFO | epoch=024 train_batch=20/392 running_loss=0.047229
2026-08-19 18:56:19 | INFO | epoch=024 train_batch=30/392 running_loss=0.047617
2026-08-19 18:56:19 | INFO | epoch=024 train_batch=40/392 running_loss=0.046830
2026-08-19 18:56:19 | INFO | epoch=024 train_batch=50/392 running_loss=0.046135
2026-08-19 18:56:19 | INFO | epoch=024 train_batch=60/392 running_loss=0.046528
2026-08-19 18:56:20 | INFO | epoch=024 train_batch=70/392 running_loss=0.046653
2026-08-19 18:56:20 | INFO | epoch=024 train_batch=80/392 running_loss=0.046664
2026-08-19 18:56:20 | INFO | epoch=024 train_batch=90/392 running_loss=0.046819
2026-08-19 18:56:20 | INFO | epoch=024 train_batch=100/392 running_loss=0.046738
2026-08-19 18:56:20 | INFO | epoch=024 train_batch=110/392 running_loss=0.046997
2026-08-19 18:56:21 | INFO | epoch=024 train_batch=120/392 running_loss=0.047026
2026-08-19 18:56:21 | INFO | epoch=024 train_batch=130/392 running_loss=0.047044
2026-08-19 18:56:21 | INFO | epoch=024 train_batch=140/392 running_loss=0.047189
2026-08-19 18:56:21 | INFO | epoch=024 train_batch=150/392 running_loss=0.047407
2026-08-19 18:56:22 | INFO | epoch=024 train_batch=160/392 running_loss=0.047409
2026-08-19 18:56:22 | INFO | epoch=024 train_batch=170/392 running_loss=0.047724
2026-08-19 18:56:22 | INFO | epoch=024 train_batch=180/392 running_loss=0.047755
2026-08-19 18:56:23 | INFO | epoch=024 train_batch=190/392 running_loss=0.047786
2026-08-19 18:56:23 | INFO | epoch=024 train_batch=200/392 running_loss=0.047858
2026-08-19 18:56:23 | INFO | epoch=024 train_batch=210/392 running_loss=0.047897
2026-08-19 18:56:23 | INFO | epoch=024 train_batch=220/392 running_loss=0.048005
2026-08-19 18:56:24 | INFO | epoch=024 train_batch=230/392 running_loss=0.047914
2026-08-19 18:56:24 | INFO | epoch=024 train_batch=240/392 running_loss=0.048038
2026-08-19 18:56:24 | INFO | epoch=024 train_batch=250/392 running_loss=0.047994
2026-08-19 18:56:24 | INFO | epoch=024 train_batch=260/392 running_loss=0.048038
2026-08-19 18:56:25 | INFO | epoch=024 train_batch=270/392 running_loss=0.047979
2026-08-19 18:56:25 | INFO | epoch=024 train_batch=280/392 running_loss=0.047940
2026-08-19 18:56:25 | INFO | epoch=024 train_batch=290/392 running_loss=0.048040
2026-08-19 18:56:25 | INFO | epoch=024 train_batch=300/392 running_loss=0.047864
2026-08-19 18:56:26 | INFO | epoch=024 train_batch=310/392 running_loss=0.047806
2026-08-19 18:56:26 | INFO | epoch=024 train_batch=320/392 running_loss=0.047827
2026-08-19 18:56:26 | INFO | epoch=024 train_batch=330/392 running_loss=0.047881
2026-08-19 18:56:26 | INFO | epoch=024 train_batch=340/392 running_loss=0.048024
2026-08-19 18:56:27 | INFO | epoch=024 train_batch=350/392 running_loss=0.048075
2026-08-19 18:56:27 | INFO | epoch=024 train_batch=360/392 running_loss=0.048097
2026-08-19 18:56:27 | INFO | epoch=024 train_batch=370/392 running_loss=0.048097
2026-08-19 18:56:27 | INFO | epoch=024 train_batch=380/392 running_loss=0.048073
2026-08-19 18:56:28 | INFO | epoch=024 train_batch=390/392 running_loss=0.048041
2026-08-19 18:56:28 | INFO | epoch=024 train_batch=392/392 running_loss=0.048032
2026-08-19 18:56:28 | INFO | epoch=024 train_loss=0.048032 validation_loss=0.276395
2026-08-19 18:56:29 | INFO | epoch=025 train_batch=10/392 running_loss=0.049629
2026-08-19 18:56:29 | INFO | epoch=025 train_batch=20/392 running_loss=0.048202
2026-08-19 18:56:29 | INFO | epoch=025 train_batch=30/392 running_loss=0.047225
2026-08-19 18:56:29 | INFO | epoch=025 train_batch=40/392 running_loss=0.047248
2026-08-19 18:56:30 | INFO | epoch=025 train_batch=50/392 running_loss=0.047929
2026-08-19 18:56:30 | INFO | epoch=025 train_batch=60/392 running_loss=0.047844
2026-08-19 18:56:30 | INFO | epoch=025 train_batch=70/392 running_loss=0.047439
2026-08-19 18:56:30 | INFO | epoch=025 train_batch=80/392 running_loss=0.047783
2026-08-19 18:56:31 | INFO | epoch=025 train_batch=90/392 running_loss=0.047655
2026-08-19 18:56:31 | INFO | epoch=025 train_batch=100/392 running_loss=0.047691
2026-08-19 18:56:31 | INFO | epoch=025 train_batch=110/392 running_loss=0.047444
2026-08-19 18:56:31 | INFO | epoch=025 train_batch=120/392 running_loss=0.047411
2026-08-19 18:56:32 | INFO | epoch=025 train_batch=130/392 running_loss=0.047641
2026-08-19 18:56:32 | INFO | epoch=025 train_batch=140/392 running_loss=0.047913
2026-08-19 18:56:32 | INFO | epoch=025 train_batch=150/392 running_loss=0.047731
2026-08-19 18:56:32 | INFO | epoch=025 train_batch=160/392 running_loss=0.047551
2026-08-19 18:56:32 | INFO | epoch=025 train_batch=170/392 running_loss=0.047407
2026-08-19 18:56:33 | INFO | epoch=025 train_batch=180/392 running_loss=0.047372
2026-08-19 18:56:33 | INFO | epoch=025 train_batch=190/392 running_loss=0.047343
2026-08-19 18:56:33 | INFO | epoch=025 train_batch=200/392 running_loss=0.047196
2026-08-19 18:56:33 | INFO | epoch=025 train_batch=210/392 running_loss=0.047246
2026-08-19 18:56:34 | INFO | epoch=025 train_batch=220/392 running_loss=0.047213
2026-08-19 18:56:34 | INFO | epoch=025 train_batch=230/392 running_loss=0.047077
2026-08-19 18:56:34 | INFO | epoch=025 train_batch=240/392 running_loss=0.047024
2026-08-19 18:56:34 | INFO | epoch=025 train_batch=250/392 running_loss=0.047047
2026-08-19 18:56:35 | INFO | epoch=025 train_batch=260/392 running_loss=0.046985
2026-08-19 18:56:35 | INFO | epoch=025 train_batch=270/392 running_loss=0.047107
2026-08-19 18:56:35 | INFO | epoch=025 train_batch=280/392 running_loss=0.046975
2026-08-19 18:56:35 | INFO | epoch=025 train_batch=290/392 running_loss=0.047067
2026-08-19 18:56:36 | INFO | epoch=025 train_batch=300/392 running_loss=0.047136
2026-08-19 18:56:36 | INFO | epoch=025 train_batch=310/392 running_loss=0.047050
2026-08-19 18:56:36 | INFO | epoch=025 train_batch=320/392 running_loss=0.046978
2026-08-19 18:56:36 | INFO | epoch=025 train_batch=330/392 running_loss=0.047141
2026-08-19 18:56:37 | INFO | epoch=025 train_batch=340/392 running_loss=0.047185
2026-08-19 18:56:37 | INFO | epoch=025 train_batch=350/392 running_loss=0.047272
2026-08-19 18:56:37 | INFO | epoch=025 train_batch=360/392 running_loss=0.047300
2026-08-19 18:56:37 | INFO | epoch=025 train_batch=370/392 running_loss=0.047393
2026-08-19 18:56:38 | INFO | epoch=025 train_batch=380/392 running_loss=0.047419
2026-08-19 18:56:38 | INFO | epoch=025 train_batch=390/392 running_loss=0.047510
2026-08-19 18:56:38 | INFO | epoch=025 train_batch=392/392 running_loss=0.047561
2026-08-19 18:56:39 | INFO | epoch=025 train_loss=0.047561 validation_loss=0.281507
2026-08-19 18:56:39 | INFO | epoch=026 train_batch=10/392 running_loss=0.046306
2026-08-19 18:56:39 | INFO | epoch=026 train_batch=20/392 running_loss=0.048716
2026-08-19 18:56:39 | INFO | epoch=026 train_batch=30/392 running_loss=0.048743
2026-08-19 18:56:40 | INFO | epoch=026 train_batch=40/392 running_loss=0.048085
2026-08-19 18:56:40 | INFO | epoch=026 train_batch=50/392 running_loss=0.048059
2026-08-19 18:56:40 | INFO | epoch=026 train_batch=60/392 running_loss=0.047232
2026-08-19 18:56:40 | INFO | epoch=026 train_batch=70/392 running_loss=0.046702
2026-08-19 18:56:41 | INFO | epoch=026 train_batch=80/392 running_loss=0.046813
2026-08-19 18:56:41 | INFO | epoch=026 train_batch=90/392 running_loss=0.047074
2026-08-19 18:56:41 | INFO | epoch=026 train_batch=100/392 running_loss=0.047609
2026-08-19 18:56:41 | INFO | epoch=026 train_batch=110/392 running_loss=0.047498
2026-08-19 18:56:42 | INFO | epoch=026 train_batch=120/392 running_loss=0.047384
2026-08-19 18:56:42 | INFO | epoch=026 train_batch=130/392 running_loss=0.047415
2026-08-19 18:56:42 | INFO | epoch=026 train_batch=140/392 running_loss=0.047368
2026-08-19 18:56:42 | INFO | epoch=026 train_batch=150/392 running_loss=0.047479
2026-08-19 18:56:43 | INFO | epoch=026 train_batch=160/392 running_loss=0.047286
2026-08-19 18:56:43 | INFO | epoch=026 train_batch=170/392 running_loss=0.047146
2026-08-19 18:56:43 | INFO | epoch=026 train_batch=180/392 running_loss=0.047080
2026-08-19 18:56:43 | INFO | epoch=026 train_batch=190/392 running_loss=0.046949
2026-08-19 18:56:44 | INFO | epoch=026 train_batch=200/392 running_loss=0.046962
2026-08-19 18:56:44 | INFO | epoch=026 train_batch=210/392 running_loss=0.047070
2026-08-19 18:56:44 | INFO | epoch=026 train_batch=220/392 running_loss=0.047106
2026-08-19 18:56:44 | INFO | epoch=026 train_batch=230/392 running_loss=0.047207
2026-08-19 18:56:44 | INFO | epoch=026 train_batch=240/392 running_loss=0.047119
2026-08-19 18:56:45 | INFO | epoch=026 train_batch=250/392 running_loss=0.047003
2026-08-19 18:56:45 | INFO | epoch=026 train_batch=260/392 running_loss=0.047123
2026-08-19 18:56:45 | INFO | epoch=026 train_batch=270/392 running_loss=0.047075
2026-08-19 18:56:45 | INFO | epoch=026 train_batch=280/392 running_loss=0.047044
2026-08-19 18:56:46 | INFO | epoch=026 train_batch=290/392 running_loss=0.046966
2026-08-19 18:56:46 | INFO | epoch=026 train_batch=300/392 running_loss=0.046803
2026-08-19 18:56:46 | INFO | epoch=026 train_batch=310/392 running_loss=0.046850
2026-08-19 18:56:46 | INFO | epoch=026 train_batch=320/392 running_loss=0.046839
2026-08-19 18:56:47 | INFO | epoch=026 train_batch=330/392 running_loss=0.046969
2026-08-19 18:56:47 | INFO | epoch=026 train_batch=340/392 running_loss=0.047046
2026-08-19 18:56:47 | INFO | epoch=026 train_batch=350/392 running_loss=0.047079
2026-08-19 18:56:47 | INFO | epoch=026 train_batch=360/392 running_loss=0.047084
2026-08-19 18:56:48 | INFO | epoch=026 train_batch=370/392 running_loss=0.047017
2026-08-19 18:56:48 | INFO | epoch=026 train_batch=380/392 running_loss=0.046966
2026-08-19 18:56:48 | INFO | epoch=026 train_batch=390/392 running_loss=0.046945
2026-08-19 18:56:48 | INFO | epoch=026 train_batch=392/392 running_loss=0.046921
2026-08-19 18:56:49 | INFO | epoch=026 train_loss=0.046921 validation_loss=0.269161
2026-08-19 18:56:49 | INFO | epoch=027 train_batch=10/392 running_loss=0.044380
2026-08-19 18:56:49 | INFO | epoch=027 train_batch=20/392 running_loss=0.044879
2026-08-19 18:56:50 | INFO | epoch=027 train_batch=30/392 running_loss=0.046043
2026-08-19 18:56:50 | INFO | epoch=027 train_batch=40/392 running_loss=0.045577
2026-08-19 18:56:50 | INFO | epoch=027 train_batch=50/392 running_loss=0.046004
2026-08-19 18:56:50 | INFO | epoch=027 train_batch=60/392 running_loss=0.046037
2026-08-19 18:56:51 | INFO | epoch=027 train_batch=70/392 running_loss=0.045840
2026-08-19 18:56:51 | INFO | epoch=027 train_batch=80/392 running_loss=0.046186
2026-08-19 18:56:51 | INFO | epoch=027 train_batch=90/392 running_loss=0.045909
2026-08-19 18:56:51 | INFO | epoch=027 train_batch=100/392 running_loss=0.046039
2026-08-19 18:56:52 | INFO | epoch=027 train_batch=110/392 running_loss=0.045723
2026-08-19 18:56:52 | INFO | epoch=027 train_batch=120/392 running_loss=0.045704
2026-08-19 18:56:52 | INFO | epoch=027 train_batch=130/392 running_loss=0.046066
2026-08-19 18:56:52 | INFO | epoch=027 train_batch=140/392 running_loss=0.046185
2026-08-19 18:56:53 | INFO | epoch=027 train_batch=150/392 running_loss=0.045999
2026-08-19 18:56:53 | INFO | epoch=027 train_batch=160/392 running_loss=0.045748
2026-08-19 18:56:53 | INFO | epoch=027 train_batch=170/392 running_loss=0.045815
2026-08-19 18:56:53 | INFO | epoch=027 train_batch=180/392 running_loss=0.045764
2026-08-19 18:56:54 | INFO | epoch=027 train_batch=190/392 running_loss=0.045810
2026-08-19 18:56:54 | INFO | epoch=027 train_batch=200/392 running_loss=0.045967
2026-08-19 18:56:54 | INFO | epoch=027 train_batch=210/392 running_loss=0.045868
2026-08-19 18:56:54 | INFO | epoch=027 train_batch=220/392 running_loss=0.045835
2026-08-19 18:56:55 | INFO | epoch=027 train_batch=230/392 running_loss=0.045821
2026-08-19 18:56:55 | INFO | epoch=027 train_batch=240/392 running_loss=0.045792
2026-08-19 18:56:55 | INFO | epoch=027 train_batch=250/392 running_loss=0.045978
2026-08-19 18:56:55 | INFO | epoch=027 train_batch=260/392 running_loss=0.046136
2026-08-19 18:56:56 | INFO | epoch=027 train_batch=270/392 running_loss=0.046172
2026-08-19 18:56:56 | INFO | epoch=027 train_batch=280/392 running_loss=0.046226
2026-08-19 18:56:56 | INFO | epoch=027 train_batch=290/392 running_loss=0.046263
2026-08-19 18:56:56 | INFO | epoch=027 train_batch=300/392 running_loss=0.046271
2026-08-19 18:56:57 | INFO | epoch=027 train_batch=310/392 running_loss=0.046392
2026-08-19 18:56:57 | INFO | epoch=027 train_batch=320/392 running_loss=0.046317
2026-08-19 18:56:57 | INFO | epoch=027 train_batch=330/392 running_loss=0.046317
2026-08-19 18:56:57 | INFO | epoch=027 train_batch=340/392 running_loss=0.046325
2026-08-19 18:56:58 | INFO | epoch=027 train_batch=350/392 running_loss=0.046362
2026-08-19 18:56:58 | INFO | epoch=027 train_batch=360/392 running_loss=0.046346
2026-08-19 18:56:58 | INFO | epoch=027 train_batch=370/392 running_loss=0.046383
2026-08-19 18:56:58 | INFO | epoch=027 train_batch=380/392 running_loss=0.046408
2026-08-19 18:56:59 | INFO | epoch=027 train_batch=390/392 running_loss=0.046378
2026-08-19 18:56:59 | INFO | epoch=027 train_batch=392/392 running_loss=0.046380
2026-08-19 18:56:59 | INFO | epoch=027 train_loss=0.046380 validation_loss=0.270649
2026-08-19 18:57:00 | INFO | epoch=028 train_batch=10/392 running_loss=0.049825
2026-08-19 18:57:00 | INFO | epoch=028 train_batch=20/392 running_loss=0.047917
2026-08-19 18:57:00 | INFO | epoch=028 train_batch=30/392 running_loss=0.045057
2026-08-19 18:57:01 | INFO | epoch=028 train_batch=40/392 running_loss=0.046142
2026-08-19 18:57:01 | INFO | epoch=028 train_batch=50/392 running_loss=0.046000
2026-08-19 18:57:01 | INFO | epoch=028 train_batch=60/392 running_loss=0.046687
2026-08-19 18:57:01 | INFO | epoch=028 train_batch=70/392 running_loss=0.046444
2026-08-19 18:57:02 | INFO | epoch=028 train_batch=80/392 running_loss=0.047024
2026-08-19 18:57:02 | INFO | epoch=028 train_batch=90/392 running_loss=0.047134
2026-08-19 18:57:02 | INFO | epoch=028 train_batch=100/392 running_loss=0.047201
2026-08-19 18:57:02 | INFO | epoch=028 train_batch=110/392 running_loss=0.047018
2026-08-19 18:57:03 | INFO | epoch=028 train_batch=120/392 running_loss=0.046766
2026-08-19 18:57:03 | INFO | epoch=028 train_batch=130/392 running_loss=0.046737
2026-08-19 18:57:03 | INFO | epoch=028 train_batch=140/392 running_loss=0.046802
2026-08-19 18:57:03 | INFO | epoch=028 train_batch=150/392 running_loss=0.046650
2026-08-19 18:57:03 | INFO | epoch=028 train_batch=160/392 running_loss=0.046746
2026-08-19 18:57:04 | INFO | epoch=028 train_batch=170/392 running_loss=0.046617
2026-08-19 18:57:04 | INFO | epoch=028 train_batch=180/392 running_loss=0.046515
2026-08-19 18:57:04 | INFO | epoch=028 train_batch=190/392 running_loss=0.046371
2026-08-19 18:57:04 | INFO | epoch=028 train_batch=200/392 running_loss=0.046192
2026-08-19 18:57:05 | INFO | epoch=028 train_batch=210/392 running_loss=0.046085
2026-08-19 18:57:05 | INFO | epoch=028 train_batch=220/392 running_loss=0.046175
2026-08-19 18:57:05 | INFO | epoch=028 train_batch=230/392 running_loss=0.046034
2026-08-19 18:57:05 | INFO | epoch=028 train_batch=240/392 running_loss=0.046006
2026-08-19 18:57:06 | INFO | epoch=028 train_batch=250/392 running_loss=0.045990
2026-08-19 18:57:06 | INFO | epoch=028 train_batch=260/392 running_loss=0.046122
2026-08-19 18:57:06 | INFO | epoch=028 train_batch=270/392 running_loss=0.046144
2026-08-19 18:57:06 | INFO | epoch=028 train_batch=280/392 running_loss=0.046095
2026-08-19 18:57:07 | INFO | epoch=028 train_batch=290/392 running_loss=0.046024
2026-08-19 18:57:07 | INFO | epoch=028 train_batch=300/392 running_loss=0.046097
2026-08-19 18:57:07 | INFO | epoch=028 train_batch=310/392 running_loss=0.046204
2026-08-19 18:57:07 | INFO | epoch=028 train_batch=320/392 running_loss=0.046330
2026-08-19 18:57:08 | INFO | epoch=028 train_batch=330/392 running_loss=0.046324
2026-08-19 18:57:08 | INFO | epoch=028 train_batch=340/392 running_loss=0.046410
2026-08-19 18:57:08 | INFO | epoch=028 train_batch=350/392 running_loss=0.046309
2026-08-19 18:57:08 | INFO | epoch=028 train_batch=360/392 running_loss=0.046289
2026-08-19 18:57:09 | INFO | epoch=028 train_batch=370/392 running_loss=0.046283
2026-08-19 18:57:09 | INFO | epoch=028 train_batch=380/392 running_loss=0.046238
2026-08-19 18:57:09 | INFO | epoch=028 train_batch=390/392 running_loss=0.046184
2026-08-19 18:57:09 | INFO | epoch=028 train_batch=392/392 running_loss=0.046141
2026-08-19 18:57:10 | INFO | epoch=028 train_loss=0.046141 validation_loss=0.268331
2026-08-19 18:57:10 | INFO | epoch=029 train_batch=10/392 running_loss=0.046892
2026-08-19 18:57:10 | INFO | epoch=029 train_batch=20/392 running_loss=0.047265
2026-08-19 18:57:11 | INFO | epoch=029 train_batch=30/392 running_loss=0.045153
2026-08-19 18:57:11 | INFO | epoch=029 train_batch=40/392 running_loss=0.044643
2026-08-19 18:57:11 | INFO | epoch=029 train_batch=50/392 running_loss=0.043918
2026-08-19 18:57:11 | INFO | epoch=029 train_batch=60/392 running_loss=0.043922
2026-08-19 18:57:12 | INFO | epoch=029 train_batch=70/392 running_loss=0.044291
2026-08-19 18:57:12 | INFO | epoch=029 train_batch=80/392 running_loss=0.044763
2026-08-19 18:57:12 | INFO | epoch=029 train_batch=90/392 running_loss=0.044669
2026-08-19 18:57:12 | INFO | epoch=029 train_batch=100/392 running_loss=0.044833
2026-08-19 18:57:13 | INFO | epoch=029 train_batch=110/392 running_loss=0.044965
2026-08-19 18:57:13 | INFO | epoch=029 train_batch=120/392 running_loss=0.044732
2026-08-19 18:57:13 | INFO | epoch=029 train_batch=130/392 running_loss=0.044322
2026-08-19 18:57:13 | INFO | epoch=029 train_batch=140/392 running_loss=0.044509
2026-08-19 18:57:13 | INFO | epoch=029 train_batch=150/392 running_loss=0.044512
2026-08-19 18:57:14 | INFO | epoch=029 train_batch=160/392 running_loss=0.044344
2026-08-19 18:57:14 | INFO | epoch=029 train_batch=170/392 running_loss=0.044434
2026-08-19 18:57:14 | INFO | epoch=029 train_batch=180/392 running_loss=0.044455
2026-08-19 18:57:14 | INFO | epoch=029 train_batch=190/392 running_loss=0.044625
2026-08-19 18:57:15 | INFO | epoch=029 train_batch=200/392 running_loss=0.044734
2026-08-19 18:57:15 | INFO | epoch=029 train_batch=210/392 running_loss=0.044741
2026-08-19 18:57:15 | INFO | epoch=029 train_batch=220/392 running_loss=0.044787
2026-08-19 18:57:15 | INFO | epoch=029 train_batch=230/392 running_loss=0.044680
2026-08-19 18:57:16 | INFO | epoch=029 train_batch=240/392 running_loss=0.044685
2026-08-19 18:57:16 | INFO | epoch=029 train_batch=250/392 running_loss=0.044589
2026-08-19 18:57:16 | INFO | epoch=029 train_batch=260/392 running_loss=0.044621
2026-08-19 18:57:16 | INFO | epoch=029 train_batch=270/392 running_loss=0.044650
2026-08-19 18:57:17 | INFO | epoch=029 train_batch=280/392 running_loss=0.044674
2026-08-19 18:57:17 | INFO | epoch=029 train_batch=290/392 running_loss=0.044637
2026-08-19 18:57:17 | INFO | epoch=029 train_batch=300/392 running_loss=0.044647
2026-08-19 18:57:17 | INFO | epoch=029 train_batch=310/392 running_loss=0.044842
2026-08-19 18:57:18 | INFO | epoch=029 train_batch=320/392 running_loss=0.044887
2026-08-19 18:57:18 | INFO | epoch=029 train_batch=330/392 running_loss=0.044960
2026-08-19 18:57:18 | INFO | epoch=029 train_batch=340/392 running_loss=0.045032
2026-08-19 18:57:18 | INFO | epoch=029 train_batch=350/392 running_loss=0.045070
2026-08-19 18:57:19 | INFO | epoch=029 train_batch=360/392 running_loss=0.045014
2026-08-19 18:57:19 | INFO | epoch=029 train_batch=370/392 running_loss=0.045107
2026-08-19 18:57:19 | INFO | epoch=029 train_batch=380/392 running_loss=0.045109
2026-08-19 18:57:19 | INFO | epoch=029 train_batch=390/392 running_loss=0.045166
2026-08-19 18:57:19 | INFO | epoch=029 train_batch=392/392 running_loss=0.045177
2026-08-19 18:57:20 | INFO | epoch=029 train_loss=0.045177 validation_loss=0.266694
2026-08-19 18:57:20 | INFO | epoch=030 train_batch=10/392 running_loss=0.049784
2026-08-19 18:57:21 | INFO | epoch=030 train_batch=20/392 running_loss=0.046711
2026-08-19 18:57:21 | INFO | epoch=030 train_batch=30/392 running_loss=0.044815
2026-08-19 18:57:21 | INFO | epoch=030 train_batch=40/392 running_loss=0.043834
2026-08-19 18:57:21 | INFO | epoch=030 train_batch=50/392 running_loss=0.043105
2026-08-19 18:57:22 | INFO | epoch=030 train_batch=60/392 running_loss=0.043118
2026-08-19 18:57:22 | INFO | epoch=030 train_batch=70/392 running_loss=0.043795
2026-08-19 18:57:22 | INFO | epoch=030 train_batch=80/392 running_loss=0.043735
2026-08-19 18:57:22 | INFO | epoch=030 train_batch=90/392 running_loss=0.044265
2026-08-19 18:57:23 | INFO | epoch=030 train_batch=100/392 running_loss=0.044357
2026-08-19 18:57:23 | INFO | epoch=030 train_batch=110/392 running_loss=0.044018
2026-08-19 18:57:23 | INFO | epoch=030 train_batch=120/392 running_loss=0.044013
2026-08-19 18:57:23 | INFO | epoch=030 train_batch=130/392 running_loss=0.044247
2026-08-19 18:57:23 | INFO | epoch=030 train_batch=140/392 running_loss=0.044218
2026-08-19 18:57:24 | INFO | epoch=030 train_batch=150/392 running_loss=0.044501
2026-08-19 18:57:24 | INFO | epoch=030 train_batch=160/392 running_loss=0.044428
2026-08-19 18:57:24 | INFO | epoch=030 train_batch=170/392 running_loss=0.044436
2026-08-19 18:57:24 | INFO | epoch=030 train_batch=180/392 running_loss=0.044524
2026-08-19 18:57:25 | INFO | epoch=030 train_batch=190/392 running_loss=0.044681
2026-08-19 18:57:25 | INFO | epoch=030 train_batch=200/392 running_loss=0.044824
2026-08-19 18:57:25 | INFO | epoch=030 train_batch=210/392 running_loss=0.044977
2026-08-19 18:57:25 | INFO | epoch=030 train_batch=220/392 running_loss=0.044878
2026-08-19 18:57:26 | INFO | epoch=030 train_batch=230/392 running_loss=0.044899
2026-08-19 18:57:26 | INFO | epoch=030 train_batch=240/392 running_loss=0.044985
2026-08-19 18:57:26 | INFO | epoch=030 train_batch=250/392 running_loss=0.045033
2026-08-19 18:57:26 | INFO | epoch=030 train_batch=260/392 running_loss=0.045087
2026-08-19 18:57:27 | INFO | epoch=030 train_batch=270/392 running_loss=0.045073
2026-08-19 18:57:27 | INFO | epoch=030 train_batch=280/392 running_loss=0.045174
2026-08-19 18:57:27 | INFO | epoch=030 train_batch=290/392 running_loss=0.045225
2026-08-19 18:57:27 | INFO | epoch=030 train_batch=300/392 running_loss=0.045287
2026-08-19 18:57:28 | INFO | epoch=030 train_batch=310/392 running_loss=0.045392
2026-08-19 18:57:28 | INFO | epoch=030 train_batch=320/392 running_loss=0.045523
2026-08-19 18:57:28 | INFO | epoch=030 train_batch=330/392 running_loss=0.045583
2026-08-19 18:57:28 | INFO | epoch=030 train_batch=340/392 running_loss=0.045497
2026-08-19 18:57:29 | INFO | epoch=030 train_batch=350/392 running_loss=0.045403
2026-08-19 18:57:29 | INFO | epoch=030 train_batch=360/392 running_loss=0.045384
2026-08-19 18:57:29 | INFO | epoch=030 train_batch=370/392 running_loss=0.045436
2026-08-19 18:57:29 | INFO | epoch=030 train_batch=380/392 running_loss=0.045434
2026-08-19 18:57:30 | INFO | epoch=030 train_batch=390/392 running_loss=0.045362
2026-08-19 18:57:30 | INFO | epoch=030 train_batch=392/392 running_loss=0.045413
2026-08-19 18:57:30 | INFO | epoch=030 train_loss=0.045413 validation_loss=0.259437
2026-08-19 18:57:30 | INFO | epoch=030 saved new best.pt
2026-08-19 18:57:31 | INFO | epoch=031 train_batch=10/392 running_loss=0.045932
2026-08-19 18:57:31 | INFO | epoch=031 train_batch=20/392 running_loss=0.047096
2026-08-19 18:57:31 | INFO | epoch=031 train_batch=30/392 running_loss=0.046463
2026-08-19 18:57:31 | INFO | epoch=031 train_batch=40/392 running_loss=0.044987
2026-08-19 18:57:32 | INFO | epoch=031 train_batch=50/392 running_loss=0.044664
2026-08-19 18:57:32 | INFO | epoch=031 train_batch=60/392 running_loss=0.044245
2026-08-19 18:57:32 | INFO | epoch=031 train_batch=70/392 running_loss=0.044212
2026-08-19 18:57:32 | INFO | epoch=031 train_batch=80/392 running_loss=0.044272
2026-08-19 18:57:33 | INFO | epoch=031 train_batch=90/392 running_loss=0.044065
2026-08-19 18:57:33 | INFO | epoch=031 train_batch=100/392 running_loss=0.043924
2026-08-19 18:57:33 | INFO | epoch=031 train_batch=110/392 running_loss=0.044061
2026-08-19 18:57:33 | INFO | epoch=031 train_batch=120/392 running_loss=0.044098
2026-08-19 18:57:34 | INFO | epoch=031 train_batch=130/392 running_loss=0.044289
2026-08-19 18:57:34 | INFO | epoch=031 train_batch=140/392 running_loss=0.044273
2026-08-19 18:57:34 | INFO | epoch=031 train_batch=150/392 running_loss=0.044460
2026-08-19 18:57:34 | INFO | epoch=031 train_batch=160/392 running_loss=0.044332
2026-08-19 18:57:35 | INFO | epoch=031 train_batch=170/392 running_loss=0.044399
2026-08-19 18:57:35 | INFO | epoch=031 train_batch=180/392 running_loss=0.044411
2026-08-19 18:57:35 | INFO | epoch=031 train_batch=190/392 running_loss=0.044353
2026-08-19 18:57:35 | INFO | epoch=031 train_batch=200/392 running_loss=0.044372
2026-08-19 18:57:35 | INFO | epoch=031 train_batch=210/392 running_loss=0.044616
2026-08-19 18:57:36 | INFO | epoch=031 train_batch=220/392 running_loss=0.044512
2026-08-19 18:57:36 | INFO | epoch=031 train_batch=230/392 running_loss=0.044468
2026-08-19 18:57:36 | INFO | epoch=031 train_batch=240/392 running_loss=0.044569
2026-08-19 18:57:36 | INFO | epoch=031 train_batch=250/392 running_loss=0.044548
2026-08-19 18:57:37 | INFO | epoch=031 train_batch=260/392 running_loss=0.044568
2026-08-19 18:57:37 | INFO | epoch=031 train_batch=270/392 running_loss=0.044632
2026-08-19 18:57:37 | INFO | epoch=031 train_batch=280/392 running_loss=0.044509
2026-08-19 18:57:37 | INFO | epoch=031 train_batch=290/392 running_loss=0.044491
2026-08-19 18:57:38 | INFO | epoch=031 train_batch=300/392 running_loss=0.044471
2026-08-19 18:57:38 | INFO | epoch=031 train_batch=310/392 running_loss=0.044467
2026-08-19 18:57:38 | INFO | epoch=031 train_batch=320/392 running_loss=0.044517
2026-08-19 18:57:38 | INFO | epoch=031 train_batch=330/392 running_loss=0.044544
2026-08-19 18:57:39 | INFO | epoch=031 train_batch=340/392 running_loss=0.044470
2026-08-19 18:57:39 | INFO | epoch=031 train_batch=350/392 running_loss=0.044541
2026-08-19 18:57:39 | INFO | epoch=031 train_batch=360/392 running_loss=0.044583
2026-08-19 18:57:39 | INFO | epoch=031 train_batch=370/392 running_loss=0.044665
2026-08-19 18:57:40 | INFO | epoch=031 train_batch=380/392 running_loss=0.044686
2026-08-19 18:57:40 | INFO | epoch=031 train_batch=390/392 running_loss=0.044644
2026-08-19 18:57:40 | INFO | epoch=031 train_batch=392/392 running_loss=0.044670
2026-08-19 18:57:41 | INFO | epoch=031 train_loss=0.044670 validation_loss=0.264631
2026-08-19 18:57:41 | INFO | epoch=032 train_batch=10/392 running_loss=0.043914
2026-08-19 18:57:41 | INFO | epoch=032 train_batch=20/392 running_loss=0.047481
2026-08-19 18:57:41 | INFO | epoch=032 train_batch=30/392 running_loss=0.046331
2026-08-19 18:57:42 | INFO | epoch=032 train_batch=40/392 running_loss=0.045018
2026-08-19 18:57:42 | INFO | epoch=032 train_batch=50/392 running_loss=0.044939
2026-08-19 18:57:42 | INFO | epoch=032 train_batch=60/392 running_loss=0.044629
2026-08-19 18:57:42 | INFO | epoch=032 train_batch=70/392 running_loss=0.044446
2026-08-19 18:57:43 | INFO | epoch=032 train_batch=80/392 running_loss=0.044058
2026-08-19 18:57:43 | INFO | epoch=032 train_batch=90/392 running_loss=0.043860
2026-08-19 18:57:43 | INFO | epoch=032 train_batch=100/392 running_loss=0.043881
2026-08-19 18:57:43 | INFO | epoch=032 train_batch=110/392 running_loss=0.044167
2026-08-19 18:57:44 | INFO | epoch=032 train_batch=120/392 running_loss=0.044143
2026-08-19 18:57:44 | INFO | epoch=032 train_batch=130/392 running_loss=0.044110
2026-08-19 18:57:44 | INFO | epoch=032 train_batch=140/392 running_loss=0.044007
2026-08-19 18:57:44 | INFO | epoch=032 train_batch=150/392 running_loss=0.044003
2026-08-19 18:57:44 | INFO | epoch=032 train_batch=160/392 running_loss=0.044300
2026-08-19 18:57:45 | INFO | epoch=032 train_batch=170/392 running_loss=0.044167
2026-08-19 18:57:45 | INFO | epoch=032 train_batch=180/392 running_loss=0.044094
2026-08-19 18:57:45 | INFO | epoch=032 train_batch=190/392 running_loss=0.044000
2026-08-19 18:57:45 | INFO | epoch=032 train_batch=200/392 running_loss=0.044416
2026-08-19 18:57:46 | INFO | epoch=032 train_batch=210/392 running_loss=0.044369
2026-08-19 18:57:46 | INFO | epoch=032 train_batch=220/392 running_loss=0.044284
2026-08-19 18:57:46 | INFO | epoch=032 train_batch=230/392 running_loss=0.044208
2026-08-19 18:57:46 | INFO | epoch=032 train_batch=240/392 running_loss=0.044094
2026-08-19 18:57:47 | INFO | epoch=032 train_batch=250/392 running_loss=0.044190
2026-08-19 18:57:47 | INFO | epoch=032 train_batch=260/392 running_loss=0.044160
2026-08-19 18:57:47 | INFO | epoch=032 train_batch=270/392 running_loss=0.044285
2026-08-19 18:57:47 | INFO | epoch=032 train_batch=280/392 running_loss=0.044196
2026-08-19 18:57:48 | INFO | epoch=032 train_batch=290/392 running_loss=0.044187
2026-08-19 18:57:48 | INFO | epoch=032 train_batch=300/392 running_loss=0.044286
2026-08-19 18:57:48 | INFO | epoch=032 train_batch=310/392 running_loss=0.044204
2026-08-19 18:57:48 | INFO | epoch=032 train_batch=320/392 running_loss=0.044202
2026-08-19 18:57:49 | INFO | epoch=032 train_batch=330/392 running_loss=0.044243
2026-08-19 18:57:49 | INFO | epoch=032 train_batch=340/392 running_loss=0.044195
2026-08-19 18:57:49 | INFO | epoch=032 train_batch=350/392 running_loss=0.044128
2026-08-19 18:57:49 | INFO | epoch=032 train_batch=360/392 running_loss=0.044078
2026-08-19 18:57:50 | INFO | epoch=032 train_batch=370/392 running_loss=0.044074
2026-08-19 18:57:50 | INFO | epoch=032 train_batch=380/392 running_loss=0.044118
2026-08-19 18:57:50 | INFO | epoch=032 train_batch=390/392 running_loss=0.044115
2026-08-19 18:57:50 | INFO | epoch=032 train_batch=392/392 running_loss=0.044136
2026-08-19 18:57:51 | INFO | epoch=032 train_loss=0.044136 validation_loss=0.264087
2026-08-19 18:57:51 | INFO | epoch=033 train_batch=10/392 running_loss=0.044895
2026-08-19 18:57:51 | INFO | epoch=033 train_batch=20/392 running_loss=0.044899
2026-08-19 18:57:52 | INFO | epoch=033 train_batch=30/392 running_loss=0.046032
2026-08-19 18:57:52 | INFO | epoch=033 train_batch=40/392 running_loss=0.045564
2026-08-19 18:57:52 | INFO | epoch=033 train_batch=50/392 running_loss=0.045994
2026-08-19 18:57:52 | INFO | epoch=033 train_batch=60/392 running_loss=0.045650
2026-08-19 18:57:53 | INFO | epoch=033 train_batch=70/392 running_loss=0.045218
2026-08-19 18:57:53 | INFO | epoch=033 train_batch=80/392 running_loss=0.044821
2026-08-19 18:57:53 | INFO | epoch=033 train_batch=90/392 running_loss=0.044726
2026-08-19 18:57:53 | INFO | epoch=033 train_batch=100/392 running_loss=0.044663
2026-08-19 18:57:54 | INFO | epoch=033 train_batch=110/392 running_loss=0.044493
2026-08-19 18:57:54 | INFO | epoch=033 train_batch=120/392 running_loss=0.044254
2026-08-19 18:57:54 | INFO | epoch=033 train_batch=130/392 running_loss=0.044357
2026-08-19 18:57:54 | INFO | epoch=033 train_batch=140/392 running_loss=0.044342
2026-08-19 18:57:55 | INFO | epoch=033 train_batch=150/392 running_loss=0.044410
2026-08-19 18:57:55 | INFO | epoch=033 train_batch=160/392 running_loss=0.044115
2026-08-19 18:57:55 | INFO | epoch=033 train_batch=170/392 running_loss=0.044375
2026-08-19 18:57:55 | INFO | epoch=033 train_batch=180/392 running_loss=0.044063
2026-08-19 18:57:56 | INFO | epoch=033 train_batch=190/392 running_loss=0.044064
2026-08-19 18:57:56 | INFO | epoch=033 train_batch=200/392 running_loss=0.044032
2026-08-19 18:57:56 | INFO | epoch=033 train_batch=210/392 running_loss=0.044052
2026-08-19 18:57:56 | INFO | epoch=033 train_batch=220/392 running_loss=0.044096
2026-08-19 18:57:56 | INFO | epoch=033 train_batch=230/392 running_loss=0.044175
2026-08-19 18:57:57 | INFO | epoch=033 train_batch=240/392 running_loss=0.044077
2026-08-19 18:57:57 | INFO | epoch=033 train_batch=250/392 running_loss=0.044183
2026-08-19 18:57:57 | INFO | epoch=033 train_batch=260/392 running_loss=0.044022
2026-08-19 18:57:57 | INFO | epoch=033 train_batch=270/392 running_loss=0.043982
2026-08-19 18:57:58 | INFO | epoch=033 train_batch=280/392 running_loss=0.043980
2026-08-19 18:57:58 | INFO | epoch=033 train_batch=290/392 running_loss=0.044096
2026-08-19 18:57:58 | INFO | epoch=033 train_batch=300/392 running_loss=0.044070
2026-08-19 18:57:58 | INFO | epoch=033 train_batch=310/392 running_loss=0.044133
2026-08-19 18:57:59 | INFO | epoch=033 train_batch=320/392 running_loss=0.044124
2026-08-19 18:57:59 | INFO | epoch=033 train_batch=330/392 running_loss=0.044052
2026-08-19 18:57:59 | INFO | epoch=033 train_batch=340/392 running_loss=0.044026
2026-08-19 18:57:59 | INFO | epoch=033 train_batch=350/392 running_loss=0.043940
2026-08-19 18:58:00 | INFO | epoch=033 train_batch=360/392 running_loss=0.043909
2026-08-19 18:58:00 | INFO | epoch=033 train_batch=370/392 running_loss=0.043883
2026-08-19 18:58:00 | INFO | epoch=033 train_batch=380/392 running_loss=0.043812
2026-08-19 18:58:00 | INFO | epoch=033 train_batch=390/392 running_loss=0.043880
2026-08-19 18:58:00 | INFO | epoch=033 train_batch=392/392 running_loss=0.043861
2026-08-19 18:58:01 | INFO | epoch=033 train_loss=0.043861 validation_loss=0.262874
2026-08-19 18:58:01 | INFO | epoch=034 train_batch=10/392 running_loss=0.041738
2026-08-19 18:58:02 | INFO | epoch=034 train_batch=20/392 running_loss=0.043888
2026-08-19 18:58:02 | INFO | epoch=034 train_batch=30/392 running_loss=0.043781
2026-08-19 18:58:02 | INFO | epoch=034 train_batch=40/392 running_loss=0.043811
2026-08-19 18:58:02 | INFO | epoch=034 train_batch=50/392 running_loss=0.042928
2026-08-19 18:58:03 | INFO | epoch=034 train_batch=60/392 running_loss=0.042507
2026-08-19 18:58:03 | INFO | epoch=034 train_batch=70/392 running_loss=0.042574
2026-08-19 18:58:03 | INFO | epoch=034 train_batch=80/392 running_loss=0.042189
2026-08-19 18:58:03 | INFO | epoch=034 train_batch=90/392 running_loss=0.042677
2026-08-19 18:58:04 | INFO | epoch=034 train_batch=100/392 running_loss=0.042752
2026-08-19 18:58:04 | INFO | epoch=034 train_batch=110/392 running_loss=0.042618
2026-08-19 18:58:04 | INFO | epoch=034 train_batch=120/392 running_loss=0.042946
2026-08-19 18:58:04 | INFO | epoch=034 train_batch=130/392 running_loss=0.042915
2026-08-19 18:58:05 | INFO | epoch=034 train_batch=140/392 running_loss=0.043120
2026-08-19 18:58:05 | INFO | epoch=034 train_batch=150/392 running_loss=0.043136
2026-08-19 18:58:05 | INFO | epoch=034 train_batch=160/392 running_loss=0.042908
2026-08-19 18:58:05 | INFO | epoch=034 train_batch=170/392 running_loss=0.042951
2026-08-19 18:58:06 | INFO | epoch=034 train_batch=180/392 running_loss=0.042869
2026-08-19 18:58:06 | INFO | epoch=034 train_batch=190/392 running_loss=0.042788
2026-08-19 18:58:06 | INFO | epoch=034 train_batch=200/392 running_loss=0.042736
2026-08-19 18:58:06 | INFO | epoch=034 train_batch=210/392 running_loss=0.042684
2026-08-19 18:58:07 | INFO | epoch=034 train_batch=220/392 running_loss=0.042820
2026-08-19 18:58:07 | INFO | epoch=034 train_batch=230/392 running_loss=0.042959
2026-08-19 18:58:07 | INFO | epoch=034 train_batch=240/392 running_loss=0.042995
2026-08-19 18:58:07 | INFO | epoch=034 train_batch=250/392 running_loss=0.042999
2026-08-19 18:58:08 | INFO | epoch=034 train_batch=260/392 running_loss=0.043109
2026-08-19 18:58:08 | INFO | epoch=034 train_batch=270/392 running_loss=0.043096
2026-08-19 18:58:08 | INFO | epoch=034 train_batch=280/392 running_loss=0.043214
2026-08-19 18:58:08 | INFO | epoch=034 train_batch=290/392 running_loss=0.043231
2026-08-19 18:58:09 | INFO | epoch=034 train_batch=300/392 running_loss=0.043285
2026-08-19 18:58:09 | INFO | epoch=034 train_batch=310/392 running_loss=0.043286
2026-08-19 18:58:09 | INFO | epoch=034 train_batch=320/392 running_loss=0.043289
2026-08-19 18:58:09 | INFO | epoch=034 train_batch=330/392 running_loss=0.043393
2026-08-19 18:58:10 | INFO | epoch=034 train_batch=340/392 running_loss=0.043486
2026-08-19 18:58:10 | INFO | epoch=034 train_batch=350/392 running_loss=0.043371
2026-08-19 18:58:10 | INFO | epoch=034 train_batch=360/392 running_loss=0.043347
2026-08-19 18:58:10 | INFO | epoch=034 train_batch=370/392 running_loss=0.043335
2026-08-19 18:58:11 | INFO | epoch=034 train_batch=380/392 running_loss=0.043314
2026-08-19 18:58:11 | INFO | epoch=034 train_batch=390/392 running_loss=0.043373
2026-08-19 18:58:11 | INFO | epoch=034 train_batch=392/392 running_loss=0.043410
2026-08-19 18:58:12 | INFO | epoch=034 train_loss=0.043410 validation_loss=0.267311
2026-08-19 18:58:12 | INFO | epoch=035 train_batch=10/392 running_loss=0.039779
2026-08-19 18:58:12 | INFO | epoch=035 train_batch=20/392 running_loss=0.040409
2026-08-19 18:58:12 | INFO | epoch=035 train_batch=30/392 running_loss=0.042168
2026-08-19 18:58:13 | INFO | epoch=035 train_batch=40/392 running_loss=0.041875
2026-08-19 18:58:13 | INFO | epoch=035 train_batch=50/392 running_loss=0.042239
2026-08-19 18:58:13 | INFO | epoch=035 train_batch=60/392 running_loss=0.041953
2026-08-19 18:58:13 | INFO | epoch=035 train_batch=70/392 running_loss=0.041826
2026-08-19 18:58:14 | INFO | epoch=035 train_batch=80/392 running_loss=0.041691
2026-08-19 18:58:14 | INFO | epoch=035 train_batch=90/392 running_loss=0.042032
2026-08-19 18:58:14 | INFO | epoch=035 train_batch=100/392 running_loss=0.042273
2026-08-19 18:58:14 | INFO | epoch=035 train_batch=110/392 running_loss=0.042587
2026-08-19 18:58:15 | INFO | epoch=035 train_batch=120/392 running_loss=0.042533
2026-08-19 18:58:15 | INFO | epoch=035 train_batch=130/392 running_loss=0.042964
2026-08-19 18:58:15 | INFO | epoch=035 train_batch=140/392 running_loss=0.042861
2026-08-19 18:58:15 | INFO | epoch=035 train_batch=150/392 running_loss=0.042874
2026-08-19 18:58:16 | INFO | epoch=035 train_batch=160/392 running_loss=0.042775
2026-08-19 18:58:16 | INFO | epoch=035 train_batch=170/392 running_loss=0.042619
2026-08-19 18:58:16 | INFO | epoch=035 train_batch=180/392 running_loss=0.042499
2026-08-19 18:58:16 | INFO | epoch=035 train_batch=190/392 running_loss=0.042446
2026-08-19 18:58:17 | INFO | epoch=035 train_batch=200/392 running_loss=0.042478
2026-08-19 18:58:17 | INFO | epoch=035 train_batch=210/392 running_loss=0.042570
2026-08-19 18:58:17 | INFO | epoch=035 train_batch=220/392 running_loss=0.042634
2026-08-19 18:58:17 | INFO | epoch=035 train_batch=230/392 running_loss=0.042619
2026-08-19 18:58:18 | INFO | epoch=035 train_batch=240/392 running_loss=0.042810
2026-08-19 18:58:18 | INFO | epoch=035 train_batch=250/392 running_loss=0.042929
2026-08-19 18:58:18 | INFO | epoch=035 train_batch=260/392 running_loss=0.042984
2026-08-19 18:58:18 | INFO | epoch=035 train_batch=270/392 running_loss=0.043027
2026-08-19 18:58:18 | INFO | epoch=035 train_batch=280/392 running_loss=0.042998
2026-08-19 18:58:19 | INFO | epoch=035 train_batch=290/392 running_loss=0.042970
2026-08-19 18:58:19 | INFO | epoch=035 train_batch=300/392 running_loss=0.043013
2026-08-19 18:58:19 | INFO | epoch=035 train_batch=310/392 running_loss=0.043014
2026-08-19 18:58:19 | INFO | epoch=035 train_batch=320/392 running_loss=0.042978
2026-08-19 18:58:20 | INFO | epoch=035 train_batch=330/392 running_loss=0.042975
2026-08-19 18:58:20 | INFO | epoch=035 train_batch=340/392 running_loss=0.042990
2026-08-19 18:58:20 | INFO | epoch=035 train_batch=350/392 running_loss=0.042960
2026-08-19 18:58:20 | INFO | epoch=035 train_batch=360/392 running_loss=0.043004
2026-08-19 18:58:21 | INFO | epoch=035 train_batch=370/392 running_loss=0.043077
2026-08-19 18:58:21 | INFO | epoch=035 train_batch=380/392 running_loss=0.043087
2026-08-19 18:58:21 | INFO | epoch=035 train_batch=390/392 running_loss=0.043141
2026-08-19 18:58:21 | INFO | epoch=035 train_batch=392/392 running_loss=0.043189
2026-08-19 18:58:22 | INFO | epoch=035 train_loss=0.043189 validation_loss=0.266320
2026-08-19 18:58:22 | INFO | epoch=036 train_batch=10/392 running_loss=0.043723
2026-08-19 18:58:22 | INFO | epoch=036 train_batch=20/392 running_loss=0.044207
2026-08-19 18:58:23 | INFO | epoch=036 train_batch=30/392 running_loss=0.043721
2026-08-19 18:58:23 | INFO | epoch=036 train_batch=40/392 running_loss=0.043904
2026-08-19 18:58:23 | INFO | epoch=036 train_batch=50/392 running_loss=0.044416
2026-08-19 18:58:23 | INFO | epoch=036 train_batch=60/392 running_loss=0.044277
2026-08-19 18:58:23 | INFO | epoch=036 train_batch=70/392 running_loss=0.043996
2026-08-19 18:58:24 | INFO | epoch=036 train_batch=80/392 running_loss=0.043889
2026-08-19 18:58:24 | INFO | epoch=036 train_batch=90/392 running_loss=0.043831
2026-08-19 18:58:24 | INFO | epoch=036 train_batch=100/392 running_loss=0.043631
2026-08-19 18:58:24 | INFO | epoch=036 train_batch=110/392 running_loss=0.043323
2026-08-19 18:58:25 | INFO | epoch=036 train_batch=120/392 running_loss=0.042946
2026-08-19 18:58:25 | INFO | epoch=036 train_batch=130/392 running_loss=0.043058
2026-08-19 18:58:25 | INFO | epoch=036 train_batch=140/392 running_loss=0.042894
2026-08-19 18:58:25 | INFO | epoch=036 train_batch=150/392 running_loss=0.042885
2026-08-19 18:58:26 | INFO | epoch=036 train_batch=160/392 running_loss=0.042997
2026-08-19 18:58:26 | INFO | epoch=036 train_batch=170/392 running_loss=0.042844
2026-08-19 18:58:26 | INFO | epoch=036 train_batch=180/392 running_loss=0.042896
2026-08-19 18:58:26 | INFO | epoch=036 train_batch=190/392 running_loss=0.042788
2026-08-19 18:58:27 | INFO | epoch=036 train_batch=200/392 running_loss=0.043007
2026-08-19 18:58:27 | INFO | epoch=036 train_batch=210/392 running_loss=0.042994
2026-08-19 18:58:27 | INFO | epoch=036 train_batch=220/392 running_loss=0.042882
2026-08-19 18:58:27 | INFO | epoch=036 train_batch=230/392 running_loss=0.042863
2026-08-19 18:58:28 | INFO | epoch=036 train_batch=240/392 running_loss=0.042859
2026-08-19 18:58:28 | INFO | epoch=036 train_batch=250/392 running_loss=0.042817
2026-08-19 18:58:28 | INFO | epoch=036 train_batch=260/392 running_loss=0.042752
2026-08-19 18:58:28 | INFO | epoch=036 train_batch=270/392 running_loss=0.042760
2026-08-19 18:58:28 | INFO | epoch=036 train_batch=280/392 running_loss=0.042650
2026-08-19 18:58:29 | INFO | epoch=036 train_batch=290/392 running_loss=0.042749
2026-08-19 18:58:29 | INFO | epoch=036 train_batch=300/392 running_loss=0.042661
2026-08-19 18:58:29 | INFO | epoch=036 train_batch=310/392 running_loss=0.042675
2026-08-19 18:58:29 | INFO | epoch=036 train_batch=320/392 running_loss=0.042646
2026-08-19 18:58:30 | INFO | epoch=036 train_batch=330/392 running_loss=0.042682
2026-08-19 18:58:30 | INFO | epoch=036 train_batch=340/392 running_loss=0.042632
2026-08-19 18:58:30 | INFO | epoch=036 train_batch=350/392 running_loss=0.042733
2026-08-19 18:58:30 | INFO | epoch=036 train_batch=360/392 running_loss=0.042723
2026-08-19 18:58:31 | INFO | epoch=036 train_batch=370/392 running_loss=0.042733
2026-08-19 18:58:31 | INFO | epoch=036 train_batch=380/392 running_loss=0.042717
2026-08-19 18:58:31 | INFO | epoch=036 train_batch=390/392 running_loss=0.042707
2026-08-19 18:58:31 | INFO | epoch=036 train_batch=392/392 running_loss=0.042675
2026-08-19 18:58:32 | INFO | epoch=036 train_loss=0.042675 validation_loss=0.270177
2026-08-19 18:58:32 | INFO | epoch=037 train_batch=10/392 running_loss=0.041430
2026-08-19 18:58:32 | INFO | epoch=037 train_batch=20/392 running_loss=0.040888
2026-08-19 18:58:33 | INFO | epoch=037 train_batch=30/392 running_loss=0.041737
2026-08-19 18:58:33 | INFO | epoch=037 train_batch=40/392 running_loss=0.042012
2026-08-19 18:58:33 | INFO | epoch=037 train_batch=50/392 running_loss=0.041481
2026-08-19 18:58:33 | INFO | epoch=037 train_batch=60/392 running_loss=0.041606
2026-08-19 18:58:34 | INFO | epoch=037 train_batch=70/392 running_loss=0.041826
2026-08-19 18:58:34 | INFO | epoch=037 train_batch=80/392 running_loss=0.041305
2026-08-19 18:58:34 | INFO | epoch=037 train_batch=90/392 running_loss=0.041880
2026-08-19 18:58:34 | INFO | epoch=037 train_batch=100/392 running_loss=0.042081
2026-08-19 18:58:35 | INFO | epoch=037 train_batch=110/392 running_loss=0.042133
2026-08-19 18:58:35 | INFO | epoch=037 train_batch=120/392 running_loss=0.042411
2026-08-19 18:58:35 | INFO | epoch=037 train_batch=130/392 running_loss=0.042431
2026-08-19 18:58:35 | INFO | epoch=037 train_batch=140/392 running_loss=0.042317
2026-08-19 18:58:35 | INFO | epoch=037 train_batch=150/392 running_loss=0.042376
2026-08-19 18:58:36 | INFO | epoch=037 train_batch=160/392 running_loss=0.042302
2026-08-19 18:58:36 | INFO | epoch=037 train_batch=170/392 running_loss=0.042408
2026-08-19 18:58:36 | INFO | epoch=037 train_batch=180/392 running_loss=0.042398
2026-08-19 18:58:36 | INFO | epoch=037 train_batch=190/392 running_loss=0.042342
2026-08-19 18:58:37 | INFO | epoch=037 train_batch=200/392 running_loss=0.042203
2026-08-19 18:58:37 | INFO | epoch=037 train_batch=210/392 running_loss=0.042284
2026-08-19 18:58:37 | INFO | epoch=037 train_batch=220/392 running_loss=0.042233
2026-08-19 18:58:37 | INFO | epoch=037 train_batch=230/392 running_loss=0.042209
2026-08-19 18:58:38 | INFO | epoch=037 train_batch=240/392 running_loss=0.042290
2026-08-19 18:58:38 | INFO | epoch=037 train_batch=250/392 running_loss=0.042342
2026-08-19 18:58:38 | INFO | epoch=037 train_batch=260/392 running_loss=0.042364
2026-08-19 18:58:38 | INFO | epoch=037 train_batch=270/392 running_loss=0.042449
2026-08-19 18:58:39 | INFO | epoch=037 train_batch=280/392 running_loss=0.042332
2026-08-19 18:58:39 | INFO | epoch=037 train_batch=290/392 running_loss=0.042275
2026-08-19 18:58:39 | INFO | epoch=037 train_batch=300/392 running_loss=0.042262
2026-08-19 18:58:39 | INFO | epoch=037 train_batch=310/392 running_loss=0.042238
2026-08-19 18:58:40 | INFO | epoch=037 train_batch=320/392 running_loss=0.042156
2026-08-19 18:58:40 | INFO | epoch=037 train_batch=330/392 running_loss=0.042142
2026-08-19 18:58:40 | INFO | epoch=037 train_batch=340/392 running_loss=0.042225
2026-08-19 18:58:40 | INFO | epoch=037 train_batch=350/392 running_loss=0.042178
2026-08-19 18:58:40 | INFO | epoch=037 train_batch=360/392 running_loss=0.042146
2026-08-19 18:58:41 | INFO | epoch=037 train_batch=370/392 running_loss=0.042182
2026-08-19 18:58:41 | INFO | epoch=037 train_batch=380/392 running_loss=0.042252
2026-08-19 18:58:41 | INFO | epoch=037 train_batch=390/392 running_loss=0.042373
2026-08-19 18:58:41 | INFO | epoch=037 train_batch=392/392 running_loss=0.042383
2026-08-19 18:58:42 | INFO | epoch=037 train_loss=0.042383 validation_loss=0.268971
2026-08-19 18:58:42 | INFO | epoch=038 train_batch=10/392 running_loss=0.043008
2026-08-19 18:58:42 | INFO | epoch=038 train_batch=20/392 running_loss=0.041986
2026-08-19 18:58:43 | INFO | epoch=038 train_batch=30/392 running_loss=0.041738
2026-08-19 18:58:43 | INFO | epoch=038 train_batch=40/392 running_loss=0.042206
2026-08-19 18:58:43 | INFO | epoch=038 train_batch=50/392 running_loss=0.042270
2026-08-19 18:58:43 | INFO | epoch=038 train_batch=60/392 running_loss=0.041878
2026-08-19 18:58:44 | INFO | epoch=038 train_batch=70/392 running_loss=0.041903
2026-08-19 18:58:44 | INFO | epoch=038 train_batch=80/392 running_loss=0.041906
2026-08-19 18:58:44 | INFO | epoch=038 train_batch=90/392 running_loss=0.041959
2026-08-19 18:58:44 | INFO | epoch=038 train_batch=100/392 running_loss=0.042174
2026-08-19 18:58:45 | INFO | epoch=038 train_batch=110/392 running_loss=0.041951
2026-08-19 18:58:45 | INFO | epoch=038 train_batch=120/392 running_loss=0.041950
2026-08-19 18:58:45 | INFO | epoch=038 train_batch=130/392 running_loss=0.041976
2026-08-19 18:58:45 | INFO | epoch=038 train_batch=140/392 running_loss=0.041857
2026-08-19 18:58:46 | INFO | epoch=038 train_batch=150/392 running_loss=0.041928
2026-08-19 18:58:46 | INFO | epoch=038 train_batch=160/392 running_loss=0.041959
2026-08-19 18:58:46 | INFO | epoch=038 train_batch=170/392 running_loss=0.042175
2026-08-19 18:58:46 | INFO | epoch=038 train_batch=180/392 running_loss=0.042011
2026-08-19 18:58:46 | INFO | epoch=038 train_batch=190/392 running_loss=0.042048
2026-08-19 18:58:47 | INFO | epoch=038 train_batch=200/392 running_loss=0.042026
2026-08-19 18:58:47 | INFO | epoch=038 train_batch=210/392 running_loss=0.041957
2026-08-19 18:58:47 | INFO | epoch=038 train_batch=220/392 running_loss=0.042079
2026-08-19 18:58:47 | INFO | epoch=038 train_batch=230/392 running_loss=0.042096
2026-08-19 18:58:48 | INFO | epoch=038 train_batch=240/392 running_loss=0.042309
2026-08-19 18:58:48 | INFO | epoch=038 train_batch=250/392 running_loss=0.042278
2026-08-19 18:58:48 | INFO | epoch=038 train_batch=260/392 running_loss=0.042284
2026-08-19 18:58:48 | INFO | epoch=038 train_batch=270/392 running_loss=0.042232
2026-08-19 18:58:49 | INFO | epoch=038 train_batch=280/392 running_loss=0.042251
2026-08-19 18:58:49 | INFO | epoch=038 train_batch=290/392 running_loss=0.042166
2026-08-19 18:58:49 | INFO | epoch=038 train_batch=300/392 running_loss=0.042074
2026-08-19 18:58:49 | INFO | epoch=038 train_batch=310/392 running_loss=0.042150
2026-08-19 18:58:50 | INFO | epoch=038 train_batch=320/392 running_loss=0.042095
2026-08-19 18:58:50 | INFO | epoch=038 train_batch=330/392 running_loss=0.042128
2026-08-19 18:58:50 | INFO | epoch=038 train_batch=340/392 running_loss=0.042121
2026-08-19 18:58:50 | INFO | epoch=038 train_batch=350/392 running_loss=0.042062
2026-08-19 18:58:51 | INFO | epoch=038 train_batch=360/392 running_loss=0.042098
2026-08-19 18:58:51 | INFO | epoch=038 train_batch=370/392 running_loss=0.042152
2026-08-19 18:58:51 | INFO | epoch=038 train_batch=380/392 running_loss=0.042054
2026-08-19 18:58:51 | INFO | epoch=038 train_batch=390/392 running_loss=0.042164
2026-08-19 18:58:51 | INFO | epoch=038 train_batch=392/392 running_loss=0.042185
2026-08-19 18:58:52 | INFO | epoch=038 train_loss=0.042185 validation_loss=0.270106
2026-08-19 18:58:52 | INFO | epoch=039 train_batch=10/392 running_loss=0.041649
2026-08-19 18:58:52 | INFO | epoch=039 train_batch=20/392 running_loss=0.041362
2026-08-19 18:58:53 | INFO | epoch=039 train_batch=30/392 running_loss=0.042067
2026-08-19 18:58:53 | INFO | epoch=039 train_batch=40/392 running_loss=0.041643
2026-08-19 18:58:53 | INFO | epoch=039 train_batch=50/392 running_loss=0.041843
2026-08-19 18:58:53 | INFO | epoch=039 train_batch=60/392 running_loss=0.041643
2026-08-19 18:58:54 | INFO | epoch=039 train_batch=70/392 running_loss=0.041443
2026-08-19 18:58:54 | INFO | epoch=039 train_batch=80/392 running_loss=0.041745
2026-08-19 18:58:54 | INFO | epoch=039 train_batch=90/392 running_loss=0.041959
2026-08-19 18:58:54 | INFO | epoch=039 train_batch=100/392 running_loss=0.041947
2026-08-19 18:58:55 | INFO | epoch=039 train_batch=110/392 running_loss=0.041595
2026-08-19 18:58:55 | INFO | epoch=039 train_batch=120/392 running_loss=0.041706
2026-08-19 18:58:55 | INFO | epoch=039 train_batch=130/392 running_loss=0.041606
2026-08-19 18:58:55 | INFO | epoch=039 train_batch=140/392 running_loss=0.041530
2026-08-19 18:58:55 | INFO | epoch=039 train_batch=150/392 running_loss=0.041246
2026-08-19 18:58:56 | INFO | epoch=039 train_batch=160/392 running_loss=0.041269
2026-08-19 18:58:56 | INFO | epoch=039 train_batch=170/392 running_loss=0.041477
2026-08-19 18:58:56 | INFO | epoch=039 train_batch=180/392 running_loss=0.041470
2026-08-19 18:58:56 | INFO | epoch=039 train_batch=190/392 running_loss=0.041460
2026-08-19 18:58:57 | INFO | epoch=039 train_batch=200/392 running_loss=0.041516
2026-08-19 18:58:57 | INFO | epoch=039 train_batch=210/392 running_loss=0.041675
2026-08-19 18:58:57 | INFO | epoch=039 train_batch=220/392 running_loss=0.041648
2026-08-19 18:58:57 | INFO | epoch=039 train_batch=230/392 running_loss=0.041506
2026-08-19 18:58:58 | INFO | epoch=039 train_batch=240/392 running_loss=0.041513
2026-08-19 18:58:58 | INFO | epoch=039 train_batch=250/392 running_loss=0.041535
2026-08-19 18:58:58 | INFO | epoch=039 train_batch=260/392 running_loss=0.041610
2026-08-19 18:58:58 | INFO | epoch=039 train_batch=270/392 running_loss=0.041796
2026-08-19 18:58:58 | INFO | epoch=039 train_batch=280/392 running_loss=0.041769
2026-08-19 18:58:59 | INFO | epoch=039 train_batch=290/392 running_loss=0.041768
2026-08-19 18:58:59 | INFO | epoch=039 train_batch=300/392 running_loss=0.041805
2026-08-19 18:58:59 | INFO | epoch=039 train_batch=310/392 running_loss=0.041749
2026-08-19 18:58:59 | INFO | epoch=039 train_batch=320/392 running_loss=0.041796
2026-08-19 18:59:00 | INFO | epoch=039 train_batch=330/392 running_loss=0.041769
2026-08-19 18:59:00 | INFO | epoch=039 train_batch=340/392 running_loss=0.041789
2026-08-19 18:59:00 | INFO | epoch=039 train_batch=350/392 running_loss=0.041841
2026-08-19 18:59:00 | INFO | epoch=039 train_batch=360/392 running_loss=0.041823
2026-08-19 18:59:01 | INFO | epoch=039 train_batch=370/392 running_loss=0.041821
2026-08-19 18:59:01 | INFO | epoch=039 train_batch=380/392 running_loss=0.041785
2026-08-19 18:59:01 | INFO | epoch=039 train_batch=390/392 running_loss=0.041806
2026-08-19 18:59:01 | INFO | epoch=039 train_batch=392/392 running_loss=0.041807
2026-08-19 18:59:02 | INFO | epoch=039 train_loss=0.041807 validation_loss=0.264952
2026-08-19 18:59:02 | INFO | epoch=040 train_batch=10/392 running_loss=0.039784
2026-08-19 18:59:03 | INFO | epoch=040 train_batch=20/392 running_loss=0.039267
2026-08-19 18:59:03 | INFO | epoch=040 train_batch=30/392 running_loss=0.040042
2026-08-19 18:59:03 | INFO | epoch=040 train_batch=40/392 running_loss=0.040659
2026-08-19 18:59:03 | INFO | epoch=040 train_batch=50/392 running_loss=0.040940
2026-08-19 18:59:03 | INFO | epoch=040 train_batch=60/392 running_loss=0.041106
2026-08-19 18:59:04 | INFO | epoch=040 train_batch=70/392 running_loss=0.041194
2026-08-19 18:59:04 | INFO | epoch=040 train_batch=80/392 running_loss=0.041553
2026-08-19 18:59:04 | INFO | epoch=040 train_batch=90/392 running_loss=0.041359
2026-08-19 18:59:04 | INFO | epoch=040 train_batch=100/392 running_loss=0.041252
2026-08-19 18:59:05 | INFO | epoch=040 train_batch=110/392 running_loss=0.041801
2026-08-19 18:59:05 | INFO | epoch=040 train_batch=120/392 running_loss=0.041550
2026-08-19 18:59:05 | INFO | epoch=040 train_batch=130/392 running_loss=0.041495
2026-08-19 18:59:05 | INFO | epoch=040 train_batch=140/392 running_loss=0.041231
2026-08-19 18:59:06 | INFO | epoch=040 train_batch=150/392 running_loss=0.041034
2026-08-19 18:59:06 | INFO | epoch=040 train_batch=160/392 running_loss=0.041051
2026-08-19 18:59:06 | INFO | epoch=040 train_batch=170/392 running_loss=0.040855
2026-08-19 18:59:06 | INFO | epoch=040 train_batch=180/392 running_loss=0.040731
2026-08-19 18:59:07 | INFO | epoch=040 train_batch=190/392 running_loss=0.040820
2026-08-19 18:59:07 | INFO | epoch=040 train_batch=200/392 running_loss=0.040867
2026-08-19 18:59:07 | INFO | epoch=040 train_batch=210/392 running_loss=0.040845
2026-08-19 18:59:07 | INFO | epoch=040 train_batch=220/392 running_loss=0.040738
2026-08-19 18:59:08 | INFO | epoch=040 train_batch=230/392 running_loss=0.040843
2026-08-19 18:59:08 | INFO | epoch=040 train_batch=240/392 running_loss=0.040760
2026-08-19 18:59:08 | INFO | epoch=040 train_batch=250/392 running_loss=0.040773
2026-08-19 18:59:08 | INFO | epoch=040 train_batch=260/392 running_loss=0.040879
2026-08-19 18:59:09 | INFO | epoch=040 train_batch=270/392 running_loss=0.040860
2026-08-19 18:59:09 | INFO | epoch=040 train_batch=280/392 running_loss=0.040825
2026-08-19 18:59:09 | INFO | epoch=040 train_batch=290/392 running_loss=0.040999
2026-08-19 18:59:09 | INFO | epoch=040 train_batch=300/392 running_loss=0.041172
2026-08-19 18:59:10 | INFO | epoch=040 train_batch=310/392 running_loss=0.041206
2026-08-19 18:59:10 | INFO | epoch=040 train_batch=320/392 running_loss=0.041140
2026-08-19 18:59:10 | INFO | epoch=040 train_batch=330/392 running_loss=0.041143
2026-08-19 18:59:10 | INFO | epoch=040 train_batch=340/392 running_loss=0.041088
2026-08-19 18:59:11 | INFO | epoch=040 train_batch=350/392 running_loss=0.041171
2026-08-19 18:59:11 | INFO | epoch=040 train_batch=360/392 running_loss=0.041312
2026-08-19 18:59:11 | INFO | epoch=040 train_batch=370/392 running_loss=0.041373
2026-08-19 18:59:11 | INFO | epoch=040 train_batch=380/392 running_loss=0.041407
2026-08-19 18:59:12 | INFO | epoch=040 train_batch=390/392 running_loss=0.041490
2026-08-19 18:59:12 | INFO | epoch=040 train_batch=392/392 running_loss=0.041470
2026-08-19 18:59:12 | INFO | epoch=040 train_loss=0.041470 validation_loss=0.268646
2026-08-19 18:59:13 | INFO | epoch=041 train_batch=10/392 running_loss=0.043377
2026-08-19 18:59:13 | INFO | epoch=041 train_batch=20/392 running_loss=0.041095
2026-08-19 18:59:13 | INFO | epoch=041 train_batch=30/392 running_loss=0.041407
2026-08-19 18:59:13 | INFO | epoch=041 train_batch=40/392 running_loss=0.041544
2026-08-19 18:59:14 | INFO | epoch=041 train_batch=50/392 running_loss=0.041099
2026-08-19 18:59:14 | INFO | epoch=041 train_batch=60/392 running_loss=0.041344
2026-08-19 18:59:14 | INFO | epoch=041 train_batch=70/392 running_loss=0.041549
2026-08-19 18:59:14 | INFO | epoch=041 train_batch=80/392 running_loss=0.041185
2026-08-19 18:59:15 | INFO | epoch=041 train_batch=90/392 running_loss=0.041023
2026-08-19 18:59:15 | INFO | epoch=041 train_batch=100/392 running_loss=0.041098
2026-08-19 18:59:15 | INFO | epoch=041 train_batch=110/392 running_loss=0.041346
2026-08-19 18:59:15 | INFO | epoch=041 train_batch=120/392 running_loss=0.041696
2026-08-19 18:59:15 | INFO | epoch=041 train_batch=130/392 running_loss=0.041428
2026-08-19 18:59:16 | INFO | epoch=041 train_batch=140/392 running_loss=0.041581
2026-08-19 18:59:16 | INFO | epoch=041 train_batch=150/392 running_loss=0.041733
2026-08-19 18:59:16 | INFO | epoch=041 train_batch=160/392 running_loss=0.041829
2026-08-19 18:59:16 | INFO | epoch=041 train_batch=170/392 running_loss=0.042002
2026-08-19 18:59:17 | INFO | epoch=041 train_batch=180/392 running_loss=0.041611
2026-08-19 18:59:17 | INFO | epoch=041 train_batch=190/392 running_loss=0.041476
2026-08-19 18:59:17 | INFO | epoch=041 train_batch=200/392 running_loss=0.041397
2026-08-19 18:59:17 | INFO | epoch=041 train_batch=210/392 running_loss=0.041361
2026-08-19 18:59:18 | INFO | epoch=041 train_batch=220/392 running_loss=0.041310
2026-08-19 18:59:18 | INFO | epoch=041 train_batch=230/392 running_loss=0.041334
2026-08-19 18:59:18 | INFO | epoch=041 train_batch=240/392 running_loss=0.041239
2026-08-19 18:59:18 | INFO | epoch=041 train_batch=250/392 running_loss=0.041384
2026-08-19 18:59:19 | INFO | epoch=041 train_batch=260/392 running_loss=0.041457
2026-08-19 18:59:19 | INFO | epoch=041 train_batch=270/392 running_loss=0.041381
2026-08-19 18:59:19 | INFO | epoch=041 train_batch=280/392 running_loss=0.041265
2026-08-19 18:59:19 | INFO | epoch=041 train_batch=290/392 running_loss=0.041315
2026-08-19 18:59:20 | INFO | epoch=041 train_batch=300/392 running_loss=0.041299
2026-08-19 18:59:20 | INFO | epoch=041 train_batch=310/392 running_loss=0.041291
2026-08-19 18:59:20 | INFO | epoch=041 train_batch=320/392 running_loss=0.041172
2026-08-19 18:59:20 | INFO | epoch=041 train_batch=330/392 running_loss=0.041216
2026-08-19 18:59:21 | INFO | epoch=041 train_batch=340/392 running_loss=0.041242
2026-08-19 18:59:21 | INFO | epoch=041 train_batch=350/392 running_loss=0.041217
2026-08-19 18:59:21 | INFO | epoch=041 train_batch=360/392 running_loss=0.041227
2026-08-19 18:59:21 | INFO | epoch=041 train_batch=370/392 running_loss=0.041214
2026-08-19 18:59:22 | INFO | epoch=041 train_batch=380/392 running_loss=0.041172
2026-08-19 18:59:22 | INFO | epoch=041 train_batch=390/392 running_loss=0.041172
2026-08-19 18:59:22 | INFO | epoch=041 train_batch=392/392 running_loss=0.041200
2026-08-19 18:59:23 | INFO | epoch=041 train_loss=0.041200 validation_loss=0.262247
2026-08-19 18:59:23 | INFO | epoch=042 train_batch=10/392 running_loss=0.041544
2026-08-19 18:59:23 | INFO | epoch=042 train_batch=20/392 running_loss=0.041651
2026-08-19 18:59:23 | INFO | epoch=042 train_batch=30/392 running_loss=0.042260
2026-08-19 18:59:24 | INFO | epoch=042 train_batch=40/392 running_loss=0.041562
2026-08-19 18:59:24 | INFO | epoch=042 train_batch=50/392 running_loss=0.041915
2026-08-19 18:59:24 | INFO | epoch=042 train_batch=60/392 running_loss=0.041115
2026-08-19 18:59:24 | INFO | epoch=042 train_batch=70/392 running_loss=0.041207
2026-08-19 18:59:25 | INFO | epoch=042 train_batch=80/392 running_loss=0.041417
2026-08-19 18:59:25 | INFO | epoch=042 train_batch=90/392 running_loss=0.041442
2026-08-19 18:59:25 | INFO | epoch=042 train_batch=100/392 running_loss=0.041178
2026-08-19 18:59:25 | INFO | epoch=042 train_batch=110/392 running_loss=0.041409
2026-08-19 18:59:26 | INFO | epoch=042 train_batch=120/392 running_loss=0.041703
2026-08-19 18:59:26 | INFO | epoch=042 train_batch=130/392 running_loss=0.041527
2026-08-19 18:59:26 | INFO | epoch=042 train_batch=140/392 running_loss=0.041378
2026-08-19 18:59:26 | INFO | epoch=042 train_batch=150/392 running_loss=0.041471
2026-08-19 18:59:26 | INFO | epoch=042 train_batch=160/392 running_loss=0.041326
2026-08-19 18:59:27 | INFO | epoch=042 train_batch=170/392 running_loss=0.041294
2026-08-19 18:59:27 | INFO | epoch=042 train_batch=180/392 running_loss=0.041199
2026-08-19 18:59:27 | INFO | epoch=042 train_batch=190/392 running_loss=0.041028
2026-08-19 18:59:27 | INFO | epoch=042 train_batch=200/392 running_loss=0.041050
2026-08-19 18:59:28 | INFO | epoch=042 train_batch=210/392 running_loss=0.041051
2026-08-19 18:59:28 | INFO | epoch=042 train_batch=220/392 running_loss=0.041006
2026-08-19 18:59:28 | INFO | epoch=042 train_batch=230/392 running_loss=0.041113
2026-08-19 18:59:28 | INFO | epoch=042 train_batch=240/392 running_loss=0.041095
2026-08-19 18:59:29 | INFO | epoch=042 train_batch=250/392 running_loss=0.041089
2026-08-19 18:59:29 | INFO | epoch=042 train_batch=260/392 running_loss=0.041015
2026-08-19 18:59:29 | INFO | epoch=042 train_batch=270/392 running_loss=0.040952
2026-08-19 18:59:29 | INFO | epoch=042 train_batch=280/392 running_loss=0.041036
2026-08-19 18:59:30 | INFO | epoch=042 train_batch=290/392 running_loss=0.041083
2026-08-19 18:59:30 | INFO | epoch=042 train_batch=300/392 running_loss=0.041134
2026-08-19 18:59:30 | INFO | epoch=042 train_batch=310/392 running_loss=0.041148
2026-08-19 18:59:30 | INFO | epoch=042 train_batch=320/392 running_loss=0.041199
2026-08-19 18:59:31 | INFO | epoch=042 train_batch=330/392 running_loss=0.041222
2026-08-19 18:59:31 | INFO | epoch=042 train_batch=340/392 running_loss=0.041221
2026-08-19 18:59:31 | INFO | epoch=042 train_batch=350/392 running_loss=0.041298
2026-08-19 18:59:31 | INFO | epoch=042 train_batch=360/392 running_loss=0.041242
2026-08-19 18:59:32 | INFO | epoch=042 train_batch=370/392 running_loss=0.041249
2026-08-19 18:59:32 | INFO | epoch=042 train_batch=380/392 running_loss=0.041225
2026-08-19 18:59:32 | INFO | epoch=042 train_batch=390/392 running_loss=0.041224
2026-08-19 18:59:32 | INFO | epoch=042 train_batch=392/392 running_loss=0.041239
2026-08-19 18:59:33 | INFO | epoch=042 train_loss=0.041239 validation_loss=0.265526
2026-08-19 18:59:33 | INFO | epoch=043 train_batch=10/392 running_loss=0.041395
2026-08-19 18:59:33 | INFO | epoch=043 train_batch=20/392 running_loss=0.041162
2026-08-19 18:59:34 | INFO | epoch=043 train_batch=30/392 running_loss=0.040553
2026-08-19 18:59:34 | INFO | epoch=043 train_batch=40/392 running_loss=0.039938
2026-08-19 18:59:34 | INFO | epoch=043 train_batch=50/392 running_loss=0.040072
2026-08-19 18:59:34 | INFO | epoch=043 train_batch=60/392 running_loss=0.040410
2026-08-19 18:59:35 | INFO | epoch=043 train_batch=70/392 running_loss=0.040426
2026-08-19 18:59:35 | INFO | epoch=043 train_batch=80/392 running_loss=0.040873
2026-08-19 18:59:35 | INFO | epoch=043 train_batch=90/392 running_loss=0.040872
2026-08-19 18:59:35 | INFO | epoch=043 train_batch=100/392 running_loss=0.041043
2026-08-19 18:59:35 | INFO | epoch=043 train_batch=110/392 running_loss=0.041163
2026-08-19 18:59:36 | INFO | epoch=043 train_batch=120/392 running_loss=0.041121
2026-08-19 18:59:36 | INFO | epoch=043 train_batch=130/392 running_loss=0.041236
2026-08-19 18:59:36 | INFO | epoch=043 train_batch=140/392 running_loss=0.041427
2026-08-19 18:59:36 | INFO | epoch=043 train_batch=150/392 running_loss=0.041371
2026-08-19 18:59:37 | INFO | epoch=043 train_batch=160/392 running_loss=0.041326
2026-08-19 18:59:37 | INFO | epoch=043 train_batch=170/392 running_loss=0.041217
2026-08-19 18:59:37 | INFO | epoch=043 train_batch=180/392 running_loss=0.041141
2026-08-19 18:59:37 | INFO | epoch=043 train_batch=190/392 running_loss=0.041218
2026-08-19 18:59:38 | INFO | epoch=043 train_batch=200/392 running_loss=0.041132
2026-08-19 18:59:38 | INFO | epoch=043 train_batch=210/392 running_loss=0.041027
2026-08-19 18:59:38 | INFO | epoch=043 train_batch=220/392 running_loss=0.040964
2026-08-19 18:59:38 | INFO | epoch=043 train_batch=230/392 running_loss=0.040778
2026-08-19 18:59:39 | INFO | epoch=043 train_batch=240/392 running_loss=0.040750
2026-08-19 18:59:39 | INFO | epoch=043 train_batch=250/392 running_loss=0.040818
2026-08-19 18:59:39 | INFO | epoch=043 train_batch=260/392 running_loss=0.040765
2026-08-19 18:59:39 | INFO | epoch=043 train_batch=270/392 running_loss=0.040672
2026-08-19 18:59:40 | INFO | epoch=043 train_batch=280/392 running_loss=0.040676
2026-08-19 18:59:40 | INFO | epoch=043 train_batch=290/392 running_loss=0.040757
2026-08-19 18:59:40 | INFO | epoch=043 train_batch=300/392 running_loss=0.040715
2026-08-19 18:59:40 | INFO | epoch=043 train_batch=310/392 running_loss=0.040611
2026-08-19 18:59:41 | INFO | epoch=043 train_batch=320/392 running_loss=0.040604
2026-08-19 18:59:41 | INFO | epoch=043 train_batch=330/392 running_loss=0.040560
2026-08-19 18:59:41 | INFO | epoch=043 train_batch=340/392 running_loss=0.040584
2026-08-19 18:59:41 | INFO | epoch=043 train_batch=350/392 running_loss=0.040591
2026-08-19 18:59:42 | INFO | epoch=043 train_batch=360/392 running_loss=0.040538
2026-08-19 18:59:42 | INFO | epoch=043 train_batch=370/392 running_loss=0.040620
2026-08-19 18:59:42 | INFO | epoch=043 train_batch=380/392 running_loss=0.040514
2026-08-19 18:59:42 | INFO | epoch=043 train_batch=390/392 running_loss=0.040594
2026-08-19 18:59:42 | INFO | epoch=043 train_batch=392/392 running_loss=0.040586
2026-08-19 18:59:43 | INFO | epoch=043 train_loss=0.040586 validation_loss=0.264538
2026-08-19 18:59:43 | INFO | epoch=044 train_batch=10/392 running_loss=0.039026
2026-08-19 18:59:44 | INFO | epoch=044 train_batch=20/392 running_loss=0.038496
2026-08-19 18:59:44 | INFO | epoch=044 train_batch=30/392 running_loss=0.039107
2026-08-19 18:59:44 | INFO | epoch=044 train_batch=40/392 running_loss=0.039050
2026-08-19 18:59:44 | INFO | epoch=044 train_batch=50/392 running_loss=0.039997
2026-08-19 18:59:45 | INFO | epoch=044 train_batch=60/392 running_loss=0.040135
2026-08-19 18:59:45 | INFO | epoch=044 train_batch=70/392 running_loss=0.040518
2026-08-19 18:59:45 | INFO | epoch=044 train_batch=80/392 running_loss=0.041025
2026-08-19 18:59:45 | INFO | epoch=044 train_batch=90/392 running_loss=0.040731
2026-08-19 18:59:46 | INFO | epoch=044 train_batch=100/392 running_loss=0.040843
2026-08-19 18:59:46 | INFO | epoch=044 train_batch=110/392 running_loss=0.041007
2026-08-19 18:59:46 | INFO | epoch=044 train_batch=120/392 running_loss=0.041171
2026-08-19 18:59:46 | INFO | epoch=044 train_batch=130/392 running_loss=0.041175
2026-08-19 18:59:47 | INFO | epoch=044 train_batch=140/392 running_loss=0.041195
2026-08-19 18:59:47 | INFO | epoch=044 train_batch=150/392 running_loss=0.041066
2026-08-19 18:59:47 | INFO | epoch=044 train_batch=160/392 running_loss=0.040963
2026-08-19 18:59:47 | INFO | epoch=044 train_batch=170/392 running_loss=0.040936
2026-08-19 18:59:48 | INFO | epoch=044 train_batch=180/392 running_loss=0.040723
2026-08-19 18:59:48 | INFO | epoch=044 train_batch=190/392 running_loss=0.040703
2026-08-19 18:59:48 | INFO | epoch=044 train_batch=200/392 running_loss=0.040773
2026-08-19 18:59:48 | INFO | epoch=044 train_batch=210/392 running_loss=0.040935
2026-08-19 18:59:48 | INFO | epoch=044 train_batch=220/392 running_loss=0.040807
2026-08-19 18:59:49 | INFO | epoch=044 train_batch=230/392 running_loss=0.040921
2026-08-19 18:59:49 | INFO | epoch=044 train_batch=240/392 running_loss=0.040980
2026-08-19 18:59:49 | INFO | epoch=044 train_batch=250/392 running_loss=0.040985
2026-08-19 18:59:49 | INFO | epoch=044 train_batch=260/392 running_loss=0.040976
2026-08-19 18:59:50 | INFO | epoch=044 train_batch=270/392 running_loss=0.041021
2026-08-19 18:59:50 | INFO | epoch=044 train_batch=280/392 running_loss=0.040953
2026-08-19 18:59:50 | INFO | epoch=044 train_batch=290/392 running_loss=0.040936
2026-08-19 18:59:50 | INFO | epoch=044 train_batch=300/392 running_loss=0.040908
2026-08-19 18:59:51 | INFO | epoch=044 train_batch=310/392 running_loss=0.040905
2026-08-19 18:59:51 | INFO | epoch=044 train_batch=320/392 running_loss=0.040907
2026-08-19 18:59:51 | INFO | epoch=044 train_batch=330/392 running_loss=0.040884
2026-08-19 18:59:51 | INFO | epoch=044 train_batch=340/392 running_loss=0.040826
2026-08-19 18:59:52 | INFO | epoch=044 train_batch=350/392 running_loss=0.040729
2026-08-19 18:59:52 | INFO | epoch=044 train_batch=360/392 running_loss=0.040675
2026-08-19 18:59:52 | INFO | epoch=044 train_batch=370/392 running_loss=0.040748
2026-08-19 18:59:52 | INFO | epoch=044 train_batch=380/392 running_loss=0.040692
2026-08-19 18:59:53 | INFO | epoch=044 train_batch=390/392 running_loss=0.040696
2026-08-19 18:59:53 | INFO | epoch=044 train_batch=392/392 running_loss=0.040673
2026-08-19 18:59:53 | INFO | epoch=044 train_loss=0.040673 validation_loss=0.269489
2026-08-19 18:59:54 | INFO | epoch=045 train_batch=10/392 running_loss=0.041341
2026-08-19 18:59:54 | INFO | epoch=045 train_batch=20/392 running_loss=0.038570
2026-08-19 18:59:54 | INFO | epoch=045 train_batch=30/392 running_loss=0.039787
2026-08-19 18:59:54 | INFO | epoch=045 train_batch=40/392 running_loss=0.040838
2026-08-19 18:59:55 | INFO | epoch=045 train_batch=50/392 running_loss=0.040439
2026-08-19 18:59:55 | INFO | epoch=045 train_batch=60/392 running_loss=0.040477
2026-08-19 18:59:55 | INFO | epoch=045 train_batch=70/392 running_loss=0.040358
2026-08-19 18:59:55 | INFO | epoch=045 train_batch=80/392 running_loss=0.040345
2026-08-19 18:59:56 | INFO | epoch=045 train_batch=90/392 running_loss=0.040398
2026-08-19 18:59:56 | INFO | epoch=045 train_batch=100/392 running_loss=0.040311
2026-08-19 18:59:56 | INFO | epoch=045 train_batch=110/392 running_loss=0.040509
2026-08-19 18:59:56 | INFO | epoch=045 train_batch=120/392 running_loss=0.040776
2026-08-19 18:59:57 | INFO | epoch=045 train_batch=130/392 running_loss=0.041058
2026-08-19 18:59:57 | INFO | epoch=045 train_batch=140/392 running_loss=0.040866
2026-08-19 18:59:57 | INFO | epoch=045 train_batch=150/392 running_loss=0.040824
2026-08-19 18:59:57 | INFO | epoch=045 train_batch=160/392 running_loss=0.040938
2026-08-19 18:59:58 | INFO | epoch=045 train_batch=170/392 running_loss=0.040520
2026-08-19 18:59:58 | INFO | epoch=045 train_batch=180/392 running_loss=0.040568
2026-08-19 18:59:58 | INFO | epoch=045 train_batch=190/392 running_loss=0.040602
2026-08-19 18:59:58 | INFO | epoch=045 train_batch=200/392 running_loss=0.040603
2026-08-19 18:59:59 | INFO | epoch=045 train_batch=210/392 running_loss=0.040459
2026-08-19 18:59:59 | INFO | epoch=045 train_batch=220/392 running_loss=0.040479
2026-08-19 18:59:59 | INFO | epoch=045 train_batch=230/392 running_loss=0.040503
2026-08-19 18:59:59 | INFO | epoch=045 train_batch=240/392 running_loss=0.040545
2026-08-19 18:59:59 | INFO | epoch=045 train_batch=250/392 running_loss=0.040395
2026-08-19 19:00:00 | INFO | epoch=045 train_batch=260/392 running_loss=0.040397
2026-08-19 19:00:00 | INFO | epoch=045 train_batch=270/392 running_loss=0.040403
2026-08-19 19:00:00 | INFO | epoch=045 train_batch=280/392 running_loss=0.040421
2026-08-19 19:00:00 | INFO | epoch=045 train_batch=290/392 running_loss=0.040394
2026-08-19 19:00:01 | INFO | epoch=045 train_batch=300/392 running_loss=0.040360
2026-08-19 19:00:01 | INFO | epoch=045 train_batch=310/392 running_loss=0.040259
2026-08-19 19:00:01 | INFO | epoch=045 train_batch=320/392 running_loss=0.040271
2026-08-19 19:00:01 | INFO | epoch=045 train_batch=330/392 running_loss=0.040215
2026-08-19 19:00:02 | INFO | epoch=045 train_batch=340/392 running_loss=0.040194
2026-08-19 19:00:02 | INFO | epoch=045 train_batch=350/392 running_loss=0.040231
2026-08-19 19:00:02 | INFO | epoch=045 train_batch=360/392 running_loss=0.040310
2026-08-19 19:00:02 | INFO | epoch=045 train_batch=370/392 running_loss=0.040365
2026-08-19 19:00:03 | INFO | epoch=045 train_batch=380/392 running_loss=0.040366
2026-08-19 19:00:03 | INFO | epoch=045 train_batch=390/392 running_loss=0.040377
2026-08-19 19:00:03 | INFO | epoch=045 train_batch=392/392 running_loss=0.040390
2026-08-19 19:00:03 | INFO | epoch=045 train_loss=0.040390 validation_loss=0.265128
2026-08-19 19:00:04 | INFO | epoch=046 train_batch=10/392 running_loss=0.040095
2026-08-19 19:00:04 | INFO | epoch=046 train_batch=20/392 running_loss=0.039789
2026-08-19 19:00:04 | INFO | epoch=046 train_batch=30/392 running_loss=0.040417
2026-08-19 19:00:04 | INFO | epoch=046 train_batch=40/392 running_loss=0.039982
2026-08-19 19:00:05 | INFO | epoch=046 train_batch=50/392 running_loss=0.039664
2026-08-19 19:00:05 | INFO | epoch=046 train_batch=60/392 running_loss=0.039294
2026-08-19 19:00:05 | INFO | epoch=046 train_batch=70/392 running_loss=0.039761
2026-08-19 19:00:05 | INFO | epoch=046 train_batch=80/392 running_loss=0.040375
2026-08-19 19:00:06 | INFO | epoch=046 train_batch=90/392 running_loss=0.040120
2026-08-19 19:00:06 | INFO | epoch=046 train_batch=100/392 running_loss=0.040046
2026-08-19 19:00:06 | INFO | epoch=046 train_batch=110/392 running_loss=0.040010
2026-08-19 19:00:06 | INFO | epoch=046 train_batch=120/392 running_loss=0.040115
2026-08-19 19:00:07 | INFO | epoch=046 train_batch=130/392 running_loss=0.040022
2026-08-19 19:00:07 | INFO | epoch=046 train_batch=140/392 running_loss=0.039917
2026-08-19 19:00:07 | INFO | epoch=046 train_batch=150/392 running_loss=0.039850
2026-08-19 19:00:07 | INFO | epoch=046 train_batch=160/392 running_loss=0.039615
2026-08-19 19:00:07 | INFO | epoch=046 train_batch=170/392 running_loss=0.039454
2026-08-19 19:00:08 | INFO | epoch=046 train_batch=180/392 running_loss=0.039504
2026-08-19 19:00:08 | INFO | epoch=046 train_batch=190/392 running_loss=0.039461
2026-08-19 19:00:08 | INFO | epoch=046 train_batch=200/392 running_loss=0.039468
2026-08-19 19:00:08 | INFO | epoch=046 train_batch=210/392 running_loss=0.039682
2026-08-19 19:00:09 | INFO | epoch=046 train_batch=220/392 running_loss=0.039673
2026-08-19 19:00:09 | INFO | epoch=046 train_batch=230/392 running_loss=0.039706
2026-08-19 19:00:09 | INFO | epoch=046 train_batch=240/392 running_loss=0.039780
2026-08-19 19:00:10 | INFO | epoch=046 train_batch=250/392 running_loss=0.039992
2026-08-19 19:00:10 | INFO | epoch=046 train_batch=260/392 running_loss=0.039902
2026-08-19 19:00:10 | INFO | epoch=046 train_batch=270/392 running_loss=0.039976
2026-08-19 19:00:10 | INFO | epoch=046 train_batch=280/392 running_loss=0.040002
2026-08-19 19:00:10 | INFO | epoch=046 train_batch=290/392 running_loss=0.039957
2026-08-19 19:00:11 | INFO | epoch=046 train_batch=300/392 running_loss=0.040020
2026-08-19 19:00:11 | INFO | epoch=046 train_batch=310/392 running_loss=0.040061
2026-08-19 19:00:11 | INFO | epoch=046 train_batch=320/392 running_loss=0.040061
2026-08-19 19:00:11 | INFO | epoch=046 train_batch=330/392 running_loss=0.039999
2026-08-19 19:00:12 | INFO | epoch=046 train_batch=340/392 running_loss=0.039969
2026-08-19 19:00:12 | INFO | epoch=046 train_batch=350/392 running_loss=0.040098
2026-08-19 19:00:12 | INFO | epoch=046 train_batch=360/392 running_loss=0.040155
2026-08-19 19:00:12 | INFO | epoch=046 train_batch=370/392 running_loss=0.040171
2026-08-19 19:00:13 | INFO | epoch=046 train_batch=380/392 running_loss=0.040255
2026-08-19 19:00:13 | INFO | epoch=046 train_batch=390/392 running_loss=0.040274
2026-08-19 19:00:13 | INFO | epoch=046 train_batch=392/392 running_loss=0.040223
2026-08-19 19:00:14 | INFO | epoch=046 train_loss=0.040223 validation_loss=0.270546
2026-08-19 19:00:14 | INFO | epoch=047 train_batch=10/392 running_loss=0.040575
2026-08-19 19:00:14 | INFO | epoch=047 train_batch=20/392 running_loss=0.040622
2026-08-19 19:00:14 | INFO | epoch=047 train_batch=30/392 running_loss=0.038792
2026-08-19 19:00:15 | INFO | epoch=047 train_batch=40/392 running_loss=0.038729
2026-08-19 19:00:15 | INFO | epoch=047 train_batch=50/392 running_loss=0.039001
2026-08-19 19:00:15 | INFO | epoch=047 train_batch=60/392 running_loss=0.038989
2026-08-19 19:00:15 | INFO | epoch=047 train_batch=70/392 running_loss=0.039492
2026-08-19 19:00:16 | INFO | epoch=047 train_batch=80/392 running_loss=0.039658
2026-08-19 19:00:16 | INFO | epoch=047 train_batch=90/392 running_loss=0.039573
2026-08-19 19:00:16 | INFO | epoch=047 train_batch=100/392 running_loss=0.039896
2026-08-19 19:00:16 | INFO | epoch=047 train_batch=110/392 running_loss=0.040026
2026-08-19 19:00:17 | INFO | epoch=047 train_batch=120/392 running_loss=0.039951
2026-08-19 19:00:17 | INFO | epoch=047 train_batch=130/392 running_loss=0.039957
2026-08-19 19:00:17 | INFO | epoch=047 train_batch=140/392 running_loss=0.039755
2026-08-19 19:00:17 | INFO | epoch=047 train_batch=150/392 running_loss=0.039681
2026-08-19 19:00:18 | INFO | epoch=047 train_batch=160/392 running_loss=0.039638
2026-08-19 19:00:18 | INFO | epoch=047 train_batch=170/392 running_loss=0.039880
2026-08-19 19:00:18 | INFO | epoch=047 train_batch=180/392 running_loss=0.039769
2026-08-19 19:00:18 | INFO | epoch=047 train_batch=190/392 running_loss=0.040100
2026-08-19 19:00:19 | INFO | epoch=047 train_batch=200/392 running_loss=0.040180
2026-08-19 19:00:19 | INFO | epoch=047 train_batch=210/392 running_loss=0.040149
2026-08-19 19:00:19 | INFO | epoch=047 train_batch=220/392 running_loss=0.040047
2026-08-19 19:00:19 | INFO | epoch=047 train_batch=230/392 running_loss=0.039950
2026-08-19 19:00:20 | INFO | epoch=047 train_batch=240/392 running_loss=0.040063
2026-08-19 19:00:20 | INFO | epoch=047 train_batch=250/392 running_loss=0.040285
2026-08-19 19:00:20 | INFO | epoch=047 train_batch=260/392 running_loss=0.040413
2026-08-19 19:00:20 | INFO | epoch=047 train_batch=270/392 running_loss=0.040381
2026-08-19 19:00:20 | INFO | epoch=047 train_batch=280/392 running_loss=0.040334
2026-08-19 19:00:21 | INFO | epoch=047 train_batch=290/392 running_loss=0.040368
2026-08-19 19:00:21 | INFO | epoch=047 train_batch=300/392 running_loss=0.040376
2026-08-19 19:00:21 | INFO | epoch=047 train_batch=310/392 running_loss=0.040355
2026-08-19 19:00:21 | INFO | epoch=047 train_batch=320/392 running_loss=0.040270
2026-08-19 19:00:22 | INFO | epoch=047 train_batch=330/392 running_loss=0.040351
2026-08-19 19:00:22 | INFO | epoch=047 train_batch=340/392 running_loss=0.040254
2026-08-19 19:00:22 | INFO | epoch=047 train_batch=350/392 running_loss=0.040169
2026-08-19 19:00:22 | INFO | epoch=047 train_batch=360/392 running_loss=0.040163
2026-08-19 19:00:23 | INFO | epoch=047 train_batch=370/392 running_loss=0.040181
2026-08-19 19:00:23 | INFO | epoch=047 train_batch=380/392 running_loss=0.040181
2026-08-19 19:00:23 | INFO | epoch=047 train_batch=390/392 running_loss=0.040215
2026-08-19 19:00:23 | INFO | epoch=047 train_batch=392/392 running_loss=0.040181
2026-08-19 19:00:24 | INFO | epoch=047 train_loss=0.040181 validation_loss=0.263193
2026-08-19 19:00:24 | INFO | epoch=048 train_batch=10/392 running_loss=0.037190
2026-08-19 19:00:24 | INFO | epoch=048 train_batch=20/392 running_loss=0.038310
2026-08-19 19:00:25 | INFO | epoch=048 train_batch=30/392 running_loss=0.038359
2026-08-19 19:00:25 | INFO | epoch=048 train_batch=40/392 running_loss=0.038298
2026-08-19 19:00:25 | INFO | epoch=048 train_batch=50/392 running_loss=0.038449
2026-08-19 19:00:25 | INFO | epoch=048 train_batch=60/392 running_loss=0.038377
2026-08-19 19:00:26 | INFO | epoch=048 train_batch=70/392 running_loss=0.038925
2026-08-19 19:00:26 | INFO | epoch=048 train_batch=80/392 running_loss=0.039146
2026-08-19 19:00:26 | INFO | epoch=048 train_batch=90/392 running_loss=0.039314
2026-08-19 19:00:26 | INFO | epoch=048 train_batch=100/392 running_loss=0.039164
2026-08-19 19:00:27 | INFO | epoch=048 train_batch=110/392 running_loss=0.039059
2026-08-19 19:00:27 | INFO | epoch=048 train_batch=120/392 running_loss=0.038982
2026-08-19 19:00:27 | INFO | epoch=048 train_batch=130/392 running_loss=0.039101
2026-08-19 19:00:27 | INFO | epoch=048 train_batch=140/392 running_loss=0.039112
2026-08-19 19:00:28 | INFO | epoch=048 train_batch=150/392 running_loss=0.039217
2026-08-19 19:00:28 | INFO | epoch=048 train_batch=160/392 running_loss=0.039237
2026-08-19 19:00:28 | INFO | epoch=048 train_batch=170/392 running_loss=0.039368
2026-08-19 19:00:28 | INFO | epoch=048 train_batch=180/392 running_loss=0.039214
2026-08-19 19:00:29 | INFO | epoch=048 train_batch=190/392 running_loss=0.039080
2026-08-19 19:00:29 | INFO | epoch=048 train_batch=200/392 running_loss=0.039145
2026-08-19 19:00:29 | INFO | epoch=048 train_batch=210/392 running_loss=0.039123
2026-08-19 19:00:29 | INFO | epoch=048 train_batch=220/392 running_loss=0.039148
2026-08-19 19:00:30 | INFO | epoch=048 train_batch=230/392 running_loss=0.039257
2026-08-19 19:00:30 | INFO | epoch=048 train_batch=240/392 running_loss=0.039387
2026-08-19 19:00:30 | INFO | epoch=048 train_batch=250/392 running_loss=0.039505
2026-08-19 19:00:30 | INFO | epoch=048 train_batch=260/392 running_loss=0.039550
2026-08-19 19:00:31 | INFO | epoch=048 train_batch=270/392 running_loss=0.039469
2026-08-19 19:00:31 | INFO | epoch=048 train_batch=280/392 running_loss=0.039607
2026-08-19 19:00:31 | INFO | epoch=048 train_batch=290/392 running_loss=0.039615
2026-08-19 19:00:31 | INFO | epoch=048 train_batch=300/392 running_loss=0.039673
2026-08-19 19:00:31 | INFO | epoch=048 train_batch=310/392 running_loss=0.039599
2026-08-19 19:00:32 | INFO | epoch=048 train_batch=320/392 running_loss=0.039572
2026-08-19 19:00:32 | INFO | epoch=048 train_batch=330/392 running_loss=0.039494
2026-08-19 19:00:32 | INFO | epoch=048 train_batch=340/392 running_loss=0.039576
2026-08-19 19:00:32 | INFO | epoch=048 train_batch=350/392 running_loss=0.039558
2026-08-19 19:00:33 | INFO | epoch=048 train_batch=360/392 running_loss=0.039542
2026-08-19 19:00:33 | INFO | epoch=048 train_batch=370/392 running_loss=0.039523
2026-08-19 19:00:33 | INFO | epoch=048 train_batch=380/392 running_loss=0.039450
2026-08-19 19:00:33 | INFO | epoch=048 train_batch=390/392 running_loss=0.039469
2026-08-19 19:00:33 | INFO | epoch=048 train_batch=392/392 running_loss=0.039505
2026-08-19 19:00:34 | INFO | epoch=048 train_loss=0.039505 validation_loss=0.260966
2026-08-19 19:00:34 | INFO | epoch=049 train_batch=10/392 running_loss=0.041622
2026-08-19 19:00:35 | INFO | epoch=049 train_batch=20/392 running_loss=0.041945
2026-08-19 19:00:35 | INFO | epoch=049 train_batch=30/392 running_loss=0.040719
2026-08-19 19:00:35 | INFO | epoch=049 train_batch=40/392 running_loss=0.039808
2026-08-19 19:00:35 | INFO | epoch=049 train_batch=50/392 running_loss=0.040637
2026-08-19 19:00:36 | INFO | epoch=049 train_batch=60/392 running_loss=0.039815
2026-08-19 19:00:36 | INFO | epoch=049 train_batch=70/392 running_loss=0.039515
2026-08-19 19:00:36 | INFO | epoch=049 train_batch=80/392 running_loss=0.039361
2026-08-19 19:00:36 | INFO | epoch=049 train_batch=90/392 running_loss=0.039284
2026-08-19 19:00:37 | INFO | epoch=049 train_batch=100/392 running_loss=0.039266
2026-08-19 19:00:37 | INFO | epoch=049 train_batch=110/392 running_loss=0.039258
2026-08-19 19:00:37 | INFO | epoch=049 train_batch=120/392 running_loss=0.039486
2026-08-19 19:00:37 | INFO | epoch=049 train_batch=130/392 running_loss=0.039417
2026-08-19 19:00:37 | INFO | epoch=049 train_batch=140/392 running_loss=0.039297
2026-08-19 19:00:38 | INFO | epoch=049 train_batch=150/392 running_loss=0.039429
2026-08-19 19:00:38 | INFO | epoch=049 train_batch=160/392 running_loss=0.039646
2026-08-19 19:00:38 | INFO | epoch=049 train_batch=170/392 running_loss=0.039676
2026-08-19 19:00:38 | INFO | epoch=049 train_batch=180/392 running_loss=0.039699
2026-08-19 19:00:39 | INFO | epoch=049 train_batch=190/392 running_loss=0.039696
2026-08-19 19:00:39 | INFO | epoch=049 train_batch=200/392 running_loss=0.039598
2026-08-19 19:00:39 | INFO | epoch=049 train_batch=210/392 running_loss=0.039640
2026-08-19 19:00:39 | INFO | epoch=049 train_batch=220/392 running_loss=0.039672
2026-08-19 19:00:40 | INFO | epoch=049 train_batch=230/392 running_loss=0.039565
2026-08-19 19:00:40 | INFO | epoch=049 train_batch=240/392 running_loss=0.039504
2026-08-19 19:00:40 | INFO | epoch=049 train_batch=250/392 running_loss=0.039550
2026-08-19 19:00:40 | INFO | epoch=049 train_batch=260/392 running_loss=0.039632
2026-08-19 19:00:41 | INFO | epoch=049 train_batch=270/392 running_loss=0.039579
2026-08-19 19:00:41 | INFO | epoch=049 train_batch=280/392 running_loss=0.039597
2026-08-19 19:00:41 | INFO | epoch=049 train_batch=290/392 running_loss=0.039686
2026-08-19 19:00:41 | INFO | epoch=049 train_batch=300/392 running_loss=0.039651
2026-08-19 19:00:42 | INFO | epoch=049 train_batch=310/392 running_loss=0.039613
2026-08-19 19:00:42 | INFO | epoch=049 train_batch=320/392 running_loss=0.039682
2026-08-19 19:00:42 | INFO | epoch=049 train_batch=330/392 running_loss=0.039616
2026-08-19 19:00:42 | INFO | epoch=049 train_batch=340/392 running_loss=0.039673
2026-08-19 19:00:43 | INFO | epoch=049 train_batch=350/392 running_loss=0.039615
2026-08-19 19:00:43 | INFO | epoch=049 train_batch=360/392 running_loss=0.039570
2026-08-19 19:00:43 | INFO | epoch=049 train_batch=370/392 running_loss=0.039608
2026-08-19 19:00:43 | INFO | epoch=049 train_batch=380/392 running_loss=0.039652
2026-08-19 19:00:43 | INFO | epoch=049 train_batch=390/392 running_loss=0.039700
2026-08-19 19:00:43 | INFO | epoch=049 train_batch=392/392 running_loss=0.039700
2026-08-19 19:00:44 | INFO | epoch=049 train_loss=0.039700 validation_loss=0.261054
2026-08-19 19:00:45 | INFO | epoch=050 train_batch=10/392 running_loss=0.038997
2026-08-19 19:00:45 | INFO | epoch=050 train_batch=20/392 running_loss=0.041324
2026-08-19 19:00:45 | INFO | epoch=050 train_batch=30/392 running_loss=0.041362
2026-08-19 19:00:45 | INFO | epoch=050 train_batch=40/392 running_loss=0.040564
2026-08-19 19:00:45 | INFO | epoch=050 train_batch=50/392 running_loss=0.039767
2026-08-19 19:00:46 | INFO | epoch=050 train_batch=60/392 running_loss=0.039256
2026-08-19 19:00:46 | INFO | epoch=050 train_batch=70/392 running_loss=0.039181
2026-08-19 19:00:46 | INFO | epoch=050 train_batch=80/392 running_loss=0.038831
2026-08-19 19:00:46 | INFO | epoch=050 train_batch=90/392 running_loss=0.038738
2026-08-19 19:00:47 | INFO | epoch=050 train_batch=100/392 running_loss=0.038470
2026-08-19 19:00:47 | INFO | epoch=050 train_batch=110/392 running_loss=0.038515
2026-08-19 19:00:47 | INFO | epoch=050 train_batch=120/392 running_loss=0.038521
2026-08-19 19:00:47 | INFO | epoch=050 train_batch=130/392 running_loss=0.038440
2026-08-19 19:00:48 | INFO | epoch=050 train_batch=140/392 running_loss=0.038771
2026-08-19 19:00:48 | INFO | epoch=050 train_batch=150/392 running_loss=0.038835
2026-08-19 19:00:48 | INFO | epoch=050 train_batch=160/392 running_loss=0.038935
2026-08-19 19:00:48 | INFO | epoch=050 train_batch=170/392 running_loss=0.039123
2026-08-19 19:00:49 | INFO | epoch=050 train_batch=180/392 running_loss=0.039242
2026-08-19 19:00:49 | INFO | epoch=050 train_batch=190/392 running_loss=0.039349
2026-08-19 19:00:49 | INFO | epoch=050 train_batch=200/392 running_loss=0.039469
2026-08-19 19:00:49 | INFO | epoch=050 train_batch=210/392 running_loss=0.039517
2026-08-19 19:00:50 | INFO | epoch=050 train_batch=220/392 running_loss=0.039573
2026-08-19 19:00:50 | INFO | epoch=050 train_batch=230/392 running_loss=0.039501
2026-08-19 19:00:50 | INFO | epoch=050 train_batch=240/392 running_loss=0.039662
2026-08-19 19:00:50 | INFO | epoch=050 train_batch=250/392 running_loss=0.039720
2026-08-19 19:00:51 | INFO | epoch=050 train_batch=260/392 running_loss=0.039681
2026-08-19 19:00:51 | INFO | epoch=050 train_batch=270/392 running_loss=0.039687
2026-08-19 19:00:51 | INFO | epoch=050 train_batch=280/392 running_loss=0.039604
2026-08-19 19:00:51 | INFO | epoch=050 train_batch=290/392 running_loss=0.039617
2026-08-19 19:00:51 | INFO | epoch=050 train_batch=300/392 running_loss=0.039566
2026-08-19 19:00:52 | INFO | epoch=050 train_batch=310/392 running_loss=0.039484
2026-08-19 19:00:52 | INFO | epoch=050 train_batch=320/392 running_loss=0.039428
2026-08-19 19:00:52 | INFO | epoch=050 train_batch=330/392 running_loss=0.039384
2026-08-19 19:00:52 | INFO | epoch=050 train_batch=340/392 running_loss=0.039391
2026-08-19 19:00:53 | INFO | epoch=050 train_batch=350/392 running_loss=0.039422
2026-08-19 19:00:53 | INFO | epoch=050 train_batch=360/392 running_loss=0.039384
2026-08-19 19:00:53 | INFO | epoch=050 train_batch=370/392 running_loss=0.039301
2026-08-19 19:00:53 | INFO | epoch=050 train_batch=380/392 running_loss=0.039262
2026-08-19 19:00:54 | INFO | epoch=050 train_batch=390/392 running_loss=0.039371
2026-08-19 19:00:54 | INFO | epoch=050 train_batch=392/392 running_loss=0.039370
2026-08-19 19:00:54 | INFO | epoch=050 train_loss=0.039370 validation_loss=0.258415
2026-08-19 19:00:55 | INFO | epoch=050 saved new best.pt
2026-08-19 19:00:55 | INFO | epoch=051 train_batch=10/392 running_loss=0.040707
2026-08-19 19:00:55 | INFO | epoch=051 train_batch=20/392 running_loss=0.040077
2026-08-19 19:00:55 | INFO | epoch=051 train_batch=30/392 running_loss=0.040816
2026-08-19 19:00:56 | INFO | epoch=051 train_batch=40/392 running_loss=0.040089
2026-08-19 19:00:56 | INFO | epoch=051 train_batch=50/392 running_loss=0.039930
2026-08-19 19:00:56 | INFO | epoch=051 train_batch=60/392 running_loss=0.039419
2026-08-19 19:00:56 | INFO | epoch=051 train_batch=70/392 running_loss=0.039120
2026-08-19 19:00:57 | INFO | epoch=051 train_batch=80/392 running_loss=0.039230
2026-08-19 19:00:57 | INFO | epoch=051 train_batch=90/392 running_loss=0.039054
2026-08-19 19:00:57 | INFO | epoch=051 train_batch=100/392 running_loss=0.039046
2026-08-19 19:00:57 | INFO | epoch=051 train_batch=110/392 running_loss=0.039438
2026-08-19 19:00:57 | INFO | epoch=051 train_batch=120/392 running_loss=0.039350
2026-08-19 19:00:58 | INFO | epoch=051 train_batch=130/392 running_loss=0.039309
2026-08-19 19:00:58 | INFO | epoch=051 train_batch=140/392 running_loss=0.039343
2026-08-19 19:00:58 | INFO | epoch=051 train_batch=150/392 running_loss=0.039260
2026-08-19 19:00:58 | INFO | epoch=051 train_batch=160/392 running_loss=0.039085
2026-08-19 19:00:59 | INFO | epoch=051 train_batch=170/392 running_loss=0.039129
2026-08-19 19:00:59 | INFO | epoch=051 train_batch=180/392 running_loss=0.039239
2026-08-19 19:00:59 | INFO | epoch=051 train_batch=190/392 running_loss=0.039237
2026-08-19 19:00:59 | INFO | epoch=051 train_batch=200/392 running_loss=0.039168
2026-08-19 19:01:00 | INFO | epoch=051 train_batch=210/392 running_loss=0.039049
2026-08-19 19:01:00 | INFO | epoch=051 train_batch=220/392 running_loss=0.039079
2026-08-19 19:01:00 | INFO | epoch=051 train_batch=230/392 running_loss=0.039068
2026-08-19 19:01:00 | INFO | epoch=051 train_batch=240/392 running_loss=0.039061
2026-08-19 19:01:01 | INFO | epoch=051 train_batch=250/392 running_loss=0.039186
2026-08-19 19:01:01 | INFO | epoch=051 train_batch=260/392 running_loss=0.039230
2026-08-19 19:01:01 | INFO | epoch=051 train_batch=270/392 running_loss=0.039201
2026-08-19 19:01:01 | INFO | epoch=051 train_batch=280/392 running_loss=0.039136
2026-08-19 19:01:01 | INFO | epoch=051 train_batch=290/392 running_loss=0.039184
2026-08-19 19:01:02 | INFO | epoch=051 train_batch=300/392 running_loss=0.039267
2026-08-19 19:01:02 | INFO | epoch=051 train_batch=310/392 running_loss=0.039224
2026-08-19 19:01:02 | INFO | epoch=051 train_batch=320/392 running_loss=0.039186
2026-08-19 19:01:02 | INFO | epoch=051 train_batch=330/392 running_loss=0.039243
2026-08-19 19:01:03 | INFO | epoch=051 train_batch=340/392 running_loss=0.039312
2026-08-19 19:01:03 | INFO | epoch=051 train_batch=350/392 running_loss=0.039286
2026-08-19 19:01:03 | INFO | epoch=051 train_batch=360/392 running_loss=0.039310
2026-08-19 19:01:03 | INFO | epoch=051 train_batch=370/392 running_loss=0.039333
2026-08-19 19:01:04 | INFO | epoch=051 train_batch=380/392 running_loss=0.039266
2026-08-19 19:01:04 | INFO | epoch=051 train_batch=390/392 running_loss=0.039257
2026-08-19 19:01:04 | INFO | epoch=051 train_batch=392/392 running_loss=0.039238
2026-08-19 19:01:05 | INFO | epoch=051 train_loss=0.039238 validation_loss=0.264270
2026-08-19 19:01:05 | INFO | epoch=052 train_batch=10/392 running_loss=0.039636
2026-08-19 19:01:05 | INFO | epoch=052 train_batch=20/392 running_loss=0.038231
2026-08-19 19:01:05 | INFO | epoch=052 train_batch=30/392 running_loss=0.038732
2026-08-19 19:01:06 | INFO | epoch=052 train_batch=40/392 running_loss=0.039042
2026-08-19 19:01:06 | INFO | epoch=052 train_batch=50/392 running_loss=0.039065
2026-08-19 19:01:06 | INFO | epoch=052 train_batch=60/392 running_loss=0.038995
2026-08-19 19:01:06 | INFO | epoch=052 train_batch=70/392 running_loss=0.038807
2026-08-19 19:01:07 | INFO | epoch=052 train_batch=80/392 running_loss=0.038768
2026-08-19 19:01:07 | INFO | epoch=052 train_batch=90/392 running_loss=0.039208
2026-08-19 19:01:07 | INFO | epoch=052 train_batch=100/392 running_loss=0.039201
2026-08-19 19:01:07 | INFO | epoch=052 train_batch=110/392 running_loss=0.038743
2026-08-19 19:01:08 | INFO | epoch=052 train_batch=120/392 running_loss=0.038478
2026-08-19 19:01:08 | INFO | epoch=052 train_batch=130/392 running_loss=0.038643
2026-08-19 19:01:08 | INFO | epoch=052 train_batch=140/392 running_loss=0.038606
2026-08-19 19:01:08 | INFO | epoch=052 train_batch=150/392 running_loss=0.038917
2026-08-19 19:01:09 | INFO | epoch=052 train_batch=160/392 running_loss=0.038910
2026-08-19 19:01:09 | INFO | epoch=052 train_batch=170/392 running_loss=0.039086
2026-08-19 19:01:09 | INFO | epoch=052 train_batch=180/392 running_loss=0.038901
2026-08-19 19:01:09 | INFO | epoch=052 train_batch=190/392 running_loss=0.038906
2026-08-19 19:01:09 | INFO | epoch=052 train_batch=200/392 running_loss=0.038823
2026-08-19 19:01:10 | INFO | epoch=052 train_batch=210/392 running_loss=0.038929
2026-08-19 19:01:10 | INFO | epoch=052 train_batch=220/392 running_loss=0.038905
2026-08-19 19:01:10 | INFO | epoch=052 train_batch=230/392 running_loss=0.039013
2026-08-19 19:01:10 | INFO | epoch=052 train_batch=240/392 running_loss=0.039076
2026-08-19 19:01:11 | INFO | epoch=052 train_batch=250/392 running_loss=0.039177
2026-08-19 19:01:11 | INFO | epoch=052 train_batch=260/392 running_loss=0.039118
2026-08-19 19:01:11 | INFO | epoch=052 train_batch=270/392 running_loss=0.039136
2026-08-19 19:01:11 | INFO | epoch=052 train_batch=280/392 running_loss=0.039200
2026-08-19 19:01:12 | INFO | epoch=052 train_batch=290/392 running_loss=0.039122
2026-08-19 19:01:12 | INFO | epoch=052 train_batch=300/392 running_loss=0.039121
2026-08-19 19:01:12 | INFO | epoch=052 train_batch=310/392 running_loss=0.039032
2026-08-19 19:01:12 | INFO | epoch=052 train_batch=320/392 running_loss=0.039166
2026-08-19 19:01:13 | INFO | epoch=052 train_batch=330/392 running_loss=0.039199
2026-08-19 19:01:13 | INFO | epoch=052 train_batch=340/392 running_loss=0.039165
2026-08-19 19:01:13 | INFO | epoch=052 train_batch=350/392 running_loss=0.039138
2026-08-19 19:01:13 | INFO | epoch=052 train_batch=360/392 running_loss=0.039074
2026-08-19 19:01:13 | INFO | epoch=052 train_batch=370/392 running_loss=0.039086
2026-08-19 19:01:14 | INFO | epoch=052 train_batch=380/392 running_loss=0.039039
2026-08-19 19:01:14 | INFO | epoch=052 train_batch=390/392 running_loss=0.039084
2026-08-19 19:01:14 | INFO | epoch=052 train_batch=392/392 running_loss=0.039114
2026-08-19 19:01:15 | INFO | epoch=052 train_loss=0.039114 validation_loss=0.257670
2026-08-19 19:01:15 | INFO | epoch=052 saved new best.pt
2026-08-19 19:01:15 | INFO | epoch=053 train_batch=10/392 running_loss=0.043560
2026-08-19 19:01:15 | INFO | epoch=053 train_batch=20/392 running_loss=0.041356
2026-08-19 19:01:16 | INFO | epoch=053 train_batch=30/392 running_loss=0.039917
2026-08-19 19:01:16 | INFO | epoch=053 train_batch=40/392 running_loss=0.039336
2026-08-19 19:01:16 | INFO | epoch=053 train_batch=50/392 running_loss=0.039101
2026-08-19 19:01:16 | INFO | epoch=053 train_batch=60/392 running_loss=0.038795
2026-08-19 19:01:17 | INFO | epoch=053 train_batch=70/392 running_loss=0.038576
2026-08-19 19:01:17 | INFO | epoch=053 train_batch=80/392 running_loss=0.038867
2026-08-19 19:01:17 | INFO | epoch=053 train_batch=90/392 running_loss=0.038619
2026-08-19 19:01:17 | INFO | epoch=053 train_batch=100/392 running_loss=0.038524
2026-08-19 19:01:18 | INFO | epoch=053 train_batch=110/392 running_loss=0.038447
2026-08-19 19:01:18 | INFO | epoch=053 train_batch=120/392 running_loss=0.038445
2026-08-19 19:01:18 | INFO | epoch=053 train_batch=130/392 running_loss=0.038462
2026-08-19 19:01:18 | INFO | epoch=053 train_batch=140/392 running_loss=0.038480
2026-08-19 19:01:18 | INFO | epoch=053 train_batch=150/392 running_loss=0.038494
2026-08-19 19:01:19 | INFO | epoch=053 train_batch=160/392 running_loss=0.038678
2026-08-19 19:01:19 | INFO | epoch=053 train_batch=170/392 running_loss=0.038545
2026-08-19 19:01:19 | INFO | epoch=053 train_batch=180/392 running_loss=0.038688
2026-08-19 19:01:19 | INFO | epoch=053 train_batch=190/392 running_loss=0.038614
2026-08-19 19:01:20 | INFO | epoch=053 train_batch=200/392 running_loss=0.038771
2026-08-19 19:01:20 | INFO | epoch=053 train_batch=210/392 running_loss=0.038659
2026-08-19 19:01:20 | INFO | epoch=053 train_batch=220/392 running_loss=0.038519
2026-08-19 19:01:20 | INFO | epoch=053 train_batch=230/392 running_loss=0.038445
2026-08-19 19:01:21 | INFO | epoch=053 train_batch=240/392 running_loss=0.038475
2026-08-19 19:01:21 | INFO | epoch=053 train_batch=250/392 running_loss=0.038471
2026-08-19 19:01:21 | INFO | epoch=053 train_batch=260/392 running_loss=0.038451
2026-08-19 19:01:21 | INFO | epoch=053 train_batch=270/392 running_loss=0.038535
2026-08-19 19:01:22 | INFO | epoch=053 train_batch=280/392 running_loss=0.038685
2026-08-19 19:01:22 | INFO | epoch=053 train_batch=290/392 running_loss=0.038619
2026-08-19 19:01:22 | INFO | epoch=053 train_batch=300/392 running_loss=0.038697
2026-08-19 19:01:22 | INFO | epoch=053 train_batch=310/392 running_loss=0.038787
2026-08-19 19:01:22 | INFO | epoch=053 train_batch=320/392 running_loss=0.038892
2026-08-19 19:01:23 | INFO | epoch=053 train_batch=330/392 running_loss=0.038867
2026-08-19 19:01:23 | INFO | epoch=053 train_batch=340/392 running_loss=0.038928
2026-08-19 19:01:23 | INFO | epoch=053 train_batch=350/392 running_loss=0.038951
2026-08-19 19:01:23 | INFO | epoch=053 train_batch=360/392 running_loss=0.038984
2026-08-19 19:01:24 | INFO | epoch=053 train_batch=370/392 running_loss=0.039016
2026-08-19 19:01:24 | INFO | epoch=053 train_batch=380/392 running_loss=0.039045
2026-08-19 19:01:24 | INFO | epoch=053 train_batch=390/392 running_loss=0.039033
2026-08-19 19:01:24 | INFO | epoch=053 train_batch=392/392 running_loss=0.038991
2026-08-19 19:01:25 | INFO | epoch=053 train_loss=0.038991 validation_loss=0.257126
2026-08-19 19:01:25 | INFO | epoch=053 saved new best.pt
2026-08-19 19:01:25 | INFO | epoch=054 train_batch=10/392 running_loss=0.037669
2026-08-19 19:01:25 | INFO | epoch=054 train_batch=20/392 running_loss=0.036892
2026-08-19 19:01:26 | INFO | epoch=054 train_batch=30/392 running_loss=0.037293
2026-08-19 19:01:26 | INFO | epoch=054 train_batch=40/392 running_loss=0.037278
2026-08-19 19:01:26 | INFO | epoch=054 train_batch=50/392 running_loss=0.037145
2026-08-19 19:01:26 | INFO | epoch=054 train_batch=60/392 running_loss=0.037377
2026-08-19 19:01:27 | INFO | epoch=054 train_batch=70/392 running_loss=0.037646
2026-08-19 19:01:27 | INFO | epoch=054 train_batch=80/392 running_loss=0.038666
2026-08-19 19:01:27 | INFO | epoch=054 train_batch=90/392 running_loss=0.038738
2026-08-19 19:01:27 | INFO | epoch=054 train_batch=100/392 running_loss=0.038665
2026-08-19 19:01:28 | INFO | epoch=054 train_batch=110/392 running_loss=0.038734
2026-08-19 19:01:28 | INFO | epoch=054 train_batch=120/392 running_loss=0.038842
2026-08-19 19:01:28 | INFO | epoch=054 train_batch=130/392 running_loss=0.038872
2026-08-19 19:01:28 | INFO | epoch=054 train_batch=140/392 running_loss=0.038915
2026-08-19 19:01:29 | INFO | epoch=054 train_batch=150/392 running_loss=0.039052
2026-08-19 19:01:29 | INFO | epoch=054 train_batch=160/392 running_loss=0.039011
2026-08-19 19:01:29 | INFO | epoch=054 train_batch=170/392 running_loss=0.039110
2026-08-19 19:01:29 | INFO | epoch=054 train_batch=180/392 running_loss=0.039136
2026-08-19 19:01:30 | INFO | epoch=054 train_batch=190/392 running_loss=0.038939
2026-08-19 19:01:30 | INFO | epoch=054 train_batch=200/392 running_loss=0.038817
2026-08-19 19:01:30 | INFO | epoch=054 train_batch=210/392 running_loss=0.039044
2026-08-19 19:01:30 | INFO | epoch=054 train_batch=220/392 running_loss=0.039283
2026-08-19 19:01:31 | INFO | epoch=054 train_batch=230/392 running_loss=0.039264
2026-08-19 19:01:31 | INFO | epoch=054 train_batch=240/392 running_loss=0.039240
2026-08-19 19:01:31 | INFO | epoch=054 train_batch=250/392 running_loss=0.039139
2026-08-19 19:01:31 | INFO | epoch=054 train_batch=260/392 running_loss=0.039075
2026-08-19 19:01:31 | INFO | epoch=054 train_batch=270/392 running_loss=0.039161
2026-08-19 19:01:32 | INFO | epoch=054 train_batch=280/392 running_loss=0.039035
2026-08-19 19:01:32 | INFO | epoch=054 train_batch=290/392 running_loss=0.039104
2026-08-19 19:01:32 | INFO | epoch=054 train_batch=300/392 running_loss=0.039075
2026-08-19 19:01:32 | INFO | epoch=054 train_batch=310/392 running_loss=0.039047
2026-08-19 19:01:33 | INFO | epoch=054 train_batch=320/392 running_loss=0.038940
2026-08-19 19:01:33 | INFO | epoch=054 train_batch=330/392 running_loss=0.038806
2026-08-19 19:01:33 | INFO | epoch=054 train_batch=340/392 running_loss=0.038820
2026-08-19 19:01:33 | INFO | epoch=054 train_batch=350/392 running_loss=0.038853
2026-08-19 19:01:34 | INFO | epoch=054 train_batch=360/392 running_loss=0.038885
2026-08-19 19:01:34 | INFO | epoch=054 train_batch=370/392 running_loss=0.038974
2026-08-19 19:01:34 | INFO | epoch=054 train_batch=380/392 running_loss=0.038954
2026-08-19 19:01:34 | INFO | epoch=054 train_batch=390/392 running_loss=0.038897
2026-08-19 19:01:35 | INFO | epoch=054 train_batch=392/392 running_loss=0.038924
2026-08-19 19:01:35 | INFO | epoch=054 train_loss=0.038924 validation_loss=0.260582
2026-08-19 19:01:36 | INFO | epoch=055 train_batch=10/392 running_loss=0.036696
2026-08-19 19:01:36 | INFO | epoch=055 train_batch=20/392 running_loss=0.036496
2026-08-19 19:01:36 | INFO | epoch=055 train_batch=30/392 running_loss=0.037981
2026-08-19 19:01:36 | INFO | epoch=055 train_batch=40/392 running_loss=0.038893
2026-08-19 19:01:37 | INFO | epoch=055 train_batch=50/392 running_loss=0.038759
2026-08-19 19:01:37 | INFO | epoch=055 train_batch=60/392 running_loss=0.038577
2026-08-19 19:01:37 | INFO | epoch=055 train_batch=70/392 running_loss=0.038433
2026-08-19 19:01:37 | INFO | epoch=055 train_batch=80/392 running_loss=0.038555
2026-08-19 19:01:38 | INFO | epoch=055 train_batch=90/392 running_loss=0.038247
2026-08-19 19:01:38 | INFO | epoch=055 train_batch=100/392 running_loss=0.038143
2026-08-19 19:01:38 | INFO | epoch=055 train_batch=110/392 running_loss=0.038103
2026-08-19 19:01:38 | INFO | epoch=055 train_batch=120/392 running_loss=0.037891
2026-08-19 19:01:39 | INFO | epoch=055 train_batch=130/392 running_loss=0.037940
2026-08-19 19:01:39 | INFO | epoch=055 train_batch=140/392 running_loss=0.038211
2026-08-19 19:01:39 | INFO | epoch=055 train_batch=150/392 running_loss=0.038253
2026-08-19 19:01:39 | INFO | epoch=055 train_batch=160/392 running_loss=0.038494
2026-08-19 19:01:40 | INFO | epoch=055 train_batch=170/392 running_loss=0.038582
2026-08-19 19:01:40 | INFO | epoch=055 train_batch=180/392 running_loss=0.038531
2026-08-19 19:01:40 | INFO | epoch=055 train_batch=190/392 running_loss=0.038579
2026-08-19 19:01:40 | INFO | epoch=055 train_batch=200/392 running_loss=0.038563
2026-08-19 19:01:40 | INFO | epoch=055 train_batch=210/392 running_loss=0.038601
2026-08-19 19:01:41 | INFO | epoch=055 train_batch=220/392 running_loss=0.038562
2026-08-19 19:01:41 | INFO | epoch=055 train_batch=230/392 running_loss=0.038603
2026-08-19 19:01:41 | INFO | epoch=055 train_batch=240/392 running_loss=0.038556
2026-08-19 19:01:41 | INFO | epoch=055 train_batch=250/392 running_loss=0.038604
2026-08-19 19:01:42 | INFO | epoch=055 train_batch=260/392 running_loss=0.038584
2026-08-19 19:01:42 | INFO | epoch=055 train_batch=270/392 running_loss=0.038703
2026-08-19 19:01:42 | INFO | epoch=055 train_batch=280/392 running_loss=0.038696
2026-08-19 19:01:42 | INFO | epoch=055 train_batch=290/392 running_loss=0.038766
2026-08-19 19:01:43 | INFO | epoch=055 train_batch=300/392 running_loss=0.038767
2026-08-19 19:01:43 | INFO | epoch=055 train_batch=310/392 running_loss=0.038803
2026-08-19 19:01:43 | INFO | epoch=055 train_batch=320/392 running_loss=0.038845
2026-08-19 19:01:43 | INFO | epoch=055 train_batch=330/392 running_loss=0.038817
2026-08-19 19:01:44 | INFO | epoch=055 train_batch=340/392 running_loss=0.038770
2026-08-19 19:01:44 | INFO | epoch=055 train_batch=350/392 running_loss=0.038889
2026-08-19 19:01:44 | INFO | epoch=055 train_batch=360/392 running_loss=0.038907
2026-08-19 19:01:44 | INFO | epoch=055 train_batch=370/392 running_loss=0.038869
2026-08-19 19:01:45 | INFO | epoch=055 train_batch=380/392 running_loss=0.038794
2026-08-19 19:01:45 | INFO | epoch=055 train_batch=390/392 running_loss=0.038672
2026-08-19 19:01:45 | INFO | epoch=055 train_batch=392/392 running_loss=0.038660
2026-08-19 19:01:46 | INFO | epoch=055 train_loss=0.038660 validation_loss=0.260574
2026-08-19 19:01:46 | INFO | epoch=056 train_batch=10/392 running_loss=0.039682
2026-08-19 19:01:46 | INFO | epoch=056 train_batch=20/392 running_loss=0.039032
2026-08-19 19:01:47 | INFO | epoch=056 train_batch=30/392 running_loss=0.039077
2026-08-19 19:01:47 | INFO | epoch=056 train_batch=40/392 running_loss=0.038810
2026-08-19 19:01:47 | INFO | epoch=056 train_batch=50/392 running_loss=0.038374
2026-08-19 19:01:47 | INFO | epoch=056 train_batch=60/392 running_loss=0.037657
2026-08-19 19:01:48 | INFO | epoch=056 train_batch=70/392 running_loss=0.037695
2026-08-19 19:01:48 | INFO | epoch=056 train_batch=80/392 running_loss=0.037814
2026-08-19 19:01:48 | INFO | epoch=056 train_batch=90/392 running_loss=0.037643
2026-08-19 19:01:48 | INFO | epoch=056 train_batch=100/392 running_loss=0.037865
2026-08-19 19:01:48 | INFO | epoch=056 train_batch=110/392 running_loss=0.037981
2026-08-19 19:01:49 | INFO | epoch=056 train_batch=120/392 running_loss=0.037718
2026-08-19 19:01:49 | INFO | epoch=056 train_batch=130/392 running_loss=0.037903
2026-08-19 19:01:49 | INFO | epoch=056 train_batch=140/392 running_loss=0.037982
2026-08-19 19:01:49 | INFO | epoch=056 train_batch=150/392 running_loss=0.037883
2026-08-19 19:01:50 | INFO | epoch=056 train_batch=160/392 running_loss=0.037829
2026-08-19 19:01:50 | INFO | epoch=056 train_batch=170/392 running_loss=0.037820
2026-08-19 19:01:50 | INFO | epoch=056 train_batch=180/392 running_loss=0.037866
2026-08-19 19:01:50 | INFO | epoch=056 train_batch=190/392 running_loss=0.037851
2026-08-19 19:01:51 | INFO | epoch=056 train_batch=200/392 running_loss=0.037695
2026-08-19 19:01:51 | INFO | epoch=056 train_batch=210/392 running_loss=0.037830
2026-08-19 19:01:51 | INFO | epoch=056 train_batch=220/392 running_loss=0.037822
2026-08-19 19:01:51 | INFO | epoch=056 train_batch=230/392 running_loss=0.037954
2026-08-19 19:01:52 | INFO | epoch=056 train_batch=240/392 running_loss=0.037972
2026-08-19 19:01:52 | INFO | epoch=056 train_batch=250/392 running_loss=0.038010
2026-08-19 19:01:52 | INFO | epoch=056 train_batch=260/392 running_loss=0.038104
2026-08-19 19:01:52 | INFO | epoch=056 train_batch=270/392 running_loss=0.038235
2026-08-19 19:01:53 | INFO | epoch=056 train_batch=280/392 running_loss=0.038173
2026-08-19 19:01:53 | INFO | epoch=056 train_batch=290/392 running_loss=0.038214
2026-08-19 19:01:53 | INFO | epoch=056 train_batch=300/392 running_loss=0.038251
2026-08-19 19:01:53 | INFO | epoch=056 train_batch=310/392 running_loss=0.038203
2026-08-19 19:01:54 | INFO | epoch=056 train_batch=320/392 running_loss=0.038100
2026-08-19 19:01:54 | INFO | epoch=056 train_batch=330/392 running_loss=0.038195
2026-08-19 19:01:54 | INFO | epoch=056 train_batch=340/392 running_loss=0.038243
2026-08-19 19:01:54 | INFO | epoch=056 train_batch=350/392 running_loss=0.038236
2026-08-19 19:01:55 | INFO | epoch=056 train_batch=360/392 running_loss=0.038322
2026-08-19 19:01:55 | INFO | epoch=056 train_batch=370/392 running_loss=0.038322
2026-08-19 19:01:55 | INFO | epoch=056 train_batch=380/392 running_loss=0.038388
2026-08-19 19:01:55 | INFO | epoch=056 train_batch=390/392 running_loss=0.038400
2026-08-19 19:01:55 | INFO | epoch=056 train_batch=392/392 running_loss=0.038416
2026-08-19 19:01:56 | INFO | epoch=056 train_loss=0.038416 validation_loss=0.259689
2026-08-19 19:01:56 | INFO | epoch=057 train_batch=10/392 running_loss=0.038120
2026-08-19 19:01:57 | INFO | epoch=057 train_batch=20/392 running_loss=0.038051
2026-08-19 19:01:57 | INFO | epoch=057 train_batch=30/392 running_loss=0.038573
2026-08-19 19:01:57 | INFO | epoch=057 train_batch=40/392 running_loss=0.038594
2026-08-19 19:01:57 | INFO | epoch=057 train_batch=50/392 running_loss=0.038572
2026-08-19 19:01:58 | INFO | epoch=057 train_batch=60/392 running_loss=0.038639
2026-08-19 19:01:58 | INFO | epoch=057 train_batch=70/392 running_loss=0.037987
2026-08-19 19:01:58 | INFO | epoch=057 train_batch=80/392 running_loss=0.037989
2026-08-19 19:01:58 | INFO | epoch=057 train_batch=90/392 running_loss=0.037738
2026-08-19 19:01:59 | INFO | epoch=057 train_batch=100/392 running_loss=0.038012
2026-08-19 19:01:59 | INFO | epoch=057 train_batch=110/392 running_loss=0.038122
2026-08-19 19:01:59 | INFO | epoch=057 train_batch=120/392 running_loss=0.038056
2026-08-19 19:01:59 | INFO | epoch=057 train_batch=130/392 running_loss=0.037748
2026-08-19 19:02:00 | INFO | epoch=057 train_batch=140/392 running_loss=0.037445
2026-08-19 19:02:00 | INFO | epoch=057 train_batch=150/392 running_loss=0.037721
2026-08-19 19:02:00 | INFO | epoch=057 train_batch=160/392 running_loss=0.037805
2026-08-19 19:02:00 | INFO | epoch=057 train_batch=170/392 running_loss=0.037757
2026-08-19 19:02:01 | INFO | epoch=057 train_batch=180/392 running_loss=0.037788
2026-08-19 19:02:01 | INFO | epoch=057 train_batch=190/392 running_loss=0.037774
2026-08-19 19:02:01 | INFO | epoch=057 train_batch=200/392 running_loss=0.037781
2026-08-19 19:02:01 | INFO | epoch=057 train_batch=210/392 running_loss=0.037737
2026-08-19 19:02:02 | INFO | epoch=057 train_batch=220/392 running_loss=0.037651
2026-08-19 19:02:02 | INFO | epoch=057 train_batch=230/392 running_loss=0.037667
2026-08-19 19:02:02 | INFO | epoch=057 train_batch=240/392 running_loss=0.037670
2026-08-19 19:02:02 | INFO | epoch=057 train_batch=250/392 running_loss=0.037668
2026-08-19 19:02:03 | INFO | epoch=057 train_batch=260/392 running_loss=0.037584
2026-08-19 19:02:03 | INFO | epoch=057 train_batch=270/392 running_loss=0.037566
2026-08-19 19:02:03 | INFO | epoch=057 train_batch=280/392 running_loss=0.037498
2026-08-19 19:02:03 | INFO | epoch=057 train_batch=290/392 running_loss=0.037556
2026-08-19 19:02:04 | INFO | epoch=057 train_batch=300/392 running_loss=0.037569
2026-08-19 19:02:04 | INFO | epoch=057 train_batch=310/392 running_loss=0.037673
2026-08-19 19:02:04 | INFO | epoch=057 train_batch=320/392 running_loss=0.037899
2026-08-19 19:02:04 | INFO | epoch=057 train_batch=330/392 running_loss=0.037962
2026-08-19 19:02:04 | INFO | epoch=057 train_batch=340/392 running_loss=0.037988
2026-08-19 19:02:05 | INFO | epoch=057 train_batch=350/392 running_loss=0.037999
2026-08-19 19:02:05 | INFO | epoch=057 train_batch=360/392 running_loss=0.037977
2026-08-19 19:02:05 | INFO | epoch=057 train_batch=370/392 running_loss=0.038091
2026-08-19 19:02:05 | INFO | epoch=057 train_batch=380/392 running_loss=0.038142
2026-08-19 19:02:06 | INFO | epoch=057 train_batch=390/392 running_loss=0.038253
2026-08-19 19:02:06 | INFO | epoch=057 train_batch=392/392 running_loss=0.038243
2026-08-19 19:02:06 | INFO | epoch=057 train_loss=0.038243 validation_loss=0.259850
2026-08-19 19:02:07 | INFO | epoch=058 train_batch=10/392 running_loss=0.038467
2026-08-19 19:02:07 | INFO | epoch=058 train_batch=20/392 running_loss=0.038199
2026-08-19 19:02:07 | INFO | epoch=058 train_batch=30/392 running_loss=0.038239
2026-08-19 19:02:07 | INFO | epoch=058 train_batch=40/392 running_loss=0.038739
2026-08-19 19:02:08 | INFO | epoch=058 train_batch=50/392 running_loss=0.038695
2026-08-19 19:02:08 | INFO | epoch=058 train_batch=60/392 running_loss=0.038243
2026-08-19 19:02:08 | INFO | epoch=058 train_batch=70/392 running_loss=0.038305
2026-08-19 19:02:08 | INFO | epoch=058 train_batch=80/392 running_loss=0.038257
2026-08-19 19:02:09 | INFO | epoch=058 train_batch=90/392 running_loss=0.038188
2026-08-19 19:02:09 | INFO | epoch=058 train_batch=100/392 running_loss=0.038080
2026-08-19 19:02:09 | INFO | epoch=058 train_batch=110/392 running_loss=0.037802
2026-08-19 19:02:09 | INFO | epoch=058 train_batch=120/392 running_loss=0.037978
2026-08-19 19:02:10 | INFO | epoch=058 train_batch=130/392 running_loss=0.038026
2026-08-19 19:02:10 | INFO | epoch=058 train_batch=140/392 running_loss=0.038094
2026-08-19 19:02:10 | INFO | epoch=058 train_batch=150/392 running_loss=0.038264
2026-08-19 19:02:10 | INFO | epoch=058 train_batch=160/392 running_loss=0.038226
2026-08-19 19:02:11 | INFO | epoch=058 train_batch=170/392 running_loss=0.038229
2026-08-19 19:02:11 | INFO | epoch=058 train_batch=180/392 running_loss=0.038287
2026-08-19 19:02:11 | INFO | epoch=058 train_batch=190/392 running_loss=0.038501
2026-08-19 19:02:11 | INFO | epoch=058 train_batch=200/392 running_loss=0.038549
2026-08-19 19:02:11 | INFO | epoch=058 train_batch=210/392 running_loss=0.038507
2026-08-19 19:02:12 | INFO | epoch=058 train_batch=220/392 running_loss=0.038469
2026-08-19 19:02:12 | INFO | epoch=058 train_batch=230/392 running_loss=0.038454
2026-08-19 19:02:12 | INFO | epoch=058 train_batch=240/392 running_loss=0.038443
2026-08-19 19:02:12 | INFO | epoch=058 train_batch=250/392 running_loss=0.038277
2026-08-19 19:02:13 | INFO | epoch=058 train_batch=260/392 running_loss=0.038369
2026-08-19 19:02:13 | INFO | epoch=058 train_batch=270/392 running_loss=0.038478
2026-08-19 19:02:13 | INFO | epoch=058 train_batch=280/392 running_loss=0.038435
2026-08-19 19:02:13 | INFO | epoch=058 train_batch=290/392 running_loss=0.038455
2026-08-19 19:02:14 | INFO | epoch=058 train_batch=300/392 running_loss=0.038372
2026-08-19 19:02:14 | INFO | epoch=058 train_batch=310/392 running_loss=0.038256
2026-08-19 19:02:14 | INFO | epoch=058 train_batch=320/392 running_loss=0.038312
2026-08-19 19:02:14 | INFO | epoch=058 train_batch=330/392 running_loss=0.038389
2026-08-19 19:02:15 | INFO | epoch=058 train_batch=340/392 running_loss=0.038329
2026-08-19 19:02:15 | INFO | epoch=058 train_batch=350/392 running_loss=0.038249
2026-08-19 19:02:15 | INFO | epoch=058 train_batch=360/392 running_loss=0.038236
2026-08-19 19:02:15 | INFO | epoch=058 train_batch=370/392 running_loss=0.038216
2026-08-19 19:02:15 | INFO | epoch=058 train_batch=380/392 running_loss=0.038162
2026-08-19 19:02:16 | INFO | epoch=058 train_batch=390/392 running_loss=0.038181
2026-08-19 19:02:16 | INFO | epoch=058 train_batch=392/392 running_loss=0.038148
2026-08-19 19:02:16 | INFO | epoch=058 train_loss=0.038148 validation_loss=0.268662
2026-08-19 19:02:17 | INFO | epoch=059 train_batch=10/392 running_loss=0.036910
2026-08-19 19:02:17 | INFO | epoch=059 train_batch=20/392 running_loss=0.038039
2026-08-19 19:02:17 | INFO | epoch=059 train_batch=30/392 running_loss=0.038037
2026-08-19 19:02:17 | INFO | epoch=059 train_batch=40/392 running_loss=0.037500
2026-08-19 19:02:18 | INFO | epoch=059 train_batch=50/392 running_loss=0.037428
2026-08-19 19:02:18 | INFO | epoch=059 train_batch=60/392 running_loss=0.037568
2026-08-19 19:02:18 | INFO | epoch=059 train_batch=70/392 running_loss=0.037190
2026-08-19 19:02:18 | INFO | epoch=059 train_batch=80/392 running_loss=0.037061
2026-08-19 19:02:19 | INFO | epoch=059 train_batch=90/392 running_loss=0.037070
2026-08-19 19:02:19 | INFO | epoch=059 train_batch=100/392 running_loss=0.036700
2026-08-19 19:02:19 | INFO | epoch=059 train_batch=110/392 running_loss=0.036789
2026-08-19 19:02:19 | INFO | epoch=059 train_batch=120/392 running_loss=0.036969
2026-08-19 19:02:19 | INFO | epoch=059 train_batch=130/392 running_loss=0.037149
2026-08-19 19:02:20 | INFO | epoch=059 train_batch=140/392 running_loss=0.037118
2026-08-19 19:02:20 | INFO | epoch=059 train_batch=150/392 running_loss=0.037183
2026-08-19 19:02:20 | INFO | epoch=059 train_batch=160/392 running_loss=0.037351
2026-08-19 19:02:20 | INFO | epoch=059 train_batch=170/392 running_loss=0.037655
2026-08-19 19:02:21 | INFO | epoch=059 train_batch=180/392 running_loss=0.037811
2026-08-19 19:02:21 | INFO | epoch=059 train_batch=190/392 running_loss=0.037868
2026-08-19 19:02:21 | INFO | epoch=059 train_batch=200/392 running_loss=0.037963
2026-08-19 19:02:21 | INFO | epoch=059 train_batch=210/392 running_loss=0.037962
2026-08-19 19:02:22 | INFO | epoch=059 train_batch=220/392 running_loss=0.037804
2026-08-19 19:02:22 | INFO | epoch=059 train_batch=230/392 running_loss=0.037905
2026-08-19 19:02:22 | INFO | epoch=059 train_batch=240/392 running_loss=0.037841
2026-08-19 19:02:22 | INFO | epoch=059 train_batch=250/392 running_loss=0.037965
2026-08-19 19:02:23 | INFO | epoch=059 train_batch=260/392 running_loss=0.038010
2026-08-19 19:02:23 | INFO | epoch=059 train_batch=270/392 running_loss=0.038004
2026-08-19 19:02:23 | INFO | epoch=059 train_batch=280/392 running_loss=0.037960
2026-08-19 19:02:23 | INFO | epoch=059 train_batch=290/392 running_loss=0.037986
2026-08-19 19:02:23 | INFO | epoch=059 train_batch=300/392 running_loss=0.038037
2026-08-19 19:02:24 | INFO | epoch=059 train_batch=310/392 running_loss=0.038073
2026-08-19 19:02:24 | INFO | epoch=059 train_batch=320/392 running_loss=0.038110
2026-08-19 19:02:24 | INFO | epoch=059 train_batch=330/392 running_loss=0.038100
2026-08-19 19:02:24 | INFO | epoch=059 train_batch=340/392 running_loss=0.038139
2026-08-19 19:02:25 | INFO | epoch=059 train_batch=350/392 running_loss=0.038193
2026-08-19 19:02:25 | INFO | epoch=059 train_batch=360/392 running_loss=0.038182
2026-08-19 19:02:25 | INFO | epoch=059 train_batch=370/392 running_loss=0.038159
2026-08-19 19:02:25 | INFO | epoch=059 train_batch=380/392 running_loss=0.038143
2026-08-19 19:02:26 | INFO | epoch=059 train_batch=390/392 running_loss=0.038120
2026-08-19 19:02:26 | INFO | epoch=059 train_batch=392/392 running_loss=0.038152
2026-08-19 19:02:26 | INFO | epoch=059 train_loss=0.038152 validation_loss=0.260075
2026-08-19 19:02:27 | INFO | epoch=060 train_batch=10/392 running_loss=0.037829
2026-08-19 19:02:27 | INFO | epoch=060 train_batch=20/392 running_loss=0.037535
2026-08-19 19:02:27 | INFO | epoch=060 train_batch=30/392 running_loss=0.037554
2026-08-19 19:02:27 | INFO | epoch=060 train_batch=40/392 running_loss=0.038038
2026-08-19 19:02:28 | INFO | epoch=060 train_batch=50/392 running_loss=0.038256
2026-08-19 19:02:28 | INFO | epoch=060 train_batch=60/392 running_loss=0.037869
2026-08-19 19:02:28 | INFO | epoch=060 train_batch=70/392 running_loss=0.038092
2026-08-19 19:02:28 | INFO | epoch=060 train_batch=80/392 running_loss=0.038229
2026-08-19 19:02:29 | INFO | epoch=060 train_batch=90/392 running_loss=0.038029
2026-08-19 19:02:29 | INFO | epoch=060 train_batch=100/392 running_loss=0.038121
2026-08-19 19:02:29 | INFO | epoch=060 train_batch=110/392 running_loss=0.037927
2026-08-19 19:02:29 | INFO | epoch=060 train_batch=120/392 running_loss=0.037896
2026-08-19 19:02:30 | INFO | epoch=060 train_batch=130/392 running_loss=0.037850
2026-08-19 19:02:30 | INFO | epoch=060 train_batch=140/392 running_loss=0.037558
2026-08-19 19:02:30 | INFO | epoch=060 train_batch=150/392 running_loss=0.037478
2026-08-19 19:02:30 | INFO | epoch=060 train_batch=160/392 running_loss=0.037578
2026-08-19 19:02:30 | INFO | epoch=060 train_batch=170/392 running_loss=0.037712
2026-08-19 19:02:31 | INFO | epoch=060 train_batch=180/392 running_loss=0.037649
2026-08-19 19:02:31 | INFO | epoch=060 train_batch=190/392 running_loss=0.037565
2026-08-19 19:02:31 | INFO | epoch=060 train_batch=200/392 running_loss=0.037736
2026-08-19 19:02:31 | INFO | epoch=060 train_batch=210/392 running_loss=0.037703
2026-08-19 19:02:32 | INFO | epoch=060 train_batch=220/392 running_loss=0.037855
2026-08-19 19:02:32 | INFO | epoch=060 train_batch=230/392 running_loss=0.037925
2026-08-19 19:02:32 | INFO | epoch=060 train_batch=240/392 running_loss=0.037925
2026-08-19 19:02:32 | INFO | epoch=060 train_batch=250/392 running_loss=0.037891
2026-08-19 19:02:33 | INFO | epoch=060 train_batch=260/392 running_loss=0.037852
2026-08-19 19:02:33 | INFO | epoch=060 train_batch=270/392 running_loss=0.037901
2026-08-19 19:02:33 | INFO | epoch=060 train_batch=280/392 running_loss=0.037867
2026-08-19 19:02:33 | INFO | epoch=060 train_batch=290/392 running_loss=0.037986
2026-08-19 19:02:34 | INFO | epoch=060 train_batch=300/392 running_loss=0.037911
2026-08-19 19:02:34 | INFO | epoch=060 train_batch=310/392 running_loss=0.037880
2026-08-19 19:02:34 | INFO | epoch=060 train_batch=320/392 running_loss=0.037885
2026-08-19 19:02:34 | INFO | epoch=060 train_batch=330/392 running_loss=0.037858
2026-08-19 19:02:35 | INFO | epoch=060 train_batch=340/392 running_loss=0.037677
2026-08-19 19:02:35 | INFO | epoch=060 train_batch=350/392 running_loss=0.037569
2026-08-19 19:02:35 | INFO | epoch=060 train_batch=360/392 running_loss=0.037632
2026-08-19 19:02:35 | INFO | epoch=060 train_batch=370/392 running_loss=0.037668
2026-08-19 19:02:36 | INFO | epoch=060 train_batch=380/392 running_loss=0.037672
2026-08-19 19:02:36 | INFO | epoch=060 train_batch=390/392 running_loss=0.037714
2026-08-19 19:02:36 | INFO | epoch=060 train_batch=392/392 running_loss=0.037711
2026-08-19 19:02:37 | INFO | epoch=060 train_loss=0.037711 validation_loss=0.263702
2026-08-19 19:02:37 | INFO | epoch=061 train_batch=10/392 running_loss=0.041282
2026-08-19 19:02:37 | INFO | epoch=061 train_batch=20/392 running_loss=0.038439
2026-08-19 19:02:37 | INFO | epoch=061 train_batch=30/392 running_loss=0.037293
2026-08-19 19:02:38 | INFO | epoch=061 train_batch=40/392 running_loss=0.036841
2026-08-19 19:02:38 | INFO | epoch=061 train_batch=50/392 running_loss=0.037064
2026-08-19 19:02:38 | INFO | epoch=061 train_batch=60/392 running_loss=0.036824
2026-08-19 19:02:38 | INFO | epoch=061 train_batch=70/392 running_loss=0.036993
2026-08-19 19:02:39 | INFO | epoch=061 train_batch=80/392 running_loss=0.037089
2026-08-19 19:02:39 | INFO | epoch=061 train_batch=90/392 running_loss=0.036990
2026-08-19 19:02:39 | INFO | epoch=061 train_batch=100/392 running_loss=0.037041
2026-08-19 19:02:39 | INFO | epoch=061 train_batch=110/392 running_loss=0.037063
2026-08-19 19:02:40 | INFO | epoch=061 train_batch=120/392 running_loss=0.037067
2026-08-19 19:02:40 | INFO | epoch=061 train_batch=130/392 running_loss=0.037186
2026-08-19 19:02:40 | INFO | epoch=061 train_batch=140/392 running_loss=0.036966
2026-08-19 19:02:40 | INFO | epoch=061 train_batch=150/392 running_loss=0.037065
2026-08-19 19:02:41 | INFO | epoch=061 train_batch=160/392 running_loss=0.037201
2026-08-19 19:02:41 | INFO | epoch=061 train_batch=170/392 running_loss=0.037246
2026-08-19 19:02:41 | INFO | epoch=061 train_batch=180/392 running_loss=0.037152
2026-08-19 19:02:41 | INFO | epoch=061 train_batch=190/392 running_loss=0.037119
2026-08-19 19:02:42 | INFO | epoch=061 train_batch=200/392 running_loss=0.037217
2026-08-19 19:02:42 | INFO | epoch=061 train_batch=210/392 running_loss=0.037134
2026-08-19 19:02:42 | INFO | epoch=061 train_batch=220/392 running_loss=0.037205
2026-08-19 19:02:42 | INFO | epoch=061 train_batch=230/392 running_loss=0.037170
2026-08-19 19:02:43 | INFO | epoch=061 train_batch=240/392 running_loss=0.037180
2026-08-19 19:02:43 | INFO | epoch=061 train_batch=250/392 running_loss=0.037159
2026-08-19 19:02:43 | INFO | epoch=061 train_batch=260/392 running_loss=0.037162
2026-08-19 19:02:43 | INFO | epoch=061 train_batch=270/392 running_loss=0.037351
2026-08-19 19:02:44 | INFO | epoch=061 train_batch=280/392 running_loss=0.037456
2026-08-19 19:02:44 | INFO | epoch=061 train_batch=290/392 running_loss=0.037537
2026-08-19 19:02:44 | INFO | epoch=061 train_batch=300/392 running_loss=0.037545
2026-08-19 19:02:44 | INFO | epoch=061 train_batch=310/392 running_loss=0.037595
2026-08-19 19:02:45 | INFO | epoch=061 train_batch=320/392 running_loss=0.037585
2026-08-19 19:02:45 | INFO | epoch=061 train_batch=330/392 running_loss=0.037615
2026-08-19 19:02:45 | INFO | epoch=061 train_batch=340/392 running_loss=0.037609
2026-08-19 19:02:45 | INFO | epoch=061 train_batch=350/392 running_loss=0.037733
2026-08-19 19:02:46 | INFO | epoch=061 train_batch=360/392 running_loss=0.037675
2026-08-19 19:02:46 | INFO | epoch=061 train_batch=370/392 running_loss=0.037727
2026-08-19 19:02:46 | INFO | epoch=061 train_batch=380/392 running_loss=0.037793
2026-08-19 19:02:46 | INFO | epoch=061 train_batch=390/392 running_loss=0.037831
2026-08-19 19:02:46 | INFO | epoch=061 train_batch=392/392 running_loss=0.037833
2026-08-19 19:02:47 | INFO | epoch=061 train_loss=0.037833 validation_loss=0.256708
2026-08-19 19:02:47 | INFO | epoch=061 saved new best.pt
2026-08-19 19:02:48 | INFO | epoch=062 train_batch=10/392 running_loss=0.040049
2026-08-19 19:02:48 | INFO | epoch=062 train_batch=20/392 running_loss=0.038634
2026-08-19 19:02:48 | INFO | epoch=062 train_batch=30/392 running_loss=0.039048
2026-08-19 19:02:48 | INFO | epoch=062 train_batch=40/392 running_loss=0.038288
2026-08-19 19:02:49 | INFO | epoch=062 train_batch=50/392 running_loss=0.037617
2026-08-19 19:02:49 | INFO | epoch=062 train_batch=60/392 running_loss=0.037368
2026-08-19 19:02:49 | INFO | epoch=062 train_batch=70/392 running_loss=0.037317
2026-08-19 19:02:49 | INFO | epoch=062 train_batch=80/392 running_loss=0.036924
2026-08-19 19:02:49 | INFO | epoch=062 train_batch=90/392 running_loss=0.037040
2026-08-19 19:02:50 | INFO | epoch=062 train_batch=100/392 running_loss=0.036954
2026-08-19 19:02:50 | INFO | epoch=062 train_batch=110/392 running_loss=0.036847
2026-08-19 19:02:50 | INFO | epoch=062 train_batch=120/392 running_loss=0.036605
2026-08-19 19:02:50 | INFO | epoch=062 train_batch=130/392 running_loss=0.036871
2026-08-19 19:02:51 | INFO | epoch=062 train_batch=140/392 running_loss=0.036840
2026-08-19 19:02:51 | INFO | epoch=062 train_batch=150/392 running_loss=0.037008
2026-08-19 19:02:51 | INFO | epoch=062 train_batch=160/392 running_loss=0.037149
2026-08-19 19:02:51 | INFO | epoch=062 train_batch=170/392 running_loss=0.037105
2026-08-19 19:02:52 | INFO | epoch=062 train_batch=180/392 running_loss=0.037109
2026-08-19 19:02:52 | INFO | epoch=062 train_batch=190/392 running_loss=0.036995
2026-08-19 19:02:52 | INFO | epoch=062 train_batch=200/392 running_loss=0.037091
2026-08-19 19:02:52 | INFO | epoch=062 train_batch=210/392 running_loss=0.037036
2026-08-19 19:02:53 | INFO | epoch=062 train_batch=220/392 running_loss=0.037234
2026-08-19 19:02:53 | INFO | epoch=062 train_batch=230/392 running_loss=0.037263
2026-08-19 19:02:53 | INFO | epoch=062 train_batch=240/392 running_loss=0.037286
2026-08-19 19:02:53 | INFO | epoch=062 train_batch=250/392 running_loss=0.037357
2026-08-19 19:02:54 | INFO | epoch=062 train_batch=260/392 running_loss=0.037298
2026-08-19 19:02:54 | INFO | epoch=062 train_batch=270/392 running_loss=0.037379
2026-08-19 19:02:54 | INFO | epoch=062 train_batch=280/392 running_loss=0.037383
2026-08-19 19:02:54 | INFO | epoch=062 train_batch=290/392 running_loss=0.037408
2026-08-19 19:02:55 | INFO | epoch=062 train_batch=300/392 running_loss=0.037436
2026-08-19 19:02:55 | INFO | epoch=062 train_batch=310/392 running_loss=0.037477
2026-08-19 19:02:55 | INFO | epoch=062 train_batch=320/392 running_loss=0.037652
2026-08-19 19:02:55 | INFO | epoch=062 train_batch=330/392 running_loss=0.037758
2026-08-19 19:02:56 | INFO | epoch=062 train_batch=340/392 running_loss=0.037740
2026-08-19 19:02:56 | INFO | epoch=062 train_batch=350/392 running_loss=0.037752
2026-08-19 19:02:56 | INFO | epoch=062 train_batch=360/392 running_loss=0.037780
2026-08-19 19:02:56 | INFO | epoch=062 train_batch=370/392 running_loss=0.037710
2026-08-19 19:02:57 | INFO | epoch=062 train_batch=380/392 running_loss=0.037577
2026-08-19 19:02:57 | INFO | epoch=062 train_batch=390/392 running_loss=0.037658
2026-08-19 19:02:57 | INFO | epoch=062 train_batch=392/392 running_loss=0.037675
2026-08-19 19:02:58 | INFO | epoch=062 train_loss=0.037675 validation_loss=0.258403
2026-08-19 19:02:58 | INFO | epoch=063 train_batch=10/392 running_loss=0.035648
2026-08-19 19:02:58 | INFO | epoch=063 train_batch=20/392 running_loss=0.036490
2026-08-19 19:02:58 | INFO | epoch=063 train_batch=30/392 running_loss=0.036666
2026-08-19 19:02:59 | INFO | epoch=063 train_batch=40/392 running_loss=0.036998
2026-08-19 19:02:59 | INFO | epoch=063 train_batch=50/392 running_loss=0.036900
2026-08-19 19:02:59 | INFO | epoch=063 train_batch=60/392 running_loss=0.036746
2026-08-19 19:02:59 | INFO | epoch=063 train_batch=70/392 running_loss=0.036268
2026-08-19 19:03:00 | INFO | epoch=063 train_batch=80/392 running_loss=0.036320
2026-08-19 19:03:00 | INFO | epoch=063 train_batch=90/392 running_loss=0.036443
2026-08-19 19:03:00 | INFO | epoch=063 train_batch=100/392 running_loss=0.036563
2026-08-19 19:03:00 | INFO | epoch=063 train_batch=110/392 running_loss=0.036737
2026-08-19 19:03:01 | INFO | epoch=063 train_batch=120/392 running_loss=0.037045
2026-08-19 19:03:01 | INFO | epoch=063 train_batch=130/392 running_loss=0.036754
2026-08-19 19:03:01 | INFO | epoch=063 train_batch=140/392 running_loss=0.036823
2026-08-19 19:03:01 | INFO | epoch=063 train_batch=150/392 running_loss=0.036712
2026-08-19 19:03:02 | INFO | epoch=063 train_batch=160/392 running_loss=0.036738
2026-08-19 19:03:02 | INFO | epoch=063 train_batch=170/392 running_loss=0.036664
2026-08-19 19:03:02 | INFO | epoch=063 train_batch=180/392 running_loss=0.036902
2026-08-19 19:03:02 | INFO | epoch=063 train_batch=190/392 running_loss=0.036724
2026-08-19 19:03:03 | INFO | epoch=063 train_batch=200/392 running_loss=0.036636
2026-08-19 19:03:03 | INFO | epoch=063 train_batch=210/392 running_loss=0.036636
2026-08-19 19:03:03 | INFO | epoch=063 train_batch=220/392 running_loss=0.036677
2026-08-19 19:03:03 | INFO | epoch=063 train_batch=230/392 running_loss=0.036644
2026-08-19 19:03:04 | INFO | epoch=063 train_batch=240/392 running_loss=0.036727
2026-08-19 19:03:04 | INFO | epoch=063 train_batch=250/392 running_loss=0.036779
2026-08-19 19:03:04 | INFO | epoch=063 train_batch=260/392 running_loss=0.036771
2026-08-19 19:03:04 | INFO | epoch=063 train_batch=270/392 running_loss=0.036820
2026-08-19 19:03:05 | INFO | epoch=063 train_batch=280/392 running_loss=0.036787
2026-08-19 19:03:05 | INFO | epoch=063 train_batch=290/392 running_loss=0.036930
2026-08-19 19:03:05 | INFO | epoch=063 train_batch=300/392 running_loss=0.036962
2026-08-19 19:03:05 | INFO | epoch=063 train_batch=310/392 running_loss=0.037061
2026-08-19 19:03:06 | INFO | epoch=063 train_batch=320/392 running_loss=0.037064
2026-08-19 19:03:06 | INFO | epoch=063 train_batch=330/392 running_loss=0.037044
2026-08-19 19:03:06 | INFO | epoch=063 train_batch=340/392 running_loss=0.037091
2026-08-19 19:03:06 | INFO | epoch=063 train_batch=350/392 running_loss=0.037151
2026-08-19 19:03:07 | INFO | epoch=063 train_batch=360/392 running_loss=0.037187
2026-08-19 19:03:07 | INFO | epoch=063 train_batch=370/392 running_loss=0.037127
2026-08-19 19:03:07 | INFO | epoch=063 train_batch=380/392 running_loss=0.037193
2026-08-19 19:03:07 | INFO | epoch=063 train_batch=390/392 running_loss=0.037245
2026-08-19 19:03:07 | INFO | epoch=063 train_batch=392/392 running_loss=0.037306
2026-08-19 19:03:08 | INFO | epoch=063 train_loss=0.037306 validation_loss=0.261205
2026-08-19 19:03:08 | INFO | epoch=064 train_batch=10/392 running_loss=0.038659
2026-08-19 19:03:09 | INFO | epoch=064 train_batch=20/392 running_loss=0.037493
2026-08-19 19:03:09 | INFO | epoch=064 train_batch=30/392 running_loss=0.036992
2026-08-19 19:03:09 | INFO | epoch=064 train_batch=40/392 running_loss=0.037518
2026-08-19 19:03:09 | INFO | epoch=064 train_batch=50/392 running_loss=0.037090
2026-08-19 19:03:10 | INFO | epoch=064 train_batch=60/392 running_loss=0.037085
2026-08-19 19:03:10 | INFO | epoch=064 train_batch=70/392 running_loss=0.037109
2026-08-19 19:03:10 | INFO | epoch=064 train_batch=80/392 running_loss=0.036867
2026-08-19 19:03:10 | INFO | epoch=064 train_batch=90/392 running_loss=0.036818
2026-08-19 19:03:11 | INFO | epoch=064 train_batch=100/392 running_loss=0.036842
2026-08-19 19:03:11 | INFO | epoch=064 train_batch=110/392 running_loss=0.036974
2026-08-19 19:03:11 | INFO | epoch=064 train_batch=120/392 running_loss=0.036724
2026-08-19 19:03:11 | INFO | epoch=064 train_batch=130/392 running_loss=0.036653
2026-08-19 19:03:12 | INFO | epoch=064 train_batch=140/392 running_loss=0.036501
2026-08-19 19:03:12 | INFO | epoch=064 train_batch=150/392 running_loss=0.036434
2026-08-19 19:03:12 | INFO | epoch=064 train_batch=160/392 running_loss=0.036597
2026-08-19 19:03:12 | INFO | epoch=064 train_batch=170/392 running_loss=0.036734
2026-08-19 19:03:13 | INFO | epoch=064 train_batch=180/392 running_loss=0.036996
2026-08-19 19:03:13 | INFO | epoch=064 train_batch=190/392 running_loss=0.037064
2026-08-19 19:03:13 | INFO | epoch=064 train_batch=200/392 running_loss=0.037344
2026-08-19 19:03:13 | INFO | epoch=064 train_batch=210/392 running_loss=0.037486
2026-08-19 19:03:14 | INFO | epoch=064 train_batch=220/392 running_loss=0.037349
2026-08-19 19:03:14 | INFO | epoch=064 train_batch=230/392 running_loss=0.037361
2026-08-19 19:03:14 | INFO | epoch=064 train_batch=240/392 running_loss=0.037524
2026-08-19 19:03:14 | INFO | epoch=064 train_batch=250/392 running_loss=0.037438
2026-08-19 19:03:14 | INFO | epoch=064 train_batch=260/392 running_loss=0.037452
2026-08-19 19:03:15 | INFO | epoch=064 train_batch=270/392 running_loss=0.037400
2026-08-19 19:03:15 | INFO | epoch=064 train_batch=280/392 running_loss=0.037405
2026-08-19 19:03:15 | INFO | epoch=064 train_batch=290/392 running_loss=0.037243
2026-08-19 19:03:15 | INFO | epoch=064 train_batch=300/392 running_loss=0.037312
2026-08-19 19:03:16 | INFO | epoch=064 train_batch=310/392 running_loss=0.037441
2026-08-19 19:03:16 | INFO | epoch=064 train_batch=320/392 running_loss=0.037377
2026-08-19 19:03:16 | INFO | epoch=064 train_batch=330/392 running_loss=0.037281
2026-08-19 19:03:16 | INFO | epoch=064 train_batch=340/392 running_loss=0.037235
2026-08-19 19:03:16 | INFO | epoch=064 train_batch=350/392 running_loss=0.037281
2026-08-19 19:03:17 | INFO | epoch=064 train_batch=360/392 running_loss=0.037391
2026-08-19 19:03:17 | INFO | epoch=064 train_batch=370/392 running_loss=0.037426
2026-08-19 19:03:17 | INFO | epoch=064 train_batch=380/392 running_loss=0.037335
2026-08-19 19:03:17 | INFO | epoch=064 train_batch=390/392 running_loss=0.037397
2026-08-19 19:03:17 | INFO | epoch=064 train_batch=392/392 running_loss=0.037393
2026-08-19 19:03:18 | INFO | epoch=064 train_loss=0.037393 validation_loss=0.258049
2026-08-19 19:03:18 | INFO | epoch=065 train_batch=10/392 running_loss=0.037630
2026-08-19 19:03:19 | INFO | epoch=065 train_batch=20/392 running_loss=0.035849
2026-08-19 19:03:19 | INFO | epoch=065 train_batch=30/392 running_loss=0.037121
2026-08-19 19:03:19 | INFO | epoch=065 train_batch=40/392 running_loss=0.037245
2026-08-19 19:03:19 | INFO | epoch=065 train_batch=50/392 running_loss=0.037293
2026-08-19 19:03:20 | INFO | epoch=065 train_batch=60/392 running_loss=0.037222
2026-08-19 19:03:20 | INFO | epoch=065 train_batch=70/392 running_loss=0.036698
2026-08-19 19:03:20 | INFO | epoch=065 train_batch=80/392 running_loss=0.036489
2026-08-19 19:03:20 | INFO | epoch=065 train_batch=90/392 running_loss=0.036544
2026-08-19 19:03:20 | INFO | epoch=065 train_batch=100/392 running_loss=0.036459
2026-08-19 19:03:21 | INFO | epoch=065 train_batch=110/392 running_loss=0.036566
2026-08-19 19:03:21 | INFO | epoch=065 train_batch=120/392 running_loss=0.036567
2026-08-19 19:03:21 | INFO | epoch=065 train_batch=130/392 running_loss=0.036527
2026-08-19 19:03:21 | INFO | epoch=065 train_batch=140/392 running_loss=0.036526
2026-08-19 19:03:22 | INFO | epoch=065 train_batch=150/392 running_loss=0.036568
2026-08-19 19:03:22 | INFO | epoch=065 train_batch=160/392 running_loss=0.036706
2026-08-19 19:03:22 | INFO | epoch=065 train_batch=170/392 running_loss=0.036752
2026-08-19 19:03:22 | INFO | epoch=065 train_batch=180/392 running_loss=0.036821
2026-08-19 19:03:22 | INFO | epoch=065 train_batch=190/392 running_loss=0.036749
2026-08-19 19:03:23 | INFO | epoch=065 train_batch=200/392 running_loss=0.036877
2026-08-19 19:03:23 | INFO | epoch=065 train_batch=210/392 running_loss=0.036883
2026-08-19 19:03:23 | INFO | epoch=065 train_batch=220/392 running_loss=0.036912
2026-08-19 19:03:23 | INFO | epoch=065 train_batch=230/392 running_loss=0.036981
2026-08-19 19:03:24 | INFO | epoch=065 train_batch=240/392 running_loss=0.036939
2026-08-19 19:03:24 | INFO | epoch=065 train_batch=250/392 running_loss=0.037083
2026-08-19 19:03:24 | INFO | epoch=065 train_batch=260/392 running_loss=0.036936
2026-08-19 19:03:24 | INFO | epoch=065 train_batch=270/392 running_loss=0.036998
2026-08-19 19:03:25 | INFO | epoch=065 train_batch=280/392 running_loss=0.036991
2026-08-19 19:03:25 | INFO | epoch=065 train_batch=290/392 running_loss=0.037096
2026-08-19 19:03:25 | INFO | epoch=065 train_batch=300/392 running_loss=0.037122
2026-08-19 19:03:25 | INFO | epoch=065 train_batch=310/392 running_loss=0.037187
2026-08-19 19:03:25 | INFO | epoch=065 train_batch=320/392 running_loss=0.037150
2026-08-19 19:03:26 | INFO | epoch=065 train_batch=330/392 running_loss=0.037171
2026-08-19 19:03:26 | INFO | epoch=065 train_batch=340/392 running_loss=0.037163
2026-08-19 19:03:26 | INFO | epoch=065 train_batch=350/392 running_loss=0.037105
2026-08-19 19:03:26 | INFO | epoch=065 train_batch=360/392 running_loss=0.037070
2026-08-19 19:03:27 | INFO | epoch=065 train_batch=370/392 running_loss=0.037106
2026-08-19 19:03:27 | INFO | epoch=065 train_batch=380/392 running_loss=0.037213
2026-08-19 19:03:27 | INFO | epoch=065 train_batch=390/392 running_loss=0.037171
2026-08-19 19:03:27 | INFO | epoch=065 train_batch=392/392 running_loss=0.037179
2026-08-19 19:03:28 | INFO | epoch=065 train_loss=0.037179 validation_loss=0.263651
2026-08-19 19:03:28 | INFO | epoch=066 train_batch=10/392 running_loss=0.040754
2026-08-19 19:03:28 | INFO | epoch=066 train_batch=20/392 running_loss=0.038168
2026-08-19 19:03:29 | INFO | epoch=066 train_batch=30/392 running_loss=0.038232
2026-08-19 19:03:29 | INFO | epoch=066 train_batch=40/392 running_loss=0.037512
2026-08-19 19:03:29 | INFO | epoch=066 train_batch=50/392 running_loss=0.037777
2026-08-19 19:03:29 | INFO | epoch=066 train_batch=60/392 running_loss=0.037872
2026-08-19 19:03:29 | INFO | epoch=066 train_batch=70/392 running_loss=0.038003
2026-08-19 19:03:30 | INFO | epoch=066 train_batch=80/392 running_loss=0.037710
2026-08-19 19:03:30 | INFO | epoch=066 train_batch=90/392 running_loss=0.037369
2026-08-19 19:03:30 | INFO | epoch=066 train_batch=100/392 running_loss=0.037537
2026-08-19 19:03:30 | INFO | epoch=066 train_batch=110/392 running_loss=0.037498
2026-08-19 19:03:31 | INFO | epoch=066 train_batch=120/392 running_loss=0.037354
2026-08-19 19:03:31 | INFO | epoch=066 train_batch=130/392 running_loss=0.037373
2026-08-19 19:03:31 | INFO | epoch=066 train_batch=140/392 running_loss=0.037341
2026-08-19 19:03:31 | INFO | epoch=066 train_batch=150/392 running_loss=0.037175
2026-08-19 19:03:32 | INFO | epoch=066 train_batch=160/392 running_loss=0.037131
2026-08-19 19:03:32 | INFO | epoch=066 train_batch=170/392 running_loss=0.037118
2026-08-19 19:03:32 | INFO | epoch=066 train_batch=180/392 running_loss=0.037148
2026-08-19 19:03:32 | INFO | epoch=066 train_batch=190/392 running_loss=0.037156
2026-08-19 19:03:32 | INFO | epoch=066 train_batch=200/392 running_loss=0.037248
2026-08-19 19:03:33 | INFO | epoch=066 train_batch=210/392 running_loss=0.037234
2026-08-19 19:03:33 | INFO | epoch=066 train_batch=220/392 running_loss=0.037375
2026-08-19 19:03:33 | INFO | epoch=066 train_batch=230/392 running_loss=0.037189
2026-08-19 19:03:33 | INFO | epoch=066 train_batch=240/392 running_loss=0.037173
2026-08-19 19:03:34 | INFO | epoch=066 train_batch=250/392 running_loss=0.036994
2026-08-19 19:03:34 | INFO | epoch=066 train_batch=260/392 running_loss=0.037002
2026-08-19 19:03:34 | INFO | epoch=066 train_batch=270/392 running_loss=0.036996
2026-08-19 19:03:34 | INFO | epoch=066 train_batch=280/392 running_loss=0.037030
2026-08-19 19:03:34 | INFO | epoch=066 train_batch=290/392 running_loss=0.036995
2026-08-19 19:03:35 | INFO | epoch=066 train_batch=300/392 running_loss=0.037062
2026-08-19 19:03:35 | INFO | epoch=066 train_batch=310/392 running_loss=0.037106
2026-08-19 19:03:35 | INFO | epoch=066 train_batch=320/392 running_loss=0.037148
2026-08-19 19:03:35 | INFO | epoch=066 train_batch=330/392 running_loss=0.037166
2026-08-19 19:03:36 | INFO | epoch=066 train_batch=340/392 running_loss=0.037148
2026-08-19 19:03:36 | INFO | epoch=066 train_batch=350/392 running_loss=0.037160
2026-08-19 19:03:36 | INFO | epoch=066 train_batch=360/392 running_loss=0.037102
2026-08-19 19:03:36 | INFO | epoch=066 train_batch=370/392 running_loss=0.037035
2026-08-19 19:03:37 | INFO | epoch=066 train_batch=380/392 running_loss=0.036987
2026-08-19 19:03:37 | INFO | epoch=066 train_batch=390/392 running_loss=0.037030
2026-08-19 19:03:37 | INFO | epoch=066 train_batch=392/392 running_loss=0.037029
2026-08-19 19:03:37 | INFO | epoch=066 train_loss=0.037029 validation_loss=0.257695
2026-08-19 19:03:38 | INFO | epoch=067 train_batch=10/392 running_loss=0.039162
2026-08-19 19:03:38 | INFO | epoch=067 train_batch=20/392 running_loss=0.036543
2026-08-19 19:03:38 | INFO | epoch=067 train_batch=30/392 running_loss=0.036707
2026-08-19 19:03:38 | INFO | epoch=067 train_batch=40/392 running_loss=0.036913
2026-08-19 19:03:39 | INFO | epoch=067 train_batch=50/392 running_loss=0.036798
2026-08-19 19:03:39 | INFO | epoch=067 train_batch=60/392 running_loss=0.036945
2026-08-19 19:03:39 | INFO | epoch=067 train_batch=70/392 running_loss=0.036959
2026-08-19 19:03:39 | INFO | epoch=067 train_batch=80/392 running_loss=0.036824
2026-08-19 19:03:40 | INFO | epoch=067 train_batch=90/392 running_loss=0.036656
2026-08-19 19:03:40 | INFO | epoch=067 train_batch=100/392 running_loss=0.036810
2026-08-19 19:03:40 | INFO | epoch=067 train_batch=110/392 running_loss=0.037290
2026-08-19 19:03:40 | INFO | epoch=067 train_batch=120/392 running_loss=0.037382
2026-08-19 19:03:40 | INFO | epoch=067 train_batch=130/392 running_loss=0.037466
2026-08-19 19:03:41 | INFO | epoch=067 train_batch=140/392 running_loss=0.037311
2026-08-19 19:03:41 | INFO | epoch=067 train_batch=150/392 running_loss=0.037174
2026-08-19 19:03:41 | INFO | epoch=067 train_batch=160/392 running_loss=0.037291
2026-08-19 19:03:41 | INFO | epoch=067 train_batch=170/392 running_loss=0.037349
2026-08-19 19:03:42 | INFO | epoch=067 train_batch=180/392 running_loss=0.037239
2026-08-19 19:03:42 | INFO | epoch=067 train_batch=190/392 running_loss=0.037098
2026-08-19 19:03:42 | INFO | epoch=067 train_batch=200/392 running_loss=0.037148
2026-08-19 19:03:42 | INFO | epoch=067 train_batch=210/392 running_loss=0.037124
2026-08-19 19:03:42 | INFO | epoch=067 train_batch=220/392 running_loss=0.037175
2026-08-19 19:03:43 | INFO | epoch=067 train_batch=230/392 running_loss=0.037114
2026-08-19 19:03:43 | INFO | epoch=067 train_batch=240/392 running_loss=0.037097
2026-08-19 19:03:43 | INFO | epoch=067 train_batch=250/392 running_loss=0.037171
2026-08-19 19:03:43 | INFO | epoch=067 train_batch=260/392 running_loss=0.037155
2026-08-19 19:03:44 | INFO | epoch=067 train_batch=270/392 running_loss=0.037201
2026-08-19 19:03:44 | INFO | epoch=067 train_batch=280/392 running_loss=0.037167
2026-08-19 19:03:44 | INFO | epoch=067 train_batch=290/392 running_loss=0.037094
2026-08-19 19:03:44 | INFO | epoch=067 train_batch=300/392 running_loss=0.036998
2026-08-19 19:03:45 | INFO | epoch=067 train_batch=310/392 running_loss=0.037057
2026-08-19 19:03:45 | INFO | epoch=067 train_batch=320/392 running_loss=0.037056
2026-08-19 19:03:45 | INFO | epoch=067 train_batch=330/392 running_loss=0.037077
2026-08-19 19:03:45 | INFO | epoch=067 train_batch=340/392 running_loss=0.037015
2026-08-19 19:03:45 | INFO | epoch=067 train_batch=350/392 running_loss=0.037078
2026-08-19 19:03:46 | INFO | epoch=067 train_batch=360/392 running_loss=0.037101
2026-08-19 19:03:46 | INFO | epoch=067 train_batch=370/392 running_loss=0.037181
2026-08-19 19:03:46 | INFO | epoch=067 train_batch=380/392 running_loss=0.037277
2026-08-19 19:03:46 | INFO | epoch=067 train_batch=390/392 running_loss=0.037204
2026-08-19 19:03:46 | INFO | epoch=067 train_batch=392/392 running_loss=0.037195
2026-08-19 19:03:47 | INFO | epoch=067 train_loss=0.037195 validation_loss=0.262366
2026-08-19 19:03:47 | INFO | epoch=068 train_batch=10/392 running_loss=0.034772
2026-08-19 19:03:48 | INFO | epoch=068 train_batch=20/392 running_loss=0.035016
2026-08-19 19:03:48 | INFO | epoch=068 train_batch=30/392 running_loss=0.034879
2026-08-19 19:03:48 | INFO | epoch=068 train_batch=40/392 running_loss=0.035963
2026-08-19 19:03:48 | INFO | epoch=068 train_batch=50/392 running_loss=0.035500
2026-08-19 19:03:48 | INFO | epoch=068 train_batch=60/392 running_loss=0.035667
2026-08-19 19:03:49 | INFO | epoch=068 train_batch=70/392 running_loss=0.035579
2026-08-19 19:03:49 | INFO | epoch=068 train_batch=80/392 running_loss=0.035896
2026-08-19 19:03:49 | INFO | epoch=068 train_batch=90/392 running_loss=0.036056
2026-08-19 19:03:49 | INFO | epoch=068 train_batch=100/392 running_loss=0.036446
2026-08-19 19:03:50 | INFO | epoch=068 train_batch=110/392 running_loss=0.036511
2026-08-19 19:03:50 | INFO | epoch=068 train_batch=120/392 running_loss=0.036812
2026-08-19 19:03:50 | INFO | epoch=068 train_batch=130/392 running_loss=0.036810
2026-08-19 19:03:50 | INFO | epoch=068 train_batch=140/392 running_loss=0.036819
2026-08-19 19:03:50 | INFO | epoch=068 train_batch=150/392 running_loss=0.037128
2026-08-19 19:03:51 | INFO | epoch=068 train_batch=160/392 running_loss=0.036900
2026-08-19 19:03:51 | INFO | epoch=068 train_batch=170/392 running_loss=0.036811
2026-08-19 19:03:51 | INFO | epoch=068 train_batch=180/392 running_loss=0.036950
2026-08-19 19:03:51 | INFO | epoch=068 train_batch=190/392 running_loss=0.037043
2026-08-19 19:03:52 | INFO | epoch=068 train_batch=200/392 running_loss=0.037133
2026-08-19 19:03:52 | INFO | epoch=068 train_batch=210/392 running_loss=0.037031
2026-08-19 19:03:52 | INFO | epoch=068 train_batch=220/392 running_loss=0.036990
2026-08-19 19:03:52 | INFO | epoch=068 train_batch=230/392 running_loss=0.036933
2026-08-19 19:03:53 | INFO | epoch=068 train_batch=240/392 running_loss=0.036855
2026-08-19 19:03:53 | INFO | epoch=068 train_batch=250/392 running_loss=0.036780
2026-08-19 19:03:53 | INFO | epoch=068 train_batch=260/392 running_loss=0.036809
2026-08-19 19:03:53 | INFO | epoch=068 train_batch=270/392 running_loss=0.036823
2026-08-19 19:03:53 | INFO | epoch=068 train_batch=280/392 running_loss=0.036831
2026-08-19 19:03:54 | INFO | epoch=068 train_batch=290/392 running_loss=0.036789
2026-08-19 19:03:54 | INFO | epoch=068 train_batch=300/392 running_loss=0.036695
2026-08-19 19:03:54 | INFO | epoch=068 train_batch=310/392 running_loss=0.036774
2026-08-19 19:03:54 | INFO | epoch=068 train_batch=320/392 running_loss=0.036810
2026-08-19 19:03:55 | INFO | epoch=068 train_batch=330/392 running_loss=0.036804
2026-08-19 19:03:55 | INFO | epoch=068 train_batch=340/392 running_loss=0.036711
2026-08-19 19:03:55 | INFO | epoch=068 train_batch=350/392 running_loss=0.036719
2026-08-19 19:03:55 | INFO | epoch=068 train_batch=360/392 running_loss=0.036695
2026-08-19 19:03:55 | INFO | epoch=068 train_batch=370/392 running_loss=0.036729
2026-08-19 19:03:56 | INFO | epoch=068 train_batch=380/392 running_loss=0.036793
2026-08-19 19:03:56 | INFO | epoch=068 train_batch=390/392 running_loss=0.036766
2026-08-19 19:03:56 | INFO | epoch=068 train_batch=392/392 running_loss=0.036785
2026-08-19 19:03:57 | INFO | epoch=068 train_loss=0.036785 validation_loss=0.258219
2026-08-19 19:03:57 | INFO | epoch=069 train_batch=10/392 running_loss=0.033469
2026-08-19 19:03:57 | INFO | epoch=069 train_batch=20/392 running_loss=0.033932
2026-08-19 19:03:57 | INFO | epoch=069 train_batch=30/392 running_loss=0.034482
2026-08-19 19:03:58 | INFO | epoch=069 train_batch=40/392 running_loss=0.034656
2026-08-19 19:03:58 | INFO | epoch=069 train_batch=50/392 running_loss=0.034648
2026-08-19 19:03:58 | INFO | epoch=069 train_batch=60/392 running_loss=0.035111
2026-08-19 19:03:58 | INFO | epoch=069 train_batch=70/392 running_loss=0.035351
2026-08-19 19:03:58 | INFO | epoch=069 train_batch=80/392 running_loss=0.035476
2026-08-19 19:03:59 | INFO | epoch=069 train_batch=90/392 running_loss=0.035690
2026-08-19 19:03:59 | INFO | epoch=069 train_batch=100/392 running_loss=0.035826
2026-08-19 19:03:59 | INFO | epoch=069 train_batch=110/392 running_loss=0.036069
2026-08-19 19:03:59 | INFO | epoch=069 train_batch=120/392 running_loss=0.036135
2026-08-19 19:04:00 | INFO | epoch=069 train_batch=130/392 running_loss=0.036230
2026-08-19 19:04:00 | INFO | epoch=069 train_batch=140/392 running_loss=0.036233
2026-08-19 19:04:00 | INFO | epoch=069 train_batch=150/392 running_loss=0.036335
2026-08-19 19:04:00 | INFO | epoch=069 train_batch=160/392 running_loss=0.036619
2026-08-19 19:04:01 | INFO | epoch=069 train_batch=170/392 running_loss=0.036611
2026-08-19 19:04:01 | INFO | epoch=069 train_batch=180/392 running_loss=0.036524
2026-08-19 19:04:01 | INFO | epoch=069 train_batch=190/392 running_loss=0.036638
2026-08-19 19:04:01 | INFO | epoch=069 train_batch=200/392 running_loss=0.036650
2026-08-19 19:04:01 | INFO | epoch=069 train_batch=210/392 running_loss=0.036530
2026-08-19 19:04:02 | INFO | epoch=069 train_batch=220/392 running_loss=0.036502
2026-08-19 19:04:02 | INFO | epoch=069 train_batch=230/392 running_loss=0.036461
2026-08-19 19:04:02 | INFO | epoch=069 train_batch=240/392 running_loss=0.036444
2026-08-19 19:04:02 | INFO | epoch=069 train_batch=250/392 running_loss=0.036495
2026-08-19 19:04:03 | INFO | epoch=069 train_batch=260/392 running_loss=0.036521
2026-08-19 19:04:03 | INFO | epoch=069 train_batch=270/392 running_loss=0.036591
2026-08-19 19:04:03 | INFO | epoch=069 train_batch=280/392 running_loss=0.036560
2026-08-19 19:04:03 | INFO | epoch=069 train_batch=290/392 running_loss=0.036488
2026-08-19 19:04:03 | INFO | epoch=069 train_batch=300/392 running_loss=0.036511
2026-08-19 19:04:04 | INFO | epoch=069 train_batch=310/392 running_loss=0.036661
2026-08-19 19:04:04 | INFO | epoch=069 train_batch=320/392 running_loss=0.036643
2026-08-19 19:04:04 | INFO | epoch=069 train_batch=330/392 running_loss=0.036712
2026-08-19 19:04:04 | INFO | epoch=069 train_batch=340/392 running_loss=0.036785
2026-08-19 19:04:05 | INFO | epoch=069 train_batch=350/392 running_loss=0.036749
2026-08-19 19:04:05 | INFO | epoch=069 train_batch=360/392 running_loss=0.036802
2026-08-19 19:04:05 | INFO | epoch=069 train_batch=370/392 running_loss=0.036833
2026-08-19 19:04:05 | INFO | epoch=069 train_batch=380/392 running_loss=0.036817
2026-08-19 19:04:05 | INFO | epoch=069 train_batch=390/392 running_loss=0.036745
2026-08-19 19:04:05 | INFO | epoch=069 train_batch=392/392 running_loss=0.036737
2026-08-19 19:04:06 | INFO | epoch=069 train_loss=0.036737 validation_loss=0.256406
2026-08-19 19:04:06 | INFO | epoch=069 saved new best.pt
2026-08-19 19:04:06 | INFO | epoch=070 train_batch=10/392 running_loss=0.036225
2026-08-19 19:04:07 | INFO | epoch=070 train_batch=20/392 running_loss=0.037173
2026-08-19 19:04:07 | INFO | epoch=070 train_batch=30/392 running_loss=0.036826
2026-08-19 19:04:07 | INFO | epoch=070 train_batch=40/392 running_loss=0.036225
2026-08-19 19:04:07 | INFO | epoch=070 train_batch=50/392 running_loss=0.036292
2026-08-19 19:04:08 | INFO | epoch=070 train_batch=60/392 running_loss=0.036513
2026-08-19 19:04:08 | INFO | epoch=070 train_batch=70/392 running_loss=0.036623
2026-08-19 19:04:08 | INFO | epoch=070 train_batch=80/392 running_loss=0.036507
2026-08-19 19:04:08 | INFO | epoch=070 train_batch=90/392 running_loss=0.036643
2026-08-19 19:04:08 | INFO | epoch=070 train_batch=100/392 running_loss=0.036542
2026-08-19 19:04:09 | INFO | epoch=070 train_batch=110/392 running_loss=0.036508
2026-08-19 19:04:09 | INFO | epoch=070 train_batch=120/392 running_loss=0.036358
2026-08-19 19:04:09 | INFO | epoch=070 train_batch=130/392 running_loss=0.036583
2026-08-19 19:04:09 | INFO | epoch=070 train_batch=140/392 running_loss=0.036535
2026-08-19 19:04:10 | INFO | epoch=070 train_batch=150/392 running_loss=0.036511
2026-08-19 19:04:10 | INFO | epoch=070 train_batch=160/392 running_loss=0.036689
2026-08-19 19:04:10 | INFO | epoch=070 train_batch=170/392 running_loss=0.036692
2026-08-19 19:04:10 | INFO | epoch=070 train_batch=180/392 running_loss=0.036698
2026-08-19 19:04:10 | INFO | epoch=070 train_batch=190/392 running_loss=0.036693
2026-08-19 19:04:11 | INFO | epoch=070 train_batch=200/392 running_loss=0.036519
2026-08-19 19:04:11 | INFO | epoch=070 train_batch=210/392 running_loss=0.036385
2026-08-19 19:04:11 | INFO | epoch=070 train_batch=220/392 running_loss=0.036365
2026-08-19 19:04:11 | INFO | epoch=070 train_batch=230/392 running_loss=0.036267
2026-08-19 19:04:12 | INFO | epoch=070 train_batch=240/392 running_loss=0.036247
2026-08-19 19:04:12 | INFO | epoch=070 train_batch=250/392 running_loss=0.036333
2026-08-19 19:04:12 | INFO | epoch=070 train_batch=260/392 running_loss=0.036424
2026-08-19 19:04:12 | INFO | epoch=070 train_batch=270/392 running_loss=0.036469
2026-08-19 19:04:13 | INFO | epoch=070 train_batch=280/392 running_loss=0.036528
2026-08-19 19:04:13 | INFO | epoch=070 train_batch=290/392 running_loss=0.036645
2026-08-19 19:04:13 | INFO | epoch=070 train_batch=300/392 running_loss=0.036708
2026-08-19 19:04:13 | INFO | epoch=070 train_batch=310/392 running_loss=0.036735
2026-08-19 19:04:13 | INFO | epoch=070 train_batch=320/392 running_loss=0.036671
2026-08-19 19:04:14 | INFO | epoch=070 train_batch=330/392 running_loss=0.036672
2026-08-19 19:04:14 | INFO | epoch=070 train_batch=340/392 running_loss=0.036645
2026-08-19 19:04:14 | INFO | epoch=070 train_batch=350/392 running_loss=0.036637
2026-08-19 19:04:14 | INFO | epoch=070 train_batch=360/392 running_loss=0.036621
2026-08-19 19:04:15 | INFO | epoch=070 train_batch=370/392 running_loss=0.036642
2026-08-19 19:04:15 | INFO | epoch=070 train_batch=380/392 running_loss=0.036646
2026-08-19 19:04:15 | INFO | epoch=070 train_batch=390/392 running_loss=0.036720
2026-08-19 19:04:15 | INFO | epoch=070 train_batch=392/392 running_loss=0.036702
2026-08-19 19:04:16 | INFO | epoch=070 train_loss=0.036702 validation_loss=0.261606
2026-08-19 19:04:16 | INFO | epoch=071 train_batch=10/392 running_loss=0.034706
2026-08-19 19:04:16 | INFO | epoch=071 train_batch=20/392 running_loss=0.036575
2026-08-19 19:04:16 | INFO | epoch=071 train_batch=30/392 running_loss=0.037268
2026-08-19 19:04:17 | INFO | epoch=071 train_batch=40/392 running_loss=0.036569
2026-08-19 19:04:17 | INFO | epoch=071 train_batch=50/392 running_loss=0.037033
2026-08-19 19:04:17 | INFO | epoch=071 train_batch=60/392 running_loss=0.036741
2026-08-19 19:04:17 | INFO | epoch=071 train_batch=70/392 running_loss=0.036653
2026-08-19 19:04:18 | INFO | epoch=071 train_batch=80/392 running_loss=0.036638
2026-08-19 19:04:18 | INFO | epoch=071 train_batch=90/392 running_loss=0.036736
2026-08-19 19:04:18 | INFO | epoch=071 train_batch=100/392 running_loss=0.036973
2026-08-19 19:04:18 | INFO | epoch=071 train_batch=110/392 running_loss=0.036838
2026-08-19 19:04:19 | INFO | epoch=071 train_batch=120/392 running_loss=0.036981
2026-08-19 19:04:19 | INFO | epoch=071 train_batch=130/392 running_loss=0.037023
2026-08-19 19:04:19 | INFO | epoch=071 train_batch=140/392 running_loss=0.037028
2026-08-19 19:04:19 | INFO | epoch=071 train_batch=150/392 running_loss=0.036823
2026-08-19 19:04:19 | INFO | epoch=071 train_batch=160/392 running_loss=0.036751
2026-08-19 19:04:20 | INFO | epoch=071 train_batch=170/392 running_loss=0.036807
2026-08-19 19:04:20 | INFO | epoch=071 train_batch=180/392 running_loss=0.036621
2026-08-19 19:04:20 | INFO | epoch=071 train_batch=190/392 running_loss=0.036595
2026-08-19 19:04:20 | INFO | epoch=071 train_batch=200/392 running_loss=0.036587
2026-08-19 19:04:21 | INFO | epoch=071 train_batch=210/392 running_loss=0.036745
2026-08-19 19:04:21 | INFO | epoch=071 train_batch=220/392 running_loss=0.036748
2026-08-19 19:04:21 | INFO | epoch=071 train_batch=230/392 running_loss=0.036728
2026-08-19 19:04:21 | INFO | epoch=071 train_batch=240/392 running_loss=0.036751
2026-08-19 19:04:22 | INFO | epoch=071 train_batch=250/392 running_loss=0.036812
2026-08-19 19:04:22 | INFO | epoch=071 train_batch=260/392 running_loss=0.036700
2026-08-19 19:04:22 | INFO | epoch=071 train_batch=270/392 running_loss=0.036740
2026-08-19 19:04:22 | INFO | epoch=071 train_batch=280/392 running_loss=0.036719
2026-08-19 19:04:22 | INFO | epoch=071 train_batch=290/392 running_loss=0.036793
2026-08-19 19:04:23 | INFO | epoch=071 train_batch=300/392 running_loss=0.036911
2026-08-19 19:04:23 | INFO | epoch=071 train_batch=310/392 running_loss=0.036774
2026-08-19 19:04:23 | INFO | epoch=071 train_batch=320/392 running_loss=0.036770
2026-08-19 19:04:23 | INFO | epoch=071 train_batch=330/392 running_loss=0.036671
2026-08-19 19:04:24 | INFO | epoch=071 train_batch=340/392 running_loss=0.036703
2026-08-19 19:04:24 | INFO | epoch=071 train_batch=350/392 running_loss=0.036722
2026-08-19 19:04:24 | INFO | epoch=071 train_batch=360/392 running_loss=0.036685
2026-08-19 19:04:24 | INFO | epoch=071 train_batch=370/392 running_loss=0.036640
2026-08-19 19:04:25 | INFO | epoch=071 train_batch=380/392 running_loss=0.036651
2026-08-19 19:04:25 | INFO | epoch=071 train_batch=390/392 running_loss=0.036684
2026-08-19 19:04:25 | INFO | epoch=071 train_batch=392/392 running_loss=0.036694
2026-08-19 19:04:26 | INFO | epoch=071 train_loss=0.036694 validation_loss=0.261688
2026-08-19 19:04:26 | INFO | epoch=072 train_batch=10/392 running_loss=0.033724
2026-08-19 19:04:26 | INFO | epoch=072 train_batch=20/392 running_loss=0.036764
2026-08-19 19:04:26 | INFO | epoch=072 train_batch=30/392 running_loss=0.036118
2026-08-19 19:04:26 | INFO | epoch=072 train_batch=40/392 running_loss=0.036866
2026-08-19 19:04:27 | INFO | epoch=072 train_batch=50/392 running_loss=0.037396
2026-08-19 19:04:27 | INFO | epoch=072 train_batch=60/392 running_loss=0.036807
2026-08-19 19:04:27 | INFO | epoch=072 train_batch=70/392 running_loss=0.037070
2026-08-19 19:04:27 | INFO | epoch=072 train_batch=80/392 running_loss=0.036807
2026-08-19 19:04:28 | INFO | epoch=072 train_batch=90/392 running_loss=0.036980
2026-08-19 19:04:28 | INFO | epoch=072 train_batch=100/392 running_loss=0.037100
2026-08-19 19:04:28 | INFO | epoch=072 train_batch=110/392 running_loss=0.036967
2026-08-19 19:04:28 | INFO | epoch=072 train_batch=120/392 running_loss=0.036930
2026-08-19 19:04:29 | INFO | epoch=072 train_batch=130/392 running_loss=0.037077
2026-08-19 19:04:29 | INFO | epoch=072 train_batch=140/392 running_loss=0.037071
2026-08-19 19:04:29 | INFO | epoch=072 train_batch=150/392 running_loss=0.037127
2026-08-19 19:04:29 | INFO | epoch=072 train_batch=160/392 running_loss=0.037266
2026-08-19 19:04:29 | INFO | epoch=072 train_batch=170/392 running_loss=0.037374
2026-08-19 19:04:30 | INFO | epoch=072 train_batch=180/392 running_loss=0.037319
2026-08-19 19:04:30 | INFO | epoch=072 train_batch=190/392 running_loss=0.037191
2026-08-19 19:04:30 | INFO | epoch=072 train_batch=200/392 running_loss=0.037013
2026-08-19 19:04:30 | INFO | epoch=072 train_batch=210/392 running_loss=0.037032
2026-08-19 19:04:31 | INFO | epoch=072 train_batch=220/392 running_loss=0.037066
2026-08-19 19:04:31 | INFO | epoch=072 train_batch=230/392 running_loss=0.036873
2026-08-19 19:04:31 | INFO | epoch=072 train_batch=240/392 running_loss=0.037003
2026-08-19 19:04:31 | INFO | epoch=072 train_batch=250/392 running_loss=0.036900
2026-08-19 19:04:31 | INFO | epoch=072 train_batch=260/392 running_loss=0.036888
2026-08-19 19:04:32 | INFO | epoch=072 train_batch=270/392 running_loss=0.036780
2026-08-19 19:04:32 | INFO | epoch=072 train_batch=280/392 running_loss=0.036737
2026-08-19 19:04:32 | INFO | epoch=072 train_batch=290/392 running_loss=0.036634
2026-08-19 19:04:32 | INFO | epoch=072 train_batch=300/392 running_loss=0.036659
2026-08-19 19:04:33 | INFO | epoch=072 train_batch=310/392 running_loss=0.036610
2026-08-19 19:04:33 | INFO | epoch=072 train_batch=320/392 running_loss=0.036608
2026-08-19 19:04:33 | INFO | epoch=072 train_batch=330/392 running_loss=0.036581
2026-08-19 19:04:33 | INFO | epoch=072 train_batch=340/392 running_loss=0.036613
2026-08-19 19:04:34 | INFO | epoch=072 train_batch=350/392 running_loss=0.036575
2026-08-19 19:04:34 | INFO | epoch=072 train_batch=360/392 running_loss=0.036667
2026-08-19 19:04:34 | INFO | epoch=072 train_batch=370/392 running_loss=0.036670
2026-08-19 19:04:34 | INFO | epoch=072 train_batch=380/392 running_loss=0.036675
2026-08-19 19:04:34 | INFO | epoch=072 train_batch=390/392 running_loss=0.036603
2026-08-19 19:04:35 | INFO | epoch=072 train_batch=392/392 running_loss=0.036645
2026-08-19 19:04:35 | INFO | epoch=072 train_loss=0.036645 validation_loss=0.256591
2026-08-19 19:04:36 | INFO | epoch=073 train_batch=10/392 running_loss=0.035328
2026-08-19 19:04:36 | INFO | epoch=073 train_batch=20/392 running_loss=0.035612
2026-08-19 19:04:36 | INFO | epoch=073 train_batch=30/392 running_loss=0.036071
2026-08-19 19:04:36 | INFO | epoch=073 train_batch=40/392 running_loss=0.036190
2026-08-19 19:04:36 | INFO | epoch=073 train_batch=50/392 running_loss=0.036303
2026-08-19 19:04:37 | INFO | epoch=073 train_batch=60/392 running_loss=0.036437
2026-08-19 19:04:37 | INFO | epoch=073 train_batch=70/392 running_loss=0.036987
2026-08-19 19:04:37 | INFO | epoch=073 train_batch=80/392 running_loss=0.036376
2026-08-19 19:04:37 | INFO | epoch=073 train_batch=90/392 running_loss=0.036293
2026-08-19 19:04:38 | INFO | epoch=073 train_batch=100/392 running_loss=0.036282
2026-08-19 19:04:38 | INFO | epoch=073 train_batch=110/392 running_loss=0.036291
2026-08-19 19:04:38 | INFO | epoch=073 train_batch=120/392 running_loss=0.036182
2026-08-19 19:04:38 | INFO | epoch=073 train_batch=130/392 running_loss=0.036177
2026-08-19 19:04:39 | INFO | epoch=073 train_batch=140/392 running_loss=0.036117
2026-08-19 19:04:39 | INFO | epoch=073 train_batch=150/392 running_loss=0.036295
2026-08-19 19:04:39 | INFO | epoch=073 train_batch=160/392 running_loss=0.036341
2026-08-19 19:04:39 | INFO | epoch=073 train_batch=170/392 running_loss=0.036330
2026-08-19 19:04:39 | INFO | epoch=073 train_batch=180/392 running_loss=0.036251
2026-08-19 19:04:40 | INFO | epoch=073 train_batch=190/392 running_loss=0.036235
2026-08-19 19:04:40 | INFO | epoch=073 train_batch=200/392 running_loss=0.036213
2026-08-19 19:04:40 | INFO | epoch=073 train_batch=210/392 running_loss=0.036336
2026-08-19 19:04:40 | INFO | epoch=073 train_batch=220/392 running_loss=0.036405
2026-08-19 19:04:41 | INFO | epoch=073 train_batch=230/392 running_loss=0.036509
2026-08-19 19:04:41 | INFO | epoch=073 train_batch=240/392 running_loss=0.036474
2026-08-19 19:04:41 | INFO | epoch=073 train_batch=250/392 running_loss=0.036356
2026-08-19 19:04:41 | INFO | epoch=073 train_batch=260/392 running_loss=0.036347
2026-08-19 19:04:41 | INFO | epoch=073 train_batch=270/392 running_loss=0.036327
2026-08-19 19:04:42 | INFO | epoch=073 train_batch=280/392 running_loss=0.036260
2026-08-19 19:04:42 | INFO | epoch=073 train_batch=290/392 running_loss=0.036263
2026-08-19 19:04:42 | INFO | epoch=073 train_batch=300/392 running_loss=0.036217
2026-08-19 19:04:42 | INFO | epoch=073 train_batch=310/392 running_loss=0.036341
2026-08-19 19:04:43 | INFO | epoch=073 train_batch=320/392 running_loss=0.036373
2026-08-19 19:04:43 | INFO | epoch=073 train_batch=330/392 running_loss=0.036355
2026-08-19 19:04:43 | INFO | epoch=073 train_batch=340/392 running_loss=0.036392
2026-08-19 19:04:43 | INFO | epoch=073 train_batch=350/392 running_loss=0.036442
2026-08-19 19:04:43 | INFO | epoch=073 train_batch=360/392 running_loss=0.036487
2026-08-19 19:04:44 | INFO | epoch=073 train_batch=370/392 running_loss=0.036574
2026-08-19 19:04:44 | INFO | epoch=073 train_batch=380/392 running_loss=0.036544
2026-08-19 19:04:44 | INFO | epoch=073 train_batch=390/392 running_loss=0.036536
2026-08-19 19:04:44 | INFO | epoch=073 train_batch=392/392 running_loss=0.036548
2026-08-19 19:04:45 | INFO | epoch=073 train_loss=0.036548 validation_loss=0.254025
2026-08-19 19:04:45 | INFO | epoch=073 saved new best.pt
2026-08-19 19:04:45 | INFO | epoch=074 train_batch=10/392 running_loss=0.034984
2026-08-19 19:04:45 | INFO | epoch=074 train_batch=20/392 running_loss=0.034681
2026-08-19 19:04:46 | INFO | epoch=074 train_batch=30/392 running_loss=0.035930
2026-08-19 19:04:46 | INFO | epoch=074 train_batch=40/392 running_loss=0.036358
2026-08-19 19:04:46 | INFO | epoch=074 train_batch=50/392 running_loss=0.036795
2026-08-19 19:04:46 | INFO | epoch=074 train_batch=60/392 running_loss=0.036586
2026-08-19 19:04:47 | INFO | epoch=074 train_batch=70/392 running_loss=0.036488
2026-08-19 19:04:47 | INFO | epoch=074 train_batch=80/392 running_loss=0.036692
2026-08-19 19:04:47 | INFO | epoch=074 train_batch=90/392 running_loss=0.036642
2026-08-19 19:04:47 | INFO | epoch=074 train_batch=100/392 running_loss=0.036592
2026-08-19 19:04:47 | INFO | epoch=074 train_batch=110/392 running_loss=0.036465
2026-08-19 19:04:48 | INFO | epoch=074 train_batch=120/392 running_loss=0.036551
2026-08-19 19:04:48 | INFO | epoch=074 train_batch=130/392 running_loss=0.036553
2026-08-19 19:04:48 | INFO | epoch=074 train_batch=140/392 running_loss=0.036682
2026-08-19 19:04:48 | INFO | epoch=074 train_batch=150/392 running_loss=0.036520
2026-08-19 19:04:49 | INFO | epoch=074 train_batch=160/392 running_loss=0.036327
2026-08-19 19:04:49 | INFO | epoch=074 train_batch=170/392 running_loss=0.036183
2026-08-19 19:04:49 | INFO | epoch=074 train_batch=180/392 running_loss=0.035975
2026-08-19 19:04:49 | INFO | epoch=074 train_batch=190/392 running_loss=0.035974
2026-08-19 19:04:50 | INFO | epoch=074 train_batch=200/392 running_loss=0.035955
2026-08-19 19:04:50 | INFO | epoch=074 train_batch=210/392 running_loss=0.035978
2026-08-19 19:04:50 | INFO | epoch=074 train_batch=220/392 running_loss=0.036075
2026-08-19 19:04:50 | INFO | epoch=074 train_batch=230/392 running_loss=0.036110
2026-08-19 19:04:50 | INFO | epoch=074 train_batch=240/392 running_loss=0.036262
2026-08-19 19:04:51 | INFO | epoch=074 train_batch=250/392 running_loss=0.036289
2026-08-19 19:04:51 | INFO | epoch=074 train_batch=260/392 running_loss=0.036449
2026-08-19 19:04:51 | INFO | epoch=074 train_batch=270/392 running_loss=0.036406
2026-08-19 19:04:51 | INFO | epoch=074 train_batch=280/392 running_loss=0.036382
2026-08-19 19:04:52 | INFO | epoch=074 train_batch=290/392 running_loss=0.036295
2026-08-19 19:04:52 | INFO | epoch=074 train_batch=300/392 running_loss=0.036343
2026-08-19 19:04:52 | INFO | epoch=074 train_batch=310/392 running_loss=0.036270
2026-08-19 19:04:52 | INFO | epoch=074 train_batch=320/392 running_loss=0.036315
2026-08-19 19:04:52 | INFO | epoch=074 train_batch=330/392 running_loss=0.036343
2026-08-19 19:04:53 | INFO | epoch=074 train_batch=340/392 running_loss=0.036250
2026-08-19 19:04:53 | INFO | epoch=074 train_batch=350/392 running_loss=0.036199
2026-08-19 19:04:53 | INFO | epoch=074 train_batch=360/392 running_loss=0.036257
2026-08-19 19:04:53 | INFO | epoch=074 train_batch=370/392 running_loss=0.036321
2026-08-19 19:04:54 | INFO | epoch=074 train_batch=380/392 running_loss=0.036340
2026-08-19 19:04:54 | INFO | epoch=074 train_batch=390/392 running_loss=0.036397
2026-08-19 19:04:54 | INFO | epoch=074 train_batch=392/392 running_loss=0.036385
2026-08-19 19:04:55 | INFO | epoch=074 train_loss=0.036385 validation_loss=0.256938
2026-08-19 19:04:55 | INFO | epoch=075 train_batch=10/392 running_loss=0.034189
2026-08-19 19:04:55 | INFO | epoch=075 train_batch=20/392 running_loss=0.035062
2026-08-19 19:04:55 | INFO | epoch=075 train_batch=30/392 running_loss=0.035368
2026-08-19 19:04:56 | INFO | epoch=075 train_batch=40/392 running_loss=0.034995
2026-08-19 19:04:56 | INFO | epoch=075 train_batch=50/392 running_loss=0.035276
2026-08-19 19:04:56 | INFO | epoch=075 train_batch=60/392 running_loss=0.035717
2026-08-19 19:04:56 | INFO | epoch=075 train_batch=70/392 running_loss=0.035591
2026-08-19 19:04:56 | INFO | epoch=075 train_batch=80/392 running_loss=0.035814
2026-08-19 19:04:57 | INFO | epoch=075 train_batch=90/392 running_loss=0.036543
2026-08-19 19:04:57 | INFO | epoch=075 train_batch=100/392 running_loss=0.036614
2026-08-19 19:04:57 | INFO | epoch=075 train_batch=110/392 running_loss=0.036828
2026-08-19 19:04:57 | INFO | epoch=075 train_batch=120/392 running_loss=0.036986
2026-08-19 19:04:58 | INFO | epoch=075 train_batch=130/392 running_loss=0.037140
2026-08-19 19:04:58 | INFO | epoch=075 train_batch=140/392 running_loss=0.036970
2026-08-19 19:04:58 | INFO | epoch=075 train_batch=150/392 running_loss=0.036812
2026-08-19 19:04:58 | INFO | epoch=075 train_batch=160/392 running_loss=0.036647
2026-08-19 19:04:59 | INFO | epoch=075 train_batch=170/392 running_loss=0.036731
2026-08-19 19:04:59 | INFO | epoch=075 train_batch=180/392 running_loss=0.036762
2026-08-19 19:04:59 | INFO | epoch=075 train_batch=190/392 running_loss=0.036678
2026-08-19 19:04:59 | INFO | epoch=075 train_batch=200/392 running_loss=0.036496
2026-08-19 19:04:59 | INFO | epoch=075 train_batch=210/392 running_loss=0.036479
2026-08-19 19:05:00 | INFO | epoch=075 train_batch=220/392 running_loss=0.036170
2026-08-19 19:05:00 | INFO | epoch=075 train_batch=230/392 running_loss=0.036083
2026-08-19 19:05:00 | INFO | epoch=075 train_batch=240/392 running_loss=0.035978
2026-08-19 19:05:00 | INFO | epoch=075 train_batch=250/392 running_loss=0.035943
2026-08-19 19:05:01 | INFO | epoch=075 train_batch=260/392 running_loss=0.035880
2026-08-19 19:05:01 | INFO | epoch=075 train_batch=270/392 running_loss=0.035838
2026-08-19 19:05:01 | INFO | epoch=075 train_batch=280/392 running_loss=0.035785
2026-08-19 19:05:01 | INFO | epoch=075 train_batch=290/392 running_loss=0.035763
2026-08-19 19:05:02 | INFO | epoch=075 train_batch=300/392 running_loss=0.035722
2026-08-19 19:05:02 | INFO | epoch=075 train_batch=310/392 running_loss=0.035800
2026-08-19 19:05:02 | INFO | epoch=075 train_batch=320/392 running_loss=0.035889
2026-08-19 19:05:02 | INFO | epoch=075 train_batch=330/392 running_loss=0.035996
2026-08-19 19:05:02 | INFO | epoch=075 train_batch=340/392 running_loss=0.036026
2026-08-19 19:05:03 | INFO | epoch=075 train_batch=350/392 running_loss=0.036028
2026-08-19 19:05:03 | INFO | epoch=075 train_batch=360/392 running_loss=0.036092
2026-08-19 19:05:03 | INFO | epoch=075 train_batch=370/392 running_loss=0.036148
2026-08-19 19:05:03 | INFO | epoch=075 train_batch=380/392 running_loss=0.036148
2026-08-19 19:05:04 | INFO | epoch=075 train_batch=390/392 running_loss=0.036209
2026-08-19 19:05:04 | INFO | epoch=075 train_batch=392/392 running_loss=0.036267
2026-08-19 19:05:04 | INFO | epoch=075 train_loss=0.036267 validation_loss=0.257997
2026-08-19 19:05:05 | INFO | epoch=076 train_batch=10/392 running_loss=0.035657
2026-08-19 19:05:05 | INFO | epoch=076 train_batch=20/392 running_loss=0.035930
2026-08-19 19:05:05 | INFO | epoch=076 train_batch=30/392 running_loss=0.035885
2026-08-19 19:05:05 | INFO | epoch=076 train_batch=40/392 running_loss=0.035803
2026-08-19 19:05:05 | INFO | epoch=076 train_batch=50/392 running_loss=0.036011
2026-08-19 19:05:06 | INFO | epoch=076 train_batch=60/392 running_loss=0.036244
2026-08-19 19:05:06 | INFO | epoch=076 train_batch=70/392 running_loss=0.036548
2026-08-19 19:05:06 | INFO | epoch=076 train_batch=80/392 running_loss=0.036968
2026-08-19 19:05:06 | INFO | epoch=076 train_batch=90/392 running_loss=0.036755
2026-08-19 19:05:07 | INFO | epoch=076 train_batch=100/392 running_loss=0.036740
2026-08-19 19:05:07 | INFO | epoch=076 train_batch=110/392 running_loss=0.036629
2026-08-19 19:05:07 | INFO | epoch=076 train_batch=120/392 running_loss=0.037201
2026-08-19 19:05:07 | INFO | epoch=076 train_batch=130/392 running_loss=0.036904
2026-08-19 19:05:07 | INFO | epoch=076 train_batch=140/392 running_loss=0.036680
2026-08-19 19:05:08 | INFO | epoch=076 train_batch=150/392 running_loss=0.036395
2026-08-19 19:05:08 | INFO | epoch=076 train_batch=160/392 running_loss=0.036421
2026-08-19 19:05:08 | INFO | epoch=076 train_batch=170/392 running_loss=0.036700
2026-08-19 19:05:08 | INFO | epoch=076 train_batch=180/392 running_loss=0.036620
2026-08-19 19:05:09 | INFO | epoch=076 train_batch=190/392 running_loss=0.036452
2026-08-19 19:05:09 | INFO | epoch=076 train_batch=200/392 running_loss=0.036470
2026-08-19 19:05:09 | INFO | epoch=076 train_batch=210/392 running_loss=0.036310
2026-08-19 19:05:09 | INFO | epoch=076 train_batch=220/392 running_loss=0.036419
2026-08-19 19:05:10 | INFO | epoch=076 train_batch=230/392 running_loss=0.036432
2026-08-19 19:05:10 | INFO | epoch=076 train_batch=240/392 running_loss=0.036408
2026-08-19 19:05:10 | INFO | epoch=076 train_batch=250/392 running_loss=0.036437
2026-08-19 19:05:10 | INFO | epoch=076 train_batch=260/392 running_loss=0.036371
2026-08-19 19:05:10 | INFO | epoch=076 train_batch=270/392 running_loss=0.036343
2026-08-19 19:05:11 | INFO | epoch=076 train_batch=280/392 running_loss=0.036284
2026-08-19 19:05:11 | INFO | epoch=076 train_batch=290/392 running_loss=0.036311
2026-08-19 19:05:11 | INFO | epoch=076 train_batch=300/392 running_loss=0.036322
2026-08-19 19:05:11 | INFO | epoch=076 train_batch=310/392 running_loss=0.036292
2026-08-19 19:05:12 | INFO | epoch=076 train_batch=320/392 running_loss=0.036181
2026-08-19 19:05:12 | INFO | epoch=076 train_batch=330/392 running_loss=0.036307
2026-08-19 19:05:12 | INFO | epoch=076 train_batch=340/392 running_loss=0.036212
2026-08-19 19:05:12 | INFO | epoch=076 train_batch=350/392 running_loss=0.036165
2026-08-19 19:05:12 | INFO | epoch=076 train_batch=360/392 running_loss=0.036151
2026-08-19 19:05:13 | INFO | epoch=076 train_batch=370/392 running_loss=0.036062
2026-08-19 19:05:13 | INFO | epoch=076 train_batch=380/392 running_loss=0.036055
2026-08-19 19:05:13 | INFO | epoch=076 train_batch=390/392 running_loss=0.036042
2026-08-19 19:05:13 | INFO | epoch=076 train_batch=392/392 running_loss=0.036028
2026-08-19 19:05:14 | INFO | epoch=076 train_loss=0.036028 validation_loss=0.260661
2026-08-19 19:05:14 | INFO | epoch=077 train_batch=10/392 running_loss=0.036186
2026-08-19 19:05:14 | INFO | epoch=077 train_batch=20/392 running_loss=0.036072
2026-08-19 19:05:15 | INFO | epoch=077 train_batch=30/392 running_loss=0.035792
2026-08-19 19:05:15 | INFO | epoch=077 train_batch=40/392 running_loss=0.036607
2026-08-19 19:05:15 | INFO | epoch=077 train_batch=50/392 running_loss=0.036633
2026-08-19 19:05:15 | INFO | epoch=077 train_batch=60/392 running_loss=0.036221
2026-08-19 19:05:15 | INFO | epoch=077 train_batch=70/392 running_loss=0.036040
2026-08-19 19:05:16 | INFO | epoch=077 train_batch=80/392 running_loss=0.035822
2026-08-19 19:05:16 | INFO | epoch=077 train_batch=90/392 running_loss=0.035707
2026-08-19 19:05:16 | INFO | epoch=077 train_batch=100/392 running_loss=0.035468
2026-08-19 19:05:16 | INFO | epoch=077 train_batch=110/392 running_loss=0.035428
2026-08-19 19:05:17 | INFO | epoch=077 train_batch=120/392 running_loss=0.035527
2026-08-19 19:05:17 | INFO | epoch=077 train_batch=130/392 running_loss=0.035969
2026-08-19 19:05:17 | INFO | epoch=077 train_batch=140/392 running_loss=0.035949
2026-08-19 19:05:17 | INFO | epoch=077 train_batch=150/392 running_loss=0.036021
2026-08-19 19:05:17 | INFO | epoch=077 train_batch=160/392 running_loss=0.036000
2026-08-19 19:05:18 | INFO | epoch=077 train_batch=170/392 running_loss=0.036098
2026-08-19 19:05:18 | INFO | epoch=077 train_batch=180/392 running_loss=0.036196
2026-08-19 19:05:18 | INFO | epoch=077 train_batch=190/392 running_loss=0.036082
2026-08-19 19:05:18 | INFO | epoch=077 train_batch=200/392 running_loss=0.036042
2026-08-19 19:05:19 | INFO | epoch=077 train_batch=210/392 running_loss=0.036123
2026-08-19 19:05:19 | INFO | epoch=077 train_batch=220/392 running_loss=0.036090
2026-08-19 19:05:19 | INFO | epoch=077 train_batch=230/392 running_loss=0.036090
2026-08-19 19:05:19 | INFO | epoch=077 train_batch=240/392 running_loss=0.036120
2026-08-19 19:05:20 | INFO | epoch=077 train_batch=250/392 running_loss=0.036092
2026-08-19 19:05:20 | INFO | epoch=077 train_batch=260/392 running_loss=0.036012
2026-08-19 19:05:20 | INFO | epoch=077 train_batch=270/392 running_loss=0.036059
2026-08-19 19:05:20 | INFO | epoch=077 train_batch=280/392 running_loss=0.036129
2026-08-19 19:05:20 | INFO | epoch=077 train_batch=290/392 running_loss=0.036256
2026-08-19 19:05:21 | INFO | epoch=077 train_batch=300/392 running_loss=0.036288
2026-08-19 19:05:21 | INFO | epoch=077 train_batch=310/392 running_loss=0.036313
2026-08-19 19:05:21 | INFO | epoch=077 train_batch=320/392 running_loss=0.036176
2026-08-19 19:05:21 | INFO | epoch=077 train_batch=330/392 running_loss=0.036031
2026-08-19 19:05:22 | INFO | epoch=077 train_batch=340/392 running_loss=0.036046
2026-08-19 19:05:22 | INFO | epoch=077 train_batch=350/392 running_loss=0.036063
2026-08-19 19:05:22 | INFO | epoch=077 train_batch=360/392 running_loss=0.036023
2026-08-19 19:05:22 | INFO | epoch=077 train_batch=370/392 running_loss=0.035957
2026-08-19 19:05:22 | INFO | epoch=077 train_batch=380/392 running_loss=0.036015
2026-08-19 19:05:23 | INFO | epoch=077 train_batch=390/392 running_loss=0.036046
2026-08-19 19:05:23 | INFO | epoch=077 train_batch=392/392 running_loss=0.036084
2026-08-19 19:05:23 | INFO | epoch=077 train_loss=0.036084 validation_loss=0.259702
2026-08-19 19:05:24 | INFO | epoch=078 train_batch=10/392 running_loss=0.036301
2026-08-19 19:05:24 | INFO | epoch=078 train_batch=20/392 running_loss=0.035573
2026-08-19 19:05:24 | INFO | epoch=078 train_batch=30/392 running_loss=0.036449
2026-08-19 19:05:24 | INFO | epoch=078 train_batch=40/392 running_loss=0.036519
2026-08-19 19:05:25 | INFO | epoch=078 train_batch=50/392 running_loss=0.036961
2026-08-19 19:05:25 | INFO | epoch=078 train_batch=60/392 running_loss=0.036281
2026-08-19 19:05:25 | INFO | epoch=078 train_batch=70/392 running_loss=0.036203
2026-08-19 19:05:25 | INFO | epoch=078 train_batch=80/392 running_loss=0.036219
2026-08-19 19:05:26 | INFO | epoch=078 train_batch=90/392 running_loss=0.035990
2026-08-19 19:05:26 | INFO | epoch=078 train_batch=100/392 running_loss=0.035981
2026-08-19 19:05:26 | INFO | epoch=078 train_batch=110/392 running_loss=0.035874
2026-08-19 19:05:26 | INFO | epoch=078 train_batch=120/392 running_loss=0.035669
2026-08-19 19:05:26 | INFO | epoch=078 train_batch=130/392 running_loss=0.035696
2026-08-19 19:05:27 | INFO | epoch=078 train_batch=140/392 running_loss=0.035635
2026-08-19 19:05:27 | INFO | epoch=078 train_batch=150/392 running_loss=0.035592
2026-08-19 19:05:27 | INFO | epoch=078 train_batch=160/392 running_loss=0.035703
2026-08-19 19:05:27 | INFO | epoch=078 train_batch=170/392 running_loss=0.035747
2026-08-19 19:05:28 | INFO | epoch=078 train_batch=180/392 running_loss=0.035763
2026-08-19 19:05:28 | INFO | epoch=078 train_batch=190/392 running_loss=0.035840
2026-08-19 19:05:28 | INFO | epoch=078 train_batch=200/392 running_loss=0.035827
2026-08-19 19:05:28 | INFO | epoch=078 train_batch=210/392 running_loss=0.035799
2026-08-19 19:05:28 | INFO | epoch=078 train_batch=220/392 running_loss=0.035819
2026-08-19 19:05:29 | INFO | epoch=078 train_batch=230/392 running_loss=0.035891
2026-08-19 19:05:29 | INFO | epoch=078 train_batch=240/392 running_loss=0.035942
2026-08-19 19:05:29 | INFO | epoch=078 train_batch=250/392 running_loss=0.035999
2026-08-19 19:05:29 | INFO | epoch=078 train_batch=260/392 running_loss=0.036011
2026-08-19 19:05:30 | INFO | epoch=078 train_batch=270/392 running_loss=0.035970
2026-08-19 19:05:30 | INFO | epoch=078 train_batch=280/392 running_loss=0.036001
2026-08-19 19:05:30 | INFO | epoch=078 train_batch=290/392 running_loss=0.035998
2026-08-19 19:05:30 | INFO | epoch=078 train_batch=300/392 running_loss=0.036056
2026-08-19 19:05:31 | INFO | epoch=078 train_batch=310/392 running_loss=0.035958
2026-08-19 19:05:31 | INFO | epoch=078 train_batch=320/392 running_loss=0.035995
2026-08-19 19:05:31 | INFO | epoch=078 train_batch=330/392 running_loss=0.035999
2026-08-19 19:05:31 | INFO | epoch=078 train_batch=340/392 running_loss=0.036019
2026-08-19 19:05:31 | INFO | epoch=078 train_batch=350/392 running_loss=0.036042
2026-08-19 19:05:32 | INFO | epoch=078 train_batch=360/392 running_loss=0.036045
2026-08-19 19:05:32 | INFO | epoch=078 train_batch=370/392 running_loss=0.036059
2026-08-19 19:05:32 | INFO | epoch=078 train_batch=380/392 running_loss=0.036016
2026-08-19 19:05:32 | INFO | epoch=078 train_batch=390/392 running_loss=0.036043
2026-08-19 19:05:32 | INFO | epoch=078 train_batch=392/392 running_loss=0.036019
2026-08-19 19:05:33 | INFO | epoch=078 train_loss=0.036019 validation_loss=0.251880
2026-08-19 19:05:33 | INFO | epoch=078 saved new best.pt
2026-08-19 19:05:33 | INFO | epoch=079 train_batch=10/392 running_loss=0.037124
2026-08-19 19:05:34 | INFO | epoch=079 train_batch=20/392 running_loss=0.035873
2026-08-19 19:05:34 | INFO | epoch=079 train_batch=30/392 running_loss=0.035794
2026-08-19 19:05:34 | INFO | epoch=079 train_batch=40/392 running_loss=0.035574
2026-08-19 19:05:34 | INFO | epoch=079 train_batch=50/392 running_loss=0.035670
2026-08-19 19:05:35 | INFO | epoch=079 train_batch=60/392 running_loss=0.035237
2026-08-19 19:05:35 | INFO | epoch=079 train_batch=70/392 running_loss=0.035094
2026-08-19 19:05:35 | INFO | epoch=079 train_batch=80/392 running_loss=0.035244
2026-08-19 19:05:35 | INFO | epoch=079 train_batch=90/392 running_loss=0.035178
2026-08-19 19:05:35 | INFO | epoch=079 train_batch=100/392 running_loss=0.035271
2026-08-19 19:05:36 | INFO | epoch=079 train_batch=110/392 running_loss=0.035581
2026-08-19 19:05:36 | INFO | epoch=079 train_batch=120/392 running_loss=0.035628
2026-08-19 19:05:36 | INFO | epoch=079 train_batch=130/392 running_loss=0.035634
2026-08-19 19:05:36 | INFO | epoch=079 train_batch=140/392 running_loss=0.035849
2026-08-19 19:05:37 | INFO | epoch=079 train_batch=150/392 running_loss=0.035796
2026-08-19 19:05:37 | INFO | epoch=079 train_batch=160/392 running_loss=0.035652
2026-08-19 19:05:37 | INFO | epoch=079 train_batch=170/392 running_loss=0.035563
2026-08-19 19:05:37 | INFO | epoch=079 train_batch=180/392 running_loss=0.035617
2026-08-19 19:05:38 | INFO | epoch=079 train_batch=190/392 running_loss=0.035764
2026-08-19 19:05:38 | INFO | epoch=079 train_batch=200/392 running_loss=0.035618
2026-08-19 19:05:38 | INFO | epoch=079 train_batch=210/392 running_loss=0.035630
2026-08-19 19:05:38 | INFO | epoch=079 train_batch=220/392 running_loss=0.035794
2026-08-19 19:05:38 | INFO | epoch=079 train_batch=230/392 running_loss=0.035615
2026-08-19 19:05:39 | INFO | epoch=079 train_batch=240/392 running_loss=0.035572
2026-08-19 19:05:39 | INFO | epoch=079 train_batch=250/392 running_loss=0.035621
2026-08-19 19:05:39 | INFO | epoch=079 train_batch=260/392 running_loss=0.035676
2026-08-19 19:05:39 | INFO | epoch=079 train_batch=270/392 running_loss=0.035692
2026-08-19 19:05:40 | INFO | epoch=079 train_batch=280/392 running_loss=0.035779
2026-08-19 19:05:40 | INFO | epoch=079 train_batch=290/392 running_loss=0.035812
2026-08-19 19:05:40 | INFO | epoch=079 train_batch=300/392 running_loss=0.035838
2026-08-19 19:05:40 | INFO | epoch=079 train_batch=310/392 running_loss=0.035877
2026-08-19 19:05:41 | INFO | epoch=079 train_batch=320/392 running_loss=0.035798
2026-08-19 19:05:41 | INFO | epoch=079 train_batch=330/392 running_loss=0.035893
2026-08-19 19:05:41 | INFO | epoch=079 train_batch=340/392 running_loss=0.035882
2026-08-19 19:05:41 | INFO | epoch=079 train_batch=350/392 running_loss=0.035920
2026-08-19 19:05:41 | INFO | epoch=079 train_batch=360/392 running_loss=0.035886
2026-08-19 19:05:42 | INFO | epoch=079 train_batch=370/392 running_loss=0.035913
2026-08-19 19:05:42 | INFO | epoch=079 train_batch=380/392 running_loss=0.035894
2026-08-19 19:05:42 | INFO | epoch=079 train_batch=390/392 running_loss=0.035985
2026-08-19 19:05:42 | INFO | epoch=079 train_batch=392/392 running_loss=0.036005
2026-08-19 19:05:43 | INFO | epoch=079 train_loss=0.036005 validation_loss=0.256505
2026-08-19 19:05:43 | INFO | epoch=080 train_batch=10/392 running_loss=0.036780
2026-08-19 19:05:43 | INFO | epoch=080 train_batch=20/392 running_loss=0.037004
2026-08-19 19:05:44 | INFO | epoch=080 train_batch=30/392 running_loss=0.036137
2026-08-19 19:05:44 | INFO | epoch=080 train_batch=40/392 running_loss=0.036655
2026-08-19 19:05:44 | INFO | epoch=080 train_batch=50/392 running_loss=0.036236
2026-08-19 19:05:44 | INFO | epoch=080 train_batch=60/392 running_loss=0.036283
2026-08-19 19:05:45 | INFO | epoch=080 train_batch=70/392 running_loss=0.036372
2026-08-19 19:05:45 | INFO | epoch=080 train_batch=80/392 running_loss=0.036096
2026-08-19 19:05:45 | INFO | epoch=080 train_batch=90/392 running_loss=0.036244
2026-08-19 19:05:45 | INFO | epoch=080 train_batch=100/392 running_loss=0.036246
2026-08-19 19:05:45 | INFO | epoch=080 train_batch=110/392 running_loss=0.036114
2026-08-19 19:05:46 | INFO | epoch=080 train_batch=120/392 running_loss=0.035870
2026-08-19 19:05:46 | INFO | epoch=080 train_batch=130/392 running_loss=0.035770
2026-08-19 19:05:46 | INFO | epoch=080 train_batch=140/392 running_loss=0.035804
2026-08-19 19:05:46 | INFO | epoch=080 train_batch=150/392 running_loss=0.035825
2026-08-19 19:05:47 | INFO | epoch=080 train_batch=160/392 running_loss=0.035750
2026-08-19 19:05:47 | INFO | epoch=080 train_batch=170/392 running_loss=0.035888
2026-08-19 19:05:47 | INFO | epoch=080 train_batch=180/392 running_loss=0.035902
2026-08-19 19:05:47 | INFO | epoch=080 train_batch=190/392 running_loss=0.035778
2026-08-19 19:05:48 | INFO | epoch=080 train_batch=200/392 running_loss=0.035935
2026-08-19 19:05:48 | INFO | epoch=080 train_batch=210/392 running_loss=0.036066
2026-08-19 19:05:48 | INFO | epoch=080 train_batch=220/392 running_loss=0.036020
2026-08-19 19:05:48 | INFO | epoch=080 train_batch=230/392 running_loss=0.036033
2026-08-19 19:05:48 | INFO | epoch=080 train_batch=240/392 running_loss=0.035947
2026-08-19 19:05:49 | INFO | epoch=080 train_batch=250/392 running_loss=0.035920
2026-08-19 19:05:49 | INFO | epoch=080 train_batch=260/392 running_loss=0.036019
2026-08-19 19:05:49 | INFO | epoch=080 train_batch=270/392 running_loss=0.036045
2026-08-19 19:05:49 | INFO | epoch=080 train_batch=280/392 running_loss=0.035970
2026-08-19 19:05:50 | INFO | epoch=080 train_batch=290/392 running_loss=0.035935
2026-08-19 19:05:50 | INFO | epoch=080 train_batch=300/392 running_loss=0.036002
2026-08-19 19:05:50 | INFO | epoch=080 train_batch=310/392 running_loss=0.036048
2026-08-19 19:05:50 | INFO | epoch=080 train_batch=320/392 running_loss=0.036103
2026-08-19 19:05:50 | INFO | epoch=080 train_batch=330/392 running_loss=0.036109
2026-08-19 19:05:51 | INFO | epoch=080 train_batch=340/392 running_loss=0.036082
2026-08-19 19:05:51 | INFO | epoch=080 train_batch=350/392 running_loss=0.036067
2026-08-19 19:05:51 | INFO | epoch=080 train_batch=360/392 running_loss=0.036102
2026-08-19 19:05:51 | INFO | epoch=080 train_batch=370/392 running_loss=0.036125
2026-08-19 19:05:52 | INFO | epoch=080 train_batch=380/392 running_loss=0.036051
2026-08-19 19:05:52 | INFO | epoch=080 train_batch=390/392 running_loss=0.036019
2026-08-19 19:05:52 | INFO | epoch=080 train_batch=392/392 running_loss=0.036011
2026-08-19 19:05:53 | INFO | epoch=080 train_loss=0.036011 validation_loss=0.250893
2026-08-19 19:05:53 | INFO | epoch=080 saved new best.pt
2026-08-19 19:05:53 | INFO | epoch=081 train_batch=10/392 running_loss=0.034588
2026-08-19 19:05:53 | INFO | epoch=081 train_batch=20/392 running_loss=0.035884
2026-08-19 19:05:53 | INFO | epoch=081 train_batch=30/392 running_loss=0.034782
2026-08-19 19:05:54 | INFO | epoch=081 train_batch=40/392 running_loss=0.034609
2026-08-19 19:05:54 | INFO | epoch=081 train_batch=50/392 running_loss=0.034540
2026-08-19 19:05:54 | INFO | epoch=081 train_batch=60/392 running_loss=0.035177
2026-08-19 19:05:54 | INFO | epoch=081 train_batch=70/392 running_loss=0.035082
2026-08-19 19:05:55 | INFO | epoch=081 train_batch=80/392 running_loss=0.035339
2026-08-19 19:05:55 | INFO | epoch=081 train_batch=90/392 running_loss=0.035425
2026-08-19 19:05:55 | INFO | epoch=081 train_batch=100/392 running_loss=0.035176
2026-08-19 19:05:55 | INFO | epoch=081 train_batch=110/392 running_loss=0.035266
2026-08-19 19:05:55 | INFO | epoch=081 train_batch=120/392 running_loss=0.035197
2026-08-19 19:05:56 | INFO | epoch=081 train_batch=130/392 running_loss=0.034990
2026-08-19 19:05:56 | INFO | epoch=081 train_batch=140/392 running_loss=0.034887
2026-08-19 19:05:56 | INFO | epoch=081 train_batch=150/392 running_loss=0.034766
2026-08-19 19:05:56 | INFO | epoch=081 train_batch=160/392 running_loss=0.035069
2026-08-19 19:05:57 | INFO | epoch=081 train_batch=170/392 running_loss=0.035155
2026-08-19 19:05:57 | INFO | epoch=081 train_batch=180/392 running_loss=0.035199
2026-08-19 19:05:57 | INFO | epoch=081 train_batch=190/392 running_loss=0.035175
2026-08-19 19:05:57 | INFO | epoch=081 train_batch=200/392 running_loss=0.035181
2026-08-19 19:05:58 | INFO | epoch=081 train_batch=210/392 running_loss=0.035301
2026-08-19 19:05:58 | INFO | epoch=081 train_batch=220/392 running_loss=0.035391
2026-08-19 19:05:58 | INFO | epoch=081 train_batch=230/392 running_loss=0.035563
2026-08-19 19:05:58 | INFO | epoch=081 train_batch=240/392 running_loss=0.035608
2026-08-19 19:05:58 | INFO | epoch=081 train_batch=250/392 running_loss=0.035578
2026-08-19 19:05:59 | INFO | epoch=081 train_batch=260/392 running_loss=0.035581
2026-08-19 19:05:59 | INFO | epoch=081 train_batch=270/392 running_loss=0.035655
2026-08-19 19:05:59 | INFO | epoch=081 train_batch=280/392 running_loss=0.035673
2026-08-19 19:05:59 | INFO | epoch=081 train_batch=290/392 running_loss=0.035712
2026-08-19 19:06:00 | INFO | epoch=081 train_batch=300/392 running_loss=0.035693
2026-08-19 19:06:00 | INFO | epoch=081 train_batch=310/392 running_loss=0.035632
2026-08-19 19:06:00 | INFO | epoch=081 train_batch=320/392 running_loss=0.035559
2026-08-19 19:06:00 | INFO | epoch=081 train_batch=330/392 running_loss=0.035587
2026-08-19 19:06:01 | INFO | epoch=081 train_batch=340/392 running_loss=0.035666
2026-08-19 19:06:01 | INFO | epoch=081 train_batch=350/392 running_loss=0.035646
2026-08-19 19:06:01 | INFO | epoch=081 train_batch=360/392 running_loss=0.035665
2026-08-19 19:06:01 | INFO | epoch=081 train_batch=370/392 running_loss=0.035705
2026-08-19 19:06:01 | INFO | epoch=081 train_batch=380/392 running_loss=0.035717
2026-08-19 19:06:02 | INFO | epoch=081 train_batch=390/392 running_loss=0.035746
2026-08-19 19:06:02 | INFO | epoch=081 train_batch=392/392 running_loss=0.035745
2026-08-19 19:06:02 | INFO | epoch=081 train_loss=0.035745 validation_loss=0.254984
2026-08-19 19:06:03 | INFO | epoch=082 train_batch=10/392 running_loss=0.037633
2026-08-19 19:06:03 | INFO | epoch=082 train_batch=20/392 running_loss=0.036560
2026-08-19 19:06:03 | INFO | epoch=082 train_batch=30/392 running_loss=0.035724
2026-08-19 19:06:03 | INFO | epoch=082 train_batch=40/392 running_loss=0.035088
2026-08-19 19:06:04 | INFO | epoch=082 train_batch=50/392 running_loss=0.035367
2026-08-19 19:06:04 | INFO | epoch=082 train_batch=60/392 running_loss=0.035109
2026-08-19 19:06:04 | INFO | epoch=082 train_batch=70/392 running_loss=0.034894
2026-08-19 19:06:04 | INFO | epoch=082 train_batch=80/392 running_loss=0.034962
2026-08-19 19:06:04 | INFO | epoch=082 train_batch=90/392 running_loss=0.034774
2026-08-19 19:06:05 | INFO | epoch=082 train_batch=100/392 running_loss=0.034926
2026-08-19 19:06:05 | INFO | epoch=082 train_batch=110/392 running_loss=0.035058
2026-08-19 19:06:05 | INFO | epoch=082 train_batch=120/392 running_loss=0.034993
2026-08-19 19:06:05 | INFO | epoch=082 train_batch=130/392 running_loss=0.034933
2026-08-19 19:06:06 | INFO | epoch=082 train_batch=140/392 running_loss=0.035041
2026-08-19 19:06:06 | INFO | epoch=082 train_batch=150/392 running_loss=0.035172
2026-08-19 19:06:06 | INFO | epoch=082 train_batch=160/392 running_loss=0.035233
2026-08-19 19:06:06 | INFO | epoch=082 train_batch=170/392 running_loss=0.035302
2026-08-19 19:06:06 | INFO | epoch=082 train_batch=180/392 running_loss=0.035554
2026-08-19 19:06:07 | INFO | epoch=082 train_batch=190/392 running_loss=0.035565
2026-08-19 19:06:07 | INFO | epoch=082 train_batch=200/392 running_loss=0.035456
2026-08-19 19:06:07 | INFO | epoch=082 train_batch=210/392 running_loss=0.035460
2026-08-19 19:06:07 | INFO | epoch=082 train_batch=220/392 running_loss=0.035464
2026-08-19 19:06:08 | INFO | epoch=082 train_batch=230/392 running_loss=0.035534
2026-08-19 19:06:08 | INFO | epoch=082 train_batch=240/392 running_loss=0.035604
2026-08-19 19:06:08 | INFO | epoch=082 train_batch=250/392 running_loss=0.035570
2026-08-19 19:06:08 | INFO | epoch=082 train_batch=260/392 running_loss=0.035488
2026-08-19 19:06:09 | INFO | epoch=082 train_batch=270/392 running_loss=0.035563
2026-08-19 19:06:09 | INFO | epoch=082 train_batch=280/392 running_loss=0.035612
2026-08-19 19:06:09 | INFO | epoch=082 train_batch=290/392 running_loss=0.035647
2026-08-19 19:06:09 | INFO | epoch=082 train_batch=300/392 running_loss=0.035542
2026-08-19 19:06:09 | INFO | epoch=082 train_batch=310/392 running_loss=0.035402
2026-08-19 19:06:10 | INFO | epoch=082 train_batch=320/392 running_loss=0.035440
2026-08-19 19:06:10 | INFO | epoch=082 train_batch=330/392 running_loss=0.035478
2026-08-19 19:06:10 | INFO | epoch=082 train_batch=340/392 running_loss=0.035527
2026-08-19 19:06:10 | INFO | epoch=082 train_batch=350/392 running_loss=0.035529
2026-08-19 19:06:11 | INFO | epoch=082 train_batch=360/392 running_loss=0.035572
2026-08-19 19:06:11 | INFO | epoch=082 train_batch=370/392 running_loss=0.035573
2026-08-19 19:06:11 | INFO | epoch=082 train_batch=380/392 running_loss=0.035625
2026-08-19 19:06:11 | INFO | epoch=082 train_batch=390/392 running_loss=0.035658
2026-08-19 19:06:11 | INFO | epoch=082 train_batch=392/392 running_loss=0.035645
2026-08-19 19:06:12 | INFO | epoch=082 train_loss=0.035645 validation_loss=0.255165
2026-08-19 19:06:12 | INFO | epoch=083 train_batch=10/392 running_loss=0.031515
2026-08-19 19:06:12 | INFO | epoch=083 train_batch=20/392 running_loss=0.032746
2026-08-19 19:06:13 | INFO | epoch=083 train_batch=30/392 running_loss=0.032800
2026-08-19 19:06:13 | INFO | epoch=083 train_batch=40/392 running_loss=0.033738
2026-08-19 19:06:13 | INFO | epoch=083 train_batch=50/392 running_loss=0.033660
2026-08-19 19:06:13 | INFO | epoch=083 train_batch=60/392 running_loss=0.033802
2026-08-19 19:06:14 | INFO | epoch=083 train_batch=70/392 running_loss=0.034534
2026-08-19 19:06:14 | INFO | epoch=083 train_batch=80/392 running_loss=0.034500
2026-08-19 19:06:14 | INFO | epoch=083 train_batch=90/392 running_loss=0.034643
2026-08-19 19:06:14 | INFO | epoch=083 train_batch=100/392 running_loss=0.034808
2026-08-19 19:06:15 | INFO | epoch=083 train_batch=110/392 running_loss=0.034982
2026-08-19 19:06:15 | INFO | epoch=083 train_batch=120/392 running_loss=0.035116
2026-08-19 19:06:15 | INFO | epoch=083 train_batch=130/392 running_loss=0.035135
2026-08-19 19:06:15 | INFO | epoch=083 train_batch=140/392 running_loss=0.035243
2026-08-19 19:06:15 | INFO | epoch=083 train_batch=150/392 running_loss=0.035255
2026-08-19 19:06:16 | INFO | epoch=083 train_batch=160/392 running_loss=0.035333
2026-08-19 19:06:16 | INFO | epoch=083 train_batch=170/392 running_loss=0.035178
2026-08-19 19:06:16 | INFO | epoch=083 train_batch=180/392 running_loss=0.035331
2026-08-19 19:06:16 | INFO | epoch=083 train_batch=190/392 running_loss=0.035407
2026-08-19 19:06:17 | INFO | epoch=083 train_batch=200/392 running_loss=0.035328
2026-08-19 19:06:17 | INFO | epoch=083 train_batch=210/392 running_loss=0.035295
2026-08-19 19:06:17 | INFO | epoch=083 train_batch=220/392 running_loss=0.035292
2026-08-19 19:06:17 | INFO | epoch=083 train_batch=230/392 running_loss=0.035267
2026-08-19 19:06:17 | INFO | epoch=083 train_batch=240/392 running_loss=0.035306
2026-08-19 19:06:18 | INFO | epoch=083 train_batch=250/392 running_loss=0.035272
2026-08-19 19:06:18 | INFO | epoch=083 train_batch=260/392 running_loss=0.035241
2026-08-19 19:06:18 | INFO | epoch=083 train_batch=270/392 running_loss=0.035327
2026-08-19 19:06:18 | INFO | epoch=083 train_batch=280/392 running_loss=0.035383
2026-08-19 19:06:19 | INFO | epoch=083 train_batch=290/392 running_loss=0.035408
2026-08-19 19:06:19 | INFO | epoch=083 train_batch=300/392 running_loss=0.035465
2026-08-19 19:06:19 | INFO | epoch=083 train_batch=310/392 running_loss=0.035401
2026-08-19 19:06:19 | INFO | epoch=083 train_batch=320/392 running_loss=0.035395
2026-08-19 19:06:19 | INFO | epoch=083 train_batch=330/392 running_loss=0.035405
2026-08-19 19:06:20 | INFO | epoch=083 train_batch=340/392 running_loss=0.035525
2026-08-19 19:06:20 | INFO | epoch=083 train_batch=350/392 running_loss=0.035528
2026-08-19 19:06:20 | INFO | epoch=083 train_batch=360/392 running_loss=0.035549
2026-08-19 19:06:20 | INFO | epoch=083 train_batch=370/392 running_loss=0.035593
2026-08-19 19:06:21 | INFO | epoch=083 train_batch=380/392 running_loss=0.035529
2026-08-19 19:06:21 | INFO | epoch=083 train_batch=390/392 running_loss=0.035522
2026-08-19 19:06:21 | INFO | epoch=083 train_batch=392/392 running_loss=0.035531
2026-08-19 19:06:22 | INFO | epoch=083 train_loss=0.035531 validation_loss=0.256247
2026-08-19 19:06:22 | INFO | epoch=084 train_batch=10/392 running_loss=0.033594
2026-08-19 19:06:22 | INFO | epoch=084 train_batch=20/392 running_loss=0.033856
2026-08-19 19:06:22 | INFO | epoch=084 train_batch=30/392 running_loss=0.033884
2026-08-19 19:06:23 | INFO | epoch=084 train_batch=40/392 running_loss=0.034192
2026-08-19 19:06:23 | INFO | epoch=084 train_batch=50/392 running_loss=0.034387
2026-08-19 19:06:23 | INFO | epoch=084 train_batch=60/392 running_loss=0.034852
2026-08-19 19:06:23 | INFO | epoch=084 train_batch=70/392 running_loss=0.034884
2026-08-19 19:06:23 | INFO | epoch=084 train_batch=80/392 running_loss=0.034977
2026-08-19 19:06:24 | INFO | epoch=084 train_batch=90/392 running_loss=0.035018
2026-08-19 19:06:24 | INFO | epoch=084 train_batch=100/392 running_loss=0.035035
2026-08-19 19:06:24 | INFO | epoch=084 train_batch=110/392 running_loss=0.034875
2026-08-19 19:06:24 | INFO | epoch=084 train_batch=120/392 running_loss=0.034931
2026-08-19 19:06:25 | INFO | epoch=084 train_batch=130/392 running_loss=0.035223
2026-08-19 19:06:25 | INFO | epoch=084 train_batch=140/392 running_loss=0.035084
2026-08-19 19:06:25 | INFO | epoch=084 train_batch=150/392 running_loss=0.034900
2026-08-19 19:06:25 | INFO | epoch=084 train_batch=160/392 running_loss=0.034975
2026-08-19 19:06:25 | INFO | epoch=084 train_batch=170/392 running_loss=0.035063
2026-08-19 19:06:26 | INFO | epoch=084 train_batch=180/392 running_loss=0.035077
2026-08-19 19:06:26 | INFO | epoch=084 train_batch=190/392 running_loss=0.035064
2026-08-19 19:06:26 | INFO | epoch=084 train_batch=200/392 running_loss=0.035224
2026-08-19 19:06:26 | INFO | epoch=084 train_batch=210/392 running_loss=0.035508
2026-08-19 19:06:27 | INFO | epoch=084 train_batch=220/392 running_loss=0.035506
2026-08-19 19:06:27 | INFO | epoch=084 train_batch=230/392 running_loss=0.035581
2026-08-19 19:06:27 | INFO | epoch=084 train_batch=240/392 running_loss=0.035609
2026-08-19 19:06:27 | INFO | epoch=084 train_batch=250/392 running_loss=0.035493
2026-08-19 19:06:27 | INFO | epoch=084 train_batch=260/392 running_loss=0.035534
2026-08-19 19:06:28 | INFO | epoch=084 train_batch=270/392 running_loss=0.035471
2026-08-19 19:06:28 | INFO | epoch=084 train_batch=280/392 running_loss=0.035414
2026-08-19 19:06:28 | INFO | epoch=084 train_batch=290/392 running_loss=0.035413
2026-08-19 19:06:28 | INFO | epoch=084 train_batch=300/392 running_loss=0.035494
2026-08-19 19:06:29 | INFO | epoch=084 train_batch=310/392 running_loss=0.035385
2026-08-19 19:06:29 | INFO | epoch=084 train_batch=320/392 running_loss=0.035310
2026-08-19 19:06:29 | INFO | epoch=084 train_batch=330/392 running_loss=0.035265
2026-08-19 19:06:29 | INFO | epoch=084 train_batch=340/392 running_loss=0.035312
2026-08-19 19:06:29 | INFO | epoch=084 train_batch=350/392 running_loss=0.035279
2026-08-19 19:06:30 | INFO | epoch=084 train_batch=360/392 running_loss=0.035207
2026-08-19 19:06:30 | INFO | epoch=084 train_batch=370/392 running_loss=0.035377
2026-08-19 19:06:30 | INFO | epoch=084 train_batch=380/392 running_loss=0.035424
2026-08-19 19:06:30 | INFO | epoch=084 train_batch=390/392 running_loss=0.035484
2026-08-19 19:06:30 | INFO | epoch=084 train_batch=392/392 running_loss=0.035475
2026-08-19 19:06:31 | INFO | epoch=084 train_loss=0.035475 validation_loss=0.257132
2026-08-19 19:06:31 | INFO | epoch=085 train_batch=10/392 running_loss=0.033098
2026-08-19 19:06:32 | INFO | epoch=085 train_batch=20/392 running_loss=0.033907
2026-08-19 19:06:32 | INFO | epoch=085 train_batch=30/392 running_loss=0.033286
2026-08-19 19:06:32 | INFO | epoch=085 train_batch=40/392 running_loss=0.034304
2026-08-19 19:06:32 | INFO | epoch=085 train_batch=50/392 running_loss=0.034615
2026-08-19 19:06:33 | INFO | epoch=085 train_batch=60/392 running_loss=0.034707
2026-08-19 19:06:33 | INFO | epoch=085 train_batch=70/392 running_loss=0.034755
2026-08-19 19:06:33 | INFO | epoch=085 train_batch=80/392 running_loss=0.034421
2026-08-19 19:06:33 | INFO | epoch=085 train_batch=90/392 running_loss=0.034348
2026-08-19 19:06:33 | INFO | epoch=085 train_batch=100/392 running_loss=0.034269
2026-08-19 19:06:34 | INFO | epoch=085 train_batch=110/392 running_loss=0.034330
2026-08-19 19:06:34 | INFO | epoch=085 train_batch=120/392 running_loss=0.034418
2026-08-19 19:06:34 | INFO | epoch=085 train_batch=130/392 running_loss=0.034365
2026-08-19 19:06:34 | INFO | epoch=085 train_batch=140/392 running_loss=0.034489
2026-08-19 19:06:35 | INFO | epoch=085 train_batch=150/392 running_loss=0.034633
2026-08-19 19:06:35 | INFO | epoch=085 train_batch=160/392 running_loss=0.034825
2026-08-19 19:06:35 | INFO | epoch=085 train_batch=170/392 running_loss=0.034764
2026-08-19 19:06:35 | INFO | epoch=085 train_batch=180/392 running_loss=0.034641
2026-08-19 19:06:36 | INFO | epoch=085 train_batch=190/392 running_loss=0.034729
2026-08-19 19:06:36 | INFO | epoch=085 train_batch=200/392 running_loss=0.034615
2026-08-19 19:06:36 | INFO | epoch=085 train_batch=210/392 running_loss=0.034882
2026-08-19 19:06:36 | INFO | epoch=085 train_batch=220/392 running_loss=0.034964
2026-08-19 19:06:36 | INFO | epoch=085 train_batch=230/392 running_loss=0.035019
2026-08-19 19:06:37 | INFO | epoch=085 train_batch=240/392 running_loss=0.034932
2026-08-19 19:06:37 | INFO | epoch=085 train_batch=250/392 running_loss=0.035075
2026-08-19 19:06:37 | INFO | epoch=085 train_batch=260/392 running_loss=0.035061
2026-08-19 19:06:37 | INFO | epoch=085 train_batch=270/392 running_loss=0.035172
2026-08-19 19:06:38 | INFO | epoch=085 train_batch=280/392 running_loss=0.035256
2026-08-19 19:06:38 | INFO | epoch=085 train_batch=290/392 running_loss=0.035279
2026-08-19 19:06:38 | INFO | epoch=085 train_batch=300/392 running_loss=0.035248
2026-08-19 19:06:38 | INFO | epoch=085 train_batch=310/392 running_loss=0.035306
2026-08-19 19:06:39 | INFO | epoch=085 train_batch=320/392 running_loss=0.035228
2026-08-19 19:06:39 | INFO | epoch=085 train_batch=330/392 running_loss=0.035204
2026-08-19 19:06:39 | INFO | epoch=085 train_batch=340/392 running_loss=0.035234
2026-08-19 19:06:39 | INFO | epoch=085 train_batch=350/392 running_loss=0.035295
2026-08-19 19:06:39 | INFO | epoch=085 train_batch=360/392 running_loss=0.035274
2026-08-19 19:06:40 | INFO | epoch=085 train_batch=370/392 running_loss=0.035314
2026-08-19 19:06:40 | INFO | epoch=085 train_batch=380/392 running_loss=0.035393
2026-08-19 19:06:40 | INFO | epoch=085 train_batch=390/392 running_loss=0.035376
2026-08-19 19:06:40 | INFO | epoch=085 train_batch=392/392 running_loss=0.035336
2026-08-19 19:06:41 | INFO | epoch=085 train_loss=0.035336 validation_loss=0.260009
2026-08-19 19:06:41 | INFO | epoch=086 train_batch=10/392 running_loss=0.035376
2026-08-19 19:06:41 | INFO | epoch=086 train_batch=20/392 running_loss=0.034694
2026-08-19 19:06:42 | INFO | epoch=086 train_batch=30/392 running_loss=0.034905
2026-08-19 19:06:42 | INFO | epoch=086 train_batch=40/392 running_loss=0.034052
2026-08-19 19:06:42 | INFO | epoch=086 train_batch=50/392 running_loss=0.034491
2026-08-19 19:06:42 | INFO | epoch=086 train_batch=60/392 running_loss=0.033908
2026-08-19 19:06:43 | INFO | epoch=086 train_batch=70/392 running_loss=0.033906
2026-08-19 19:06:43 | INFO | epoch=086 train_batch=80/392 running_loss=0.033821
2026-08-19 19:06:43 | INFO | epoch=086 train_batch=90/392 running_loss=0.034091
2026-08-19 19:06:43 | INFO | epoch=086 train_batch=100/392 running_loss=0.034496
2026-08-19 19:06:43 | INFO | epoch=086 train_batch=110/392 running_loss=0.034413
2026-08-19 19:06:44 | INFO | epoch=086 train_batch=120/392 running_loss=0.034577
2026-08-19 19:06:44 | INFO | epoch=086 train_batch=130/392 running_loss=0.034709
2026-08-19 19:06:44 | INFO | epoch=086 train_batch=140/392 running_loss=0.034973
2026-08-19 19:06:44 | INFO | epoch=086 train_batch=150/392 running_loss=0.034919
2026-08-19 19:06:45 | INFO | epoch=086 train_batch=160/392 running_loss=0.034822
2026-08-19 19:06:45 | INFO | epoch=086 train_batch=170/392 running_loss=0.034905
2026-08-19 19:06:45 | INFO | epoch=086 train_batch=180/392 running_loss=0.034920
2026-08-19 19:06:45 | INFO | epoch=086 train_batch=190/392 running_loss=0.034917
2026-08-19 19:06:45 | INFO | epoch=086 train_batch=200/392 running_loss=0.035054
2026-08-19 19:06:46 | INFO | epoch=086 train_batch=210/392 running_loss=0.035054
2026-08-19 19:06:46 | INFO | epoch=086 train_batch=220/392 running_loss=0.035147
2026-08-19 19:06:46 | INFO | epoch=086 train_batch=230/392 running_loss=0.035098
2026-08-19 19:06:46 | INFO | epoch=086 train_batch=240/392 running_loss=0.035142
2026-08-19 19:06:47 | INFO | epoch=086 train_batch=250/392 running_loss=0.035264
2026-08-19 19:06:47 | INFO | epoch=086 train_batch=260/392 running_loss=0.035380
2026-08-19 19:06:47 | INFO | epoch=086 train_batch=270/392 running_loss=0.035283
2026-08-19 19:06:47 | INFO | epoch=086 train_batch=280/392 running_loss=0.035282
2026-08-19 19:06:48 | INFO | epoch=086 train_batch=290/392 running_loss=0.035284
2026-08-19 19:06:48 | INFO | epoch=086 train_batch=300/392 running_loss=0.035321
2026-08-19 19:06:48 | INFO | epoch=086 train_batch=310/392 running_loss=0.035397
2026-08-19 19:06:48 | INFO | epoch=086 train_batch=320/392 running_loss=0.035488
2026-08-19 19:06:48 | INFO | epoch=086 train_batch=330/392 running_loss=0.035481
2026-08-19 19:06:49 | INFO | epoch=086 train_batch=340/392 running_loss=0.035414
2026-08-19 19:06:49 | INFO | epoch=086 train_batch=350/392 running_loss=0.035416
2026-08-19 19:06:49 | INFO | epoch=086 train_batch=360/392 running_loss=0.035409
2026-08-19 19:06:49 | INFO | epoch=086 train_batch=370/392 running_loss=0.035357
2026-08-19 19:06:50 | INFO | epoch=086 train_batch=380/392 running_loss=0.035410
2026-08-19 19:06:50 | INFO | epoch=086 train_batch=390/392 running_loss=0.035372
2026-08-19 19:06:50 | INFO | epoch=086 train_batch=392/392 running_loss=0.035384
2026-08-19 19:06:50 | INFO | epoch=086 train_loss=0.035384 validation_loss=0.256211
2026-08-19 19:06:51 | INFO | epoch=087 train_batch=10/392 running_loss=0.036712
2026-08-19 19:06:51 | INFO | epoch=087 train_batch=20/392 running_loss=0.034718
2026-08-19 19:06:51 | INFO | epoch=087 train_batch=30/392 running_loss=0.035522
2026-08-19 19:06:51 | INFO | epoch=087 train_batch=40/392 running_loss=0.034557
2026-08-19 19:06:52 | INFO | epoch=087 train_batch=50/392 running_loss=0.034837
2026-08-19 19:06:52 | INFO | epoch=087 train_batch=60/392 running_loss=0.034971
2026-08-19 19:06:52 | INFO | epoch=087 train_batch=70/392 running_loss=0.035207
2026-08-19 19:06:52 | INFO | epoch=087 train_batch=80/392 running_loss=0.035088
2026-08-19 19:06:53 | INFO | epoch=087 train_batch=90/392 running_loss=0.034943
2026-08-19 19:06:53 | INFO | epoch=087 train_batch=100/392 running_loss=0.034687
2026-08-19 19:06:53 | INFO | epoch=087 train_batch=110/392 running_loss=0.034605
2026-08-19 19:06:53 | INFO | epoch=087 train_batch=120/392 running_loss=0.034408
2026-08-19 19:06:54 | INFO | epoch=087 train_batch=130/392 running_loss=0.034480
2026-08-19 19:06:54 | INFO | epoch=087 train_batch=140/392 running_loss=0.034608
2026-08-19 19:06:54 | INFO | epoch=087 train_batch=150/392 running_loss=0.034669
2026-08-19 19:06:54 | INFO | epoch=087 train_batch=160/392 running_loss=0.034740
2026-08-19 19:06:54 | INFO | epoch=087 train_batch=170/392 running_loss=0.034703
2026-08-19 19:06:55 | INFO | epoch=087 train_batch=180/392 running_loss=0.034632
2026-08-19 19:06:55 | INFO | epoch=087 train_batch=190/392 running_loss=0.034566
2026-08-19 19:06:55 | INFO | epoch=087 train_batch=200/392 running_loss=0.034536
2026-08-19 19:06:55 | INFO | epoch=087 train_batch=210/392 running_loss=0.034732
2026-08-19 19:06:56 | INFO | epoch=087 train_batch=220/392 running_loss=0.034743
2026-08-19 19:06:56 | INFO | epoch=087 train_batch=230/392 running_loss=0.034718
2026-08-19 19:06:56 | INFO | epoch=087 train_batch=240/392 running_loss=0.034742
2026-08-19 19:06:56 | INFO | epoch=087 train_batch=250/392 running_loss=0.034790
2026-08-19 19:06:56 | INFO | epoch=087 train_batch=260/392 running_loss=0.034981
2026-08-19 19:06:57 | INFO | epoch=087 train_batch=270/392 running_loss=0.035080
2026-08-19 19:06:57 | INFO | epoch=087 train_batch=280/392 running_loss=0.035121
2026-08-19 19:06:57 | INFO | epoch=087 train_batch=290/392 running_loss=0.035162
2026-08-19 19:06:57 | INFO | epoch=087 train_batch=300/392 running_loss=0.035203
2026-08-19 19:06:58 | INFO | epoch=087 train_batch=310/392 running_loss=0.035222
2026-08-19 19:06:58 | INFO | epoch=087 train_batch=320/392 running_loss=0.035215
2026-08-19 19:06:58 | INFO | epoch=087 train_batch=330/392 running_loss=0.035240
2026-08-19 19:06:58 | INFO | epoch=087 train_batch=340/392 running_loss=0.035325
2026-08-19 19:06:59 | INFO | epoch=087 train_batch=350/392 running_loss=0.035432
2026-08-19 19:06:59 | INFO | epoch=087 train_batch=360/392 running_loss=0.035419
2026-08-19 19:06:59 | INFO | epoch=087 train_batch=370/392 running_loss=0.035503
2026-08-19 19:06:59 | INFO | epoch=087 train_batch=380/392 running_loss=0.035447
2026-08-19 19:06:59 | INFO | epoch=087 train_batch=390/392 running_loss=0.035437
2026-08-19 19:07:00 | INFO | epoch=087 train_batch=392/392 running_loss=0.035428
2026-08-19 19:07:00 | INFO | epoch=087 train_loss=0.035428 validation_loss=0.251764
2026-08-19 19:07:01 | INFO | epoch=088 train_batch=10/392 running_loss=0.031672
2026-08-19 19:07:01 | INFO | epoch=088 train_batch=20/392 running_loss=0.033080
2026-08-19 19:07:01 | INFO | epoch=088 train_batch=30/392 running_loss=0.035077
2026-08-19 19:07:01 | INFO | epoch=088 train_batch=40/392 running_loss=0.035622
2026-08-19 19:07:01 | INFO | epoch=088 train_batch=50/392 running_loss=0.035230
2026-08-19 19:07:02 | INFO | epoch=088 train_batch=60/392 running_loss=0.034793
2026-08-19 19:07:02 | INFO | epoch=088 train_batch=70/392 running_loss=0.035422
2026-08-19 19:07:02 | INFO | epoch=088 train_batch=80/392 running_loss=0.035640
2026-08-19 19:07:02 | INFO | epoch=088 train_batch=90/392 running_loss=0.035702
2026-08-19 19:07:03 | INFO | epoch=088 train_batch=100/392 running_loss=0.035546
2026-08-19 19:07:03 | INFO | epoch=088 train_batch=110/392 running_loss=0.035633
2026-08-19 19:07:03 | INFO | epoch=088 train_batch=120/392 running_loss=0.035393
2026-08-19 19:07:03 | INFO | epoch=088 train_batch=130/392 running_loss=0.035478
2026-08-19 19:07:04 | INFO | epoch=088 train_batch=140/392 running_loss=0.035309
2026-08-19 19:07:04 | INFO | epoch=088 train_batch=150/392 running_loss=0.035434
2026-08-19 19:07:04 | INFO | epoch=088 train_batch=160/392 running_loss=0.035185
2026-08-19 19:07:04 | INFO | epoch=088 train_batch=170/392 running_loss=0.035212
2026-08-19 19:07:04 | INFO | epoch=088 train_batch=180/392 running_loss=0.035353
2026-08-19 19:07:05 | INFO | epoch=088 train_batch=190/392 running_loss=0.035301
2026-08-19 19:07:05 | INFO | epoch=088 train_batch=200/392 running_loss=0.035256
2026-08-19 19:07:05 | INFO | epoch=088 train_batch=210/392 running_loss=0.035205
2026-08-19 19:07:05 | INFO | epoch=088 train_batch=220/392 running_loss=0.035089
2026-08-19 19:07:06 | INFO | epoch=088 train_batch=230/392 running_loss=0.035090
2026-08-19 19:07:06 | INFO | epoch=088 train_batch=240/392 running_loss=0.034932
2026-08-19 19:07:06 | INFO | epoch=088 train_batch=250/392 running_loss=0.035042
2026-08-19 19:07:06 | INFO | epoch=088 train_batch=260/392 running_loss=0.035024
2026-08-19 19:07:06 | INFO | epoch=088 train_batch=270/392 running_loss=0.034960
2026-08-19 19:07:07 | INFO | epoch=088 train_batch=280/392 running_loss=0.035004
2026-08-19 19:07:07 | INFO | epoch=088 train_batch=290/392 running_loss=0.034954
2026-08-19 19:07:07 | INFO | epoch=088 train_batch=300/392 running_loss=0.034944
2026-08-19 19:07:07 | INFO | epoch=088 train_batch=310/392 running_loss=0.035071
2026-08-19 19:07:08 | INFO | epoch=088 train_batch=320/392 running_loss=0.035119
2026-08-19 19:07:08 | INFO | epoch=088 train_batch=330/392 running_loss=0.035119
2026-08-19 19:07:08 | INFO | epoch=088 train_batch=340/392 running_loss=0.035160
2026-08-19 19:07:08 | INFO | epoch=088 train_batch=350/392 running_loss=0.035185
2026-08-19 19:07:09 | INFO | epoch=088 train_batch=360/392 running_loss=0.035164
2026-08-19 19:07:09 | INFO | epoch=088 train_batch=370/392 running_loss=0.035155
2026-08-19 19:07:09 | INFO | epoch=088 train_batch=380/392 running_loss=0.035186
2026-08-19 19:07:09 | INFO | epoch=088 train_batch=390/392 running_loss=0.035173
2026-08-19 19:07:09 | INFO | epoch=088 train_batch=392/392 running_loss=0.035177
2026-08-19 19:07:10 | INFO | epoch=088 train_loss=0.035177 validation_loss=0.254003
2026-08-19 19:07:10 | INFO | epoch=089 train_batch=10/392 running_loss=0.034471
2026-08-19 19:07:10 | INFO | epoch=089 train_batch=20/392 running_loss=0.036818
2026-08-19 19:07:11 | INFO | epoch=089 train_batch=30/392 running_loss=0.036206
2026-08-19 19:07:11 | INFO | epoch=089 train_batch=40/392 running_loss=0.035587
2026-08-19 19:07:11 | INFO | epoch=089 train_batch=50/392 running_loss=0.035347
2026-08-19 19:07:11 | INFO | epoch=089 train_batch=60/392 running_loss=0.035453
2026-08-19 19:07:12 | INFO | epoch=089 train_batch=70/392 running_loss=0.034823
2026-08-19 19:07:12 | INFO | epoch=089 train_batch=80/392 running_loss=0.034587
2026-08-19 19:07:12 | INFO | epoch=089 train_batch=90/392 running_loss=0.034699
2026-08-19 19:07:12 | INFO | epoch=089 train_batch=100/392 running_loss=0.034793
2026-08-19 19:07:13 | INFO | epoch=089 train_batch=110/392 running_loss=0.034796
2026-08-19 19:07:13 | INFO | epoch=089 train_batch=120/392 running_loss=0.034717
2026-08-19 19:07:13 | INFO | epoch=089 train_batch=130/392 running_loss=0.034701
2026-08-19 19:07:13 | INFO | epoch=089 train_batch=140/392 running_loss=0.034656
2026-08-19 19:07:13 | INFO | epoch=089 train_batch=150/392 running_loss=0.034827
2026-08-19 19:07:14 | INFO | epoch=089 train_batch=160/392 running_loss=0.034889
2026-08-19 19:07:14 | INFO | epoch=089 train_batch=170/392 running_loss=0.034881
2026-08-19 19:07:14 | INFO | epoch=089 train_batch=180/392 running_loss=0.034800
2026-08-19 19:07:14 | INFO | epoch=089 train_batch=190/392 running_loss=0.034870
2026-08-19 19:07:15 | INFO | epoch=089 train_batch=200/392 running_loss=0.034892
2026-08-19 19:07:15 | INFO | epoch=089 train_batch=210/392 running_loss=0.034799
2026-08-19 19:07:15 | INFO | epoch=089 train_batch=220/392 running_loss=0.034677
2026-08-19 19:07:15 | INFO | epoch=089 train_batch=230/392 running_loss=0.034766
2026-08-19 19:07:15 | INFO | epoch=089 train_batch=240/392 running_loss=0.034825
2026-08-19 19:07:16 | INFO | epoch=089 train_batch=250/392 running_loss=0.034776
2026-08-19 19:07:16 | INFO | epoch=089 train_batch=260/392 running_loss=0.034966
2026-08-19 19:07:16 | INFO | epoch=089 train_batch=270/392 running_loss=0.034986
2026-08-19 19:07:16 | INFO | epoch=089 train_batch=280/392 running_loss=0.034929
2026-08-19 19:07:17 | INFO | epoch=089 train_batch=290/392 running_loss=0.034993
2026-08-19 19:07:17 | INFO | epoch=089 train_batch=300/392 running_loss=0.035010
2026-08-19 19:07:17 | INFO | epoch=089 train_batch=310/392 running_loss=0.035044
2026-08-19 19:07:17 | INFO | epoch=089 train_batch=320/392 running_loss=0.035007
2026-08-19 19:07:18 | INFO | epoch=089 train_batch=330/392 running_loss=0.035046
2026-08-19 19:07:18 | INFO | epoch=089 train_batch=340/392 running_loss=0.035083
2026-08-19 19:07:18 | INFO | epoch=089 train_batch=350/392 running_loss=0.035104
2026-08-19 19:07:18 | INFO | epoch=089 train_batch=360/392 running_loss=0.035056
2026-08-19 19:07:18 | INFO | epoch=089 train_batch=370/392 running_loss=0.035019
2026-08-19 19:07:19 | INFO | epoch=089 train_batch=380/392 running_loss=0.035026
2026-08-19 19:07:19 | INFO | epoch=089 train_batch=390/392 running_loss=0.035014
2026-08-19 19:07:19 | INFO | epoch=089 train_batch=392/392 running_loss=0.035029
2026-08-19 19:07:20 | INFO | epoch=089 train_loss=0.035029 validation_loss=0.250525
2026-08-19 19:07:20 | INFO | epoch=089 saved new best.pt
2026-08-19 19:07:20 | INFO | epoch=090 train_batch=10/392 running_loss=0.037500
2026-08-19 19:07:20 | INFO | epoch=090 train_batch=20/392 running_loss=0.035361
2026-08-19 19:07:20 | INFO | epoch=090 train_batch=30/392 running_loss=0.034586
2026-08-19 19:07:21 | INFO | epoch=090 train_batch=40/392 running_loss=0.034254
2026-08-19 19:07:21 | INFO | epoch=090 train_batch=50/392 running_loss=0.034536
2026-08-19 19:07:21 | INFO | epoch=090 train_batch=60/392 running_loss=0.034880
2026-08-19 19:07:21 | INFO | epoch=090 train_batch=70/392 running_loss=0.035111
2026-08-19 19:07:22 | INFO | epoch=090 train_batch=80/392 running_loss=0.035322
2026-08-19 19:07:22 | INFO | epoch=090 train_batch=90/392 running_loss=0.035161
2026-08-19 19:07:22 | INFO | epoch=090 train_batch=100/392 running_loss=0.035119
2026-08-19 19:07:22 | INFO | epoch=090 train_batch=110/392 running_loss=0.034866
2026-08-19 19:07:22 | INFO | epoch=090 train_batch=120/392 running_loss=0.035004
2026-08-19 19:07:23 | INFO | epoch=090 train_batch=130/392 running_loss=0.035057
2026-08-19 19:07:23 | INFO | epoch=090 train_batch=140/392 running_loss=0.035127
2026-08-19 19:07:23 | INFO | epoch=090 train_batch=150/392 running_loss=0.035304
2026-08-19 19:07:23 | INFO | epoch=090 train_batch=160/392 running_loss=0.035123
2026-08-19 19:07:24 | INFO | epoch=090 train_batch=170/392 running_loss=0.035154
2026-08-19 19:07:24 | INFO | epoch=090 train_batch=180/392 running_loss=0.035419
2026-08-19 19:07:24 | INFO | epoch=090 train_batch=190/392 running_loss=0.035426
2026-08-19 19:07:24 | INFO | epoch=090 train_batch=200/392 running_loss=0.035416
2026-08-19 19:07:24 | INFO | epoch=090 train_batch=210/392 running_loss=0.035601
2026-08-19 19:07:25 | INFO | epoch=090 train_batch=220/392 running_loss=0.035570
2026-08-19 19:07:25 | INFO | epoch=090 train_batch=230/392 running_loss=0.035481
2026-08-19 19:07:25 | INFO | epoch=090 train_batch=240/392 running_loss=0.035508
2026-08-19 19:07:25 | INFO | epoch=090 train_batch=250/392 running_loss=0.035434
2026-08-19 19:07:26 | INFO | epoch=090 train_batch=260/392 running_loss=0.035459
2026-08-19 19:07:26 | INFO | epoch=090 train_batch=270/392 running_loss=0.035355
2026-08-19 19:07:26 | INFO | epoch=090 train_batch=280/392 running_loss=0.035338
2026-08-19 19:07:26 | INFO | epoch=090 train_batch=290/392 running_loss=0.035252
2026-08-19 19:07:27 | INFO | epoch=090 train_batch=300/392 running_loss=0.035207
2026-08-19 19:07:27 | INFO | epoch=090 train_batch=310/392 running_loss=0.035243
2026-08-19 19:07:27 | INFO | epoch=090 train_batch=320/392 running_loss=0.035137
2026-08-19 19:07:27 | INFO | epoch=090 train_batch=330/392 running_loss=0.035070
2026-08-19 19:07:27 | INFO | epoch=090 train_batch=340/392 running_loss=0.035099
2026-08-19 19:07:28 | INFO | epoch=090 train_batch=350/392 running_loss=0.035101
2026-08-19 19:07:28 | INFO | epoch=090 train_batch=360/392 running_loss=0.035005
2026-08-19 19:07:28 | INFO | epoch=090 train_batch=370/392 running_loss=0.034941
2026-08-19 19:07:28 | INFO | epoch=090 train_batch=380/392 running_loss=0.035026
2026-08-19 19:07:29 | INFO | epoch=090 train_batch=390/392 running_loss=0.035006
2026-08-19 19:07:29 | INFO | epoch=090 train_batch=392/392 running_loss=0.034974
2026-08-19 19:07:29 | INFO | epoch=090 train_loss=0.034974 validation_loss=0.252556
2026-08-19 19:07:30 | INFO | epoch=091 train_batch=10/392 running_loss=0.034648
2026-08-19 19:07:30 | INFO | epoch=091 train_batch=20/392 running_loss=0.033476
2026-08-19 19:07:30 | INFO | epoch=091 train_batch=30/392 running_loss=0.034020
2026-08-19 19:07:30 | INFO | epoch=091 train_batch=40/392 running_loss=0.033660
2026-08-19 19:07:30 | INFO | epoch=091 train_batch=50/392 running_loss=0.034028
2026-08-19 19:07:31 | INFO | epoch=091 train_batch=60/392 running_loss=0.034178
2026-08-19 19:07:31 | INFO | epoch=091 train_batch=70/392 running_loss=0.034101
2026-08-19 19:07:31 | INFO | epoch=091 train_batch=80/392 running_loss=0.034014
2026-08-19 19:07:31 | INFO | epoch=091 train_batch=90/392 running_loss=0.034106
2026-08-19 19:07:32 | INFO | epoch=091 train_batch=100/392 running_loss=0.033930
2026-08-19 19:07:32 | INFO | epoch=091 train_batch=110/392 running_loss=0.033820
2026-08-19 19:07:32 | INFO | epoch=091 train_batch=120/392 running_loss=0.034148
2026-08-19 19:07:32 | INFO | epoch=091 train_batch=130/392 running_loss=0.034130
2026-08-19 19:07:32 | INFO | epoch=091 train_batch=140/392 running_loss=0.034368
2026-08-19 19:07:33 | INFO | epoch=091 train_batch=150/392 running_loss=0.034309
2026-08-19 19:07:33 | INFO | epoch=091 train_batch=160/392 running_loss=0.034320
2026-08-19 19:07:33 | INFO | epoch=091 train_batch=170/392 running_loss=0.034333
2026-08-19 19:07:33 | INFO | epoch=091 train_batch=180/392 running_loss=0.034270
2026-08-19 19:07:34 | INFO | epoch=091 train_batch=190/392 running_loss=0.034403
2026-08-19 19:07:34 | INFO | epoch=091 train_batch=200/392 running_loss=0.034399
2026-08-19 19:07:34 | INFO | epoch=091 train_batch=210/392 running_loss=0.034376
2026-08-19 19:07:34 | INFO | epoch=091 train_batch=220/392 running_loss=0.034499
2026-08-19 19:07:34 | INFO | epoch=091 train_batch=230/392 running_loss=0.034631
2026-08-19 19:07:35 | INFO | epoch=091 train_batch=240/392 running_loss=0.034649
2026-08-19 19:07:35 | INFO | epoch=091 train_batch=250/392 running_loss=0.034598
2026-08-19 19:07:35 | INFO | epoch=091 train_batch=260/392 running_loss=0.034595
2026-08-19 19:07:35 | INFO | epoch=091 train_batch=270/392 running_loss=0.034553
2026-08-19 19:07:36 | INFO | epoch=091 train_batch=280/392 running_loss=0.034627
2026-08-19 19:07:36 | INFO | epoch=091 train_batch=290/392 running_loss=0.034748
2026-08-19 19:07:36 | INFO | epoch=091 train_batch=300/392 running_loss=0.034773
2026-08-19 19:07:36 | INFO | epoch=091 train_batch=310/392 running_loss=0.034887
2026-08-19 19:07:37 | INFO | epoch=091 train_batch=320/392 running_loss=0.034827
2026-08-19 19:07:37 | INFO | epoch=091 train_batch=330/392 running_loss=0.034937
2026-08-19 19:07:37 | INFO | epoch=091 train_batch=340/392 running_loss=0.034948
2026-08-19 19:07:37 | INFO | epoch=091 train_batch=350/392 running_loss=0.035058
2026-08-19 19:07:37 | INFO | epoch=091 train_batch=360/392 running_loss=0.035087
2026-08-19 19:07:38 | INFO | epoch=091 train_batch=370/392 running_loss=0.035126
2026-08-19 19:07:38 | INFO | epoch=091 train_batch=380/392 running_loss=0.035089
2026-08-19 19:07:38 | INFO | epoch=091 train_batch=390/392 running_loss=0.035127
2026-08-19 19:07:38 | INFO | epoch=091 train_batch=392/392 running_loss=0.035142
2026-08-19 19:07:39 | INFO | epoch=091 train_loss=0.035142 validation_loss=0.256095
2026-08-19 19:07:39 | INFO | epoch=092 train_batch=10/392 running_loss=0.029572
2026-08-19 19:07:39 | INFO | epoch=092 train_batch=20/392 running_loss=0.032467
2026-08-19 19:07:40 | INFO | epoch=092 train_batch=30/392 running_loss=0.033573
2026-08-19 19:07:40 | INFO | epoch=092 train_batch=40/392 running_loss=0.033758
2026-08-19 19:07:40 | INFO | epoch=092 train_batch=50/392 running_loss=0.033807
2026-08-19 19:07:40 | INFO | epoch=092 train_batch=60/392 running_loss=0.033735
2026-08-19 19:07:41 | INFO | epoch=092 train_batch=70/392 running_loss=0.034381
2026-08-19 19:07:41 | INFO | epoch=092 train_batch=80/392 running_loss=0.034266
2026-08-19 19:07:41 | INFO | epoch=092 train_batch=90/392 running_loss=0.034421
2026-08-19 19:07:41 | INFO | epoch=092 train_batch=100/392 running_loss=0.034409
2026-08-19 19:07:42 | INFO | epoch=092 train_batch=110/392 running_loss=0.034374
2026-08-19 19:07:42 | INFO | epoch=092 train_batch=120/392 running_loss=0.034459
2026-08-19 19:07:42 | INFO | epoch=092 train_batch=130/392 running_loss=0.034525
2026-08-19 19:07:42 | INFO | epoch=092 train_batch=140/392 running_loss=0.034645
2026-08-19 19:07:42 | INFO | epoch=092 train_batch=150/392 running_loss=0.034727
2026-08-19 19:07:43 | INFO | epoch=092 train_batch=160/392 running_loss=0.034698
2026-08-19 19:07:43 | INFO | epoch=092 train_batch=170/392 running_loss=0.034656
2026-08-19 19:07:43 | INFO | epoch=092 train_batch=180/392 running_loss=0.034582
2026-08-19 19:07:43 | INFO | epoch=092 train_batch=190/392 running_loss=0.034872
2026-08-19 19:07:44 | INFO | epoch=092 train_batch=200/392 running_loss=0.034839
2026-08-19 19:07:44 | INFO | epoch=092 train_batch=210/392 running_loss=0.035048
2026-08-19 19:07:44 | INFO | epoch=092 train_batch=220/392 running_loss=0.034931
2026-08-19 19:07:44 | INFO | epoch=092 train_batch=230/392 running_loss=0.034801
2026-08-19 19:07:45 | INFO | epoch=092 train_batch=240/392 running_loss=0.034657
2026-08-19 19:07:45 | INFO | epoch=092 train_batch=250/392 running_loss=0.034619
2026-08-19 19:07:45 | INFO | epoch=092 train_batch=260/392 running_loss=0.034730
2026-08-19 19:07:45 | INFO | epoch=092 train_batch=270/392 running_loss=0.034640
2026-08-19 19:07:45 | INFO | epoch=092 train_batch=280/392 running_loss=0.034611
2026-08-19 19:07:46 | INFO | epoch=092 train_batch=290/392 running_loss=0.034649
2026-08-19 19:07:46 | INFO | epoch=092 train_batch=300/392 running_loss=0.034670
2026-08-19 19:07:46 | INFO | epoch=092 train_batch=310/392 running_loss=0.034729
2026-08-19 19:07:46 | INFO | epoch=092 train_batch=320/392 running_loss=0.034780
2026-08-19 19:07:47 | INFO | epoch=092 train_batch=330/392 running_loss=0.034831
2026-08-19 19:07:47 | INFO | epoch=092 train_batch=340/392 running_loss=0.034829
2026-08-19 19:07:47 | INFO | epoch=092 train_batch=350/392 running_loss=0.034854
2026-08-19 19:07:47 | INFO | epoch=092 train_batch=360/392 running_loss=0.034895
2026-08-19 19:07:48 | INFO | epoch=092 train_batch=370/392 running_loss=0.034913
2026-08-19 19:07:48 | INFO | epoch=092 train_batch=380/392 running_loss=0.034841
2026-08-19 19:07:48 | INFO | epoch=092 train_batch=390/392 running_loss=0.034904
2026-08-19 19:07:48 | INFO | epoch=092 train_batch=392/392 running_loss=0.034894
2026-08-19 19:07:49 | INFO | epoch=092 train_loss=0.034894 validation_loss=0.250771
2026-08-19 19:07:49 | INFO | epoch=093 train_batch=10/392 running_loss=0.034936
2026-08-19 19:07:49 | INFO | epoch=093 train_batch=20/392 running_loss=0.034314
2026-08-19 19:07:49 | INFO | epoch=093 train_batch=30/392 running_loss=0.033876
2026-08-19 19:07:50 | INFO | epoch=093 train_batch=40/392 running_loss=0.034093
2026-08-19 19:07:50 | INFO | epoch=093 train_batch=50/392 running_loss=0.033622
2026-08-19 19:07:50 | INFO | epoch=093 train_batch=60/392 running_loss=0.033537
2026-08-19 19:07:50 | INFO | epoch=093 train_batch=70/392 running_loss=0.033692
2026-08-19 19:07:51 | INFO | epoch=093 train_batch=80/392 running_loss=0.033837
2026-08-19 19:07:51 | INFO | epoch=093 train_batch=90/392 running_loss=0.033992
2026-08-19 19:07:51 | INFO | epoch=093 train_batch=100/392 running_loss=0.034076
2026-08-19 19:07:51 | INFO | epoch=093 train_batch=110/392 running_loss=0.034128
2026-08-19 19:07:51 | INFO | epoch=093 train_batch=120/392 running_loss=0.034354
2026-08-19 19:07:52 | INFO | epoch=093 train_batch=130/392 running_loss=0.034481
2026-08-19 19:07:52 | INFO | epoch=093 train_batch=140/392 running_loss=0.034414
2026-08-19 19:07:52 | INFO | epoch=093 train_batch=150/392 running_loss=0.034560
2026-08-19 19:07:52 | INFO | epoch=093 train_batch=160/392 running_loss=0.034588
2026-08-19 19:07:53 | INFO | epoch=093 train_batch=170/392 running_loss=0.034627
2026-08-19 19:07:53 | INFO | epoch=093 train_batch=180/392 running_loss=0.034693
2026-08-19 19:07:53 | INFO | epoch=093 train_batch=190/392 running_loss=0.034580
2026-08-19 19:07:53 | INFO | epoch=093 train_batch=200/392 running_loss=0.034530
2026-08-19 19:07:54 | INFO | epoch=093 train_batch=210/392 running_loss=0.034548
2026-08-19 19:07:54 | INFO | epoch=093 train_batch=220/392 running_loss=0.034588
2026-08-19 19:07:54 | INFO | epoch=093 train_batch=230/392 running_loss=0.034673
2026-08-19 19:07:54 | INFO | epoch=093 train_batch=240/392 running_loss=0.034757
2026-08-19 19:07:54 | INFO | epoch=093 train_batch=250/392 running_loss=0.034843
2026-08-19 19:07:55 | INFO | epoch=093 train_batch=260/392 running_loss=0.034836
2026-08-19 19:07:55 | INFO | epoch=093 train_batch=270/392 running_loss=0.034822
2026-08-19 19:07:55 | INFO | epoch=093 train_batch=280/392 running_loss=0.034767
2026-08-19 19:07:55 | INFO | epoch=093 train_batch=290/392 running_loss=0.034753
2026-08-19 19:07:56 | INFO | epoch=093 train_batch=300/392 running_loss=0.034842
2026-08-19 19:07:56 | INFO | epoch=093 train_batch=310/392 running_loss=0.034964
2026-08-19 19:07:56 | INFO | epoch=093 train_batch=320/392 running_loss=0.035011
2026-08-19 19:07:56 | INFO | epoch=093 train_batch=330/392 running_loss=0.035070
2026-08-19 19:07:57 | INFO | epoch=093 train_batch=340/392 running_loss=0.035051
2026-08-19 19:07:57 | INFO | epoch=093 train_batch=350/392 running_loss=0.035094
2026-08-19 19:07:57 | INFO | epoch=093 train_batch=360/392 running_loss=0.035094
2026-08-19 19:07:57 | INFO | epoch=093 train_batch=370/392 running_loss=0.034971
2026-08-19 19:07:57 | INFO | epoch=093 train_batch=380/392 running_loss=0.034901
2026-08-19 19:07:58 | INFO | epoch=093 train_batch=390/392 running_loss=0.034926
2026-08-19 19:07:58 | INFO | epoch=093 train_batch=392/392 running_loss=0.034926
2026-08-19 19:07:58 | INFO | epoch=093 train_loss=0.034926 validation_loss=0.249400
2026-08-19 19:07:59 | INFO | epoch=093 saved new best.pt
2026-08-19 19:07:59 | INFO | epoch=094 train_batch=10/392 running_loss=0.034304
2026-08-19 19:07:59 | INFO | epoch=094 train_batch=20/392 running_loss=0.036001
2026-08-19 19:07:59 | INFO | epoch=094 train_batch=30/392 running_loss=0.034577
2026-08-19 19:08:00 | INFO | epoch=094 train_batch=40/392 running_loss=0.034581
2026-08-19 19:08:00 | INFO | epoch=094 train_batch=50/392 running_loss=0.034284
2026-08-19 19:08:00 | INFO | epoch=094 train_batch=60/392 running_loss=0.034460
2026-08-19 19:08:00 | INFO | epoch=094 train_batch=70/392 running_loss=0.034358
2026-08-19 19:08:00 | INFO | epoch=094 train_batch=80/392 running_loss=0.034447
2026-08-19 19:08:01 | INFO | epoch=094 train_batch=90/392 running_loss=0.034333
2026-08-19 19:08:01 | INFO | epoch=094 train_batch=100/392 running_loss=0.034574
2026-08-19 19:08:01 | INFO | epoch=094 train_batch=110/392 running_loss=0.034458
2026-08-19 19:08:01 | INFO | epoch=094 train_batch=120/392 running_loss=0.034892
2026-08-19 19:08:02 | INFO | epoch=094 train_batch=130/392 running_loss=0.035105
2026-08-19 19:08:02 | INFO | epoch=094 train_batch=140/392 running_loss=0.034924
2026-08-19 19:08:02 | INFO | epoch=094 train_batch=150/392 running_loss=0.034965
2026-08-19 19:08:02 | INFO | epoch=094 train_batch=160/392 running_loss=0.035045
2026-08-19 19:08:03 | INFO | epoch=094 train_batch=170/392 running_loss=0.034919
2026-08-19 19:08:03 | INFO | epoch=094 train_batch=180/392 running_loss=0.035018
2026-08-19 19:08:03 | INFO | epoch=094 train_batch=190/392 running_loss=0.035024
2026-08-19 19:08:03 | INFO | epoch=094 train_batch=200/392 running_loss=0.034989
2026-08-19 19:08:03 | INFO | epoch=094 train_batch=210/392 running_loss=0.034954
2026-08-19 19:08:04 | INFO | epoch=094 train_batch=220/392 running_loss=0.034841
2026-08-19 19:08:04 | INFO | epoch=094 train_batch=230/392 running_loss=0.034807
2026-08-19 19:08:04 | INFO | epoch=094 train_batch=240/392 running_loss=0.034753
2026-08-19 19:08:04 | INFO | epoch=094 train_batch=250/392 running_loss=0.034745
2026-08-19 19:08:05 | INFO | epoch=094 train_batch=260/392 running_loss=0.034738
2026-08-19 19:08:05 | INFO | epoch=094 train_batch=270/392 running_loss=0.034727
2026-08-19 19:08:05 | INFO | epoch=094 train_batch=280/392 running_loss=0.034752
2026-08-19 19:08:05 | INFO | epoch=094 train_batch=290/392 running_loss=0.034795
2026-08-19 19:08:06 | INFO | epoch=094 train_batch=300/392 running_loss=0.034905
2026-08-19 19:08:06 | INFO | epoch=094 train_batch=310/392 running_loss=0.034921
2026-08-19 19:08:06 | INFO | epoch=094 train_batch=320/392 running_loss=0.034920
2026-08-19 19:08:06 | INFO | epoch=094 train_batch=330/392 running_loss=0.034911
2026-08-19 19:08:07 | INFO | epoch=094 train_batch=340/392 running_loss=0.035046
2026-08-19 19:08:07 | INFO | epoch=094 train_batch=350/392 running_loss=0.034885
2026-08-19 19:08:07 | INFO | epoch=094 train_batch=360/392 running_loss=0.034953
2026-08-19 19:08:07 | INFO | epoch=094 train_batch=370/392 running_loss=0.034878
2026-08-19 19:08:07 | INFO | epoch=094 train_batch=380/392 running_loss=0.034915
2026-08-19 19:08:08 | INFO | epoch=094 train_batch=390/392 running_loss=0.034894
2026-08-19 19:08:08 | INFO | epoch=094 train_batch=392/392 running_loss=0.034894
2026-08-19 19:08:08 | INFO | epoch=094 train_loss=0.034894 validation_loss=0.251028
2026-08-19 19:08:09 | INFO | epoch=095 train_batch=10/392 running_loss=0.032539
2026-08-19 19:08:09 | INFO | epoch=095 train_batch=20/392 running_loss=0.033893
2026-08-19 19:08:09 | INFO | epoch=095 train_batch=30/392 running_loss=0.033963
2026-08-19 19:08:10 | INFO | epoch=095 train_batch=40/392 running_loss=0.033917
2026-08-19 19:08:10 | INFO | epoch=095 train_batch=50/392 running_loss=0.034024
2026-08-19 19:08:10 | INFO | epoch=095 train_batch=60/392 running_loss=0.034260
2026-08-19 19:08:10 | INFO | epoch=095 train_batch=70/392 running_loss=0.033937
2026-08-19 19:08:10 | INFO | epoch=095 train_batch=80/392 running_loss=0.033862
2026-08-19 19:08:11 | INFO | epoch=095 train_batch=90/392 running_loss=0.034015
2026-08-19 19:08:11 | INFO | epoch=095 train_batch=100/392 running_loss=0.034070
2026-08-19 19:08:11 | INFO | epoch=095 train_batch=110/392 running_loss=0.034030
2026-08-19 19:08:11 | INFO | epoch=095 train_batch=120/392 running_loss=0.034124
2026-08-19 19:08:12 | INFO | epoch=095 train_batch=130/392 running_loss=0.034363
2026-08-19 19:08:12 | INFO | epoch=095 train_batch=140/392 running_loss=0.034431
2026-08-19 19:08:12 | INFO | epoch=095 train_batch=150/392 running_loss=0.034271
2026-08-19 19:08:12 | INFO | epoch=095 train_batch=160/392 running_loss=0.034557
2026-08-19 19:08:13 | INFO | epoch=095 train_batch=170/392 running_loss=0.034574
2026-08-19 19:08:13 | INFO | epoch=095 train_batch=180/392 running_loss=0.034537
2026-08-19 19:08:13 | INFO | epoch=095 train_batch=190/392 running_loss=0.034548
2026-08-19 19:08:13 | INFO | epoch=095 train_batch=200/392 running_loss=0.034518
2026-08-19 19:08:13 | INFO | epoch=095 train_batch=210/392 running_loss=0.034477
2026-08-19 19:08:14 | INFO | epoch=095 train_batch=220/392 running_loss=0.034324
2026-08-19 19:08:14 | INFO | epoch=095 train_batch=230/392 running_loss=0.034374
2026-08-19 19:08:14 | INFO | epoch=095 train_batch=240/392 running_loss=0.034332
2026-08-19 19:08:14 | INFO | epoch=095 train_batch=250/392 running_loss=0.034353
2026-08-19 19:08:15 | INFO | epoch=095 train_batch=260/392 running_loss=0.034346
2026-08-19 19:08:15 | INFO | epoch=095 train_batch=270/392 running_loss=0.034255
2026-08-19 19:08:15 | INFO | epoch=095 train_batch=280/392 running_loss=0.034328
2026-08-19 19:08:15 | INFO | epoch=095 train_batch=290/392 running_loss=0.034385
2026-08-19 19:08:16 | INFO | epoch=095 train_batch=300/392 running_loss=0.034442
2026-08-19 19:08:16 | INFO | epoch=095 train_batch=310/392 running_loss=0.034572
2026-08-19 19:08:16 | INFO | epoch=095 train_batch=320/392 running_loss=0.034606
2026-08-19 19:08:16 | INFO | epoch=095 train_batch=330/392 running_loss=0.034615
2026-08-19 19:08:16 | INFO | epoch=095 train_batch=340/392 running_loss=0.034610
2026-08-19 19:08:17 | INFO | epoch=095 train_batch=350/392 running_loss=0.034646
2026-08-19 19:08:17 | INFO | epoch=095 train_batch=360/392 running_loss=0.034689
2026-08-19 19:08:17 | INFO | epoch=095 train_batch=370/392 running_loss=0.034752
2026-08-19 19:08:17 | INFO | epoch=095 train_batch=380/392 running_loss=0.034741
2026-08-19 19:08:18 | INFO | epoch=095 train_batch=390/392 running_loss=0.034649
2026-08-19 19:08:18 | INFO | epoch=095 train_batch=392/392 running_loss=0.034644
2026-08-19 19:08:18 | INFO | epoch=095 train_loss=0.034644 validation_loss=0.257582
2026-08-19 19:08:19 | INFO | epoch=096 train_batch=10/392 running_loss=0.032300
2026-08-19 19:08:19 | INFO | epoch=096 train_batch=20/392 running_loss=0.032822
2026-08-19 19:08:19 | INFO | epoch=096 train_batch=30/392 running_loss=0.033208
2026-08-19 19:08:19 | INFO | epoch=096 train_batch=40/392 running_loss=0.033861
2026-08-19 19:08:20 | INFO | epoch=096 train_batch=50/392 running_loss=0.033788
2026-08-19 19:08:20 | INFO | epoch=096 train_batch=60/392 running_loss=0.033668
2026-08-19 19:08:20 | INFO | epoch=096 train_batch=70/392 running_loss=0.033739
2026-08-19 19:08:20 | INFO | epoch=096 train_batch=80/392 running_loss=0.033859
2026-08-19 19:08:21 | INFO | epoch=096 train_batch=90/392 running_loss=0.033871
2026-08-19 19:08:21 | INFO | epoch=096 train_batch=100/392 running_loss=0.034122
2026-08-19 19:08:21 | INFO | epoch=096 train_batch=110/392 running_loss=0.034224
2026-08-19 19:08:21 | INFO | epoch=096 train_batch=120/392 running_loss=0.034269
2026-08-19 19:08:22 | INFO | epoch=096 train_batch=130/392 running_loss=0.034500
2026-08-19 19:08:22 | INFO | epoch=096 train_batch=140/392 running_loss=0.034567
2026-08-19 19:08:22 | INFO | epoch=096 train_batch=150/392 running_loss=0.034397
2026-08-19 19:08:22 | INFO | epoch=096 train_batch=160/392 running_loss=0.034443
2026-08-19 19:08:22 | INFO | epoch=096 train_batch=170/392 running_loss=0.034369
2026-08-19 19:08:23 | INFO | epoch=096 train_batch=180/392 running_loss=0.034385
2026-08-19 19:08:23 | INFO | epoch=096 train_batch=190/392 running_loss=0.034295
2026-08-19 19:08:23 | INFO | epoch=096 train_batch=200/392 running_loss=0.034197
2026-08-19 19:08:23 | INFO | epoch=096 train_batch=210/392 running_loss=0.034251
2026-08-19 19:08:24 | INFO | epoch=096 train_batch=220/392 running_loss=0.034220
2026-08-19 19:08:24 | INFO | epoch=096 train_batch=230/392 running_loss=0.034246
2026-08-19 19:08:24 | INFO | epoch=096 train_batch=240/392 running_loss=0.034209
2026-08-19 19:08:24 | INFO | epoch=096 train_batch=250/392 running_loss=0.034446
2026-08-19 19:08:25 | INFO | epoch=096 train_batch=260/392 running_loss=0.034567
2026-08-19 19:08:25 | INFO | epoch=096 train_batch=270/392 running_loss=0.034631
2026-08-19 19:08:25 | INFO | epoch=096 train_batch=280/392 running_loss=0.034658
2026-08-19 19:08:25 | INFO | epoch=096 train_batch=290/392 running_loss=0.034691
2026-08-19 19:08:25 | INFO | epoch=096 train_batch=300/392 running_loss=0.034666
2026-08-19 19:08:26 | INFO | epoch=096 train_batch=310/392 running_loss=0.034643
2026-08-19 19:08:26 | INFO | epoch=096 train_batch=320/392 running_loss=0.034765
2026-08-19 19:08:26 | INFO | epoch=096 train_batch=330/392 running_loss=0.034793
2026-08-19 19:08:26 | INFO | epoch=096 train_batch=340/392 running_loss=0.034795
2026-08-19 19:08:27 | INFO | epoch=096 train_batch=350/392 running_loss=0.034747
2026-08-19 19:08:27 | INFO | epoch=096 train_batch=360/392 running_loss=0.034764
2026-08-19 19:08:27 | INFO | epoch=096 train_batch=370/392 running_loss=0.034822
2026-08-19 19:08:27 | INFO | epoch=096 train_batch=380/392 running_loss=0.034801
2026-08-19 19:08:28 | INFO | epoch=096 train_batch=390/392 running_loss=0.034847
2026-08-19 19:08:28 | INFO | epoch=096 train_batch=392/392 running_loss=0.034826
2026-08-19 19:08:28 | INFO | epoch=096 train_loss=0.034826 validation_loss=0.258935
2026-08-19 19:08:29 | INFO | epoch=097 train_batch=10/392 running_loss=0.033842
2026-08-19 19:08:29 | INFO | epoch=097 train_batch=20/392 running_loss=0.032928
2026-08-19 19:08:29 | INFO | epoch=097 train_batch=30/392 running_loss=0.033455
2026-08-19 19:08:29 | INFO | epoch=097 train_batch=40/392 running_loss=0.034003
2026-08-19 19:08:30 | INFO | epoch=097 train_batch=50/392 running_loss=0.033864
2026-08-19 19:08:30 | INFO | epoch=097 train_batch=60/392 running_loss=0.033635
2026-08-19 19:08:30 | INFO | epoch=097 train_batch=70/392 running_loss=0.033614
2026-08-19 19:08:30 | INFO | epoch=097 train_batch=80/392 running_loss=0.033581
2026-08-19 19:08:30 | INFO | epoch=097 train_batch=90/392 running_loss=0.033788
2026-08-19 19:08:31 | INFO | epoch=097 train_batch=100/392 running_loss=0.033829
2026-08-19 19:08:31 | INFO | epoch=097 train_batch=110/392 running_loss=0.034103
2026-08-19 19:08:31 | INFO | epoch=097 train_batch=120/392 running_loss=0.034029
2026-08-19 19:08:31 | INFO | epoch=097 train_batch=130/392 running_loss=0.033978
2026-08-19 19:08:32 | INFO | epoch=097 train_batch=140/392 running_loss=0.034142
2026-08-19 19:08:32 | INFO | epoch=097 train_batch=150/392 running_loss=0.034206
2026-08-19 19:08:32 | INFO | epoch=097 train_batch=160/392 running_loss=0.034186
2026-08-19 19:08:32 | INFO | epoch=097 train_batch=170/392 running_loss=0.034246
2026-08-19 19:08:33 | INFO | epoch=097 train_batch=180/392 running_loss=0.034128
2026-08-19 19:08:33 | INFO | epoch=097 train_batch=190/392 running_loss=0.034223
2026-08-19 19:08:33 | INFO | epoch=097 train_batch=200/392 running_loss=0.034229
2026-08-19 19:08:33 | INFO | epoch=097 train_batch=210/392 running_loss=0.034253
2026-08-19 19:08:33 | INFO | epoch=097 train_batch=220/392 running_loss=0.034294
2026-08-19 19:08:34 | INFO | epoch=097 train_batch=230/392 running_loss=0.034189
2026-08-19 19:08:34 | INFO | epoch=097 train_batch=240/392 running_loss=0.034251
2026-08-19 19:08:34 | INFO | epoch=097 train_batch=250/392 running_loss=0.034392
2026-08-19 19:08:34 | INFO | epoch=097 train_batch=260/392 running_loss=0.034395
2026-08-19 19:08:35 | INFO | epoch=097 train_batch=270/392 running_loss=0.034367
2026-08-19 19:08:35 | INFO | epoch=097 train_batch=280/392 running_loss=0.034446
2026-08-19 19:08:35 | INFO | epoch=097 train_batch=290/392 running_loss=0.034487
2026-08-19 19:08:35 | INFO | epoch=097 train_batch=300/392 running_loss=0.034618
2026-08-19 19:08:36 | INFO | epoch=097 train_batch=310/392 running_loss=0.034623
2026-08-19 19:08:36 | INFO | epoch=097 train_batch=320/392 running_loss=0.034603
2026-08-19 19:08:36 | INFO | epoch=097 train_batch=330/392 running_loss=0.034651
2026-08-19 19:08:36 | INFO | epoch=097 train_batch=340/392 running_loss=0.034726
2026-08-19 19:08:36 | INFO | epoch=097 train_batch=350/392 running_loss=0.034684
2026-08-19 19:08:37 | INFO | epoch=097 train_batch=360/392 running_loss=0.034697
2026-08-19 19:08:37 | INFO | epoch=097 train_batch=370/392 running_loss=0.034743
2026-08-19 19:08:37 | INFO | epoch=097 train_batch=380/392 running_loss=0.034689
2026-08-19 19:08:37 | INFO | epoch=097 train_batch=390/392 running_loss=0.034709
2026-08-19 19:08:37 | INFO | epoch=097 train_batch=392/392 running_loss=0.034713
2026-08-19 19:08:38 | INFO | epoch=097 train_loss=0.034713 validation_loss=0.260217
2026-08-19 19:08:38 | INFO | epoch=098 train_batch=10/392 running_loss=0.034197
2026-08-19 19:08:39 | INFO | epoch=098 train_batch=20/392 running_loss=0.034785
2026-08-19 19:08:39 | INFO | epoch=098 train_batch=30/392 running_loss=0.034510
2026-08-19 19:08:39 | INFO | epoch=098 train_batch=40/392 running_loss=0.034496
2026-08-19 19:08:39 | INFO | epoch=098 train_batch=50/392 running_loss=0.034834
2026-08-19 19:08:40 | INFO | epoch=098 train_batch=60/392 running_loss=0.034893
2026-08-19 19:08:40 | INFO | epoch=098 train_batch=70/392 running_loss=0.034859
2026-08-19 19:08:40 | INFO | epoch=098 train_batch=80/392 running_loss=0.034604
2026-08-19 19:08:40 | INFO | epoch=098 train_batch=90/392 running_loss=0.034231
2026-08-19 19:08:40 | INFO | epoch=098 train_batch=100/392 running_loss=0.034133
2026-08-19 19:08:41 | INFO | epoch=098 train_batch=110/392 running_loss=0.034192
2026-08-19 19:08:41 | INFO | epoch=098 train_batch=120/392 running_loss=0.034444
2026-08-19 19:08:41 | INFO | epoch=098 train_batch=130/392 running_loss=0.034454
2026-08-19 19:08:41 | INFO | epoch=098 train_batch=140/392 running_loss=0.034194
2026-08-19 19:08:42 | INFO | epoch=098 train_batch=150/392 running_loss=0.034175
2026-08-19 19:08:42 | INFO | epoch=098 train_batch=160/392 running_loss=0.034077
2026-08-19 19:08:42 | INFO | epoch=098 train_batch=170/392 running_loss=0.034036
2026-08-19 19:08:42 | INFO | epoch=098 train_batch=180/392 running_loss=0.034033
2026-08-19 19:08:43 | INFO | epoch=098 train_batch=190/392 running_loss=0.034270
2026-08-19 19:08:43 | INFO | epoch=098 train_batch=200/392 running_loss=0.034230
2026-08-19 19:08:43 | INFO | epoch=098 train_batch=210/392 running_loss=0.034269
2026-08-19 19:08:43 | INFO | epoch=098 train_batch=220/392 running_loss=0.034352
2026-08-19 19:08:43 | INFO | epoch=098 train_batch=230/392 running_loss=0.034226
2026-08-19 19:08:44 | INFO | epoch=098 train_batch=240/392 running_loss=0.034343
2026-08-19 19:08:44 | INFO | epoch=098 train_batch=250/392 running_loss=0.034369
2026-08-19 19:08:44 | INFO | epoch=098 train_batch=260/392 running_loss=0.034435
2026-08-19 19:08:44 | INFO | epoch=098 train_batch=270/392 running_loss=0.034399
2026-08-19 19:08:45 | INFO | epoch=098 train_batch=280/392 running_loss=0.034381
2026-08-19 19:08:45 | INFO | epoch=098 train_batch=290/392 running_loss=0.034438
2026-08-19 19:08:45 | INFO | epoch=098 train_batch=300/392 running_loss=0.034454
2026-08-19 19:08:45 | INFO | epoch=098 train_batch=310/392 running_loss=0.034486
2026-08-19 19:08:46 | INFO | epoch=098 train_batch=320/392 running_loss=0.034549
2026-08-19 19:08:46 | INFO | epoch=098 train_batch=330/392 running_loss=0.034544
2026-08-19 19:08:46 | INFO | epoch=098 train_batch=340/392 running_loss=0.034494
2026-08-19 19:08:46 | INFO | epoch=098 train_batch=350/392 running_loss=0.034609
2026-08-19 19:08:46 | INFO | epoch=098 train_batch=360/392 running_loss=0.034622
2026-08-19 19:08:47 | INFO | epoch=098 train_batch=370/392 running_loss=0.034559
2026-08-19 19:08:47 | INFO | epoch=098 train_batch=380/392 running_loss=0.034517
2026-08-19 19:08:47 | INFO | epoch=098 train_batch=390/392 running_loss=0.034479
2026-08-19 19:08:47 | INFO | epoch=098 train_batch=392/392 running_loss=0.034503
2026-08-19 19:08:48 | INFO | epoch=098 train_loss=0.034503 validation_loss=0.255380
2026-08-19 19:08:48 | INFO | epoch=099 train_batch=10/392 running_loss=0.032378
2026-08-19 19:08:48 | INFO | epoch=099 train_batch=20/392 running_loss=0.031612
2026-08-19 19:08:48 | INFO | epoch=099 train_batch=30/392 running_loss=0.032655
2026-08-19 19:08:49 | INFO | epoch=099 train_batch=40/392 running_loss=0.032555
2026-08-19 19:08:49 | INFO | epoch=099 train_batch=50/392 running_loss=0.032832
2026-08-19 19:08:49 | INFO | epoch=099 train_batch=60/392 running_loss=0.033279
2026-08-19 19:08:49 | INFO | epoch=099 train_batch=70/392 running_loss=0.033274
2026-08-19 19:08:50 | INFO | epoch=099 train_batch=80/392 running_loss=0.033595
2026-08-19 19:08:50 | INFO | epoch=099 train_batch=90/392 running_loss=0.033949
2026-08-19 19:08:50 | INFO | epoch=099 train_batch=100/392 running_loss=0.033745
2026-08-19 19:08:50 | INFO | epoch=099 train_batch=110/392 running_loss=0.033698
2026-08-19 19:08:51 | INFO | epoch=099 train_batch=120/392 running_loss=0.033551
2026-08-19 19:08:51 | INFO | epoch=099 train_batch=130/392 running_loss=0.033539
2026-08-19 19:08:51 | INFO | epoch=099 train_batch=140/392 running_loss=0.033663
2026-08-19 19:08:51 | INFO | epoch=099 train_batch=150/392 running_loss=0.033882
2026-08-19 19:08:51 | INFO | epoch=099 train_batch=160/392 running_loss=0.033708
2026-08-19 19:08:52 | INFO | epoch=099 train_batch=170/392 running_loss=0.033666
2026-08-19 19:08:52 | INFO | epoch=099 train_batch=180/392 running_loss=0.033944
2026-08-19 19:08:52 | INFO | epoch=099 train_batch=190/392 running_loss=0.033902
2026-08-19 19:08:52 | INFO | epoch=099 train_batch=200/392 running_loss=0.034145
2026-08-19 19:08:53 | INFO | epoch=099 train_batch=210/392 running_loss=0.034133
2026-08-19 19:08:53 | INFO | epoch=099 train_batch=220/392 running_loss=0.034221
2026-08-19 19:08:53 | INFO | epoch=099 train_batch=230/392 running_loss=0.034244
2026-08-19 19:08:53 | INFO | epoch=099 train_batch=240/392 running_loss=0.034215
2026-08-19 19:08:54 | INFO | epoch=099 train_batch=250/392 running_loss=0.034213
2026-08-19 19:08:54 | INFO | epoch=099 train_batch=260/392 running_loss=0.034234
2026-08-19 19:08:54 | INFO | epoch=099 train_batch=270/392 running_loss=0.034317
2026-08-19 19:08:54 | INFO | epoch=099 train_batch=280/392 running_loss=0.034307
2026-08-19 19:08:54 | INFO | epoch=099 train_batch=290/392 running_loss=0.034261
2026-08-19 19:08:55 | INFO | epoch=099 train_batch=300/392 running_loss=0.034410
2026-08-19 19:08:55 | INFO | epoch=099 train_batch=310/392 running_loss=0.034457
2026-08-19 19:08:55 | INFO | epoch=099 train_batch=320/392 running_loss=0.034414
2026-08-19 19:08:55 | INFO | epoch=099 train_batch=330/392 running_loss=0.034510
2026-08-19 19:08:56 | INFO | epoch=099 train_batch=340/392 running_loss=0.034538
2026-08-19 19:08:56 | INFO | epoch=099 train_batch=350/392 running_loss=0.034480
2026-08-19 19:08:56 | INFO | epoch=099 train_batch=360/392 running_loss=0.034412
2026-08-19 19:08:56 | INFO | epoch=099 train_batch=370/392 running_loss=0.034463
2026-08-19 19:08:57 | INFO | epoch=099 train_batch=380/392 running_loss=0.034443
2026-08-19 19:08:57 | INFO | epoch=099 train_batch=390/392 running_loss=0.034501
2026-08-19 19:08:57 | INFO | epoch=099 train_batch=392/392 running_loss=0.034596
2026-08-19 19:08:58 | INFO | epoch=099 train_loss=0.034596 validation_loss=0.254373
2026-08-19 19:08:58 | INFO | epoch=100 train_batch=10/392 running_loss=0.034951
2026-08-19 19:08:58 | INFO | epoch=100 train_batch=20/392 running_loss=0.035064
2026-08-19 19:08:58 | INFO | epoch=100 train_batch=30/392 running_loss=0.034324
2026-08-19 19:08:59 | INFO | epoch=100 train_batch=40/392 running_loss=0.034197
2026-08-19 19:08:59 | INFO | epoch=100 train_batch=50/392 running_loss=0.034214
2026-08-19 19:08:59 | INFO | epoch=100 train_batch=60/392 running_loss=0.034773
2026-08-19 19:08:59 | INFO | epoch=100 train_batch=70/392 running_loss=0.034695
2026-08-19 19:08:59 | INFO | epoch=100 train_batch=80/392 running_loss=0.034614
2026-08-19 19:09:00 | INFO | epoch=100 train_batch=90/392 running_loss=0.034516
2026-08-19 19:09:00 | INFO | epoch=100 train_batch=100/392 running_loss=0.034308
2026-08-19 19:09:00 | INFO | epoch=100 train_batch=110/392 running_loss=0.034354
2026-08-19 19:09:00 | INFO | epoch=100 train_batch=120/392 running_loss=0.034243
2026-08-19 19:09:01 | INFO | epoch=100 train_batch=130/392 running_loss=0.034263
2026-08-19 19:09:01 | INFO | epoch=100 train_batch=140/392 running_loss=0.034339
2026-08-19 19:09:01 | INFO | epoch=100 train_batch=150/392 running_loss=0.034391
2026-08-19 19:09:01 | INFO | epoch=100 train_batch=160/392 running_loss=0.034353
2026-08-19 19:09:02 | INFO | epoch=100 train_batch=170/392 running_loss=0.034508
2026-08-19 19:09:02 | INFO | epoch=100 train_batch=180/392 running_loss=0.034486
2026-08-19 19:09:02 | INFO | epoch=100 train_batch=190/392 running_loss=0.034344
2026-08-19 19:09:02 | INFO | epoch=100 train_batch=200/392 running_loss=0.034372
2026-08-19 19:09:02 | INFO | epoch=100 train_batch=210/392 running_loss=0.034449
2026-08-19 19:09:03 | INFO | epoch=100 train_batch=220/392 running_loss=0.034386
2026-08-19 19:09:03 | INFO | epoch=100 train_batch=230/392 running_loss=0.034428
2026-08-19 19:09:03 | INFO | epoch=100 train_batch=240/392 running_loss=0.034440
2026-08-19 19:09:03 | INFO | epoch=100 train_batch=250/392 running_loss=0.034367
2026-08-19 19:09:04 | INFO | epoch=100 train_batch=260/392 running_loss=0.034271
2026-08-19 19:09:04 | INFO | epoch=100 train_batch=270/392 running_loss=0.034300
2026-08-19 19:09:04 | INFO | epoch=100 train_batch=280/392 running_loss=0.034291
2026-08-19 19:09:04 | INFO | epoch=100 train_batch=290/392 running_loss=0.034245
2026-08-19 19:09:04 | INFO | epoch=100 train_batch=300/392 running_loss=0.034332
2026-08-19 19:09:05 | INFO | epoch=100 train_batch=310/392 running_loss=0.034454
2026-08-19 19:09:05 | INFO | epoch=100 train_batch=320/392 running_loss=0.034391
2026-08-19 19:09:05 | INFO | epoch=100 train_batch=330/392 running_loss=0.034445
2026-08-19 19:09:05 | INFO | epoch=100 train_batch=340/392 running_loss=0.034455
2026-08-19 19:09:06 | INFO | epoch=100 train_batch=350/392 running_loss=0.034438
2026-08-19 19:09:06 | INFO | epoch=100 train_batch=360/392 running_loss=0.034502
2026-08-19 19:09:06 | INFO | epoch=100 train_batch=370/392 running_loss=0.034522
2026-08-19 19:09:06 | INFO | epoch=100 train_batch=380/392 running_loss=0.034527
2026-08-19 19:09:06 | INFO | epoch=100 train_batch=390/392 running_loss=0.034585
2026-08-19 19:09:07 | INFO | epoch=100 train_batch=392/392 running_loss=0.034651
2026-08-19 19:09:07 | INFO | epoch=100 train_loss=0.034651 validation_loss=0.263538
2026-08-19 19:09:07 | INFO | Best validation loss: 0.249400; checkpoints saved in /bigdata/users/90967055/fuzzyDynamics/NeurIPS_Fuzzy_Dynamics_code/results/fuzzy_dynamics_20260819_185121_050733/checkpoint
2026-08-19 19:09:09 | INFO | Completed training
2026-08-19 19:09:09 | INFO | Starting evaluation: /bigdata/users/90967055/fuzzyDynamics/NeurIPS_Fuzzy_Dynamics_code/.venv/bin/python -m scripts.evaluate_fuzzy_dynamics --experiment-time 20260819_185121_050733 --activations /bigdata/users/90967055/fuzzyDynamics/NeurIPS_Fuzzy_Dynamics_code/cache/socrates_llama3_8b_tuned_full.pt --results-root /bigdata/users/90967055/fuzzyDynamics/NeurIPS_Fuzzy_Dynamics_code/results --device cuda --batch-size 16 --subset auto --semantic-event-quantile 0.75 --event-id-field uid --log-dir /bigdata/users/90967055/fuzzyDynamics/NeurIPS_Fuzzy_Dynamics_code/logs --log-every-batches 10
2026-08-19 19:09:15 | INFO | Log file: /bigdata/users/90967055/fuzzyDynamics/NeurIPS_Fuzzy_Dynamics_code/logs/fuzzy_dynamics_20260819_185121_050733/evaluate_fuzzy_dynamics_20260819_190915_110908.log
2026-08-19 19:09:15 | INFO | Arguments: {'checkpoint': '/bigdata/users/90967055/fuzzyDynamics/NeurIPS_Fuzzy_Dynamics_code/results/fuzzy_dynamics_20260819_185121_050733/checkpoint/best.pt', 'experiment_time': '20260819_185121_050733', 'latest': False, 'results_root': '/bigdata/users/90967055/fuzzyDynamics/NeurIPS_Fuzzy_Dynamics_code/results', 'activations': '/bigdata/users/90967055/fuzzyDynamics/NeurIPS_Fuzzy_Dynamics_code/cache/socrates_llama3_8b_tuned_full.pt', 'output_dir': None, 'batch_size': 16, 'device': 'cuda', 'split_file': None, 'subset': 'auto', 'semantic_events': None, 'event_id_field': 'uid', 'allow_missing_events': False, 'semantic_event_quantile': 0.75, 'include_operation_proxies': False, 'skip_semantic_alignment': False, 'skip_rollout': False, 'log_dir': '/bigdata/users/90967055/fuzzyDynamics/NeurIPS_Fuzzy_Dynamics_code/logs', 'log_every_batches': 10}
2026-08-19 19:09:15 | INFO | experiment_time=20260819_185121_050733
2026-08-19 19:10:15 | INFO | subset=validation selected=968 holdout_status=verified_training_split_validation
2026-08-19 19:10:15 | INFO | Evaluation outputs: /bigdata/users/90967055/fuzzyDynamics/NeurIPS_Fuzzy_Dynamics_code/results/fuzzy_dynamics_20260819_185121_050733/evaluation
2026-08-19 19:10:16 | INFO | batch=10/61 evaluated_queries=160/968
2026-08-19 19:10:16 | INFO | batch=20/61 evaluated_queries=320/968
2026-08-19 19:10:17 | INFO | batch=30/61 evaluated_queries=480/968
2026-08-19 19:10:17 | INFO | batch=40/61 evaluated_queries=640/968
2026-08-19 19:10:18 | INFO | batch=50/61 evaluated_queries=800/968
2026-08-19 19:10:18 | INFO | batch=60/61 evaluated_queries=960/968
2026-08-19 19:10:18 | INFO | batch=61/61 evaluated_queries=968/968
2026-08-19 19:10:20 | INFO | Metrics:
{
  "schema_version": 3,
  "evaluation": {
    "schema_version": 3,
    "experiment_time": "20260819_185121_050733",
    "checkpoint": "/bigdata/users/90967055/fuzzyDynamics/NeurIPS_Fuzzy_Dynamics_code/results/fuzzy_dynamics_20260819_185121_050733/checkpoint/best.pt",
    "activations": "/bigdata/users/90967055/fuzzyDynamics/NeurIPS_Fuzzy_Dynamics_code/cache/socrates_llama3_8b_tuned_full.pt",
    "checkpoint_epoch": 93,
    "cache_model_name": "data/models/Meta-Llama-3-8B",
    "device": "cuda",
    "selection": {
      "subset": "validation",
      "split_file": "/bigdata/users/90967055/fuzzyDynamics/NeurIPS_Fuzzy_Dynamics_code/results/fuzzy_dynamics_20260819_185121_050733/training/split.json",
      "split_by": "category",
      "selected_count": 968,
      "cache_count": 7232,
      "selected_indices_sha256": "17d17a1fd3936c72b64068b78b0f0220b47039f055e2fa1147fba3df0c973370",
      "same_as_training_activation_cache": true,
      "holdout_status": "verified_training_split_validation"
    },
    "semantic_events": {
      "kind": "automatic_training_prior_overlapping_proxies",
      "independent_of_training": false,
      "layer_axis": "transition_s_l_to_s_l_plus_1",
      "include_operation_proxies": false,
      "prediction_refinement_score": "sqrt(relu(margin_change)*relu(uncertainty_drop))",
      "bridge_and_answer_scores_used_for": [
        "concept_composition",
        "hop_transition"
      ]
    }
  },
  "fidelity": {
    "one_step": {
      "mse": 0.08005931973457336,
      "mae": 0.1719229370355606,
      "r2": 0.770521713614315,
      "r2_defined": true,
      "r2_reason": null,
      "target_sum_squares": 1394072.3634938558,
      "target_variance": 0.3488753392208261,
      "cosine_similarity": 0.8353279232978821,
      "per_layer": [
        {
          "layer": 0,
          "mse": 0.0038835892919451,
          "mae": 0.03530699387192726,
          "r2": 0.6777227180505412,
          "r2_defined": true,
          "r2_reason": null,
          "target_sum_squares": 1504.7649831598783,
          "target_variance": 0.01205045953584373,
          "cosine_similarity": 0.9902063012123108
        },
        {
          "layer": 1,
          "mse": 0.016358479857444763,
          "mae": 0.06537049263715744,
          "r2": 0.5449217692412455,
          "r2_defined": true,
          "r2_reason": null,
          "target_sum_squares": 4488.714180962281,
          "target_variance": 0.03594652268692966,
          "cosine_similarity": 0.9125434160232544
        },
        {
          "layer": 2,
          "mse": 0.016075890511274338,
          "mae": 0.07333735376596451,
          "r2": 0.7167594235838095,
          "r2_defined": true,
          "r2_reason": null,
          "target_sum_squares": 7087.36261715897,
          "target_variance": 0.056757020125880665,
          "cosine_similarity": 0.9460619688034058
        },
        {
          "layer": 3,
          "mse": 0.03871481493115425,
          "mae": 0.10698052495718002,
          "r2": 0.5597141371790533,
          "r2_defined": true,
          "r2_reason": null,
          "target_sum_squares": 10980.130952548676,
          "target_variance": 0.08793108905558232,
          "cosine_similarity": 0.8883630633354187
        },
        {
          "layer": 4,
          "mse": 0.08404038846492767,
          "mae": 0.15136542916297913,
          "r2": 0.3809036042466676,
          "r2_defined": true,
          "r2_reason": null,
          "target_sum_squares": 16950.980577539034,
          "target_variance": 0.13574684939409182,
          "cosine_similarity": 0.8573594689369202
        },
        {
          "layer": 5,
          "mse": 0.07055793702602386,
          "mae": 0.14470891654491425,
          "r2": 0.5778690455449484,
          "r2_defined": true,
          "r2_reason": null,
          "target_sum_squares": 20871.987512408257,
          "target_variance": 0.1671470586873619,
          "cosine_similarity": 0.8590335249900818
        },
        {
          "layer": 6,
          "mse": 0.08024232089519501,
          "mae": 0.15380847454071045,
          "r2": 0.34947752905130447,
          "r2_defined": true,
          "r2_reason": null,
          "target_sum_squares": 15403.03366659365,
          "target_variance": 0.12335058032700405,
          "cosine_similarity": 0.792625367641449
        },
        {
          "layer": 7,
          "mse": 0.0736670270562172,
          "mae": 0.15096120536327362,
          "r2": 0.48571784079441427,
          "r2_defined": true,
          "r2_reason": null,
          "target_sum_squares": 17886.969225619174,
          "target_variance": 0.1432424340574282,
          "cosine_similarity": 0.8104658126831055
        },
        {
          "layer": 8,
          "mse": 0.06447439640760422,
          "mae": 0.14487303793430328,
          "r2": 0.5771306777147653,
          "r2_defined": true,
          "r2_reason": null,
          "target_sum_squares": 19039.088345405777,
          "target_variance": 0.15246883485013274,
          "cosine_similarity": 0.8779714703559875
        },
        {
          "layer": 9,
          "mse": 0.06159985065460205,
          "mae": 0.14697398245334625,
          "r2": 0.6173107342646547,
          "r2_defined": true,
          "r2_reason": null,
          "target_sum_squares": 20100.111204729386,
          "target_variance": 0.16096571853361352,
          "cosine_similarity": 0.9020501971244812
        },
        {
          "layer": 10,
          "mse": 0.0453641340136528,
          "mae": 0.12352272123098373,
          "r2": 0.6604527918268213,
          "r2_defined": true,
          "r2_reason": null,
          "target_sum_squares": 16683.127618801274,
          "target_variance": 0.13360182922353508,
          "cosine_similarity": 0.8953205943107605
        },
        {
          "layer": 11,
          "mse": 0.04294056445360184,
          "mae": 0.12241720408201218,
          "r2": 0.6212283632771767,
          "r2_defined": true,
          "r2_reason": null,
          "target_sum_squares": 14156.482182439115,
          "target_variance": 0.11336794623645906,
          "cosine_similarity": 0.9216964244842529
        },
        {
          "layer": 12,
          "mse": 0.04602215811610222,
          "mae": 0.1268101930618286,
          "r2": 0.6294725578394524,
          "r2_defined": true,
          "r2_reason": null,
          "target_sum_squares": 15509.996092167788,
          "target_variance": 0.12420715686597307,
          "cosine_similarity": 0.9018077850341797
        },
        {
          "layer": 13,
          "mse": 0.05190722271800041,
          "mae": 0.13607124984264374,
          "r2": 0.5720112195154701,
          "r2_defined": true,
          "r2_reason": null,
          "target_sum_squares": 15144.693890839746,
          "target_variance": 0.12128174363219733,
          "cosine_similarity": 0.9066274762153625
        },
        {
          "layer": 14,
          "mse": 0.05497734248638153,
          "mae": 0.14277811348438263,
          "r2": 0.5989761405537076,
          "r2_defined": true,
          "r2_reason": null,
          "target_sum_squares": 17119.007818335594,
          "target_variance": 0.1370924452105804,
          "cosine_similarity": 0.896460771560669
        },
        {
          "layer": 15,
          "mse": 0.10661037266254425,
          "mae": 0.19283948838710785,
          "r2": 0.25874603077393643,
          "r2_defined": true,
          "r2_reason": null,
          "target_sum_squares": 17959.63447051267,
          "target_variance": 0.1438243519004474,
          "cosine_similarity": 0.8395988941192627
        },
        {
          "layer": 16,
          "mse": 0.07784779369831085,
          "mae": 0.1719401627779007,
          "r2": 0.3586881586692573,
          "r2_defined": true,
          "r2_reason": null,
          "target_sum_squares": 15158.008471849742,
          "target_variance": 0.12138836946513022,
          "cosine_similarity": 0.83917236328125
        },
        {
          "layer": 17,
          "mse": 0.06906312704086304,
          "mae": 0.174225851893425,
          "r2": 0.3185672573270343,
          "r2_defined": true,
          "r2_reason": null,
          "target_sum_squares": 12655.761974436135,
          "target_variance": 0.1013498780706334,
          "cosine_similarity": 0.8398103713989258
        },
        {
          "layer": 18,
          "mse": 0.06347193568944931,
          "mae": 0.17244385182857513,
          "r2": 0.21781165099220157,
          "r2_defined": true,
          "r2_reason": null,
          "target_sum_squares": 10132.939917765194,
          "target_variance": 0.08114661347431926,
          "cosine_similarity": 0.8300735950469971
        },
        {
          "layer": 19,
          "mse": 0.06416624039411545,
          "mae": 0.17817683517932892,
          "r2": -0.1491060825918784,
          "r2_defined": true,
          "r2_reason": null,
          "target_sum_squares": 6972.868885010088,
          "target_variance": 0.055840131374608304,
          "cosine_similarity": 0.7884608507156372
        },
        {
          "layer": 20,
          "mse": 0.04109959304332733,
          "mae": 0.1397368311882019,
          "r2": 0.18184322138249076,
          "r2_defined": true,
          "r2_reason": null,
          "target_sum_squares": 6272.866934153009,
          "target_variance": 0.05023437547370915,
          "cosine_similarity": 0.8507110476493835
        },
        {
          "layer": 21,
          "mse": 0.14647111296653748,
          "mae": 0.27443352341651917,
          "r2": -0.9742431404963268,
          "r2_defined": true,
          "r2_reason": null,
          "target_sum_squares": 9264.3814314546,
          "target_variance": 0.07419102305924948,
          "cosine_similarity": 0.70082688331604
        },
        {
          "layer": 22,
          "mse": 0.09162996709346771,
          "mae": 0.2049759328365326,
          "r2": -0.5376307157237257,
          "r2_defined": true,
          "r2_reason": null,
          "target_sum_squares": 7441.329737064625,
          "target_variance": 0.05959165975610725,
          "cosine_similarity": 0.6933630108833313
        },
        {
          "layer": 23,
          "mse": 0.0838329941034317,
          "mae": 0.2104572355747223,
          "r2": -0.40494427987531356,
          "r2_defined": true,
          "r2_reason": null,
          "target_sum_squares": 7451.108936691199,
          "target_variance": 0.05966997354644115,
          "cosine_similarity": 0.7152814269065857
        },
        {
          "layer": 24,
          "mse": 0.07646802812814713,
          "mae": 0.19751104712486267,
          "r2": -0.2455181147562122,
          "r2_defined": true,
          "r2_reason": null,
          "target_sum_squares": 7666.460552109101,
          "target_variance": 0.0613945524385699,
          "cosine_similarity": 0.6604654788970947
        },
        {
          "layer": 25,
          "mse": 0.07491323351860046,
          "mae": 0.19523848593235016,
          "r2": -0.5534989085399817,
          "r2_defined": true,
          "r2_reason": null,
          "target_sum_squares": 6021.610896967395,
          "target_variance": 0.048222266776918724,
          "cosine_similarity": 0.6645401120185852
        },
        {
          "layer": 26,
          "mse": 0.0721677914261818,
          "mae": 0.19401200115680695,
          "r2": -0.33450510931707167,
          "r2_defined": true,
          "r2_reason": null,
          "target_sum_squares": 6752.86727066692,
          "target_variance": 0.054078314359239224,
          "cosine_similarity": 0.6706540584564209
        },
        {
          "layer": 27,
          "mse": 0.06466948986053467,
          "mae": 0.1852826625108719,
          "r2": -0.1458730466371223,
          "r2_defined": true,
          "r2_reason": null,
          "target_sum_squares": 7047.384399220841,
          "target_variance": 0.05643686654510892,
          "cosine_similarity": 0.7464205026626587
        },
        {
          "layer": 28,
          "mse": 0.06825535744428635,
          "mae": 0.19093839824199677,
          "r2": -0.1809262680817627,
          "r2_defined": true,
          "r2_reason": null,
          "target_sum_squares": 7217.370977977359,
          "target_variance": 0.05779815313262668,
          "cosine_similarity": 0.820314884185791
        },
        {
          "layer": 29,
          "mse": 0.08116995543241501,
          "mae": 0.21481280028820038,
          "r2": -0.16691171058878895,
          "r2_defined": true,
          "r2_reason": null,
          "target_sum_squares": 8686.05138719629,
          "target_variance": 0.06955964016910349,
          "cosine_similarity": 0.902077853679657
        },
        {
          "layer": 30,
          "mse": 0.10890943557024002,
          "mae": 0.25097063183784485,
          "r2": 0.4460529174996495,
          "r2_defined": true,
          "r2_reason": null,
          "target_sum_squares": 24550.61095391214,
          "target_variance": 0.19660621239278733,
          "cosine_similarity": 0.9037585258483887
        },
        {
          "layer": 31,
          "mse": 0.5203255414962769,
          "mae": 0.5282528400421143,
          "r2": 0.734501193969646,
          "r2_defined": true,
          "r2_reason": null,
          "target_sum_squares": 244724.60245270666,
          "target_variance": 1.959803658568027,
          "cosine_similarity": 0.9063705205917358
        }
      ],
      "layer_macro_r2": 0.2310225502090646,
      "early_layers_0_8_macro_r2": 0.5411351939340833,
      "middle_layers_9_17_macro_r2": 0.5150503615608345,
      "late_layers_18_29_macro_r2": -0.2744585420194577,
      "final_layers_30_31_macro_r2": 0.5902770557346477,
      "components": {
        "z": {
          "mse": 0.029786400496959686,
          "mae": 0.10182809084653854,
          "r2": 0.8604937474322822,
          "r2_defined": true,
          "r2_reason": null,
          "target_sum_squares": 423281.8383382081,
          "target_variance": 0.2135130011633039,
          "cosine_similarity": 0.720196545124054
        },
        "concept": {
          "mse": 0.07478007674217224,
          "mae": 0.16418911516666412,
          "r2": 0.7300358176923791,
          "r2_defined": true,
          "r2_reason": null,
          "target_sum_squares": 274571.25455954915,
          "target_variance": 0.2769999904760431,
          "cosine_similarity": 0.7472369074821472
        },
        "belief": {
          "mse": 0.18821564316749573,
          "mae": 0.32371556758880615,
          "r2": 0.7319196336914526,
          "r2_defined": true,
          "r2_reason": null,
          "target_sum_squares": 695930.7583267954,
          "target_variance": 0.7020866541100321,
          "cosine_similarity": 0.836233377456665
        },
        "uncertainty": {
          "mse": 0.0054589747451245785,
          "mae": 0.048113007098436356,
          "r2": 0.4138994986120792,
          "r2_defined": true,
          "r2_reason": null,
          "target_sum_squares": 288.5122693030185,
          "target_variance": 0.009314058280701787,
          "cosine_similarity": 0.5890367031097412
        }
      },
      "macro_r2": 0.6840871743570482,
      "macro_r2_available_components": 0.6840871743570482,
      "macro_r2_defined_components": 4
    },
    "conditional_rollout": {
      "kind": "conditional_on_observed_attention_and_mlp",
      "initial_state_mse": 0.0,
      "rollout_error": 5044.90673828125,
      "mse": 39.1077995300293,
      "rmse": 6.253623008728027,
      "final_state_squared_l2": 32447.203125,
      "final_state_mse": 251.52867126464844,
      "per_horizon": [
        {
          "horizon": 1,
          "squared_l2": 0.5009830594062805,
          "mse": 0.003883589990437031,
          "mae": 0.03530699759721756,
          "r2": 0.7143385354093381,
          "r2_defined": true,
          "r2_reason": null,
          "target_sum_squares": 1697.6445989357721,
          "target_variance": 0.013595078151513326,
          "cosine_similarity": 0.9874096512794495
        },
        {
          "horizon": 2,
          "squared_l2": 2.4512834548950195,
          "mse": 0.019002197310328484,
          "mae": 0.07544443011283875,
          "r2": 0.5708151055129638,
          "r2_defined": true,
          "r2_reason": null,
          "target_sum_squares": 5528.717813587747,
          "target_variance": 0.04427508019081737,
          "cosine_similarity": 0.9444411993026733
        },
        {
          "horizon": 3,
          "squared_l2": 4.601853847503662,
          "mse": 0.03567328676581383,
          "mae": 0.11243627220392227,
          "r2": 0.49167011692861406,
          "r2_defined": true,
          "r2_reason": null,
          "target_sum_squares": 8763.196482446241,
          "target_variance": 0.0701774335515267,
          "cosine_similarity": 0.910889744758606
        },
        {
          "horizon": 4,
          "squared_l2": 8.60916805267334,
          "mse": 0.06673774868249893,
          "mae": 0.16167035698890686,
          "r2": 0.3967572272959462,
          "r2_defined": true,
          "r2_reason": null,
          "target_sum_squares": 13814.795697222693,
          "target_variance": 0.11063165238982872,
          "cosine_similarity": 0.873412013053894
        },
        {
          "horizon": 5,
          "squared_l2": 18.341053009033203,
          "mse": 0.1421786993741989,
          "mae": 0.22545978426933289,
          "r2": 0.23694015042799976,
          "r2_defined": true,
          "r2_reason": null,
          "target_sum_squares": 23267.033091598278,
          "target_variance": 0.1863270636459597,
          "cosine_similarity": 0.8002709746360779
        },
        {
          "horizon": 6,
          "squared_l2": 23.920129776000977,
          "mse": 0.18542738258838654,
          "mae": 0.2720523178577423,
          "r2": 0.14148616290951121,
          "r2_defined": true,
          "r2_reason": null,
          "target_sum_squares": 26970.662879789248,
          "target_variance": 0.21598647318685732,
          "cosine_similarity": 0.7302793264389038
        },
        {
          "horizon": 7,
          "squared_l2": 32.74111557006836,
          "mse": 0.2538071274757385,
          "mae": 0.3423207104206085,
          "r2": -0.35120478232799557,
          "r2_defined": true,
          "r2_reason": null,
          "target_sum_squares": 23455.6606372593,
          "target_variance": 0.18783763083204644,
          "cosine_similarity": 0.6505792737007141
        },
        {
          "horizon": 8,
          "squared_l2": 43.88421630859375,
          "mse": 0.3401877284049988,
          "mae": 0.4140349328517914,
          "r2": -0.5107025254686932,
          "r2_defined": true,
          "r2_reason": null,
          "target_sum_squares": 28119.31705300069,
          "target_variance": 0.22518512599302237,
          "cosine_similarity": 0.6401083469390869
        },
        {
          "horizon": 9,
          "squared_l2": 59.283695220947266,
          "mse": 0.4595635235309601,
          "mae": 0.48687174916267395,
          "r2": -0.9863345560725245,
          "r2_defined": true,
          "r2_reason": null,
          "target_sum_squares": 28890.710143084892,
          "target_variance": 0.2313625964434372,
          "cosine_similarity": 0.5713726282119751
        },
        {
          "horizon": 10,
          "squared_l2": 86.63270568847656,
          "mse": 0.6715713739395142,
          "mae": 0.5950371026992798,
          "r2": -1.5273517847063856,
          "r2_defined": true,
          "r2_reason": null,
          "target_sum_squares": 33181.15730159258,
          "target_variance": 0.26572135708239303,
          "cosine_similarity": 0.46250784397125244
        },
        {
          "horizon": 11,
          "squared_l2": 114.6697998046875,
          "mse": 0.8889133334159851,
          "mae": 0.6920144557952881,
          "r2": -2.4105325446460286,
          "r2_defined": true,
          "r2_reason": null,
          "target_sum_squares": 32546.347999201287,
          "target_variance": 0.26063767697483253,
          "cosine_similarity": 0.35271549224853516
        },
        {
          "horizon": 12,
          "squared_l2": 142.95846557617188,
          "mse": 1.1082053184509277,
          "mae": 0.7807840704917908,
          "r2": -3.4582226073945055,
          "r2_defined": true,
          "r2_reason": null,
          "target_sum_squares": 31040.13161921609,
          "target_variance": 0.24857559436235577,
          "cosine_similarity": 0.39904776215553284
        },
        {
          "horizon": 13,
          "squared_l2": 187.2802276611328,
          "mse": 1.4517844915390015,
          "mae": 0.8940863013267517,
          "r2": -5.394891955649277,
          "r2_defined": true,
          "r2_reason": null,
          "target_sum_squares": 28348.760488127293,
          "target_variance": 0.22702255500133972,
          "cosine_similarity": 0.33330684900283813
        },
        {
          "horizon": 14,
          "squared_l2": 263.106689453125,
          "mse": 2.0395867824554443,
          "mae": 1.0529602766036987,
          "r2": -7.396745141350559,
          "r2_defined": true,
          "r2_reason": null,
          "target_sum_squares": 30331.665355299123,
          "target_variance": 0.24290205454624833,
          "cosine_similarity": 0.2536192238330841
        },
        {
          "horizon": 15,
          "squared_l2": 359.71490478515625,
          "mse": 2.7884879112243652,
          "mae": 1.2201504707336426,
          "r2": -10.400774678731725,
          "r2_defined": true,
          "r2_reason": null,
          "target_sum_squares": 30542.140177749396,
          "target_variance": 0.24458757910299664,
          "cosine_similarity": 0.17200571298599243
        },
        {
          "horizon": 16,
          "squared_l2": 503.801513671875,
          "mse": 3.905438184738159,
          "mae": 1.4283053874969482,
          "r2": -14.412488562665189,
          "r2_defined": true,
          "r2_reason": null,
          "target_sum_squares": 31641.864132278584,
          "target_variance": 0.25339438891247507,
          "cosine_similarity": 0.09108241647481918
        },
        {
          "horizon": 17,
          "squared_l2": 761.40087890625,
          "mse": 5.902331829071045,
          "mae": 1.7345890998840332,
          "r2": -20.203082317511107,
          "r2_defined": true,
          "r2_reason": null,
          "target_sum_squares": 34760.79656265526,
          "target_variance": 0.27837142484027855,
          "cosine_similarity": 0.05918370187282562
        },
        {
          "horizon": 18,
          "squared_l2": 1073.061767578125,
          "mse": 8.31830883026123,
          "mae": 2.0705721378326416,
          "r2": -28.93386424891879,
          "r2_defined": true,
          "r2_reason": null,
          "target_sum_squares": 34700.626060864386,
          "target_variance": 0.2778895674039367,
          "cosine_similarity": 0.08403655886650085
        },
        {
          "horizon": 19,
          "squared_l2": 1514.704345703125,
          "mse": 11.741893768310547,
          "mae": 2.455542802810669,
          "r2": -39.14697751640773,
          "r2_defined": true,
          "r2_reason": null,
          "target_sum_squares": 36521.64785580981,
          "target_variance": 0.2924726748655408,
          "cosine_similarity": 0.09250427037477493
        },
        {
          "horizon": 20,
          "squared_l2": 1837.7095947265625,
          "mse": 14.245809555053711,
          "mae": 2.7150802612304688,
          "r2": -46.30708389305015,
          "r2_defined": true,
          "r2_reason": null,
          "target_sum_squares": 37603.30608729802,
          "target_variance": 0.30113481074458665,
          "cosine_similarity": 0.07863977551460266
        },
        {
          "horizon": 21,
          "squared_l2": 2484.505615234375,
          "mse": 19.259735107421875,
          "mae": 3.14471173286438,
          "r2": -58.068745418006785,
          "r2_defined": true,
          "r2_reason": null,
          "target_sum_squares": 40715.30000364104,
          "target_variance": 0.3260562816615497,
          "cosine_similarity": 0.09536992013454437
        },
        {
          "horizon": 22,
          "squared_l2": 3188.3154296875,
          "mse": 24.715621948242188,
          "mae": 3.585026502609253,
          "r2": -60.634535295947344,
          "r2_defined": true,
          "r2_reason": null,
          "target_sum_squares": 50074.02705353458,
          "target_variance": 0.40100284333985664,
          "cosine_similarity": 0.08019337058067322
        },
        {
          "horizon": 23,
          "squared_l2": 4027.334228515625,
          "mse": 31.21964454650879,
          "mae": 4.0511956214904785,
          "r2": -70.23755846484653,
          "r2_defined": true,
          "r2_reason": null,
          "target_sum_squares": 54724.77591872067,
          "target_variance": 0.43824697224934867,
          "cosine_similarity": 0.04628227278590202
        },
        {
          "horizon": 24,
          "squared_l2": 5114.43701171875,
          "mse": 39.64679718017578,
          "mae": 4.595550060272217,
          "r2": -72.40879991036724,
          "r2_defined": true,
          "r2_reason": null,
          "target_sum_squares": 67441.16546263287,
          "target_variance": 0.540082368045942,
          "cosine_similarity": 0.03490886464715004
        },
        {
          "horizon": 25,
          "squared_l2": 6493.38427734375,
          "mse": 50.336307525634766,
          "mae": 5.181251525878906,
          "r2": -80.04067233154916,
          "r2_defined": true,
          "r2_reason": null,
          "target_sum_squares": 77561.00298109978,
          "target_variance": 0.6211240548809964,
          "cosine_similarity": 0.03081836737692356
        },
        {
          "horizon": 26,
          "squared_l2": 8535.8994140625,
          "mse": 66.1697769165039,
          "mae": 5.908295154571533,
          "r2": -98.96929180608826,
          "r2_defined": true,
          "r2_reason": null,
          "target_sum_squares": 82652.89549083232,
          "target_variance": 0.6619009504999706,
          "cosine_similarity": 0.030480416491627693
        },
        {
          "horizon": 27,
          "squared_l2": 11008.30078125,
          "mse": 85.33565521240234,
          "mae": 6.674241065979004,
          "r2": -114.28428122819247,
          "r2_defined": true,
          "r2_reason": null,
          "target_sum_squares": 92432.67548590436,
          "target_variance": 0.7402193885411009,
          "cosine_similarity": 0.022940533235669136
        },
        {
          "horizon": 28,
          "squared_l2": 14144.7451171875,
          "mse": 109.64918518066406,
          "mae": 7.520086288452148,
          "r2": -139.6655262536231,
          "r2_defined": true,
          "r2_reason": null,
          "target_sum_squares": 97338.08414961738,
          "target_variance": 0.779502884150309,
          "cosine_similarity": -0.009740356355905533
        },
        {
          "horizon": 29,
          "squared_l2": 18343.30078125,
          "mse": 142.1961212158203,
          "mae": 8.501091957092285,
          "r2": -164.3824490212535,
          "r2_defined": true,
          "r2_reason": null,
          "target_sum_squares": 107365.1709682785,
          "target_variance": 0.8598018047943374,
          "cosine_similarity": -0.015381461940705776
        },
        {
          "horizon": 30,
          "squared_l2": 21771.86328125,
          "mse": 168.77413940429688,
          "mae": 9.241061210632324,
          "r2": -170.10954666792063,
          "r2_defined": true,
          "r2_reason": null,
          "target_sum_squares": 123167.67425852115,
          "target_variance": 0.9863514179201194,
          "cosine_similarity": -0.039451487362384796
        },
        {
          "horizon": 31,
          "squared_l2": 26838.3359375,
          "mse": 208.0491180419922,
          "mae": 10.237483978271484,
          "r2": -161.6715308056203,
          "r2_defined": true,
          "r2_reason": null,
          "target_sum_squares": 159705.33256065258,
          "target_variance": 1.2789523076482525,
          "cosine_similarity": -0.04977409914135933
        },
        {
          "horizon": 32,
          "squared_l2": 32447.203125,
          "mse": 251.52867126464844,
          "mae": 11.25272274017334,
          "r2": -85.24078417933215,
          "r2_defined": true,
          "r2_reason": null,
          "target_sum_squares": 364199.9594647395,
          "target_variance": 2.9165862600482053,
          "cosine_similarity": 0.042835772037506104
        }
      ],
      "positive_r2_horizon": 6,
      "components": {
        "z": {
          "mse": 25.761186599731445,
          "mae": 2.556020975112915,
          "r2": -42.82294527237807,
          "r2_defined": true,
          "r2_reason": null,
          "target_sum_squares": 1165385.5875618435,
          "target_variance": 0.5878470365978113,
          "cosine_similarity": 0.2532486319541931
        },
        "concept": {
          "mse": 56.472293853759766,
          "mae": 3.7772014141082764,
          "r2": -67.78604918452206,
          "r2_defined": true,
          "r2_reason": null,
          "target_sum_squares": 813786.2754468084,
          "target_variance": 0.820984669024818,
          "cosine_similarity": 0.2518514394760132
        },
        "belief": {
          "mse": 49.65298080444336,
          "mae": 3.404637336730957,
          "r2": -37.81468760601708,
          "r2_defined": true,
          "r2_reason": null,
          "target_sum_squares": 1268015.4825935946,
          "target_variance": 1.2792317869011438,
          "cosine_similarity": 0.3610617220401764
        },
        "uncertainty": {
          "mse": 0.18139564990997314,
          "mae": 0.27738603949546814,
          "r2": -7.8113369100663075,
          "r2_defined": true,
          "r2_reason": null,
          "target_sum_squares": 637.6911407382144,
          "target_variance": 0.020586619987674793,
          "cosine_similarity": 0.6998321413993835
        }
      },
      "macro_r2": -39.05875474324588,
      "macro_r2_available_components": -39.05875474324588,
      "macro_r2_defined_components": 4
    }
  },
  "semantic_alignment": {
    "modes": {
      "knowledge_enrichment": {
        "available": false,
        "reason": "event_definition_unavailable",
        "auroc": null,
        "average_precision": null
      },
      "information_routing": {
        "available": false,
        "reason": "event_definition_unavailable",
        "auroc": null,
        "average_precision": null
      },
      "concept_composition": {
        "available": true,
        "num_examples": 30976,
        "num_positive": 4418,
        "num_negative": 26558,
        "prevalence": 0.14262654958677687,
        "auroc": 0.5152316081877016,
        "average_precision": 0.13660019506435828,
        "source": "positive_first_token_bridge_log_probability_change",
        "independent_of_training_prior": false,
        "label_rule": "per_query_top_0.250_quantile",
        "num_queries": 968,
        "num_queries_with_valid_layers": 968,
        "num_queries_with_positive_events": 968,
        "coverage": 1.0
      },
      "prediction_refinement": {
        "available": true,
        "num_examples": 30976,
        "num_positive": 3008,
        "num_negative": 27968,
        "prevalence": 0.09710743801652892,
        "auroc": 0.6477928553510243,
        "average_precision": 0.2573685319369677,
        "source": "joint_top1_top2_margin_increase_and_uncertainty_decrease",
        "independent_of_training_prior": false,
        "label_rule": "per_query_top_0.250_quantile",
        "num_queries": 968,
        "num_queries_with_valid_layers": 968,
        "num_queries_with_positive_events": 968,
        "coverage": 1.0
      },
      "hop_transition": {
        "available": true,
        "num_examples": 30976,
        "num_positive": 2422,
        "num_negative": 28554,
        "prevalence": 0.07818956611570248,
        "auroc": 0.5449506135158632,
        "average_precision": 0.09846402167720804,
        "source": "joint_first_token_bridge_logprob_decrease_and_answer_logprob_increase",
        "independent_of_training_prior": false,
        "label_rule": "per_query_top_0.250_quantile",
        "num_queries": 968,
        "num_queries_with_valid_layers": 968,
        "num_queries_with_positive_events": 968,
        "coverage": 1.0
      }
    },
    "event_quantile": 0.75,
    "num_available_modes": 3,
    "available_modes": [
      "concept_composition",
      "prediction_refinement",
      "hop_transition"
    ],
    "available_mode_fraction": 0.6,
    "macro_auroc": null,
    "macro_average_precision": null,
    "diagnostic_macro_auroc_available_modes": 0.5693250256848631,
    "diagnostic_macro_average_precision_available_modes": 0.16414424955951132,
    "strict_macro_requires_all_five_modes": true,
    "strict_macro_requires_independent_events": true,
    "all_events_independent_of_training_prior": false,
    "strict_macro_reason": "requires_defined_independent_events_for_all_five_modes"
  }
}
2026-08-19 19:10:20 | INFO | holdout_status=verified_training_split_validation
2026-08-19 19:10:20 | INFO | Saved 968 trajectories to /bigdata/users/90967055/fuzzyDynamics/NeurIPS_Fuzzy_Dynamics_code/results/fuzzy_dynamics_20260819_185121_050733/evaluation/trajectories.jsonl
2026-08-19 19:10:21 | INFO | Completed evaluation
2026-08-19 19:10:21 | INFO | Starting plotting: /bigdata/users/90967055/fuzzyDynamics/NeurIPS_Fuzzy_Dynamics_code/.venv/bin/python -m scripts.plot_trajectory --trajectories /bigdata/users/90967055/fuzzyDynamics/NeurIPS_Fuzzy_Dynamics_code/results/fuzzy_dynamics_20260819_185121_050733/evaluation/trajectories.jsonl --index 0 --experiment-time 20260819_185121_050733 --log-dir /bigdata/users/90967055/fuzzyDynamics/NeurIPS_Fuzzy_Dynamics_code/logs
2026-08-19 19:10:27 | INFO | Log file: /bigdata/users/90967055/fuzzyDynamics/NeurIPS_Fuzzy_Dynamics_code/logs/fuzzy_dynamics_20260819_185121_050733/plot_trajectory_20260819_191027_423195.log
2026-08-19 19:10:27 | INFO | Arguments: {'trajectories': '/bigdata/users/90967055/fuzzyDynamics/NeurIPS_Fuzzy_Dynamics_code/results/fuzzy_dynamics_20260819_185121_050733/evaluation/trajectories.jsonl', 'index': 0, 'output': None, 'experiment_time': '20260819_185121_050733', 'log_dir': '/bigdata/users/90967055/fuzzyDynamics/NeurIPS_Fuzzy_Dynamics_code/logs'}
2026-08-19 19:10:27 | INFO | experiment_time=20260819_185121_050733
2026-08-19 19:10:28 | INFO | Saved /bigdata/users/90967055/fuzzyDynamics/NeurIPS_Fuzzy_Dynamics_code/results/fuzzy_dynamics_20260819_185121_050733/evaluation/trajectory_0.png
2026-08-19 19:10:29 | INFO | Completed plotting
2026-08-19 19:10:29 | INFO | Pipeline complete: /bigdata/users/90967055/fuzzyDynamics/NeurIPS_Fuzzy_Dynamics_code/results/fuzzy_dynamics_20260819_185121_050733
EXPERIMENT_TIME=20260819_185121_050733
EXPERIMENT_DIR=/bigdata/users/90967055/fuzzyDynamics/NeurIPS_Fuzzy_Dynamics_code/results/fuzzy_dynamics_20260819_185121_050733
