project_root=/bigdata/users/90967055/fuzzyDynamics/NeurIPS_Fuzzy_Dynamics_code
python=/bigdata/users/90967055/fuzzyDynamics/NeurIPS_Fuzzy_Dynamics_code/.venv/bin/python
activations=cache/socrates_llama3_8b_tuned_full.pt
config=configs/fuzzy_dynamics_layer.json seed=42 device=cuda
activation_archive_ok=cache/socrates_llama3_8b_tuned_full.pt entries=17
python=3.11.8 executable=/bigdata/users/90967055/fuzzyDynamics/NeurIPS_Fuzzy_Dynamics_code/.venv/bin/python
platform=Linux-7.1.4-200.fc44.x86_64-x86_64-with-glibc2.43
numpy=1.26.4 [ok]
torch=2.13.0 [ok]
transformers=4.57.6 [ok]
accelerate=1.14.0 [ok]
datasets=4.8.5 [ok]
pandas=2.3.3 [ok]
tqdm=4.70.0 [ok]
requests=2.34.2 [ok]
matplotlib=3.11.1 [ok]
tuned-lens=0.2.0 [ok]
Unidecode=1.4.0 [ok]
fancy-einsum=0.0.3 [ok]
PyYAML=6.0.3 [ok]
sentencepiece=0.2.2 [ok]
safetensors=0.8.0 [ok]
baukit=0.0.1 [ok]
torch_cuda_build=13.0
cuda_available=True
cuda_device_count=1
Environment check passed.
2026-08-18 22:04:57 | INFO | Log file: /bigdata/users/90967055/fuzzyDynamics/NeurIPS_Fuzzy_Dynamics_code/logs/fuzzy_dynamics_20260818_220457_461889/run_pipeline_20260818_220457_472189.log
2026-08-18 22:04:57 | INFO | experiment_time=20260818_220457_461889
2026-08-18 22:04:57 | INFO | Experiment directory: /bigdata/users/90967055/fuzzyDynamics/NeurIPS_Fuzzy_Dynamics_code/results/fuzzy_dynamics_20260818_220457_461889
2026-08-18 22:04:57 | INFO | Starting training: /bigdata/users/90967055/fuzzyDynamics/NeurIPS_Fuzzy_Dynamics_code/.venv/bin/python -m scripts.train_fuzzy_dynamics --activations /bigdata/users/90967055/fuzzyDynamics/NeurIPS_Fuzzy_Dynamics_code/cache/socrates_llama3_8b_tuned_full.pt --config /bigdata/users/90967055/fuzzyDynamics/NeurIPS_Fuzzy_Dynamics_code/configs/fuzzy_dynamics_layer.json --seed 42 --device cuda --results-root /bigdata/users/90967055/fuzzyDynamics/NeurIPS_Fuzzy_Dynamics_code/results --experiment-time 20260818_220457_461889 --log-dir /bigdata/users/90967055/fuzzyDynamics/NeurIPS_Fuzzy_Dynamics_code/logs --log-every-batches 10
2026-08-18 22:05:03 | INFO | Log file: /bigdata/users/90967055/fuzzyDynamics/NeurIPS_Fuzzy_Dynamics_code/logs/fuzzy_dynamics_20260818_220457_461889/train_fuzzy_dynamics_20260818_220503_846110.log
2026-08-18 22:05:03 | INFO | Arguments: {'activations': '/bigdata/users/90967055/fuzzyDynamics/NeurIPS_Fuzzy_Dynamics_code/cache/socrates_llama3_8b_tuned_full.pt', 'results_root': '/bigdata/users/90967055/fuzzyDynamics/NeurIPS_Fuzzy_Dynamics_code/results', 'experiment_time': '20260818_220457_461889', 'config': '/bigdata/users/90967055/fuzzyDynamics/NeurIPS_Fuzzy_Dynamics_code/configs/fuzzy_dynamics_layer.json', 'device': 'cuda', 'seed': 42, 'log_dir': '/bigdata/users/90967055/fuzzyDynamics/NeurIPS_Fuzzy_Dynamics_code/logs', 'log_every_batches': 10}
2026-08-18 22:05:03 | INFO | experiment_time=20260818_220457_461889
2026-08-18 22:06:03 | INFO | split_by=category train=6264 validation=968
2026-08-18 22:06:04 | INFO | Fitting shared frozen PCA projectors on 8192 training states across all layers
2026-08-18 22:06:13 | INFO | Fitted block-balanced delta scales: min=0.115523 median=0.608833 max=1.03053
2026-08-18 22:06:18 | INFO | Checkpoints: /bigdata/users/90967055/fuzzyDynamics/NeurIPS_Fuzzy_Dynamics_code/results/fuzzy_dynamics_20260818_220457_461889/checkpoint
2026-08-18 22:06:18 | INFO | Training results: /bigdata/users/90967055/fuzzyDynamics/NeurIPS_Fuzzy_Dynamics_code/results/fuzzy_dynamics_20260818_220457_461889/training
2026-08-18 22:06:21 | INFO | epoch=001 train_batch=10/392 running_loss=1.054908
2026-08-18 22:06:22 | INFO | epoch=001 train_batch=20/392 running_loss=0.957598
2026-08-18 22:06:22 | INFO | epoch=001 train_batch=30/392 running_loss=0.889678
2026-08-18 22:06:22 | INFO | epoch=001 train_batch=40/392 running_loss=0.835187
2026-08-18 22:06:23 | INFO | epoch=001 train_batch=50/392 running_loss=0.791869
2026-08-18 22:06:23 | INFO | epoch=001 train_batch=60/392 running_loss=0.756696
2026-08-18 22:06:23 | INFO | epoch=001 train_batch=70/392 running_loss=0.723173
2026-08-18 22:06:24 | INFO | epoch=001 train_batch=80/392 running_loss=0.692508
2026-08-18 22:06:24 | INFO | epoch=001 train_batch=90/392 running_loss=0.665657
2026-08-18 22:06:24 | INFO | epoch=001 train_batch=100/392 running_loss=0.643559
2026-08-18 22:06:25 | INFO | epoch=001 train_batch=110/392 running_loss=0.620569
2026-08-18 22:06:25 | INFO | epoch=001 train_batch=120/392 running_loss=0.599458
2026-08-18 22:06:25 | INFO | epoch=001 train_batch=130/392 running_loss=0.580503
2026-08-18 22:06:26 | INFO | epoch=001 train_batch=140/392 running_loss=0.561708
2026-08-18 22:06:26 | INFO | epoch=001 train_batch=150/392 running_loss=0.547649
2026-08-18 22:06:26 | INFO | epoch=001 train_batch=160/392 running_loss=0.533580
2026-08-18 22:06:27 | INFO | epoch=001 train_batch=170/392 running_loss=0.520731
2026-08-18 22:06:27 | INFO | epoch=001 train_batch=180/392 running_loss=0.509965
2026-08-18 22:06:27 | INFO | epoch=001 train_batch=190/392 running_loss=0.498484
2026-08-18 22:06:28 | INFO | epoch=001 train_batch=200/392 running_loss=0.487061
2026-08-18 22:06:28 | INFO | epoch=001 train_batch=210/392 running_loss=0.476840
2026-08-18 22:06:28 | INFO | epoch=001 train_batch=220/392 running_loss=0.467831
2026-08-18 22:06:29 | INFO | epoch=001 train_batch=230/392 running_loss=0.459158
2026-08-18 22:06:29 | INFO | epoch=001 train_batch=240/392 running_loss=0.450094
2026-08-18 22:06:29 | INFO | epoch=001 train_batch=250/392 running_loss=0.442340
2026-08-18 22:06:30 | INFO | epoch=001 train_batch=260/392 running_loss=0.434657
2026-08-18 22:06:30 | INFO | epoch=001 train_batch=270/392 running_loss=0.427278
2026-08-18 22:06:30 | INFO | epoch=001 train_batch=280/392 running_loss=0.419757
2026-08-18 22:06:31 | INFO | epoch=001 train_batch=290/392 running_loss=0.413171
2026-08-18 22:06:31 | INFO | epoch=001 train_batch=300/392 running_loss=0.407144
2026-08-18 22:06:31 | INFO | epoch=001 train_batch=310/392 running_loss=0.401030
2026-08-18 22:06:32 | INFO | epoch=001 train_batch=320/392 running_loss=0.395198
2026-08-18 22:06:32 | INFO | epoch=001 train_batch=330/392 running_loss=0.389631
2026-08-18 22:06:32 | INFO | epoch=001 train_batch=340/392 running_loss=0.384148
2026-08-18 22:06:33 | INFO | epoch=001 train_batch=350/392 running_loss=0.378780
2026-08-18 22:06:33 | INFO | epoch=001 train_batch=360/392 running_loss=0.373750
2026-08-18 22:06:33 | INFO | epoch=001 train_batch=370/392 running_loss=0.369340
2026-08-18 22:06:34 | INFO | epoch=001 train_batch=380/392 running_loss=0.364753
2026-08-18 22:06:34 | INFO | epoch=001 train_batch=390/392 running_loss=0.360379
2026-08-18 22:06:34 | INFO | epoch=001 train_batch=392/392 running_loss=0.359642
2026-08-18 22:06:35 | INFO | epoch=001 train_loss=0.359642 validation_loss=0.485745
2026-08-18 22:06:35 | INFO | epoch=001 saved new best.pt
2026-08-18 22:06:36 | INFO | epoch=002 train_batch=10/392 running_loss=0.188865
2026-08-18 22:06:36 | INFO | epoch=002 train_batch=20/392 running_loss=0.188262
2026-08-18 22:06:36 | INFO | epoch=002 train_batch=30/392 running_loss=0.187412
2026-08-18 22:06:37 | INFO | epoch=002 train_batch=40/392 running_loss=0.184663
2026-08-18 22:06:37 | INFO | epoch=002 train_batch=50/392 running_loss=0.180588
2026-08-18 22:06:37 | INFO | epoch=002 train_batch=60/392 running_loss=0.180160
2026-08-18 22:06:38 | INFO | epoch=002 train_batch=70/392 running_loss=0.179859
2026-08-18 22:06:38 | INFO | epoch=002 train_batch=80/392 running_loss=0.178916
2026-08-18 22:06:38 | INFO | epoch=002 train_batch=90/392 running_loss=0.179796
2026-08-18 22:06:38 | INFO | epoch=002 train_batch=100/392 running_loss=0.179574
2026-08-18 22:06:39 | INFO | epoch=002 train_batch=110/392 running_loss=0.178650
2026-08-18 22:06:39 | INFO | epoch=002 train_batch=120/392 running_loss=0.178969
2026-08-18 22:06:39 | INFO | epoch=002 train_batch=130/392 running_loss=0.178302
2026-08-18 22:06:40 | INFO | epoch=002 train_batch=140/392 running_loss=0.176908
2026-08-18 22:06:40 | INFO | epoch=002 train_batch=150/392 running_loss=0.176105
2026-08-18 22:06:40 | INFO | epoch=002 train_batch=160/392 running_loss=0.174555
2026-08-18 22:06:41 | INFO | epoch=002 train_batch=170/392 running_loss=0.173659
2026-08-18 22:06:41 | INFO | epoch=002 train_batch=180/392 running_loss=0.173590
2026-08-18 22:06:41 | INFO | epoch=002 train_batch=190/392 running_loss=0.173581
2026-08-18 22:06:42 | INFO | epoch=002 train_batch=200/392 running_loss=0.173123
2026-08-18 22:06:42 | INFO | epoch=002 train_batch=210/392 running_loss=0.172354
2026-08-18 22:06:42 | INFO | epoch=002 train_batch=220/392 running_loss=0.171323
2026-08-18 22:06:43 | INFO | epoch=002 train_batch=230/392 running_loss=0.170201
2026-08-18 22:06:43 | INFO | epoch=002 train_batch=240/392 running_loss=0.169230
2026-08-18 22:06:43 | INFO | epoch=002 train_batch=250/392 running_loss=0.168226
2026-08-18 22:06:44 | INFO | epoch=002 train_batch=260/392 running_loss=0.167615
2026-08-18 22:06:44 | INFO | epoch=002 train_batch=270/392 running_loss=0.166444
2026-08-18 22:06:44 | INFO | epoch=002 train_batch=280/392 running_loss=0.165721
2026-08-18 22:06:45 | INFO | epoch=002 train_batch=290/392 running_loss=0.164714
2026-08-18 22:06:45 | INFO | epoch=002 train_batch=300/392 running_loss=0.164279
2026-08-18 22:06:45 | INFO | epoch=002 train_batch=310/392 running_loss=0.163698
2026-08-18 22:06:46 | INFO | epoch=002 train_batch=320/392 running_loss=0.163238
2026-08-18 22:06:46 | INFO | epoch=002 train_batch=330/392 running_loss=0.162598
2026-08-18 22:06:46 | INFO | epoch=002 train_batch=340/392 running_loss=0.162216
2026-08-18 22:06:47 | INFO | epoch=002 train_batch=350/392 running_loss=0.161831
2026-08-18 22:06:47 | INFO | epoch=002 train_batch=360/392 running_loss=0.161393
2026-08-18 22:06:47 | INFO | epoch=002 train_batch=370/392 running_loss=0.160673
2026-08-18 22:06:48 | INFO | epoch=002 train_batch=380/392 running_loss=0.160067
2026-08-18 22:06:48 | INFO | epoch=002 train_batch=390/392 running_loss=0.159483
2026-08-18 22:06:48 | INFO | epoch=002 train_batch=392/392 running_loss=0.159592
2026-08-18 22:06:49 | INFO | epoch=002 train_loss=0.159592 validation_loss=0.422466
2026-08-18 22:06:49 | INFO | epoch=002 saved new best.pt
2026-08-18 22:06:49 | INFO | epoch=003 train_batch=10/392 running_loss=0.134024
2026-08-18 22:06:50 | INFO | epoch=003 train_batch=20/392 running_loss=0.137366
2026-08-18 22:06:50 | INFO | epoch=003 train_batch=30/392 running_loss=0.135924
2026-08-18 22:06:50 | INFO | epoch=003 train_batch=40/392 running_loss=0.135686
2026-08-18 22:06:51 | INFO | epoch=003 train_batch=50/392 running_loss=0.134268
2026-08-18 22:06:51 | INFO | epoch=003 train_batch=60/392 running_loss=0.133838
2026-08-18 22:06:51 | INFO | epoch=003 train_batch=70/392 running_loss=0.133873
2026-08-18 22:06:52 | INFO | epoch=003 train_batch=80/392 running_loss=0.133465
2026-08-18 22:06:52 | INFO | epoch=003 train_batch=90/392 running_loss=0.133178
2026-08-18 22:06:52 | INFO | epoch=003 train_batch=100/392 running_loss=0.133909
2026-08-18 22:06:52 | INFO | epoch=003 train_batch=110/392 running_loss=0.133785
2026-08-18 22:06:53 | INFO | epoch=003 train_batch=120/392 running_loss=0.133339
2026-08-18 22:06:53 | INFO | epoch=003 train_batch=130/392 running_loss=0.133402
2026-08-18 22:06:53 | INFO | epoch=003 train_batch=140/392 running_loss=0.133350
2026-08-18 22:06:54 | INFO | epoch=003 train_batch=150/392 running_loss=0.133048
2026-08-18 22:06:54 | INFO | epoch=003 train_batch=160/392 running_loss=0.132971
2026-08-18 22:06:54 | INFO | epoch=003 train_batch=170/392 running_loss=0.132306
2026-08-18 22:06:55 | INFO | epoch=003 train_batch=180/392 running_loss=0.132288
2026-08-18 22:06:55 | INFO | epoch=003 train_batch=190/392 running_loss=0.132363
2026-08-18 22:06:55 | INFO | epoch=003 train_batch=200/392 running_loss=0.131742
2026-08-18 22:06:56 | INFO | epoch=003 train_batch=210/392 running_loss=0.131694
2026-08-18 22:06:56 | INFO | epoch=003 train_batch=220/392 running_loss=0.131105
2026-08-18 22:06:56 | INFO | epoch=003 train_batch=230/392 running_loss=0.130631
2026-08-18 22:06:57 | INFO | epoch=003 train_batch=240/392 running_loss=0.130159
2026-08-18 22:06:57 | INFO | epoch=003 train_batch=250/392 running_loss=0.129682
2026-08-18 22:06:57 | INFO | epoch=003 train_batch=260/392 running_loss=0.129618
2026-08-18 22:06:58 | INFO | epoch=003 train_batch=270/392 running_loss=0.129317
2026-08-18 22:06:58 | INFO | epoch=003 train_batch=280/392 running_loss=0.128841
2026-08-18 22:06:58 | INFO | epoch=003 train_batch=290/392 running_loss=0.128475
2026-08-18 22:06:59 | INFO | epoch=003 train_batch=300/392 running_loss=0.128019
2026-08-18 22:06:59 | INFO | epoch=003 train_batch=310/392 running_loss=0.127641
2026-08-18 22:06:59 | INFO | epoch=003 train_batch=320/392 running_loss=0.127247
2026-08-18 22:07:00 | INFO | epoch=003 train_batch=330/392 running_loss=0.126765
2026-08-18 22:07:00 | INFO | epoch=003 train_batch=340/392 running_loss=0.126427
2026-08-18 22:07:00 | INFO | epoch=003 train_batch=350/392 running_loss=0.126315
2026-08-18 22:07:01 | INFO | epoch=003 train_batch=360/392 running_loss=0.125860
2026-08-18 22:07:01 | INFO | epoch=003 train_batch=370/392 running_loss=0.125486
2026-08-18 22:07:01 | INFO | epoch=003 train_batch=380/392 running_loss=0.125203
2026-08-18 22:07:02 | INFO | epoch=003 train_batch=390/392 running_loss=0.125163
2026-08-18 22:07:02 | INFO | epoch=003 train_batch=392/392 running_loss=0.125193
2026-08-18 22:07:03 | INFO | epoch=003 train_loss=0.125193 validation_loss=0.398755
2026-08-18 22:07:03 | INFO | epoch=003 saved new best.pt
2026-08-18 22:07:03 | INFO | epoch=004 train_batch=10/392 running_loss=0.107206
2026-08-18 22:07:03 | INFO | epoch=004 train_batch=20/392 running_loss=0.113338
2026-08-18 22:07:04 | INFO | epoch=004 train_batch=30/392 running_loss=0.111702
2026-08-18 22:07:04 | INFO | epoch=004 train_batch=40/392 running_loss=0.111788
2026-08-18 22:07:04 | INFO | epoch=004 train_batch=50/392 running_loss=0.113161
2026-08-18 22:07:05 | INFO | epoch=004 train_batch=60/392 running_loss=0.113631
2026-08-18 22:07:05 | INFO | epoch=004 train_batch=70/392 running_loss=0.113443
2026-08-18 22:07:05 | INFO | epoch=004 train_batch=80/392 running_loss=0.113703
2026-08-18 22:07:06 | INFO | epoch=004 train_batch=90/392 running_loss=0.113058
2026-08-18 22:07:06 | INFO | epoch=004 train_batch=100/392 running_loss=0.112663
2026-08-18 22:07:06 | INFO | epoch=004 train_batch=110/392 running_loss=0.111692
2026-08-18 22:07:07 | INFO | epoch=004 train_batch=120/392 running_loss=0.111414
2026-08-18 22:07:07 | INFO | epoch=004 train_batch=130/392 running_loss=0.111033
2026-08-18 22:07:07 | INFO | epoch=004 train_batch=140/392 running_loss=0.110446
2026-08-18 22:07:08 | INFO | epoch=004 train_batch=150/392 running_loss=0.110508
2026-08-18 22:07:08 | INFO | epoch=004 train_batch=160/392 running_loss=0.110343
2026-08-18 22:07:08 | INFO | epoch=004 train_batch=170/392 running_loss=0.110153
2026-08-18 22:07:08 | INFO | epoch=004 train_batch=180/392 running_loss=0.109726
2026-08-18 22:07:09 | INFO | epoch=004 train_batch=190/392 running_loss=0.109216
2026-08-18 22:07:09 | INFO | epoch=004 train_batch=200/392 running_loss=0.108964
2026-08-18 22:07:09 | INFO | epoch=004 train_batch=210/392 running_loss=0.108921
2026-08-18 22:07:10 | INFO | epoch=004 train_batch=220/392 running_loss=0.108618
2026-08-18 22:07:10 | INFO | epoch=004 train_batch=230/392 running_loss=0.108334
2026-08-18 22:07:10 | INFO | epoch=004 train_batch=240/392 running_loss=0.108367
2026-08-18 22:07:11 | INFO | epoch=004 train_batch=250/392 running_loss=0.108264
2026-08-18 22:07:11 | INFO | epoch=004 train_batch=260/392 running_loss=0.108337
2026-08-18 22:07:11 | INFO | epoch=004 train_batch=270/392 running_loss=0.108516
2026-08-18 22:07:12 | INFO | epoch=004 train_batch=280/392 running_loss=0.108466
2026-08-18 22:07:12 | INFO | epoch=004 train_batch=290/392 running_loss=0.108380
2026-08-18 22:07:12 | INFO | epoch=004 train_batch=300/392 running_loss=0.108375
2026-08-18 22:07:13 | INFO | epoch=004 train_batch=310/392 running_loss=0.108430
2026-08-18 22:07:13 | INFO | epoch=004 train_batch=320/392 running_loss=0.108404
2026-08-18 22:07:13 | INFO | epoch=004 train_batch=330/392 running_loss=0.108457
2026-08-18 22:07:14 | INFO | epoch=004 train_batch=340/392 running_loss=0.108358
2026-08-18 22:07:14 | INFO | epoch=004 train_batch=350/392 running_loss=0.108223
2026-08-18 22:07:14 | INFO | epoch=004 train_batch=360/392 running_loss=0.107987
2026-08-18 22:07:15 | INFO | epoch=004 train_batch=370/392 running_loss=0.107732
2026-08-18 22:07:15 | INFO | epoch=004 train_batch=380/392 running_loss=0.107637
2026-08-18 22:07:15 | INFO | epoch=004 train_batch=390/392 running_loss=0.107414
2026-08-18 22:07:15 | INFO | epoch=004 train_batch=392/392 running_loss=0.107291
2026-08-18 22:07:16 | INFO | epoch=004 train_loss=0.107291 validation_loss=0.359092
2026-08-18 22:07:16 | INFO | epoch=004 saved new best.pt
2026-08-18 22:07:17 | INFO | epoch=005 train_batch=10/392 running_loss=0.099396
2026-08-18 22:07:17 | INFO | epoch=005 train_batch=20/392 running_loss=0.097774
2026-08-18 22:07:17 | INFO | epoch=005 train_batch=30/392 running_loss=0.099106
2026-08-18 22:07:18 | INFO | epoch=005 train_batch=40/392 running_loss=0.097827
2026-08-18 22:07:18 | INFO | epoch=005 train_batch=50/392 running_loss=0.098272
2026-08-18 22:07:18 | INFO | epoch=005 train_batch=60/392 running_loss=0.098330
2026-08-18 22:07:19 | INFO | epoch=005 train_batch=70/392 running_loss=0.097816
2026-08-18 22:07:19 | INFO | epoch=005 train_batch=80/392 running_loss=0.098128
2026-08-18 22:07:19 | INFO | epoch=005 train_batch=90/392 running_loss=0.098332
2026-08-18 22:07:20 | INFO | epoch=005 train_batch=100/392 running_loss=0.098723
2026-08-18 22:07:20 | INFO | epoch=005 train_batch=110/392 running_loss=0.098951
2026-08-18 22:07:20 | INFO | epoch=005 train_batch=120/392 running_loss=0.098342
2026-08-18 22:07:21 | INFO | epoch=005 train_batch=130/392 running_loss=0.098013
2026-08-18 22:07:21 | INFO | epoch=005 train_batch=140/392 running_loss=0.098534
2026-08-18 22:07:21 | INFO | epoch=005 train_batch=150/392 running_loss=0.098219
2026-08-18 22:07:21 | INFO | epoch=005 train_batch=160/392 running_loss=0.098573
2026-08-18 22:07:22 | INFO | epoch=005 train_batch=170/392 running_loss=0.098341
2026-08-18 22:07:22 | INFO | epoch=005 train_batch=180/392 running_loss=0.098108
2026-08-18 22:07:22 | INFO | epoch=005 train_batch=190/392 running_loss=0.097879
2026-08-18 22:07:23 | INFO | epoch=005 train_batch=200/392 running_loss=0.097746
2026-08-18 22:07:23 | INFO | epoch=005 train_batch=210/392 running_loss=0.097407
2026-08-18 22:07:23 | INFO | epoch=005 train_batch=220/392 running_loss=0.096971
2026-08-18 22:07:24 | INFO | epoch=005 train_batch=230/392 running_loss=0.096757
2026-08-18 22:07:24 | INFO | epoch=005 train_batch=240/392 running_loss=0.096744
2026-08-18 22:07:24 | INFO | epoch=005 train_batch=250/392 running_loss=0.096854
2026-08-18 22:07:25 | INFO | epoch=005 train_batch=260/392 running_loss=0.096654
2026-08-18 22:07:25 | INFO | epoch=005 train_batch=270/392 running_loss=0.096626
2026-08-18 22:07:25 | INFO | epoch=005 train_batch=280/392 running_loss=0.096570
2026-08-18 22:07:26 | INFO | epoch=005 train_batch=290/392 running_loss=0.096835
2026-08-18 22:07:26 | INFO | epoch=005 train_batch=300/392 running_loss=0.096763
2026-08-18 22:07:26 | INFO | epoch=005 train_batch=310/392 running_loss=0.096974
2026-08-18 22:07:27 | INFO | epoch=005 train_batch=320/392 running_loss=0.096952
2026-08-18 22:07:27 | INFO | epoch=005 train_batch=330/392 running_loss=0.096810
2026-08-18 22:07:27 | INFO | epoch=005 train_batch=340/392 running_loss=0.096678
2026-08-18 22:07:28 | INFO | epoch=005 train_batch=350/392 running_loss=0.096557
2026-08-18 22:07:28 | INFO | epoch=005 train_batch=360/392 running_loss=0.096561
2026-08-18 22:07:28 | INFO | epoch=005 train_batch=370/392 running_loss=0.096415
2026-08-18 22:07:28 | INFO | epoch=005 train_batch=380/392 running_loss=0.096255
2026-08-18 22:07:29 | INFO | epoch=005 train_batch=390/392 running_loss=0.095994
2026-08-18 22:07:29 | INFO | epoch=005 train_batch=392/392 running_loss=0.096063
2026-08-18 22:07:30 | INFO | epoch=005 train_loss=0.096063 validation_loss=0.343543
2026-08-18 22:07:30 | INFO | epoch=005 saved new best.pt
2026-08-18 22:07:30 | INFO | epoch=006 train_batch=10/392 running_loss=0.098911
2026-08-18 22:07:31 | INFO | epoch=006 train_batch=20/392 running_loss=0.095698
2026-08-18 22:07:31 | INFO | epoch=006 train_batch=30/392 running_loss=0.095447
2026-08-18 22:07:31 | INFO | epoch=006 train_batch=40/392 running_loss=0.093644
2026-08-18 22:07:32 | INFO | epoch=006 train_batch=50/392 running_loss=0.092516
2026-08-18 22:07:32 | INFO | epoch=006 train_batch=60/392 running_loss=0.091251
2026-08-18 22:07:32 | INFO | epoch=006 train_batch=70/392 running_loss=0.090591
2026-08-18 22:07:32 | INFO | epoch=006 train_batch=80/392 running_loss=0.089719
2026-08-18 22:07:33 | INFO | epoch=006 train_batch=90/392 running_loss=0.089564
2026-08-18 22:07:33 | INFO | epoch=006 train_batch=100/392 running_loss=0.089336
2026-08-18 22:07:33 | INFO | epoch=006 train_batch=110/392 running_loss=0.089622
2026-08-18 22:07:34 | INFO | epoch=006 train_batch=120/392 running_loss=0.089778
2026-08-18 22:07:34 | INFO | epoch=006 train_batch=130/392 running_loss=0.089259
2026-08-18 22:07:34 | INFO | epoch=006 train_batch=140/392 running_loss=0.089066
2026-08-18 22:07:35 | INFO | epoch=006 train_batch=150/392 running_loss=0.089293
2026-08-18 22:07:35 | INFO | epoch=006 train_batch=160/392 running_loss=0.088982
2026-08-18 22:07:35 | INFO | epoch=006 train_batch=170/392 running_loss=0.089663
2026-08-18 22:07:36 | INFO | epoch=006 train_batch=180/392 running_loss=0.089824
2026-08-18 22:07:36 | INFO | epoch=006 train_batch=190/392 running_loss=0.089356
2026-08-18 22:07:36 | INFO | epoch=006 train_batch=200/392 running_loss=0.089229
2026-08-18 22:07:37 | INFO | epoch=006 train_batch=210/392 running_loss=0.089340
2026-08-18 22:07:37 | INFO | epoch=006 train_batch=220/392 running_loss=0.089133
2026-08-18 22:07:37 | INFO | epoch=006 train_batch=230/392 running_loss=0.089304
2026-08-18 22:07:38 | INFO | epoch=006 train_batch=240/392 running_loss=0.089163
2026-08-18 22:07:38 | INFO | epoch=006 train_batch=250/392 running_loss=0.089296
2026-08-18 22:07:38 | INFO | epoch=006 train_batch=260/392 running_loss=0.089068
2026-08-18 22:07:39 | INFO | epoch=006 train_batch=270/392 running_loss=0.089002
2026-08-18 22:07:39 | INFO | epoch=006 train_batch=280/392 running_loss=0.088733
2026-08-18 22:07:39 | INFO | epoch=006 train_batch=290/392 running_loss=0.088720
2026-08-18 22:07:39 | INFO | epoch=006 train_batch=300/392 running_loss=0.088921
2026-08-18 22:07:40 | INFO | epoch=006 train_batch=310/392 running_loss=0.088680
2026-08-18 22:07:40 | INFO | epoch=006 train_batch=320/392 running_loss=0.088540
2026-08-18 22:07:40 | INFO | epoch=006 train_batch=330/392 running_loss=0.088382
2026-08-18 22:07:41 | INFO | epoch=006 train_batch=340/392 running_loss=0.088369
2026-08-18 22:07:41 | INFO | epoch=006 train_batch=350/392 running_loss=0.088440
2026-08-18 22:07:41 | INFO | epoch=006 train_batch=360/392 running_loss=0.088468
2026-08-18 22:07:42 | INFO | epoch=006 train_batch=370/392 running_loss=0.088307
2026-08-18 22:07:42 | INFO | epoch=006 train_batch=380/392 running_loss=0.088334
2026-08-18 22:07:42 | INFO | epoch=006 train_batch=390/392 running_loss=0.088172
2026-08-18 22:07:42 | INFO | epoch=006 train_batch=392/392 running_loss=0.088188
2026-08-18 22:07:43 | INFO | epoch=006 train_loss=0.088188 validation_loss=0.335621
2026-08-18 22:07:43 | INFO | epoch=006 saved new best.pt
2026-08-18 22:07:44 | INFO | epoch=007 train_batch=10/392 running_loss=0.083199
2026-08-18 22:07:44 | INFO | epoch=007 train_batch=20/392 running_loss=0.082396
2026-08-18 22:07:44 | INFO | epoch=007 train_batch=30/392 running_loss=0.080565
2026-08-18 22:07:45 | INFO | epoch=007 train_batch=40/392 running_loss=0.080675
2026-08-18 22:07:45 | INFO | epoch=007 train_batch=50/392 running_loss=0.081836
2026-08-18 22:07:45 | INFO | epoch=007 train_batch=60/392 running_loss=0.082093
2026-08-18 22:07:46 | INFO | epoch=007 train_batch=70/392 running_loss=0.082353
2026-08-18 22:07:46 | INFO | epoch=007 train_batch=80/392 running_loss=0.082945
2026-08-18 22:07:46 | INFO | epoch=007 train_batch=90/392 running_loss=0.082828
2026-08-18 22:07:47 | INFO | epoch=007 train_batch=100/392 running_loss=0.082721
2026-08-18 22:07:47 | INFO | epoch=007 train_batch=110/392 running_loss=0.083333
2026-08-18 22:07:47 | INFO | epoch=007 train_batch=120/392 running_loss=0.082956
2026-08-18 22:07:48 | INFO | epoch=007 train_batch=130/392 running_loss=0.082993
2026-08-18 22:07:48 | INFO | epoch=007 train_batch=140/392 running_loss=0.082926
2026-08-18 22:07:48 | INFO | epoch=007 train_batch=150/392 running_loss=0.083150
2026-08-18 22:07:49 | INFO | epoch=007 train_batch=160/392 running_loss=0.083470
2026-08-18 22:07:49 | INFO | epoch=007 train_batch=170/392 running_loss=0.083186
2026-08-18 22:07:49 | INFO | epoch=007 train_batch=180/392 running_loss=0.083240
2026-08-18 22:07:50 | INFO | epoch=007 train_batch=190/392 running_loss=0.082982
2026-08-18 22:07:50 | INFO | epoch=007 train_batch=200/392 running_loss=0.082937
2026-08-18 22:07:50 | INFO | epoch=007 train_batch=210/392 running_loss=0.082811
2026-08-18 22:07:51 | INFO | epoch=007 train_batch=220/392 running_loss=0.082833
2026-08-18 22:07:51 | INFO | epoch=007 train_batch=230/392 running_loss=0.082859
2026-08-18 22:07:51 | INFO | epoch=007 train_batch=240/392 running_loss=0.082675
2026-08-18 22:07:51 | INFO | epoch=007 train_batch=250/392 running_loss=0.082520
2026-08-18 22:07:52 | INFO | epoch=007 train_batch=260/392 running_loss=0.082488
2026-08-18 22:07:52 | INFO | epoch=007 train_batch=270/392 running_loss=0.082332
2026-08-18 22:07:52 | INFO | epoch=007 train_batch=280/392 running_loss=0.082542
2026-08-18 22:07:53 | INFO | epoch=007 train_batch=290/392 running_loss=0.082396
2026-08-18 22:07:53 | INFO | epoch=007 train_batch=300/392 running_loss=0.082067
2026-08-18 22:07:53 | INFO | epoch=007 train_batch=310/392 running_loss=0.082043
2026-08-18 22:07:54 | INFO | epoch=007 train_batch=320/392 running_loss=0.082046
2026-08-18 22:07:54 | INFO | epoch=007 train_batch=330/392 running_loss=0.082104
2026-08-18 22:07:54 | INFO | epoch=007 train_batch=340/392 running_loss=0.082209
2026-08-18 22:07:55 | INFO | epoch=007 train_batch=350/392 running_loss=0.082119
2026-08-18 22:07:55 | INFO | epoch=007 train_batch=360/392 running_loss=0.081953
2026-08-18 22:07:55 | INFO | epoch=007 train_batch=370/392 running_loss=0.082036
2026-08-18 22:07:56 | INFO | epoch=007 train_batch=380/392 running_loss=0.082170
2026-08-18 22:07:56 | INFO | epoch=007 train_batch=390/392 running_loss=0.082360
2026-08-18 22:07:56 | INFO | epoch=007 train_batch=392/392 running_loss=0.082351
2026-08-18 22:07:57 | INFO | epoch=007 train_loss=0.082351 validation_loss=0.323059
2026-08-18 22:07:57 | INFO | epoch=007 saved new best.pt
2026-08-18 22:07:57 | INFO | epoch=008 train_batch=10/392 running_loss=0.079354
2026-08-18 22:07:58 | INFO | epoch=008 train_batch=20/392 running_loss=0.076674
2026-08-18 22:07:58 | INFO | epoch=008 train_batch=30/392 running_loss=0.077342
2026-08-18 22:07:58 | INFO | epoch=008 train_batch=40/392 running_loss=0.077904
2026-08-18 22:07:59 | INFO | epoch=008 train_batch=50/392 running_loss=0.078611
2026-08-18 22:07:59 | INFO | epoch=008 train_batch=60/392 running_loss=0.078227
2026-08-18 22:07:59 | INFO | epoch=008 train_batch=70/392 running_loss=0.077350
2026-08-18 22:08:00 | INFO | epoch=008 train_batch=80/392 running_loss=0.078182
2026-08-18 22:08:00 | INFO | epoch=008 train_batch=90/392 running_loss=0.078118
2026-08-18 22:08:00 | INFO | epoch=008 train_batch=100/392 running_loss=0.078172
2026-08-18 22:08:01 | INFO | epoch=008 train_batch=110/392 running_loss=0.077741
2026-08-18 22:08:01 | INFO | epoch=008 train_batch=120/392 running_loss=0.077709
2026-08-18 22:08:01 | INFO | epoch=008 train_batch=130/392 running_loss=0.078028
2026-08-18 22:08:02 | INFO | epoch=008 train_batch=140/392 running_loss=0.078196
2026-08-18 22:08:02 | INFO | epoch=008 train_batch=150/392 running_loss=0.078163
2026-08-18 22:08:02 | INFO | epoch=008 train_batch=160/392 running_loss=0.078336
2026-08-18 22:08:03 | INFO | epoch=008 train_batch=170/392 running_loss=0.078370
2026-08-18 22:08:03 | INFO | epoch=008 train_batch=180/392 running_loss=0.078619
2026-08-18 22:08:03 | INFO | epoch=008 train_batch=190/392 running_loss=0.078428
2026-08-18 22:08:04 | INFO | epoch=008 train_batch=200/392 running_loss=0.078563
2026-08-18 22:08:04 | INFO | epoch=008 train_batch=210/392 running_loss=0.078587
2026-08-18 22:08:04 | INFO | epoch=008 train_batch=220/392 running_loss=0.078601
2026-08-18 22:08:05 | INFO | epoch=008 train_batch=230/392 running_loss=0.078718
2026-08-18 22:08:05 | INFO | epoch=008 train_batch=240/392 running_loss=0.078695
2026-08-18 22:08:05 | INFO | epoch=008 train_batch=250/392 running_loss=0.078678
2026-08-18 22:08:06 | INFO | epoch=008 train_batch=260/392 running_loss=0.078481
2026-08-18 22:08:06 | INFO | epoch=008 train_batch=270/392 running_loss=0.078528
2026-08-18 22:08:06 | INFO | epoch=008 train_batch=280/392 running_loss=0.078378
2026-08-18 22:08:07 | INFO | epoch=008 train_batch=290/392 running_loss=0.078133
2026-08-18 22:08:07 | INFO | epoch=008 train_batch=300/392 running_loss=0.078055
2026-08-18 22:08:07 | INFO | epoch=008 train_batch=310/392 running_loss=0.078057
2026-08-18 22:08:08 | INFO | epoch=008 train_batch=320/392 running_loss=0.077911
2026-08-18 22:08:08 | INFO | epoch=008 train_batch=330/392 running_loss=0.077787
2026-08-18 22:08:08 | INFO | epoch=008 train_batch=340/392 running_loss=0.077701
2026-08-18 22:08:09 | INFO | epoch=008 train_batch=350/392 running_loss=0.077651
2026-08-18 22:08:09 | INFO | epoch=008 train_batch=360/392 running_loss=0.077692
2026-08-18 22:08:09 | INFO | epoch=008 train_batch=370/392 running_loss=0.077715
2026-08-18 22:08:10 | INFO | epoch=008 train_batch=380/392 running_loss=0.077688
2026-08-18 22:08:10 | INFO | epoch=008 train_batch=390/392 running_loss=0.077616
2026-08-18 22:08:10 | INFO | epoch=008 train_batch=392/392 running_loss=0.077625
2026-08-18 22:08:11 | INFO | epoch=008 train_loss=0.077625 validation_loss=0.325171
2026-08-18 22:08:11 | INFO | epoch=009 train_batch=10/392 running_loss=0.074879
2026-08-18 22:08:12 | INFO | epoch=009 train_batch=20/392 running_loss=0.073806
2026-08-18 22:08:12 | INFO | epoch=009 train_batch=30/392 running_loss=0.074508
2026-08-18 22:08:12 | INFO | epoch=009 train_batch=40/392 running_loss=0.074341
2026-08-18 22:08:13 | INFO | epoch=009 train_batch=50/392 running_loss=0.074521
2026-08-18 22:08:13 | INFO | epoch=009 train_batch=60/392 running_loss=0.074104
2026-08-18 22:08:13 | INFO | epoch=009 train_batch=70/392 running_loss=0.074369
2026-08-18 22:08:14 | INFO | epoch=009 train_batch=80/392 running_loss=0.074256
2026-08-18 22:08:14 | INFO | epoch=009 train_batch=90/392 running_loss=0.074189
2026-08-18 22:08:14 | INFO | epoch=009 train_batch=100/392 running_loss=0.074193
2026-08-18 22:08:15 | INFO | epoch=009 train_batch=110/392 running_loss=0.074145
2026-08-18 22:08:15 | INFO | epoch=009 train_batch=120/392 running_loss=0.074228
2026-08-18 22:08:15 | INFO | epoch=009 train_batch=130/392 running_loss=0.074278
2026-08-18 22:08:15 | INFO | epoch=009 train_batch=140/392 running_loss=0.074481
2026-08-18 22:08:16 | INFO | epoch=009 train_batch=150/392 running_loss=0.074269
2026-08-18 22:08:16 | INFO | epoch=009 train_batch=160/392 running_loss=0.074621
2026-08-18 22:08:16 | INFO | epoch=009 train_batch=170/392 running_loss=0.074873
2026-08-18 22:08:17 | INFO | epoch=009 train_batch=180/392 running_loss=0.074737
2026-08-18 22:08:17 | INFO | epoch=009 train_batch=190/392 running_loss=0.074711
2026-08-18 22:08:17 | INFO | epoch=009 train_batch=200/392 running_loss=0.074797
2026-08-18 22:08:18 | INFO | epoch=009 train_batch=210/392 running_loss=0.074508
2026-08-18 22:08:18 | INFO | epoch=009 train_batch=220/392 running_loss=0.074616
2026-08-18 22:08:18 | INFO | epoch=009 train_batch=230/392 running_loss=0.074784
2026-08-18 22:08:19 | INFO | epoch=009 train_batch=240/392 running_loss=0.074773
2026-08-18 22:08:19 | INFO | epoch=009 train_batch=250/392 running_loss=0.074618
2026-08-18 22:08:19 | INFO | epoch=009 train_batch=260/392 running_loss=0.074577
2026-08-18 22:08:20 | INFO | epoch=009 train_batch=270/392 running_loss=0.074473
2026-08-18 22:08:20 | INFO | epoch=009 train_batch=280/392 running_loss=0.074331
2026-08-18 22:08:20 | INFO | epoch=009 train_batch=290/392 running_loss=0.074408
2026-08-18 22:08:21 | INFO | epoch=009 train_batch=300/392 running_loss=0.074297
2026-08-18 22:08:21 | INFO | epoch=009 train_batch=310/392 running_loss=0.074246
2026-08-18 22:08:21 | INFO | epoch=009 train_batch=320/392 running_loss=0.074129
2026-08-18 22:08:22 | INFO | epoch=009 train_batch=330/392 running_loss=0.074090
2026-08-18 22:08:22 | INFO | epoch=009 train_batch=340/392 running_loss=0.074093
2026-08-18 22:08:22 | INFO | epoch=009 train_batch=350/392 running_loss=0.074125
2026-08-18 22:08:22 | INFO | epoch=009 train_batch=360/392 running_loss=0.074168
2026-08-18 22:08:23 | INFO | epoch=009 train_batch=370/392 running_loss=0.074110
2026-08-18 22:08:23 | INFO | epoch=009 train_batch=380/392 running_loss=0.074054
2026-08-18 22:08:23 | INFO | epoch=009 train_batch=390/392 running_loss=0.074096
2026-08-18 22:08:23 | INFO | epoch=009 train_batch=392/392 running_loss=0.073999
2026-08-18 22:08:24 | INFO | epoch=009 train_loss=0.073999 validation_loss=0.307433
2026-08-18 22:08:24 | INFO | epoch=009 saved new best.pt
2026-08-18 22:08:25 | INFO | epoch=010 train_batch=10/392 running_loss=0.064727
2026-08-18 22:08:25 | INFO | epoch=010 train_batch=20/392 running_loss=0.066387
2026-08-18 22:08:25 | INFO | epoch=010 train_batch=30/392 running_loss=0.066998
2026-08-18 22:08:26 | INFO | epoch=010 train_batch=40/392 running_loss=0.068770
2026-08-18 22:08:26 | INFO | epoch=010 train_batch=50/392 running_loss=0.069364
2026-08-18 22:08:26 | INFO | epoch=010 train_batch=60/392 running_loss=0.069248
2026-08-18 22:08:27 | INFO | epoch=010 train_batch=70/392 running_loss=0.070334
2026-08-18 22:08:27 | INFO | epoch=010 train_batch=80/392 running_loss=0.069896
2026-08-18 22:08:27 | INFO | epoch=010 train_batch=90/392 running_loss=0.070352
2026-08-18 22:08:28 | INFO | epoch=010 train_batch=100/392 running_loss=0.071062
2026-08-18 22:08:28 | INFO | epoch=010 train_batch=110/392 running_loss=0.071021
2026-08-18 22:08:28 | INFO | epoch=010 train_batch=120/392 running_loss=0.071307
2026-08-18 22:08:29 | INFO | epoch=010 train_batch=130/392 running_loss=0.071419
2026-08-18 22:08:29 | INFO | epoch=010 train_batch=140/392 running_loss=0.071619
2026-08-18 22:08:29 | INFO | epoch=010 train_batch=150/392 running_loss=0.071638
2026-08-18 22:08:30 | INFO | epoch=010 train_batch=160/392 running_loss=0.071679
2026-08-18 22:08:30 | INFO | epoch=010 train_batch=170/392 running_loss=0.071438
2026-08-18 22:08:30 | INFO | epoch=010 train_batch=180/392 running_loss=0.071631
2026-08-18 22:08:30 | INFO | epoch=010 train_batch=190/392 running_loss=0.071646
2026-08-18 22:08:31 | INFO | epoch=010 train_batch=200/392 running_loss=0.071614
2026-08-18 22:08:31 | INFO | epoch=010 train_batch=210/392 running_loss=0.071251
2026-08-18 22:08:31 | INFO | epoch=010 train_batch=220/392 running_loss=0.071148
2026-08-18 22:08:32 | INFO | epoch=010 train_batch=230/392 running_loss=0.070924
2026-08-18 22:08:32 | INFO | epoch=010 train_batch=240/392 running_loss=0.071150
2026-08-18 22:08:32 | INFO | epoch=010 train_batch=250/392 running_loss=0.071178
2026-08-18 22:08:33 | INFO | epoch=010 train_batch=260/392 running_loss=0.071340
2026-08-18 22:08:33 | INFO | epoch=010 train_batch=270/392 running_loss=0.071401
2026-08-18 22:08:33 | INFO | epoch=010 train_batch=280/392 running_loss=0.071315
2026-08-18 22:08:34 | INFO | epoch=010 train_batch=290/392 running_loss=0.071268
2026-08-18 22:08:34 | INFO | epoch=010 train_batch=300/392 running_loss=0.071147
2026-08-18 22:08:34 | INFO | epoch=010 train_batch=310/392 running_loss=0.071240
2026-08-18 22:08:35 | INFO | epoch=010 train_batch=320/392 running_loss=0.071262
2026-08-18 22:08:35 | INFO | epoch=010 train_batch=330/392 running_loss=0.071100
2026-08-18 22:08:35 | INFO | epoch=010 train_batch=340/392 running_loss=0.071037
2026-08-18 22:08:36 | INFO | epoch=010 train_batch=350/392 running_loss=0.070937
2026-08-18 22:08:36 | INFO | epoch=010 train_batch=360/392 running_loss=0.070931
2026-08-18 22:08:36 | INFO | epoch=010 train_batch=370/392 running_loss=0.071023
2026-08-18 22:08:37 | INFO | epoch=010 train_batch=380/392 running_loss=0.070994
2026-08-18 22:08:37 | INFO | epoch=010 train_batch=390/392 running_loss=0.070901
2026-08-18 22:08:37 | INFO | epoch=010 train_batch=392/392 running_loss=0.070840
2026-08-18 22:08:38 | INFO | epoch=010 train_loss=0.070840 validation_loss=0.315221
2026-08-18 22:08:38 | INFO | epoch=011 train_batch=10/392 running_loss=0.067767
2026-08-18 22:08:39 | INFO | epoch=011 train_batch=20/392 running_loss=0.068539
2026-08-18 22:08:39 | INFO | epoch=011 train_batch=30/392 running_loss=0.067179
2026-08-18 22:08:39 | INFO | epoch=011 train_batch=40/392 running_loss=0.068388
2026-08-18 22:08:40 | INFO | epoch=011 train_batch=50/392 running_loss=0.068376
2026-08-18 22:08:40 | INFO | epoch=011 train_batch=60/392 running_loss=0.067963
2026-08-18 22:08:40 | INFO | epoch=011 train_batch=70/392 running_loss=0.068204
2026-08-18 22:08:41 | INFO | epoch=011 train_batch=80/392 running_loss=0.067944
2026-08-18 22:08:41 | INFO | epoch=011 train_batch=90/392 running_loss=0.068320
2026-08-18 22:08:41 | INFO | epoch=011 train_batch=100/392 running_loss=0.068384
2026-08-18 22:08:42 | INFO | epoch=011 train_batch=110/392 running_loss=0.067996
2026-08-18 22:08:42 | INFO | epoch=011 train_batch=120/392 running_loss=0.067944
2026-08-18 22:08:42 | INFO | epoch=011 train_batch=130/392 running_loss=0.068033
2026-08-18 22:08:43 | INFO | epoch=011 train_batch=140/392 running_loss=0.068231
2026-08-18 22:08:43 | INFO | epoch=011 train_batch=150/392 running_loss=0.068458
2026-08-18 22:08:43 | INFO | epoch=011 train_batch=160/392 running_loss=0.068327
2026-08-18 22:08:44 | INFO | epoch=011 train_batch=170/392 running_loss=0.068463
2026-08-18 22:08:44 | INFO | epoch=011 train_batch=180/392 running_loss=0.068299
2026-08-18 22:08:44 | INFO | epoch=011 train_batch=190/392 running_loss=0.068207
2026-08-18 22:08:45 | INFO | epoch=011 train_batch=200/392 running_loss=0.068298
2026-08-18 22:08:45 | INFO | epoch=011 train_batch=210/392 running_loss=0.068316
2026-08-18 22:08:45 | INFO | epoch=011 train_batch=220/392 running_loss=0.068558
2026-08-18 22:08:46 | INFO | epoch=011 train_batch=230/392 running_loss=0.068292
2026-08-18 22:08:46 | INFO | epoch=011 train_batch=240/392 running_loss=0.068380
2026-08-18 22:08:46 | INFO | epoch=011 train_batch=250/392 running_loss=0.068584
2026-08-18 22:08:47 | INFO | epoch=011 train_batch=260/392 running_loss=0.068461
2026-08-18 22:08:47 | INFO | epoch=011 train_batch=270/392 running_loss=0.068535
2026-08-18 22:08:47 | INFO | epoch=011 train_batch=280/392 running_loss=0.068574
2026-08-18 22:08:47 | INFO | epoch=011 train_batch=290/392 running_loss=0.068420
2026-08-18 22:08:48 | INFO | epoch=011 train_batch=300/392 running_loss=0.068581
2026-08-18 22:08:48 | INFO | epoch=011 train_batch=310/392 running_loss=0.068429
2026-08-18 22:08:48 | INFO | epoch=011 train_batch=320/392 running_loss=0.068363
2026-08-18 22:08:49 | INFO | epoch=011 train_batch=330/392 running_loss=0.068301
2026-08-18 22:08:49 | INFO | epoch=011 train_batch=340/392 running_loss=0.068279
2026-08-18 22:08:49 | INFO | epoch=011 train_batch=350/392 running_loss=0.068265
2026-08-18 22:08:50 | INFO | epoch=011 train_batch=360/392 running_loss=0.068264
2026-08-18 22:08:50 | INFO | epoch=011 train_batch=370/392 running_loss=0.068249
2026-08-18 22:08:50 | INFO | epoch=011 train_batch=380/392 running_loss=0.068149
2026-08-18 22:08:51 | INFO | epoch=011 train_batch=390/392 running_loss=0.068227
2026-08-18 22:08:51 | INFO | epoch=011 train_batch=392/392 running_loss=0.068314
2026-08-18 22:08:52 | INFO | epoch=011 train_loss=0.068314 validation_loss=0.307428
2026-08-18 22:08:52 | INFO | epoch=011 saved new best.pt
2026-08-18 22:08:52 | INFO | epoch=012 train_batch=10/392 running_loss=0.064970
2026-08-18 22:08:53 | INFO | epoch=012 train_batch=20/392 running_loss=0.068090
2026-08-18 22:08:53 | INFO | epoch=012 train_batch=30/392 running_loss=0.066454
2026-08-18 22:08:53 | INFO | epoch=012 train_batch=40/392 running_loss=0.066152
2026-08-18 22:08:53 | INFO | epoch=012 train_batch=50/392 running_loss=0.065867
2026-08-18 22:08:54 | INFO | epoch=012 train_batch=60/392 running_loss=0.065800
2026-08-18 22:08:54 | INFO | epoch=012 train_batch=70/392 running_loss=0.065733
2026-08-18 22:08:54 | INFO | epoch=012 train_batch=80/392 running_loss=0.065755
2026-08-18 22:08:55 | INFO | epoch=012 train_batch=90/392 running_loss=0.065768
2026-08-18 22:08:55 | INFO | epoch=012 train_batch=100/392 running_loss=0.065529
2026-08-18 22:08:55 | INFO | epoch=012 train_batch=110/392 running_loss=0.065466
2026-08-18 22:08:56 | INFO | epoch=012 train_batch=120/392 running_loss=0.065418
2026-08-18 22:08:56 | INFO | epoch=012 train_batch=130/392 running_loss=0.065227
2026-08-18 22:08:56 | INFO | epoch=012 train_batch=140/392 running_loss=0.065073
2026-08-18 22:08:57 | INFO | epoch=012 train_batch=150/392 running_loss=0.065404
2026-08-18 22:08:57 | INFO | epoch=012 train_batch=160/392 running_loss=0.065727
2026-08-18 22:08:57 | INFO | epoch=012 train_batch=170/392 running_loss=0.065903
2026-08-18 22:08:58 | INFO | epoch=012 train_batch=180/392 running_loss=0.065832
2026-08-18 22:08:58 | INFO | epoch=012 train_batch=190/392 running_loss=0.065652
2026-08-18 22:08:58 | INFO | epoch=012 train_batch=200/392 running_loss=0.065608
2026-08-18 22:08:59 | INFO | epoch=012 train_batch=210/392 running_loss=0.065643
2026-08-18 22:08:59 | INFO | epoch=012 train_batch=220/392 running_loss=0.065914
2026-08-18 22:08:59 | INFO | epoch=012 train_batch=230/392 running_loss=0.066069
2026-08-18 22:09:00 | INFO | epoch=012 train_batch=240/392 running_loss=0.066146
2026-08-18 22:09:00 | INFO | epoch=012 train_batch=250/392 running_loss=0.066191
2026-08-18 22:09:00 | INFO | epoch=012 train_batch=260/392 running_loss=0.065950
2026-08-18 22:09:00 | INFO | epoch=012 train_batch=270/392 running_loss=0.065978
2026-08-18 22:09:01 | INFO | epoch=012 train_batch=280/392 running_loss=0.065964
2026-08-18 22:09:01 | INFO | epoch=012 train_batch=290/392 running_loss=0.065966
2026-08-18 22:09:01 | INFO | epoch=012 train_batch=300/392 running_loss=0.065848
2026-08-18 22:09:02 | INFO | epoch=012 train_batch=310/392 running_loss=0.065741
2026-08-18 22:09:02 | INFO | epoch=012 train_batch=320/392 running_loss=0.065742
2026-08-18 22:09:02 | INFO | epoch=012 train_batch=330/392 running_loss=0.065708
2026-08-18 22:09:03 | INFO | epoch=012 train_batch=340/392 running_loss=0.065732
2026-08-18 22:09:03 | INFO | epoch=012 train_batch=350/392 running_loss=0.065738
2026-08-18 22:09:03 | INFO | epoch=012 train_batch=360/392 running_loss=0.066009
2026-08-18 22:09:04 | INFO | epoch=012 train_batch=370/392 running_loss=0.065999
2026-08-18 22:09:04 | INFO | epoch=012 train_batch=380/392 running_loss=0.066079
2026-08-18 22:09:04 | INFO | epoch=012 train_batch=390/392 running_loss=0.066058
2026-08-18 22:09:04 | INFO | epoch=012 train_batch=392/392 running_loss=0.065990
2026-08-18 22:09:05 | INFO | epoch=012 train_loss=0.065990 validation_loss=0.298862
2026-08-18 22:09:05 | INFO | epoch=012 saved new best.pt
2026-08-18 22:09:06 | INFO | epoch=013 train_batch=10/392 running_loss=0.063291
2026-08-18 22:09:06 | INFO | epoch=013 train_batch=20/392 running_loss=0.064326
2026-08-18 22:09:06 | INFO | epoch=013 train_batch=30/392 running_loss=0.064528
2026-08-18 22:09:07 | INFO | epoch=013 train_batch=40/392 running_loss=0.065716
2026-08-18 22:09:07 | INFO | epoch=013 train_batch=50/392 running_loss=0.065232
2026-08-18 22:09:07 | INFO | epoch=013 train_batch=60/392 running_loss=0.065568
2026-08-18 22:09:08 | INFO | epoch=013 train_batch=70/392 running_loss=0.065174
2026-08-18 22:09:08 | INFO | epoch=013 train_batch=80/392 running_loss=0.065019
2026-08-18 22:09:08 | INFO | epoch=013 train_batch=90/392 running_loss=0.064693
2026-08-18 22:09:09 | INFO | epoch=013 train_batch=100/392 running_loss=0.064432
2026-08-18 22:09:09 | INFO | epoch=013 train_batch=110/392 running_loss=0.064487
2026-08-18 22:09:09 | INFO | epoch=013 train_batch=120/392 running_loss=0.064505
2026-08-18 22:09:10 | INFO | epoch=013 train_batch=130/392 running_loss=0.064321
2026-08-18 22:09:10 | INFO | epoch=013 train_batch=140/392 running_loss=0.063965
2026-08-18 22:09:10 | INFO | epoch=013 train_batch=150/392 running_loss=0.063968
2026-08-18 22:09:10 | INFO | epoch=013 train_batch=160/392 running_loss=0.064073
2026-08-18 22:09:11 | INFO | epoch=013 train_batch=170/392 running_loss=0.064074
2026-08-18 22:09:11 | INFO | epoch=013 train_batch=180/392 running_loss=0.063940
2026-08-18 22:09:11 | INFO | epoch=013 train_batch=190/392 running_loss=0.063800
2026-08-18 22:09:12 | INFO | epoch=013 train_batch=200/392 running_loss=0.064088
2026-08-18 22:09:12 | INFO | epoch=013 train_batch=210/392 running_loss=0.064018
2026-08-18 22:09:12 | INFO | epoch=013 train_batch=220/392 running_loss=0.064047
2026-08-18 22:09:13 | INFO | epoch=013 train_batch=230/392 running_loss=0.063898
2026-08-18 22:09:13 | INFO | epoch=013 train_batch=240/392 running_loss=0.064018
2026-08-18 22:09:13 | INFO | epoch=013 train_batch=250/392 running_loss=0.064117
2026-08-18 22:09:14 | INFO | epoch=013 train_batch=260/392 running_loss=0.064119
2026-08-18 22:09:14 | INFO | epoch=013 train_batch=270/392 running_loss=0.064088
2026-08-18 22:09:14 | INFO | epoch=013 train_batch=280/392 running_loss=0.064007
2026-08-18 22:09:15 | INFO | epoch=013 train_batch=290/392 running_loss=0.064020
2026-08-18 22:09:15 | INFO | epoch=013 train_batch=300/392 running_loss=0.063986
2026-08-18 22:09:15 | INFO | epoch=013 train_batch=310/392 running_loss=0.063843
2026-08-18 22:09:16 | INFO | epoch=013 train_batch=320/392 running_loss=0.063955
2026-08-18 22:09:16 | INFO | epoch=013 train_batch=330/392 running_loss=0.064024
2026-08-18 22:09:16 | INFO | epoch=013 train_batch=340/392 running_loss=0.064138
2026-08-18 22:09:17 | INFO | epoch=013 train_batch=350/392 running_loss=0.064224
2026-08-18 22:09:17 | INFO | epoch=013 train_batch=360/392 running_loss=0.064228
2026-08-18 22:09:17 | INFO | epoch=013 train_batch=370/392 running_loss=0.064220
2026-08-18 22:09:18 | INFO | epoch=013 train_batch=380/392 running_loss=0.064045
2026-08-18 22:09:18 | INFO | epoch=013 train_batch=390/392 running_loss=0.064101
2026-08-18 22:09:18 | INFO | epoch=013 train_batch=392/392 running_loss=0.064054
2026-08-18 22:09:19 | INFO | epoch=013 train_loss=0.064054 validation_loss=0.301211
2026-08-18 22:09:19 | INFO | epoch=014 train_batch=10/392 running_loss=0.062251
2026-08-18 22:09:20 | INFO | epoch=014 train_batch=20/392 running_loss=0.062272
2026-08-18 22:09:20 | INFO | epoch=014 train_batch=30/392 running_loss=0.061496
2026-08-18 22:09:20 | INFO | epoch=014 train_batch=40/392 running_loss=0.060673
2026-08-18 22:09:20 | INFO | epoch=014 train_batch=50/392 running_loss=0.060317
2026-08-18 22:09:21 | INFO | epoch=014 train_batch=60/392 running_loss=0.060101
2026-08-18 22:09:21 | INFO | epoch=014 train_batch=70/392 running_loss=0.060474
2026-08-18 22:09:21 | INFO | epoch=014 train_batch=80/392 running_loss=0.060540
2026-08-18 22:09:22 | INFO | epoch=014 train_batch=90/392 running_loss=0.061091
2026-08-18 22:09:22 | INFO | epoch=014 train_batch=100/392 running_loss=0.061542
2026-08-18 22:09:22 | INFO | epoch=014 train_batch=110/392 running_loss=0.061899
2026-08-18 22:09:23 | INFO | epoch=014 train_batch=120/392 running_loss=0.061988
2026-08-18 22:09:23 | INFO | epoch=014 train_batch=130/392 running_loss=0.062206
2026-08-18 22:09:23 | INFO | epoch=014 train_batch=140/392 running_loss=0.062456
2026-08-18 22:09:24 | INFO | epoch=014 train_batch=150/392 running_loss=0.062774
2026-08-18 22:09:24 | INFO | epoch=014 train_batch=160/392 running_loss=0.062538
2026-08-18 22:09:24 | INFO | epoch=014 train_batch=170/392 running_loss=0.062633
2026-08-18 22:09:25 | INFO | epoch=014 train_batch=180/392 running_loss=0.062446
2026-08-18 22:09:25 | INFO | epoch=014 train_batch=190/392 running_loss=0.062529
2026-08-18 22:09:25 | INFO | epoch=014 train_batch=200/392 running_loss=0.062551
2026-08-18 22:09:26 | INFO | epoch=014 train_batch=210/392 running_loss=0.062530
2026-08-18 22:09:26 | INFO | epoch=014 train_batch=220/392 running_loss=0.062693
2026-08-18 22:09:26 | INFO | epoch=014 train_batch=230/392 running_loss=0.063020
2026-08-18 22:09:27 | INFO | epoch=014 train_batch=240/392 running_loss=0.062922
2026-08-18 22:09:27 | INFO | epoch=014 train_batch=250/392 running_loss=0.062894
2026-08-18 22:09:27 | INFO | epoch=014 train_batch=260/392 running_loss=0.063015
2026-08-18 22:09:28 | INFO | epoch=014 train_batch=270/392 running_loss=0.062992
2026-08-18 22:09:28 | INFO | epoch=014 train_batch=280/392 running_loss=0.062834
2026-08-18 22:09:28 | INFO | epoch=014 train_batch=290/392 running_loss=0.062789
2026-08-18 22:09:29 | INFO | epoch=014 train_batch=300/392 running_loss=0.062534
2026-08-18 22:09:29 | INFO | epoch=014 train_batch=310/392 running_loss=0.062418
2026-08-18 22:09:29 | INFO | epoch=014 train_batch=320/392 running_loss=0.062360
2026-08-18 22:09:30 | INFO | epoch=014 train_batch=330/392 running_loss=0.062425
2026-08-18 22:09:30 | INFO | epoch=014 train_batch=340/392 running_loss=0.062459
2026-08-18 22:09:30 | INFO | epoch=014 train_batch=350/392 running_loss=0.062375
2026-08-18 22:09:31 | INFO | epoch=014 train_batch=360/392 running_loss=0.062343
2026-08-18 22:09:31 | INFO | epoch=014 train_batch=370/392 running_loss=0.062309
2026-08-18 22:09:31 | INFO | epoch=014 train_batch=380/392 running_loss=0.062364
2026-08-18 22:09:31 | INFO | epoch=014 train_batch=390/392 running_loss=0.062329
2026-08-18 22:09:32 | INFO | epoch=014 train_batch=392/392 running_loss=0.062381
2026-08-18 22:09:32 | INFO | epoch=014 train_loss=0.062381 validation_loss=0.296960
2026-08-18 22:09:33 | INFO | epoch=014 saved new best.pt
2026-08-18 22:09:33 | INFO | epoch=015 train_batch=10/392 running_loss=0.065793
2026-08-18 22:09:33 | INFO | epoch=015 train_batch=20/392 running_loss=0.064312
2026-08-18 22:09:34 | INFO | epoch=015 train_batch=30/392 running_loss=0.063429
2026-08-18 22:09:34 | INFO | epoch=015 train_batch=40/392 running_loss=0.062826
2026-08-18 22:09:34 | INFO | epoch=015 train_batch=50/392 running_loss=0.061915
2026-08-18 22:09:34 | INFO | epoch=015 train_batch=60/392 running_loss=0.061053
2026-08-18 22:09:35 | INFO | epoch=015 train_batch=70/392 running_loss=0.061521
2026-08-18 22:09:35 | INFO | epoch=015 train_batch=80/392 running_loss=0.061213
2026-08-18 22:09:35 | INFO | epoch=015 train_batch=90/392 running_loss=0.060970
2026-08-18 22:09:36 | INFO | epoch=015 train_batch=100/392 running_loss=0.060826
2026-08-18 22:09:36 | INFO | epoch=015 train_batch=110/392 running_loss=0.060469
2026-08-18 22:09:36 | INFO | epoch=015 train_batch=120/392 running_loss=0.060299
2026-08-18 22:09:37 | INFO | epoch=015 train_batch=130/392 running_loss=0.060538
2026-08-18 22:09:37 | INFO | epoch=015 train_batch=140/392 running_loss=0.060749
2026-08-18 22:09:37 | INFO | epoch=015 train_batch=150/392 running_loss=0.060852
2026-08-18 22:09:38 | INFO | epoch=015 train_batch=160/392 running_loss=0.060733
2026-08-18 22:09:38 | INFO | epoch=015 train_batch=170/392 running_loss=0.060879
2026-08-18 22:09:38 | INFO | epoch=015 train_batch=180/392 running_loss=0.060831
2026-08-18 22:09:39 | INFO | epoch=015 train_batch=190/392 running_loss=0.060893
2026-08-18 22:09:39 | INFO | epoch=015 train_batch=200/392 running_loss=0.061191
2026-08-18 22:09:39 | INFO | epoch=015 train_batch=210/392 running_loss=0.061201
2026-08-18 22:09:40 | INFO | epoch=015 train_batch=220/392 running_loss=0.061075
2026-08-18 22:09:40 | INFO | epoch=015 train_batch=230/392 running_loss=0.060967
2026-08-18 22:09:40 | INFO | epoch=015 train_batch=240/392 running_loss=0.060900
2026-08-18 22:09:41 | INFO | epoch=015 train_batch=250/392 running_loss=0.060895
2026-08-18 22:09:41 | INFO | epoch=015 train_batch=260/392 running_loss=0.060852
2026-08-18 22:09:41 | INFO | epoch=015 train_batch=270/392 running_loss=0.061096
2026-08-18 22:09:41 | INFO | epoch=015 train_batch=280/392 running_loss=0.061036
2026-08-18 22:09:42 | INFO | epoch=015 train_batch=290/392 running_loss=0.061106
2026-08-18 22:09:42 | INFO | epoch=015 train_batch=300/392 running_loss=0.061001
2026-08-18 22:09:42 | INFO | epoch=015 train_batch=310/392 running_loss=0.061135
2026-08-18 22:09:43 | INFO | epoch=015 train_batch=320/392 running_loss=0.061221
2026-08-18 22:09:43 | INFO | epoch=015 train_batch=330/392 running_loss=0.061320
2026-08-18 22:09:43 | INFO | epoch=015 train_batch=340/392 running_loss=0.061203
2026-08-18 22:09:44 | INFO | epoch=015 train_batch=350/392 running_loss=0.061157
2026-08-18 22:09:44 | INFO | epoch=015 train_batch=360/392 running_loss=0.061236
2026-08-18 22:09:44 | INFO | epoch=015 train_batch=370/392 running_loss=0.061138
2026-08-18 22:09:45 | INFO | epoch=015 train_batch=380/392 running_loss=0.061051
2026-08-18 22:09:45 | INFO | epoch=015 train_batch=390/392 running_loss=0.060977
2026-08-18 22:09:45 | INFO | epoch=015 train_batch=392/392 running_loss=0.060993
2026-08-18 22:09:46 | INFO | epoch=015 train_loss=0.060993 validation_loss=0.299131
2026-08-18 22:09:46 | INFO | epoch=016 train_batch=10/392 running_loss=0.058902
2026-08-18 22:09:47 | INFO | epoch=016 train_batch=20/392 running_loss=0.059592
2026-08-18 22:09:47 | INFO | epoch=016 train_batch=30/392 running_loss=0.059370
2026-08-18 22:09:47 | INFO | epoch=016 train_batch=40/392 running_loss=0.060069
2026-08-18 22:09:48 | INFO | epoch=016 train_batch=50/392 running_loss=0.059953
2026-08-18 22:09:48 | INFO | epoch=016 train_batch=60/392 running_loss=0.059853
2026-08-18 22:09:48 | INFO | epoch=016 train_batch=70/392 running_loss=0.059547
2026-08-18 22:09:49 | INFO | epoch=016 train_batch=80/392 running_loss=0.059893
2026-08-18 22:09:49 | INFO | epoch=016 train_batch=90/392 running_loss=0.060078
2026-08-18 22:09:49 | INFO | epoch=016 train_batch=100/392 running_loss=0.059687
2026-08-18 22:09:50 | INFO | epoch=016 train_batch=110/392 running_loss=0.059670
2026-08-18 22:09:50 | INFO | epoch=016 train_batch=120/392 running_loss=0.059415
2026-08-18 22:09:50 | INFO | epoch=016 train_batch=130/392 running_loss=0.059515
2026-08-18 22:09:51 | INFO | epoch=016 train_batch=140/392 running_loss=0.059156
2026-08-18 22:09:51 | INFO | epoch=016 train_batch=150/392 running_loss=0.059130
2026-08-18 22:09:51 | INFO | epoch=016 train_batch=160/392 running_loss=0.059052
2026-08-18 22:09:51 | INFO | epoch=016 train_batch=170/392 running_loss=0.059297
2026-08-18 22:09:52 | INFO | epoch=016 train_batch=180/392 running_loss=0.059469
2026-08-18 22:09:52 | INFO | epoch=016 train_batch=190/392 running_loss=0.059360
2026-08-18 22:09:52 | INFO | epoch=016 train_batch=200/392 running_loss=0.059263
2026-08-18 22:09:53 | INFO | epoch=016 train_batch=210/392 running_loss=0.059114
2026-08-18 22:09:53 | INFO | epoch=016 train_batch=220/392 running_loss=0.058961
2026-08-18 22:09:53 | INFO | epoch=016 train_batch=230/392 running_loss=0.058772
2026-08-18 22:09:54 | INFO | epoch=016 train_batch=240/392 running_loss=0.058710
2026-08-18 22:09:54 | INFO | epoch=016 train_batch=250/392 running_loss=0.058667
2026-08-18 22:09:54 | INFO | epoch=016 train_batch=260/392 running_loss=0.058833
2026-08-18 22:09:55 | INFO | epoch=016 train_batch=270/392 running_loss=0.058837
2026-08-18 22:09:55 | INFO | epoch=016 train_batch=280/392 running_loss=0.058895
2026-08-18 22:09:55 | INFO | epoch=016 train_batch=290/392 running_loss=0.059011
2026-08-18 22:09:56 | INFO | epoch=016 train_batch=300/392 running_loss=0.059008
2026-08-18 22:09:56 | INFO | epoch=016 train_batch=310/392 running_loss=0.058980
2026-08-18 22:09:56 | INFO | epoch=016 train_batch=320/392 running_loss=0.059097
2026-08-18 22:09:57 | INFO | epoch=016 train_batch=330/392 running_loss=0.059084
2026-08-18 22:09:57 | INFO | epoch=016 train_batch=340/392 running_loss=0.059184
2026-08-18 22:09:57 | INFO | epoch=016 train_batch=350/392 running_loss=0.059130
2026-08-18 22:09:58 | INFO | epoch=016 train_batch=360/392 running_loss=0.059175
2026-08-18 22:09:58 | INFO | epoch=016 train_batch=370/392 running_loss=0.059293
2026-08-18 22:09:58 | INFO | epoch=016 train_batch=380/392 running_loss=0.059332
2026-08-18 22:09:59 | INFO | epoch=016 train_batch=390/392 running_loss=0.059349
2026-08-18 22:09:59 | INFO | epoch=016 train_batch=392/392 running_loss=0.059502
2026-08-18 22:09:59 | INFO | epoch=016 train_loss=0.059502 validation_loss=0.289034
2026-08-18 22:10:00 | INFO | epoch=016 saved new best.pt
2026-08-18 22:10:00 | INFO | epoch=017 train_batch=10/392 running_loss=0.057267
2026-08-18 22:10:00 | INFO | epoch=017 train_batch=20/392 running_loss=0.060308
2026-08-18 22:10:01 | INFO | epoch=017 train_batch=30/392 running_loss=0.058869
2026-08-18 22:10:01 | INFO | epoch=017 train_batch=40/392 running_loss=0.057564
2026-08-18 22:10:01 | INFO | epoch=017 train_batch=50/392 running_loss=0.057998
2026-08-18 22:10:02 | INFO | epoch=017 train_batch=60/392 running_loss=0.057972
2026-08-18 22:10:02 | INFO | epoch=017 train_batch=70/392 running_loss=0.057695
2026-08-18 22:10:02 | INFO | epoch=017 train_batch=80/392 running_loss=0.057869
2026-08-18 22:10:03 | INFO | epoch=017 train_batch=90/392 running_loss=0.057569
2026-08-18 22:10:03 | INFO | epoch=017 train_batch=100/392 running_loss=0.057677
2026-08-18 22:10:03 | INFO | epoch=017 train_batch=110/392 running_loss=0.058008
2026-08-18 22:10:03 | INFO | epoch=017 train_batch=120/392 running_loss=0.058229
2026-08-18 22:10:04 | INFO | epoch=017 train_batch=130/392 running_loss=0.058324
2026-08-18 22:10:04 | INFO | epoch=017 train_batch=140/392 running_loss=0.058791
2026-08-18 22:10:04 | INFO | epoch=017 train_batch=150/392 running_loss=0.058850
2026-08-18 22:10:05 | INFO | epoch=017 train_batch=160/392 running_loss=0.058666
2026-08-18 22:10:05 | INFO | epoch=017 train_batch=170/392 running_loss=0.058417
2026-08-18 22:10:05 | INFO | epoch=017 train_batch=180/392 running_loss=0.058474
2026-08-18 22:10:06 | INFO | epoch=017 train_batch=190/392 running_loss=0.058528
2026-08-18 22:10:06 | INFO | epoch=017 train_batch=200/392 running_loss=0.058587
2026-08-18 22:10:06 | INFO | epoch=017 train_batch=210/392 running_loss=0.058806
2026-08-18 22:10:07 | INFO | epoch=017 train_batch=220/392 running_loss=0.058720
2026-08-18 22:10:07 | INFO | epoch=017 train_batch=230/392 running_loss=0.058817
2026-08-18 22:10:07 | INFO | epoch=017 train_batch=240/392 running_loss=0.058778
2026-08-18 22:10:08 | INFO | epoch=017 train_batch=250/392 running_loss=0.058871
2026-08-18 22:10:08 | INFO | epoch=017 train_batch=260/392 running_loss=0.058889
2026-08-18 22:10:08 | INFO | epoch=017 train_batch=270/392 running_loss=0.058844
2026-08-18 22:10:09 | INFO | epoch=017 train_batch=280/392 running_loss=0.058888
2026-08-18 22:10:09 | INFO | epoch=017 train_batch=290/392 running_loss=0.058857
2026-08-18 22:10:09 | INFO | epoch=017 train_batch=300/392 running_loss=0.058787
2026-08-18 22:10:10 | INFO | epoch=017 train_batch=310/392 running_loss=0.058831
2026-08-18 22:10:10 | INFO | epoch=017 train_batch=320/392 running_loss=0.058799
2026-08-18 22:10:10 | INFO | epoch=017 train_batch=330/392 running_loss=0.058779
2026-08-18 22:10:11 | INFO | epoch=017 train_batch=340/392 running_loss=0.058679
2026-08-18 22:10:11 | INFO | epoch=017 train_batch=350/392 running_loss=0.058536
2026-08-18 22:10:11 | INFO | epoch=017 train_batch=360/392 running_loss=0.058454
2026-08-18 22:10:12 | INFO | epoch=017 train_batch=370/392 running_loss=0.058354
2026-08-18 22:10:12 | INFO | epoch=017 train_batch=380/392 running_loss=0.058452
2026-08-18 22:10:12 | INFO | epoch=017 train_batch=390/392 running_loss=0.058473
2026-08-18 22:10:12 | INFO | epoch=017 train_batch=392/392 running_loss=0.058472
2026-08-18 22:10:13 | INFO | epoch=017 train_loss=0.058472 validation_loss=0.295761
2026-08-18 22:10:13 | INFO | epoch=018 train_batch=10/392 running_loss=0.057915
2026-08-18 22:10:14 | INFO | epoch=018 train_batch=20/392 running_loss=0.056922
2026-08-18 22:10:14 | INFO | epoch=018 train_batch=30/392 running_loss=0.057100
2026-08-18 22:10:14 | INFO | epoch=018 train_batch=40/392 running_loss=0.055689
2026-08-18 22:10:15 | INFO | epoch=018 train_batch=50/392 running_loss=0.055402
2026-08-18 22:10:15 | INFO | epoch=018 train_batch=60/392 running_loss=0.055067
2026-08-18 22:10:15 | INFO | epoch=018 train_batch=70/392 running_loss=0.054967
2026-08-18 22:10:16 | INFO | epoch=018 train_batch=80/392 running_loss=0.055983
2026-08-18 22:10:16 | INFO | epoch=018 train_batch=90/392 running_loss=0.056229
2026-08-18 22:10:16 | INFO | epoch=018 train_batch=100/392 running_loss=0.056322
2026-08-18 22:10:17 | INFO | epoch=018 train_batch=110/392 running_loss=0.056787
2026-08-18 22:10:17 | INFO | epoch=018 train_batch=120/392 running_loss=0.056967
2026-08-18 22:10:17 | INFO | epoch=018 train_batch=130/392 running_loss=0.057143
2026-08-18 22:10:18 | INFO | epoch=018 train_batch=140/392 running_loss=0.057088
2026-08-18 22:10:18 | INFO | epoch=018 train_batch=150/392 running_loss=0.057156
2026-08-18 22:10:18 | INFO | epoch=018 train_batch=160/392 running_loss=0.057093
2026-08-18 22:10:19 | INFO | epoch=018 train_batch=170/392 running_loss=0.057195
2026-08-18 22:10:19 | INFO | epoch=018 train_batch=180/392 running_loss=0.057199
2026-08-18 22:10:19 | INFO | epoch=018 train_batch=190/392 running_loss=0.057092
2026-08-18 22:10:20 | INFO | epoch=018 train_batch=200/392 running_loss=0.057184
2026-08-18 22:10:20 | INFO | epoch=018 train_batch=210/392 running_loss=0.057061
2026-08-18 22:10:20 | INFO | epoch=018 train_batch=220/392 running_loss=0.057113
2026-08-18 22:10:21 | INFO | epoch=018 train_batch=230/392 running_loss=0.057157
2026-08-18 22:10:21 | INFO | epoch=018 train_batch=240/392 running_loss=0.057153
2026-08-18 22:10:21 | INFO | epoch=018 train_batch=250/392 running_loss=0.057231
2026-08-18 22:10:21 | INFO | epoch=018 train_batch=260/392 running_loss=0.057173
2026-08-18 22:10:22 | INFO | epoch=018 train_batch=270/392 running_loss=0.057221
2026-08-18 22:10:22 | INFO | epoch=018 train_batch=280/392 running_loss=0.057286
2026-08-18 22:10:22 | INFO | epoch=018 train_batch=290/392 running_loss=0.057181
2026-08-18 22:10:23 | INFO | epoch=018 train_batch=300/392 running_loss=0.057172
2026-08-18 22:10:23 | INFO | epoch=018 train_batch=310/392 running_loss=0.057108
2026-08-18 22:10:23 | INFO | epoch=018 train_batch=320/392 running_loss=0.057232
2026-08-18 22:10:24 | INFO | epoch=018 train_batch=330/392 running_loss=0.057216
2026-08-18 22:10:24 | INFO | epoch=018 train_batch=340/392 running_loss=0.057278
2026-08-18 22:10:24 | INFO | epoch=018 train_batch=350/392 running_loss=0.057261
2026-08-18 22:10:25 | INFO | epoch=018 train_batch=360/392 running_loss=0.057310
2026-08-18 22:10:25 | INFO | epoch=018 train_batch=370/392 running_loss=0.057301
2026-08-18 22:10:25 | INFO | epoch=018 train_batch=380/392 running_loss=0.057260
2026-08-18 22:10:26 | INFO | epoch=018 train_batch=390/392 running_loss=0.057184
2026-08-18 22:10:26 | INFO | epoch=018 train_batch=392/392 running_loss=0.057243
2026-08-18 22:10:27 | INFO | epoch=018 train_loss=0.057243 validation_loss=0.286961
2026-08-18 22:10:27 | INFO | epoch=018 saved new best.pt
2026-08-18 22:10:27 | INFO | epoch=019 train_batch=10/392 running_loss=0.056611
2026-08-18 22:10:27 | INFO | epoch=019 train_batch=20/392 running_loss=0.056518
2026-08-18 22:10:28 | INFO | epoch=019 train_batch=30/392 running_loss=0.057143
2026-08-18 22:10:28 | INFO | epoch=019 train_batch=40/392 running_loss=0.057088
2026-08-18 22:10:28 | INFO | epoch=019 train_batch=50/392 running_loss=0.056979
2026-08-18 22:10:29 | INFO | epoch=019 train_batch=60/392 running_loss=0.055845
2026-08-18 22:10:29 | INFO | epoch=019 train_batch=70/392 running_loss=0.055547
2026-08-18 22:10:29 | INFO | epoch=019 train_batch=80/392 running_loss=0.055435
2026-08-18 22:10:30 | INFO | epoch=019 train_batch=90/392 running_loss=0.055647
2026-08-18 22:10:30 | INFO | epoch=019 train_batch=100/392 running_loss=0.055390
2026-08-18 22:10:30 | INFO | epoch=019 train_batch=110/392 running_loss=0.055101
2026-08-18 22:10:31 | INFO | epoch=019 train_batch=120/392 running_loss=0.055134
2026-08-18 22:10:31 | INFO | epoch=019 train_batch=130/392 running_loss=0.055170
2026-08-18 22:10:31 | INFO | epoch=019 train_batch=140/392 running_loss=0.055320
2026-08-18 22:10:32 | INFO | epoch=019 train_batch=150/392 running_loss=0.055376
2026-08-18 22:10:32 | INFO | epoch=019 train_batch=160/392 running_loss=0.055409
2026-08-18 22:10:32 | INFO | epoch=019 train_batch=170/392 running_loss=0.055589
2026-08-18 22:10:33 | INFO | epoch=019 train_batch=180/392 running_loss=0.055710
2026-08-18 22:10:33 | INFO | epoch=019 train_batch=190/392 running_loss=0.055823
2026-08-18 22:10:33 | INFO | epoch=019 train_batch=200/392 running_loss=0.055784
2026-08-18 22:10:34 | INFO | epoch=019 train_batch=210/392 running_loss=0.055890
2026-08-18 22:10:34 | INFO | epoch=019 train_batch=220/392 running_loss=0.056044
2026-08-18 22:10:34 | INFO | epoch=019 train_batch=230/392 running_loss=0.055867
2026-08-18 22:10:35 | INFO | epoch=019 train_batch=240/392 running_loss=0.055828
2026-08-18 22:10:35 | INFO | epoch=019 train_batch=250/392 running_loss=0.055924
2026-08-18 22:10:35 | INFO | epoch=019 train_batch=260/392 running_loss=0.055850
2026-08-18 22:10:35 | INFO | epoch=019 train_batch=270/392 running_loss=0.055895
2026-08-18 22:10:36 | INFO | epoch=019 train_batch=280/392 running_loss=0.055837
2026-08-18 22:10:36 | INFO | epoch=019 train_batch=290/392 running_loss=0.055895
2026-08-18 22:10:36 | INFO | epoch=019 train_batch=300/392 running_loss=0.055892
2026-08-18 22:10:37 | INFO | epoch=019 train_batch=310/392 running_loss=0.055997
2026-08-18 22:10:37 | INFO | epoch=019 train_batch=320/392 running_loss=0.056181
2026-08-18 22:10:37 | INFO | epoch=019 train_batch=330/392 running_loss=0.056174
2026-08-18 22:10:38 | INFO | epoch=019 train_batch=340/392 running_loss=0.056225
2026-08-18 22:10:38 | INFO | epoch=019 train_batch=350/392 running_loss=0.056290
2026-08-18 22:10:38 | INFO | epoch=019 train_batch=360/392 running_loss=0.056229
2026-08-18 22:10:39 | INFO | epoch=019 train_batch=370/392 running_loss=0.056142
2026-08-18 22:10:39 | INFO | epoch=019 train_batch=380/392 running_loss=0.056189
2026-08-18 22:10:39 | INFO | epoch=019 train_batch=390/392 running_loss=0.056336
2026-08-18 22:10:40 | INFO | epoch=019 train_batch=392/392 running_loss=0.056351
2026-08-18 22:10:40 | INFO | epoch=019 train_loss=0.056351 validation_loss=0.280246
2026-08-18 22:10:41 | INFO | epoch=019 saved new best.pt
2026-08-18 22:10:41 | INFO | epoch=020 train_batch=10/392 running_loss=0.055655
2026-08-18 22:10:41 | INFO | epoch=020 train_batch=20/392 running_loss=0.056014
2026-08-18 22:10:42 | INFO | epoch=020 train_batch=30/392 running_loss=0.056182
2026-08-18 22:10:42 | INFO | epoch=020 train_batch=40/392 running_loss=0.056868
2026-08-18 22:10:42 | INFO | epoch=020 train_batch=50/392 running_loss=0.056032
2026-08-18 22:10:43 | INFO | epoch=020 train_batch=60/392 running_loss=0.056359
2026-08-18 22:10:43 | INFO | epoch=020 train_batch=70/392 running_loss=0.056578
2026-08-18 22:10:43 | INFO | epoch=020 train_batch=80/392 running_loss=0.056344
2026-08-18 22:10:43 | INFO | epoch=020 train_batch=90/392 running_loss=0.056313
2026-08-18 22:10:44 | INFO | epoch=020 train_batch=100/392 running_loss=0.056170
2026-08-18 22:10:44 | INFO | epoch=020 train_batch=110/392 running_loss=0.055863
2026-08-18 22:10:44 | INFO | epoch=020 train_batch=120/392 running_loss=0.055710
2026-08-18 22:10:45 | INFO | epoch=020 train_batch=130/392 running_loss=0.055622
2026-08-18 22:10:45 | INFO | epoch=020 train_batch=140/392 running_loss=0.055794
2026-08-18 22:10:45 | INFO | epoch=020 train_batch=150/392 running_loss=0.055780
2026-08-18 22:10:46 | INFO | epoch=020 train_batch=160/392 running_loss=0.056058
2026-08-18 22:10:46 | INFO | epoch=020 train_batch=170/392 running_loss=0.056149
2026-08-18 22:10:46 | INFO | epoch=020 train_batch=180/392 running_loss=0.056232
2026-08-18 22:10:47 | INFO | epoch=020 train_batch=190/392 running_loss=0.056282
2026-08-18 22:10:47 | INFO | epoch=020 train_batch=200/392 running_loss=0.056339
2026-08-18 22:10:47 | INFO | epoch=020 train_batch=210/392 running_loss=0.056237
2026-08-18 22:10:48 | INFO | epoch=020 train_batch=220/392 running_loss=0.056093
2026-08-18 22:10:48 | INFO | epoch=020 train_batch=230/392 running_loss=0.056066
2026-08-18 22:10:48 | INFO | epoch=020 train_batch=240/392 running_loss=0.055957
2026-08-18 22:10:49 | INFO | epoch=020 train_batch=250/392 running_loss=0.055917
2026-08-18 22:10:49 | INFO | epoch=020 train_batch=260/392 running_loss=0.055996
2026-08-18 22:10:49 | INFO | epoch=020 train_batch=270/392 running_loss=0.056081
2026-08-18 22:10:50 | INFO | epoch=020 train_batch=280/392 running_loss=0.056021
2026-08-18 22:10:50 | INFO | epoch=020 train_batch=290/392 running_loss=0.056000
2026-08-18 22:10:50 | INFO | epoch=020 train_batch=300/392 running_loss=0.056003
2026-08-18 22:10:51 | INFO | epoch=020 train_batch=310/392 running_loss=0.055932
2026-08-18 22:10:51 | INFO | epoch=020 train_batch=320/392 running_loss=0.055855
2026-08-18 22:10:51 | INFO | epoch=020 train_batch=330/392 running_loss=0.055866
2026-08-18 22:10:52 | INFO | epoch=020 train_batch=340/392 running_loss=0.055752
2026-08-18 22:10:52 | INFO | epoch=020 train_batch=350/392 running_loss=0.055805
2026-08-18 22:10:52 | INFO | epoch=020 train_batch=360/392 running_loss=0.055846
2026-08-18 22:10:53 | INFO | epoch=020 train_batch=370/392 running_loss=0.055765
2026-08-18 22:10:53 | INFO | epoch=020 train_batch=380/392 running_loss=0.055679
2026-08-18 22:10:53 | INFO | epoch=020 train_batch=390/392 running_loss=0.055666
2026-08-18 22:10:53 | INFO | epoch=020 train_batch=392/392 running_loss=0.055646
2026-08-18 22:10:54 | INFO | epoch=020 train_loss=0.055646 validation_loss=0.282974
2026-08-18 22:10:54 | INFO | epoch=021 train_batch=10/392 running_loss=0.049982
2026-08-18 22:10:55 | INFO | epoch=021 train_batch=20/392 running_loss=0.052654
2026-08-18 22:10:55 | INFO | epoch=021 train_batch=30/392 running_loss=0.053635
2026-08-18 22:10:55 | INFO | epoch=021 train_batch=40/392 running_loss=0.054785
2026-08-18 22:10:56 | INFO | epoch=021 train_batch=50/392 running_loss=0.054495
2026-08-18 22:10:56 | INFO | epoch=021 train_batch=60/392 running_loss=0.054294
2026-08-18 22:10:56 | INFO | epoch=021 train_batch=70/392 running_loss=0.054575
2026-08-18 22:10:57 | INFO | epoch=021 train_batch=80/392 running_loss=0.054843
2026-08-18 22:10:57 | INFO | epoch=021 train_batch=90/392 running_loss=0.054615
2026-08-18 22:10:57 | INFO | epoch=021 train_batch=100/392 running_loss=0.054526
2026-08-18 22:10:58 | INFO | epoch=021 train_batch=110/392 running_loss=0.054303
2026-08-18 22:10:58 | INFO | epoch=021 train_batch=120/392 running_loss=0.054607
2026-08-18 22:10:58 | INFO | epoch=021 train_batch=130/392 running_loss=0.054662
2026-08-18 22:10:59 | INFO | epoch=021 train_batch=140/392 running_loss=0.054831
2026-08-18 22:10:59 | INFO | epoch=021 train_batch=150/392 running_loss=0.054852
2026-08-18 22:10:59 | INFO | epoch=021 train_batch=160/392 running_loss=0.054528
2026-08-18 22:11:00 | INFO | epoch=021 train_batch=170/392 running_loss=0.054562
2026-08-18 22:11:00 | INFO | epoch=021 train_batch=180/392 running_loss=0.054445
2026-08-18 22:11:00 | INFO | epoch=021 train_batch=190/392 running_loss=0.054518
2026-08-18 22:11:01 | INFO | epoch=021 train_batch=200/392 running_loss=0.054352
2026-08-18 22:11:01 | INFO | epoch=021 train_batch=210/392 running_loss=0.054457
2026-08-18 22:11:01 | INFO | epoch=021 train_batch=220/392 running_loss=0.054494
2026-08-18 22:11:02 | INFO | epoch=021 train_batch=230/392 running_loss=0.054653
2026-08-18 22:11:02 | INFO | epoch=021 train_batch=240/392 running_loss=0.054649
2026-08-18 22:11:02 | INFO | epoch=021 train_batch=250/392 running_loss=0.054742
2026-08-18 22:11:03 | INFO | epoch=021 train_batch=260/392 running_loss=0.054720
2026-08-18 22:11:03 | INFO | epoch=021 train_batch=270/392 running_loss=0.054743
2026-08-18 22:11:03 | INFO | epoch=021 train_batch=280/392 running_loss=0.054810
2026-08-18 22:11:04 | INFO | epoch=021 train_batch=290/392 running_loss=0.054768
2026-08-18 22:11:04 | INFO | epoch=021 train_batch=300/392 running_loss=0.054798
2026-08-18 22:11:04 | INFO | epoch=021 train_batch=310/392 running_loss=0.054732
2026-08-18 22:11:04 | INFO | epoch=021 train_batch=320/392 running_loss=0.054732
2026-08-18 22:11:05 | INFO | epoch=021 train_batch=330/392 running_loss=0.054788
2026-08-18 22:11:05 | INFO | epoch=021 train_batch=340/392 running_loss=0.054828
2026-08-18 22:11:05 | INFO | epoch=021 train_batch=350/392 running_loss=0.054757
2026-08-18 22:11:06 | INFO | epoch=021 train_batch=360/392 running_loss=0.054783
2026-08-18 22:11:06 | INFO | epoch=021 train_batch=370/392 running_loss=0.054818
2026-08-18 22:11:06 | INFO | epoch=021 train_batch=380/392 running_loss=0.054816
2026-08-18 22:11:07 | INFO | epoch=021 train_batch=390/392 running_loss=0.054800
2026-08-18 22:11:07 | INFO | epoch=021 train_batch=392/392 running_loss=0.054829
2026-08-18 22:11:08 | INFO | epoch=021 train_loss=0.054829 validation_loss=0.278900
2026-08-18 22:11:08 | INFO | epoch=021 saved new best.pt
2026-08-18 22:11:08 | INFO | epoch=022 train_batch=10/392 running_loss=0.056128
2026-08-18 22:11:09 | INFO | epoch=022 train_batch=20/392 running_loss=0.052724
2026-08-18 22:11:09 | INFO | epoch=022 train_batch=30/392 running_loss=0.052821
2026-08-18 22:11:09 | INFO | epoch=022 train_batch=40/392 running_loss=0.052717
2026-08-18 22:11:10 | INFO | epoch=022 train_batch=50/392 running_loss=0.052635
2026-08-18 22:11:10 | INFO | epoch=022 train_batch=60/392 running_loss=0.052150
2026-08-18 22:11:10 | INFO | epoch=022 train_batch=70/392 running_loss=0.052125
2026-08-18 22:11:11 | INFO | epoch=022 train_batch=80/392 running_loss=0.051719
2026-08-18 22:11:11 | INFO | epoch=022 train_batch=90/392 running_loss=0.051918
2026-08-18 22:11:11 | INFO | epoch=022 train_batch=100/392 running_loss=0.052002
2026-08-18 22:11:11 | INFO | epoch=022 train_batch=110/392 running_loss=0.051773
2026-08-18 22:11:12 | INFO | epoch=022 train_batch=120/392 running_loss=0.051718
2026-08-18 22:11:12 | INFO | epoch=022 train_batch=130/392 running_loss=0.051976
2026-08-18 22:11:12 | INFO | epoch=022 train_batch=140/392 running_loss=0.052428
2026-08-18 22:11:13 | INFO | epoch=022 train_batch=150/392 running_loss=0.052432
2026-08-18 22:11:13 | INFO | epoch=022 train_batch=160/392 running_loss=0.052624
2026-08-18 22:11:13 | INFO | epoch=022 train_batch=170/392 running_loss=0.052608
2026-08-18 22:11:14 | INFO | epoch=022 train_batch=180/392 running_loss=0.052673
2026-08-18 22:11:14 | INFO | epoch=022 train_batch=190/392 running_loss=0.052647
2026-08-18 22:11:14 | INFO | epoch=022 train_batch=200/392 running_loss=0.052874
2026-08-18 22:11:15 | INFO | epoch=022 train_batch=210/392 running_loss=0.052883
2026-08-18 22:11:15 | INFO | epoch=022 train_batch=220/392 running_loss=0.053042
2026-08-18 22:11:15 | INFO | epoch=022 train_batch=230/392 running_loss=0.053069
2026-08-18 22:11:16 | INFO | epoch=022 train_batch=240/392 running_loss=0.053238
2026-08-18 22:11:16 | INFO | epoch=022 train_batch=250/392 running_loss=0.053182
2026-08-18 22:11:16 | INFO | epoch=022 train_batch=260/392 running_loss=0.053384
2026-08-18 22:11:17 | INFO | epoch=022 train_batch=270/392 running_loss=0.053452
2026-08-18 22:11:17 | INFO | epoch=022 train_batch=280/392 running_loss=0.053378
2026-08-18 22:11:17 | INFO | epoch=022 train_batch=290/392 running_loss=0.053492
2026-08-18 22:11:18 | INFO | epoch=022 train_batch=300/392 running_loss=0.053528
2026-08-18 22:11:18 | INFO | epoch=022 train_batch=310/392 running_loss=0.053656
2026-08-18 22:11:18 | INFO | epoch=022 train_batch=320/392 running_loss=0.053725
2026-08-18 22:11:19 | INFO | epoch=022 train_batch=330/392 running_loss=0.053809
2026-08-18 22:11:19 | INFO | epoch=022 train_batch=340/392 running_loss=0.053859
2026-08-18 22:11:19 | INFO | epoch=022 train_batch=350/392 running_loss=0.053904
2026-08-18 22:11:20 | INFO | epoch=022 train_batch=360/392 running_loss=0.053994
2026-08-18 22:11:20 | INFO | epoch=022 train_batch=370/392 running_loss=0.054060
2026-08-18 22:11:20 | INFO | epoch=022 train_batch=380/392 running_loss=0.053937
2026-08-18 22:11:21 | INFO | epoch=022 train_batch=390/392 running_loss=0.053989
2026-08-18 22:11:21 | INFO | epoch=022 train_batch=392/392 running_loss=0.053972
2026-08-18 22:11:21 | INFO | epoch=022 train_loss=0.053972 validation_loss=0.276781
2026-08-18 22:11:22 | INFO | epoch=022 saved new best.pt
2026-08-18 22:11:22 | INFO | epoch=023 train_batch=10/392 running_loss=0.054470
2026-08-18 22:11:22 | INFO | epoch=023 train_batch=20/392 running_loss=0.053624
2026-08-18 22:11:23 | INFO | epoch=023 train_batch=30/392 running_loss=0.052910
2026-08-18 22:11:23 | INFO | epoch=023 train_batch=40/392 running_loss=0.052551
2026-08-18 22:11:23 | INFO | epoch=023 train_batch=50/392 running_loss=0.052120
2026-08-18 22:11:24 | INFO | epoch=023 train_batch=60/392 running_loss=0.052065
2026-08-18 22:11:24 | INFO | epoch=023 train_batch=70/392 running_loss=0.052815
2026-08-18 22:11:24 | INFO | epoch=023 train_batch=80/392 running_loss=0.052718
2026-08-18 22:11:25 | INFO | epoch=023 train_batch=90/392 running_loss=0.053019
2026-08-18 22:11:25 | INFO | epoch=023 train_batch=100/392 running_loss=0.053258
2026-08-18 22:11:25 | INFO | epoch=023 train_batch=110/392 running_loss=0.053587
2026-08-18 22:11:26 | INFO | epoch=023 train_batch=120/392 running_loss=0.053691
2026-08-18 22:11:26 | INFO | epoch=023 train_batch=130/392 running_loss=0.053578
2026-08-18 22:11:26 | INFO | epoch=023 train_batch=140/392 running_loss=0.053808
2026-08-18 22:11:27 | INFO | epoch=023 train_batch=150/392 running_loss=0.053632
2026-08-18 22:11:27 | INFO | epoch=023 train_batch=160/392 running_loss=0.053761
2026-08-18 22:11:27 | INFO | epoch=023 train_batch=170/392 running_loss=0.053938
2026-08-18 22:11:28 | INFO | epoch=023 train_batch=180/392 running_loss=0.053874
2026-08-18 22:11:28 | INFO | epoch=023 train_batch=190/392 running_loss=0.053826
2026-08-18 22:11:28 | INFO | epoch=023 train_batch=200/392 running_loss=0.053787
2026-08-18 22:11:29 | INFO | epoch=023 train_batch=210/392 running_loss=0.053633
2026-08-18 22:11:29 | INFO | epoch=023 train_batch=220/392 running_loss=0.053544
2026-08-18 22:11:29 | INFO | epoch=023 train_batch=230/392 running_loss=0.053604
2026-08-18 22:11:30 | INFO | epoch=023 train_batch=240/392 running_loss=0.053539
2026-08-18 22:11:30 | INFO | epoch=023 train_batch=250/392 running_loss=0.053604
2026-08-18 22:11:30 | INFO | epoch=023 train_batch=260/392 running_loss=0.053542
2026-08-18 22:11:30 | INFO | epoch=023 train_batch=270/392 running_loss=0.053549
2026-08-18 22:11:31 | INFO | epoch=023 train_batch=280/392 running_loss=0.053548
2026-08-18 22:11:31 | INFO | epoch=023 train_batch=290/392 running_loss=0.053576
2026-08-18 22:11:31 | INFO | epoch=023 train_batch=300/392 running_loss=0.053502
2026-08-18 22:11:32 | INFO | epoch=023 train_batch=310/392 running_loss=0.053486
2026-08-18 22:11:32 | INFO | epoch=023 train_batch=320/392 running_loss=0.053403
2026-08-18 22:11:32 | INFO | epoch=023 train_batch=330/392 running_loss=0.053430
2026-08-18 22:11:33 | INFO | epoch=023 train_batch=340/392 running_loss=0.053493
2026-08-18 22:11:33 | INFO | epoch=023 train_batch=350/392 running_loss=0.053505
2026-08-18 22:11:33 | INFO | epoch=023 train_batch=360/392 running_loss=0.053526
2026-08-18 22:11:34 | INFO | epoch=023 train_batch=370/392 running_loss=0.053443
2026-08-18 22:11:34 | INFO | epoch=023 train_batch=380/392 running_loss=0.053353
2026-08-18 22:11:34 | INFO | epoch=023 train_batch=390/392 running_loss=0.053236
2026-08-18 22:11:34 | INFO | epoch=023 train_batch=392/392 running_loss=0.053318
2026-08-18 22:11:35 | INFO | epoch=023 train_loss=0.053318 validation_loss=0.275715
2026-08-18 22:11:35 | INFO | epoch=023 saved new best.pt
2026-08-18 22:11:36 | INFO | epoch=024 train_batch=10/392 running_loss=0.050429
2026-08-18 22:11:36 | INFO | epoch=024 train_batch=20/392 running_loss=0.052012
2026-08-18 22:11:36 | INFO | epoch=024 train_batch=30/392 running_loss=0.052061
2026-08-18 22:11:37 | INFO | epoch=024 train_batch=40/392 running_loss=0.051195
2026-08-18 22:11:37 | INFO | epoch=024 train_batch=50/392 running_loss=0.050712
2026-08-18 22:11:37 | INFO | epoch=024 train_batch=60/392 running_loss=0.051066
2026-08-18 22:11:38 | INFO | epoch=024 train_batch=70/392 running_loss=0.051281
2026-08-18 22:11:38 | INFO | epoch=024 train_batch=80/392 running_loss=0.051341
2026-08-18 22:11:38 | INFO | epoch=024 train_batch=90/392 running_loss=0.051630
2026-08-18 22:11:39 | INFO | epoch=024 train_batch=100/392 running_loss=0.051562
2026-08-18 22:11:39 | INFO | epoch=024 train_batch=110/392 running_loss=0.051760
2026-08-18 22:11:39 | INFO | epoch=024 train_batch=120/392 running_loss=0.051745
2026-08-18 22:11:40 | INFO | epoch=024 train_batch=130/392 running_loss=0.051726
2026-08-18 22:11:40 | INFO | epoch=024 train_batch=140/392 running_loss=0.051797
2026-08-18 22:11:40 | INFO | epoch=024 train_batch=150/392 running_loss=0.051945
2026-08-18 22:11:40 | INFO | epoch=024 train_batch=160/392 running_loss=0.051941
2026-08-18 22:11:41 | INFO | epoch=024 train_batch=170/392 running_loss=0.052250
2026-08-18 22:11:41 | INFO | epoch=024 train_batch=180/392 running_loss=0.052274
2026-08-18 22:11:41 | INFO | epoch=024 train_batch=190/392 running_loss=0.052321
2026-08-18 22:11:42 | INFO | epoch=024 train_batch=200/392 running_loss=0.052396
2026-08-18 22:11:42 | INFO | epoch=024 train_batch=210/392 running_loss=0.052441
2026-08-18 22:11:42 | INFO | epoch=024 train_batch=220/392 running_loss=0.052564
2026-08-18 22:11:43 | INFO | epoch=024 train_batch=230/392 running_loss=0.052470
2026-08-18 22:11:43 | INFO | epoch=024 train_batch=240/392 running_loss=0.052572
2026-08-18 22:11:43 | INFO | epoch=024 train_batch=250/392 running_loss=0.052542
2026-08-18 22:11:44 | INFO | epoch=024 train_batch=260/392 running_loss=0.052580
2026-08-18 22:11:44 | INFO | epoch=024 train_batch=270/392 running_loss=0.052505
2026-08-18 22:11:44 | INFO | epoch=024 train_batch=280/392 running_loss=0.052464
2026-08-18 22:11:45 | INFO | epoch=024 train_batch=290/392 running_loss=0.052561
2026-08-18 22:11:45 | INFO | epoch=024 train_batch=300/392 running_loss=0.052373
2026-08-18 22:11:45 | INFO | epoch=024 train_batch=310/392 running_loss=0.052316
2026-08-18 22:11:46 | INFO | epoch=024 train_batch=320/392 running_loss=0.052311
2026-08-18 22:11:46 | INFO | epoch=024 train_batch=330/392 running_loss=0.052347
2026-08-18 22:11:46 | INFO | epoch=024 train_batch=340/392 running_loss=0.052522
2026-08-18 22:11:47 | INFO | epoch=024 train_batch=350/392 running_loss=0.052578
2026-08-18 22:11:47 | INFO | epoch=024 train_batch=360/392 running_loss=0.052621
2026-08-18 22:11:47 | INFO | epoch=024 train_batch=370/392 running_loss=0.052632
2026-08-18 22:11:48 | INFO | epoch=024 train_batch=380/392 running_loss=0.052616
2026-08-18 22:11:48 | INFO | epoch=024 train_batch=390/392 running_loss=0.052609
2026-08-18 22:11:48 | INFO | epoch=024 train_batch=392/392 running_loss=0.052593
2026-08-18 22:11:49 | INFO | epoch=024 train_loss=0.052593 validation_loss=0.284216
2026-08-18 22:11:49 | INFO | epoch=025 train_batch=10/392 running_loss=0.053557
2026-08-18 22:11:50 | INFO | epoch=025 train_batch=20/392 running_loss=0.052331
2026-08-18 22:11:50 | INFO | epoch=025 train_batch=30/392 running_loss=0.051424
2026-08-18 22:11:50 | INFO | epoch=025 train_batch=40/392 running_loss=0.051738
2026-08-18 22:11:51 | INFO | epoch=025 train_batch=50/392 running_loss=0.052563
2026-08-18 22:11:51 | INFO | epoch=025 train_batch=60/392 running_loss=0.052624
2026-08-18 22:11:51 | INFO | epoch=025 train_batch=70/392 running_loss=0.052130
2026-08-18 22:11:52 | INFO | epoch=025 train_batch=80/392 running_loss=0.052410
2026-08-18 22:11:52 | INFO | epoch=025 train_batch=90/392 running_loss=0.052334
2026-08-18 22:11:52 | INFO | epoch=025 train_batch=100/392 running_loss=0.052441
2026-08-18 22:11:52 | INFO | epoch=025 train_batch=110/392 running_loss=0.052300
2026-08-18 22:11:53 | INFO | epoch=025 train_batch=120/392 running_loss=0.052275
2026-08-18 22:11:53 | INFO | epoch=025 train_batch=130/392 running_loss=0.052421
2026-08-18 22:11:53 | INFO | epoch=025 train_batch=140/392 running_loss=0.052666
2026-08-18 22:11:54 | INFO | epoch=025 train_batch=150/392 running_loss=0.052465
2026-08-18 22:11:54 | INFO | epoch=025 train_batch=160/392 running_loss=0.052293
2026-08-18 22:11:54 | INFO | epoch=025 train_batch=170/392 running_loss=0.052154
2026-08-18 22:11:55 | INFO | epoch=025 train_batch=180/392 running_loss=0.052118
2026-08-18 22:11:55 | INFO | epoch=025 train_batch=190/392 running_loss=0.052089
2026-08-18 22:11:55 | INFO | epoch=025 train_batch=200/392 running_loss=0.051957
2026-08-18 22:11:56 | INFO | epoch=025 train_batch=210/392 running_loss=0.052012
2026-08-18 22:11:56 | INFO | epoch=025 train_batch=220/392 running_loss=0.052005
2026-08-18 22:11:56 | INFO | epoch=025 train_batch=230/392 running_loss=0.051889
2026-08-18 22:11:57 | INFO | epoch=025 train_batch=240/392 running_loss=0.051828
2026-08-18 22:11:57 | INFO | epoch=025 train_batch=250/392 running_loss=0.051849
2026-08-18 22:11:57 | INFO | epoch=025 train_batch=260/392 running_loss=0.051796
2026-08-18 22:11:58 | INFO | epoch=025 train_batch=270/392 running_loss=0.051896
2026-08-18 22:11:58 | INFO | epoch=025 train_batch=280/392 running_loss=0.051778
2026-08-18 22:11:58 | INFO | epoch=025 train_batch=290/392 running_loss=0.051911
2026-08-18 22:11:59 | INFO | epoch=025 train_batch=300/392 running_loss=0.051967
2026-08-18 22:11:59 | INFO | epoch=025 train_batch=310/392 running_loss=0.051893
2026-08-18 22:11:59 | INFO | epoch=025 train_batch=320/392 running_loss=0.051823
2026-08-18 22:11:59 | INFO | epoch=025 train_batch=330/392 running_loss=0.051988
2026-08-18 22:12:00 | INFO | epoch=025 train_batch=340/392 running_loss=0.052032
2026-08-18 22:12:00 | INFO | epoch=025 train_batch=350/392 running_loss=0.052134
2026-08-18 22:12:00 | INFO | epoch=025 train_batch=360/392 running_loss=0.052152
2026-08-18 22:12:01 | INFO | epoch=025 train_batch=370/392 running_loss=0.052241
2026-08-18 22:12:01 | INFO | epoch=025 train_batch=380/392 running_loss=0.052258
2026-08-18 22:12:01 | INFO | epoch=025 train_batch=390/392 running_loss=0.052334
2026-08-18 22:12:01 | INFO | epoch=025 train_batch=392/392 running_loss=0.052378
2026-08-18 22:12:02 | INFO | epoch=025 train_loss=0.052378 validation_loss=0.278561
2026-08-18 22:12:03 | INFO | epoch=026 train_batch=10/392 running_loss=0.050176
2026-08-18 22:12:03 | INFO | epoch=026 train_batch=20/392 running_loss=0.052137
2026-08-18 22:12:03 | INFO | epoch=026 train_batch=30/392 running_loss=0.052432
2026-08-18 22:12:04 | INFO | epoch=026 train_batch=40/392 running_loss=0.051970
2026-08-18 22:12:04 | INFO | epoch=026 train_batch=50/392 running_loss=0.052124
2026-08-18 22:12:04 | INFO | epoch=026 train_batch=60/392 running_loss=0.051386
2026-08-18 22:12:05 | INFO | epoch=026 train_batch=70/392 running_loss=0.050862
2026-08-18 22:12:05 | INFO | epoch=026 train_batch=80/392 running_loss=0.051004
2026-08-18 22:12:05 | INFO | epoch=026 train_batch=90/392 running_loss=0.051242
2026-08-18 22:12:06 | INFO | epoch=026 train_batch=100/392 running_loss=0.051705
2026-08-18 22:12:06 | INFO | epoch=026 train_batch=110/392 running_loss=0.051691
2026-08-18 22:12:06 | INFO | epoch=026 train_batch=120/392 running_loss=0.051669
2026-08-18 22:12:07 | INFO | epoch=026 train_batch=130/392 running_loss=0.051733
2026-08-18 22:12:07 | INFO | epoch=026 train_batch=140/392 running_loss=0.051661
2026-08-18 22:12:07 | INFO | epoch=026 train_batch=150/392 running_loss=0.051751
2026-08-18 22:12:08 | INFO | epoch=026 train_batch=160/392 running_loss=0.051623
2026-08-18 22:12:08 | INFO | epoch=026 train_batch=170/392 running_loss=0.051473
2026-08-18 22:12:08 | INFO | epoch=026 train_batch=180/392 running_loss=0.051465
2026-08-18 22:12:08 | INFO | epoch=026 train_batch=190/392 running_loss=0.051368
2026-08-18 22:12:09 | INFO | epoch=026 train_batch=200/392 running_loss=0.051434
2026-08-18 22:12:09 | INFO | epoch=026 train_batch=210/392 running_loss=0.051540
2026-08-18 22:12:09 | INFO | epoch=026 train_batch=220/392 running_loss=0.051567
2026-08-18 22:12:10 | INFO | epoch=026 train_batch=230/392 running_loss=0.051711
2026-08-18 22:12:10 | INFO | epoch=026 train_batch=240/392 running_loss=0.051666
2026-08-18 22:12:10 | INFO | epoch=026 train_batch=250/392 running_loss=0.051560
2026-08-18 22:12:11 | INFO | epoch=026 train_batch=260/392 running_loss=0.051684
2026-08-18 22:12:11 | INFO | epoch=026 train_batch=270/392 running_loss=0.051667
2026-08-18 22:12:11 | INFO | epoch=026 train_batch=280/392 running_loss=0.051660
2026-08-18 22:12:12 | INFO | epoch=026 train_batch=290/392 running_loss=0.051607
2026-08-18 22:12:12 | INFO | epoch=026 train_batch=300/392 running_loss=0.051448
2026-08-18 22:12:12 | INFO | epoch=026 train_batch=310/392 running_loss=0.051464
2026-08-18 22:12:13 | INFO | epoch=026 train_batch=320/392 running_loss=0.051475
2026-08-18 22:12:13 | INFO | epoch=026 train_batch=330/392 running_loss=0.051612
2026-08-18 22:12:13 | INFO | epoch=026 train_batch=340/392 running_loss=0.051676
2026-08-18 22:12:14 | INFO | epoch=026 train_batch=350/392 running_loss=0.051723
2026-08-18 22:12:14 | INFO | epoch=026 train_batch=360/392 running_loss=0.051720
2026-08-18 22:12:14 | INFO | epoch=026 train_batch=370/392 running_loss=0.051639
2026-08-18 22:12:15 | INFO | epoch=026 train_batch=380/392 running_loss=0.051576
2026-08-18 22:12:15 | INFO | epoch=026 train_batch=390/392 running_loss=0.051564
2026-08-18 22:12:15 | INFO | epoch=026 train_batch=392/392 running_loss=0.051533
2026-08-18 22:12:16 | INFO | epoch=026 train_loss=0.051533 validation_loss=0.273254
2026-08-18 22:12:16 | INFO | epoch=026 saved new best.pt
2026-08-18 22:12:16 | INFO | epoch=027 train_batch=10/392 running_loss=0.049538
2026-08-18 22:12:17 | INFO | epoch=027 train_batch=20/392 running_loss=0.050340
2026-08-18 22:12:17 | INFO | epoch=027 train_batch=30/392 running_loss=0.050964
2026-08-18 22:12:17 | INFO | epoch=027 train_batch=40/392 running_loss=0.050413
2026-08-18 22:12:18 | INFO | epoch=027 train_batch=50/392 running_loss=0.050686
2026-08-18 22:12:18 | INFO | epoch=027 train_batch=60/392 running_loss=0.050757
2026-08-18 22:12:18 | INFO | epoch=027 train_batch=70/392 running_loss=0.050663
2026-08-18 22:12:19 | INFO | epoch=027 train_batch=80/392 running_loss=0.050990
2026-08-18 22:12:19 | INFO | epoch=027 train_batch=90/392 running_loss=0.050784
2026-08-18 22:12:19 | INFO | epoch=027 train_batch=100/392 running_loss=0.050928
2026-08-18 22:12:20 | INFO | epoch=027 train_batch=110/392 running_loss=0.050660
2026-08-18 22:12:20 | INFO | epoch=027 train_batch=120/392 running_loss=0.050630
2026-08-18 22:12:20 | INFO | epoch=027 train_batch=130/392 running_loss=0.050932
2026-08-18 22:12:21 | INFO | epoch=027 train_batch=140/392 running_loss=0.051043
2026-08-18 22:12:21 | INFO | epoch=027 train_batch=150/392 running_loss=0.050902
2026-08-18 22:12:21 | INFO | epoch=027 train_batch=160/392 running_loss=0.050654
2026-08-18 22:12:22 | INFO | epoch=027 train_batch=170/392 running_loss=0.050741
2026-08-18 22:12:22 | INFO | epoch=027 train_batch=180/392 running_loss=0.050707
2026-08-18 22:12:22 | INFO | epoch=027 train_batch=190/392 running_loss=0.050777
2026-08-18 22:12:23 | INFO | epoch=027 train_batch=200/392 running_loss=0.050931
2026-08-18 22:12:23 | INFO | epoch=027 train_batch=210/392 running_loss=0.050855
2026-08-18 22:12:23 | INFO | epoch=027 train_batch=220/392 running_loss=0.050818
2026-08-18 22:12:24 | INFO | epoch=027 train_batch=230/392 running_loss=0.050809
2026-08-18 22:12:24 | INFO | epoch=027 train_batch=240/392 running_loss=0.050774
2026-08-18 22:12:24 | INFO | epoch=027 train_batch=250/392 running_loss=0.050920
2026-08-18 22:12:25 | INFO | epoch=027 train_batch=260/392 running_loss=0.051054
2026-08-18 22:12:25 | INFO | epoch=027 train_batch=270/392 running_loss=0.051082
2026-08-18 22:12:25 | INFO | epoch=027 train_batch=280/392 running_loss=0.051127
2026-08-18 22:12:25 | INFO | epoch=027 train_batch=290/392 running_loss=0.051121
2026-08-18 22:12:26 | INFO | epoch=027 train_batch=300/392 running_loss=0.051101
2026-08-18 22:12:26 | INFO | epoch=027 train_batch=310/392 running_loss=0.051205
2026-08-18 22:12:26 | INFO | epoch=027 train_batch=320/392 running_loss=0.051126
2026-08-18 22:12:27 | INFO | epoch=027 train_batch=330/392 running_loss=0.051126
2026-08-18 22:12:27 | INFO | epoch=027 train_batch=340/392 running_loss=0.051112
2026-08-18 22:12:27 | INFO | epoch=027 train_batch=350/392 running_loss=0.051151
2026-08-18 22:12:28 | INFO | epoch=027 train_batch=360/392 running_loss=0.051098
2026-08-18 22:12:28 | INFO | epoch=027 train_batch=370/392 running_loss=0.051109
2026-08-18 22:12:28 | INFO | epoch=027 train_batch=380/392 running_loss=0.051112
2026-08-18 22:12:29 | INFO | epoch=027 train_batch=390/392 running_loss=0.051058
2026-08-18 22:12:29 | INFO | epoch=027 train_batch=392/392 running_loss=0.051056
2026-08-18 22:12:30 | INFO | epoch=027 train_loss=0.051056 validation_loss=0.266103
2026-08-18 22:12:30 | INFO | epoch=027 saved new best.pt
2026-08-18 22:12:30 | INFO | epoch=028 train_batch=10/392 running_loss=0.053480
2026-08-18 22:12:30 | INFO | epoch=028 train_batch=20/392 running_loss=0.052226
2026-08-18 22:12:31 | INFO | epoch=028 train_batch=30/392 running_loss=0.049809
2026-08-18 22:12:31 | INFO | epoch=028 train_batch=40/392 running_loss=0.050900
2026-08-18 22:12:31 | INFO | epoch=028 train_batch=50/392 running_loss=0.050795
2026-08-18 22:12:32 | INFO | epoch=028 train_batch=60/392 running_loss=0.051364
2026-08-18 22:12:32 | INFO | epoch=028 train_batch=70/392 running_loss=0.051150
2026-08-18 22:12:32 | INFO | epoch=028 train_batch=80/392 running_loss=0.051795
2026-08-18 22:12:33 | INFO | epoch=028 train_batch=90/392 running_loss=0.051923
2026-08-18 22:12:33 | INFO | epoch=028 train_batch=100/392 running_loss=0.051880
2026-08-18 22:12:33 | INFO | epoch=028 train_batch=110/392 running_loss=0.051756
2026-08-18 22:12:34 | INFO | epoch=028 train_batch=120/392 running_loss=0.051492
2026-08-18 22:12:34 | INFO | epoch=028 train_batch=130/392 running_loss=0.051473
2026-08-18 22:12:34 | INFO | epoch=028 train_batch=140/392 running_loss=0.051550
2026-08-18 22:12:35 | INFO | epoch=028 train_batch=150/392 running_loss=0.051376
2026-08-18 22:12:35 | INFO | epoch=028 train_batch=160/392 running_loss=0.051419
2026-08-18 22:12:35 | INFO | epoch=028 train_batch=170/392 running_loss=0.051169
2026-08-18 22:12:36 | INFO | epoch=028 train_batch=180/392 running_loss=0.051039
2026-08-18 22:12:36 | INFO | epoch=028 train_batch=190/392 running_loss=0.050892
2026-08-18 22:12:36 | INFO | epoch=028 train_batch=200/392 running_loss=0.050700
2026-08-18 22:12:37 | INFO | epoch=028 train_batch=210/392 running_loss=0.050627
2026-08-18 22:12:37 | INFO | epoch=028 train_batch=220/392 running_loss=0.050742
2026-08-18 22:12:37 | INFO | epoch=028 train_batch=230/392 running_loss=0.050649
2026-08-18 22:12:38 | INFO | epoch=028 train_batch=240/392 running_loss=0.050647
2026-08-18 22:12:38 | INFO | epoch=028 train_batch=250/392 running_loss=0.050654
2026-08-18 22:12:38 | INFO | epoch=028 train_batch=260/392 running_loss=0.050791
2026-08-18 22:12:39 | INFO | epoch=028 train_batch=270/392 running_loss=0.050858
2026-08-18 22:12:39 | INFO | epoch=028 train_batch=280/392 running_loss=0.050817
2026-08-18 22:12:39 | INFO | epoch=028 train_batch=290/392 running_loss=0.050735
2026-08-18 22:12:40 | INFO | epoch=028 train_batch=300/392 running_loss=0.050785
2026-08-18 22:12:40 | INFO | epoch=028 train_batch=310/392 running_loss=0.050888
2026-08-18 22:12:40 | INFO | epoch=028 train_batch=320/392 running_loss=0.050990
2026-08-18 22:12:41 | INFO | epoch=028 train_batch=330/392 running_loss=0.050977
2026-08-18 22:12:41 | INFO | epoch=028 train_batch=340/392 running_loss=0.051038
2026-08-18 22:12:41 | INFO | epoch=028 train_batch=350/392 running_loss=0.050943
2026-08-18 22:12:42 | INFO | epoch=028 train_batch=360/392 running_loss=0.050906
2026-08-18 22:12:42 | INFO | epoch=028 train_batch=370/392 running_loss=0.050921
2026-08-18 22:12:42 | INFO | epoch=028 train_batch=380/392 running_loss=0.050890
2026-08-18 22:12:43 | INFO | epoch=028 train_batch=390/392 running_loss=0.050855
2026-08-18 22:12:43 | INFO | epoch=028 train_batch=392/392 running_loss=0.050819
2026-08-18 22:12:44 | INFO | epoch=028 train_loss=0.050819 validation_loss=0.268063
2026-08-18 22:12:44 | INFO | epoch=029 train_batch=10/392 running_loss=0.051317
2026-08-18 22:12:44 | INFO | epoch=029 train_batch=20/392 running_loss=0.052301
2026-08-18 22:12:45 | INFO | epoch=029 train_batch=30/392 running_loss=0.050315
2026-08-18 22:12:45 | INFO | epoch=029 train_batch=40/392 running_loss=0.049717
2026-08-18 22:12:45 | INFO | epoch=029 train_batch=50/392 running_loss=0.049078
2026-08-18 22:12:46 | INFO | epoch=029 train_batch=60/392 running_loss=0.049072
2026-08-18 22:12:46 | INFO | epoch=029 train_batch=70/392 running_loss=0.049570
2026-08-18 22:12:46 | INFO | epoch=029 train_batch=80/392 running_loss=0.050011
2026-08-18 22:12:47 | INFO | epoch=029 train_batch=90/392 running_loss=0.049919
2026-08-18 22:12:47 | INFO | epoch=029 train_batch=100/392 running_loss=0.050130
2026-08-18 22:12:47 | INFO | epoch=029 train_batch=110/392 running_loss=0.050233
2026-08-18 22:12:48 | INFO | epoch=029 train_batch=120/392 running_loss=0.049997
2026-08-18 22:12:48 | INFO | epoch=029 train_batch=130/392 running_loss=0.049565
2026-08-18 22:12:48 | INFO | epoch=029 train_batch=140/392 running_loss=0.049688
2026-08-18 22:12:49 | INFO | epoch=029 train_batch=150/392 running_loss=0.049698
2026-08-18 22:12:49 | INFO | epoch=029 train_batch=160/392 running_loss=0.049514
2026-08-18 22:12:49 | INFO | epoch=029 train_batch=170/392 running_loss=0.049592
2026-08-18 22:12:49 | INFO | epoch=029 train_batch=180/392 running_loss=0.049592
2026-08-18 22:12:50 | INFO | epoch=029 train_batch=190/392 running_loss=0.049703
2026-08-18 22:12:50 | INFO | epoch=029 train_batch=200/392 running_loss=0.049822
2026-08-18 22:12:50 | INFO | epoch=029 train_batch=210/392 running_loss=0.049806
2026-08-18 22:12:51 | INFO | epoch=029 train_batch=220/392 running_loss=0.049859
2026-08-18 22:12:51 | INFO | epoch=029 train_batch=230/392 running_loss=0.049764
2026-08-18 22:12:51 | INFO | epoch=029 train_batch=240/392 running_loss=0.049718
2026-08-18 22:12:52 | INFO | epoch=029 train_batch=250/392 running_loss=0.049572
2026-08-18 22:12:52 | INFO | epoch=029 train_batch=260/392 running_loss=0.049598
2026-08-18 22:12:52 | INFO | epoch=029 train_batch=270/392 running_loss=0.049637
2026-08-18 22:12:53 | INFO | epoch=029 train_batch=280/392 running_loss=0.049644
2026-08-18 22:12:53 | INFO | epoch=029 train_batch=290/392 running_loss=0.049585
2026-08-18 22:12:53 | INFO | epoch=029 train_batch=300/392 running_loss=0.049588
2026-08-18 22:12:54 | INFO | epoch=029 train_batch=310/392 running_loss=0.049783
2026-08-18 22:12:54 | INFO | epoch=029 train_batch=320/392 running_loss=0.049800
2026-08-18 22:12:54 | INFO | epoch=029 train_batch=330/392 running_loss=0.049867
2026-08-18 22:12:55 | INFO | epoch=029 train_batch=340/392 running_loss=0.049902
2026-08-18 22:12:55 | INFO | epoch=029 train_batch=350/392 running_loss=0.049904
2026-08-18 22:12:55 | INFO | epoch=029 train_batch=360/392 running_loss=0.049840
2026-08-18 22:12:56 | INFO | epoch=029 train_batch=370/392 running_loss=0.049928
2026-08-18 22:12:56 | INFO | epoch=029 train_batch=380/392 running_loss=0.049946
2026-08-18 22:12:56 | INFO | epoch=029 train_batch=390/392 running_loss=0.049991
2026-08-18 22:12:56 | INFO | epoch=029 train_batch=392/392 running_loss=0.050003
2026-08-18 22:12:57 | INFO | epoch=029 train_loss=0.050003 validation_loss=0.264408
2026-08-18 22:12:57 | INFO | epoch=029 saved new best.pt
2026-08-18 22:12:58 | INFO | epoch=030 train_batch=10/392 running_loss=0.055295
2026-08-18 22:12:58 | INFO | epoch=030 train_batch=20/392 running_loss=0.051779
2026-08-18 22:12:58 | INFO | epoch=030 train_batch=30/392 running_loss=0.050046
2026-08-18 22:12:59 | INFO | epoch=030 train_batch=40/392 running_loss=0.049184
2026-08-18 22:12:59 | INFO | epoch=030 train_batch=50/392 running_loss=0.048383
2026-08-18 22:12:59 | INFO | epoch=030 train_batch=60/392 running_loss=0.048317
2026-08-18 22:13:00 | INFO | epoch=030 train_batch=70/392 running_loss=0.048850
2026-08-18 22:13:00 | INFO | epoch=030 train_batch=80/392 running_loss=0.048571
2026-08-18 22:13:00 | INFO | epoch=030 train_batch=90/392 running_loss=0.049044
2026-08-18 22:13:01 | INFO | epoch=030 train_batch=100/392 running_loss=0.049079
2026-08-18 22:13:01 | INFO | epoch=030 train_batch=110/392 running_loss=0.048777
2026-08-18 22:13:01 | INFO | epoch=030 train_batch=120/392 running_loss=0.048675
2026-08-18 22:13:02 | INFO | epoch=030 train_batch=130/392 running_loss=0.048883
2026-08-18 22:13:02 | INFO | epoch=030 train_batch=140/392 running_loss=0.048860
2026-08-18 22:13:02 | INFO | epoch=030 train_batch=150/392 running_loss=0.049172
2026-08-18 22:13:03 | INFO | epoch=030 train_batch=160/392 running_loss=0.049119
2026-08-18 22:13:03 | INFO | epoch=030 train_batch=170/392 running_loss=0.049118
2026-08-18 22:13:03 | INFO | epoch=030 train_batch=180/392 running_loss=0.049155
2026-08-18 22:13:04 | INFO | epoch=030 train_batch=190/392 running_loss=0.049294
2026-08-18 22:13:04 | INFO | epoch=030 train_batch=200/392 running_loss=0.049413
2026-08-18 22:13:04 | INFO | epoch=030 train_batch=210/392 running_loss=0.049575
2026-08-18 22:13:04 | INFO | epoch=030 train_batch=220/392 running_loss=0.049477
2026-08-18 22:13:05 | INFO | epoch=030 train_batch=230/392 running_loss=0.049490
2026-08-18 22:13:05 | INFO | epoch=030 train_batch=240/392 running_loss=0.049557
2026-08-18 22:13:05 | INFO | epoch=030 train_batch=250/392 running_loss=0.049600
2026-08-18 22:13:06 | INFO | epoch=030 train_batch=260/392 running_loss=0.049647
2026-08-18 22:13:06 | INFO | epoch=030 train_batch=270/392 running_loss=0.049598
2026-08-18 22:13:06 | INFO | epoch=030 train_batch=280/392 running_loss=0.049699
2026-08-18 22:13:07 | INFO | epoch=030 train_batch=290/392 running_loss=0.049766
2026-08-18 22:13:07 | INFO | epoch=030 train_batch=300/392 running_loss=0.049816
2026-08-18 22:13:07 | INFO | epoch=030 train_batch=310/392 running_loss=0.049901
2026-08-18 22:13:08 | INFO | epoch=030 train_batch=320/392 running_loss=0.050025
2026-08-18 22:13:08 | INFO | epoch=030 train_batch=330/392 running_loss=0.050089
2026-08-18 22:13:08 | INFO | epoch=030 train_batch=340/392 running_loss=0.050007
2026-08-18 22:13:09 | INFO | epoch=030 train_batch=350/392 running_loss=0.049931
2026-08-18 22:13:09 | INFO | epoch=030 train_batch=360/392 running_loss=0.049908
2026-08-18 22:13:09 | INFO | epoch=030 train_batch=370/392 running_loss=0.049958
2026-08-18 22:13:10 | INFO | epoch=030 train_batch=380/392 running_loss=0.049955
2026-08-18 22:13:10 | INFO | epoch=030 train_batch=390/392 running_loss=0.049900
2026-08-18 22:13:10 | INFO | epoch=030 train_batch=392/392 running_loss=0.049945
2026-08-18 22:13:11 | INFO | epoch=030 train_loss=0.049945 validation_loss=0.261273
2026-08-18 22:13:11 | INFO | epoch=030 saved new best.pt
2026-08-18 22:13:12 | INFO | epoch=031 train_batch=10/392 running_loss=0.050115
2026-08-18 22:13:12 | INFO | epoch=031 train_batch=20/392 running_loss=0.051299
2026-08-18 22:13:12 | INFO | epoch=031 train_batch=30/392 running_loss=0.050708
2026-08-18 22:13:12 | INFO | epoch=031 train_batch=40/392 running_loss=0.049362
2026-08-18 22:13:13 | INFO | epoch=031 train_batch=50/392 running_loss=0.049073
2026-08-18 22:13:13 | INFO | epoch=031 train_batch=60/392 running_loss=0.048601
2026-08-18 22:13:13 | INFO | epoch=031 train_batch=70/392 running_loss=0.048565
2026-08-18 22:13:14 | INFO | epoch=031 train_batch=80/392 running_loss=0.048688
2026-08-18 22:13:14 | INFO | epoch=031 train_batch=90/392 running_loss=0.048588
2026-08-18 22:13:14 | INFO | epoch=031 train_batch=100/392 running_loss=0.048542
2026-08-18 22:13:15 | INFO | epoch=031 train_batch=110/392 running_loss=0.048691
2026-08-18 22:13:15 | INFO | epoch=031 train_batch=120/392 running_loss=0.048774
2026-08-18 22:13:15 | INFO | epoch=031 train_batch=130/392 running_loss=0.049019
2026-08-18 22:13:16 | INFO | epoch=031 train_batch=140/392 running_loss=0.048997
2026-08-18 22:13:16 | INFO | epoch=031 train_batch=150/392 running_loss=0.049156
2026-08-18 22:13:16 | INFO | epoch=031 train_batch=160/392 running_loss=0.049093
2026-08-18 22:13:17 | INFO | epoch=031 train_batch=170/392 running_loss=0.049225
2026-08-18 22:13:17 | INFO | epoch=031 train_batch=180/392 running_loss=0.049285
2026-08-18 22:13:17 | INFO | epoch=031 train_batch=190/392 running_loss=0.049236
2026-08-18 22:13:18 | INFO | epoch=031 train_batch=200/392 running_loss=0.049251
2026-08-18 22:13:18 | INFO | epoch=031 train_batch=210/392 running_loss=0.049518
2026-08-18 22:13:18 | INFO | epoch=031 train_batch=220/392 running_loss=0.049402
2026-08-18 22:13:19 | INFO | epoch=031 train_batch=230/392 running_loss=0.049341
2026-08-18 22:13:19 | INFO | epoch=031 train_batch=240/392 running_loss=0.049422
2026-08-18 22:13:19 | INFO | epoch=031 train_batch=250/392 running_loss=0.049399
2026-08-18 22:13:20 | INFO | epoch=031 train_batch=260/392 running_loss=0.049404
2026-08-18 22:13:20 | INFO | epoch=031 train_batch=270/392 running_loss=0.049445
2026-08-18 22:13:20 | INFO | epoch=031 train_batch=280/392 running_loss=0.049324
2026-08-18 22:13:21 | INFO | epoch=031 train_batch=290/392 running_loss=0.049297
2026-08-18 22:13:21 | INFO | epoch=031 train_batch=300/392 running_loss=0.049281
2026-08-18 22:13:21 | INFO | epoch=031 train_batch=310/392 running_loss=0.049296
2026-08-18 22:13:21 | INFO | epoch=031 train_batch=320/392 running_loss=0.049359
2026-08-18 22:13:22 | INFO | epoch=031 train_batch=330/392 running_loss=0.049404
2026-08-18 22:13:22 | INFO | epoch=031 train_batch=340/392 running_loss=0.049323
2026-08-18 22:13:22 | INFO | epoch=031 train_batch=350/392 running_loss=0.049388
2026-08-18 22:13:23 | INFO | epoch=031 train_batch=360/392 running_loss=0.049437
2026-08-18 22:13:23 | INFO | epoch=031 train_batch=370/392 running_loss=0.049531
2026-08-18 22:13:23 | INFO | epoch=031 train_batch=380/392 running_loss=0.049556
2026-08-18 22:13:24 | INFO | epoch=031 train_batch=390/392 running_loss=0.049512
2026-08-18 22:13:24 | INFO | epoch=031 train_batch=392/392 running_loss=0.049533
2026-08-18 22:13:25 | INFO | epoch=031 train_loss=0.049533 validation_loss=0.261227
2026-08-18 22:13:25 | INFO | epoch=031 saved new best.pt
2026-08-18 22:13:25 | INFO | epoch=032 train_batch=10/392 running_loss=0.048681
2026-08-18 22:13:25 | INFO | epoch=032 train_batch=20/392 running_loss=0.052181
2026-08-18 22:13:26 | INFO | epoch=032 train_batch=30/392 running_loss=0.051056
2026-08-18 22:13:26 | INFO | epoch=032 train_batch=40/392 running_loss=0.049915
2026-08-18 22:13:26 | INFO | epoch=032 train_batch=50/392 running_loss=0.049721
2026-08-18 22:13:27 | INFO | epoch=032 train_batch=60/392 running_loss=0.049462
2026-08-18 22:13:27 | INFO | epoch=032 train_batch=70/392 running_loss=0.049263
2026-08-18 22:13:27 | INFO | epoch=032 train_batch=80/392 running_loss=0.048872
2026-08-18 22:13:28 | INFO | epoch=032 train_batch=90/392 running_loss=0.048698
2026-08-18 22:13:28 | INFO | epoch=032 train_batch=100/392 running_loss=0.048697
2026-08-18 22:13:28 | INFO | epoch=032 train_batch=110/392 running_loss=0.049017
2026-08-18 22:13:29 | INFO | epoch=032 train_batch=120/392 running_loss=0.048964
2026-08-18 22:13:29 | INFO | epoch=032 train_batch=130/392 running_loss=0.048924
2026-08-18 22:13:29 | INFO | epoch=032 train_batch=140/392 running_loss=0.048843
2026-08-18 22:13:30 | INFO | epoch=032 train_batch=150/392 running_loss=0.048827
2026-08-18 22:13:30 | INFO | epoch=032 train_batch=160/392 running_loss=0.049070
2026-08-18 22:13:30 | INFO | epoch=032 train_batch=170/392 running_loss=0.048905
2026-08-18 22:13:31 | INFO | epoch=032 train_batch=180/392 running_loss=0.048833
2026-08-18 22:13:31 | INFO | epoch=032 train_batch=190/392 running_loss=0.048736
2026-08-18 22:13:31 | INFO | epoch=032 train_batch=200/392 running_loss=0.049146
2026-08-18 22:13:32 | INFO | epoch=032 train_batch=210/392 running_loss=0.049089
2026-08-18 22:13:32 | INFO | epoch=032 train_batch=220/392 running_loss=0.049017
2026-08-18 22:13:32 | INFO | epoch=032 train_batch=230/392 running_loss=0.048952
2026-08-18 22:13:33 | INFO | epoch=032 train_batch=240/392 running_loss=0.048849
2026-08-18 22:13:33 | INFO | epoch=032 train_batch=250/392 running_loss=0.048906
2026-08-18 22:13:33 | INFO | epoch=032 train_batch=260/392 running_loss=0.048837
2026-08-18 22:13:34 | INFO | epoch=032 train_batch=270/392 running_loss=0.048920
2026-08-18 22:13:34 | INFO | epoch=032 train_batch=280/392 running_loss=0.048821
2026-08-18 22:13:34 | INFO | epoch=032 train_batch=290/392 running_loss=0.048787
2026-08-18 22:13:35 | INFO | epoch=032 train_batch=300/392 running_loss=0.048842
2026-08-18 22:13:35 | INFO | epoch=032 train_batch=310/392 running_loss=0.048746
2026-08-18 22:13:35 | INFO | epoch=032 train_batch=320/392 running_loss=0.048734
2026-08-18 22:13:36 | INFO | epoch=032 train_batch=330/392 running_loss=0.048785
2026-08-18 22:13:36 | INFO | epoch=032 train_batch=340/392 running_loss=0.048774
2026-08-18 22:13:36 | INFO | epoch=032 train_batch=350/392 running_loss=0.048729
2026-08-18 22:13:37 | INFO | epoch=032 train_batch=360/392 running_loss=0.048702
2026-08-18 22:13:37 | INFO | epoch=032 train_batch=370/392 running_loss=0.048705
2026-08-18 22:13:37 | INFO | epoch=032 train_batch=380/392 running_loss=0.048750
2026-08-18 22:13:38 | INFO | epoch=032 train_batch=390/392 running_loss=0.048768
2026-08-18 22:13:38 | INFO | epoch=032 train_batch=392/392 running_loss=0.048788
2026-08-18 22:13:39 | INFO | epoch=032 train_loss=0.048788 validation_loss=0.261780
2026-08-18 22:13:39 | INFO | epoch=033 train_batch=10/392 running_loss=0.050574
2026-08-18 22:13:39 | INFO | epoch=033 train_batch=20/392 running_loss=0.050282
2026-08-18 22:13:40 | INFO | epoch=033 train_batch=30/392 running_loss=0.050815
2026-08-18 22:13:40 | INFO | epoch=033 train_batch=40/392 running_loss=0.050257
2026-08-18 22:13:40 | INFO | epoch=033 train_batch=50/392 running_loss=0.050482
2026-08-18 22:13:41 | INFO | epoch=033 train_batch=60/392 running_loss=0.050178
2026-08-18 22:13:41 | INFO | epoch=033 train_batch=70/392 running_loss=0.049682
2026-08-18 22:13:41 | INFO | epoch=033 train_batch=80/392 running_loss=0.049346
2026-08-18 22:13:42 | INFO | epoch=033 train_batch=90/392 running_loss=0.049237
2026-08-18 22:13:42 | INFO | epoch=033 train_batch=100/392 running_loss=0.049137
2026-08-18 22:13:42 | INFO | epoch=033 train_batch=110/392 running_loss=0.049058
2026-08-18 22:13:43 | INFO | epoch=033 train_batch=120/392 running_loss=0.048918
2026-08-18 22:13:43 | INFO | epoch=033 train_batch=130/392 running_loss=0.048996
2026-08-18 22:13:43 | INFO | epoch=033 train_batch=140/392 running_loss=0.048918
2026-08-18 22:13:44 | INFO | epoch=033 train_batch=150/392 running_loss=0.048974
2026-08-18 22:13:44 | INFO | epoch=033 train_batch=160/392 running_loss=0.048696
2026-08-18 22:13:44 | INFO | epoch=033 train_batch=170/392 running_loss=0.048998
2026-08-18 22:13:45 | INFO | epoch=033 train_batch=180/392 running_loss=0.048708
2026-08-18 22:13:45 | INFO | epoch=033 train_batch=190/392 running_loss=0.048708
2026-08-18 22:13:45 | INFO | epoch=033 train_batch=200/392 running_loss=0.048691
2026-08-18 22:13:46 | INFO | epoch=033 train_batch=210/392 running_loss=0.048702
2026-08-18 22:13:46 | INFO | epoch=033 train_batch=220/392 running_loss=0.048751
2026-08-18 22:13:46 | INFO | epoch=033 train_batch=230/392 running_loss=0.048786
2026-08-18 22:13:47 | INFO | epoch=033 train_batch=240/392 running_loss=0.048738
2026-08-18 22:13:47 | INFO | epoch=033 train_batch=250/392 running_loss=0.048835
2026-08-18 22:13:47 | INFO | epoch=033 train_batch=260/392 running_loss=0.048716
2026-08-18 22:13:48 | INFO | epoch=033 train_batch=270/392 running_loss=0.048668
2026-08-18 22:13:48 | INFO | epoch=033 train_batch=280/392 running_loss=0.048654
2026-08-18 22:13:48 | INFO | epoch=033 train_batch=290/392 running_loss=0.048772
2026-08-18 22:13:49 | INFO | epoch=033 train_batch=300/392 running_loss=0.048746
2026-08-18 22:13:49 | INFO | epoch=033 train_batch=310/392 running_loss=0.048795
2026-08-18 22:13:49 | INFO | epoch=033 train_batch=320/392 running_loss=0.048785
2026-08-18 22:13:50 | INFO | epoch=033 train_batch=330/392 running_loss=0.048717
2026-08-18 22:13:50 | INFO | epoch=033 train_batch=340/392 running_loss=0.048683
2026-08-18 22:13:50 | INFO | epoch=033 train_batch=350/392 running_loss=0.048602
2026-08-18 22:13:51 | INFO | epoch=033 train_batch=360/392 running_loss=0.048580
2026-08-18 22:13:51 | INFO | epoch=033 train_batch=370/392 running_loss=0.048561
2026-08-18 22:13:51 | INFO | epoch=033 train_batch=380/392 running_loss=0.048506
2026-08-18 22:13:52 | INFO | epoch=033 train_batch=390/392 running_loss=0.048567
2026-08-18 22:13:52 | INFO | epoch=033 train_batch=392/392 running_loss=0.048554
2026-08-18 22:13:53 | INFO | epoch=033 train_loss=0.048554 validation_loss=0.259510
2026-08-18 22:13:53 | INFO | epoch=033 saved new best.pt
2026-08-18 22:13:53 | INFO | epoch=034 train_batch=10/392 running_loss=0.046879
2026-08-18 22:13:53 | INFO | epoch=034 train_batch=20/392 running_loss=0.048609
2026-08-18 22:13:54 | INFO | epoch=034 train_batch=30/392 running_loss=0.048574
2026-08-18 22:13:54 | INFO | epoch=034 train_batch=40/392 running_loss=0.048455
2026-08-18 22:13:55 | INFO | epoch=034 train_batch=50/392 running_loss=0.047698
2026-08-18 22:13:55 | INFO | epoch=034 train_batch=60/392 running_loss=0.047218
2026-08-18 22:13:55 | INFO | epoch=034 train_batch=70/392 running_loss=0.047135
2026-08-18 22:13:56 | INFO | epoch=034 train_batch=80/392 running_loss=0.046831
2026-08-18 22:13:56 | INFO | epoch=034 train_batch=90/392 running_loss=0.047291
2026-08-18 22:13:56 | INFO | epoch=034 train_batch=100/392 running_loss=0.047352
2026-08-18 22:13:57 | INFO | epoch=034 train_batch=110/392 running_loss=0.047219
2026-08-18 22:13:57 | INFO | epoch=034 train_batch=120/392 running_loss=0.047547
2026-08-18 22:13:57 | INFO | epoch=034 train_batch=130/392 running_loss=0.047494
2026-08-18 22:13:58 | INFO | epoch=034 train_batch=140/392 running_loss=0.047686
2026-08-18 22:13:58 | INFO | epoch=034 train_batch=150/392 running_loss=0.047722
2026-08-18 22:13:58 | INFO | epoch=034 train_batch=160/392 running_loss=0.047564
2026-08-18 22:13:59 | INFO | epoch=034 train_batch=170/392 running_loss=0.047634
2026-08-18 22:13:59 | INFO | epoch=034 train_batch=180/392 running_loss=0.047579
2026-08-18 22:13:59 | INFO | epoch=034 train_batch=190/392 running_loss=0.047505
2026-08-18 22:14:00 | INFO | epoch=034 train_batch=200/392 running_loss=0.047491
2026-08-18 22:14:00 | INFO | epoch=034 train_batch=210/392 running_loss=0.047413
2026-08-18 22:14:00 | INFO | epoch=034 train_batch=220/392 running_loss=0.047553
2026-08-18 22:14:01 | INFO | epoch=034 train_batch=230/392 running_loss=0.047746
2026-08-18 22:14:01 | INFO | epoch=034 train_batch=240/392 running_loss=0.047824
2026-08-18 22:14:01 | INFO | epoch=034 train_batch=250/392 running_loss=0.047856
2026-08-18 22:14:02 | INFO | epoch=034 train_batch=260/392 running_loss=0.047990
2026-08-18 22:14:02 | INFO | epoch=034 train_batch=270/392 running_loss=0.047984
2026-08-18 22:14:02 | INFO | epoch=034 train_batch=280/392 running_loss=0.048089
2026-08-18 22:14:03 | INFO | epoch=034 train_batch=290/392 running_loss=0.048088
2026-08-18 22:14:03 | INFO | epoch=034 train_batch=300/392 running_loss=0.048157
2026-08-18 22:14:03 | INFO | epoch=034 train_batch=310/392 running_loss=0.048132
2026-08-18 22:14:04 | INFO | epoch=034 train_batch=320/392 running_loss=0.048131
2026-08-18 22:14:04 | INFO | epoch=034 train_batch=330/392 running_loss=0.048240
2026-08-18 22:14:04 | INFO | epoch=034 train_batch=340/392 running_loss=0.048362
2026-08-18 22:14:05 | INFO | epoch=034 train_batch=350/392 running_loss=0.048253
2026-08-18 22:14:05 | INFO | epoch=034 train_batch=360/392 running_loss=0.048237
2026-08-18 22:14:05 | INFO | epoch=034 train_batch=370/392 running_loss=0.048227
2026-08-18 22:14:06 | INFO | epoch=034 train_batch=380/392 running_loss=0.048188
2026-08-18 22:14:06 | INFO | epoch=034 train_batch=390/392 running_loss=0.048237
2026-08-18 22:14:06 | INFO | epoch=034 train_batch=392/392 running_loss=0.048275
2026-08-18 22:14:07 | INFO | epoch=034 train_loss=0.048275 validation_loss=0.261096
2026-08-18 22:14:07 | INFO | epoch=035 train_batch=10/392 running_loss=0.045072
2026-08-18 22:14:08 | INFO | epoch=035 train_batch=20/392 running_loss=0.045354
2026-08-18 22:14:08 | INFO | epoch=035 train_batch=30/392 running_loss=0.047007
2026-08-18 22:14:08 | INFO | epoch=035 train_batch=40/392 running_loss=0.046672
2026-08-18 22:14:09 | INFO | epoch=035 train_batch=50/392 running_loss=0.047052
2026-08-18 22:14:09 | INFO | epoch=035 train_batch=60/392 running_loss=0.046806
2026-08-18 22:14:09 | INFO | epoch=035 train_batch=70/392 running_loss=0.046684
2026-08-18 22:14:10 | INFO | epoch=035 train_batch=80/392 running_loss=0.046493
2026-08-18 22:14:10 | INFO | epoch=035 train_batch=90/392 running_loss=0.046766
2026-08-18 22:14:10 | INFO | epoch=035 train_batch=100/392 running_loss=0.047013
2026-08-18 22:14:11 | INFO | epoch=035 train_batch=110/392 running_loss=0.047313
2026-08-18 22:14:11 | INFO | epoch=035 train_batch=120/392 running_loss=0.047274
2026-08-18 22:14:11 | INFO | epoch=035 train_batch=130/392 running_loss=0.047658
2026-08-18 22:14:12 | INFO | epoch=035 train_batch=140/392 running_loss=0.047551
2026-08-18 22:14:12 | INFO | epoch=035 train_batch=150/392 running_loss=0.047604
2026-08-18 22:14:13 | INFO | epoch=035 train_batch=160/392 running_loss=0.047500
2026-08-18 22:14:13 | INFO | epoch=035 train_batch=170/392 running_loss=0.047340
2026-08-18 22:14:13 | INFO | epoch=035 train_batch=180/392 running_loss=0.047252
2026-08-18 22:14:14 | INFO | epoch=035 train_batch=190/392 running_loss=0.047226
2026-08-18 22:14:14 | INFO | epoch=035 train_batch=200/392 running_loss=0.047257
2026-08-18 22:14:14 | INFO | epoch=035 train_batch=210/392 running_loss=0.047345
2026-08-18 22:14:14 | INFO | epoch=035 train_batch=220/392 running_loss=0.047442
2026-08-18 22:14:15 | INFO | epoch=035 train_batch=230/392 running_loss=0.047475
2026-08-18 22:14:15 | INFO | epoch=035 train_batch=240/392 running_loss=0.047679
2026-08-18 22:14:16 | INFO | epoch=035 train_batch=250/392 running_loss=0.047787
2026-08-18 22:14:16 | INFO | epoch=035 train_batch=260/392 running_loss=0.047827
2026-08-18 22:14:16 | INFO | epoch=035 train_batch=270/392 running_loss=0.047867
2026-08-18 22:14:17 | INFO | epoch=035 train_batch=280/392 running_loss=0.047830
2026-08-18 22:14:17 | INFO | epoch=035 train_batch=290/392 running_loss=0.047785
2026-08-18 22:14:17 | INFO | epoch=035 train_batch=300/392 running_loss=0.047806
2026-08-18 22:14:18 | INFO | epoch=035 train_batch=310/392 running_loss=0.047805
2026-08-18 22:14:18 | INFO | epoch=035 train_batch=320/392 running_loss=0.047748
2026-08-18 22:14:18 | INFO | epoch=035 train_batch=330/392 running_loss=0.047745
2026-08-18 22:14:19 | INFO | epoch=035 train_batch=340/392 running_loss=0.047752
2026-08-18 22:14:19 | INFO | epoch=035 train_batch=350/392 running_loss=0.047710
2026-08-18 22:14:19 | INFO | epoch=035 train_batch=360/392 running_loss=0.047731
2026-08-18 22:14:20 | INFO | epoch=035 train_batch=370/392 running_loss=0.047802
2026-08-18 22:14:20 | INFO | epoch=035 train_batch=380/392 running_loss=0.047821
2026-08-18 22:14:20 | INFO | epoch=035 train_batch=390/392 running_loss=0.047888
2026-08-18 22:14:20 | INFO | epoch=035 train_batch=392/392 running_loss=0.047927
2026-08-18 22:14:21 | INFO | epoch=035 train_loss=0.047927 validation_loss=0.254214
2026-08-18 22:14:21 | INFO | epoch=035 saved new best.pt
2026-08-18 22:14:22 | INFO | epoch=036 train_batch=10/392 running_loss=0.049697
2026-08-18 22:14:22 | INFO | epoch=036 train_batch=20/392 running_loss=0.049923
2026-08-18 22:14:22 | INFO | epoch=036 train_batch=30/392 running_loss=0.048977
2026-08-18 22:14:23 | INFO | epoch=036 train_batch=40/392 running_loss=0.048893
2026-08-18 22:14:23 | INFO | epoch=036 train_batch=50/392 running_loss=0.049280
2026-08-18 22:14:23 | INFO | epoch=036 train_batch=60/392 running_loss=0.049230
2026-08-18 22:14:24 | INFO | epoch=036 train_batch=70/392 running_loss=0.048847
2026-08-18 22:14:24 | INFO | epoch=036 train_batch=80/392 running_loss=0.048761
2026-08-18 22:14:24 | INFO | epoch=036 train_batch=90/392 running_loss=0.048729
2026-08-18 22:14:25 | INFO | epoch=036 train_batch=100/392 running_loss=0.048450
2026-08-18 22:14:25 | INFO | epoch=036 train_batch=110/392 running_loss=0.048127
2026-08-18 22:14:25 | INFO | epoch=036 train_batch=120/392 running_loss=0.047767
2026-08-18 22:14:26 | INFO | epoch=036 train_batch=130/392 running_loss=0.047909
2026-08-18 22:14:26 | INFO | epoch=036 train_batch=140/392 running_loss=0.047733
2026-08-18 22:14:26 | INFO | epoch=036 train_batch=150/392 running_loss=0.047734
2026-08-18 22:14:27 | INFO | epoch=036 train_batch=160/392 running_loss=0.047787
2026-08-18 22:14:27 | INFO | epoch=036 train_batch=170/392 running_loss=0.047664
2026-08-18 22:14:27 | INFO | epoch=036 train_batch=180/392 running_loss=0.047756
2026-08-18 22:14:28 | INFO | epoch=036 train_batch=190/392 running_loss=0.047701
2026-08-18 22:14:28 | INFO | epoch=036 train_batch=200/392 running_loss=0.047914
2026-08-18 22:14:28 | INFO | epoch=036 train_batch=210/392 running_loss=0.047844
2026-08-18 22:14:29 | INFO | epoch=036 train_batch=220/392 running_loss=0.047733
2026-08-18 22:14:29 | INFO | epoch=036 train_batch=230/392 running_loss=0.047749
2026-08-18 22:14:29 | INFO | epoch=036 train_batch=240/392 running_loss=0.047771
2026-08-18 22:14:30 | INFO | epoch=036 train_batch=250/392 running_loss=0.047742
2026-08-18 22:14:30 | INFO | epoch=036 train_batch=260/392 running_loss=0.047671
2026-08-18 22:14:30 | INFO | epoch=036 train_batch=270/392 running_loss=0.047683
2026-08-18 22:14:31 | INFO | epoch=036 train_batch=280/392 running_loss=0.047583
2026-08-18 22:14:31 | INFO | epoch=036 train_batch=290/392 running_loss=0.047672
2026-08-18 22:14:32 | INFO | epoch=036 train_batch=300/392 running_loss=0.047570
2026-08-18 22:14:32 | INFO | epoch=036 train_batch=310/392 running_loss=0.047569
2026-08-18 22:14:32 | INFO | epoch=036 train_batch=320/392 running_loss=0.047539
2026-08-18 22:14:33 | INFO | epoch=036 train_batch=330/392 running_loss=0.047602
2026-08-18 22:14:33 | INFO | epoch=036 train_batch=340/392 running_loss=0.047556
2026-08-18 22:14:33 | INFO | epoch=036 train_batch=350/392 running_loss=0.047647
2026-08-18 22:14:34 | INFO | epoch=036 train_batch=360/392 running_loss=0.047605
2026-08-18 22:14:34 | INFO | epoch=036 train_batch=370/392 running_loss=0.047614
2026-08-18 22:14:34 | INFO | epoch=036 train_batch=380/392 running_loss=0.047618
2026-08-18 22:14:35 | INFO | epoch=036 train_batch=390/392 running_loss=0.047607
2026-08-18 22:14:35 | INFO | epoch=036 train_batch=392/392 running_loss=0.047580
2026-08-18 22:14:36 | INFO | epoch=036 train_loss=0.047580 validation_loss=0.254956
2026-08-18 22:14:36 | INFO | epoch=037 train_batch=10/392 running_loss=0.046042
2026-08-18 22:14:36 | INFO | epoch=037 train_batch=20/392 running_loss=0.045597
2026-08-18 22:14:37 | INFO | epoch=037 train_batch=30/392 running_loss=0.046402
2026-08-18 22:14:37 | INFO | epoch=037 train_batch=40/392 running_loss=0.046555
2026-08-18 22:14:37 | INFO | epoch=037 train_batch=50/392 running_loss=0.046054
2026-08-18 22:14:38 | INFO | epoch=037 train_batch=60/392 running_loss=0.046214
2026-08-18 22:14:38 | INFO | epoch=037 train_batch=70/392 running_loss=0.046423
2026-08-18 22:14:38 | INFO | epoch=037 train_batch=80/392 running_loss=0.046051
2026-08-18 22:14:39 | INFO | epoch=037 train_batch=90/392 running_loss=0.046629
2026-08-18 22:14:39 | INFO | epoch=037 train_batch=100/392 running_loss=0.046831
2026-08-18 22:14:39 | INFO | epoch=037 train_batch=110/392 running_loss=0.046924
2026-08-18 22:14:40 | INFO | epoch=037 train_batch=120/392 running_loss=0.047306
2026-08-18 22:14:40 | INFO | epoch=037 train_batch=130/392 running_loss=0.047267
2026-08-18 22:14:40 | INFO | epoch=037 train_batch=140/392 running_loss=0.047101
2026-08-18 22:14:41 | INFO | epoch=037 train_batch=150/392 running_loss=0.047141
2026-08-18 22:14:41 | INFO | epoch=037 train_batch=160/392 running_loss=0.047084
2026-08-18 22:14:41 | INFO | epoch=037 train_batch=170/392 running_loss=0.047208
2026-08-18 22:14:42 | INFO | epoch=037 train_batch=180/392 running_loss=0.047183
2026-08-18 22:14:42 | INFO | epoch=037 train_batch=190/392 running_loss=0.047144
2026-08-18 22:14:42 | INFO | epoch=037 train_batch=200/392 running_loss=0.046998
2026-08-18 22:14:43 | INFO | epoch=037 train_batch=210/392 running_loss=0.047079
2026-08-18 22:14:43 | INFO | epoch=037 train_batch=220/392 running_loss=0.046997
2026-08-18 22:14:43 | INFO | epoch=037 train_batch=230/392 running_loss=0.046966
2026-08-18 22:14:44 | INFO | epoch=037 train_batch=240/392 running_loss=0.046996
2026-08-18 22:14:44 | INFO | epoch=037 train_batch=250/392 running_loss=0.047035
2026-08-18 22:14:44 | INFO | epoch=037 train_batch=260/392 running_loss=0.047069
2026-08-18 22:14:45 | INFO | epoch=037 train_batch=270/392 running_loss=0.047122
2026-08-18 22:14:45 | INFO | epoch=037 train_batch=280/392 running_loss=0.047007
2026-08-18 22:14:45 | INFO | epoch=037 train_batch=290/392 running_loss=0.046950
2026-08-18 22:14:46 | INFO | epoch=037 train_batch=300/392 running_loss=0.046938
2026-08-18 22:14:46 | INFO | epoch=037 train_batch=310/392 running_loss=0.046920
2026-08-18 22:14:46 | INFO | epoch=037 train_batch=320/392 running_loss=0.046864
2026-08-18 22:14:47 | INFO | epoch=037 train_batch=330/392 running_loss=0.046858
2026-08-18 22:14:47 | INFO | epoch=037 train_batch=340/392 running_loss=0.046927
2026-08-18 22:14:47 | INFO | epoch=037 train_batch=350/392 running_loss=0.046887
2026-08-18 22:14:48 | INFO | epoch=037 train_batch=360/392 running_loss=0.046882
2026-08-18 22:14:48 | INFO | epoch=037 train_batch=370/392 running_loss=0.046920
2026-08-18 22:14:48 | INFO | epoch=037 train_batch=380/392 running_loss=0.046985
2026-08-18 22:14:49 | INFO | epoch=037 train_batch=390/392 running_loss=0.047080
2026-08-18 22:14:49 | INFO | epoch=037 train_batch=392/392 running_loss=0.047095
2026-08-18 22:14:50 | INFO | epoch=037 train_loss=0.047095 validation_loss=0.259783
2026-08-18 22:14:50 | INFO | epoch=038 train_batch=10/392 running_loss=0.047106
2026-08-18 22:14:51 | INFO | epoch=038 train_batch=20/392 running_loss=0.046747
2026-08-18 22:14:51 | INFO | epoch=038 train_batch=30/392 running_loss=0.046525
2026-08-18 22:14:51 | INFO | epoch=038 train_batch=40/392 running_loss=0.047027
2026-08-18 22:14:52 | INFO | epoch=038 train_batch=50/392 running_loss=0.047047
2026-08-18 22:14:52 | INFO | epoch=038 train_batch=60/392 running_loss=0.046702
2026-08-18 22:14:52 | INFO | epoch=038 train_batch=70/392 running_loss=0.046723
2026-08-18 22:14:53 | INFO | epoch=038 train_batch=80/392 running_loss=0.046637
2026-08-18 22:14:53 | INFO | epoch=038 train_batch=90/392 running_loss=0.046634
2026-08-18 22:14:53 | INFO | epoch=038 train_batch=100/392 running_loss=0.046933
2026-08-18 22:14:54 | INFO | epoch=038 train_batch=110/392 running_loss=0.046786
2026-08-18 22:14:54 | INFO | epoch=038 train_batch=120/392 running_loss=0.046702
2026-08-18 22:14:54 | INFO | epoch=038 train_batch=130/392 running_loss=0.046638
2026-08-18 22:14:55 | INFO | epoch=038 train_batch=140/392 running_loss=0.046548
2026-08-18 22:14:55 | INFO | epoch=038 train_batch=150/392 running_loss=0.046598
2026-08-18 22:14:55 | INFO | epoch=038 train_batch=160/392 running_loss=0.046636
2026-08-18 22:14:56 | INFO | epoch=038 train_batch=170/392 running_loss=0.046850
2026-08-18 22:14:56 | INFO | epoch=038 train_batch=180/392 running_loss=0.046695
2026-08-18 22:14:56 | INFO | epoch=038 train_batch=190/392 running_loss=0.046718
2026-08-18 22:14:57 | INFO | epoch=038 train_batch=200/392 running_loss=0.046673
2026-08-18 22:14:57 | INFO | epoch=038 train_batch=210/392 running_loss=0.046582
2026-08-18 22:14:57 | INFO | epoch=038 train_batch=220/392 running_loss=0.046735
2026-08-18 22:14:58 | INFO | epoch=038 train_batch=230/392 running_loss=0.046772
2026-08-18 22:14:58 | INFO | epoch=038 train_batch=240/392 running_loss=0.047002
2026-08-18 22:14:58 | INFO | epoch=038 train_batch=250/392 running_loss=0.046984
2026-08-18 22:14:59 | INFO | epoch=038 train_batch=260/392 running_loss=0.046970
2026-08-18 22:14:59 | INFO | epoch=038 train_batch=270/392 running_loss=0.046893
2026-08-18 22:14:59 | INFO | epoch=038 train_batch=280/392 running_loss=0.046928
2026-08-18 22:15:00 | INFO | epoch=038 train_batch=290/392 running_loss=0.046853
2026-08-18 22:15:00 | INFO | epoch=038 train_batch=300/392 running_loss=0.046784
2026-08-18 22:15:00 | INFO | epoch=038 train_batch=310/392 running_loss=0.046886
2026-08-18 22:15:01 | INFO | epoch=038 train_batch=320/392 running_loss=0.046837
2026-08-18 22:15:01 | INFO | epoch=038 train_batch=330/392 running_loss=0.046873
2026-08-18 22:15:01 | INFO | epoch=038 train_batch=340/392 running_loss=0.046863
2026-08-18 22:15:02 | INFO | epoch=038 train_batch=350/392 running_loss=0.046798
2026-08-18 22:15:02 | INFO | epoch=038 train_batch=360/392 running_loss=0.046828
2026-08-18 22:15:02 | INFO | epoch=038 train_batch=370/392 running_loss=0.046864
2026-08-18 22:15:03 | INFO | epoch=038 train_batch=380/392 running_loss=0.046766
2026-08-18 22:15:03 | INFO | epoch=038 train_batch=390/392 running_loss=0.046881
2026-08-18 22:15:03 | INFO | epoch=038 train_batch=392/392 running_loss=0.046905
2026-08-18 22:15:04 | INFO | epoch=038 train_loss=0.046905 validation_loss=0.257957
2026-08-18 22:15:04 | INFO | epoch=039 train_batch=10/392 running_loss=0.045973
2026-08-18 22:15:05 | INFO | epoch=039 train_batch=20/392 running_loss=0.046019
2026-08-18 22:15:05 | INFO | epoch=039 train_batch=30/392 running_loss=0.046856
2026-08-18 22:15:05 | INFO | epoch=039 train_batch=40/392 running_loss=0.046402
2026-08-18 22:15:06 | INFO | epoch=039 train_batch=50/392 running_loss=0.046484
2026-08-18 22:15:06 | INFO | epoch=039 train_batch=60/392 running_loss=0.046351
2026-08-18 22:15:06 | INFO | epoch=039 train_batch=70/392 running_loss=0.046254
2026-08-18 22:15:07 | INFO | epoch=039 train_batch=80/392 running_loss=0.046605
2026-08-18 22:15:07 | INFO | epoch=039 train_batch=90/392 running_loss=0.046738
2026-08-18 22:15:07 | INFO | epoch=039 train_batch=100/392 running_loss=0.046749
2026-08-18 22:15:08 | INFO | epoch=039 train_batch=110/392 running_loss=0.046412
2026-08-18 22:15:08 | INFO | epoch=039 train_batch=120/392 running_loss=0.046495
2026-08-18 22:15:09 | INFO | epoch=039 train_batch=130/392 running_loss=0.046381
2026-08-18 22:15:09 | INFO | epoch=039 train_batch=140/392 running_loss=0.046263
2026-08-18 22:15:09 | INFO | epoch=039 train_batch=150/392 running_loss=0.046042
2026-08-18 22:15:10 | INFO | epoch=039 train_batch=160/392 running_loss=0.046089
2026-08-18 22:15:10 | INFO | epoch=039 train_batch=170/392 running_loss=0.046287
2026-08-18 22:15:10 | INFO | epoch=039 train_batch=180/392 running_loss=0.046311
2026-08-18 22:15:11 | INFO | epoch=039 train_batch=190/392 running_loss=0.046336
2026-08-18 22:15:11 | INFO | epoch=039 train_batch=200/392 running_loss=0.046370
2026-08-18 22:15:11 | INFO | epoch=039 train_batch=210/392 running_loss=0.046511
2026-08-18 22:15:12 | INFO | epoch=039 train_batch=220/392 running_loss=0.046506
2026-08-18 22:15:12 | INFO | epoch=039 train_batch=230/392 running_loss=0.046390
2026-08-18 22:15:12 | INFO | epoch=039 train_batch=240/392 running_loss=0.046379
2026-08-18 22:15:13 | INFO | epoch=039 train_batch=250/392 running_loss=0.046394
2026-08-18 22:15:13 | INFO | epoch=039 train_batch=260/392 running_loss=0.046437
2026-08-18 22:15:13 | INFO | epoch=039 train_batch=270/392 running_loss=0.046620
2026-08-18 22:15:14 | INFO | epoch=039 train_batch=280/392 running_loss=0.046574
2026-08-18 22:15:14 | INFO | epoch=039 train_batch=290/392 running_loss=0.046570
2026-08-18 22:15:14 | INFO | epoch=039 train_batch=300/392 running_loss=0.046630
2026-08-18 22:15:15 | INFO | epoch=039 train_batch=310/392 running_loss=0.046570
2026-08-18 22:15:15 | INFO | epoch=039 train_batch=320/392 running_loss=0.046606
2026-08-18 22:15:15 | INFO | epoch=039 train_batch=330/392 running_loss=0.046575
2026-08-18 22:15:16 | INFO | epoch=039 train_batch=340/392 running_loss=0.046591
2026-08-18 22:15:16 | INFO | epoch=039 train_batch=350/392 running_loss=0.046625
2026-08-18 22:15:16 | INFO | epoch=039 train_batch=360/392 running_loss=0.046607
2026-08-18 22:15:17 | INFO | epoch=039 train_batch=370/392 running_loss=0.046590
2026-08-18 22:15:17 | INFO | epoch=039 train_batch=380/392 running_loss=0.046593
2026-08-18 22:15:17 | INFO | epoch=039 train_batch=390/392 running_loss=0.046614
2026-08-18 22:15:18 | INFO | epoch=039 train_batch=392/392 running_loss=0.046626
2026-08-18 22:15:19 | INFO | epoch=039 train_loss=0.046626 validation_loss=0.255221
2026-08-18 22:15:19 | INFO | epoch=040 train_batch=10/392 running_loss=0.045168
2026-08-18 22:15:19 | INFO | epoch=040 train_batch=20/392 running_loss=0.044574
2026-08-18 22:15:20 | INFO | epoch=040 train_batch=30/392 running_loss=0.045145
2026-08-18 22:15:20 | INFO | epoch=040 train_batch=40/392 running_loss=0.045745
2026-08-18 22:15:20 | INFO | epoch=040 train_batch=50/392 running_loss=0.045951
2026-08-18 22:15:21 | INFO | epoch=040 train_batch=60/392 running_loss=0.046116
2026-08-18 22:15:21 | INFO | epoch=040 train_batch=70/392 running_loss=0.046132
2026-08-18 22:15:21 | INFO | epoch=040 train_batch=80/392 running_loss=0.046472
2026-08-18 22:15:22 | INFO | epoch=040 train_batch=90/392 running_loss=0.046318
2026-08-18 22:15:22 | INFO | epoch=040 train_batch=100/392 running_loss=0.046181
2026-08-18 22:15:22 | INFO | epoch=040 train_batch=110/392 running_loss=0.046816
2026-08-18 22:15:23 | INFO | epoch=040 train_batch=120/392 running_loss=0.046639
2026-08-18 22:15:23 | INFO | epoch=040 train_batch=130/392 running_loss=0.046566
2026-08-18 22:15:23 | INFO | epoch=040 train_batch=140/392 running_loss=0.046321
2026-08-18 22:15:24 | INFO | epoch=040 train_batch=150/392 running_loss=0.046083
2026-08-18 22:15:24 | INFO | epoch=040 train_batch=160/392 running_loss=0.046048
2026-08-18 22:15:24 | INFO | epoch=040 train_batch=170/392 running_loss=0.045847
2026-08-18 22:15:25 | INFO | epoch=040 train_batch=180/392 running_loss=0.045712
2026-08-18 22:15:25 | INFO | epoch=040 train_batch=190/392 running_loss=0.045787
2026-08-18 22:15:25 | INFO | epoch=040 train_batch=200/392 running_loss=0.045866
2026-08-18 22:15:26 | INFO | epoch=040 train_batch=210/392 running_loss=0.045872
2026-08-18 22:15:26 | INFO | epoch=040 train_batch=220/392 running_loss=0.045760
2026-08-18 22:15:26 | INFO | epoch=040 train_batch=230/392 running_loss=0.045892
2026-08-18 22:15:27 | INFO | epoch=040 train_batch=240/392 running_loss=0.045844
2026-08-18 22:15:27 | INFO | epoch=040 train_batch=250/392 running_loss=0.045899
2026-08-18 22:15:27 | INFO | epoch=040 train_batch=260/392 running_loss=0.045985
2026-08-18 22:15:28 | INFO | epoch=040 train_batch=270/392 running_loss=0.045952
2026-08-18 22:15:28 | INFO | epoch=040 train_batch=280/392 running_loss=0.045885
2026-08-18 22:15:29 | INFO | epoch=040 train_batch=290/392 running_loss=0.046068
2026-08-18 22:15:29 | INFO | epoch=040 train_batch=300/392 running_loss=0.046248
2026-08-18 22:15:29 | INFO | epoch=040 train_batch=310/392 running_loss=0.046265
2026-08-18 22:15:30 | INFO | epoch=040 train_batch=320/392 running_loss=0.046200
2026-08-18 22:15:30 | INFO | epoch=040 train_batch=330/392 running_loss=0.046202
2026-08-18 22:15:30 | INFO | epoch=040 train_batch=340/392 running_loss=0.046135
2026-08-18 22:15:31 | INFO | epoch=040 train_batch=350/392 running_loss=0.046196
2026-08-18 22:15:31 | INFO | epoch=040 train_batch=360/392 running_loss=0.046341
2026-08-18 22:15:31 | INFO | epoch=040 train_batch=370/392 running_loss=0.046395
2026-08-18 22:15:32 | INFO | epoch=040 train_batch=380/392 running_loss=0.046437
2026-08-18 22:15:32 | INFO | epoch=040 train_batch=390/392 running_loss=0.046500
2026-08-18 22:15:32 | INFO | epoch=040 train_batch=392/392 running_loss=0.046479
2026-08-18 22:15:33 | INFO | epoch=040 train_loss=0.046479 validation_loss=0.258533
2026-08-18 22:15:33 | INFO | epoch=041 train_batch=10/392 running_loss=0.048274
2026-08-18 22:15:34 | INFO | epoch=041 train_batch=20/392 running_loss=0.046226
2026-08-18 22:15:34 | INFO | epoch=041 train_batch=30/392 running_loss=0.046590
2026-08-18 22:15:34 | INFO | epoch=041 train_batch=40/392 running_loss=0.046755
2026-08-18 22:15:35 | INFO | epoch=041 train_batch=50/392 running_loss=0.046178
2026-08-18 22:15:35 | INFO | epoch=041 train_batch=60/392 running_loss=0.046311
2026-08-18 22:15:35 | INFO | epoch=041 train_batch=70/392 running_loss=0.046492
2026-08-18 22:15:36 | INFO | epoch=041 train_batch=80/392 running_loss=0.046192
2026-08-18 22:15:36 | INFO | epoch=041 train_batch=90/392 running_loss=0.046064
2026-08-18 22:15:36 | INFO | epoch=041 train_batch=100/392 running_loss=0.046113
2026-08-18 22:15:37 | INFO | epoch=041 train_batch=110/392 running_loss=0.046282
2026-08-18 22:15:37 | INFO | epoch=041 train_batch=120/392 running_loss=0.046604
2026-08-18 22:15:37 | INFO | epoch=041 train_batch=130/392 running_loss=0.046392
2026-08-18 22:15:38 | INFO | epoch=041 train_batch=140/392 running_loss=0.046608
2026-08-18 22:15:38 | INFO | epoch=041 train_batch=150/392 running_loss=0.046791
2026-08-18 22:15:38 | INFO | epoch=041 train_batch=160/392 running_loss=0.046929
2026-08-18 22:15:39 | INFO | epoch=041 train_batch=170/392 running_loss=0.047123
2026-08-18 22:15:39 | INFO | epoch=041 train_batch=180/392 running_loss=0.046770
2026-08-18 22:15:39 | INFO | epoch=041 train_batch=190/392 running_loss=0.046636
2026-08-18 22:15:40 | INFO | epoch=041 train_batch=200/392 running_loss=0.046542
2026-08-18 22:15:40 | INFO | epoch=041 train_batch=210/392 running_loss=0.046472
2026-08-18 22:15:40 | INFO | epoch=041 train_batch=220/392 running_loss=0.046420
2026-08-18 22:15:41 | INFO | epoch=041 train_batch=230/392 running_loss=0.046401
2026-08-18 22:15:41 | INFO | epoch=041 train_batch=240/392 running_loss=0.046284
2026-08-18 22:15:41 | INFO | epoch=041 train_batch=250/392 running_loss=0.046440
2026-08-18 22:15:42 | INFO | epoch=041 train_batch=260/392 running_loss=0.046528
2026-08-18 22:15:42 | INFO | epoch=041 train_batch=270/392 running_loss=0.046514
2026-08-18 22:15:42 | INFO | epoch=041 train_batch=280/392 running_loss=0.046403
2026-08-18 22:15:43 | INFO | epoch=041 train_batch=290/392 running_loss=0.046452
2026-08-18 22:15:43 | INFO | epoch=041 train_batch=300/392 running_loss=0.046449
2026-08-18 22:15:43 | INFO | epoch=041 train_batch=310/392 running_loss=0.046456
2026-08-18 22:15:44 | INFO | epoch=041 train_batch=320/392 running_loss=0.046378
2026-08-18 22:15:44 | INFO | epoch=041 train_batch=330/392 running_loss=0.046428
2026-08-18 22:15:44 | INFO | epoch=041 train_batch=340/392 running_loss=0.046432
2026-08-18 22:15:45 | INFO | epoch=041 train_batch=350/392 running_loss=0.046372
2026-08-18 22:15:45 | INFO | epoch=041 train_batch=360/392 running_loss=0.046384
2026-08-18 22:15:46 | INFO | epoch=041 train_batch=370/392 running_loss=0.046344
2026-08-18 22:15:46 | INFO | epoch=041 train_batch=380/392 running_loss=0.046260
2026-08-18 22:15:46 | INFO | epoch=041 train_batch=390/392 running_loss=0.046268
2026-08-18 22:15:46 | INFO | epoch=041 train_batch=392/392 running_loss=0.046292
2026-08-18 22:15:47 | INFO | epoch=041 train_loss=0.046292 validation_loss=0.259238
2026-08-18 22:15:48 | INFO | epoch=042 train_batch=10/392 running_loss=0.047332
2026-08-18 22:15:48 | INFO | epoch=042 train_batch=20/392 running_loss=0.047396
2026-08-18 22:15:48 | INFO | epoch=042 train_batch=30/392 running_loss=0.048014
2026-08-18 22:15:49 | INFO | epoch=042 train_batch=40/392 running_loss=0.047123
2026-08-18 22:15:49 | INFO | epoch=042 train_batch=50/392 running_loss=0.047444
2026-08-18 22:15:49 | INFO | epoch=042 train_batch=60/392 running_loss=0.046697
2026-08-18 22:15:50 | INFO | epoch=042 train_batch=70/392 running_loss=0.046750
2026-08-18 22:15:50 | INFO | epoch=042 train_batch=80/392 running_loss=0.046893
2026-08-18 22:15:50 | INFO | epoch=042 train_batch=90/392 running_loss=0.046862
2026-08-18 22:15:51 | INFO | epoch=042 train_batch=100/392 running_loss=0.046522
2026-08-18 22:15:51 | INFO | epoch=042 train_batch=110/392 running_loss=0.046641
2026-08-18 22:15:51 | INFO | epoch=042 train_batch=120/392 running_loss=0.046931
2026-08-18 22:15:52 | INFO | epoch=042 train_batch=130/392 running_loss=0.046737
2026-08-18 22:15:52 | INFO | epoch=042 train_batch=140/392 running_loss=0.046588
2026-08-18 22:15:53 | INFO | epoch=042 train_batch=150/392 running_loss=0.046695
2026-08-18 22:15:53 | INFO | epoch=042 train_batch=160/392 running_loss=0.046518
2026-08-18 22:15:53 | INFO | epoch=042 train_batch=170/392 running_loss=0.046431
2026-08-18 22:15:54 | INFO | epoch=042 train_batch=180/392 running_loss=0.046307
2026-08-18 22:15:54 | INFO | epoch=042 train_batch=190/392 running_loss=0.046098
2026-08-18 22:15:54 | INFO | epoch=042 train_batch=200/392 running_loss=0.046100
2026-08-18 22:15:55 | INFO | epoch=042 train_batch=210/392 running_loss=0.046060
2026-08-18 22:15:55 | INFO | epoch=042 train_batch=220/392 running_loss=0.045975
2026-08-18 22:15:55 | INFO | epoch=042 train_batch=230/392 running_loss=0.046096
2026-08-18 22:15:56 | INFO | epoch=042 train_batch=240/392 running_loss=0.046035
2026-08-18 22:15:56 | INFO | epoch=042 train_batch=250/392 running_loss=0.046045
2026-08-18 22:15:56 | INFO | epoch=042 train_batch=260/392 running_loss=0.045989
2026-08-18 22:15:57 | INFO | epoch=042 train_batch=270/392 running_loss=0.045923
2026-08-18 22:15:57 | INFO | epoch=042 train_batch=280/392 running_loss=0.046023
2026-08-18 22:15:57 | INFO | epoch=042 train_batch=290/392 running_loss=0.046084
2026-08-18 22:15:58 | INFO | epoch=042 train_batch=300/392 running_loss=0.046143
2026-08-18 22:15:58 | INFO | epoch=042 train_batch=310/392 running_loss=0.046194
2026-08-18 22:15:58 | INFO | epoch=042 train_batch=320/392 running_loss=0.046258
2026-08-18 22:15:59 | INFO | epoch=042 train_batch=330/392 running_loss=0.046288
2026-08-18 22:15:59 | INFO | epoch=042 train_batch=340/392 running_loss=0.046284
2026-08-18 22:15:59 | INFO | epoch=042 train_batch=350/392 running_loss=0.046331
2026-08-18 22:16:00 | INFO | epoch=042 train_batch=360/392 running_loss=0.046277
2026-08-18 22:16:00 | INFO | epoch=042 train_batch=370/392 running_loss=0.046289
2026-08-18 22:16:00 | INFO | epoch=042 train_batch=380/392 running_loss=0.046280
2026-08-18 22:16:01 | INFO | epoch=042 train_batch=390/392 running_loss=0.046289
2026-08-18 22:16:01 | INFO | epoch=042 train_batch=392/392 running_loss=0.046308
2026-08-18 22:16:02 | INFO | epoch=042 train_loss=0.046308 validation_loss=0.257157
2026-08-18 22:16:02 | INFO | epoch=043 train_batch=10/392 running_loss=0.046636
2026-08-18 22:16:03 | INFO | epoch=043 train_batch=20/392 running_loss=0.046201
2026-08-18 22:16:03 | INFO | epoch=043 train_batch=30/392 running_loss=0.045428
2026-08-18 22:16:03 | INFO | epoch=043 train_batch=40/392 running_loss=0.044832
2026-08-18 22:16:04 | INFO | epoch=043 train_batch=50/392 running_loss=0.045025
2026-08-18 22:16:04 | INFO | epoch=043 train_batch=60/392 running_loss=0.045330
2026-08-18 22:16:04 | INFO | epoch=043 train_batch=70/392 running_loss=0.045306
2026-08-18 22:16:05 | INFO | epoch=043 train_batch=80/392 running_loss=0.045761
2026-08-18 22:16:05 | INFO | epoch=043 train_batch=90/392 running_loss=0.045779
2026-08-18 22:16:05 | INFO | epoch=043 train_batch=100/392 running_loss=0.045984
2026-08-18 22:16:06 | INFO | epoch=043 train_batch=110/392 running_loss=0.046082
2026-08-18 22:16:06 | INFO | epoch=043 train_batch=120/392 running_loss=0.046018
2026-08-18 22:16:06 | INFO | epoch=043 train_batch=130/392 running_loss=0.046164
2026-08-18 22:16:07 | INFO | epoch=043 train_batch=140/392 running_loss=0.046344
2026-08-18 22:16:07 | INFO | epoch=043 train_batch=150/392 running_loss=0.046260
2026-08-18 22:16:07 | INFO | epoch=043 train_batch=160/392 running_loss=0.046207
2026-08-18 22:16:08 | INFO | epoch=043 train_batch=170/392 running_loss=0.046096
2026-08-18 22:16:08 | INFO | epoch=043 train_batch=180/392 running_loss=0.045992
2026-08-18 22:16:08 | INFO | epoch=043 train_batch=190/392 running_loss=0.046049
2026-08-18 22:16:09 | INFO | epoch=043 train_batch=200/392 running_loss=0.046023
2026-08-18 22:16:09 | INFO | epoch=043 train_batch=210/392 running_loss=0.045943
2026-08-18 22:16:09 | INFO | epoch=043 train_batch=220/392 running_loss=0.045915
2026-08-18 22:16:10 | INFO | epoch=043 train_batch=230/392 running_loss=0.045771
2026-08-18 22:16:10 | INFO | epoch=043 train_batch=240/392 running_loss=0.045777
2026-08-18 22:16:10 | INFO | epoch=043 train_batch=250/392 running_loss=0.045858
2026-08-18 22:16:11 | INFO | epoch=043 train_batch=260/392 running_loss=0.045794
2026-08-18 22:16:11 | INFO | epoch=043 train_batch=270/392 running_loss=0.045698
2026-08-18 22:16:11 | INFO | epoch=043 train_batch=280/392 running_loss=0.045703
2026-08-18 22:16:12 | INFO | epoch=043 train_batch=290/392 running_loss=0.045781
2026-08-18 22:16:12 | INFO | epoch=043 train_batch=300/392 running_loss=0.045754
2026-08-18 22:16:12 | INFO | epoch=043 train_batch=310/392 running_loss=0.045666
2026-08-18 22:16:13 | INFO | epoch=043 train_batch=320/392 running_loss=0.045639
2026-08-18 22:16:13 | INFO | epoch=043 train_batch=330/392 running_loss=0.045581
2026-08-18 22:16:14 | INFO | epoch=043 train_batch=340/392 running_loss=0.045580
2026-08-18 22:16:14 | INFO | epoch=043 train_batch=350/392 running_loss=0.045601
2026-08-18 22:16:14 | INFO | epoch=043 train_batch=360/392 running_loss=0.045546
2026-08-18 22:16:15 | INFO | epoch=043 train_batch=370/392 running_loss=0.045608
2026-08-18 22:16:15 | INFO | epoch=043 train_batch=380/392 running_loss=0.045485
2026-08-18 22:16:15 | INFO | epoch=043 train_batch=390/392 running_loss=0.045562
2026-08-18 22:16:15 | INFO | epoch=043 train_batch=392/392 running_loss=0.045550
2026-08-18 22:16:16 | INFO | epoch=043 train_loss=0.045550 validation_loss=0.252388
2026-08-18 22:16:16 | INFO | epoch=043 saved new best.pt
2026-08-18 22:16:17 | INFO | epoch=044 train_batch=10/392 running_loss=0.044103
2026-08-18 22:16:17 | INFO | epoch=044 train_batch=20/392 running_loss=0.043720
2026-08-18 22:16:17 | INFO | epoch=044 train_batch=30/392 running_loss=0.044322
2026-08-18 22:16:18 | INFO | epoch=044 train_batch=40/392 running_loss=0.044272
2026-08-18 22:16:18 | INFO | epoch=044 train_batch=50/392 running_loss=0.045124
2026-08-18 22:16:18 | INFO | epoch=044 train_batch=60/392 running_loss=0.045298
2026-08-18 22:16:19 | INFO | epoch=044 train_batch=70/392 running_loss=0.045741
2026-08-18 22:16:19 | INFO | epoch=044 train_batch=80/392 running_loss=0.046315
2026-08-18 22:16:19 | INFO | epoch=044 train_batch=90/392 running_loss=0.046042
2026-08-18 22:16:20 | INFO | epoch=044 train_batch=100/392 running_loss=0.046070
2026-08-18 22:16:20 | INFO | epoch=044 train_batch=110/392 running_loss=0.046200
2026-08-18 22:16:20 | INFO | epoch=044 train_batch=120/392 running_loss=0.046295
2026-08-18 22:16:21 | INFO | epoch=044 train_batch=130/392 running_loss=0.046303
2026-08-18 22:16:21 | INFO | epoch=044 train_batch=140/392 running_loss=0.046276
2026-08-18 22:16:22 | INFO | epoch=044 train_batch=150/392 running_loss=0.046189
2026-08-18 22:16:22 | INFO | epoch=044 train_batch=160/392 running_loss=0.046088
2026-08-18 22:16:22 | INFO | epoch=044 train_batch=170/392 running_loss=0.046057
2026-08-18 22:16:23 | INFO | epoch=044 train_batch=180/392 running_loss=0.045830
2026-08-18 22:16:23 | INFO | epoch=044 train_batch=190/392 running_loss=0.045814
2026-08-18 22:16:23 | INFO | epoch=044 train_batch=200/392 running_loss=0.045901
2026-08-18 22:16:24 | INFO | epoch=044 train_batch=210/392 running_loss=0.046064
2026-08-18 22:16:24 | INFO | epoch=044 train_batch=220/392 running_loss=0.045986
2026-08-18 22:16:24 | INFO | epoch=044 train_batch=230/392 running_loss=0.046081
2026-08-18 22:16:25 | INFO | epoch=044 train_batch=240/392 running_loss=0.046127
2026-08-18 22:16:25 | INFO | epoch=044 train_batch=250/392 running_loss=0.046114
2026-08-18 22:16:25 | INFO | epoch=044 train_batch=260/392 running_loss=0.046113
2026-08-18 22:16:26 | INFO | epoch=044 train_batch=270/392 running_loss=0.046144
2026-08-18 22:16:26 | INFO | epoch=044 train_batch=280/392 running_loss=0.046077
2026-08-18 22:16:26 | INFO | epoch=044 train_batch=290/392 running_loss=0.046048
2026-08-18 22:16:27 | INFO | epoch=044 train_batch=300/392 running_loss=0.046013
2026-08-18 22:16:27 | INFO | epoch=044 train_batch=310/392 running_loss=0.046016
2026-08-18 22:16:27 | INFO | epoch=044 train_batch=320/392 running_loss=0.046007
2026-08-18 22:16:28 | INFO | epoch=044 train_batch=330/392 running_loss=0.045978
2026-08-18 22:16:28 | INFO | epoch=044 train_batch=340/392 running_loss=0.045923
2026-08-18 22:16:28 | INFO | epoch=044 train_batch=350/392 running_loss=0.045800
2026-08-18 22:16:29 | INFO | epoch=044 train_batch=360/392 running_loss=0.045737
2026-08-18 22:16:29 | INFO | epoch=044 train_batch=370/392 running_loss=0.045819
2026-08-18 22:16:30 | INFO | epoch=044 train_batch=380/392 running_loss=0.045776
2026-08-18 22:16:30 | INFO | epoch=044 train_batch=390/392 running_loss=0.045779
2026-08-18 22:16:30 | INFO | epoch=044 train_batch=392/392 running_loss=0.045756
2026-08-18 22:16:31 | INFO | epoch=044 train_loss=0.045756 validation_loss=0.253517
2026-08-18 22:16:31 | INFO | epoch=045 train_batch=10/392 running_loss=0.046110
2026-08-18 22:16:32 | INFO | epoch=045 train_batch=20/392 running_loss=0.043723
2026-08-18 22:16:32 | INFO | epoch=045 train_batch=30/392 running_loss=0.044598
2026-08-18 22:16:32 | INFO | epoch=045 train_batch=40/392 running_loss=0.045706
2026-08-18 22:16:33 | INFO | epoch=045 train_batch=50/392 running_loss=0.045426
2026-08-18 22:16:33 | INFO | epoch=045 train_batch=60/392 running_loss=0.045357
2026-08-18 22:16:33 | INFO | epoch=045 train_batch=70/392 running_loss=0.045116
2026-08-18 22:16:34 | INFO | epoch=045 train_batch=80/392 running_loss=0.045065
2026-08-18 22:16:34 | INFO | epoch=045 train_batch=90/392 running_loss=0.045093
2026-08-18 22:16:34 | INFO | epoch=045 train_batch=100/392 running_loss=0.045012
2026-08-18 22:16:35 | INFO | epoch=045 train_batch=110/392 running_loss=0.045149
2026-08-18 22:16:35 | INFO | epoch=045 train_batch=120/392 running_loss=0.045445
2026-08-18 22:16:36 | INFO | epoch=045 train_batch=130/392 running_loss=0.045721
2026-08-18 22:16:36 | INFO | epoch=045 train_batch=140/392 running_loss=0.045534
2026-08-18 22:16:36 | INFO | epoch=045 train_batch=150/392 running_loss=0.045496
2026-08-18 22:16:37 | INFO | epoch=045 train_batch=160/392 running_loss=0.045628
2026-08-18 22:16:37 | INFO | epoch=045 train_batch=170/392 running_loss=0.045245
2026-08-18 22:16:37 | INFO | epoch=045 train_batch=180/392 running_loss=0.045311
2026-08-18 22:16:38 | INFO | epoch=045 train_batch=190/392 running_loss=0.045361
2026-08-18 22:16:38 | INFO | epoch=045 train_batch=200/392 running_loss=0.045406
2026-08-18 22:16:38 | INFO | epoch=045 train_batch=210/392 running_loss=0.045295
2026-08-18 22:16:39 | INFO | epoch=045 train_batch=220/392 running_loss=0.045323
2026-08-18 22:16:39 | INFO | epoch=045 train_batch=230/392 running_loss=0.045337
2026-08-18 22:16:39 | INFO | epoch=045 train_batch=240/392 running_loss=0.045381
2026-08-18 22:16:40 | INFO | epoch=045 train_batch=250/392 running_loss=0.045247
2026-08-18 22:16:40 | INFO | epoch=045 train_batch=260/392 running_loss=0.045278
2026-08-18 22:16:40 | INFO | epoch=045 train_batch=270/392 running_loss=0.045282
2026-08-18 22:16:41 | INFO | epoch=045 train_batch=280/392 running_loss=0.045328
2026-08-18 22:16:41 | INFO | epoch=045 train_batch=290/392 running_loss=0.045337
2026-08-18 22:16:41 | INFO | epoch=045 train_batch=300/392 running_loss=0.045325
2026-08-18 22:16:42 | INFO | epoch=045 train_batch=310/392 running_loss=0.045243
2026-08-18 22:16:42 | INFO | epoch=045 train_batch=320/392 running_loss=0.045228
2026-08-18 22:16:42 | INFO | epoch=045 train_batch=330/392 running_loss=0.045192
2026-08-18 22:16:43 | INFO | epoch=045 train_batch=340/392 running_loss=0.045165
2026-08-18 22:16:43 | INFO | epoch=045 train_batch=350/392 running_loss=0.045195
2026-08-18 22:16:43 | INFO | epoch=045 train_batch=360/392 running_loss=0.045252
2026-08-18 22:16:44 | INFO | epoch=045 train_batch=370/392 running_loss=0.045293
2026-08-18 22:16:44 | INFO | epoch=045 train_batch=380/392 running_loss=0.045293
2026-08-18 22:16:44 | INFO | epoch=045 train_batch=390/392 running_loss=0.045337
2026-08-18 22:16:44 | INFO | epoch=045 train_batch=392/392 running_loss=0.045348
2026-08-18 22:16:45 | INFO | epoch=045 train_loss=0.045348 validation_loss=0.251427
2026-08-18 22:16:46 | INFO | epoch=045 saved new best.pt
2026-08-18 22:16:46 | INFO | epoch=046 train_batch=10/392 running_loss=0.045920
2026-08-18 22:16:46 | INFO | epoch=046 train_batch=20/392 running_loss=0.045273
2026-08-18 22:16:47 | INFO | epoch=046 train_batch=30/392 running_loss=0.045667
2026-08-18 22:16:47 | INFO | epoch=046 train_batch=40/392 running_loss=0.044960
2026-08-18 22:16:47 | INFO | epoch=046 train_batch=50/392 running_loss=0.044550
2026-08-18 22:16:48 | INFO | epoch=046 train_batch=60/392 running_loss=0.044237
2026-08-18 22:16:48 | INFO | epoch=046 train_batch=70/392 running_loss=0.044614
2026-08-18 22:16:48 | INFO | epoch=046 train_batch=80/392 running_loss=0.045212
2026-08-18 22:16:49 | INFO | epoch=046 train_batch=90/392 running_loss=0.044920
2026-08-18 22:16:49 | INFO | epoch=046 train_batch=100/392 running_loss=0.044841
2026-08-18 22:16:49 | INFO | epoch=046 train_batch=110/392 running_loss=0.044867
2026-08-18 22:16:50 | INFO | epoch=046 train_batch=120/392 running_loss=0.044904
2026-08-18 22:16:50 | INFO | epoch=046 train_batch=130/392 running_loss=0.044807
2026-08-18 22:16:50 | INFO | epoch=046 train_batch=140/392 running_loss=0.044786
2026-08-18 22:16:51 | INFO | epoch=046 train_batch=150/392 running_loss=0.044731
2026-08-18 22:16:51 | INFO | epoch=046 train_batch=160/392 running_loss=0.044548
2026-08-18 22:16:51 | INFO | epoch=046 train_batch=170/392 running_loss=0.044397
2026-08-18 22:16:52 | INFO | epoch=046 train_batch=180/392 running_loss=0.044461
2026-08-18 22:16:52 | INFO | epoch=046 train_batch=190/392 running_loss=0.044445
2026-08-18 22:16:52 | INFO | epoch=046 train_batch=200/392 running_loss=0.044452
2026-08-18 22:16:52 | INFO | epoch=046 train_batch=210/392 running_loss=0.044700
2026-08-18 22:16:53 | INFO | epoch=046 train_batch=220/392 running_loss=0.044728
2026-08-18 22:16:53 | INFO | epoch=046 train_batch=230/392 running_loss=0.044752
2026-08-18 22:16:53 | INFO | epoch=046 train_batch=240/392 running_loss=0.044788
2026-08-18 22:16:54 | INFO | epoch=046 train_batch=250/392 running_loss=0.045013
2026-08-18 22:16:54 | INFO | epoch=046 train_batch=260/392 running_loss=0.044933
2026-08-18 22:16:54 | INFO | epoch=046 train_batch=270/392 running_loss=0.044988
2026-08-18 22:16:55 | INFO | epoch=046 train_batch=280/392 running_loss=0.045006
2026-08-18 22:16:55 | INFO | epoch=046 train_batch=290/392 running_loss=0.045001
2026-08-18 22:16:55 | INFO | epoch=046 train_batch=300/392 running_loss=0.045062
2026-08-18 22:16:56 | INFO | epoch=046 train_batch=310/392 running_loss=0.045082
2026-08-18 22:16:56 | INFO | epoch=046 train_batch=320/392 running_loss=0.045086
2026-08-18 22:16:56 | INFO | epoch=046 train_batch=330/392 running_loss=0.045016
2026-08-18 22:16:57 | INFO | epoch=046 train_batch=340/392 running_loss=0.044960
2026-08-18 22:16:57 | INFO | epoch=046 train_batch=350/392 running_loss=0.045059
2026-08-18 22:16:57 | INFO | epoch=046 train_batch=360/392 running_loss=0.045082
2026-08-18 22:16:58 | INFO | epoch=046 train_batch=370/392 running_loss=0.045099
2026-08-18 22:16:58 | INFO | epoch=046 train_batch=380/392 running_loss=0.045162
2026-08-18 22:16:58 | INFO | epoch=046 train_batch=390/392 running_loss=0.045164
2026-08-18 22:16:58 | INFO | epoch=046 train_batch=392/392 running_loss=0.045113
2026-08-18 22:16:59 | INFO | epoch=046 train_loss=0.045113 validation_loss=0.255814
2026-08-18 22:17:00 | INFO | epoch=047 train_batch=10/392 running_loss=0.044856
2026-08-18 22:17:00 | INFO | epoch=047 train_batch=20/392 running_loss=0.045063
2026-08-18 22:17:01 | INFO | epoch=047 train_batch=30/392 running_loss=0.043358
2026-08-18 22:17:01 | INFO | epoch=047 train_batch=40/392 running_loss=0.043239
2026-08-18 22:17:01 | INFO | epoch=047 train_batch=50/392 running_loss=0.043585
2026-08-18 22:17:01 | INFO | epoch=047 train_batch=60/392 running_loss=0.043712
2026-08-18 22:17:02 | INFO | epoch=047 train_batch=70/392 running_loss=0.044144
2026-08-18 22:17:02 | INFO | epoch=047 train_batch=80/392 running_loss=0.044374
2026-08-18 22:17:02 | INFO | epoch=047 train_batch=90/392 running_loss=0.044317
2026-08-18 22:17:03 | INFO | epoch=047 train_batch=100/392 running_loss=0.044648
2026-08-18 22:17:03 | INFO | epoch=047 train_batch=110/392 running_loss=0.044938
2026-08-18 22:17:03 | INFO | epoch=047 train_batch=120/392 running_loss=0.044950
2026-08-18 22:17:04 | INFO | epoch=047 train_batch=130/392 running_loss=0.044916
2026-08-18 22:17:04 | INFO | epoch=047 train_batch=140/392 running_loss=0.044732
2026-08-18 22:17:04 | INFO | epoch=047 train_batch=150/392 running_loss=0.044648
2026-08-18 22:17:05 | INFO | epoch=047 train_batch=160/392 running_loss=0.044599
2026-08-18 22:17:05 | INFO | epoch=047 train_batch=170/392 running_loss=0.044806
2026-08-18 22:17:05 | INFO | epoch=047 train_batch=180/392 running_loss=0.044723
2026-08-18 22:17:06 | INFO | epoch=047 train_batch=190/392 running_loss=0.044961
2026-08-18 22:17:06 | INFO | epoch=047 train_batch=200/392 running_loss=0.045051
2026-08-18 22:17:06 | INFO | epoch=047 train_batch=210/392 running_loss=0.045036
2026-08-18 22:17:07 | INFO | epoch=047 train_batch=220/392 running_loss=0.044935
2026-08-18 22:17:07 | INFO | epoch=047 train_batch=230/392 running_loss=0.044846
2026-08-18 22:17:07 | INFO | epoch=047 train_batch=240/392 running_loss=0.044976
2026-08-18 22:17:08 | INFO | epoch=047 train_batch=250/392 running_loss=0.045141
2026-08-18 22:17:08 | INFO | epoch=047 train_batch=260/392 running_loss=0.045222
2026-08-18 22:17:08 | INFO | epoch=047 train_batch=270/392 running_loss=0.045197
2026-08-18 22:17:09 | INFO | epoch=047 train_batch=280/392 running_loss=0.045170
2026-08-18 22:17:09 | INFO | epoch=047 train_batch=290/392 running_loss=0.045222
2026-08-18 22:17:09 | INFO | epoch=047 train_batch=300/392 running_loss=0.045254
2026-08-18 22:17:10 | INFO | epoch=047 train_batch=310/392 running_loss=0.045236
2026-08-18 22:17:10 | INFO | epoch=047 train_batch=320/392 running_loss=0.045149
2026-08-18 22:17:10 | INFO | epoch=047 train_batch=330/392 running_loss=0.045218
2026-08-18 22:17:11 | INFO | epoch=047 train_batch=340/392 running_loss=0.045113
2026-08-18 22:17:11 | INFO | epoch=047 train_batch=350/392 running_loss=0.045008
2026-08-18 22:17:11 | INFO | epoch=047 train_batch=360/392 running_loss=0.045016
2026-08-18 22:17:12 | INFO | epoch=047 train_batch=370/392 running_loss=0.045045
2026-08-18 22:17:12 | INFO | epoch=047 train_batch=380/392 running_loss=0.045045
2026-08-18 22:17:12 | INFO | epoch=047 train_batch=390/392 running_loss=0.045063
2026-08-18 22:17:13 | INFO | epoch=047 train_batch=392/392 running_loss=0.045033
2026-08-18 22:17:13 | INFO | epoch=047 train_loss=0.045033 validation_loss=0.251013
2026-08-18 22:17:13 | INFO | epoch=047 saved new best.pt
2026-08-18 22:17:14 | INFO | epoch=048 train_batch=10/392 running_loss=0.042584
2026-08-18 22:17:14 | INFO | epoch=048 train_batch=20/392 running_loss=0.044005
2026-08-18 22:17:15 | INFO | epoch=048 train_batch=30/392 running_loss=0.043873
2026-08-18 22:17:15 | INFO | epoch=048 train_batch=40/392 running_loss=0.043660
2026-08-18 22:17:15 | INFO | epoch=048 train_batch=50/392 running_loss=0.043693
2026-08-18 22:17:16 | INFO | epoch=048 train_batch=60/392 running_loss=0.043641
2026-08-18 22:17:16 | INFO | epoch=048 train_batch=70/392 running_loss=0.044041
2026-08-18 22:17:16 | INFO | epoch=048 train_batch=80/392 running_loss=0.044172
2026-08-18 22:17:16 | INFO | epoch=048 train_batch=90/392 running_loss=0.044322
2026-08-18 22:17:17 | INFO | epoch=048 train_batch=100/392 running_loss=0.044167
2026-08-18 22:17:17 | INFO | epoch=048 train_batch=110/392 running_loss=0.044124
2026-08-18 22:17:17 | INFO | epoch=048 train_batch=120/392 running_loss=0.044090
2026-08-18 22:17:18 | INFO | epoch=048 train_batch=130/392 running_loss=0.044291
2026-08-18 22:17:18 | INFO | epoch=048 train_batch=140/392 running_loss=0.044307
2026-08-18 22:17:18 | INFO | epoch=048 train_batch=150/392 running_loss=0.044376
2026-08-18 22:17:19 | INFO | epoch=048 train_batch=160/392 running_loss=0.044401
2026-08-18 22:17:19 | INFO | epoch=048 train_batch=170/392 running_loss=0.044487
2026-08-18 22:17:19 | INFO | epoch=048 train_batch=180/392 running_loss=0.044348
2026-08-18 22:17:20 | INFO | epoch=048 train_batch=190/392 running_loss=0.044253
2026-08-18 22:17:20 | INFO | epoch=048 train_batch=200/392 running_loss=0.044366
2026-08-18 22:17:20 | INFO | epoch=048 train_batch=210/392 running_loss=0.044362
2026-08-18 22:17:21 | INFO | epoch=048 train_batch=220/392 running_loss=0.044430
2026-08-18 22:17:21 | INFO | epoch=048 train_batch=230/392 running_loss=0.044556
2026-08-18 22:17:21 | INFO | epoch=048 train_batch=240/392 running_loss=0.044665
2026-08-18 22:17:22 | INFO | epoch=048 train_batch=250/392 running_loss=0.044794
2026-08-18 22:17:22 | INFO | epoch=048 train_batch=260/392 running_loss=0.044852
2026-08-18 22:17:22 | INFO | epoch=048 train_batch=270/392 running_loss=0.044736
2026-08-18 22:17:23 | INFO | epoch=048 train_batch=280/392 running_loss=0.044843
2026-08-18 22:17:23 | INFO | epoch=048 train_batch=290/392 running_loss=0.044836
2026-08-18 22:17:23 | INFO | epoch=048 train_batch=300/392 running_loss=0.044886
2026-08-18 22:17:24 | INFO | epoch=048 train_batch=310/392 running_loss=0.044800
2026-08-18 22:17:24 | INFO | epoch=048 train_batch=320/392 running_loss=0.044788
2026-08-18 22:17:24 | INFO | epoch=048 train_batch=330/392 running_loss=0.044695
2026-08-18 22:17:25 | INFO | epoch=048 train_batch=340/392 running_loss=0.044777
2026-08-18 22:17:25 | INFO | epoch=048 train_batch=350/392 running_loss=0.044772
2026-08-18 22:17:25 | INFO | epoch=048 train_batch=360/392 running_loss=0.044769
2026-08-18 22:17:26 | INFO | epoch=048 train_batch=370/392 running_loss=0.044756
2026-08-18 22:17:26 | INFO | epoch=048 train_batch=380/392 running_loss=0.044682
2026-08-18 22:17:26 | INFO | epoch=048 train_batch=390/392 running_loss=0.044693
2026-08-18 22:17:26 | INFO | epoch=048 train_batch=392/392 running_loss=0.044725
2026-08-18 22:17:27 | INFO | epoch=048 train_loss=0.044725 validation_loss=0.250549
2026-08-18 22:17:28 | INFO | epoch=048 saved new best.pt
2026-08-18 22:17:28 | INFO | epoch=049 train_batch=10/392 running_loss=0.046359
2026-08-18 22:17:28 | INFO | epoch=049 train_batch=20/392 running_loss=0.046899
2026-08-18 22:17:29 | INFO | epoch=049 train_batch=30/392 running_loss=0.045918
2026-08-18 22:17:29 | INFO | epoch=049 train_batch=40/392 running_loss=0.045021
2026-08-18 22:17:29 | INFO | epoch=049 train_batch=50/392 running_loss=0.045777
2026-08-18 22:17:29 | INFO | epoch=049 train_batch=60/392 running_loss=0.044967
2026-08-18 22:17:30 | INFO | epoch=049 train_batch=70/392 running_loss=0.044765
2026-08-18 22:17:30 | INFO | epoch=049 train_batch=80/392 running_loss=0.044629
2026-08-18 22:17:30 | INFO | epoch=049 train_batch=90/392 running_loss=0.044506
2026-08-18 22:17:31 | INFO | epoch=049 train_batch=100/392 running_loss=0.044448
2026-08-18 22:17:31 | INFO | epoch=049 train_batch=110/392 running_loss=0.044419
2026-08-18 22:17:31 | INFO | epoch=049 train_batch=120/392 running_loss=0.044536
2026-08-18 22:17:32 | INFO | epoch=049 train_batch=130/392 running_loss=0.044453
2026-08-18 22:17:32 | INFO | epoch=049 train_batch=140/392 running_loss=0.044283
2026-08-18 22:17:32 | INFO | epoch=049 train_batch=150/392 running_loss=0.044425
2026-08-18 22:17:33 | INFO | epoch=049 train_batch=160/392 running_loss=0.044619
2026-08-18 22:17:33 | INFO | epoch=049 train_batch=170/392 running_loss=0.044660
2026-08-18 22:17:33 | INFO | epoch=049 train_batch=180/392 running_loss=0.044717
2026-08-18 22:17:34 | INFO | epoch=049 train_batch=190/392 running_loss=0.044702
2026-08-18 22:17:34 | INFO | epoch=049 train_batch=200/392 running_loss=0.044578
2026-08-18 22:17:34 | INFO | epoch=049 train_batch=210/392 running_loss=0.044552
2026-08-18 22:17:35 | INFO | epoch=049 train_batch=220/392 running_loss=0.044565
2026-08-18 22:17:35 | INFO | epoch=049 train_batch=230/392 running_loss=0.044429
2026-08-18 22:17:35 | INFO | epoch=049 train_batch=240/392 running_loss=0.044365
2026-08-18 22:17:36 | INFO | epoch=049 train_batch=250/392 running_loss=0.044384
2026-08-18 22:17:36 | INFO | epoch=049 train_batch=260/392 running_loss=0.044451
2026-08-18 22:17:36 | INFO | epoch=049 train_batch=270/392 running_loss=0.044399
2026-08-18 22:17:36 | INFO | epoch=049 train_batch=280/392 running_loss=0.044409
2026-08-18 22:17:37 | INFO | epoch=049 train_batch=290/392 running_loss=0.044485
2026-08-18 22:17:37 | INFO | epoch=049 train_batch=300/392 running_loss=0.044461
2026-08-18 22:17:37 | INFO | epoch=049 train_batch=310/392 running_loss=0.044435
2026-08-18 22:17:38 | INFO | epoch=049 train_batch=320/392 running_loss=0.044520
2026-08-18 22:17:38 | INFO | epoch=049 train_batch=330/392 running_loss=0.044451
2026-08-18 22:17:38 | INFO | epoch=049 train_batch=340/392 running_loss=0.044502
2026-08-18 22:17:39 | INFO | epoch=049 train_batch=350/392 running_loss=0.044429
2026-08-18 22:17:39 | INFO | epoch=049 train_batch=360/392 running_loss=0.044399
2026-08-18 22:17:39 | INFO | epoch=049 train_batch=370/392 running_loss=0.044446
2026-08-18 22:17:40 | INFO | epoch=049 train_batch=380/392 running_loss=0.044475
2026-08-18 22:17:40 | INFO | epoch=049 train_batch=390/392 running_loss=0.044521
2026-08-18 22:17:40 | INFO | epoch=049 train_batch=392/392 running_loss=0.044512
2026-08-18 22:17:41 | INFO | epoch=049 train_loss=0.044512 validation_loss=0.251832
2026-08-18 22:17:41 | INFO | epoch=050 train_batch=10/392 running_loss=0.044117
2026-08-18 22:17:42 | INFO | epoch=050 train_batch=20/392 running_loss=0.046321
2026-08-18 22:17:42 | INFO | epoch=050 train_batch=30/392 running_loss=0.045943
2026-08-18 22:17:42 | INFO | epoch=050 train_batch=40/392 running_loss=0.045252
2026-08-18 22:17:43 | INFO | epoch=050 train_batch=50/392 running_loss=0.044517
2026-08-18 22:17:43 | INFO | epoch=050 train_batch=60/392 running_loss=0.043926
2026-08-18 22:17:43 | INFO | epoch=050 train_batch=70/392 running_loss=0.043893
2026-08-18 22:17:44 | INFO | epoch=050 train_batch=80/392 running_loss=0.043662
2026-08-18 22:17:44 | INFO | epoch=050 train_batch=90/392 running_loss=0.043583
2026-08-18 22:17:44 | INFO | epoch=050 train_batch=100/392 running_loss=0.043343
2026-08-18 22:17:45 | INFO | epoch=050 train_batch=110/392 running_loss=0.043484
2026-08-18 22:17:45 | INFO | epoch=050 train_batch=120/392 running_loss=0.043536
2026-08-18 22:17:45 | INFO | epoch=050 train_batch=130/392 running_loss=0.043455
2026-08-18 22:17:46 | INFO | epoch=050 train_batch=140/392 running_loss=0.043691
2026-08-18 22:17:46 | INFO | epoch=050 train_batch=150/392 running_loss=0.043722
2026-08-18 22:17:46 | INFO | epoch=050 train_batch=160/392 running_loss=0.043844
2026-08-18 22:17:47 | INFO | epoch=050 train_batch=170/392 running_loss=0.044049
2026-08-18 22:17:47 | INFO | epoch=050 train_batch=180/392 running_loss=0.044151
2026-08-18 22:17:47 | INFO | epoch=050 train_batch=190/392 running_loss=0.044215
2026-08-18 22:17:48 | INFO | epoch=050 train_batch=200/392 running_loss=0.044286
2026-08-18 22:17:48 | INFO | epoch=050 train_batch=210/392 running_loss=0.044289
2026-08-18 22:17:48 | INFO | epoch=050 train_batch=220/392 running_loss=0.044346
2026-08-18 22:17:48 | INFO | epoch=050 train_batch=230/392 running_loss=0.044283
2026-08-18 22:17:49 | INFO | epoch=050 train_batch=240/392 running_loss=0.044448
2026-08-18 22:17:49 | INFO | epoch=050 train_batch=250/392 running_loss=0.044509
2026-08-18 22:17:49 | INFO | epoch=050 train_batch=260/392 running_loss=0.044458
2026-08-18 22:17:50 | INFO | epoch=050 train_batch=270/392 running_loss=0.044501
2026-08-18 22:17:50 | INFO | epoch=050 train_batch=280/392 running_loss=0.044431
2026-08-18 22:17:50 | INFO | epoch=050 train_batch=290/392 running_loss=0.044461
2026-08-18 22:17:51 | INFO | epoch=050 train_batch=300/392 running_loss=0.044409
2026-08-18 22:17:51 | INFO | epoch=050 train_batch=310/392 running_loss=0.044329
2026-08-18 22:17:51 | INFO | epoch=050 train_batch=320/392 running_loss=0.044291
2026-08-18 22:17:52 | INFO | epoch=050 train_batch=330/392 running_loss=0.044261
2026-08-18 22:17:52 | INFO | epoch=050 train_batch=340/392 running_loss=0.044289
2026-08-18 22:17:52 | INFO | epoch=050 train_batch=350/392 running_loss=0.044336
2026-08-18 22:17:53 | INFO | epoch=050 train_batch=360/392 running_loss=0.044300
2026-08-18 22:17:53 | INFO | epoch=050 train_batch=370/392 running_loss=0.044205
2026-08-18 22:17:53 | INFO | epoch=050 train_batch=380/392 running_loss=0.044183
2026-08-18 22:17:54 | INFO | epoch=050 train_batch=390/392 running_loss=0.044270
2026-08-18 22:17:54 | INFO | epoch=050 train_batch=392/392 running_loss=0.044266
2026-08-18 22:17:55 | INFO | epoch=050 train_loss=0.044266 validation_loss=0.245317
2026-08-18 22:17:55 | INFO | epoch=050 saved new best.pt
2026-08-18 22:17:55 | INFO | Best validation loss: 0.245317; checkpoints saved in /bigdata/users/90967055/fuzzyDynamics/NeurIPS_Fuzzy_Dynamics_code/results/fuzzy_dynamics_20260818_220457_461889/checkpoint
2026-08-18 22:17:56 | INFO | Completed training
2026-08-18 22:17:56 | INFO | Starting evaluation: /bigdata/users/90967055/fuzzyDynamics/NeurIPS_Fuzzy_Dynamics_code/.venv/bin/python -m scripts.evaluate_fuzzy_dynamics --experiment-time 20260818_220457_461889 --activations /bigdata/users/90967055/fuzzyDynamics/NeurIPS_Fuzzy_Dynamics_code/cache/socrates_llama3_8b_tuned_full.pt --results-root /bigdata/users/90967055/fuzzyDynamics/NeurIPS_Fuzzy_Dynamics_code/results --device cuda --batch-size 16 --subset auto --semantic-event-quantile 0.75 --event-id-field uid --log-dir /bigdata/users/90967055/fuzzyDynamics/NeurIPS_Fuzzy_Dynamics_code/logs --log-every-batches 10
2026-08-18 22:18:04 | INFO | Log file: /bigdata/users/90967055/fuzzyDynamics/NeurIPS_Fuzzy_Dynamics_code/logs/fuzzy_dynamics_20260818_220457_461889/evaluate_fuzzy_dynamics_20260818_221804_135320.log
2026-08-18 22:18:04 | INFO | Arguments: {'checkpoint': '/bigdata/users/90967055/fuzzyDynamics/NeurIPS_Fuzzy_Dynamics_code/results/fuzzy_dynamics_20260818_220457_461889/checkpoint/best.pt', 'experiment_time': '20260818_220457_461889', 'latest': False, 'results_root': '/bigdata/users/90967055/fuzzyDynamics/NeurIPS_Fuzzy_Dynamics_code/results', 'activations': '/bigdata/users/90967055/fuzzyDynamics/NeurIPS_Fuzzy_Dynamics_code/cache/socrates_llama3_8b_tuned_full.pt', 'output_dir': None, 'batch_size': 16, 'device': 'cuda', 'split_file': None, 'subset': 'auto', 'semantic_events': None, 'event_id_field': 'uid', 'allow_missing_events': False, 'semantic_event_quantile': 0.75, 'include_operation_proxies': False, 'skip_semantic_alignment': False, 'skip_rollout': False, 'log_dir': '/bigdata/users/90967055/fuzzyDynamics/NeurIPS_Fuzzy_Dynamics_code/logs', 'log_every_batches': 10}
2026-08-18 22:18:04 | INFO | experiment_time=20260818_220457_461889
2026-08-18 22:18:39 | INFO | subset=validation selected=968 holdout_status=verified_training_split_validation
2026-08-18 22:18:39 | INFO | Evaluation outputs: /bigdata/users/90967055/fuzzyDynamics/NeurIPS_Fuzzy_Dynamics_code/results/fuzzy_dynamics_20260818_220457_461889/evaluation
2026-08-18 22:18:41 | INFO | batch=10/61 evaluated_queries=160/968
2026-08-18 22:18:41 | INFO | batch=20/61 evaluated_queries=320/968
2026-08-18 22:18:42 | INFO | batch=30/61 evaluated_queries=480/968
2026-08-18 22:18:43 | INFO | batch=40/61 evaluated_queries=640/968
2026-08-18 22:18:43 | INFO | batch=50/61 evaluated_queries=800/968
2026-08-18 22:18:44 | INFO | batch=60/61 evaluated_queries=960/968
2026-08-18 22:18:44 | INFO | batch=61/61 evaluated_queries=968/968
2026-08-18 22:18:47 | INFO | Metrics:
{
  "schema_version": 2,
  "evaluation": {
    "schema_version": 2,
    "experiment_time": "20260818_220457_461889",
    "checkpoint": "/bigdata/users/90967055/fuzzyDynamics/NeurIPS_Fuzzy_Dynamics_code/results/fuzzy_dynamics_20260818_220457_461889/checkpoint/best.pt",
    "activations": "/bigdata/users/90967055/fuzzyDynamics/NeurIPS_Fuzzy_Dynamics_code/cache/socrates_llama3_8b_tuned_full.pt",
    "checkpoint_epoch": 50,
    "cache_model_name": "data/models/Meta-Llama-3-8B",
    "device": "cuda",
    "selection": {
      "subset": "validation",
      "split_file": "/bigdata/users/90967055/fuzzyDynamics/NeurIPS_Fuzzy_Dynamics_code/results/fuzzy_dynamics_20260818_220457_461889/training/split.json",
      "split_by": "category",
      "selected_count": 968,
      "cache_count": 7232,
      "selected_indices_sha256": "406df7a5a25190b575f7d4d8f26ad341d81b75ac009c2affb15f31008fdde3ec",
      "same_as_training_activation_cache": true,
      "holdout_status": "verified_training_split_validation"
    },
    "semantic_events": {
      "kind": "automatic_training_prior_overlapping_proxies",
      "independent_of_training": false,
      "layer_axis": "transition_s_l_to_s_l_plus_1",
      "include_operation_proxies": false,
      "first_token_bridge_and_answer_scores": true
    }
  },
  "fidelity": {
    "one_step": {
      "mse": 0.08251818269491196,
      "mae": 0.17501333355903625,
      "r2": 0.7634737092813961,
      "r2_defined": true,
      "r2_reason": null,
      "target_sum_squares": 1394072.3636176093,
      "target_variance": 0.34887533925179615,
      "cosine_similarity": 0.8272791504859924,
      "per_layer": [
        {
          "layer": 0,
          "mse": 0.004027141258120537,
          "mae": 0.036936886608600616,
          "r2": 0.6658101501569038,
          "r2_defined": true,
          "r2_reason": null,
          "target_sum_squares": 1504.7649835769325,
          "target_variance": 0.012050459539183584,
          "cosine_similarity": 0.9896361231803894
        },
        {
          "layer": 1,
          "mse": 0.015315351076424122,
          "mae": 0.06992033123970032,
          "r2": 0.5739406841982562,
          "r2_defined": true,
          "r2_reason": null,
          "target_sum_squares": 4488.714180970575,
          "target_variance": 0.03594652268699609,
          "cosine_similarity": 0.9168639779090881
        },
        {
          "layer": 2,
          "mse": 0.017087768763303757,
          "mae": 0.0727590024471283,
          "r2": 0.6989311861248623,
          "r2_defined": true,
          "r2_reason": null,
          "target_sum_squares": 7087.362617097188,
          "target_variance": 0.0567570201253859,
          "cosine_similarity": 0.9422121644020081
        },
        {
          "layer": 3,
          "mse": 0.04599937051534653,
          "mae": 0.11931446194648743,
          "r2": 0.47687020423906257,
          "r2_defined": true,
          "r2_reason": null,
          "target_sum_squares": 10980.13095201433,
          "target_variance": 0.08793108905130317,
          "cosine_similarity": 0.8675918579101562
        },
        {
          "layer": 4,
          "mse": 0.07764977216720581,
          "mae": 0.14359916746616364,
          "r2": 0.4279810079007257,
          "r2_defined": true,
          "r2_reason": null,
          "target_sum_squares": 16950.980577539078,
          "target_variance": 0.13574684939409218,
          "cosine_similarity": 0.871029794216156
        },
        {
          "layer": 5,
          "mse": 0.07135599106550217,
          "mae": 0.14797340333461761,
          "r2": 0.5730945518195483,
          "r2_defined": true,
          "r2_reason": null,
          "target_sum_squares": 20871.987512703854,
          "target_variance": 0.16714705868972912,
          "cosine_similarity": 0.858392059803009
        },
        {
          "layer": 6,
          "mse": 0.0832059383392334,
          "mae": 0.16043534874916077,
          "r2": 0.3254516019160568,
          "r2_defined": true,
          "r2_reason": null,
          "target_sum_squares": 15403.033666995421,
          "target_variance": 0.12335058033022152,
          "cosine_similarity": 0.7837234735488892
        },
        {
          "layer": 7,
          "mse": 0.07125215232372284,
          "mae": 0.1514386087656021,
          "r2": 0.5025765000711803,
          "r2_defined": true,
          "r2_reason": null,
          "target_sum_squares": 17886.969224804776,
          "target_variance": 0.14324243405090634,
          "cosine_similarity": 0.809944748878479
        },
        {
          "layer": 8,
          "mse": 0.06896284967660904,
          "mae": 0.1481575071811676,
          "r2": 0.5476921591423609,
          "r2_defined": true,
          "r2_reason": null,
          "target_sum_squares": 19039.0883460973,
          "target_variance": 0.1524688348556706,
          "cosine_similarity": 0.8641464114189148
        },
        {
          "layer": 9,
          "mse": 0.06150035187602043,
          "mae": 0.14524716138839722,
          "r2": 0.6179288922154491,
          "r2_defined": true,
          "r2_reason": null,
          "target_sum_squares": 20100.111206336886,
          "target_variance": 0.1609657185464867,
          "cosine_similarity": 0.9028140902519226
        },
        {
          "layer": 10,
          "mse": 0.05474334955215454,
          "mae": 0.13430564105510712,
          "r2": 0.5902499978785865,
          "r2_defined": true,
          "r2_reason": null,
          "target_sum_squares": 16683.12761847608,
          "target_variance": 0.13360182922093086,
          "cosine_similarity": 0.8716995120048523
        },
        {
          "layer": 11,
          "mse": 0.0554131418466568,
          "mae": 0.13179883360862732,
          "r2": 0.5112097961815136,
          "r2_defined": true,
          "r2_reason": null,
          "target_sum_squares": 14156.482182258509,
          "target_variance": 0.11336794623501273,
          "cosine_similarity": 0.8985604047775269
        },
        {
          "layer": 12,
          "mse": 0.04595745727419853,
          "mae": 0.12691622972488403,
          "r2": 0.6299934872351898,
          "r2_defined": true,
          "r2_reason": null,
          "target_sum_squares": 15509.99609329289,
          "target_variance": 0.1242071568749831,
          "cosine_similarity": 0.900602400302887
        },
        {
          "layer": 13,
          "mse": 0.05689501017332077,
          "mae": 0.1411229521036148,
          "r2": 0.5308856198688902,
          "r2_defined": true,
          "r2_reason": null,
          "target_sum_squares": 15144.693890907529,
          "target_variance": 0.12128174363274016,
          "cosine_similarity": 0.8975799083709717
        },
        {
          "layer": 14,
          "mse": 0.052241936326026917,
          "mae": 0.1401134431362152,
          "r2": 0.6189291274247686,
          "r2_defined": true,
          "r2_reason": null,
          "target_sum_squares": 17119.007817065933,
          "target_variance": 0.1370924452004127,
          "cosine_similarity": 0.9014897346496582
        },
        {
          "layer": 15,
          "mse": 0.11392856389284134,
          "mae": 0.19951555132865906,
          "r2": 0.20786321968168375,
          "r2_defined": true,
          "r2_reason": null,
          "target_sum_squares": 17959.63447068906,
          "target_variance": 0.14382435190186,
          "cosine_similarity": 0.8379453420639038
        },
        {
          "layer": 16,
          "mse": 0.1027776375412941,
          "mae": 0.19678112864494324,
          "r2": 0.15331562149447153,
          "r2_defined": true,
          "r2_reason": null,
          "target_sum_squares": 15158.008471209807,
          "target_variance": 0.1213883694600055,
          "cosine_similarity": 0.7881886959075928
        },
        {
          "layer": 17,
          "mse": 0.06698011606931686,
          "mae": 0.16949501633644104,
          "r2": 0.33911988851954045,
          "r2_defined": true,
          "r2_reason": null,
          "target_sum_squares": 12655.761975630643,
          "target_variance": 0.10134987808019927,
          "cosine_similarity": 0.8475168347358704
        },
        {
          "layer": 18,
          "mse": 0.06485912203788757,
          "mae": 0.1761457771062851,
          "r2": 0.20071681026526045,
          "r2_defined": true,
          "r2_reason": null,
          "target_sum_squares": 10132.939916425283,
          "target_variance": 0.08114661346358898,
          "cosine_similarity": 0.8261138796806335
        },
        {
          "layer": 19,
          "mse": 0.07474766671657562,
          "mae": 0.1889093518257141,
          "r2": -0.338601152099125,
          "r2_defined": true,
          "r2_reason": null,
          "target_sum_squares": 6972.868883158747,
          "target_variance": 0.05584013135978239,
          "cosine_similarity": 0.7680519223213196
        },
        {
          "layer": 20,
          "mse": 0.048049233853816986,
          "mae": 0.15538406372070312,
          "r2": 0.043498952207868036,
          "r2_defined": true,
          "r2_reason": null,
          "target_sum_squares": 6272.866931963164,
          "target_variance": 0.05023437545617243,
          "cosine_similarity": 0.8193134069442749
        },
        {
          "layer": 21,
          "mse": 0.14318209886550903,
          "mae": 0.2678150534629822,
          "r2": -0.9299113939990911,
          "r2_defined": true,
          "r2_reason": null,
          "target_sum_squares": 9264.381427894858,
          "target_variance": 0.07419102303074233,
          "cosine_similarity": 0.7225651144981384
        },
        {
          "layer": 22,
          "mse": 0.08959661424160004,
          "mae": 0.21252870559692383,
          "r2": -0.503509342184356,
          "r2_defined": true,
          "r2_reason": null,
          "target_sum_squares": 7441.3297379770165,
          "target_variance": 0.059591659763413865,
          "cosine_similarity": 0.7123355269432068
        },
        {
          "layer": 23,
          "mse": 0.08185117691755295,
          "mae": 0.2036353051662445,
          "r2": -0.3717313173129524,
          "r2_defined": true,
          "r2_reason": null,
          "target_sum_squares": 7451.108937880016,
          "target_variance": 0.05966997355596143,
          "cosine_similarity": 0.7220592498779297
        },
        {
          "layer": 24,
          "mse": 0.07617677748203278,
          "mae": 0.1943950653076172,
          "r2": -0.24077429730164712,
          "r2_defined": true,
          "r2_reason": null,
          "target_sum_squares": 7666.46055445069,
          "target_variance": 0.06139455245732182,
          "cosine_similarity": 0.6678369641304016
        },
        {
          "layer": 25,
          "mse": 0.06697805225849152,
          "mae": 0.18766896426677704,
          "r2": -0.3889444679280758,
          "r2_defined": true,
          "r2_reason": null,
          "target_sum_squares": 6021.610895866612,
          "target_variance": 0.048222266768103435,
          "cosine_similarity": 0.6202796101570129
        },
        {
          "layer": 26,
          "mse": 0.07548034191131592,
          "mae": 0.19474956393241882,
          "r2": -0.3957598575897505,
          "r2_defined": true,
          "r2_reason": null,
          "target_sum_squares": 6752.86727591049,
          "target_variance": 0.05407831440123078,
          "cosine_similarity": 0.6264755129814148
        },
        {
          "layer": 27,
          "mse": 0.06781937181949615,
          "mae": 0.19277574121952057,
          "r2": -0.20168550869135848,
          "r2_defined": true,
          "r2_reason": null,
          "target_sum_squares": 7047.384397558664,
          "target_variance": 0.05643686653179787,
          "cosine_similarity": 0.7199966907501221
        },
        {
          "layer": 28,
          "mse": 0.07347153127193451,
          "mae": 0.1955307424068451,
          "r2": -0.2711743700936704,
          "r2_defined": true,
          "r2_reason": null,
          "target_sum_squares": 7217.370974130834,
          "target_variance": 0.05779815310182294,
          "cosine_similarity": 0.811212956905365
        },
        {
          "layer": 29,
          "mse": 0.08538463711738586,
          "mae": 0.2217908352613449,
          "r2": -0.2275025335536538,
          "r2_defined": true,
          "r2_reason": null,
          "target_sum_squares": 8686.05137522054,
          "target_variance": 0.06955964007319929,
          "cosine_similarity": 0.893793523311615
        },
        {
          "layer": 30,
          "mse": 0.11286710202693939,
          "mae": 0.2562628388404846,
          "r2": 0.42592299941385847,
          "r2_defined": true,
          "r2_reason": null,
          "target_sum_squares": 24550.610985063424,
          "target_variance": 0.19660621264225306,
          "cosine_similarity": 0.9028967022895813
        },
        {
          "layer": 31,
          "mse": 0.5148244500160217,
          "mae": 0.5170041918754578,
          "r2": 0.7373081441570369,
          "r2_defined": true,
          "r2_reason": null,
          "target_sum_squares": 244724.6023489544,
          "target_variance": 1.959803657737158,
          "cosine_similarity": 0.9100643396377563
        }
      ],
      "layer_macro_r2": 0.20405301129248107,
      "early_layers_0_8_macro_r2": 0.5324831161743285,
      "middle_layers_9_17_macro_r2": 0.4666106278333437,
      "late_layers_18_29_macro_r2": -0.30211487319004604,
      "final_layers_30_31_macro_r2": 0.5816155717854476,
      "components": {
        "z": {
          "mse": 0.030280018225312233,
          "mae": 0.10326254367828369,
          "r2": 0.8581818502155564,
          "r2_defined": true,
          "r2_reason": null,
          "target_sum_squares": 423281.8384026821,
          "target_variance": 0.21351300119582606,
          "cosine_similarity": 0.7098211646080017
        },
        "concept": {
          "mse": 0.07652894407510757,
          "mae": 0.1669244021177292,
          "r2": 0.7237222168445112,
          "r2_defined": true,
          "r2_reason": null,
          "target_sum_squares": 274571.2546188286,
          "target_variance": 0.2769999905358469,
          "cosine_similarity": 0.7318517565727234
        },
        "belief": {
          "mse": 0.1954120248556137,
          "mae": 0.33059456944465637,
          "r2": 0.7216696247318947,
          "r2_defined": true,
          "r2_reason": null,
          "target_sum_squares": 695930.7583267954,
          "target_variance": 0.7020866541100321,
          "cosine_similarity": 0.8264573812484741
        },
        "uncertainty": {
          "mse": 0.004813769832253456,
          "mae": 0.04730996862053871,
          "r2": 0.48317161520184304,
          "r2_defined": true,
          "r2_reason": null,
          "target_sum_squares": 288.51226930301846,
          "target_variance": 0.009314058280701783,
          "cosine_similarity": 0.5675361752510071
        }
      },
      "macro_r2": 0.6966863267484513,
      "macro_r2_available_components": 0.6966863267484513,
      "macro_r2_defined_components": 4
    },
    "conditional_rollout": {
      "kind": "conditional_on_observed_attention_and_mlp",
      "initial_state_mse": 0.0,
      "rollout_error": 7878.9248046875,
      "mse": 61.076934814453125,
      "rmse": 7.815173149108887,
      "final_state_squared_l2": 63450.05078125,
      "final_state_mse": 491.86083984375,
      "per_horizon": [
        {
          "horizon": 1,
          "squared_l2": 0.5195013880729675,
          "mse": 0.004027141723781824,
          "mae": 0.03693689405918121,
          "r2": 0.7037794236085588,
          "r2_defined": true,
          "r2_reason": null,
          "target_sum_squares": 1697.6445989860233,
          "target_variance": 0.013595078151915747,
          "cosine_similarity": 0.9869611859321594
        },
        {
          "horizon": 2,
          "squared_l2": 2.4311816692352295,
          "mse": 0.01884637027978897,
          "mae": 0.08116824179887772,
          "r2": 0.5743345930119546,
          "r2_defined": true,
          "r2_reason": null,
          "target_sum_squares": 5528.717813687222,
          "target_variance": 0.04427508019161398,
          "cosine_similarity": 0.9440878033638
        },
        {
          "horizon": 3,
          "squared_l2": 4.358887672424316,
          "mse": 0.033789828419685364,
          "mae": 0.11223842203617096,
          "r2": 0.518508633151718,
          "r2_defined": true,
          "r2_reason": null,
          "target_sum_squares": 8763.196482194227,
          "target_variance": 0.07017743354950852,
          "cosine_similarity": 0.9179109334945679
        },
        {
          "horizon": 4,
          "squared_l2": 9.519003868103027,
          "mse": 0.07379072904586792,
          "mae": 0.17083482444286346,
          "r2": 0.3330053046367907,
          "r2_defined": true,
          "r2_reason": null,
          "target_sum_squares": 13814.795697044403,
          "target_variance": 0.11063165238840095,
          "cosine_similarity": 0.8581466674804688
        },
        {
          "horizon": 5,
          "squared_l2": 16.0170955657959,
          "mse": 0.12416351586580276,
          "mae": 0.22776031494140625,
          "r2": 0.3336259116966641,
          "r2_defined": true,
          "r2_reason": null,
          "target_sum_squares": 23267.03309205761,
          "target_variance": 0.1863270636496381,
          "cosine_similarity": 0.8322603702545166
        },
        {
          "horizon": 6,
          "squared_l2": 21.19350242614746,
          "mse": 0.16429074108600616,
          "mae": 0.2710407078266144,
          "r2": 0.2393471326026202,
          "r2_defined": true,
          "r2_reason": null,
          "target_sum_squares": 26970.662881179167,
          "target_variance": 0.21598647319798808,
          "cosine_similarity": 0.7748236656188965
        },
        {
          "horizon": 7,
          "squared_l2": 30.677043914794922,
          "mse": 0.2378065288066864,
          "mae": 0.3305123746395111,
          "r2": -0.2660217794207971,
          "r2_defined": true,
          "r2_reason": null,
          "target_sum_squares": 23455.660637693098,
          "target_variance": 0.18783763083552035,
          "cosine_similarity": 0.6733003258705139
        },
        {
          "horizon": 8,
          "squared_l2": 34.50773239135742,
          "mse": 0.2675018012523651,
          "mae": 0.3675943613052368,
          "r2": -0.1879194669087132,
          "r2_defined": true,
          "r2_reason": null,
          "target_sum_squares": 28119.31705357755,
          "target_variance": 0.22518512599764198,
          "cosine_similarity": 0.6895673871040344
        },
        {
          "horizon": 9,
          "squared_l2": 44.07752990722656,
          "mse": 0.34168633818626404,
          "mae": 0.42503082752227783,
          "r2": -0.47684332709925226,
          "r2_defined": true,
          "r2_reason": null,
          "target_sum_squares": 28890.71014090717,
          "target_variance": 0.23136259642599757,
          "cosine_similarity": 0.6108368635177612
        },
        {
          "horizon": 10,
          "squared_l2": 53.163692474365234,
          "mse": 0.4121216833591461,
          "mae": 0.48173704743385315,
          "r2": -0.5509542512629606,
          "r2_defined": true,
          "r2_reason": null,
          "target_sum_squares": 33181.157301293824,
          "target_variance": 0.2657213570800005,
          "cosine_similarity": 0.6219775080680847
        },
        {
          "horizon": 11,
          "squared_l2": 68.38458251953125,
          "mse": 0.5301130414009094,
          "mae": 0.5514577031135559,
          "r2": -1.033908032526575,
          "r2_defined": true,
          "r2_reason": null,
          "target_sum_squares": 32546.34800547622,
          "target_variance": 0.26063767702508345,
          "cosine_similarity": 0.5160314440727234
        },
        {
          "horizon": 12,
          "squared_l2": 89.60964965820312,
          "mse": 0.6946485638618469,
          "mae": 0.6317577958106995,
          "r2": -1.794516093019494,
          "r2_defined": true,
          "r2_reason": null,
          "target_sum_squares": 31040.13162099075,
          "target_variance": 0.2485755943765676,
          "cosine_similarity": 0.4472861886024475
        },
        {
          "horizon": 13,
          "squared_l2": 112.74651336669922,
          "mse": 0.874004065990448,
          "mae": 0.7134602665901184,
          "r2": -2.8498553912165443,
          "r2_defined": true,
          "r2_reason": null,
          "target_sum_squares": 28348.760490425644,
          "target_variance": 0.22702255501974536,
          "cosine_similarity": 0.4004153907299042
        },
        {
          "horizon": 14,
          "squared_l2": 157.5364227294922,
          "mse": 1.22121262550354,
          "mae": 0.8389468193054199,
          "r2": -4.027592619146535,
          "r2_defined": true,
          "r2_reason": null,
          "target_sum_squares": 30331.665361415886,
          "target_variance": 0.2429020545952326,
          "cosine_similarity": 0.35482481122016907
        },
        {
          "horizon": 15,
          "squared_l2": 213.61952209472656,
          "mse": 1.6559654474258423,
          "mae": 0.9779497981071472,
          "r2": -5.7704393155981375,
          "r2_defined": true,
          "r2_reason": null,
          "target_sum_squares": 30542.14017549309,
          "target_variance": 0.24458757908492768,
          "cosine_similarity": 0.2797493636608124
        },
        {
          "horizon": 16,
          "squared_l2": 311.8575439453125,
          "mse": 2.4175004959106445,
          "mae": 1.1774879693984985,
          "r2": -8.540464974792709,
          "r2_defined": true,
          "r2_reason": null,
          "target_sum_squares": 31641.86413431055,
          "target_variance": 0.25339438892874744,
          "cosine_similarity": 0.2043391466140747
        },
        {
          "horizon": 17,
          "squared_l2": 455.8561706542969,
          "mse": 3.533768653869629,
          "mae": 1.4022561311721802,
          "r2": -11.694437184878293,
          "r2_defined": true,
          "r2_reason": null,
          "target_sum_squares": 34760.796568072685,
          "target_variance": 0.27837142488366234,
          "cosine_similarity": 0.13614922761917114
        },
        {
          "horizon": 18,
          "squared_l2": 671.9031982421875,
          "mse": 5.20855188369751,
          "mae": 1.6964877843856812,
          "r2": -17.74324415388413,
          "r2_defined": true,
          "r2_reason": null,
          "target_sum_squares": 34700.62604935828,
          "target_variance": 0.27788956731179354,
          "cosine_similarity": 0.04144752398133278
        },
        {
          "horizon": 19,
          "squared_l2": 955.9857788085938,
          "mse": 7.41074275970459,
          "mae": 2.0222766399383545,
          "r2": -24.338238950236658,
          "r2_defined": true,
          "r2_reason": null,
          "target_sum_squares": 36521.647857185366,
          "target_variance": 0.29247267487655654,
          "cosine_similarity": 0.01486184075474739
        },
        {
          "horizon": 20,
          "squared_l2": 1324.7047119140625,
          "mse": 10.269027709960938,
          "mae": 2.3649022579193115,
          "r2": -33.10109846119717,
          "r2_defined": true,
          "r2_reason": null,
          "target_sum_squares": 37603.306077067704,
          "target_variance": 0.3011348106626602,
          "cosine_similarity": -0.006919075734913349
        },
        {
          "horizon": 21,
          "squared_l2": 1814.7535400390625,
          "mse": 14.06785774230957,
          "mae": 2.7562503814697266,
          "r2": -42.145485975993196,
          "r2_defined": true,
          "r2_reason": null,
          "target_sum_squares": 40715.29998888685,
          "target_variance": 0.3260562815433952,
          "cosine_similarity": -0.020407015457749367
        },
        {
          "horizon": 22,
          "squared_l2": 2563.027587890625,
          "mse": 19.868431091308594,
          "mae": 3.253779888153076,
          "r2": -48.54685979519914,
          "r2_defined": true,
          "r2_reason": null,
          "target_sum_squares": 50074.027048598284,
          "target_variance": 0.4010028433003258,
          "cosine_similarity": -0.010182162746787071
        },
        {
          "horizon": 23,
          "squared_l2": 3628.058349609375,
          "mse": 28.12448501586914,
          "mae": 3.8297462463378906,
          "r2": -63.1749638560685,
          "r2_defined": true,
          "r2_reason": null,
          "target_sum_squares": 54724.775918189756,
          "target_variance": 0.438246972245097,
          "cosine_similarity": -0.003681688802316785
        },
        {
          "horizon": 24,
          "squared_l2": 5232.10888671875,
          "mse": 40.55897903442383,
          "mae": 4.535229206085205,
          "r2": -74.097773756864,
          "r2_defined": true,
          "r2_reason": null,
          "target_sum_squares": 67441.16546045452,
          "target_variance": 0.5400823680284973,
          "cosine_similarity": 0.04647352918982506
        },
        {
          "horizon": 25,
          "squared_l2": 7530.875,
          "mse": 58.378875732421875,
          "mae": 5.352064609527588,
          "r2": -92.98907247732915,
          "r2_defined": true,
          "r2_reason": null,
          "target_sum_squares": 77561.00295747216,
          "target_variance": 0.6211240546917817,
          "cosine_similarity": 0.02765778638422489
        },
        {
          "horizon": 26,
          "squared_l2": 11022.814453125,
          "mse": 85.44817352294922,
          "mae": 6.355688095092773,
          "r2": -128.0951045875076,
          "r2_defined": true,
          "r2_reason": null,
          "target_sum_squares": 82652.89547668013,
          "target_variance": 0.661900950386637,
          "cosine_similarity": 0.03162674605846405
        },
        {
          "horizon": 27,
          "squared_l2": 15517.6962890625,
          "mse": 120.29222106933594,
          "mae": 7.4530439376831055,
          "r2": -161.50888163456233,
          "r2_defined": true,
          "r2_reason": null,
          "target_sum_squares": 92432.67546894209,
          "target_variance": 0.7402193884052637,
          "cosine_similarity": 0.013238375075161457
        },
        {
          "horizon": 28,
          "squared_l2": 21394.638671875,
          "mse": 165.84991455078125,
          "mae": 8.678524017333984,
          "r2": -211.7636968916411,
          "r2_defined": true,
          "r2_reason": null,
          "target_sum_squares": 97338.08408556235,
          "target_variance": 0.7795028836373434,
          "cosine_similarity": 0.011764593422412872
        },
        {
          "horizon": 29,
          "squared_l2": 28949.169921875,
          "mse": 224.41217041015625,
          "mae": 10.064788818359375,
          "r2": -260.0045442332967,
          "r2_defined": true,
          "r2_reason": null,
          "target_sum_squares": 107365.17088385728,
          "target_variance": 0.8598018041182753,
          "cosine_similarity": 0.04013654217123985
        },
        {
          "horizon": 30,
          "squared_l2": 37067.8671875,
          "mse": 287.3478088378906,
          "mae": 11.347150802612305,
          "r2": -290.3239886161842,
          "r2_defined": true,
          "r2_reason": null,
          "target_sum_squares": 123167.67418029465,
          "target_variance": 0.9863514172936659,
          "cosine_similarity": 0.014217441901564598
        },
        {
          "horizon": 31,
          "squared_l2": 49375.85546875,
          "mse": 382.7585754394531,
          "mae": 13.121708869934082,
          "r2": -298.2750833639351,
          "r2_defined": true,
          "r2_reason": null,
          "target_sum_squares": 159705.33270401496,
          "target_variance": 1.278952308796327,
          "cosine_similarity": 0.009631961584091187
        },
        {
          "horizon": 32,
          "squared_l2": 63450.05078125,
          "mse": 491.86083984375,
          "mae": 14.966676712036133,
          "r2": -167.6426532166346,
          "r2_defined": true,
          "r2_reason": null,
          "target_sum_squares": 364199.9595118258,
          "target_variance": 2.916586260425282,
          "cosine_similarity": 0.05364389717578888
        }
      ],
      "positive_r2_horizon": 6,
      "components": {
        "z": {
          "mse": 58.39146423339844,
          "mae": 3.0832631587982178,
          "r2": -98.33104515762443,
          "r2_defined": true,
          "r2_reason": null,
          "target_sum_squares": 1165385.587492659,
          "target_variance": 0.5878470365629131,
          "cosine_similarity": 0.27052605152130127
        },
        "concept": {
          "mse": 70.41184997558594,
          "mae": 3.8310892581939697,
          "r2": -84.76512705297664,
          "r2_defined": true,
          "r2_reason": null,
          "target_sum_squares": 813786.2753679389,
          "target_variance": 0.8209846689452509,
          "cosine_similarity": 0.28954005241394043
        },
        "belief": {
          "mse": 59.00782775878906,
          "mae": 3.420567035675049,
          "r2": -45.12754961895352,
          "r2_defined": true,
          "r2_reason": null,
          "target_sum_squares": 1268015.4825935946,
          "target_variance": 1.2792317869011438,
          "cosine_similarity": 0.3696485757827759
        },
        "uncertainty": {
          "mse": 0.44128113985061646,
          "mae": 0.33527660369873047,
          "r2": -20.435337052739847,
          "r2_defined": true,
          "r2_reason": null,
          "target_sum_squares": 637.6911407382144,
          "target_variance": 0.020586619987674793,
          "cosine_similarity": 0.8889462947845459
        }
      },
      "macro_r2": -62.164764720573615,
      "macro_r2_available_components": -62.164764720573615,
      "macro_r2_defined_components": 4
    }
  },
  "semantic_alignment": {
    "modes": {
      "knowledge_enrichment": {
        "available": false,
        "reason": "event_definition_unavailable",
        "auroc": null,
        "average_precision": null
      },
      "information_routing": {
        "available": false,
        "reason": "event_definition_unavailable",
        "auroc": null,
        "average_precision": null
      },
      "concept_composition": {
        "available": true,
        "num_examples": 30976,
        "num_positive": 4418,
        "num_negative": 26558,
        "prevalence": 0.14262654958677687,
        "auroc": 0.5448271932207039,
        "average_precision": 0.14464919527176212,
        "source": "positive_first_token_bridge_log_probability_change",
        "independent_of_training_prior": false,
        "label_rule": "per_query_top_0.250_quantile",
        "num_queries": 968,
        "num_queries_with_valid_layers": 968,
        "num_queries_with_positive_events": 968,
        "coverage": 1.0
      },
      "prediction_refinement": {
        "available": true,
        "num_examples": 30976,
        "num_positive": 2305,
        "num_negative": 28671,
        "prevalence": 0.07441244834710743,
        "auroc": 0.33123121453189,
        "average_precision": 0.051176202630402665,
        "source": "joint_first_token_answer_logprob_increase_and_uncertainty_decrease",
        "independent_of_training_prior": false,
        "label_rule": "per_query_top_0.250_quantile",
        "num_queries": 968,
        "num_queries_with_valid_layers": 968,
        "num_queries_with_positive_events": 968,
        "coverage": 1.0
      },
      "hop_transition": {
        "available": true,
        "num_examples": 30976,
        "num_positive": 2422,
        "num_negative": 28554,
        "prevalence": 0.07818956611570248,
        "auroc": 0.48915065791288753,
        "average_precision": 0.07598410308198723,
        "source": "joint_first_token_bridge_logprob_decrease_and_answer_logprob_increase",
        "independent_of_training_prior": false,
        "label_rule": "per_query_top_0.250_quantile",
        "num_queries": 968,
        "num_queries_with_valid_layers": 968,
        "num_queries_with_positive_events": 968,
        "coverage": 1.0
      }
    },
    "event_quantile": 0.75,
    "num_available_modes": 3,
    "available_modes": [
      "concept_composition",
      "prediction_refinement",
      "hop_transition"
    ],
    "available_mode_fraction": 0.6,
    "macro_auroc": null,
    "macro_average_precision": null,
    "diagnostic_macro_auroc_available_modes": 0.45506968855516045,
    "diagnostic_macro_average_precision_available_modes": 0.09060316699471734,
    "strict_macro_requires_all_five_modes": true,
    "strict_macro_requires_independent_events": true,
    "all_events_independent_of_training_prior": false,
    "strict_macro_reason": "requires_defined_independent_events_for_all_five_modes"
  }
}
2026-08-18 22:18:47 | INFO | holdout_status=verified_training_split_validation
2026-08-18 22:18:47 | INFO | Saved 968 trajectories to /bigdata/users/90967055/fuzzyDynamics/NeurIPS_Fuzzy_Dynamics_code/results/fuzzy_dynamics_20260818_220457_461889/evaluation/trajectories.jsonl
2026-08-18 22:18:48 | INFO | Completed evaluation
2026-08-18 22:18:48 | INFO | Starting plotting: /bigdata/users/90967055/fuzzyDynamics/NeurIPS_Fuzzy_Dynamics_code/.venv/bin/python -m scripts.plot_trajectory --trajectories /bigdata/users/90967055/fuzzyDynamics/NeurIPS_Fuzzy_Dynamics_code/results/fuzzy_dynamics_20260818_220457_461889/evaluation/trajectories.jsonl --index 0 --experiment-time 20260818_220457_461889 --log-dir /bigdata/users/90967055/fuzzyDynamics/NeurIPS_Fuzzy_Dynamics_code/logs
2026-08-18 22:18:55 | INFO | Log file: /bigdata/users/90967055/fuzzyDynamics/NeurIPS_Fuzzy_Dynamics_code/logs/fuzzy_dynamics_20260818_220457_461889/plot_trajectory_20260818_221855_715490.log
2026-08-18 22:18:55 | INFO | Arguments: {'trajectories': '/bigdata/users/90967055/fuzzyDynamics/NeurIPS_Fuzzy_Dynamics_code/results/fuzzy_dynamics_20260818_220457_461889/evaluation/trajectories.jsonl', 'index': 0, 'output': None, 'experiment_time': '20260818_220457_461889', 'log_dir': '/bigdata/users/90967055/fuzzyDynamics/NeurIPS_Fuzzy_Dynamics_code/logs'}
2026-08-18 22:18:55 | INFO | experiment_time=20260818_220457_461889
2026-08-18 22:18:58 | INFO | Saved /bigdata/users/90967055/fuzzyDynamics/NeurIPS_Fuzzy_Dynamics_code/results/fuzzy_dynamics_20260818_220457_461889/evaluation/trajectory_0.png
2026-08-18 22:18:59 | INFO | Completed plotting
2026-08-18 22:18:59 | INFO | Pipeline complete: /bigdata/users/90967055/fuzzyDynamics/NeurIPS_Fuzzy_Dynamics_code/results/fuzzy_dynamics_20260818_220457_461889
EXPERIMENT_TIME=20260818_220457_461889
EXPERIMENT_DIR=/bigdata/users/90967055/fuzzyDynamics/NeurIPS_Fuzzy_Dynamics_code/results/fuzzy_dynamics_20260818_220457_461889
