array_task=2/4 config_index=2 seed_index=0
config=configs/fuzzy_dynamics_rollout_h4.json seed=44
project_root=/bigdata/users/90967055/fuzzyDynamics/NeurIPS_Fuzzy_Dynamics_code
python=/bigdata/users/90967055/fuzzyDynamics/NeurIPS_Fuzzy_Dynamics_code/.venv/bin/python
activations=cache/socrates_llama3_8b_tuned_full.pt
config=configs/fuzzy_dynamics_rollout_h4.json seed=44 device=cuda
activation_archive_ok=cache/socrates_llama3_8b_tuned_full.pt entries=17
python=3.11.8 executable=/bigdata/users/90967055/fuzzyDynamics/NeurIPS_Fuzzy_Dynamics_code/.venv/bin/python
platform=Linux-7.1.4-200.fc44.x86_64-x86_64-with-glibc2.43
numpy=1.26.4 [ok]
torch=2.13.0 [ok]
transformers=4.57.6 [ok]
accelerate=1.14.0 [ok]
datasets=4.8.5 [ok]
pandas=2.3.3 [ok]
tqdm=4.70.0 [ok]
requests=2.34.2 [ok]
matplotlib=3.11.1 [ok]
tuned-lens=0.2.0 [ok]
Unidecode=1.4.0 [ok]
fancy-einsum=0.0.3 [ok]
PyYAML=6.0.3 [ok]
sentencepiece=0.2.2 [ok]
safetensors=0.8.0 [ok]
baukit=0.0.1 [ok]
torch_cuda_build=13.0
cuda_available=True
cuda_device_count=1
Environment check passed.
2026-08-19 20:45:26 | INFO | Log file: /bigdata/users/90967055/fuzzyDynamics/NeurIPS_Fuzzy_Dynamics_code/logs/fuzzy_dynamics_20260819_204526_868768/run_pipeline_20260819_204526_924039.log
2026-08-19 20:45:27 | INFO | experiment_time=20260819_204526_868768
2026-08-19 20:45:27 | INFO | Experiment directory: /bigdata/users/90967055/fuzzyDynamics/NeurIPS_Fuzzy_Dynamics_code/results/fuzzy_dynamics_20260819_204526_868768
2026-08-19 20:45:27 | INFO | Starting training: /bigdata/users/90967055/fuzzyDynamics/NeurIPS_Fuzzy_Dynamics_code/.venv/bin/python -m scripts.train_fuzzy_dynamics --activations /bigdata/users/90967055/fuzzyDynamics/NeurIPS_Fuzzy_Dynamics_code/cache/socrates_llama3_8b_tuned_full.pt --config /bigdata/users/90967055/fuzzyDynamics/NeurIPS_Fuzzy_Dynamics_code/configs/fuzzy_dynamics_rollout_h4.json --seed 44 --device cuda --results-root /bigdata/users/90967055/fuzzyDynamics/NeurIPS_Fuzzy_Dynamics_code/results --experiment-time 20260819_204526_868768 --log-dir /bigdata/users/90967055/fuzzyDynamics/NeurIPS_Fuzzy_Dynamics_code/logs --log-every-batches 10
2026-08-19 20:45:32 | INFO | Log file: /bigdata/users/90967055/fuzzyDynamics/NeurIPS_Fuzzy_Dynamics_code/logs/fuzzy_dynamics_20260819_204526_868768/train_fuzzy_dynamics_20260819_204532_119732.log
2026-08-19 20:45:32 | INFO | Arguments: {'activations': '/bigdata/users/90967055/fuzzyDynamics/NeurIPS_Fuzzy_Dynamics_code/cache/socrates_llama3_8b_tuned_full.pt', 'results_root': '/bigdata/users/90967055/fuzzyDynamics/NeurIPS_Fuzzy_Dynamics_code/results', 'experiment_time': '20260819_204526_868768', 'config': '/bigdata/users/90967055/fuzzyDynamics/NeurIPS_Fuzzy_Dynamics_code/configs/fuzzy_dynamics_rollout_h4.json', 'device': 'cuda', 'seed': 44, 'log_dir': '/bigdata/users/90967055/fuzzyDynamics/NeurIPS_Fuzzy_Dynamics_code/logs', 'log_every_batches': 10}
2026-08-19 20:45:32 | INFO | experiment_time=20260819_204526_868768
2026-08-19 20:45:37 | INFO | split_by=category train=6223 validation=1009
2026-08-19 20:45:37 | INFO | Fitting shared frozen PCA projectors on 8192 training states across all layers
2026-08-19 20:45:39 | INFO | Fitted block-balanced delta scales: min=0.109575 median=0.613265 max=0.999204
2026-08-19 20:45:42 | INFO | Checkpoints: /bigdata/users/90967055/fuzzyDynamics/NeurIPS_Fuzzy_Dynamics_code/results/fuzzy_dynamics_20260819_204526_868768/checkpoint
2026-08-19 20:45:42 | INFO | Training results: /bigdata/users/90967055/fuzzyDynamics/NeurIPS_Fuzzy_Dynamics_code/results/fuzzy_dynamics_20260819_204526_868768/training
2026-08-19 20:45:43 | INFO | epoch=001 train_batch=10/389 running_loss=2.081945
2026-08-19 20:45:43 | INFO | epoch=001 train_batch=20/389 running_loss=1.863610
2026-08-19 20:45:44 | INFO | epoch=001 train_batch=30/389 running_loss=1.767741
2026-08-19 20:45:44 | INFO | epoch=001 train_batch=40/389 running_loss=1.685516
2026-08-19 20:45:44 | INFO | epoch=001 train_batch=50/389 running_loss=1.625984
2026-08-19 20:45:45 | INFO | epoch=001 train_batch=60/389 running_loss=1.580235
2026-08-19 20:45:45 | INFO | epoch=001 train_batch=70/389 running_loss=1.528303
2026-08-19 20:45:45 | INFO | epoch=001 train_batch=80/389 running_loss=1.482232
2026-08-19 20:45:46 | INFO | epoch=001 train_batch=90/389 running_loss=1.444458
2026-08-19 20:45:46 | INFO | epoch=001 train_batch=100/389 running_loss=1.416069
2026-08-19 20:45:46 | INFO | epoch=001 train_batch=110/389 running_loss=1.386043
2026-08-19 20:45:47 | INFO | epoch=001 train_batch=120/389 running_loss=1.355550
2026-08-19 20:45:47 | INFO | epoch=001 train_batch=130/389 running_loss=1.329316
2026-08-19 20:45:47 | INFO | epoch=001 train_batch=140/389 running_loss=1.298236
2026-08-19 20:45:48 | INFO | epoch=001 train_batch=150/389 running_loss=1.270038
2026-08-19 20:45:48 | INFO | epoch=001 train_batch=160/389 running_loss=1.244572
2026-08-19 20:45:48 | INFO | epoch=001 train_batch=170/389 running_loss=1.220244
2026-08-19 20:45:49 | INFO | epoch=001 train_batch=180/389 running_loss=1.194815
2026-08-19 20:45:49 | INFO | epoch=001 train_batch=190/389 running_loss=1.170121
2026-08-19 20:45:50 | INFO | epoch=001 train_batch=200/389 running_loss=1.147564
2026-08-19 20:45:50 | INFO | epoch=001 train_batch=210/389 running_loss=1.125782
2026-08-19 20:45:50 | INFO | epoch=001 train_batch=220/389 running_loss=1.102584
2026-08-19 20:45:51 | INFO | epoch=001 train_batch=230/389 running_loss=1.084344
2026-08-19 20:45:51 | INFO | epoch=001 train_batch=240/389 running_loss=1.065363
2026-08-19 20:45:51 | INFO | epoch=001 train_batch=250/389 running_loss=1.046833
2026-08-19 20:45:52 | INFO | epoch=001 train_batch=260/389 running_loss=1.029635
2026-08-19 20:45:52 | INFO | epoch=001 train_batch=270/389 running_loss=1.012650
2026-08-19 20:45:52 | INFO | epoch=001 train_batch=280/389 running_loss=0.997129
2026-08-19 20:45:53 | INFO | epoch=001 train_batch=290/389 running_loss=0.982096
2026-08-19 20:45:53 | INFO | epoch=001 train_batch=300/389 running_loss=0.967758
2026-08-19 20:45:53 | INFO | epoch=001 train_batch=310/389 running_loss=0.953398
2026-08-19 20:45:54 | INFO | epoch=001 train_batch=320/389 running_loss=0.939924
2026-08-19 20:45:54 | INFO | epoch=001 train_batch=330/389 running_loss=0.927251
2026-08-19 20:45:54 | INFO | epoch=001 train_batch=340/389 running_loss=0.914552
2026-08-19 20:45:55 | INFO | epoch=001 train_batch=350/389 running_loss=0.902538
2026-08-19 20:45:55 | INFO | epoch=001 train_batch=360/389 running_loss=0.890324
2026-08-19 20:45:55 | INFO | epoch=001 train_batch=370/389 running_loss=0.879466
2026-08-19 20:45:56 | INFO | epoch=001 train_batch=380/389 running_loss=0.868789
2026-08-19 20:45:56 | INFO | epoch=001 train_batch=389/389 running_loss=0.858526
2026-08-19 20:45:57 | INFO | epoch=001 train_loss=0.858526 validation_loss=0.416031
2026-08-19 20:45:57 | INFO | epoch=001 saved new best.pt
2026-08-19 20:45:58 | INFO | epoch=002 train_batch=10/389 running_loss=0.436875
2026-08-19 20:45:58 | INFO | epoch=002 train_batch=20/389 running_loss=0.440704
2026-08-19 20:45:58 | INFO | epoch=002 train_batch=30/389 running_loss=0.436388
2026-08-19 20:45:59 | INFO | epoch=002 train_batch=40/389 running_loss=0.435522
2026-08-19 20:45:59 | INFO | epoch=002 train_batch=50/389 running_loss=0.432318
2026-08-19 20:45:59 | INFO | epoch=002 train_batch=60/389 running_loss=0.428495
2026-08-19 20:46:00 | INFO | epoch=002 train_batch=70/389 running_loss=0.425074
2026-08-19 20:46:00 | INFO | epoch=002 train_batch=80/389 running_loss=0.423008
2026-08-19 20:46:01 | INFO | epoch=002 train_batch=90/389 running_loss=0.423930
2026-08-19 20:46:01 | INFO | epoch=002 train_batch=100/389 running_loss=0.417236
2026-08-19 20:46:01 | INFO | epoch=002 train_batch=110/389 running_loss=0.414093
2026-08-19 20:46:02 | INFO | epoch=002 train_batch=120/389 running_loss=0.412471
2026-08-19 20:46:02 | INFO | epoch=002 train_batch=130/389 running_loss=0.407937
2026-08-19 20:46:02 | INFO | epoch=002 train_batch=140/389 running_loss=0.406237
2026-08-19 20:46:03 | INFO | epoch=002 train_batch=150/389 running_loss=0.404005
2026-08-19 20:46:03 | INFO | epoch=002 train_batch=160/389 running_loss=0.401488
2026-08-19 20:46:03 | INFO | epoch=002 train_batch=170/389 running_loss=0.399621
2026-08-19 20:46:04 | INFO | epoch=002 train_batch=180/389 running_loss=0.397274
2026-08-19 20:46:04 | INFO | epoch=002 train_batch=190/389 running_loss=0.395082
2026-08-19 20:46:04 | INFO | epoch=002 train_batch=200/389 running_loss=0.393146
2026-08-19 20:46:05 | INFO | epoch=002 train_batch=210/389 running_loss=0.390928
2026-08-19 20:46:05 | INFO | epoch=002 train_batch=220/389 running_loss=0.389514
2026-08-19 20:46:06 | INFO | epoch=002 train_batch=230/389 running_loss=0.386717
2026-08-19 20:46:06 | INFO | epoch=002 train_batch=240/389 running_loss=0.384675
2026-08-19 20:46:06 | INFO | epoch=002 train_batch=250/389 running_loss=0.381551
2026-08-19 20:46:07 | INFO | epoch=002 train_batch=260/389 running_loss=0.379670
2026-08-19 20:46:07 | INFO | epoch=002 train_batch=270/389 running_loss=0.377936
2026-08-19 20:46:07 | INFO | epoch=002 train_batch=280/389 running_loss=0.375723
2026-08-19 20:46:08 | INFO | epoch=002 train_batch=290/389 running_loss=0.373766
2026-08-19 20:46:08 | INFO | epoch=002 train_batch=300/389 running_loss=0.371737
2026-08-19 20:46:08 | INFO | epoch=002 train_batch=310/389 running_loss=0.370276
2026-08-19 20:46:09 | INFO | epoch=002 train_batch=320/389 running_loss=0.368496
2026-08-19 20:46:09 | INFO | epoch=002 train_batch=330/389 running_loss=0.367805
2026-08-19 20:46:10 | INFO | epoch=002 train_batch=340/389 running_loss=0.365608
2026-08-19 20:46:10 | INFO | epoch=002 train_batch=350/389 running_loss=0.363683
2026-08-19 20:46:10 | INFO | epoch=002 train_batch=360/389 running_loss=0.361897
2026-08-19 20:46:11 | INFO | epoch=002 train_batch=370/389 running_loss=0.360247
2026-08-19 20:46:11 | INFO | epoch=002 train_batch=380/389 running_loss=0.359065
2026-08-19 20:46:11 | INFO | epoch=002 train_batch=389/389 running_loss=0.357322
2026-08-19 20:46:12 | INFO | epoch=002 train_loss=0.357322 validation_loss=0.323849
2026-08-19 20:46:12 | INFO | epoch=002 saved new best.pt
2026-08-19 20:46:13 | INFO | epoch=003 train_batch=10/389 running_loss=0.290118
2026-08-19 20:46:13 | INFO | epoch=003 train_batch=20/389 running_loss=0.284666
2026-08-19 20:46:14 | INFO | epoch=003 train_batch=30/389 running_loss=0.283088
2026-08-19 20:46:14 | INFO | epoch=003 train_batch=40/389 running_loss=0.281906
2026-08-19 20:46:14 | INFO | epoch=003 train_batch=50/389 running_loss=0.282287
2026-08-19 20:46:15 | INFO | epoch=003 train_batch=60/389 running_loss=0.280396
2026-08-19 20:46:15 | INFO | epoch=003 train_batch=70/389 running_loss=0.280582
2026-08-19 20:46:15 | INFO | epoch=003 train_batch=80/389 running_loss=0.280214
2026-08-19 20:46:16 | INFO | epoch=003 train_batch=90/389 running_loss=0.280771
2026-08-19 20:46:16 | INFO | epoch=003 train_batch=100/389 running_loss=0.281372
2026-08-19 20:46:16 | INFO | epoch=003 train_batch=110/389 running_loss=0.281224
2026-08-19 20:46:17 | INFO | epoch=003 train_batch=120/389 running_loss=0.281592
2026-08-19 20:46:17 | INFO | epoch=003 train_batch=130/389 running_loss=0.282415
2026-08-19 20:46:18 | INFO | epoch=003 train_batch=140/389 running_loss=0.281802
2026-08-19 20:46:18 | INFO | epoch=003 train_batch=150/389 running_loss=0.281521
2026-08-19 20:46:18 | INFO | epoch=003 train_batch=160/389 running_loss=0.279242
2026-08-19 20:46:19 | INFO | epoch=003 train_batch=170/389 running_loss=0.277842
2026-08-19 20:46:19 | INFO | epoch=003 train_batch=180/389 running_loss=0.276372
2026-08-19 20:46:19 | INFO | epoch=003 train_batch=190/389 running_loss=0.274916
2026-08-19 20:46:20 | INFO | epoch=003 train_batch=200/389 running_loss=0.275044
2026-08-19 20:46:20 | INFO | epoch=003 train_batch=210/389 running_loss=0.275569
2026-08-19 20:46:20 | INFO | epoch=003 train_batch=220/389 running_loss=0.275465
2026-08-19 20:46:21 | INFO | epoch=003 train_batch=230/389 running_loss=0.274801
2026-08-19 20:46:21 | INFO | epoch=003 train_batch=240/389 running_loss=0.273442
2026-08-19 20:46:22 | INFO | epoch=003 train_batch=250/389 running_loss=0.273112
2026-08-19 20:46:22 | INFO | epoch=003 train_batch=260/389 running_loss=0.272182
2026-08-19 20:46:22 | INFO | epoch=003 train_batch=270/389 running_loss=0.272193
2026-08-19 20:46:23 | INFO | epoch=003 train_batch=280/389 running_loss=0.271518
2026-08-19 20:46:23 | INFO | epoch=003 train_batch=290/389 running_loss=0.271508
2026-08-19 20:46:23 | INFO | epoch=003 train_batch=300/389 running_loss=0.271021
2026-08-19 20:46:24 | INFO | epoch=003 train_batch=310/389 running_loss=0.271026
2026-08-19 20:46:24 | INFO | epoch=003 train_batch=320/389 running_loss=0.270636
2026-08-19 20:46:24 | INFO | epoch=003 train_batch=330/389 running_loss=0.270313
2026-08-19 20:46:25 | INFO | epoch=003 train_batch=340/389 running_loss=0.269607
2026-08-19 20:46:25 | INFO | epoch=003 train_batch=350/389 running_loss=0.268988
2026-08-19 20:46:25 | INFO | epoch=003 train_batch=360/389 running_loss=0.268076
2026-08-19 20:46:26 | INFO | epoch=003 train_batch=370/389 running_loss=0.267756
2026-08-19 20:46:26 | INFO | epoch=003 train_batch=380/389 running_loss=0.267363
2026-08-19 20:46:26 | INFO | epoch=003 train_batch=389/389 running_loss=0.267317
2026-08-19 20:46:27 | INFO | epoch=003 train_loss=0.267317 validation_loss=0.284120
2026-08-19 20:46:28 | INFO | epoch=003 saved new best.pt
2026-08-19 20:46:28 | INFO | epoch=004 train_batch=10/389 running_loss=0.240266
2026-08-19 20:46:28 | INFO | epoch=004 train_batch=20/389 running_loss=0.248644
2026-08-19 20:46:29 | INFO | epoch=004 train_batch=30/389 running_loss=0.249822
2026-08-19 20:46:29 | INFO | epoch=004 train_batch=40/389 running_loss=0.246865
2026-08-19 20:46:29 | INFO | epoch=004 train_batch=50/389 running_loss=0.246195
2026-08-19 20:46:30 | INFO | epoch=004 train_batch=60/389 running_loss=0.246057
2026-08-19 20:46:30 | INFO | epoch=004 train_batch=70/389 running_loss=0.245236
2026-08-19 20:46:30 | INFO | epoch=004 train_batch=80/389 running_loss=0.243320
2026-08-19 20:46:31 | INFO | epoch=004 train_batch=90/389 running_loss=0.242794
2026-08-19 20:46:31 | INFO | epoch=004 train_batch=100/389 running_loss=0.242355
2026-08-19 20:46:32 | INFO | epoch=004 train_batch=110/389 running_loss=0.242141
2026-08-19 20:46:32 | INFO | epoch=004 train_batch=120/389 running_loss=0.241031
2026-08-19 20:46:32 | INFO | epoch=004 train_batch=130/389 running_loss=0.240275
2026-08-19 20:46:33 | INFO | epoch=004 train_batch=140/389 running_loss=0.240994
2026-08-19 20:46:33 | INFO | epoch=004 train_batch=150/389 running_loss=0.241888
2026-08-19 20:46:33 | INFO | epoch=004 train_batch=160/389 running_loss=0.242370
2026-08-19 20:46:34 | INFO | epoch=004 train_batch=170/389 running_loss=0.242467
2026-08-19 20:46:34 | INFO | epoch=004 train_batch=180/389 running_loss=0.240834
2026-08-19 20:46:34 | INFO | epoch=004 train_batch=190/389 running_loss=0.240361
2026-08-19 20:46:35 | INFO | epoch=004 train_batch=200/389 running_loss=0.239880
2026-08-19 20:46:35 | INFO | epoch=004 train_batch=210/389 running_loss=0.239442
2026-08-19 20:46:35 | INFO | epoch=004 train_batch=220/389 running_loss=0.239115
2026-08-19 20:46:36 | INFO | epoch=004 train_batch=230/389 running_loss=0.238242
2026-08-19 20:46:36 | INFO | epoch=004 train_batch=240/389 running_loss=0.238175
2026-08-19 20:46:37 | INFO | epoch=004 train_batch=250/389 running_loss=0.237443
2026-08-19 20:46:37 | INFO | epoch=004 train_batch=260/389 running_loss=0.236972
2026-08-19 20:46:37 | INFO | epoch=004 train_batch=270/389 running_loss=0.236469
2026-08-19 20:46:38 | INFO | epoch=004 train_batch=280/389 running_loss=0.235754
2026-08-19 20:46:38 | INFO | epoch=004 train_batch=290/389 running_loss=0.235670
2026-08-19 20:46:38 | INFO | epoch=004 train_batch=300/389 running_loss=0.235202
2026-08-19 20:46:39 | INFO | epoch=004 train_batch=310/389 running_loss=0.235146
2026-08-19 20:46:39 | INFO | epoch=004 train_batch=320/389 running_loss=0.234751
2026-08-19 20:46:39 | INFO | epoch=004 train_batch=330/389 running_loss=0.234411
2026-08-19 20:46:40 | INFO | epoch=004 train_batch=340/389 running_loss=0.234075
2026-08-19 20:46:40 | INFO | epoch=004 train_batch=350/389 running_loss=0.233890
2026-08-19 20:46:41 | INFO | epoch=004 train_batch=360/389 running_loss=0.233426
2026-08-19 20:46:41 | INFO | epoch=004 train_batch=370/389 running_loss=0.233010
2026-08-19 20:46:41 | INFO | epoch=004 train_batch=380/389 running_loss=0.232470
2026-08-19 20:46:42 | INFO | epoch=004 train_batch=389/389 running_loss=0.232146
2026-08-19 20:46:43 | INFO | epoch=004 train_loss=0.232146 validation_loss=0.261243
2026-08-19 20:46:43 | INFO | epoch=004 saved new best.pt
2026-08-19 20:46:43 | INFO | epoch=005 train_batch=10/389 running_loss=0.201160
2026-08-19 20:46:43 | INFO | epoch=005 train_batch=20/389 running_loss=0.208245
2026-08-19 20:46:44 | INFO | epoch=005 train_batch=30/389 running_loss=0.212620
2026-08-19 20:46:44 | INFO | epoch=005 train_batch=40/389 running_loss=0.212267
2026-08-19 20:46:45 | INFO | epoch=005 train_batch=50/389 running_loss=0.214815
2026-08-19 20:46:45 | INFO | epoch=005 train_batch=60/389 running_loss=0.218631
2026-08-19 20:46:45 | INFO | epoch=005 train_batch=70/389 running_loss=0.218013
2026-08-19 20:46:46 | INFO | epoch=005 train_batch=80/389 running_loss=0.217910
2026-08-19 20:46:46 | INFO | epoch=005 train_batch=90/389 running_loss=0.217560
2026-08-19 20:46:46 | INFO | epoch=005 train_batch=100/389 running_loss=0.218748
2026-08-19 20:46:47 | INFO | epoch=005 train_batch=110/389 running_loss=0.217716
2026-08-19 20:46:47 | INFO | epoch=005 train_batch=120/389 running_loss=0.217150
2026-08-19 20:46:47 | INFO | epoch=005 train_batch=130/389 running_loss=0.216238
2026-08-19 20:46:48 | INFO | epoch=005 train_batch=140/389 running_loss=0.215443
2026-08-19 20:46:48 | INFO | epoch=005 train_batch=150/389 running_loss=0.214784
2026-08-19 20:46:48 | INFO | epoch=005 train_batch=160/389 running_loss=0.214969
2026-08-19 20:46:49 | INFO | epoch=005 train_batch=170/389 running_loss=0.214770
2026-08-19 20:46:49 | INFO | epoch=005 train_batch=180/389 running_loss=0.214419
2026-08-19 20:46:50 | INFO | epoch=005 train_batch=190/389 running_loss=0.213753
2026-08-19 20:46:50 | INFO | epoch=005 train_batch=200/389 running_loss=0.212966
2026-08-19 20:46:50 | INFO | epoch=005 train_batch=210/389 running_loss=0.212917
2026-08-19 20:46:51 | INFO | epoch=005 train_batch=220/389 running_loss=0.212598
2026-08-19 20:46:51 | INFO | epoch=005 train_batch=230/389 running_loss=0.211641
2026-08-19 20:46:51 | INFO | epoch=005 train_batch=240/389 running_loss=0.211686
2026-08-19 20:46:52 | INFO | epoch=005 train_batch=250/389 running_loss=0.210947
2026-08-19 20:46:52 | INFO | epoch=005 train_batch=260/389 running_loss=0.210918
2026-08-19 20:46:52 | INFO | epoch=005 train_batch=270/389 running_loss=0.211065
2026-08-19 20:46:53 | INFO | epoch=005 train_batch=280/389 running_loss=0.210731
2026-08-19 20:46:53 | INFO | epoch=005 train_batch=290/389 running_loss=0.210288
2026-08-19 20:46:54 | INFO | epoch=005 train_batch=300/389 running_loss=0.210422
2026-08-19 20:46:54 | INFO | epoch=005 train_batch=310/389 running_loss=0.210381
2026-08-19 20:46:54 | INFO | epoch=005 train_batch=320/389 running_loss=0.210603
2026-08-19 20:46:55 | INFO | epoch=005 train_batch=330/389 running_loss=0.210206
2026-08-19 20:46:55 | INFO | epoch=005 train_batch=340/389 running_loss=0.209909
2026-08-19 20:46:55 | INFO | epoch=005 train_batch=350/389 running_loss=0.209581
2026-08-19 20:46:56 | INFO | epoch=005 train_batch=360/389 running_loss=0.209409
2026-08-19 20:46:56 | INFO | epoch=005 train_batch=370/389 running_loss=0.208910
2026-08-19 20:46:56 | INFO | epoch=005 train_batch=380/389 running_loss=0.208712
2026-08-19 20:46:57 | INFO | epoch=005 train_batch=389/389 running_loss=0.208303
2026-08-19 20:46:58 | INFO | epoch=005 train_loss=0.208303 validation_loss=0.247182
2026-08-19 20:46:58 | INFO | epoch=005 saved new best.pt
2026-08-19 20:46:58 | INFO | epoch=006 train_batch=10/389 running_loss=0.195474
2026-08-19 20:46:59 | INFO | epoch=006 train_batch=20/389 running_loss=0.188240
2026-08-19 20:46:59 | INFO | epoch=006 train_batch=30/389 running_loss=0.190270
2026-08-19 20:46:59 | INFO | epoch=006 train_batch=40/389 running_loss=0.192544
2026-08-19 20:47:00 | INFO | epoch=006 train_batch=50/389 running_loss=0.194393
2026-08-19 20:47:00 | INFO | epoch=006 train_batch=60/389 running_loss=0.196767
2026-08-19 20:47:00 | INFO | epoch=006 train_batch=70/389 running_loss=0.195959
2026-08-19 20:47:01 | INFO | epoch=006 train_batch=80/389 running_loss=0.196018
2026-08-19 20:47:01 | INFO | epoch=006 train_batch=90/389 running_loss=0.194918
2026-08-19 20:47:01 | INFO | epoch=006 train_batch=100/389 running_loss=0.194742
2026-08-19 20:47:02 | INFO | epoch=006 train_batch=110/389 running_loss=0.194032
2026-08-19 20:47:02 | INFO | epoch=006 train_batch=120/389 running_loss=0.194664
2026-08-19 20:47:03 | INFO | epoch=006 train_batch=130/389 running_loss=0.194847
2026-08-19 20:47:03 | INFO | epoch=006 train_batch=140/389 running_loss=0.194517
2026-08-19 20:47:03 | INFO | epoch=006 train_batch=150/389 running_loss=0.194477
2026-08-19 20:47:04 | INFO | epoch=006 train_batch=160/389 running_loss=0.194991
2026-08-19 20:47:04 | INFO | epoch=006 train_batch=170/389 running_loss=0.195145
2026-08-19 20:47:04 | INFO | epoch=006 train_batch=180/389 running_loss=0.194917
2026-08-19 20:47:05 | INFO | epoch=006 train_batch=190/389 running_loss=0.194274
2026-08-19 20:47:05 | INFO | epoch=006 train_batch=200/389 running_loss=0.193768
2026-08-19 20:47:05 | INFO | epoch=006 train_batch=210/389 running_loss=0.193796
2026-08-19 20:47:06 | INFO | epoch=006 train_batch=220/389 running_loss=0.193783
2026-08-19 20:47:06 | INFO | epoch=006 train_batch=230/389 running_loss=0.193593
2026-08-19 20:47:06 | INFO | epoch=006 train_batch=240/389 running_loss=0.193829
2026-08-19 20:47:07 | INFO | epoch=006 train_batch=250/389 running_loss=0.193660
2026-08-19 20:47:07 | INFO | epoch=006 train_batch=260/389 running_loss=0.193477
2026-08-19 20:47:08 | INFO | epoch=006 train_batch=270/389 running_loss=0.193526
2026-08-19 20:47:08 | INFO | epoch=006 train_batch=280/389 running_loss=0.193317
2026-08-19 20:47:08 | INFO | epoch=006 train_batch=290/389 running_loss=0.193103
2026-08-19 20:47:09 | INFO | epoch=006 train_batch=300/389 running_loss=0.192871
2026-08-19 20:47:09 | INFO | epoch=006 train_batch=310/389 running_loss=0.192613
2026-08-19 20:47:09 | INFO | epoch=006 train_batch=320/389 running_loss=0.192790
2026-08-19 20:47:10 | INFO | epoch=006 train_batch=330/389 running_loss=0.192218
2026-08-19 20:47:10 | INFO | epoch=006 train_batch=340/389 running_loss=0.191620
2026-08-19 20:47:10 | INFO | epoch=006 train_batch=350/389 running_loss=0.191165
2026-08-19 20:47:11 | INFO | epoch=006 train_batch=360/389 running_loss=0.191563
2026-08-19 20:47:11 | INFO | epoch=006 train_batch=370/389 running_loss=0.191867
2026-08-19 20:47:12 | INFO | epoch=006 train_batch=380/389 running_loss=0.191637
2026-08-19 20:47:12 | INFO | epoch=006 train_batch=389/389 running_loss=0.191275
2026-08-19 20:47:13 | INFO | epoch=006 train_loss=0.191275 validation_loss=0.237931
2026-08-19 20:47:13 | INFO | epoch=006 saved new best.pt
2026-08-19 20:47:13 | INFO | epoch=007 train_batch=10/389 running_loss=0.188704
2026-08-19 20:47:14 | INFO | epoch=007 train_batch=20/389 running_loss=0.184930
2026-08-19 20:47:14 | INFO | epoch=007 train_batch=30/389 running_loss=0.184454
2026-08-19 20:47:14 | INFO | epoch=007 train_batch=40/389 running_loss=0.183792
2026-08-19 20:47:15 | INFO | epoch=007 train_batch=50/389 running_loss=0.182905
2026-08-19 20:47:15 | INFO | epoch=007 train_batch=60/389 running_loss=0.181404
2026-08-19 20:47:16 | INFO | epoch=007 train_batch=70/389 running_loss=0.181067
2026-08-19 20:47:16 | INFO | epoch=007 train_batch=80/389 running_loss=0.181715
2026-08-19 20:47:16 | INFO | epoch=007 train_batch=90/389 running_loss=0.181343
2026-08-19 20:47:17 | INFO | epoch=007 train_batch=100/389 running_loss=0.181658
2026-08-19 20:47:17 | INFO | epoch=007 train_batch=110/389 running_loss=0.180792
2026-08-19 20:47:17 | INFO | epoch=007 train_batch=120/389 running_loss=0.181012
2026-08-19 20:47:18 | INFO | epoch=007 train_batch=130/389 running_loss=0.181563
2026-08-19 20:47:18 | INFO | epoch=007 train_batch=140/389 running_loss=0.181712
2026-08-19 20:47:18 | INFO | epoch=007 train_batch=150/389 running_loss=0.182092
2026-08-19 20:47:19 | INFO | epoch=007 train_batch=160/389 running_loss=0.181478
2026-08-19 20:47:19 | INFO | epoch=007 train_batch=170/389 running_loss=0.181335
2026-08-19 20:47:20 | INFO | epoch=007 train_batch=180/389 running_loss=0.180932
2026-08-19 20:47:20 | INFO | epoch=007 train_batch=190/389 running_loss=0.180555
2026-08-19 20:47:20 | INFO | epoch=007 train_batch=200/389 running_loss=0.181290
2026-08-19 20:47:21 | INFO | epoch=007 train_batch=210/389 running_loss=0.181180
2026-08-19 20:47:21 | INFO | epoch=007 train_batch=220/389 running_loss=0.181106
2026-08-19 20:47:21 | INFO | epoch=007 train_batch=230/389 running_loss=0.181494
2026-08-19 20:47:22 | INFO | epoch=007 train_batch=240/389 running_loss=0.181372
2026-08-19 20:47:22 | INFO | epoch=007 train_batch=250/389 running_loss=0.181038
2026-08-19 20:47:22 | INFO | epoch=007 train_batch=260/389 running_loss=0.180681
2026-08-19 20:47:23 | INFO | epoch=007 train_batch=270/389 running_loss=0.180497
2026-08-19 20:47:23 | INFO | epoch=007 train_batch=280/389 running_loss=0.179903
2026-08-19 20:47:24 | INFO | epoch=007 train_batch=290/389 running_loss=0.180349
2026-08-19 20:47:24 | INFO | epoch=007 train_batch=300/389 running_loss=0.180591
2026-08-19 20:47:24 | INFO | epoch=007 train_batch=310/389 running_loss=0.180600
2026-08-19 20:47:25 | INFO | epoch=007 train_batch=320/389 running_loss=0.180265
2026-08-19 20:47:25 | INFO | epoch=007 train_batch=330/389 running_loss=0.180048
2026-08-19 20:47:25 | INFO | epoch=007 train_batch=340/389 running_loss=0.179861
2026-08-19 20:47:26 | INFO | epoch=007 train_batch=350/389 running_loss=0.179894
2026-08-19 20:47:26 | INFO | epoch=007 train_batch=360/389 running_loss=0.180040
2026-08-19 20:47:26 | INFO | epoch=007 train_batch=370/389 running_loss=0.180037
2026-08-19 20:47:27 | INFO | epoch=007 train_batch=380/389 running_loss=0.179944
2026-08-19 20:47:27 | INFO | epoch=007 train_batch=389/389 running_loss=0.179945
2026-08-19 20:47:28 | INFO | epoch=007 train_loss=0.179945 validation_loss=0.231145
2026-08-19 20:47:28 | INFO | epoch=007 saved new best.pt
2026-08-19 20:47:29 | INFO | epoch=008 train_batch=10/389 running_loss=0.173935
2026-08-19 20:47:29 | INFO | epoch=008 train_batch=20/389 running_loss=0.174805
2026-08-19 20:47:29 | INFO | epoch=008 train_batch=30/389 running_loss=0.177656
2026-08-19 20:47:30 | INFO | epoch=008 train_batch=40/389 running_loss=0.174609
2026-08-19 20:47:30 | INFO | epoch=008 train_batch=50/389 running_loss=0.177444
2026-08-19 20:47:30 | INFO | epoch=008 train_batch=60/389 running_loss=0.176768
2026-08-19 20:47:31 | INFO | epoch=008 train_batch=70/389 running_loss=0.176273
2026-08-19 20:47:31 | INFO | epoch=008 train_batch=80/389 running_loss=0.174692
2026-08-19 20:47:32 | INFO | epoch=008 train_batch=90/389 running_loss=0.174548
2026-08-19 20:47:32 | INFO | epoch=008 train_batch=100/389 running_loss=0.175350
2026-08-19 20:47:32 | INFO | epoch=008 train_batch=110/389 running_loss=0.175353
2026-08-19 20:47:33 | INFO | epoch=008 train_batch=120/389 running_loss=0.176277
2026-08-19 20:47:33 | INFO | epoch=008 train_batch=130/389 running_loss=0.175344
2026-08-19 20:47:33 | INFO | epoch=008 train_batch=140/389 running_loss=0.175253
2026-08-19 20:47:34 | INFO | epoch=008 train_batch=150/389 running_loss=0.175707
2026-08-19 20:47:34 | INFO | epoch=008 train_batch=160/389 running_loss=0.175701
2026-08-19 20:47:34 | INFO | epoch=008 train_batch=170/389 running_loss=0.174821
2026-08-19 20:47:35 | INFO | epoch=008 train_batch=180/389 running_loss=0.174319
2026-08-19 20:47:35 | INFO | epoch=008 train_batch=190/389 running_loss=0.174314
2026-08-19 20:47:36 | INFO | epoch=008 train_batch=200/389 running_loss=0.174007
2026-08-19 20:47:36 | INFO | epoch=008 train_batch=210/389 running_loss=0.174031
2026-08-19 20:47:36 | INFO | epoch=008 train_batch=220/389 running_loss=0.173342
2026-08-19 20:47:37 | INFO | epoch=008 train_batch=230/389 running_loss=0.173991
2026-08-19 20:47:37 | INFO | epoch=008 train_batch=240/389 running_loss=0.173861
2026-08-19 20:47:37 | INFO | epoch=008 train_batch=250/389 running_loss=0.174078
2026-08-19 20:47:38 | INFO | epoch=008 train_batch=260/389 running_loss=0.174111
2026-08-19 20:47:38 | INFO | epoch=008 train_batch=270/389 running_loss=0.173635
2026-08-19 20:47:38 | INFO | epoch=008 train_batch=280/389 running_loss=0.173213
2026-08-19 20:47:39 | INFO | epoch=008 train_batch=290/389 running_loss=0.173358
2026-08-19 20:47:39 | INFO | epoch=008 train_batch=300/389 running_loss=0.173051
2026-08-19 20:47:40 | INFO | epoch=008 train_batch=310/389 running_loss=0.172872
2026-08-19 20:47:40 | INFO | epoch=008 train_batch=320/389 running_loss=0.172578
2026-08-19 20:47:40 | INFO | epoch=008 train_batch=330/389 running_loss=0.172309
2026-08-19 20:47:41 | INFO | epoch=008 train_batch=340/389 running_loss=0.172329
2026-08-19 20:47:41 | INFO | epoch=008 train_batch=350/389 running_loss=0.171856
2026-08-19 20:47:41 | INFO | epoch=008 train_batch=360/389 running_loss=0.172088
2026-08-19 20:47:42 | INFO | epoch=008 train_batch=370/389 running_loss=0.172018
2026-08-19 20:47:42 | INFO | epoch=008 train_batch=380/389 running_loss=0.171816
2026-08-19 20:47:42 | INFO | epoch=008 train_batch=389/389 running_loss=0.171858
2026-08-19 20:47:43 | INFO | epoch=008 train_loss=0.171858 validation_loss=0.219392
2026-08-19 20:47:43 | INFO | epoch=008 saved new best.pt
2026-08-19 20:47:44 | INFO | epoch=009 train_batch=10/389 running_loss=0.160763
2026-08-19 20:47:44 | INFO | epoch=009 train_batch=20/389 running_loss=0.159774
2026-08-19 20:47:45 | INFO | epoch=009 train_batch=30/389 running_loss=0.160748
2026-08-19 20:47:45 | INFO | epoch=009 train_batch=40/389 running_loss=0.161613
2026-08-19 20:47:45 | INFO | epoch=009 train_batch=50/389 running_loss=0.166534
2026-08-19 20:47:46 | INFO | epoch=009 train_batch=60/389 running_loss=0.165708
2026-08-19 20:47:46 | INFO | epoch=009 train_batch=70/389 running_loss=0.164363
2026-08-19 20:47:46 | INFO | epoch=009 train_batch=80/389 running_loss=0.163960
2026-08-19 20:47:47 | INFO | epoch=009 train_batch=90/389 running_loss=0.164964
2026-08-19 20:47:47 | INFO | epoch=009 train_batch=100/389 running_loss=0.165467
2026-08-19 20:47:47 | INFO | epoch=009 train_batch=110/389 running_loss=0.166054
2026-08-19 20:47:48 | INFO | epoch=009 train_batch=120/389 running_loss=0.165885
2026-08-19 20:47:48 | INFO | epoch=009 train_batch=130/389 running_loss=0.165963
2026-08-19 20:47:49 | INFO | epoch=009 train_batch=140/389 running_loss=0.165811
2026-08-19 20:47:49 | INFO | epoch=009 train_batch=150/389 running_loss=0.165431
2026-08-19 20:47:49 | INFO | epoch=009 train_batch=160/389 running_loss=0.164204
2026-08-19 20:47:50 | INFO | epoch=009 train_batch=170/389 running_loss=0.163911
2026-08-19 20:47:50 | INFO | epoch=009 train_batch=180/389 running_loss=0.164364
2026-08-19 20:47:50 | INFO | epoch=009 train_batch=190/389 running_loss=0.163774
2026-08-19 20:47:51 | INFO | epoch=009 train_batch=200/389 running_loss=0.163566
2026-08-19 20:47:51 | INFO | epoch=009 train_batch=210/389 running_loss=0.163874
2026-08-19 20:47:51 | INFO | epoch=009 train_batch=220/389 running_loss=0.163732
2026-08-19 20:47:52 | INFO | epoch=009 train_batch=230/389 running_loss=0.164441
2026-08-19 20:47:52 | INFO | epoch=009 train_batch=240/389 running_loss=0.164614
2026-08-19 20:47:53 | INFO | epoch=009 train_batch=250/389 running_loss=0.164554
2026-08-19 20:47:53 | INFO | epoch=009 train_batch=260/389 running_loss=0.164602
2026-08-19 20:47:53 | INFO | epoch=009 train_batch=270/389 running_loss=0.164319
2026-08-19 20:47:54 | INFO | epoch=009 train_batch=280/389 running_loss=0.163871
2026-08-19 20:47:54 | INFO | epoch=009 train_batch=290/389 running_loss=0.163865
2026-08-19 20:47:54 | INFO | epoch=009 train_batch=300/389 running_loss=0.164195
2026-08-19 20:47:55 | INFO | epoch=009 train_batch=310/389 running_loss=0.164167
2026-08-19 20:47:55 | INFO | epoch=009 train_batch=320/389 running_loss=0.164359
2026-08-19 20:47:55 | INFO | epoch=009 train_batch=330/389 running_loss=0.164541
2026-08-19 20:47:56 | INFO | epoch=009 train_batch=340/389 running_loss=0.164263
2026-08-19 20:47:56 | INFO | epoch=009 train_batch=350/389 running_loss=0.164335
2026-08-19 20:47:57 | INFO | epoch=009 train_batch=360/389 running_loss=0.164005
2026-08-19 20:47:57 | INFO | epoch=009 train_batch=370/389 running_loss=0.164068
2026-08-19 20:47:57 | INFO | epoch=009 train_batch=380/389 running_loss=0.164204
2026-08-19 20:47:58 | INFO | epoch=009 train_batch=389/389 running_loss=0.164156
2026-08-19 20:47:58 | INFO | epoch=009 train_loss=0.164156 validation_loss=0.214942
2026-08-19 20:47:59 | INFO | epoch=009 saved new best.pt
2026-08-19 20:47:59 | INFO | epoch=010 train_batch=10/389 running_loss=0.154921
2026-08-19 20:47:59 | INFO | epoch=010 train_batch=20/389 running_loss=0.157173
2026-08-19 20:48:00 | INFO | epoch=010 train_batch=30/389 running_loss=0.161110
2026-08-19 20:48:00 | INFO | epoch=010 train_batch=40/389 running_loss=0.158570
2026-08-19 20:48:01 | INFO | epoch=010 train_batch=50/389 running_loss=0.159821
2026-08-19 20:48:01 | INFO | epoch=010 train_batch=60/389 running_loss=0.160850
2026-08-19 20:48:01 | INFO | epoch=010 train_batch=70/389 running_loss=0.160114
2026-08-19 20:48:02 | INFO | epoch=010 train_batch=80/389 running_loss=0.160384
2026-08-19 20:48:02 | INFO | epoch=010 train_batch=90/389 running_loss=0.160161
2026-08-19 20:48:02 | INFO | epoch=010 train_batch=100/389 running_loss=0.159492
2026-08-19 20:48:03 | INFO | epoch=010 train_batch=110/389 running_loss=0.160179
2026-08-19 20:48:03 | INFO | epoch=010 train_batch=120/389 running_loss=0.160634
2026-08-19 20:48:03 | INFO | epoch=010 train_batch=130/389 running_loss=0.160227
2026-08-19 20:48:04 | INFO | epoch=010 train_batch=140/389 running_loss=0.160390
2026-08-19 20:48:04 | INFO | epoch=010 train_batch=150/389 running_loss=0.160846
2026-08-19 20:48:05 | INFO | epoch=010 train_batch=160/389 running_loss=0.160731
2026-08-19 20:48:05 | INFO | epoch=010 train_batch=170/389 running_loss=0.159938
2026-08-19 20:48:05 | INFO | epoch=010 train_batch=180/389 running_loss=0.159934
2026-08-19 20:48:06 | INFO | epoch=010 train_batch=190/389 running_loss=0.159753
2026-08-19 20:48:06 | INFO | epoch=010 train_batch=200/389 running_loss=0.160302
2026-08-19 20:48:06 | INFO | epoch=010 train_batch=210/389 running_loss=0.160087
2026-08-19 20:48:07 | INFO | epoch=010 train_batch=220/389 running_loss=0.159804
2026-08-19 20:48:07 | INFO | epoch=010 train_batch=230/389 running_loss=0.159504
2026-08-19 20:48:07 | INFO | epoch=010 train_batch=240/389 running_loss=0.159194
2026-08-19 20:48:08 | INFO | epoch=010 train_batch=250/389 running_loss=0.159133
2026-08-19 20:48:08 | INFO | epoch=010 train_batch=260/389 running_loss=0.159317
2026-08-19 20:48:09 | INFO | epoch=010 train_batch=270/389 running_loss=0.159238
2026-08-19 20:48:09 | INFO | epoch=010 train_batch=280/389 running_loss=0.158828
2026-08-19 20:48:09 | INFO | epoch=010 train_batch=290/389 running_loss=0.158745
2026-08-19 20:48:10 | INFO | epoch=010 train_batch=300/389 running_loss=0.158780
2026-08-19 20:48:10 | INFO | epoch=010 train_batch=310/389 running_loss=0.158814
2026-08-19 20:48:10 | INFO | epoch=010 train_batch=320/389 running_loss=0.158503
2026-08-19 20:48:11 | INFO | epoch=010 train_batch=330/389 running_loss=0.158477
2026-08-19 20:48:11 | INFO | epoch=010 train_batch=340/389 running_loss=0.158162
2026-08-19 20:48:12 | INFO | epoch=010 train_batch=350/389 running_loss=0.158086
2026-08-19 20:48:12 | INFO | epoch=010 train_batch=360/389 running_loss=0.158510
2026-08-19 20:48:12 | INFO | epoch=010 train_batch=370/389 running_loss=0.158448
2026-08-19 20:48:13 | INFO | epoch=010 train_batch=380/389 running_loss=0.158446
2026-08-19 20:48:13 | INFO | epoch=010 train_batch=389/389 running_loss=0.158540
2026-08-19 20:48:14 | INFO | epoch=010 train_loss=0.158540 validation_loss=0.209590
2026-08-19 20:48:14 | INFO | epoch=010 saved new best.pt
2026-08-19 20:48:14 | INFO | epoch=011 train_batch=10/389 running_loss=0.146193
2026-08-19 20:48:15 | INFO | epoch=011 train_batch=20/389 running_loss=0.154152
2026-08-19 20:48:15 | INFO | epoch=011 train_batch=30/389 running_loss=0.152961
2026-08-19 20:48:16 | INFO | epoch=011 train_batch=40/389 running_loss=0.155412
2026-08-19 20:48:16 | INFO | epoch=011 train_batch=50/389 running_loss=0.156242
2026-08-19 20:48:16 | INFO | epoch=011 train_batch=60/389 running_loss=0.155940
2026-08-19 20:48:17 | INFO | epoch=011 train_batch=70/389 running_loss=0.155276
2026-08-19 20:48:17 | INFO | epoch=011 train_batch=80/389 running_loss=0.156410
2026-08-19 20:48:17 | INFO | epoch=011 train_batch=90/389 running_loss=0.156854
2026-08-19 20:48:18 | INFO | epoch=011 train_batch=100/389 running_loss=0.156087
2026-08-19 20:48:18 | INFO | epoch=011 train_batch=110/389 running_loss=0.154782
2026-08-19 20:48:18 | INFO | epoch=011 train_batch=120/389 running_loss=0.154493
2026-08-19 20:48:19 | INFO | epoch=011 train_batch=130/389 running_loss=0.155162
2026-08-19 20:48:19 | INFO | epoch=011 train_batch=140/389 running_loss=0.155178
2026-08-19 20:48:19 | INFO | epoch=011 train_batch=150/389 running_loss=0.155586
2026-08-19 20:48:20 | INFO | epoch=011 train_batch=160/389 running_loss=0.155767
2026-08-19 20:48:20 | INFO | epoch=011 train_batch=170/389 running_loss=0.155983
2026-08-19 20:48:21 | INFO | epoch=011 train_batch=180/389 running_loss=0.155570
2026-08-19 20:48:21 | INFO | epoch=011 train_batch=190/389 running_loss=0.156034
2026-08-19 20:48:21 | INFO | epoch=011 train_batch=200/389 running_loss=0.156453
2026-08-19 20:48:22 | INFO | epoch=011 train_batch=210/389 running_loss=0.156150
2026-08-19 20:48:22 | INFO | epoch=011 train_batch=220/389 running_loss=0.155695
2026-08-19 20:48:22 | INFO | epoch=011 train_batch=230/389 running_loss=0.155604
2026-08-19 20:48:23 | INFO | epoch=011 train_batch=240/389 running_loss=0.155655
2026-08-19 20:48:23 | INFO | epoch=011 train_batch=250/389 running_loss=0.155793
2026-08-19 20:48:23 | INFO | epoch=011 train_batch=260/389 running_loss=0.155562
2026-08-19 20:48:24 | INFO | epoch=011 train_batch=270/389 running_loss=0.155522
2026-08-19 20:48:24 | INFO | epoch=011 train_batch=280/389 running_loss=0.155650
2026-08-19 20:48:25 | INFO | epoch=011 train_batch=290/389 running_loss=0.155838
2026-08-19 20:48:25 | INFO | epoch=011 train_batch=300/389 running_loss=0.155683
2026-08-19 20:48:25 | INFO | epoch=011 train_batch=310/389 running_loss=0.155502
2026-08-19 20:48:26 | INFO | epoch=011 train_batch=320/389 running_loss=0.155594
2026-08-19 20:48:26 | INFO | epoch=011 train_batch=330/389 running_loss=0.155514
2026-08-19 20:48:26 | INFO | epoch=011 train_batch=340/389 running_loss=0.155653
2026-08-19 20:48:27 | INFO | epoch=011 train_batch=350/389 running_loss=0.155860
2026-08-19 20:48:27 | INFO | epoch=011 train_batch=360/389 running_loss=0.155596
2026-08-19 20:48:27 | INFO | epoch=011 train_batch=370/389 running_loss=0.155570
2026-08-19 20:48:28 | INFO | epoch=011 train_batch=380/389 running_loss=0.155541
2026-08-19 20:48:28 | INFO | epoch=011 train_batch=389/389 running_loss=0.155130
2026-08-19 20:48:29 | INFO | epoch=011 train_loss=0.155130 validation_loss=0.212097
2026-08-19 20:48:29 | INFO | epoch=012 train_batch=10/389 running_loss=0.154656
2026-08-19 20:48:30 | INFO | epoch=012 train_batch=20/389 running_loss=0.151092
2026-08-19 20:48:30 | INFO | epoch=012 train_batch=30/389 running_loss=0.151719
2026-08-19 20:48:31 | INFO | epoch=012 train_batch=40/389 running_loss=0.152608
2026-08-19 20:48:31 | INFO | epoch=012 train_batch=50/389 running_loss=0.152795
2026-08-19 20:48:31 | INFO | epoch=012 train_batch=60/389 running_loss=0.152533
2026-08-19 20:48:32 | INFO | epoch=012 train_batch=70/389 running_loss=0.153124
2026-08-19 20:48:32 | INFO | epoch=012 train_batch=80/389 running_loss=0.152903
2026-08-19 20:48:32 | INFO | epoch=012 train_batch=90/389 running_loss=0.152934
2026-08-19 20:48:33 | INFO | epoch=012 train_batch=100/389 running_loss=0.153224
2026-08-19 20:48:33 | INFO | epoch=012 train_batch=110/389 running_loss=0.153727
2026-08-19 20:48:33 | INFO | epoch=012 train_batch=120/389 running_loss=0.154289
2026-08-19 20:48:34 | INFO | epoch=012 train_batch=130/389 running_loss=0.154618
2026-08-19 20:48:34 | INFO | epoch=012 train_batch=140/389 running_loss=0.153865
2026-08-19 20:48:35 | INFO | epoch=012 train_batch=150/389 running_loss=0.153662
2026-08-19 20:48:35 | INFO | epoch=012 train_batch=160/389 running_loss=0.153412
2026-08-19 20:48:35 | INFO | epoch=012 train_batch=170/389 running_loss=0.152420
2026-08-19 20:48:36 | INFO | epoch=012 train_batch=180/389 running_loss=0.151757
2026-08-19 20:48:36 | INFO | epoch=012 train_batch=190/389 running_loss=0.151779
2026-08-19 20:48:36 | INFO | epoch=012 train_batch=200/389 running_loss=0.151386
2026-08-19 20:48:37 | INFO | epoch=012 train_batch=210/389 running_loss=0.151234
2026-08-19 20:48:37 | INFO | epoch=012 train_batch=220/389 running_loss=0.151190
2026-08-19 20:48:37 | INFO | epoch=012 train_batch=230/389 running_loss=0.150783
2026-08-19 20:48:38 | INFO | epoch=012 train_batch=240/389 running_loss=0.151082
2026-08-19 20:48:38 | INFO | epoch=012 train_batch=250/389 running_loss=0.151148
2026-08-19 20:48:39 | INFO | epoch=012 train_batch=260/389 running_loss=0.150942
2026-08-19 20:48:39 | INFO | epoch=012 train_batch=270/389 running_loss=0.150709
2026-08-19 20:48:39 | INFO | epoch=012 train_batch=280/389 running_loss=0.150487
2026-08-19 20:48:40 | INFO | epoch=012 train_batch=290/389 running_loss=0.150513
2026-08-19 20:48:40 | INFO | epoch=012 train_batch=300/389 running_loss=0.150496
2026-08-19 20:48:40 | INFO | epoch=012 train_batch=310/389 running_loss=0.150435
2026-08-19 20:48:41 | INFO | epoch=012 train_batch=320/389 running_loss=0.150582
2026-08-19 20:48:41 | INFO | epoch=012 train_batch=330/389 running_loss=0.150463
2026-08-19 20:48:41 | INFO | epoch=012 train_batch=340/389 running_loss=0.150396
2026-08-19 20:48:42 | INFO | epoch=012 train_batch=350/389 running_loss=0.150740
2026-08-19 20:48:42 | INFO | epoch=012 train_batch=360/389 running_loss=0.150717
2026-08-19 20:48:43 | INFO | epoch=012 train_batch=370/389 running_loss=0.150862
2026-08-19 20:48:43 | INFO | epoch=012 train_batch=380/389 running_loss=0.150950
2026-08-19 20:48:43 | INFO | epoch=012 train_batch=389/389 running_loss=0.150928
2026-08-19 20:48:44 | INFO | epoch=012 train_loss=0.150928 validation_loss=0.212345
2026-08-19 20:48:45 | INFO | epoch=013 train_batch=10/389 running_loss=0.144165
2026-08-19 20:48:45 | INFO | epoch=013 train_batch=20/389 running_loss=0.141152
2026-08-19 20:48:45 | INFO | epoch=013 train_batch=30/389 running_loss=0.142209
2026-08-19 20:48:46 | INFO | epoch=013 train_batch=40/389 running_loss=0.142893
2026-08-19 20:48:46 | INFO | epoch=013 train_batch=50/389 running_loss=0.145067
2026-08-19 20:48:46 | INFO | epoch=013 train_batch=60/389 running_loss=0.145418
2026-08-19 20:48:47 | INFO | epoch=013 train_batch=70/389 running_loss=0.148069
2026-08-19 20:48:47 | INFO | epoch=013 train_batch=80/389 running_loss=0.147641
2026-08-19 20:48:48 | INFO | epoch=013 train_batch=90/389 running_loss=0.146456
2026-08-19 20:48:48 | INFO | epoch=013 train_batch=100/389 running_loss=0.147112
2026-08-19 20:48:48 | INFO | epoch=013 train_batch=110/389 running_loss=0.147236
2026-08-19 20:48:49 | INFO | epoch=013 train_batch=120/389 running_loss=0.147909
2026-08-19 20:48:49 | INFO | epoch=013 train_batch=130/389 running_loss=0.147067
2026-08-19 20:48:49 | INFO | epoch=013 train_batch=140/389 running_loss=0.146940
2026-08-19 20:48:50 | INFO | epoch=013 train_batch=150/389 running_loss=0.146263
2026-08-19 20:48:50 | INFO | epoch=013 train_batch=160/389 running_loss=0.146865
2026-08-19 20:48:50 | INFO | epoch=013 train_batch=170/389 running_loss=0.146836
2026-08-19 20:48:51 | INFO | epoch=013 train_batch=180/389 running_loss=0.147226
2026-08-19 20:48:51 | INFO | epoch=013 train_batch=190/389 running_loss=0.147095
2026-08-19 20:48:51 | INFO | epoch=013 train_batch=200/389 running_loss=0.146975
2026-08-19 20:48:52 | INFO | epoch=013 train_batch=210/389 running_loss=0.146943
2026-08-19 20:48:52 | INFO | epoch=013 train_batch=220/389 running_loss=0.146712
2026-08-19 20:48:53 | INFO | epoch=013 train_batch=230/389 running_loss=0.146692
2026-08-19 20:48:53 | INFO | epoch=013 train_batch=240/389 running_loss=0.146489
2026-08-19 20:48:53 | INFO | epoch=013 train_batch=250/389 running_loss=0.146854
2026-08-19 20:48:54 | INFO | epoch=013 train_batch=260/389 running_loss=0.146963
2026-08-19 20:48:54 | INFO | epoch=013 train_batch=270/389 running_loss=0.146683
2026-08-19 20:48:54 | INFO | epoch=013 train_batch=280/389 running_loss=0.146636
2026-08-19 20:48:55 | INFO | epoch=013 train_batch=290/389 running_loss=0.146525
2026-08-19 20:48:55 | INFO | epoch=013 train_batch=300/389 running_loss=0.146397
2026-08-19 20:48:55 | INFO | epoch=013 train_batch=310/389 running_loss=0.146462
2026-08-19 20:48:56 | INFO | epoch=013 train_batch=320/389 running_loss=0.146545
2026-08-19 20:48:56 | INFO | epoch=013 train_batch=330/389 running_loss=0.146654
2026-08-19 20:48:57 | INFO | epoch=013 train_batch=340/389 running_loss=0.146761
2026-08-19 20:48:57 | INFO | epoch=013 train_batch=350/389 running_loss=0.146868
2026-08-19 20:48:57 | INFO | epoch=013 train_batch=360/389 running_loss=0.146919
2026-08-19 20:48:58 | INFO | epoch=013 train_batch=370/389 running_loss=0.147232
2026-08-19 20:48:58 | INFO | epoch=013 train_batch=380/389 running_loss=0.147327
2026-08-19 20:48:58 | INFO | epoch=013 train_batch=389/389 running_loss=0.147291
2026-08-19 20:48:59 | INFO | epoch=013 train_loss=0.147291 validation_loss=0.204677
2026-08-19 20:48:59 | INFO | epoch=013 saved new best.pt
2026-08-19 20:49:00 | INFO | epoch=014 train_batch=10/389 running_loss=0.155979
2026-08-19 20:49:00 | INFO | epoch=014 train_batch=20/389 running_loss=0.147526
2026-08-19 20:49:00 | INFO | epoch=014 train_batch=30/389 running_loss=0.149573
2026-08-19 20:49:01 | INFO | epoch=014 train_batch=40/389 running_loss=0.149536
2026-08-19 20:49:01 | INFO | epoch=014 train_batch=50/389 running_loss=0.148359
2026-08-19 20:49:02 | INFO | epoch=014 train_batch=60/389 running_loss=0.148149
2026-08-19 20:49:02 | INFO | epoch=014 train_batch=70/389 running_loss=0.147881
2026-08-19 20:49:02 | INFO | epoch=014 train_batch=80/389 running_loss=0.148521
2026-08-19 20:49:03 | INFO | epoch=014 train_batch=90/389 running_loss=0.147977
2026-08-19 20:49:03 | INFO | epoch=014 train_batch=100/389 running_loss=0.148170
2026-08-19 20:49:03 | INFO | epoch=014 train_batch=110/389 running_loss=0.147985
2026-08-19 20:49:04 | INFO | epoch=014 train_batch=120/389 running_loss=0.148370
2026-08-19 20:49:04 | INFO | epoch=014 train_batch=130/389 running_loss=0.148583
2026-08-19 20:49:04 | INFO | epoch=014 train_batch=140/389 running_loss=0.148493
2026-08-19 20:49:05 | INFO | epoch=014 train_batch=150/389 running_loss=0.148204
2026-08-19 20:49:05 | INFO | epoch=014 train_batch=160/389 running_loss=0.147067
2026-08-19 20:49:06 | INFO | epoch=014 train_batch=170/389 running_loss=0.146837
2026-08-19 20:49:06 | INFO | epoch=014 train_batch=180/389 running_loss=0.146631
2026-08-19 20:49:06 | INFO | epoch=014 train_batch=190/389 running_loss=0.146871
2026-08-19 20:49:07 | INFO | epoch=014 train_batch=200/389 running_loss=0.146649
2026-08-19 20:49:07 | INFO | epoch=014 train_batch=210/389 running_loss=0.146081
2026-08-19 20:49:07 | INFO | epoch=014 train_batch=220/389 running_loss=0.145846
2026-08-19 20:49:08 | INFO | epoch=014 train_batch=230/389 running_loss=0.145478
2026-08-19 20:49:08 | INFO | epoch=014 train_batch=240/389 running_loss=0.145334
2026-08-19 20:49:08 | INFO | epoch=014 train_batch=250/389 running_loss=0.145490
2026-08-19 20:49:09 | INFO | epoch=014 train_batch=260/389 running_loss=0.145005
2026-08-19 20:49:09 | INFO | epoch=014 train_batch=270/389 running_loss=0.144642
2026-08-19 20:49:10 | INFO | epoch=014 train_batch=280/389 running_loss=0.144687
2026-08-19 20:49:10 | INFO | epoch=014 train_batch=290/389 running_loss=0.144702
2026-08-19 20:49:10 | INFO | epoch=014 train_batch=300/389 running_loss=0.144422
2026-08-19 20:49:11 | INFO | epoch=014 train_batch=310/389 running_loss=0.144697
2026-08-19 20:49:11 | INFO | epoch=014 train_batch=320/389 running_loss=0.144383
2026-08-19 20:49:11 | INFO | epoch=014 train_batch=330/389 running_loss=0.144525
2026-08-19 20:49:12 | INFO | epoch=014 train_batch=340/389 running_loss=0.144643
2026-08-19 20:49:12 | INFO | epoch=014 train_batch=350/389 running_loss=0.144408
2026-08-19 20:49:12 | INFO | epoch=014 train_batch=360/389 running_loss=0.144368
2026-08-19 20:49:13 | INFO | epoch=014 train_batch=370/389 running_loss=0.144190
2026-08-19 20:49:13 | INFO | epoch=014 train_batch=380/389 running_loss=0.144268
2026-08-19 20:49:14 | INFO | epoch=014 train_batch=389/389 running_loss=0.144208
2026-08-19 20:49:14 | INFO | epoch=014 train_loss=0.144208 validation_loss=0.198851
2026-08-19 20:49:15 | INFO | epoch=014 saved new best.pt
2026-08-19 20:49:15 | INFO | epoch=015 train_batch=10/389 running_loss=0.142644
2026-08-19 20:49:15 | INFO | epoch=015 train_batch=20/389 running_loss=0.138531
2026-08-19 20:49:16 | INFO | epoch=015 train_batch=30/389 running_loss=0.139105
2026-08-19 20:49:16 | INFO | epoch=015 train_batch=40/389 running_loss=0.138348
2026-08-19 20:49:16 | INFO | epoch=015 train_batch=50/389 running_loss=0.138859
2026-08-19 20:49:17 | INFO | epoch=015 train_batch=60/389 running_loss=0.140146
2026-08-19 20:49:17 | INFO | epoch=015 train_batch=70/389 running_loss=0.140472
2026-08-19 20:49:17 | INFO | epoch=015 train_batch=80/389 running_loss=0.140678
2026-08-19 20:49:18 | INFO | epoch=015 train_batch=90/389 running_loss=0.141515
2026-08-19 20:49:18 | INFO | epoch=015 train_batch=100/389 running_loss=0.141674
2026-08-19 20:49:19 | INFO | epoch=015 train_batch=110/389 running_loss=0.142017
2026-08-19 20:49:19 | INFO | epoch=015 train_batch=120/389 running_loss=0.142398
2026-08-19 20:49:19 | INFO | epoch=015 train_batch=130/389 running_loss=0.141870
2026-08-19 20:49:20 | INFO | epoch=015 train_batch=140/389 running_loss=0.141852
2026-08-19 20:49:20 | INFO | epoch=015 train_batch=150/389 running_loss=0.141694
2026-08-19 20:49:20 | INFO | epoch=015 train_batch=160/389 running_loss=0.141851
2026-08-19 20:49:21 | INFO | epoch=015 train_batch=170/389 running_loss=0.141879
2026-08-19 20:49:21 | INFO | epoch=015 train_batch=180/389 running_loss=0.142368
2026-08-19 20:49:21 | INFO | epoch=015 train_batch=190/389 running_loss=0.142244
2026-08-19 20:49:22 | INFO | epoch=015 train_batch=200/389 running_loss=0.141837
2026-08-19 20:49:22 | INFO | epoch=015 train_batch=210/389 running_loss=0.141957
2026-08-19 20:49:22 | INFO | epoch=015 train_batch=220/389 running_loss=0.142171
2026-08-19 20:49:23 | INFO | epoch=015 train_batch=230/389 running_loss=0.141869
2026-08-19 20:49:23 | INFO | epoch=015 train_batch=240/389 running_loss=0.142003
2026-08-19 20:49:24 | INFO | epoch=015 train_batch=250/389 running_loss=0.142062
2026-08-19 20:49:24 | INFO | epoch=015 train_batch=260/389 running_loss=0.141938
2026-08-19 20:49:24 | INFO | epoch=015 train_batch=270/389 running_loss=0.141891
2026-08-19 20:49:25 | INFO | epoch=015 train_batch=280/389 running_loss=0.141901
2026-08-19 20:49:25 | INFO | epoch=015 train_batch=290/389 running_loss=0.141773
2026-08-19 20:49:25 | INFO | epoch=015 train_batch=300/389 running_loss=0.141579
2026-08-19 20:49:26 | INFO | epoch=015 train_batch=310/389 running_loss=0.141387
2026-08-19 20:49:26 | INFO | epoch=015 train_batch=320/389 running_loss=0.141384
2026-08-19 20:49:26 | INFO | epoch=015 train_batch=330/389 running_loss=0.141381
2026-08-19 20:49:27 | INFO | epoch=015 train_batch=340/389 running_loss=0.141257
2026-08-19 20:49:27 | INFO | epoch=015 train_batch=350/389 running_loss=0.141335
2026-08-19 20:49:27 | INFO | epoch=015 train_batch=360/389 running_loss=0.141437
2026-08-19 20:49:28 | INFO | epoch=015 train_batch=370/389 running_loss=0.141117
2026-08-19 20:49:28 | INFO | epoch=015 train_batch=380/389 running_loss=0.141359
2026-08-19 20:49:29 | INFO | epoch=015 train_batch=389/389 running_loss=0.141330
2026-08-19 20:49:29 | INFO | epoch=015 train_loss=0.141330 validation_loss=0.199260
2026-08-19 20:49:30 | INFO | epoch=016 train_batch=10/389 running_loss=0.136345
2026-08-19 20:49:30 | INFO | epoch=016 train_batch=20/389 running_loss=0.133347
2026-08-19 20:49:31 | INFO | epoch=016 train_batch=30/389 running_loss=0.135644
2026-08-19 20:49:31 | INFO | epoch=016 train_batch=40/389 running_loss=0.134054
2026-08-19 20:49:31 | INFO | epoch=016 train_batch=50/389 running_loss=0.134827
2026-08-19 20:49:32 | INFO | epoch=016 train_batch=60/389 running_loss=0.135716
2026-08-19 20:49:32 | INFO | epoch=016 train_batch=70/389 running_loss=0.135736
2026-08-19 20:49:32 | INFO | epoch=016 train_batch=80/389 running_loss=0.135418
2026-08-19 20:49:33 | INFO | epoch=016 train_batch=90/389 running_loss=0.137158
2026-08-19 20:49:33 | INFO | epoch=016 train_batch=100/389 running_loss=0.137597
2026-08-19 20:49:33 | INFO | epoch=016 train_batch=110/389 running_loss=0.138219
2026-08-19 20:49:34 | INFO | epoch=016 train_batch=120/389 running_loss=0.138037
2026-08-19 20:49:34 | INFO | epoch=016 train_batch=130/389 running_loss=0.138940
2026-08-19 20:49:35 | INFO | epoch=016 train_batch=140/389 running_loss=0.138753
2026-08-19 20:49:35 | INFO | epoch=016 train_batch=150/389 running_loss=0.139361
2026-08-19 20:49:35 | INFO | epoch=016 train_batch=160/389 running_loss=0.139318
2026-08-19 20:49:36 | INFO | epoch=016 train_batch=170/389 running_loss=0.138939
2026-08-19 20:49:36 | INFO | epoch=016 train_batch=180/389 running_loss=0.138322
2026-08-19 20:49:36 | INFO | epoch=016 train_batch=190/389 running_loss=0.138442
2026-08-19 20:49:37 | INFO | epoch=016 train_batch=200/389 running_loss=0.138144
2026-08-19 20:49:37 | INFO | epoch=016 train_batch=210/389 running_loss=0.137892
2026-08-19 20:49:37 | INFO | epoch=016 train_batch=220/389 running_loss=0.138073
2026-08-19 20:49:38 | INFO | epoch=016 train_batch=230/389 running_loss=0.138151
2026-08-19 20:49:38 | INFO | epoch=016 train_batch=240/389 running_loss=0.138422
2026-08-19 20:49:38 | INFO | epoch=016 train_batch=250/389 running_loss=0.138250
2026-08-19 20:49:39 | INFO | epoch=016 train_batch=260/389 running_loss=0.138417
2026-08-19 20:49:39 | INFO | epoch=016 train_batch=270/389 running_loss=0.138317
2026-08-19 20:49:40 | INFO | epoch=016 train_batch=280/389 running_loss=0.138543
2026-08-19 20:49:40 | INFO | epoch=016 train_batch=290/389 running_loss=0.138768
2026-08-19 20:49:40 | INFO | epoch=016 train_batch=300/389 running_loss=0.138502
2026-08-19 20:49:41 | INFO | epoch=016 train_batch=310/389 running_loss=0.138470
2026-08-19 20:49:41 | INFO | epoch=016 train_batch=320/389 running_loss=0.138602
2026-08-19 20:49:41 | INFO | epoch=016 train_batch=330/389 running_loss=0.138577
2026-08-19 20:49:42 | INFO | epoch=016 train_batch=340/389 running_loss=0.138556
2026-08-19 20:49:42 | INFO | epoch=016 train_batch=350/389 running_loss=0.138423
2026-08-19 20:49:42 | INFO | epoch=016 train_batch=360/389 running_loss=0.138452
2026-08-19 20:49:43 | INFO | epoch=016 train_batch=370/389 running_loss=0.138677
2026-08-19 20:49:43 | INFO | epoch=016 train_batch=380/389 running_loss=0.139108
2026-08-19 20:49:43 | INFO | epoch=016 train_batch=389/389 running_loss=0.139018
2026-08-19 20:49:44 | INFO | epoch=016 train_loss=0.139018 validation_loss=0.197108
2026-08-19 20:49:45 | INFO | epoch=016 saved new best.pt
2026-08-19 20:49:45 | INFO | epoch=017 train_batch=10/389 running_loss=0.141586
2026-08-19 20:49:45 | INFO | epoch=017 train_batch=20/389 running_loss=0.139161
2026-08-19 20:49:46 | INFO | epoch=017 train_batch=30/389 running_loss=0.136791
2026-08-19 20:49:46 | INFO | epoch=017 train_batch=40/389 running_loss=0.135375
2026-08-19 20:49:46 | INFO | epoch=017 train_batch=50/389 running_loss=0.135960
2026-08-19 20:49:47 | INFO | epoch=017 train_batch=60/389 running_loss=0.135418
2026-08-19 20:49:47 | INFO | epoch=017 train_batch=70/389 running_loss=0.135146
2026-08-19 20:49:47 | INFO | epoch=017 train_batch=80/389 running_loss=0.134749
2026-08-19 20:49:48 | INFO | epoch=017 train_batch=90/389 running_loss=0.134103
2026-08-19 20:49:48 | INFO | epoch=017 train_batch=100/389 running_loss=0.134274
2026-08-19 20:49:49 | INFO | epoch=017 train_batch=110/389 running_loss=0.134075
2026-08-19 20:49:49 | INFO | epoch=017 train_batch=120/389 running_loss=0.134363
2026-08-19 20:49:49 | INFO | epoch=017 train_batch=130/389 running_loss=0.134484
2026-08-19 20:49:50 | INFO | epoch=017 train_batch=140/389 running_loss=0.134493
2026-08-19 20:49:50 | INFO | epoch=017 train_batch=150/389 running_loss=0.135248
2026-08-19 20:49:50 | INFO | epoch=017 train_batch=160/389 running_loss=0.135044
2026-08-19 20:49:51 | INFO | epoch=017 train_batch=170/389 running_loss=0.134863
2026-08-19 20:49:51 | INFO | epoch=017 train_batch=180/389 running_loss=0.135101
2026-08-19 20:49:51 | INFO | epoch=017 train_batch=190/389 running_loss=0.135110
2026-08-19 20:49:52 | INFO | epoch=017 train_batch=200/389 running_loss=0.134942
2026-08-19 20:49:52 | INFO | epoch=017 train_batch=210/389 running_loss=0.135396
2026-08-19 20:49:53 | INFO | epoch=017 train_batch=220/389 running_loss=0.136003
2026-08-19 20:49:53 | INFO | epoch=017 train_batch=230/389 running_loss=0.136252
2026-08-19 20:49:53 | INFO | epoch=017 train_batch=240/389 running_loss=0.135898
2026-08-19 20:49:54 | INFO | epoch=017 train_batch=250/389 running_loss=0.135915
2026-08-19 20:49:54 | INFO | epoch=017 train_batch=260/389 running_loss=0.135971
2026-08-19 20:49:54 | INFO | epoch=017 train_batch=270/389 running_loss=0.136209
2026-08-19 20:49:55 | INFO | epoch=017 train_batch=280/389 running_loss=0.136436
2026-08-19 20:49:55 | INFO | epoch=017 train_batch=290/389 running_loss=0.136734
2026-08-19 20:49:55 | INFO | epoch=017 train_batch=300/389 running_loss=0.136860
2026-08-19 20:49:56 | INFO | epoch=017 train_batch=310/389 running_loss=0.136695
2026-08-19 20:49:56 | INFO | epoch=017 train_batch=320/389 running_loss=0.136627
2026-08-19 20:49:57 | INFO | epoch=017 train_batch=330/389 running_loss=0.136403
2026-08-19 20:49:57 | INFO | epoch=017 train_batch=340/389 running_loss=0.136638
2026-08-19 20:49:57 | INFO | epoch=017 train_batch=350/389 running_loss=0.136700
2026-08-19 20:49:58 | INFO | epoch=017 train_batch=360/389 running_loss=0.136826
2026-08-19 20:49:58 | INFO | epoch=017 train_batch=370/389 running_loss=0.137099
2026-08-19 20:49:58 | INFO | epoch=017 train_batch=380/389 running_loss=0.137189
2026-08-19 20:49:59 | INFO | epoch=017 train_batch=389/389 running_loss=0.137166
2026-08-19 20:50:00 | INFO | epoch=017 train_loss=0.137166 validation_loss=0.199388
2026-08-19 20:50:00 | INFO | epoch=018 train_batch=10/389 running_loss=0.132640
2026-08-19 20:50:00 | INFO | epoch=018 train_batch=20/389 running_loss=0.130715
2026-08-19 20:50:01 | INFO | epoch=018 train_batch=30/389 running_loss=0.130353
2026-08-19 20:50:01 | INFO | epoch=018 train_batch=40/389 running_loss=0.132279
2026-08-19 20:50:01 | INFO | epoch=018 train_batch=50/389 running_loss=0.132024
2026-08-19 20:50:02 | INFO | epoch=018 train_batch=60/389 running_loss=0.132932
2026-08-19 20:50:02 | INFO | epoch=018 train_batch=70/389 running_loss=0.133310
2026-08-19 20:50:03 | INFO | epoch=018 train_batch=80/389 running_loss=0.132489
2026-08-19 20:50:03 | INFO | epoch=018 train_batch=90/389 running_loss=0.132752
2026-08-19 20:50:03 | INFO | epoch=018 train_batch=100/389 running_loss=0.132282
2026-08-19 20:50:04 | INFO | epoch=018 train_batch=110/389 running_loss=0.131610
2026-08-19 20:50:04 | INFO | epoch=018 train_batch=120/389 running_loss=0.131957
2026-08-19 20:50:04 | INFO | epoch=018 train_batch=130/389 running_loss=0.132290
2026-08-19 20:50:05 | INFO | epoch=018 train_batch=140/389 running_loss=0.132164
2026-08-19 20:50:05 | INFO | epoch=018 train_batch=150/389 running_loss=0.132218
2026-08-19 20:50:05 | INFO | epoch=018 train_batch=160/389 running_loss=0.132388
2026-08-19 20:50:06 | INFO | epoch=018 train_batch=170/389 running_loss=0.132322
2026-08-19 20:50:06 | INFO | epoch=018 train_batch=180/389 running_loss=0.132061
2026-08-19 20:50:06 | INFO | epoch=018 train_batch=190/389 running_loss=0.132197
2026-08-19 20:50:07 | INFO | epoch=018 train_batch=200/389 running_loss=0.132557
2026-08-19 20:50:07 | INFO | epoch=018 train_batch=210/389 running_loss=0.132521
2026-08-19 20:50:07 | INFO | epoch=018 train_batch=220/389 running_loss=0.132709
2026-08-19 20:50:08 | INFO | epoch=018 train_batch=230/389 running_loss=0.133221
2026-08-19 20:50:08 | INFO | epoch=018 train_batch=240/389 running_loss=0.133025
2026-08-19 20:50:08 | INFO | epoch=018 train_batch=250/389 running_loss=0.133264
2026-08-19 20:50:09 | INFO | epoch=018 train_batch=260/389 running_loss=0.133368
2026-08-19 20:50:09 | INFO | epoch=018 train_batch=270/389 running_loss=0.133555
2026-08-19 20:50:09 | INFO | epoch=018 train_batch=280/389 running_loss=0.133801
2026-08-19 20:50:10 | INFO | epoch=018 train_batch=290/389 running_loss=0.133873
2026-08-19 20:50:10 | INFO | epoch=018 train_batch=300/389 running_loss=0.133953
2026-08-19 20:50:10 | INFO | epoch=018 train_batch=310/389 running_loss=0.134307
2026-08-19 20:50:11 | INFO | epoch=018 train_batch=320/389 running_loss=0.134038
2026-08-19 20:50:11 | INFO | epoch=018 train_batch=330/389 running_loss=0.134105
2026-08-19 20:50:11 | INFO | epoch=018 train_batch=340/389 running_loss=0.134129
2026-08-19 20:50:12 | INFO | epoch=018 train_batch=350/389 running_loss=0.134095
2026-08-19 20:50:12 | INFO | epoch=018 train_batch=360/389 running_loss=0.134089
2026-08-19 20:50:12 | INFO | epoch=018 train_batch=370/389 running_loss=0.133973
2026-08-19 20:50:13 | INFO | epoch=018 train_batch=380/389 running_loss=0.133827
2026-08-19 20:50:13 | INFO | epoch=018 train_batch=389/389 running_loss=0.133769
2026-08-19 20:50:14 | INFO | epoch=018 train_loss=0.133769 validation_loss=0.194304
2026-08-19 20:50:14 | INFO | epoch=018 saved new best.pt
2026-08-19 20:50:14 | INFO | epoch=019 train_batch=10/389 running_loss=0.121224
2026-08-19 20:50:15 | INFO | epoch=019 train_batch=20/389 running_loss=0.126989
2026-08-19 20:50:15 | INFO | epoch=019 train_batch=30/389 running_loss=0.126235
2026-08-19 20:50:15 | INFO | epoch=019 train_batch=40/389 running_loss=0.128444
2026-08-19 20:50:16 | INFO | epoch=019 train_batch=50/389 running_loss=0.132514
2026-08-19 20:50:16 | INFO | epoch=019 train_batch=60/389 running_loss=0.133828
2026-08-19 20:50:16 | INFO | epoch=019 train_batch=70/389 running_loss=0.133499
2026-08-19 20:50:17 | INFO | epoch=019 train_batch=80/389 running_loss=0.132791
2026-08-19 20:50:17 | INFO | epoch=019 train_batch=90/389 running_loss=0.133905
2026-08-19 20:50:17 | INFO | epoch=019 train_batch=100/389 running_loss=0.133274
2026-08-19 20:50:18 | INFO | epoch=019 train_batch=110/389 running_loss=0.132856
2026-08-19 20:50:18 | INFO | epoch=019 train_batch=120/389 running_loss=0.133122
2026-08-19 20:50:18 | INFO | epoch=019 train_batch=130/389 running_loss=0.133659
2026-08-19 20:50:19 | INFO | epoch=019 train_batch=140/389 running_loss=0.133487
2026-08-19 20:50:19 | INFO | epoch=019 train_batch=150/389 running_loss=0.134019
2026-08-19 20:50:19 | INFO | epoch=019 train_batch=160/389 running_loss=0.134252
2026-08-19 20:50:20 | INFO | epoch=019 train_batch=170/389 running_loss=0.134925
2026-08-19 20:50:20 | INFO | epoch=019 train_batch=180/389 running_loss=0.134483
2026-08-19 20:50:21 | INFO | epoch=019 train_batch=190/389 running_loss=0.134404
2026-08-19 20:50:21 | INFO | epoch=019 train_batch=200/389 running_loss=0.134183
2026-08-19 20:50:21 | INFO | epoch=019 train_batch=210/389 running_loss=0.133905
2026-08-19 20:50:22 | INFO | epoch=019 train_batch=220/389 running_loss=0.133749
2026-08-19 20:50:22 | INFO | epoch=019 train_batch=230/389 running_loss=0.133533
2026-08-19 20:50:22 | INFO | epoch=019 train_batch=240/389 running_loss=0.133598
2026-08-19 20:50:23 | INFO | epoch=019 train_batch=250/389 running_loss=0.133279
2026-08-19 20:50:23 | INFO | epoch=019 train_batch=260/389 running_loss=0.133038
2026-08-19 20:50:23 | INFO | epoch=019 train_batch=270/389 running_loss=0.133013
2026-08-19 20:50:24 | INFO | epoch=019 train_batch=280/389 running_loss=0.133092
2026-08-19 20:50:24 | INFO | epoch=019 train_batch=290/389 running_loss=0.133067
2026-08-19 20:50:24 | INFO | epoch=019 train_batch=300/389 running_loss=0.133131
2026-08-19 20:50:25 | INFO | epoch=019 train_batch=310/389 running_loss=0.133255
2026-08-19 20:50:25 | INFO | epoch=019 train_batch=320/389 running_loss=0.133227
2026-08-19 20:50:25 | INFO | epoch=019 train_batch=330/389 running_loss=0.133145
2026-08-19 20:50:26 | INFO | epoch=019 train_batch=340/389 running_loss=0.133069
2026-08-19 20:50:26 | INFO | epoch=019 train_batch=350/389 running_loss=0.132911
2026-08-19 20:50:26 | INFO | epoch=019 train_batch=360/389 running_loss=0.133072
2026-08-19 20:50:27 | INFO | epoch=019 train_batch=370/389 running_loss=0.132737
2026-08-19 20:50:27 | INFO | epoch=019 train_batch=380/389 running_loss=0.132606
2026-08-19 20:50:27 | INFO | epoch=019 train_batch=389/389 running_loss=0.132635
2026-08-19 20:50:28 | INFO | epoch=019 train_loss=0.132635 validation_loss=0.195326
2026-08-19 20:50:29 | INFO | epoch=020 train_batch=10/389 running_loss=0.137623
2026-08-19 20:50:29 | INFO | epoch=020 train_batch=20/389 running_loss=0.137912
2026-08-19 20:50:29 | INFO | epoch=020 train_batch=30/389 running_loss=0.134086
2026-08-19 20:50:30 | INFO | epoch=020 train_batch=40/389 running_loss=0.134017
2026-08-19 20:50:30 | INFO | epoch=020 train_batch=50/389 running_loss=0.134161
2026-08-19 20:50:30 | INFO | epoch=020 train_batch=60/389 running_loss=0.133015
2026-08-19 20:50:31 | INFO | epoch=020 train_batch=70/389 running_loss=0.133994
2026-08-19 20:50:31 | INFO | epoch=020 train_batch=80/389 running_loss=0.134532
2026-08-19 20:50:31 | INFO | epoch=020 train_batch=90/389 running_loss=0.133395
2026-08-19 20:50:32 | INFO | epoch=020 train_batch=100/389 running_loss=0.133072
2026-08-19 20:50:32 | INFO | epoch=020 train_batch=110/389 running_loss=0.133322
2026-08-19 20:50:32 | INFO | epoch=020 train_batch=120/389 running_loss=0.133564
2026-08-19 20:50:33 | INFO | epoch=020 train_batch=130/389 running_loss=0.133918
2026-08-19 20:50:33 | INFO | epoch=020 train_batch=140/389 running_loss=0.133342
2026-08-19 20:50:33 | INFO | epoch=020 train_batch=150/389 running_loss=0.133140
2026-08-19 20:50:34 | INFO | epoch=020 train_batch=160/389 running_loss=0.132771
2026-08-19 20:50:34 | INFO | epoch=020 train_batch=170/389 running_loss=0.132787
2026-08-19 20:50:34 | INFO | epoch=020 train_batch=180/389 running_loss=0.132527
2026-08-19 20:50:35 | INFO | epoch=020 train_batch=190/389 running_loss=0.132080
2026-08-19 20:50:35 | INFO | epoch=020 train_batch=200/389 running_loss=0.131492
2026-08-19 20:50:35 | INFO | epoch=020 train_batch=210/389 running_loss=0.131304
2026-08-19 20:50:36 | INFO | epoch=020 train_batch=220/389 running_loss=0.131060
2026-08-19 20:50:36 | INFO | epoch=020 train_batch=230/389 running_loss=0.131025
2026-08-19 20:50:36 | INFO | epoch=020 train_batch=240/389 running_loss=0.131125
2026-08-19 20:50:37 | INFO | epoch=020 train_batch=250/389 running_loss=0.131088
2026-08-19 20:50:37 | INFO | epoch=020 train_batch=260/389 running_loss=0.130951
2026-08-19 20:50:37 | INFO | epoch=020 train_batch=270/389 running_loss=0.130639
2026-08-19 20:50:38 | INFO | epoch=020 train_batch=280/389 running_loss=0.130512
2026-08-19 20:50:38 | INFO | epoch=020 train_batch=290/389 running_loss=0.130424
2026-08-19 20:50:39 | INFO | epoch=020 train_batch=300/389 running_loss=0.130173
2026-08-19 20:50:39 | INFO | epoch=020 train_batch=310/389 running_loss=0.130065
2026-08-19 20:50:39 | INFO | epoch=020 train_batch=320/389 running_loss=0.130107
2026-08-19 20:50:40 | INFO | epoch=020 train_batch=330/389 running_loss=0.130349
2026-08-19 20:50:40 | INFO | epoch=020 train_batch=340/389 running_loss=0.130359
2026-08-19 20:50:40 | INFO | epoch=020 train_batch=350/389 running_loss=0.130465
2026-08-19 20:50:41 | INFO | epoch=020 train_batch=360/389 running_loss=0.130426
2026-08-19 20:50:41 | INFO | epoch=020 train_batch=370/389 running_loss=0.130512
2026-08-19 20:50:41 | INFO | epoch=020 train_batch=380/389 running_loss=0.130426
2026-08-19 20:50:42 | INFO | epoch=020 train_batch=389/389 running_loss=0.130173
2026-08-19 20:50:43 | INFO | epoch=020 train_loss=0.130173 validation_loss=0.184727
2026-08-19 20:50:43 | INFO | epoch=020 saved new best.pt
2026-08-19 20:50:43 | INFO | epoch=021 train_batch=10/389 running_loss=0.121060
2026-08-19 20:50:43 | INFO | epoch=021 train_batch=20/389 running_loss=0.120581
2026-08-19 20:50:44 | INFO | epoch=021 train_batch=30/389 running_loss=0.124164
2026-08-19 20:50:44 | INFO | epoch=021 train_batch=40/389 running_loss=0.123738
2026-08-19 20:50:44 | INFO | epoch=021 train_batch=50/389 running_loss=0.123754
2026-08-19 20:50:45 | INFO | epoch=021 train_batch=60/389 running_loss=0.124592
2026-08-19 20:50:45 | INFO | epoch=021 train_batch=70/389 running_loss=0.124589
2026-08-19 20:50:45 | INFO | epoch=021 train_batch=80/389 running_loss=0.126066
2026-08-19 20:50:46 | INFO | epoch=021 train_batch=90/389 running_loss=0.127478
2026-08-19 20:50:46 | INFO | epoch=021 train_batch=100/389 running_loss=0.127516
2026-08-19 20:50:46 | INFO | epoch=021 train_batch=110/389 running_loss=0.128729
2026-08-19 20:50:47 | INFO | epoch=021 train_batch=120/389 running_loss=0.128948
2026-08-19 20:50:47 | INFO | epoch=021 train_batch=130/389 running_loss=0.129251
2026-08-19 20:50:47 | INFO | epoch=021 train_batch=140/389 running_loss=0.129382
2026-08-19 20:50:48 | INFO | epoch=021 train_batch=150/389 running_loss=0.129275
2026-08-19 20:50:48 | INFO | epoch=021 train_batch=160/389 running_loss=0.129337
2026-08-19 20:50:48 | INFO | epoch=021 train_batch=170/389 running_loss=0.129914
2026-08-19 20:50:49 | INFO | epoch=021 train_batch=180/389 running_loss=0.130030
2026-08-19 20:50:49 | INFO | epoch=021 train_batch=190/389 running_loss=0.130315
2026-08-19 20:50:49 | INFO | epoch=021 train_batch=200/389 running_loss=0.129895
2026-08-19 20:50:50 | INFO | epoch=021 train_batch=210/389 running_loss=0.130337
2026-08-19 20:50:50 | INFO | epoch=021 train_batch=220/389 running_loss=0.130042
2026-08-19 20:50:50 | INFO | epoch=021 train_batch=230/389 running_loss=0.130261
2026-08-19 20:50:51 | INFO | epoch=021 train_batch=240/389 running_loss=0.130597
2026-08-19 20:50:51 | INFO | epoch=021 train_batch=250/389 running_loss=0.131049
2026-08-19 20:50:51 | INFO | epoch=021 train_batch=260/389 running_loss=0.130891
2026-08-19 20:50:52 | INFO | epoch=021 train_batch=270/389 running_loss=0.130782
2026-08-19 20:50:52 | INFO | epoch=021 train_batch=280/389 running_loss=0.130975
2026-08-19 20:50:53 | INFO | epoch=021 train_batch=290/389 running_loss=0.131020
2026-08-19 20:50:53 | INFO | epoch=021 train_batch=300/389 running_loss=0.130931
2026-08-19 20:50:53 | INFO | epoch=021 train_batch=310/389 running_loss=0.130759
2026-08-19 20:50:54 | INFO | epoch=021 train_batch=320/389 running_loss=0.130529
2026-08-19 20:50:54 | INFO | epoch=021 train_batch=330/389 running_loss=0.130205
2026-08-19 20:50:54 | INFO | epoch=021 train_batch=340/389 running_loss=0.130000
2026-08-19 20:50:55 | INFO | epoch=021 train_batch=350/389 running_loss=0.129931
2026-08-19 20:50:55 | INFO | epoch=021 train_batch=360/389 running_loss=0.129788
2026-08-19 20:50:55 | INFO | epoch=021 train_batch=370/389 running_loss=0.129885
2026-08-19 20:50:56 | INFO | epoch=021 train_batch=380/389 running_loss=0.129691
2026-08-19 20:50:56 | INFO | epoch=021 train_batch=389/389 running_loss=0.129674
2026-08-19 20:50:57 | INFO | epoch=021 train_loss=0.129674 validation_loss=0.186659
2026-08-19 20:50:57 | INFO | epoch=022 train_batch=10/389 running_loss=0.126791
2026-08-19 20:50:58 | INFO | epoch=022 train_batch=20/389 running_loss=0.127596
2026-08-19 20:50:58 | INFO | epoch=022 train_batch=30/389 running_loss=0.126910
2026-08-19 20:50:58 | INFO | epoch=022 train_batch=40/389 running_loss=0.126804
2026-08-19 20:50:59 | INFO | epoch=022 train_batch=50/389 running_loss=0.127494
2026-08-19 20:50:59 | INFO | epoch=022 train_batch=60/389 running_loss=0.127585
2026-08-19 20:50:59 | INFO | epoch=022 train_batch=70/389 running_loss=0.126882
2026-08-19 20:51:00 | INFO | epoch=022 train_batch=80/389 running_loss=0.127190
2026-08-19 20:51:00 | INFO | epoch=022 train_batch=90/389 running_loss=0.126634
2026-08-19 20:51:00 | INFO | epoch=022 train_batch=100/389 running_loss=0.126818
2026-08-19 20:51:01 | INFO | epoch=022 train_batch=110/389 running_loss=0.127119
2026-08-19 20:51:01 | INFO | epoch=022 train_batch=120/389 running_loss=0.126512
2026-08-19 20:51:01 | INFO | epoch=022 train_batch=130/389 running_loss=0.127040
2026-08-19 20:51:02 | INFO | epoch=022 train_batch=140/389 running_loss=0.127519
2026-08-19 20:51:02 | INFO | epoch=022 train_batch=150/389 running_loss=0.128447
2026-08-19 20:51:02 | INFO | epoch=022 train_batch=160/389 running_loss=0.128327
2026-08-19 20:51:03 | INFO | epoch=022 train_batch=170/389 running_loss=0.128740
2026-08-19 20:51:03 | INFO | epoch=022 train_batch=180/389 running_loss=0.128972
2026-08-19 20:51:03 | INFO | epoch=022 train_batch=190/389 running_loss=0.128916
2026-08-19 20:51:04 | INFO | epoch=022 train_batch=200/389 running_loss=0.128802
2026-08-19 20:51:04 | INFO | epoch=022 train_batch=210/389 running_loss=0.128490
2026-08-19 20:51:04 | INFO | epoch=022 train_batch=220/389 running_loss=0.128423
2026-08-19 20:51:05 | INFO | epoch=022 train_batch=230/389 running_loss=0.128602
2026-08-19 20:51:05 | INFO | epoch=022 train_batch=240/389 running_loss=0.128702
2026-08-19 20:51:05 | INFO | epoch=022 train_batch=250/389 running_loss=0.128448
2026-08-19 20:51:06 | INFO | epoch=022 train_batch=260/389 running_loss=0.128530
2026-08-19 20:51:06 | INFO | epoch=022 train_batch=270/389 running_loss=0.128558
2026-08-19 20:51:06 | INFO | epoch=022 train_batch=280/389 running_loss=0.128295
2026-08-19 20:51:07 | INFO | epoch=022 train_batch=290/389 running_loss=0.128254
2026-08-19 20:51:07 | INFO | epoch=022 train_batch=300/389 running_loss=0.128044
2026-08-19 20:51:07 | INFO | epoch=022 train_batch=310/389 running_loss=0.127754
2026-08-19 20:51:08 | INFO | epoch=022 train_batch=320/389 running_loss=0.127613
2026-08-19 20:51:08 | INFO | epoch=022 train_batch=330/389 running_loss=0.127478
2026-08-19 20:51:08 | INFO | epoch=022 train_batch=340/389 running_loss=0.127368
2026-08-19 20:51:09 | INFO | epoch=022 train_batch=350/389 running_loss=0.127358
2026-08-19 20:51:09 | INFO | epoch=022 train_batch=360/389 running_loss=0.127166
2026-08-19 20:51:09 | INFO | epoch=022 train_batch=370/389 running_loss=0.127328
2026-08-19 20:51:10 | INFO | epoch=022 train_batch=380/389 running_loss=0.127045
2026-08-19 20:51:10 | INFO | epoch=022 train_batch=389/389 running_loss=0.126923
2026-08-19 20:51:11 | INFO | epoch=022 train_loss=0.126923 validation_loss=0.182107
2026-08-19 20:51:11 | INFO | epoch=022 saved new best.pt
2026-08-19 20:51:11 | INFO | epoch=023 train_batch=10/389 running_loss=0.128625
2026-08-19 20:51:12 | INFO | epoch=023 train_batch=20/389 running_loss=0.126346
2026-08-19 20:51:12 | INFO | epoch=023 train_batch=30/389 running_loss=0.125484
2026-08-19 20:51:12 | INFO | epoch=023 train_batch=40/389 running_loss=0.127283
2026-08-19 20:51:13 | INFO | epoch=023 train_batch=50/389 running_loss=0.124621
2026-08-19 20:51:13 | INFO | epoch=023 train_batch=60/389 running_loss=0.125378
2026-08-19 20:51:13 | INFO | epoch=023 train_batch=70/389 running_loss=0.125922
2026-08-19 20:51:14 | INFO | epoch=023 train_batch=80/389 running_loss=0.125050
2026-08-19 20:51:14 | INFO | epoch=023 train_batch=90/389 running_loss=0.125742
2026-08-19 20:51:15 | INFO | epoch=023 train_batch=100/389 running_loss=0.125708
2026-08-19 20:51:15 | INFO | epoch=023 train_batch=110/389 running_loss=0.125620
2026-08-19 20:51:15 | INFO | epoch=023 train_batch=120/389 running_loss=0.125971
2026-08-19 20:51:16 | INFO | epoch=023 train_batch=130/389 running_loss=0.126622
2026-08-19 20:51:16 | INFO | epoch=023 train_batch=140/389 running_loss=0.126496
2026-08-19 20:51:16 | INFO | epoch=023 train_batch=150/389 running_loss=0.126554
2026-08-19 20:51:17 | INFO | epoch=023 train_batch=160/389 running_loss=0.126217
2026-08-19 20:51:17 | INFO | epoch=023 train_batch=170/389 running_loss=0.126260
2026-08-19 20:51:17 | INFO | epoch=023 train_batch=180/389 running_loss=0.126426
2026-08-19 20:51:18 | INFO | epoch=023 train_batch=190/389 running_loss=0.126022
2026-08-19 20:51:18 | INFO | epoch=023 train_batch=200/389 running_loss=0.126289
2026-08-19 20:51:18 | INFO | epoch=023 train_batch=210/389 running_loss=0.126328
2026-08-19 20:51:19 | INFO | epoch=023 train_batch=220/389 running_loss=0.126222
2026-08-19 20:51:19 | INFO | epoch=023 train_batch=230/389 running_loss=0.126394
2026-08-19 20:51:19 | INFO | epoch=023 train_batch=240/389 running_loss=0.126443
2026-08-19 20:51:20 | INFO | epoch=023 train_batch=250/389 running_loss=0.126475
2026-08-19 20:51:20 | INFO | epoch=023 train_batch=260/389 running_loss=0.126549
2026-08-19 20:51:20 | INFO | epoch=023 train_batch=270/389 running_loss=0.126629
2026-08-19 20:51:21 | INFO | epoch=023 train_batch=280/389 running_loss=0.126394
2026-08-19 20:51:21 | INFO | epoch=023 train_batch=290/389 running_loss=0.126469
2026-08-19 20:51:21 | INFO | epoch=023 train_batch=300/389 running_loss=0.126141
2026-08-19 20:51:22 | INFO | epoch=023 train_batch=310/389 running_loss=0.126108
2026-08-19 20:51:22 | INFO | epoch=023 train_batch=320/389 running_loss=0.126111
2026-08-19 20:51:22 | INFO | epoch=023 train_batch=330/389 running_loss=0.126257
2026-08-19 20:51:23 | INFO | epoch=023 train_batch=340/389 running_loss=0.126230
2026-08-19 20:51:23 | INFO | epoch=023 train_batch=350/389 running_loss=0.126186
2026-08-19 20:51:23 | INFO | epoch=023 train_batch=360/389 running_loss=0.126183
2026-08-19 20:51:24 | INFO | epoch=023 train_batch=370/389 running_loss=0.126235
2026-08-19 20:51:24 | INFO | epoch=023 train_batch=380/389 running_loss=0.126057
2026-08-19 20:51:24 | INFO | epoch=023 train_batch=389/389 running_loss=0.126091
2026-08-19 20:51:25 | INFO | epoch=023 train_loss=0.126091 validation_loss=0.192066
2026-08-19 20:51:26 | INFO | epoch=024 train_batch=10/389 running_loss=0.127589
2026-08-19 20:51:26 | INFO | epoch=024 train_batch=20/389 running_loss=0.124968
2026-08-19 20:51:26 | INFO | epoch=024 train_batch=30/389 running_loss=0.126231
2026-08-19 20:51:27 | INFO | epoch=024 train_batch=40/389 running_loss=0.123475
2026-08-19 20:51:27 | INFO | epoch=024 train_batch=50/389 running_loss=0.125197
2026-08-19 20:51:27 | INFO | epoch=024 train_batch=60/389 running_loss=0.126268
2026-08-19 20:51:28 | INFO | epoch=024 train_batch=70/389 running_loss=0.126410
2026-08-19 20:51:28 | INFO | epoch=024 train_batch=80/389 running_loss=0.125564
2026-08-19 20:51:28 | INFO | epoch=024 train_batch=90/389 running_loss=0.125876
2026-08-19 20:51:29 | INFO | epoch=024 train_batch=100/389 running_loss=0.124931
2026-08-19 20:51:29 | INFO | epoch=024 train_batch=110/389 running_loss=0.125807
2026-08-19 20:51:29 | INFO | epoch=024 train_batch=120/389 running_loss=0.125895
2026-08-19 20:51:30 | INFO | epoch=024 train_batch=130/389 running_loss=0.126489
2026-08-19 20:51:30 | INFO | epoch=024 train_batch=140/389 running_loss=0.126799
2026-08-19 20:51:30 | INFO | epoch=024 train_batch=150/389 running_loss=0.126607
2026-08-19 20:51:31 | INFO | epoch=024 train_batch=160/389 running_loss=0.126624
2026-08-19 20:51:31 | INFO | epoch=024 train_batch=170/389 running_loss=0.126697
2026-08-19 20:51:31 | INFO | epoch=024 train_batch=180/389 running_loss=0.126784
2026-08-19 20:51:32 | INFO | epoch=024 train_batch=190/389 running_loss=0.126410
2026-08-19 20:51:32 | INFO | epoch=024 train_batch=200/389 running_loss=0.125991
2026-08-19 20:51:32 | INFO | epoch=024 train_batch=210/389 running_loss=0.125809
2026-08-19 20:51:33 | INFO | epoch=024 train_batch=220/389 running_loss=0.125668
2026-08-19 20:51:33 | INFO | epoch=024 train_batch=230/389 running_loss=0.125482
2026-08-19 20:51:33 | INFO | epoch=024 train_batch=240/389 running_loss=0.125217
2026-08-19 20:51:34 | INFO | epoch=024 train_batch=250/389 running_loss=0.125181
2026-08-19 20:51:34 | INFO | epoch=024 train_batch=260/389 running_loss=0.124957
2026-08-19 20:51:34 | INFO | epoch=024 train_batch=270/389 running_loss=0.125067
2026-08-19 20:51:35 | INFO | epoch=024 train_batch=280/389 running_loss=0.124709
2026-08-19 20:51:35 | INFO | epoch=024 train_batch=290/389 running_loss=0.124609
2026-08-19 20:51:35 | INFO | epoch=024 train_batch=300/389 running_loss=0.124355
2026-08-19 20:51:36 | INFO | epoch=024 train_batch=310/389 running_loss=0.124671
2026-08-19 20:51:36 | INFO | epoch=024 train_batch=320/389 running_loss=0.124604
2026-08-19 20:51:36 | INFO | epoch=024 train_batch=330/389 running_loss=0.124513
2026-08-19 20:51:37 | INFO | epoch=024 train_batch=340/389 running_loss=0.124626
2026-08-19 20:51:37 | INFO | epoch=024 train_batch=350/389 running_loss=0.124711
2026-08-19 20:51:37 | INFO | epoch=024 train_batch=360/389 running_loss=0.124931
2026-08-19 20:51:38 | INFO | epoch=024 train_batch=370/389 running_loss=0.125123
2026-08-19 20:51:38 | INFO | epoch=024 train_batch=380/389 running_loss=0.125305
2026-08-19 20:51:38 | INFO | epoch=024 train_batch=389/389 running_loss=0.125183
2026-08-19 20:51:39 | INFO | epoch=024 train_loss=0.125183 validation_loss=0.187847
2026-08-19 20:51:40 | INFO | epoch=025 train_batch=10/389 running_loss=0.117128
2026-08-19 20:51:40 | INFO | epoch=025 train_batch=20/389 running_loss=0.116264
2026-08-19 20:51:40 | INFO | epoch=025 train_batch=30/389 running_loss=0.119952
2026-08-19 20:51:41 | INFO | epoch=025 train_batch=40/389 running_loss=0.120275
2026-08-19 20:51:41 | INFO | epoch=025 train_batch=50/389 running_loss=0.119546
2026-08-19 20:51:41 | INFO | epoch=025 train_batch=60/389 running_loss=0.120218
2026-08-19 20:51:42 | INFO | epoch=025 train_batch=70/389 running_loss=0.122629
2026-08-19 20:51:42 | INFO | epoch=025 train_batch=80/389 running_loss=0.121737
2026-08-19 20:51:43 | INFO | epoch=025 train_batch=90/389 running_loss=0.122912
2026-08-19 20:51:43 | INFO | epoch=025 train_batch=100/389 running_loss=0.124215
2026-08-19 20:51:43 | INFO | epoch=025 train_batch=110/389 running_loss=0.123991
2026-08-19 20:51:44 | INFO | epoch=025 train_batch=120/389 running_loss=0.123883
2026-08-19 20:51:44 | INFO | epoch=025 train_batch=130/389 running_loss=0.124488
2026-08-19 20:51:44 | INFO | epoch=025 train_batch=140/389 running_loss=0.124547
2026-08-19 20:51:45 | INFO | epoch=025 train_batch=150/389 running_loss=0.124545
2026-08-19 20:51:45 | INFO | epoch=025 train_batch=160/389 running_loss=0.124967
2026-08-19 20:51:45 | INFO | epoch=025 train_batch=170/389 running_loss=0.124954
2026-08-19 20:51:46 | INFO | epoch=025 train_batch=180/389 running_loss=0.125341
2026-08-19 20:51:46 | INFO | epoch=025 train_batch=190/389 running_loss=0.125496
2026-08-19 20:51:46 | INFO | epoch=025 train_batch=200/389 running_loss=0.125374
2026-08-19 20:51:47 | INFO | epoch=025 train_batch=210/389 running_loss=0.124911
2026-08-19 20:51:47 | INFO | epoch=025 train_batch=220/389 running_loss=0.124624
2026-08-19 20:51:47 | INFO | epoch=025 train_batch=230/389 running_loss=0.124592
2026-08-19 20:51:48 | INFO | epoch=025 train_batch=240/389 running_loss=0.124571
2026-08-19 20:51:48 | INFO | epoch=025 train_batch=250/389 running_loss=0.124215
2026-08-19 20:51:48 | INFO | epoch=025 train_batch=260/389 running_loss=0.124048
2026-08-19 20:51:49 | INFO | epoch=025 train_batch=270/389 running_loss=0.123887
2026-08-19 20:51:49 | INFO | epoch=025 train_batch=280/389 running_loss=0.123799
2026-08-19 20:51:49 | INFO | epoch=025 train_batch=290/389 running_loss=0.123615
2026-08-19 20:51:50 | INFO | epoch=025 train_batch=300/389 running_loss=0.123361
2026-08-19 20:51:50 | INFO | epoch=025 train_batch=310/389 running_loss=0.123154
2026-08-19 20:51:50 | INFO | epoch=025 train_batch=320/389 running_loss=0.123311
2026-08-19 20:51:51 | INFO | epoch=025 train_batch=330/389 running_loss=0.123324
2026-08-19 20:51:51 | INFO | epoch=025 train_batch=340/389 running_loss=0.123350
2026-08-19 20:51:51 | INFO | epoch=025 train_batch=350/389 running_loss=0.123217
2026-08-19 20:51:52 | INFO | epoch=025 train_batch=360/389 running_loss=0.123481
2026-08-19 20:51:52 | INFO | epoch=025 train_batch=370/389 running_loss=0.123735
2026-08-19 20:51:52 | INFO | epoch=025 train_batch=380/389 running_loss=0.123799
2026-08-19 20:51:53 | INFO | epoch=025 train_batch=389/389 running_loss=0.123944
2026-08-19 20:51:54 | INFO | epoch=025 train_loss=0.123944 validation_loss=0.187275
2026-08-19 20:51:54 | INFO | epoch=026 train_batch=10/389 running_loss=0.115983
2026-08-19 20:51:54 | INFO | epoch=026 train_batch=20/389 running_loss=0.120529
2026-08-19 20:51:55 | INFO | epoch=026 train_batch=30/389 running_loss=0.118931
2026-08-19 20:51:55 | INFO | epoch=026 train_batch=40/389 running_loss=0.121223
2026-08-19 20:51:55 | INFO | epoch=026 train_batch=50/389 running_loss=0.122686
2026-08-19 20:51:56 | INFO | epoch=026 train_batch=60/389 running_loss=0.122232
2026-08-19 20:51:56 | INFO | epoch=026 train_batch=70/389 running_loss=0.122678
2026-08-19 20:51:56 | INFO | epoch=026 train_batch=80/389 running_loss=0.122939
2026-08-19 20:51:57 | INFO | epoch=026 train_batch=90/389 running_loss=0.122338
2026-08-19 20:51:57 | INFO | epoch=026 train_batch=100/389 running_loss=0.122162
2026-08-19 20:51:57 | INFO | epoch=026 train_batch=110/389 running_loss=0.121940
2026-08-19 20:51:58 | INFO | epoch=026 train_batch=120/389 running_loss=0.122787
2026-08-19 20:51:58 | INFO | epoch=026 train_batch=130/389 running_loss=0.123137
2026-08-19 20:51:58 | INFO | epoch=026 train_batch=140/389 running_loss=0.123263
2026-08-19 20:51:59 | INFO | epoch=026 train_batch=150/389 running_loss=0.123443
2026-08-19 20:51:59 | INFO | epoch=026 train_batch=160/389 running_loss=0.123074
2026-08-19 20:51:59 | INFO | epoch=026 train_batch=170/389 running_loss=0.122974
2026-08-19 20:52:00 | INFO | epoch=026 train_batch=180/389 running_loss=0.123051
2026-08-19 20:52:00 | INFO | epoch=026 train_batch=190/389 running_loss=0.123383
2026-08-19 20:52:00 | INFO | epoch=026 train_batch=200/389 running_loss=0.123439
2026-08-19 20:52:01 | INFO | epoch=026 train_batch=210/389 running_loss=0.123386
2026-08-19 20:52:01 | INFO | epoch=026 train_batch=220/389 running_loss=0.123691
2026-08-19 20:52:01 | INFO | epoch=026 train_batch=230/389 running_loss=0.124005
2026-08-19 20:52:02 | INFO | epoch=026 train_batch=240/389 running_loss=0.124112
2026-08-19 20:52:02 | INFO | epoch=026 train_batch=250/389 running_loss=0.124459
2026-08-19 20:52:02 | INFO | epoch=026 train_batch=260/389 running_loss=0.124682
2026-08-19 20:52:03 | INFO | epoch=026 train_batch=270/389 running_loss=0.124356
2026-08-19 20:52:03 | INFO | epoch=026 train_batch=280/389 running_loss=0.123982
2026-08-19 20:52:03 | INFO | epoch=026 train_batch=290/389 running_loss=0.123743
2026-08-19 20:52:04 | INFO | epoch=026 train_batch=300/389 running_loss=0.123805
2026-08-19 20:52:04 | INFO | epoch=026 train_batch=310/389 running_loss=0.123816
2026-08-19 20:52:04 | INFO | epoch=026 train_batch=320/389 running_loss=0.123617
2026-08-19 20:52:05 | INFO | epoch=026 train_batch=330/389 running_loss=0.123564
2026-08-19 20:52:05 | INFO | epoch=026 train_batch=340/389 running_loss=0.123468
2026-08-19 20:52:05 | INFO | epoch=026 train_batch=350/389 running_loss=0.123405
2026-08-19 20:52:06 | INFO | epoch=026 train_batch=360/389 running_loss=0.123135
2026-08-19 20:52:06 | INFO | epoch=026 train_batch=370/389 running_loss=0.122978
2026-08-19 20:52:06 | INFO | epoch=026 train_batch=380/389 running_loss=0.122978
2026-08-19 20:52:07 | INFO | epoch=026 train_batch=389/389 running_loss=0.123099
2026-08-19 20:52:08 | INFO | epoch=026 train_loss=0.123099 validation_loss=0.184305
2026-08-19 20:52:08 | INFO | epoch=027 train_batch=10/389 running_loss=0.131096
2026-08-19 20:52:08 | INFO | epoch=027 train_batch=20/389 running_loss=0.128485
2026-08-19 20:52:09 | INFO | epoch=027 train_batch=30/389 running_loss=0.124208
2026-08-19 20:52:09 | INFO | epoch=027 train_batch=40/389 running_loss=0.123703
2026-08-19 20:52:09 | INFO | epoch=027 train_batch=50/389 running_loss=0.122897
2026-08-19 20:52:10 | INFO | epoch=027 train_batch=60/389 running_loss=0.121741
2026-08-19 20:52:10 | INFO | epoch=027 train_batch=70/389 running_loss=0.120949
2026-08-19 20:52:10 | INFO | epoch=027 train_batch=80/389 running_loss=0.120571
2026-08-19 20:52:11 | INFO | epoch=027 train_batch=90/389 running_loss=0.119900
2026-08-19 20:52:11 | INFO | epoch=027 train_batch=100/389 running_loss=0.118856
2026-08-19 20:52:11 | INFO | epoch=027 train_batch=110/389 running_loss=0.118728
2026-08-19 20:52:12 | INFO | epoch=027 train_batch=120/389 running_loss=0.118344
2026-08-19 20:52:12 | INFO | epoch=027 train_batch=130/389 running_loss=0.118640
2026-08-19 20:52:12 | INFO | epoch=027 train_batch=140/389 running_loss=0.118193
2026-08-19 20:52:13 | INFO | epoch=027 train_batch=150/389 running_loss=0.118499
2026-08-19 20:52:13 | INFO | epoch=027 train_batch=160/389 running_loss=0.118538
2026-08-19 20:52:13 | INFO | epoch=027 train_batch=170/389 running_loss=0.118557
2026-08-19 20:52:14 | INFO | epoch=027 train_batch=180/389 running_loss=0.118704
2026-08-19 20:52:14 | INFO | epoch=027 train_batch=190/389 running_loss=0.119123
2026-08-19 20:52:14 | INFO | epoch=027 train_batch=200/389 running_loss=0.119204
2026-08-19 20:52:15 | INFO | epoch=027 train_batch=210/389 running_loss=0.119525
2026-08-19 20:52:15 | INFO | epoch=027 train_batch=220/389 running_loss=0.119947
2026-08-19 20:52:15 | INFO | epoch=027 train_batch=230/389 running_loss=0.120526
2026-08-19 20:52:16 | INFO | epoch=027 train_batch=240/389 running_loss=0.121060
2026-08-19 20:52:16 | INFO | epoch=027 train_batch=250/389 running_loss=0.121351
2026-08-19 20:52:16 | INFO | epoch=027 train_batch=260/389 running_loss=0.121115
2026-08-19 20:52:17 | INFO | epoch=027 train_batch=270/389 running_loss=0.121414
2026-08-19 20:52:17 | INFO | epoch=027 train_batch=280/389 running_loss=0.121465
2026-08-19 20:52:17 | INFO | epoch=027 train_batch=290/389 running_loss=0.121646
2026-08-19 20:52:18 | INFO | epoch=027 train_batch=300/389 running_loss=0.121772
2026-08-19 20:52:18 | INFO | epoch=027 train_batch=310/389 running_loss=0.121766
2026-08-19 20:52:18 | INFO | epoch=027 train_batch=320/389 running_loss=0.121557
2026-08-19 20:52:19 | INFO | epoch=027 train_batch=330/389 running_loss=0.121726
2026-08-19 20:52:19 | INFO | epoch=027 train_batch=340/389 running_loss=0.121755
2026-08-19 20:52:19 | INFO | epoch=027 train_batch=350/389 running_loss=0.121567
2026-08-19 20:52:20 | INFO | epoch=027 train_batch=360/389 running_loss=0.121386
2026-08-19 20:52:20 | INFO | epoch=027 train_batch=370/389 running_loss=0.121624
2026-08-19 20:52:20 | INFO | epoch=027 train_batch=380/389 running_loss=0.121515
2026-08-19 20:52:21 | INFO | epoch=027 train_batch=389/389 running_loss=0.121446
2026-08-19 20:52:22 | INFO | epoch=027 train_loss=0.121446 validation_loss=0.188540
2026-08-19 20:52:22 | INFO | epoch=028 train_batch=10/389 running_loss=0.125276
2026-08-19 20:52:22 | INFO | epoch=028 train_batch=20/389 running_loss=0.126511
2026-08-19 20:52:23 | INFO | epoch=028 train_batch=30/389 running_loss=0.123244
2026-08-19 20:52:23 | INFO | epoch=028 train_batch=40/389 running_loss=0.120857
2026-08-19 20:52:23 | INFO | epoch=028 train_batch=50/389 running_loss=0.121132
2026-08-19 20:52:24 | INFO | epoch=028 train_batch=60/389 running_loss=0.121018
2026-08-19 20:52:24 | INFO | epoch=028 train_batch=70/389 running_loss=0.120361
2026-08-19 20:52:24 | INFO | epoch=028 train_batch=80/389 running_loss=0.120076
2026-08-19 20:52:25 | INFO | epoch=028 train_batch=90/389 running_loss=0.120231
2026-08-19 20:52:25 | INFO | epoch=028 train_batch=100/389 running_loss=0.120225
2026-08-19 20:52:25 | INFO | epoch=028 train_batch=110/389 running_loss=0.120486
2026-08-19 20:52:26 | INFO | epoch=028 train_batch=120/389 running_loss=0.120399
2026-08-19 20:52:26 | INFO | epoch=028 train_batch=130/389 running_loss=0.120594
2026-08-19 20:52:26 | INFO | epoch=028 train_batch=140/389 running_loss=0.120317
2026-08-19 20:52:27 | INFO | epoch=028 train_batch=150/389 running_loss=0.120477
2026-08-19 20:52:27 | INFO | epoch=028 train_batch=160/389 running_loss=0.120779
2026-08-19 20:52:27 | INFO | epoch=028 train_batch=170/389 running_loss=0.120885
2026-08-19 20:52:28 | INFO | epoch=028 train_batch=180/389 running_loss=0.121000
2026-08-19 20:52:28 | INFO | epoch=028 train_batch=190/389 running_loss=0.120766
2026-08-19 20:52:28 | INFO | epoch=028 train_batch=200/389 running_loss=0.120720
2026-08-19 20:52:29 | INFO | epoch=028 train_batch=210/389 running_loss=0.120619
2026-08-19 20:52:29 | INFO | epoch=028 train_batch=220/389 running_loss=0.120833
2026-08-19 20:52:29 | INFO | epoch=028 train_batch=230/389 running_loss=0.120871
2026-08-19 20:52:30 | INFO | epoch=028 train_batch=240/389 running_loss=0.121145
2026-08-19 20:52:30 | INFO | epoch=028 train_batch=250/389 running_loss=0.120930
2026-08-19 20:52:30 | INFO | epoch=028 train_batch=260/389 running_loss=0.120806
2026-08-19 20:52:31 | INFO | epoch=028 train_batch=270/389 running_loss=0.120805
2026-08-19 20:52:31 | INFO | epoch=028 train_batch=280/389 running_loss=0.120819
2026-08-19 20:52:31 | INFO | epoch=028 train_batch=290/389 running_loss=0.120900
2026-08-19 20:52:32 | INFO | epoch=028 train_batch=300/389 running_loss=0.121139
2026-08-19 20:52:32 | INFO | epoch=028 train_batch=310/389 running_loss=0.121251
2026-08-19 20:52:32 | INFO | epoch=028 train_batch=320/389 running_loss=0.120991
2026-08-19 20:52:33 | INFO | epoch=028 train_batch=330/389 running_loss=0.121406
2026-08-19 20:52:33 | INFO | epoch=028 train_batch=340/389 running_loss=0.121265
2026-08-19 20:52:33 | INFO | epoch=028 train_batch=350/389 running_loss=0.121328
2026-08-19 20:52:34 | INFO | epoch=028 train_batch=360/389 running_loss=0.121391
2026-08-19 20:52:34 | INFO | epoch=028 train_batch=370/389 running_loss=0.121507
2026-08-19 20:52:34 | INFO | epoch=028 train_batch=380/389 running_loss=0.121393
2026-08-19 20:52:35 | INFO | epoch=028 train_batch=389/389 running_loss=0.121341
2026-08-19 20:52:36 | INFO | epoch=028 train_loss=0.121341 validation_loss=0.178436
2026-08-19 20:52:36 | INFO | epoch=028 saved new best.pt
2026-08-19 20:52:36 | INFO | epoch=029 train_batch=10/389 running_loss=0.115731
2026-08-19 20:52:36 | INFO | epoch=029 train_batch=20/389 running_loss=0.119493
2026-08-19 20:52:37 | INFO | epoch=029 train_batch=30/389 running_loss=0.119828
2026-08-19 20:52:37 | INFO | epoch=029 train_batch=40/389 running_loss=0.118495
2026-08-19 20:52:37 | INFO | epoch=029 train_batch=50/389 running_loss=0.118960
2026-08-19 20:52:38 | INFO | epoch=029 train_batch=60/389 running_loss=0.117787
2026-08-19 20:52:38 | INFO | epoch=029 train_batch=70/389 running_loss=0.118953
2026-08-19 20:52:38 | INFO | epoch=029 train_batch=80/389 running_loss=0.118155
2026-08-19 20:52:39 | INFO | epoch=029 train_batch=90/389 running_loss=0.117954
2026-08-19 20:52:39 | INFO | epoch=029 train_batch=100/389 running_loss=0.117570
2026-08-19 20:52:39 | INFO | epoch=029 train_batch=110/389 running_loss=0.117180
2026-08-19 20:52:40 | INFO | epoch=029 train_batch=120/389 running_loss=0.116999
2026-08-19 20:52:40 | INFO | epoch=029 train_batch=130/389 running_loss=0.117360
2026-08-19 20:52:40 | INFO | epoch=029 train_batch=140/389 running_loss=0.117685
2026-08-19 20:52:41 | INFO | epoch=029 train_batch=150/389 running_loss=0.117400
2026-08-19 20:52:41 | INFO | epoch=029 train_batch=160/389 running_loss=0.117724
2026-08-19 20:52:41 | INFO | epoch=029 train_batch=170/389 running_loss=0.118415
2026-08-19 20:52:42 | INFO | epoch=029 train_batch=180/389 running_loss=0.118810
2026-08-19 20:52:42 | INFO | epoch=029 train_batch=190/389 running_loss=0.118670
2026-08-19 20:52:42 | INFO | epoch=029 train_batch=200/389 running_loss=0.119018
2026-08-19 20:52:43 | INFO | epoch=029 train_batch=210/389 running_loss=0.119103
2026-08-19 20:52:43 | INFO | epoch=029 train_batch=220/389 running_loss=0.119664
2026-08-19 20:52:43 | INFO | epoch=029 train_batch=230/389 running_loss=0.119582
2026-08-19 20:52:44 | INFO | epoch=029 train_batch=240/389 running_loss=0.119752
2026-08-19 20:52:44 | INFO | epoch=029 train_batch=250/389 running_loss=0.119765
2026-08-19 20:52:44 | INFO | epoch=029 train_batch=260/389 running_loss=0.119894
2026-08-19 20:52:45 | INFO | epoch=029 train_batch=270/389 running_loss=0.120106
2026-08-19 20:52:45 | INFO | epoch=029 train_batch=280/389 running_loss=0.120113
2026-08-19 20:52:45 | INFO | epoch=029 train_batch=290/389 running_loss=0.120076
2026-08-19 20:52:46 | INFO | epoch=029 train_batch=300/389 running_loss=0.120255
2026-08-19 20:52:46 | INFO | epoch=029 train_batch=310/389 running_loss=0.120249
2026-08-19 20:52:46 | INFO | epoch=029 train_batch=320/389 running_loss=0.120358
2026-08-19 20:52:47 | INFO | epoch=029 train_batch=330/389 running_loss=0.120217
2026-08-19 20:52:47 | INFO | epoch=029 train_batch=340/389 running_loss=0.120529
2026-08-19 20:52:47 | INFO | epoch=029 train_batch=350/389 running_loss=0.120503
2026-08-19 20:52:48 | INFO | epoch=029 train_batch=360/389 running_loss=0.120932
2026-08-19 20:52:48 | INFO | epoch=029 train_batch=370/389 running_loss=0.120928
2026-08-19 20:52:48 | INFO | epoch=029 train_batch=380/389 running_loss=0.120970
2026-08-19 20:52:49 | INFO | epoch=029 train_batch=389/389 running_loss=0.120973
2026-08-19 20:52:49 | INFO | epoch=029 train_loss=0.120973 validation_loss=0.181755
2026-08-19 20:52:50 | INFO | epoch=030 train_batch=10/389 running_loss=0.121117
2026-08-19 20:52:50 | INFO | epoch=030 train_batch=20/389 running_loss=0.118051
2026-08-19 20:52:51 | INFO | epoch=030 train_batch=30/389 running_loss=0.119834
2026-08-19 20:52:51 | INFO | epoch=030 train_batch=40/389 running_loss=0.120772
2026-08-19 20:52:51 | INFO | epoch=030 train_batch=50/389 running_loss=0.120019
2026-08-19 20:52:52 | INFO | epoch=030 train_batch=60/389 running_loss=0.118623
2026-08-19 20:52:52 | INFO | epoch=030 train_batch=70/389 running_loss=0.118435
2026-08-19 20:52:52 | INFO | epoch=030 train_batch=80/389 running_loss=0.118279
2026-08-19 20:52:53 | INFO | epoch=030 train_batch=90/389 running_loss=0.118381
2026-08-19 20:52:53 | INFO | epoch=030 train_batch=100/389 running_loss=0.117997
2026-08-19 20:52:53 | INFO | epoch=030 train_batch=110/389 running_loss=0.118543
2026-08-19 20:52:54 | INFO | epoch=030 train_batch=120/389 running_loss=0.118910
2026-08-19 20:52:54 | INFO | epoch=030 train_batch=130/389 running_loss=0.118649
2026-08-19 20:52:54 | INFO | epoch=030 train_batch=140/389 running_loss=0.118579
2026-08-19 20:52:55 | INFO | epoch=030 train_batch=150/389 running_loss=0.118960
2026-08-19 20:52:55 | INFO | epoch=030 train_batch=160/389 running_loss=0.119165
2026-08-19 20:52:55 | INFO | epoch=030 train_batch=170/389 running_loss=0.119256
2026-08-19 20:52:56 | INFO | epoch=030 train_batch=180/389 running_loss=0.119096
2026-08-19 20:52:56 | INFO | epoch=030 train_batch=190/389 running_loss=0.119438
2026-08-19 20:52:56 | INFO | epoch=030 train_batch=200/389 running_loss=0.119442
2026-08-19 20:52:57 | INFO | epoch=030 train_batch=210/389 running_loss=0.119759
2026-08-19 20:52:57 | INFO | epoch=030 train_batch=220/389 running_loss=0.119604
2026-08-19 20:52:57 | INFO | epoch=030 train_batch=230/389 running_loss=0.119786
2026-08-19 20:52:58 | INFO | epoch=030 train_batch=240/389 running_loss=0.119575
2026-08-19 20:52:58 | INFO | epoch=030 train_batch=250/389 running_loss=0.119408
2026-08-19 20:52:58 | INFO | epoch=030 train_batch=260/389 running_loss=0.119147
2026-08-19 20:52:59 | INFO | epoch=030 train_batch=270/389 running_loss=0.118617
2026-08-19 20:52:59 | INFO | epoch=030 train_batch=280/389 running_loss=0.118630
2026-08-19 20:52:59 | INFO | epoch=030 train_batch=290/389 running_loss=0.118503
2026-08-19 20:53:00 | INFO | epoch=030 train_batch=300/389 running_loss=0.118425
2026-08-19 20:53:00 | INFO | epoch=030 train_batch=310/389 running_loss=0.118381
2026-08-19 20:53:00 | INFO | epoch=030 train_batch=320/389 running_loss=0.118419
2026-08-19 20:53:01 | INFO | epoch=030 train_batch=330/389 running_loss=0.118349
2026-08-19 20:53:01 | INFO | epoch=030 train_batch=340/389 running_loss=0.118171
2026-08-19 20:53:01 | INFO | epoch=030 train_batch=350/389 running_loss=0.118423
2026-08-19 20:53:02 | INFO | epoch=030 train_batch=360/389 running_loss=0.118483
2026-08-19 20:53:02 | INFO | epoch=030 train_batch=370/389 running_loss=0.118621
2026-08-19 20:53:02 | INFO | epoch=030 train_batch=380/389 running_loss=0.118604
2026-08-19 20:53:03 | INFO | epoch=030 train_batch=389/389 running_loss=0.118780
2026-08-19 20:53:03 | INFO | epoch=030 train_loss=0.118780 validation_loss=0.179700
2026-08-19 20:53:04 | INFO | epoch=031 train_batch=10/389 running_loss=0.117868
2026-08-19 20:53:04 | INFO | epoch=031 train_batch=20/389 running_loss=0.120236
2026-08-19 20:53:05 | INFO | epoch=031 train_batch=30/389 running_loss=0.120586
2026-08-19 20:53:05 | INFO | epoch=031 train_batch=40/389 running_loss=0.118664
2026-08-19 20:53:05 | INFO | epoch=031 train_batch=50/389 running_loss=0.118438
2026-08-19 20:53:06 | INFO | epoch=031 train_batch=60/389 running_loss=0.119315
2026-08-19 20:53:06 | INFO | epoch=031 train_batch=70/389 running_loss=0.120181
2026-08-19 20:53:06 | INFO | epoch=031 train_batch=80/389 running_loss=0.119415
2026-08-19 20:53:07 | INFO | epoch=031 train_batch=90/389 running_loss=0.119301
2026-08-19 20:53:07 | INFO | epoch=031 train_batch=100/389 running_loss=0.119475
2026-08-19 20:53:07 | INFO | epoch=031 train_batch=110/389 running_loss=0.119093
2026-08-19 20:53:08 | INFO | epoch=031 train_batch=120/389 running_loss=0.118779
2026-08-19 20:53:08 | INFO | epoch=031 train_batch=130/389 running_loss=0.118922
2026-08-19 20:53:08 | INFO | epoch=031 train_batch=140/389 running_loss=0.118818
2026-08-19 20:53:09 | INFO | epoch=031 train_batch=150/389 running_loss=0.119062
2026-08-19 20:53:09 | INFO | epoch=031 train_batch=160/389 running_loss=0.118682
2026-08-19 20:53:09 | INFO | epoch=031 train_batch=170/389 running_loss=0.118558
2026-08-19 20:53:10 | INFO | epoch=031 train_batch=180/389 running_loss=0.118934
2026-08-19 20:53:10 | INFO | epoch=031 train_batch=190/389 running_loss=0.118999
2026-08-19 20:53:10 | INFO | epoch=031 train_batch=200/389 running_loss=0.119238
2026-08-19 20:53:11 | INFO | epoch=031 train_batch=210/389 running_loss=0.118986
2026-08-19 20:53:11 | INFO | epoch=031 train_batch=220/389 running_loss=0.118996
2026-08-19 20:53:11 | INFO | epoch=031 train_batch=230/389 running_loss=0.118998
2026-08-19 20:53:12 | INFO | epoch=031 train_batch=240/389 running_loss=0.118601
2026-08-19 20:53:12 | INFO | epoch=031 train_batch=250/389 running_loss=0.118439
2026-08-19 20:53:12 | INFO | epoch=031 train_batch=260/389 running_loss=0.118234
2026-08-19 20:53:13 | INFO | epoch=031 train_batch=270/389 running_loss=0.118240
2026-08-19 20:53:13 | INFO | epoch=031 train_batch=280/389 running_loss=0.118231
2026-08-19 20:53:13 | INFO | epoch=031 train_batch=290/389 running_loss=0.118090
2026-08-19 20:53:14 | INFO | epoch=031 train_batch=300/389 running_loss=0.117843
2026-08-19 20:53:14 | INFO | epoch=031 train_batch=310/389 running_loss=0.117628
2026-08-19 20:53:14 | INFO | epoch=031 train_batch=320/389 running_loss=0.117552
2026-08-19 20:53:15 | INFO | epoch=031 train_batch=330/389 running_loss=0.117459
2026-08-19 20:53:15 | INFO | epoch=031 train_batch=340/389 running_loss=0.117381
2026-08-19 20:53:15 | INFO | epoch=031 train_batch=350/389 running_loss=0.117191
2026-08-19 20:53:16 | INFO | epoch=031 train_batch=360/389 running_loss=0.117309
2026-08-19 20:53:16 | INFO | epoch=031 train_batch=370/389 running_loss=0.117344
2026-08-19 20:53:16 | INFO | epoch=031 train_batch=380/389 running_loss=0.117183
2026-08-19 20:53:16 | INFO | epoch=031 train_batch=389/389 running_loss=0.117359
2026-08-19 20:53:17 | INFO | epoch=031 train_loss=0.117359 validation_loss=0.177573
2026-08-19 20:53:17 | INFO | epoch=031 saved new best.pt
2026-08-19 20:53:18 | INFO | epoch=032 train_batch=10/389 running_loss=0.115926
2026-08-19 20:53:18 | INFO | epoch=032 train_batch=20/389 running_loss=0.116306
2026-08-19 20:53:18 | INFO | epoch=032 train_batch=30/389 running_loss=0.116571
2026-08-19 20:53:19 | INFO | epoch=032 train_batch=40/389 running_loss=0.115455
2026-08-19 20:53:19 | INFO | epoch=032 train_batch=50/389 running_loss=0.116747
2026-08-19 20:53:19 | INFO | epoch=032 train_batch=60/389 running_loss=0.116476
2026-08-19 20:53:20 | INFO | epoch=032 train_batch=70/389 running_loss=0.116242
2026-08-19 20:53:20 | INFO | epoch=032 train_batch=80/389 running_loss=0.115943
2026-08-19 20:53:20 | INFO | epoch=032 train_batch=90/389 running_loss=0.115479
2026-08-19 20:53:21 | INFO | epoch=032 train_batch=100/389 running_loss=0.115873
2026-08-19 20:53:21 | INFO | epoch=032 train_batch=110/389 running_loss=0.116057
2026-08-19 20:53:21 | INFO | epoch=032 train_batch=120/389 running_loss=0.116884
2026-08-19 20:53:22 | INFO | epoch=032 train_batch=130/389 running_loss=0.116637
2026-08-19 20:53:22 | INFO | epoch=032 train_batch=140/389 running_loss=0.116955
2026-08-19 20:53:22 | INFO | epoch=032 train_batch=150/389 running_loss=0.117236
2026-08-19 20:53:23 | INFO | epoch=032 train_batch=160/389 running_loss=0.117130
2026-08-19 20:53:23 | INFO | epoch=032 train_batch=170/389 running_loss=0.116893
2026-08-19 20:53:23 | INFO | epoch=032 train_batch=180/389 running_loss=0.116634
2026-08-19 20:53:24 | INFO | epoch=032 train_batch=190/389 running_loss=0.116663
2026-08-19 20:53:24 | INFO | epoch=032 train_batch=200/389 running_loss=0.116767
2026-08-19 20:53:24 | INFO | epoch=032 train_batch=210/389 running_loss=0.116998
2026-08-19 20:53:25 | INFO | epoch=032 train_batch=220/389 running_loss=0.116859
2026-08-19 20:53:25 | INFO | epoch=032 train_batch=230/389 running_loss=0.116806
2026-08-19 20:53:25 | INFO | epoch=032 train_batch=240/389 running_loss=0.116746
2026-08-19 20:53:26 | INFO | epoch=032 train_batch=250/389 running_loss=0.116950
2026-08-19 20:53:26 | INFO | epoch=032 train_batch=260/389 running_loss=0.117111
2026-08-19 20:53:26 | INFO | epoch=032 train_batch=270/389 running_loss=0.117140
2026-08-19 20:53:27 | INFO | epoch=032 train_batch=280/389 running_loss=0.116992
2026-08-19 20:53:27 | INFO | epoch=032 train_batch=290/389 running_loss=0.116945
2026-08-19 20:53:27 | INFO | epoch=032 train_batch=300/389 running_loss=0.117147
2026-08-19 20:53:28 | INFO | epoch=032 train_batch=310/389 running_loss=0.117123
2026-08-19 20:53:28 | INFO | epoch=032 train_batch=320/389 running_loss=0.116962
2026-08-19 20:53:28 | INFO | epoch=032 train_batch=330/389 running_loss=0.116972
2026-08-19 20:53:29 | INFO | epoch=032 train_batch=340/389 running_loss=0.117171
2026-08-19 20:53:29 | INFO | epoch=032 train_batch=350/389 running_loss=0.117118
2026-08-19 20:53:29 | INFO | epoch=032 train_batch=360/389 running_loss=0.116961
2026-08-19 20:53:30 | INFO | epoch=032 train_batch=370/389 running_loss=0.116983
2026-08-19 20:53:30 | INFO | epoch=032 train_batch=380/389 running_loss=0.117107
2026-08-19 20:53:30 | INFO | epoch=032 train_batch=389/389 running_loss=0.116836
2026-08-19 20:53:31 | INFO | epoch=032 train_loss=0.116836 validation_loss=0.177308
2026-08-19 20:53:31 | INFO | epoch=032 saved new best.pt
2026-08-19 20:53:32 | INFO | epoch=033 train_batch=10/389 running_loss=0.115841
2026-08-19 20:53:32 | INFO | epoch=033 train_batch=20/389 running_loss=0.115186
2026-08-19 20:53:32 | INFO | epoch=033 train_batch=30/389 running_loss=0.113888
2026-08-19 20:53:33 | INFO | epoch=033 train_batch=40/389 running_loss=0.114256
2026-08-19 20:53:33 | INFO | epoch=033 train_batch=50/389 running_loss=0.114892
2026-08-19 20:53:33 | INFO | epoch=033 train_batch=60/389 running_loss=0.115244
2026-08-19 20:53:34 | INFO | epoch=033 train_batch=70/389 running_loss=0.115224
2026-08-19 20:53:34 | INFO | epoch=033 train_batch=80/389 running_loss=0.115261
2026-08-19 20:53:35 | INFO | epoch=033 train_batch=90/389 running_loss=0.115220
2026-08-19 20:53:35 | INFO | epoch=033 train_batch=100/389 running_loss=0.114679
2026-08-19 20:53:35 | INFO | epoch=033 train_batch=110/389 running_loss=0.115089
2026-08-19 20:53:36 | INFO | epoch=033 train_batch=120/389 running_loss=0.115273
2026-08-19 20:53:36 | INFO | epoch=033 train_batch=130/389 running_loss=0.115157
2026-08-19 20:53:36 | INFO | epoch=033 train_batch=140/389 running_loss=0.115242
2026-08-19 20:53:37 | INFO | epoch=033 train_batch=150/389 running_loss=0.115401
2026-08-19 20:53:37 | INFO | epoch=033 train_batch=160/389 running_loss=0.116211
2026-08-19 20:53:37 | INFO | epoch=033 train_batch=170/389 running_loss=0.116373
2026-08-19 20:53:38 | INFO | epoch=033 train_batch=180/389 running_loss=0.116484
2026-08-19 20:53:38 | INFO | epoch=033 train_batch=190/389 running_loss=0.116623
2026-08-19 20:53:39 | INFO | epoch=033 train_batch=200/389 running_loss=0.116902
2026-08-19 20:53:39 | INFO | epoch=033 train_batch=210/389 running_loss=0.116561
2026-08-19 20:53:39 | INFO | epoch=033 train_batch=220/389 running_loss=0.116290
2026-08-19 20:53:40 | INFO | epoch=033 train_batch=230/389 running_loss=0.116413
2026-08-19 20:53:40 | INFO | epoch=033 train_batch=240/389 running_loss=0.116680
2026-08-19 20:53:40 | INFO | epoch=033 train_batch=250/389 running_loss=0.116558
2026-08-19 20:53:41 | INFO | epoch=033 train_batch=260/389 running_loss=0.116536
2026-08-19 20:53:41 | INFO | epoch=033 train_batch=270/389 running_loss=0.116914
2026-08-19 20:53:41 | INFO | epoch=033 train_batch=280/389 running_loss=0.117393
2026-08-19 20:53:42 | INFO | epoch=033 train_batch=290/389 running_loss=0.117564
2026-08-19 20:53:42 | INFO | epoch=033 train_batch=300/389 running_loss=0.117761
2026-08-19 20:53:42 | INFO | epoch=033 train_batch=310/389 running_loss=0.117945
2026-08-19 20:53:43 | INFO | epoch=033 train_batch=320/389 running_loss=0.117805
2026-08-19 20:53:43 | INFO | epoch=033 train_batch=330/389 running_loss=0.117509
2026-08-19 20:53:44 | INFO | epoch=033 train_batch=340/389 running_loss=0.117560
2026-08-19 20:53:44 | INFO | epoch=033 train_batch=350/389 running_loss=0.117669
2026-08-19 20:53:44 | INFO | epoch=033 train_batch=360/389 running_loss=0.117461
2026-08-19 20:53:45 | INFO | epoch=033 train_batch=370/389 running_loss=0.117429
2026-08-19 20:53:45 | INFO | epoch=033 train_batch=380/389 running_loss=0.117282
2026-08-19 20:53:45 | INFO | epoch=033 train_batch=389/389 running_loss=0.117212
2026-08-19 20:53:46 | INFO | epoch=033 train_loss=0.117212 validation_loss=0.179143
2026-08-19 20:53:47 | INFO | epoch=034 train_batch=10/389 running_loss=0.115303
2026-08-19 20:53:47 | INFO | epoch=034 train_batch=20/389 running_loss=0.116610
2026-08-19 20:53:47 | INFO | epoch=034 train_batch=30/389 running_loss=0.114846
2026-08-19 20:53:48 | INFO | epoch=034 train_batch=40/389 running_loss=0.115834
2026-08-19 20:53:48 | INFO | epoch=034 train_batch=50/389 running_loss=0.116478
2026-08-19 20:53:48 | INFO | epoch=034 train_batch=60/389 running_loss=0.117076
2026-08-19 20:53:49 | INFO | epoch=034 train_batch=70/389 running_loss=0.118294
2026-08-19 20:53:49 | INFO | epoch=034 train_batch=80/389 running_loss=0.118382
2026-08-19 20:53:50 | INFO | epoch=034 train_batch=90/389 running_loss=0.118864
2026-08-19 20:53:50 | INFO | epoch=034 train_batch=100/389 running_loss=0.119328
2026-08-19 20:53:50 | INFO | epoch=034 train_batch=110/389 running_loss=0.119660
2026-08-19 20:53:51 | INFO | epoch=034 train_batch=120/389 running_loss=0.119628
2026-08-19 20:53:51 | INFO | epoch=034 train_batch=130/389 running_loss=0.119855
2026-08-19 20:53:51 | INFO | epoch=034 train_batch=140/389 running_loss=0.119796
2026-08-19 20:53:52 | INFO | epoch=034 train_batch=150/389 running_loss=0.119207
2026-08-19 20:53:52 | INFO | epoch=034 train_batch=160/389 running_loss=0.118939
2026-08-19 20:53:52 | INFO | epoch=034 train_batch=170/389 running_loss=0.119335
2026-08-19 20:53:53 | INFO | epoch=034 train_batch=180/389 running_loss=0.118944
2026-08-19 20:53:53 | INFO | epoch=034 train_batch=190/389 running_loss=0.118887
2026-08-19 20:53:53 | INFO | epoch=034 train_batch=200/389 running_loss=0.118791
2026-08-19 20:53:54 | INFO | epoch=034 train_batch=210/389 running_loss=0.118703
2026-08-19 20:53:54 | INFO | epoch=034 train_batch=220/389 running_loss=0.118564
2026-08-19 20:53:55 | INFO | epoch=034 train_batch=230/389 running_loss=0.118149
2026-08-19 20:53:55 | INFO | epoch=034 train_batch=240/389 running_loss=0.118040
2026-08-19 20:53:55 | INFO | epoch=034 train_batch=250/389 running_loss=0.117762
2026-08-19 20:53:56 | INFO | epoch=034 train_batch=260/389 running_loss=0.117655
2026-08-19 20:53:56 | INFO | epoch=034 train_batch=270/389 running_loss=0.117291
2026-08-19 20:53:56 | INFO | epoch=034 train_batch=280/389 running_loss=0.117110
2026-08-19 20:53:57 | INFO | epoch=034 train_batch=290/389 running_loss=0.116901
2026-08-19 20:53:57 | INFO | epoch=034 train_batch=300/389 running_loss=0.116876
2026-08-19 20:53:57 | INFO | epoch=034 train_batch=310/389 running_loss=0.116949
2026-08-19 20:53:58 | INFO | epoch=034 train_batch=320/389 running_loss=0.116867
2026-08-19 20:53:58 | INFO | epoch=034 train_batch=330/389 running_loss=0.116799
2026-08-19 20:53:59 | INFO | epoch=034 train_batch=340/389 running_loss=0.116821
2026-08-19 20:53:59 | INFO | epoch=034 train_batch=350/389 running_loss=0.116803
2026-08-19 20:53:59 | INFO | epoch=034 train_batch=360/389 running_loss=0.116730
2026-08-19 20:54:00 | INFO | epoch=034 train_batch=370/389 running_loss=0.116806
2026-08-19 20:54:00 | INFO | epoch=034 train_batch=380/389 running_loss=0.116792
2026-08-19 20:54:00 | INFO | epoch=034 train_batch=389/389 running_loss=0.116644
2026-08-19 20:54:01 | INFO | epoch=034 train_loss=0.116644 validation_loss=0.173389
2026-08-19 20:54:01 | INFO | epoch=034 saved new best.pt
2026-08-19 20:54:02 | INFO | epoch=035 train_batch=10/389 running_loss=0.120909
2026-08-19 20:54:02 | INFO | epoch=035 train_batch=20/389 running_loss=0.116565
2026-08-19 20:54:02 | INFO | epoch=035 train_batch=30/389 running_loss=0.116506
2026-08-19 20:54:03 | INFO | epoch=035 train_batch=40/389 running_loss=0.118492
2026-08-19 20:54:03 | INFO | epoch=035 train_batch=50/389 running_loss=0.118043
2026-08-19 20:54:03 | INFO | epoch=035 train_batch=60/389 running_loss=0.116157
2026-08-19 20:54:04 | INFO | epoch=035 train_batch=70/389 running_loss=0.115807
2026-08-19 20:54:04 | INFO | epoch=035 train_batch=80/389 running_loss=0.115259
2026-08-19 20:54:05 | INFO | epoch=035 train_batch=90/389 running_loss=0.114436
2026-08-19 20:54:05 | INFO | epoch=035 train_batch=100/389 running_loss=0.114206
2026-08-19 20:54:05 | INFO | epoch=035 train_batch=110/389 running_loss=0.114501
2026-08-19 20:54:06 | INFO | epoch=035 train_batch=120/389 running_loss=0.114706
2026-08-19 20:54:06 | INFO | epoch=035 train_batch=130/389 running_loss=0.114605
2026-08-19 20:54:06 | INFO | epoch=035 train_batch=140/389 running_loss=0.114542
2026-08-19 20:54:07 | INFO | epoch=035 train_batch=150/389 running_loss=0.114703
2026-08-19 20:54:07 | INFO | epoch=035 train_batch=160/389 running_loss=0.114826
2026-08-19 20:54:07 | INFO | epoch=035 train_batch=170/389 running_loss=0.114672
2026-08-19 20:54:08 | INFO | epoch=035 train_batch=180/389 running_loss=0.114709
2026-08-19 20:54:08 | INFO | epoch=035 train_batch=190/389 running_loss=0.114715
2026-08-19 20:54:08 | INFO | epoch=035 train_batch=200/389 running_loss=0.114623
2026-08-19 20:54:09 | INFO | epoch=035 train_batch=210/389 running_loss=0.114410
2026-08-19 20:54:09 | INFO | epoch=035 train_batch=220/389 running_loss=0.114499
2026-08-19 20:54:09 | INFO | epoch=035 train_batch=230/389 running_loss=0.114356
2026-08-19 20:54:10 | INFO | epoch=035 train_batch=240/389 running_loss=0.114568
2026-08-19 20:54:10 | INFO | epoch=035 train_batch=250/389 running_loss=0.114179
2026-08-19 20:54:10 | INFO | epoch=035 train_batch=260/389 running_loss=0.113848
2026-08-19 20:54:11 | INFO | epoch=035 train_batch=270/389 running_loss=0.113861
2026-08-19 20:54:11 | INFO | epoch=035 train_batch=280/389 running_loss=0.113746
2026-08-19 20:54:11 | INFO | epoch=035 train_batch=290/389 running_loss=0.113695
2026-08-19 20:54:12 | INFO | epoch=035 train_batch=300/389 running_loss=0.113966
2026-08-19 20:54:12 | INFO | epoch=035 train_batch=310/389 running_loss=0.113994
2026-08-19 20:54:12 | INFO | epoch=035 train_batch=320/389 running_loss=0.114052
2026-08-19 20:54:13 | INFO | epoch=035 train_batch=330/389 running_loss=0.114163
2026-08-19 20:54:13 | INFO | epoch=035 train_batch=340/389 running_loss=0.114128
2026-08-19 20:54:13 | INFO | epoch=035 train_batch=350/389 running_loss=0.114090
2026-08-19 20:54:14 | INFO | epoch=035 train_batch=360/389 running_loss=0.114319
2026-08-19 20:54:14 | INFO | epoch=035 train_batch=370/389 running_loss=0.114489
2026-08-19 20:54:14 | INFO | epoch=035 train_batch=380/389 running_loss=0.114526
2026-08-19 20:54:15 | INFO | epoch=035 train_batch=389/389 running_loss=0.114446
2026-08-19 20:54:16 | INFO | epoch=035 train_loss=0.114446 validation_loss=0.177673
2026-08-19 20:54:16 | INFO | epoch=036 train_batch=10/389 running_loss=0.107968
2026-08-19 20:54:16 | INFO | epoch=036 train_batch=20/389 running_loss=0.108594
2026-08-19 20:54:17 | INFO | epoch=036 train_batch=30/389 running_loss=0.110337
2026-08-19 20:54:17 | INFO | epoch=036 train_batch=40/389 running_loss=0.110334
2026-08-19 20:54:17 | INFO | epoch=036 train_batch=50/389 running_loss=0.110957
2026-08-19 20:54:18 | INFO | epoch=036 train_batch=60/389 running_loss=0.110951
2026-08-19 20:54:18 | INFO | epoch=036 train_batch=70/389 running_loss=0.111316
2026-08-19 20:54:18 | INFO | epoch=036 train_batch=80/389 running_loss=0.111746
2026-08-19 20:54:19 | INFO | epoch=036 train_batch=90/389 running_loss=0.111885
2026-08-19 20:54:19 | INFO | epoch=036 train_batch=100/389 running_loss=0.112395
2026-08-19 20:54:19 | INFO | epoch=036 train_batch=110/389 running_loss=0.112466
2026-08-19 20:54:20 | INFO | epoch=036 train_batch=120/389 running_loss=0.112205
2026-08-19 20:54:20 | INFO | epoch=036 train_batch=130/389 running_loss=0.112406
2026-08-19 20:54:20 | INFO | epoch=036 train_batch=140/389 running_loss=0.112946
2026-08-19 20:54:21 | INFO | epoch=036 train_batch=150/389 running_loss=0.113826
2026-08-19 20:54:21 | INFO | epoch=036 train_batch=160/389 running_loss=0.113858
2026-08-19 20:54:21 | INFO | epoch=036 train_batch=170/389 running_loss=0.113523
2026-08-19 20:54:22 | INFO | epoch=036 train_batch=180/389 running_loss=0.113523
2026-08-19 20:54:22 | INFO | epoch=036 train_batch=190/389 running_loss=0.113276
2026-08-19 20:54:22 | INFO | epoch=036 train_batch=200/389 running_loss=0.113430
2026-08-19 20:54:23 | INFO | epoch=036 train_batch=210/389 running_loss=0.113738
2026-08-19 20:54:23 | INFO | epoch=036 train_batch=220/389 running_loss=0.113551
2026-08-19 20:54:23 | INFO | epoch=036 train_batch=230/389 running_loss=0.113412
2026-08-19 20:54:24 | INFO | epoch=036 train_batch=240/389 running_loss=0.113547
2026-08-19 20:54:24 | INFO | epoch=036 train_batch=250/389 running_loss=0.113516
2026-08-19 20:54:24 | INFO | epoch=036 train_batch=260/389 running_loss=0.113822
2026-08-19 20:54:25 | INFO | epoch=036 train_batch=270/389 running_loss=0.113769
2026-08-19 20:54:25 | INFO | epoch=036 train_batch=280/389 running_loss=0.113691
2026-08-19 20:54:25 | INFO | epoch=036 train_batch=290/389 running_loss=0.113689
2026-08-19 20:54:26 | INFO | epoch=036 train_batch=300/389 running_loss=0.113552
2026-08-19 20:54:26 | INFO | epoch=036 train_batch=310/389 running_loss=0.113761
2026-08-19 20:54:26 | INFO | epoch=036 train_batch=320/389 running_loss=0.113588
2026-08-19 20:54:27 | INFO | epoch=036 train_batch=330/389 running_loss=0.113780
2026-08-19 20:54:27 | INFO | epoch=036 train_batch=340/389 running_loss=0.113948
2026-08-19 20:54:27 | INFO | epoch=036 train_batch=350/389 running_loss=0.113991
2026-08-19 20:54:28 | INFO | epoch=036 train_batch=360/389 running_loss=0.113900
2026-08-19 20:54:28 | INFO | epoch=036 train_batch=370/389 running_loss=0.113800
2026-08-19 20:54:28 | INFO | epoch=036 train_batch=380/389 running_loss=0.113964
2026-08-19 20:54:29 | INFO | epoch=036 train_batch=389/389 running_loss=0.113990
2026-08-19 20:54:29 | INFO | epoch=036 train_loss=0.113990 validation_loss=0.173971
2026-08-19 20:54:30 | INFO | epoch=037 train_batch=10/389 running_loss=0.109953
2026-08-19 20:54:30 | INFO | epoch=037 train_batch=20/389 running_loss=0.112169
2026-08-19 20:54:31 | INFO | epoch=037 train_batch=30/389 running_loss=0.113841
2026-08-19 20:54:31 | INFO | epoch=037 train_batch=40/389 running_loss=0.112305
2026-08-19 20:54:31 | INFO | epoch=037 train_batch=50/389 running_loss=0.113935
2026-08-19 20:54:32 | INFO | epoch=037 train_batch=60/389 running_loss=0.113403
2026-08-19 20:54:32 | INFO | epoch=037 train_batch=70/389 running_loss=0.114604
2026-08-19 20:54:32 | INFO | epoch=037 train_batch=80/389 running_loss=0.115040
2026-08-19 20:54:33 | INFO | epoch=037 train_batch=90/389 running_loss=0.114693
2026-08-19 20:54:33 | INFO | epoch=037 train_batch=100/389 running_loss=0.114433
2026-08-19 20:54:33 | INFO | epoch=037 train_batch=110/389 running_loss=0.113993
2026-08-19 20:54:34 | INFO | epoch=037 train_batch=120/389 running_loss=0.113944
2026-08-19 20:54:34 | INFO | epoch=037 train_batch=130/389 running_loss=0.113971
2026-08-19 20:54:34 | INFO | epoch=037 train_batch=140/389 running_loss=0.113814
2026-08-19 20:54:35 | INFO | epoch=037 train_batch=150/389 running_loss=0.113458
2026-08-19 20:54:35 | INFO | epoch=037 train_batch=160/389 running_loss=0.113605
2026-08-19 20:54:35 | INFO | epoch=037 train_batch=170/389 running_loss=0.113894
2026-08-19 20:54:36 | INFO | epoch=037 train_batch=180/389 running_loss=0.113924
2026-08-19 20:54:36 | INFO | epoch=037 train_batch=190/389 running_loss=0.113717
2026-08-19 20:54:36 | INFO | epoch=037 train_batch=200/389 running_loss=0.113713
2026-08-19 20:54:37 | INFO | epoch=037 train_batch=210/389 running_loss=0.114055
2026-08-19 20:54:37 | INFO | epoch=037 train_batch=220/389 running_loss=0.114143
2026-08-19 20:54:37 | INFO | epoch=037 train_batch=230/389 running_loss=0.113712
2026-08-19 20:54:38 | INFO | epoch=037 train_batch=240/389 running_loss=0.113507
2026-08-19 20:54:38 | INFO | epoch=037 train_batch=250/389 running_loss=0.113255
2026-08-19 20:54:38 | INFO | epoch=037 train_batch=260/389 running_loss=0.112883
2026-08-19 20:54:39 | INFO | epoch=037 train_batch=270/389 running_loss=0.112893
2026-08-19 20:54:39 | INFO | epoch=037 train_batch=280/389 running_loss=0.112951
2026-08-19 20:54:39 | INFO | epoch=037 train_batch=290/389 running_loss=0.113043
2026-08-19 20:54:40 | INFO | epoch=037 train_batch=300/389 running_loss=0.113142
2026-08-19 20:54:40 | INFO | epoch=037 train_batch=310/389 running_loss=0.112985
2026-08-19 20:54:40 | INFO | epoch=037 train_batch=320/389 running_loss=0.112954
2026-08-19 20:54:41 | INFO | epoch=037 train_batch=330/389 running_loss=0.113136
2026-08-19 20:54:41 | INFO | epoch=037 train_batch=340/389 running_loss=0.113364
2026-08-19 20:54:41 | INFO | epoch=037 train_batch=350/389 running_loss=0.113114
2026-08-19 20:54:42 | INFO | epoch=037 train_batch=360/389 running_loss=0.113167
2026-08-19 20:54:42 | INFO | epoch=037 train_batch=370/389 running_loss=0.113155
2026-08-19 20:54:42 | INFO | epoch=037 train_batch=380/389 running_loss=0.113151
2026-08-19 20:54:43 | INFO | epoch=037 train_batch=389/389 running_loss=0.113016
2026-08-19 20:54:43 | INFO | epoch=037 train_loss=0.113016 validation_loss=0.175159
2026-08-19 20:54:44 | INFO | epoch=038 train_batch=10/389 running_loss=0.116497
2026-08-19 20:54:44 | INFO | epoch=038 train_batch=20/389 running_loss=0.112512
2026-08-19 20:54:45 | INFO | epoch=038 train_batch=30/389 running_loss=0.113496
2026-08-19 20:54:45 | INFO | epoch=038 train_batch=40/389 running_loss=0.111884
2026-08-19 20:54:45 | INFO | epoch=038 train_batch=50/389 running_loss=0.111861
2026-08-19 20:54:46 | INFO | epoch=038 train_batch=60/389 running_loss=0.111057
2026-08-19 20:54:46 | INFO | epoch=038 train_batch=70/389 running_loss=0.110101
2026-08-19 20:54:46 | INFO | epoch=038 train_batch=80/389 running_loss=0.110520
2026-08-19 20:54:47 | INFO | epoch=038 train_batch=90/389 running_loss=0.110747
2026-08-19 20:54:47 | INFO | epoch=038 train_batch=100/389 running_loss=0.111539
2026-08-19 20:54:47 | INFO | epoch=038 train_batch=110/389 running_loss=0.111138
2026-08-19 20:54:48 | INFO | epoch=038 train_batch=120/389 running_loss=0.111278
2026-08-19 20:54:48 | INFO | epoch=038 train_batch=130/389 running_loss=0.111480
2026-08-19 20:54:48 | INFO | epoch=038 train_batch=140/389 running_loss=0.111539
2026-08-19 20:54:49 | INFO | epoch=038 train_batch=150/389 running_loss=0.111735
2026-08-19 20:54:49 | INFO | epoch=038 train_batch=160/389 running_loss=0.111966
2026-08-19 20:54:49 | INFO | epoch=038 train_batch=170/389 running_loss=0.111563
2026-08-19 20:54:50 | INFO | epoch=038 train_batch=180/389 running_loss=0.111721
2026-08-19 20:54:50 | INFO | epoch=038 train_batch=190/389 running_loss=0.111817
2026-08-19 20:54:50 | INFO | epoch=038 train_batch=200/389 running_loss=0.112115
2026-08-19 20:54:51 | INFO | epoch=038 train_batch=210/389 running_loss=0.111734
2026-08-19 20:54:51 | INFO | epoch=038 train_batch=220/389 running_loss=0.111485
2026-08-19 20:54:51 | INFO | epoch=038 train_batch=230/389 running_loss=0.111528
2026-08-19 20:54:52 | INFO | epoch=038 train_batch=240/389 running_loss=0.111155
2026-08-19 20:54:52 | INFO | epoch=038 train_batch=250/389 running_loss=0.111383
2026-08-19 20:54:52 | INFO | epoch=038 train_batch=260/389 running_loss=0.111627
2026-08-19 20:54:53 | INFO | epoch=038 train_batch=270/389 running_loss=0.111765
2026-08-19 20:54:53 | INFO | epoch=038 train_batch=280/389 running_loss=0.111930
2026-08-19 20:54:53 | INFO | epoch=038 train_batch=290/389 running_loss=0.111739
2026-08-19 20:54:54 | INFO | epoch=038 train_batch=300/389 running_loss=0.111631
2026-08-19 20:54:54 | INFO | epoch=038 train_batch=310/389 running_loss=0.111788
2026-08-19 20:54:54 | INFO | epoch=038 train_batch=320/389 running_loss=0.112096
2026-08-19 20:54:55 | INFO | epoch=038 train_batch=330/389 running_loss=0.112238
2026-08-19 20:54:55 | INFO | epoch=038 train_batch=340/389 running_loss=0.112417
2026-08-19 20:54:55 | INFO | epoch=038 train_batch=350/389 running_loss=0.112519
2026-08-19 20:54:56 | INFO | epoch=038 train_batch=360/389 running_loss=0.112433
2026-08-19 20:54:56 | INFO | epoch=038 train_batch=370/389 running_loss=0.112413
2026-08-19 20:54:56 | INFO | epoch=038 train_batch=380/389 running_loss=0.112430
2026-08-19 20:54:56 | INFO | epoch=038 train_batch=389/389 running_loss=0.112486
2026-08-19 20:54:57 | INFO | epoch=038 train_loss=0.112486 validation_loss=0.169598
2026-08-19 20:54:57 | INFO | epoch=038 saved new best.pt
2026-08-19 20:54:58 | INFO | epoch=039 train_batch=10/389 running_loss=0.105154
2026-08-19 20:54:58 | INFO | epoch=039 train_batch=20/389 running_loss=0.105399
2026-08-19 20:54:58 | INFO | epoch=039 train_batch=30/389 running_loss=0.107740
2026-08-19 20:54:59 | INFO | epoch=039 train_batch=40/389 running_loss=0.110172
2026-08-19 20:54:59 | INFO | epoch=039 train_batch=50/389 running_loss=0.111328
2026-08-19 20:54:59 | INFO | epoch=039 train_batch=60/389 running_loss=0.111606
2026-08-19 20:55:00 | INFO | epoch=039 train_batch=70/389 running_loss=0.112632
2026-08-19 20:55:00 | INFO | epoch=039 train_batch=80/389 running_loss=0.112893
2026-08-19 20:55:01 | INFO | epoch=039 train_batch=90/389 running_loss=0.113109
2026-08-19 20:55:01 | INFO | epoch=039 train_batch=100/389 running_loss=0.113296
2026-08-19 20:55:01 | INFO | epoch=039 train_batch=110/389 running_loss=0.113102
2026-08-19 20:55:02 | INFO | epoch=039 train_batch=120/389 running_loss=0.112979
2026-08-19 20:55:02 | INFO | epoch=039 train_batch=130/389 running_loss=0.113124
2026-08-19 20:55:02 | INFO | epoch=039 train_batch=140/389 running_loss=0.112733
2026-08-19 20:55:03 | INFO | epoch=039 train_batch=150/389 running_loss=0.112787
2026-08-19 20:55:03 | INFO | epoch=039 train_batch=160/389 running_loss=0.112659
2026-08-19 20:55:03 | INFO | epoch=039 train_batch=170/389 running_loss=0.112396
2026-08-19 20:55:04 | INFO | epoch=039 train_batch=180/389 running_loss=0.112240
2026-08-19 20:55:04 | INFO | epoch=039 train_batch=190/389 running_loss=0.112283
2026-08-19 20:55:04 | INFO | epoch=039 train_batch=200/389 running_loss=0.112089
2026-08-19 20:55:05 | INFO | epoch=039 train_batch=210/389 running_loss=0.112303
2026-08-19 20:55:05 | INFO | epoch=039 train_batch=220/389 running_loss=0.112426
2026-08-19 20:55:05 | INFO | epoch=039 train_batch=230/389 running_loss=0.112606
2026-08-19 20:55:06 | INFO | epoch=039 train_batch=240/389 running_loss=0.113086
2026-08-19 20:55:06 | INFO | epoch=039 train_batch=250/389 running_loss=0.113277
2026-08-19 20:55:06 | INFO | epoch=039 train_batch=260/389 running_loss=0.113405
2026-08-19 20:55:07 | INFO | epoch=039 train_batch=270/389 running_loss=0.113256
2026-08-19 20:55:07 | INFO | epoch=039 train_batch=280/389 running_loss=0.113025
2026-08-19 20:55:07 | INFO | epoch=039 train_batch=290/389 running_loss=0.112977
2026-08-19 20:55:08 | INFO | epoch=039 train_batch=300/389 running_loss=0.112635
2026-08-19 20:55:08 | INFO | epoch=039 train_batch=310/389 running_loss=0.112831
2026-08-19 20:55:08 | INFO | epoch=039 train_batch=320/389 running_loss=0.112867
2026-08-19 20:55:09 | INFO | epoch=039 train_batch=330/389 running_loss=0.113037
2026-08-19 20:55:09 | INFO | epoch=039 train_batch=340/389 running_loss=0.112929
2026-08-19 20:55:09 | INFO | epoch=039 train_batch=350/389 running_loss=0.112900
2026-08-19 20:55:10 | INFO | epoch=039 train_batch=360/389 running_loss=0.112799
2026-08-19 20:55:10 | INFO | epoch=039 train_batch=370/389 running_loss=0.112936
2026-08-19 20:55:10 | INFO | epoch=039 train_batch=380/389 running_loss=0.112709
2026-08-19 20:55:11 | INFO | epoch=039 train_batch=389/389 running_loss=0.112666
2026-08-19 20:55:12 | INFO | epoch=039 train_loss=0.112666 validation_loss=0.172043
2026-08-19 20:55:12 | INFO | epoch=040 train_batch=10/389 running_loss=0.109459
2026-08-19 20:55:12 | INFO | epoch=040 train_batch=20/389 running_loss=0.111896
2026-08-19 20:55:13 | INFO | epoch=040 train_batch=30/389 running_loss=0.111806
2026-08-19 20:55:13 | INFO | epoch=040 train_batch=40/389 running_loss=0.110403
2026-08-19 20:55:13 | INFO | epoch=040 train_batch=50/389 running_loss=0.109812
2026-08-19 20:55:14 | INFO | epoch=040 train_batch=60/389 running_loss=0.110148
2026-08-19 20:55:14 | INFO | epoch=040 train_batch=70/389 running_loss=0.111108
2026-08-19 20:55:14 | INFO | epoch=040 train_batch=80/389 running_loss=0.111649
2026-08-19 20:55:15 | INFO | epoch=040 train_batch=90/389 running_loss=0.112916
2026-08-19 20:55:15 | INFO | epoch=040 train_batch=100/389 running_loss=0.112661
2026-08-19 20:55:15 | INFO | epoch=040 train_batch=110/389 running_loss=0.112406
2026-08-19 20:55:16 | INFO | epoch=040 train_batch=120/389 running_loss=0.111917
2026-08-19 20:55:16 | INFO | epoch=040 train_batch=130/389 running_loss=0.112618
2026-08-19 20:55:16 | INFO | epoch=040 train_batch=140/389 running_loss=0.112556
2026-08-19 20:55:17 | INFO | epoch=040 train_batch=150/389 running_loss=0.112990
2026-08-19 20:55:17 | INFO | epoch=040 train_batch=160/389 running_loss=0.113390
2026-08-19 20:55:17 | INFO | epoch=040 train_batch=170/389 running_loss=0.113504
2026-08-19 20:55:18 | INFO | epoch=040 train_batch=180/389 running_loss=0.113388
2026-08-19 20:55:18 | INFO | epoch=040 train_batch=190/389 running_loss=0.112977
2026-08-19 20:55:18 | INFO | epoch=040 train_batch=200/389 running_loss=0.113285
2026-08-19 20:55:19 | INFO | epoch=040 train_batch=210/389 running_loss=0.113247
2026-08-19 20:55:19 | INFO | epoch=040 train_batch=220/389 running_loss=0.113210
2026-08-19 20:55:19 | INFO | epoch=040 train_batch=230/389 running_loss=0.112809
2026-08-19 20:55:20 | INFO | epoch=040 train_batch=240/389 running_loss=0.112952
2026-08-19 20:55:20 | INFO | epoch=040 train_batch=250/389 running_loss=0.112801
2026-08-19 20:55:20 | INFO | epoch=040 train_batch=260/389 running_loss=0.112961
2026-08-19 20:55:21 | INFO | epoch=040 train_batch=270/389 running_loss=0.112670
2026-08-19 20:55:21 | INFO | epoch=040 train_batch=280/389 running_loss=0.112525
2026-08-19 20:55:21 | INFO | epoch=040 train_batch=290/389 running_loss=0.112302
2026-08-19 20:55:22 | INFO | epoch=040 train_batch=300/389 running_loss=0.112251
2026-08-19 20:55:22 | INFO | epoch=040 train_batch=310/389 running_loss=0.112281
2026-08-19 20:55:22 | INFO | epoch=040 train_batch=320/389 running_loss=0.112084
2026-08-19 20:55:23 | INFO | epoch=040 train_batch=330/389 running_loss=0.111884
2026-08-19 20:55:23 | INFO | epoch=040 train_batch=340/389 running_loss=0.111586
2026-08-19 20:55:23 | INFO | epoch=040 train_batch=350/389 running_loss=0.111631
2026-08-19 20:55:24 | INFO | epoch=040 train_batch=360/389 running_loss=0.111686
2026-08-19 20:55:24 | INFO | epoch=040 train_batch=370/389 running_loss=0.111682
2026-08-19 20:55:24 | INFO | epoch=040 train_batch=380/389 running_loss=0.111783
2026-08-19 20:55:25 | INFO | epoch=040 train_batch=389/389 running_loss=0.111927
2026-08-19 20:55:26 | INFO | epoch=040 train_loss=0.111927 validation_loss=0.169734
2026-08-19 20:55:26 | INFO | epoch=041 train_batch=10/389 running_loss=0.100448
2026-08-19 20:55:26 | INFO | epoch=041 train_batch=20/389 running_loss=0.103707
2026-08-19 20:55:27 | INFO | epoch=041 train_batch=30/389 running_loss=0.104956
2026-08-19 20:55:27 | INFO | epoch=041 train_batch=40/389 running_loss=0.105148
2026-08-19 20:55:27 | INFO | epoch=041 train_batch=50/389 running_loss=0.107334
2026-08-19 20:55:28 | INFO | epoch=041 train_batch=60/389 running_loss=0.108411
2026-08-19 20:55:28 | INFO | epoch=041 train_batch=70/389 running_loss=0.107623
2026-08-19 20:55:28 | INFO | epoch=041 train_batch=80/389 running_loss=0.107819
2026-08-19 20:55:29 | INFO | epoch=041 train_batch=90/389 running_loss=0.108276
2026-08-19 20:55:29 | INFO | epoch=041 train_batch=100/389 running_loss=0.108130
2026-08-19 20:55:29 | INFO | epoch=041 train_batch=110/389 running_loss=0.107964
2026-08-19 20:55:30 | INFO | epoch=041 train_batch=120/389 running_loss=0.108594
2026-08-19 20:55:30 | INFO | epoch=041 train_batch=130/389 running_loss=0.108616
2026-08-19 20:55:30 | INFO | epoch=041 train_batch=140/389 running_loss=0.108823
2026-08-19 20:55:31 | INFO | epoch=041 train_batch=150/389 running_loss=0.108554
2026-08-19 20:55:31 | INFO | epoch=041 train_batch=160/389 running_loss=0.108807
2026-08-19 20:55:31 | INFO | epoch=041 train_batch=170/389 running_loss=0.108946
2026-08-19 20:55:32 | INFO | epoch=041 train_batch=180/389 running_loss=0.108466
2026-08-19 20:55:32 | INFO | epoch=041 train_batch=190/389 running_loss=0.108694
2026-08-19 20:55:32 | INFO | epoch=041 train_batch=200/389 running_loss=0.109094
2026-08-19 20:55:33 | INFO | epoch=041 train_batch=210/389 running_loss=0.109047
2026-08-19 20:55:33 | INFO | epoch=041 train_batch=220/389 running_loss=0.109406
2026-08-19 20:55:33 | INFO | epoch=041 train_batch=230/389 running_loss=0.109368
2026-08-19 20:55:34 | INFO | epoch=041 train_batch=240/389 running_loss=0.109741
2026-08-19 20:55:34 | INFO | epoch=041 train_batch=250/389 running_loss=0.109323
2026-08-19 20:55:34 | INFO | epoch=041 train_batch=260/389 running_loss=0.109551
2026-08-19 20:55:35 | INFO | epoch=041 train_batch=270/389 running_loss=0.109456
2026-08-19 20:55:35 | INFO | epoch=041 train_batch=280/389 running_loss=0.109377
2026-08-19 20:55:35 | INFO | epoch=041 train_batch=290/389 running_loss=0.109259
2026-08-19 20:55:36 | INFO | epoch=041 train_batch=300/389 running_loss=0.109414
2026-08-19 20:55:36 | INFO | epoch=041 train_batch=310/389 running_loss=0.109342
2026-08-19 20:55:36 | INFO | epoch=041 train_batch=320/389 running_loss=0.109633
2026-08-19 20:55:37 | INFO | epoch=041 train_batch=330/389 running_loss=0.109679
2026-08-19 20:55:37 | INFO | epoch=041 train_batch=340/389 running_loss=0.109688
2026-08-19 20:55:37 | INFO | epoch=041 train_batch=350/389 running_loss=0.109808
2026-08-19 20:55:38 | INFO | epoch=041 train_batch=360/389 running_loss=0.109889
2026-08-19 20:55:38 | INFO | epoch=041 train_batch=370/389 running_loss=0.110171
2026-08-19 20:55:38 | INFO | epoch=041 train_batch=380/389 running_loss=0.110341
2026-08-19 20:55:39 | INFO | epoch=041 train_batch=389/389 running_loss=0.110407
2026-08-19 20:55:40 | INFO | epoch=041 train_loss=0.110407 validation_loss=0.172137
2026-08-19 20:55:40 | INFO | epoch=042 train_batch=10/389 running_loss=0.103126
2026-08-19 20:55:40 | INFO | epoch=042 train_batch=20/389 running_loss=0.104927
2026-08-19 20:55:41 | INFO | epoch=042 train_batch=30/389 running_loss=0.107002
2026-08-19 20:55:41 | INFO | epoch=042 train_batch=40/389 running_loss=0.107214
2026-08-19 20:55:41 | INFO | epoch=042 train_batch=50/389 running_loss=0.106674
2026-08-19 20:55:42 | INFO | epoch=042 train_batch=60/389 running_loss=0.106880
2026-08-19 20:55:42 | INFO | epoch=042 train_batch=70/389 running_loss=0.107464
2026-08-19 20:55:42 | INFO | epoch=042 train_batch=80/389 running_loss=0.108532
2026-08-19 20:55:43 | INFO | epoch=042 train_batch=90/389 running_loss=0.108775
2026-08-19 20:55:43 | INFO | epoch=042 train_batch=100/389 running_loss=0.109170
2026-08-19 20:55:44 | INFO | epoch=042 train_batch=110/389 running_loss=0.109443
2026-08-19 20:55:44 | INFO | epoch=042 train_batch=120/389 running_loss=0.109157
2026-08-19 20:55:44 | INFO | epoch=042 train_batch=130/389 running_loss=0.109403
2026-08-19 20:55:45 | INFO | epoch=042 train_batch=140/389 running_loss=0.108819
2026-08-19 20:55:45 | INFO | epoch=042 train_batch=150/389 running_loss=0.108229
2026-08-19 20:55:45 | INFO | epoch=042 train_batch=160/389 running_loss=0.108344
2026-08-19 20:55:46 | INFO | epoch=042 train_batch=170/389 running_loss=0.108136
2026-08-19 20:55:46 | INFO | epoch=042 train_batch=180/389 running_loss=0.108409
2026-08-19 20:55:46 | INFO | epoch=042 train_batch=190/389 running_loss=0.108424
2026-08-19 20:55:47 | INFO | epoch=042 train_batch=200/389 running_loss=0.108463
2026-08-19 20:55:47 | INFO | epoch=042 train_batch=210/389 running_loss=0.108275
2026-08-19 20:55:48 | INFO | epoch=042 train_batch=220/389 running_loss=0.108102
2026-08-19 20:55:48 | INFO | epoch=042 train_batch=230/389 running_loss=0.108166
2026-08-19 20:55:48 | INFO | epoch=042 train_batch=240/389 running_loss=0.108157
2026-08-19 20:55:49 | INFO | epoch=042 train_batch=250/389 running_loss=0.108273
2026-08-19 20:55:49 | INFO | epoch=042 train_batch=260/389 running_loss=0.108064
2026-08-19 20:55:49 | INFO | epoch=042 train_batch=270/389 running_loss=0.108484
2026-08-19 20:55:50 | INFO | epoch=042 train_batch=280/389 running_loss=0.108684
2026-08-19 20:55:50 | INFO | epoch=042 train_batch=290/389 running_loss=0.108498
2026-08-19 20:55:50 | INFO | epoch=042 train_batch=300/389 running_loss=0.108639
2026-08-19 20:55:51 | INFO | epoch=042 train_batch=310/389 running_loss=0.108612
2026-08-19 20:55:51 | INFO | epoch=042 train_batch=320/389 running_loss=0.108722
2026-08-19 20:55:52 | INFO | epoch=042 train_batch=330/389 running_loss=0.108804
2026-08-19 20:55:52 | INFO | epoch=042 train_batch=340/389 running_loss=0.108920
2026-08-19 20:55:52 | INFO | epoch=042 train_batch=350/389 running_loss=0.109010
2026-08-19 20:55:53 | INFO | epoch=042 train_batch=360/389 running_loss=0.109141
2026-08-19 20:55:53 | INFO | epoch=042 train_batch=370/389 running_loss=0.109414
2026-08-19 20:55:53 | INFO | epoch=042 train_batch=380/389 running_loss=0.109404
2026-08-19 20:55:54 | INFO | epoch=042 train_batch=389/389 running_loss=0.109371
2026-08-19 20:55:55 | INFO | epoch=042 train_loss=0.109371 validation_loss=0.169491
2026-08-19 20:55:55 | INFO | epoch=042 saved new best.pt
2026-08-19 20:55:55 | INFO | epoch=043 train_batch=10/389 running_loss=0.105187
2026-08-19 20:55:55 | INFO | epoch=043 train_batch=20/389 running_loss=0.105819
2026-08-19 20:55:56 | INFO | epoch=043 train_batch=30/389 running_loss=0.108157
2026-08-19 20:55:56 | INFO | epoch=043 train_batch=40/389 running_loss=0.108015
2026-08-19 20:55:57 | INFO | epoch=043 train_batch=50/389 running_loss=0.108444
2026-08-19 20:55:57 | INFO | epoch=043 train_batch=60/389 running_loss=0.108419
2026-08-19 20:55:57 | INFO | epoch=043 train_batch=70/389 running_loss=0.107864
2026-08-19 20:55:58 | INFO | epoch=043 train_batch=80/389 running_loss=0.108249
2026-08-19 20:55:58 | INFO | epoch=043 train_batch=90/389 running_loss=0.108068
2026-08-19 20:55:58 | INFO | epoch=043 train_batch=100/389 running_loss=0.108792
2026-08-19 20:55:59 | INFO | epoch=043 train_batch=110/389 running_loss=0.109184
2026-08-19 20:55:59 | INFO | epoch=043 train_batch=120/389 running_loss=0.108823
2026-08-19 20:55:59 | INFO | epoch=043 train_batch=130/389 running_loss=0.108678
2026-08-19 20:56:00 | INFO | epoch=043 train_batch=140/389 running_loss=0.108835
2026-08-19 20:56:00 | INFO | epoch=043 train_batch=150/389 running_loss=0.109170
2026-08-19 20:56:01 | INFO | epoch=043 train_batch=160/389 running_loss=0.109595
2026-08-19 20:56:01 | INFO | epoch=043 train_batch=170/389 running_loss=0.109799
2026-08-19 20:56:01 | INFO | epoch=043 train_batch=180/389 running_loss=0.109553
2026-08-19 20:56:02 | INFO | epoch=043 train_batch=190/389 running_loss=0.109231
2026-08-19 20:56:02 | INFO | epoch=043 train_batch=200/389 running_loss=0.109047
2026-08-19 20:56:02 | INFO | epoch=043 train_batch=210/389 running_loss=0.108896
2026-08-19 20:56:03 | INFO | epoch=043 train_batch=220/389 running_loss=0.109107
2026-08-19 20:56:03 | INFO | epoch=043 train_batch=230/389 running_loss=0.109117
2026-08-19 20:56:03 | INFO | epoch=043 train_batch=240/389 running_loss=0.108978
2026-08-19 20:56:04 | INFO | epoch=043 train_batch=250/389 running_loss=0.108909
2026-08-19 20:56:04 | INFO | epoch=043 train_batch=260/389 running_loss=0.108765
2026-08-19 20:56:04 | INFO | epoch=043 train_batch=270/389 running_loss=0.108470
2026-08-19 20:56:05 | INFO | epoch=043 train_batch=280/389 running_loss=0.108544
2026-08-19 20:56:05 | INFO | epoch=043 train_batch=290/389 running_loss=0.108601
2026-08-19 20:56:05 | INFO | epoch=043 train_batch=300/389 running_loss=0.108624
2026-08-19 20:56:06 | INFO | epoch=043 train_batch=310/389 running_loss=0.108770
2026-08-19 20:56:06 | INFO | epoch=043 train_batch=320/389 running_loss=0.108735
2026-08-19 20:56:06 | INFO | epoch=043 train_batch=330/389 running_loss=0.108876
2026-08-19 20:56:07 | INFO | epoch=043 train_batch=340/389 running_loss=0.108870
2026-08-19 20:56:07 | INFO | epoch=043 train_batch=350/389 running_loss=0.108897
2026-08-19 20:56:07 | INFO | epoch=043 train_batch=360/389 running_loss=0.108674
2026-08-19 20:56:08 | INFO | epoch=043 train_batch=370/389 running_loss=0.108798
2026-08-19 20:56:08 | INFO | epoch=043 train_batch=380/389 running_loss=0.108829
2026-08-19 20:56:08 | INFO | epoch=043 train_batch=389/389 running_loss=0.108898
2026-08-19 20:56:09 | INFO | epoch=043 train_loss=0.108898 validation_loss=0.170801
2026-08-19 20:56:10 | INFO | epoch=044 train_batch=10/389 running_loss=0.103321
2026-08-19 20:56:10 | INFO | epoch=044 train_batch=20/389 running_loss=0.102641
2026-08-19 20:56:10 | INFO | epoch=044 train_batch=30/389 running_loss=0.105923
2026-08-19 20:56:11 | INFO | epoch=044 train_batch=40/389 running_loss=0.103994
2026-08-19 20:56:11 | INFO | epoch=044 train_batch=50/389 running_loss=0.104421
2026-08-19 20:56:12 | INFO | epoch=044 train_batch=60/389 running_loss=0.105102
2026-08-19 20:56:12 | INFO | epoch=044 train_batch=70/389 running_loss=0.105633
2026-08-19 20:56:12 | INFO | epoch=044 train_batch=80/389 running_loss=0.106021
2026-08-19 20:56:13 | INFO | epoch=044 train_batch=90/389 running_loss=0.105906
2026-08-19 20:56:13 | INFO | epoch=044 train_batch=100/389 running_loss=0.106547
2026-08-19 20:56:13 | INFO | epoch=044 train_batch=110/389 running_loss=0.107012
2026-08-19 20:56:14 | INFO | epoch=044 train_batch=120/389 running_loss=0.107049
2026-08-19 20:56:14 | INFO | epoch=044 train_batch=130/389 running_loss=0.107330
2026-08-19 20:56:14 | INFO | epoch=044 train_batch=140/389 running_loss=0.106922
2026-08-19 20:56:15 | INFO | epoch=044 train_batch=150/389 running_loss=0.106981
2026-08-19 20:56:15 | INFO | epoch=044 train_batch=160/389 running_loss=0.107349
2026-08-19 20:56:15 | INFO | epoch=044 train_batch=170/389 running_loss=0.107691
2026-08-19 20:56:16 | INFO | epoch=044 train_batch=180/389 running_loss=0.108051
2026-08-19 20:56:16 | INFO | epoch=044 train_batch=190/389 running_loss=0.107968
2026-08-19 20:56:16 | INFO | epoch=044 train_batch=200/389 running_loss=0.108002
2026-08-19 20:56:17 | INFO | epoch=044 train_batch=210/389 running_loss=0.107947
2026-08-19 20:56:17 | INFO | epoch=044 train_batch=220/389 running_loss=0.107892
2026-08-19 20:56:17 | INFO | epoch=044 train_batch=230/389 running_loss=0.107832
2026-08-19 20:56:18 | INFO | epoch=044 train_batch=240/389 running_loss=0.107909
2026-08-19 20:56:18 | INFO | epoch=044 train_batch=250/389 running_loss=0.107944
2026-08-19 20:56:18 | INFO | epoch=044 train_batch=260/389 running_loss=0.107890
2026-08-19 20:56:19 | INFO | epoch=044 train_batch=270/389 running_loss=0.107822
2026-08-19 20:56:19 | INFO | epoch=044 train_batch=280/389 running_loss=0.108036
2026-08-19 20:56:19 | INFO | epoch=044 train_batch=290/389 running_loss=0.107859
2026-08-19 20:56:20 | INFO | epoch=044 train_batch=300/389 running_loss=0.108031
2026-08-19 20:56:20 | INFO | epoch=044 train_batch=310/389 running_loss=0.108060
2026-08-19 20:56:20 | INFO | epoch=044 train_batch=320/389 running_loss=0.108217
2026-08-19 20:56:21 | INFO | epoch=044 train_batch=330/389 running_loss=0.108394
2026-08-19 20:56:21 | INFO | epoch=044 train_batch=340/389 running_loss=0.108524
2026-08-19 20:56:21 | INFO | epoch=044 train_batch=350/389 running_loss=0.108589
2026-08-19 20:56:22 | INFO | epoch=044 train_batch=360/389 running_loss=0.108814
2026-08-19 20:56:22 | INFO | epoch=044 train_batch=370/389 running_loss=0.108834
2026-08-19 20:56:22 | INFO | epoch=044 train_batch=380/389 running_loss=0.108867
2026-08-19 20:56:23 | INFO | epoch=044 train_batch=389/389 running_loss=0.109040
2026-08-19 20:56:24 | INFO | epoch=044 train_loss=0.109040 validation_loss=0.170932
2026-08-19 20:56:24 | INFO | epoch=045 train_batch=10/389 running_loss=0.107456
2026-08-19 20:56:24 | INFO | epoch=045 train_batch=20/389 running_loss=0.106374
2026-08-19 20:56:25 | INFO | epoch=045 train_batch=30/389 running_loss=0.109385
2026-08-19 20:56:25 | INFO | epoch=045 train_batch=40/389 running_loss=0.110993
2026-08-19 20:56:25 | INFO | epoch=045 train_batch=50/389 running_loss=0.110723
2026-08-19 20:56:26 | INFO | epoch=045 train_batch=60/389 running_loss=0.111148
2026-08-19 20:56:26 | INFO | epoch=045 train_batch=70/389 running_loss=0.111018
2026-08-19 20:56:27 | INFO | epoch=045 train_batch=80/389 running_loss=0.111253
2026-08-19 20:56:27 | INFO | epoch=045 train_batch=90/389 running_loss=0.110960
2026-08-19 20:56:27 | INFO | epoch=045 train_batch=100/389 running_loss=0.110881
2026-08-19 20:56:28 | INFO | epoch=045 train_batch=110/389 running_loss=0.110767
2026-08-19 20:56:28 | INFO | epoch=045 train_batch=120/389 running_loss=0.110544
2026-08-19 20:56:28 | INFO | epoch=045 train_batch=130/389 running_loss=0.110775
2026-08-19 20:56:29 | INFO | epoch=045 train_batch=140/389 running_loss=0.110308
2026-08-19 20:56:29 | INFO | epoch=045 train_batch=150/389 running_loss=0.110176
2026-08-19 20:56:29 | INFO | epoch=045 train_batch=160/389 running_loss=0.109826
2026-08-19 20:56:30 | INFO | epoch=045 train_batch=170/389 running_loss=0.109409
2026-08-19 20:56:30 | INFO | epoch=045 train_batch=180/389 running_loss=0.109421
2026-08-19 20:56:30 | INFO | epoch=045 train_batch=190/389 running_loss=0.109082
2026-08-19 20:56:31 | INFO | epoch=045 train_batch=200/389 running_loss=0.109314
2026-08-19 20:56:31 | INFO | epoch=045 train_batch=210/389 running_loss=0.109038
2026-08-19 20:56:31 | INFO | epoch=045 train_batch=220/389 running_loss=0.109155
2026-08-19 20:56:32 | INFO | epoch=045 train_batch=230/389 running_loss=0.109314
2026-08-19 20:56:32 | INFO | epoch=045 train_batch=240/389 running_loss=0.109260
2026-08-19 20:56:32 | INFO | epoch=045 train_batch=250/389 running_loss=0.109016
2026-08-19 20:56:33 | INFO | epoch=045 train_batch=260/389 running_loss=0.109120
2026-08-19 20:56:33 | INFO | epoch=045 train_batch=270/389 running_loss=0.108893
2026-08-19 20:56:33 | INFO | epoch=045 train_batch=280/389 running_loss=0.108539
2026-08-19 20:56:34 | INFO | epoch=045 train_batch=290/389 running_loss=0.108271
2026-08-19 20:56:34 | INFO | epoch=045 train_batch=300/389 running_loss=0.108779
2026-08-19 20:56:34 | INFO | epoch=045 train_batch=310/389 running_loss=0.108804
2026-08-19 20:56:35 | INFO | epoch=045 train_batch=320/389 running_loss=0.108966
2026-08-19 20:56:35 | INFO | epoch=045 train_batch=330/389 running_loss=0.108973
2026-08-19 20:56:35 | INFO | epoch=045 train_batch=340/389 running_loss=0.108860
2026-08-19 20:56:36 | INFO | epoch=045 train_batch=350/389 running_loss=0.109090
2026-08-19 20:56:36 | INFO | epoch=045 train_batch=360/389 running_loss=0.108963
2026-08-19 20:56:36 | INFO | epoch=045 train_batch=370/389 running_loss=0.108870
2026-08-19 20:56:37 | INFO | epoch=045 train_batch=380/389 running_loss=0.108597
2026-08-19 20:56:37 | INFO | epoch=045 train_batch=389/389 running_loss=0.108463
2026-08-19 20:56:38 | INFO | epoch=045 train_loss=0.108463 validation_loss=0.169682
2026-08-19 20:56:38 | INFO | epoch=046 train_batch=10/389 running_loss=0.100238
2026-08-19 20:56:39 | INFO | epoch=046 train_batch=20/389 running_loss=0.104500
2026-08-19 20:56:39 | INFO | epoch=046 train_batch=30/389 running_loss=0.102891
2026-08-19 20:56:39 | INFO | epoch=046 train_batch=40/389 running_loss=0.103489
2026-08-19 20:56:40 | INFO | epoch=046 train_batch=50/389 running_loss=0.102336
2026-08-19 20:56:40 | INFO | epoch=046 train_batch=60/389 running_loss=0.102180
2026-08-19 20:56:40 | INFO | epoch=046 train_batch=70/389 running_loss=0.102529
2026-08-19 20:56:41 | INFO | epoch=046 train_batch=80/389 running_loss=0.103512
2026-08-19 20:56:41 | INFO | epoch=046 train_batch=90/389 running_loss=0.103808
2026-08-19 20:56:41 | INFO | epoch=046 train_batch=100/389 running_loss=0.104369
2026-08-19 20:56:42 | INFO | epoch=046 train_batch=110/389 running_loss=0.104748
2026-08-19 20:56:42 | INFO | epoch=046 train_batch=120/389 running_loss=0.104993
2026-08-19 20:56:42 | INFO | epoch=046 train_batch=130/389 running_loss=0.104698
2026-08-19 20:56:43 | INFO | epoch=046 train_batch=140/389 running_loss=0.104521
2026-08-19 20:56:43 | INFO | epoch=046 train_batch=150/389 running_loss=0.105033
2026-08-19 20:56:44 | INFO | epoch=046 train_batch=160/389 running_loss=0.105362
2026-08-19 20:56:44 | INFO | epoch=046 train_batch=170/389 running_loss=0.105425
2026-08-19 20:56:44 | INFO | epoch=046 train_batch=180/389 running_loss=0.105400
2026-08-19 20:56:45 | INFO | epoch=046 train_batch=190/389 running_loss=0.105466
2026-08-19 20:56:45 | INFO | epoch=046 train_batch=200/389 running_loss=0.105374
2026-08-19 20:56:45 | INFO | epoch=046 train_batch=210/389 running_loss=0.105337
2026-08-19 20:56:46 | INFO | epoch=046 train_batch=220/389 running_loss=0.105528
2026-08-19 20:56:46 | INFO | epoch=046 train_batch=230/389 running_loss=0.105552
2026-08-19 20:56:46 | INFO | epoch=046 train_batch=240/389 running_loss=0.106164
2026-08-19 20:56:47 | INFO | epoch=046 train_batch=250/389 running_loss=0.106303
2026-08-19 20:56:47 | INFO | epoch=046 train_batch=260/389 running_loss=0.106461
2026-08-19 20:56:47 | INFO | epoch=046 train_batch=270/389 running_loss=0.106547
2026-08-19 20:56:48 | INFO | epoch=046 train_batch=280/389 running_loss=0.106898
2026-08-19 20:56:48 | INFO | epoch=046 train_batch=290/389 running_loss=0.107108
2026-08-19 20:56:48 | INFO | epoch=046 train_batch=300/389 running_loss=0.107248
2026-08-19 20:56:49 | INFO | epoch=046 train_batch=310/389 running_loss=0.107449
2026-08-19 20:56:49 | INFO | epoch=046 train_batch=320/389 running_loss=0.107400
2026-08-19 20:56:49 | INFO | epoch=046 train_batch=330/389 running_loss=0.107422
2026-08-19 20:56:50 | INFO | epoch=046 train_batch=340/389 running_loss=0.107575
2026-08-19 20:56:50 | INFO | epoch=046 train_batch=350/389 running_loss=0.107609
2026-08-19 20:56:50 | INFO | epoch=046 train_batch=360/389 running_loss=0.107732
2026-08-19 20:56:51 | INFO | epoch=046 train_batch=370/389 running_loss=0.107757
2026-08-19 20:56:51 | INFO | epoch=046 train_batch=380/389 running_loss=0.107856
2026-08-19 20:56:51 | INFO | epoch=046 train_batch=389/389 running_loss=0.107925
2026-08-19 20:56:52 | INFO | epoch=046 train_loss=0.107925 validation_loss=0.168168
2026-08-19 20:56:52 | INFO | epoch=046 saved new best.pt
2026-08-19 20:56:53 | INFO | epoch=047 train_batch=10/389 running_loss=0.106228
2026-08-19 20:56:53 | INFO | epoch=047 train_batch=20/389 running_loss=0.105887
2026-08-19 20:56:53 | INFO | epoch=047 train_batch=30/389 running_loss=0.107068
2026-08-19 20:56:54 | INFO | epoch=047 train_batch=40/389 running_loss=0.107131
2026-08-19 20:56:54 | INFO | epoch=047 train_batch=50/389 running_loss=0.105817
2026-08-19 20:56:54 | INFO | epoch=047 train_batch=60/389 running_loss=0.105557
2026-08-19 20:56:55 | INFO | epoch=047 train_batch=70/389 running_loss=0.105496
2026-08-19 20:56:55 | INFO | epoch=047 train_batch=80/389 running_loss=0.105123
2026-08-19 20:56:55 | INFO | epoch=047 train_batch=90/389 running_loss=0.104985
2026-08-19 20:56:56 | INFO | epoch=047 train_batch=100/389 running_loss=0.105328
2026-08-19 20:56:56 | INFO | epoch=047 train_batch=110/389 running_loss=0.105554
2026-08-19 20:56:56 | INFO | epoch=047 train_batch=120/389 running_loss=0.105879
2026-08-19 20:56:57 | INFO | epoch=047 train_batch=130/389 running_loss=0.105789
2026-08-19 20:56:57 | INFO | epoch=047 train_batch=140/389 running_loss=0.106288
2026-08-19 20:56:57 | INFO | epoch=047 train_batch=150/389 running_loss=0.106253
2026-08-19 20:56:58 | INFO | epoch=047 train_batch=160/389 running_loss=0.106396
2026-08-19 20:56:58 | INFO | epoch=047 train_batch=170/389 running_loss=0.106195
2026-08-19 20:56:58 | INFO | epoch=047 train_batch=180/389 running_loss=0.105960
2026-08-19 20:56:59 | INFO | epoch=047 train_batch=190/389 running_loss=0.105557
2026-08-19 20:56:59 | INFO | epoch=047 train_batch=200/389 running_loss=0.105575
2026-08-19 20:57:00 | INFO | epoch=047 train_batch=210/389 running_loss=0.105911
2026-08-19 20:57:00 | INFO | epoch=047 train_batch=220/389 running_loss=0.105944
2026-08-19 20:57:00 | INFO | epoch=047 train_batch=230/389 running_loss=0.106071
2026-08-19 20:57:01 | INFO | epoch=047 train_batch=240/389 running_loss=0.106123
2026-08-19 20:57:01 | INFO | epoch=047 train_batch=250/389 running_loss=0.106323
2026-08-19 20:57:01 | INFO | epoch=047 train_batch=260/389 running_loss=0.106477
2026-08-19 20:57:02 | INFO | epoch=047 train_batch=270/389 running_loss=0.106798
2026-08-19 20:57:02 | INFO | epoch=047 train_batch=280/389 running_loss=0.106658
2026-08-19 20:57:02 | INFO | epoch=047 train_batch=290/389 running_loss=0.106972
2026-08-19 20:57:03 | INFO | epoch=047 train_batch=300/389 running_loss=0.107248
2026-08-19 20:57:03 | INFO | epoch=047 train_batch=310/389 running_loss=0.107298
2026-08-19 20:57:03 | INFO | epoch=047 train_batch=320/389 running_loss=0.107342
2026-08-19 20:57:04 | INFO | epoch=047 train_batch=330/389 running_loss=0.107198
2026-08-19 20:57:04 | INFO | epoch=047 train_batch=340/389 running_loss=0.107448
2026-08-19 20:57:04 | INFO | epoch=047 train_batch=350/389 running_loss=0.107571
2026-08-19 20:57:05 | INFO | epoch=047 train_batch=360/389 running_loss=0.107786
2026-08-19 20:57:05 | INFO | epoch=047 train_batch=370/389 running_loss=0.107873
2026-08-19 20:57:05 | INFO | epoch=047 train_batch=380/389 running_loss=0.107903
2026-08-19 20:57:06 | INFO | epoch=047 train_batch=389/389 running_loss=0.107700
2026-08-19 20:57:07 | INFO | epoch=047 train_loss=0.107700 validation_loss=0.167877
2026-08-19 20:57:07 | INFO | epoch=047 saved new best.pt
2026-08-19 20:57:07 | INFO | epoch=048 train_batch=10/389 running_loss=0.111276
2026-08-19 20:57:08 | INFO | epoch=048 train_batch=20/389 running_loss=0.110120
2026-08-19 20:57:08 | INFO | epoch=048 train_batch=30/389 running_loss=0.109005
2026-08-19 20:57:08 | INFO | epoch=048 train_batch=40/389 running_loss=0.109028
2026-08-19 20:57:09 | INFO | epoch=048 train_batch=50/389 running_loss=0.108437
2026-08-19 20:57:09 | INFO | epoch=048 train_batch=60/389 running_loss=0.108858
2026-08-19 20:57:09 | INFO | epoch=048 train_batch=70/389 running_loss=0.109469
2026-08-19 20:57:10 | INFO | epoch=048 train_batch=80/389 running_loss=0.108981
2026-08-19 20:57:10 | INFO | epoch=048 train_batch=90/389 running_loss=0.108194
2026-08-19 20:57:10 | INFO | epoch=048 train_batch=100/389 running_loss=0.108121
2026-08-19 20:57:11 | INFO | epoch=048 train_batch=110/389 running_loss=0.107612
2026-08-19 20:57:11 | INFO | epoch=048 train_batch=120/389 running_loss=0.107423
2026-08-19 20:57:11 | INFO | epoch=048 train_batch=130/389 running_loss=0.107473
2026-08-19 20:57:12 | INFO | epoch=048 train_batch=140/389 running_loss=0.107331
2026-08-19 20:57:12 | INFO | epoch=048 train_batch=150/389 running_loss=0.107118
2026-08-19 20:57:12 | INFO | epoch=048 train_batch=160/389 running_loss=0.107263
2026-08-19 20:57:13 | INFO | epoch=048 train_batch=170/389 running_loss=0.107406
2026-08-19 20:57:13 | INFO | epoch=048 train_batch=180/389 running_loss=0.107512
2026-08-19 20:57:13 | INFO | epoch=048 train_batch=190/389 running_loss=0.107405
2026-08-19 20:57:14 | INFO | epoch=048 train_batch=200/389 running_loss=0.107545
2026-08-19 20:57:14 | INFO | epoch=048 train_batch=210/389 running_loss=0.107504
2026-08-19 20:57:15 | INFO | epoch=048 train_batch=220/389 running_loss=0.107549
2026-08-19 20:57:15 | INFO | epoch=048 train_batch=230/389 running_loss=0.107100
2026-08-19 20:57:15 | INFO | epoch=048 train_batch=240/389 running_loss=0.107008
2026-08-19 20:57:16 | INFO | epoch=048 train_batch=250/389 running_loss=0.106914
2026-08-19 20:57:16 | INFO | epoch=048 train_batch=260/389 running_loss=0.107346
2026-08-19 20:57:16 | INFO | epoch=048 train_batch=270/389 running_loss=0.107204
2026-08-19 20:57:17 | INFO | epoch=048 train_batch=280/389 running_loss=0.107071
2026-08-19 20:57:17 | INFO | epoch=048 train_batch=290/389 running_loss=0.107140
2026-08-19 20:57:17 | INFO | epoch=048 train_batch=300/389 running_loss=0.107318
2026-08-19 20:57:18 | INFO | epoch=048 train_batch=310/389 running_loss=0.107353
2026-08-19 20:57:18 | INFO | epoch=048 train_batch=320/389 running_loss=0.107185
2026-08-19 20:57:18 | INFO | epoch=048 train_batch=330/389 running_loss=0.107128
2026-08-19 20:57:19 | INFO | epoch=048 train_batch=340/389 running_loss=0.107049
2026-08-19 20:57:19 | INFO | epoch=048 train_batch=350/389 running_loss=0.107264
2026-08-19 20:57:19 | INFO | epoch=048 train_batch=360/389 running_loss=0.107224
2026-08-19 20:57:20 | INFO | epoch=048 train_batch=370/389 running_loss=0.107239
2026-08-19 20:57:20 | INFO | epoch=048 train_batch=380/389 running_loss=0.107417
2026-08-19 20:57:20 | INFO | epoch=048 train_batch=389/389 running_loss=0.107474
2026-08-19 20:57:21 | INFO | epoch=048 train_loss=0.107474 validation_loss=0.169685
2026-08-19 20:57:22 | INFO | epoch=049 train_batch=10/389 running_loss=0.108152
2026-08-19 20:57:22 | INFO | epoch=049 train_batch=20/389 running_loss=0.107134
2026-08-19 20:57:22 | INFO | epoch=049 train_batch=30/389 running_loss=0.109735
2026-08-19 20:57:23 | INFO | epoch=049 train_batch=40/389 running_loss=0.107882
2026-08-19 20:57:23 | INFO | epoch=049 train_batch=50/389 running_loss=0.108612
2026-08-19 20:57:23 | INFO | epoch=049 train_batch=60/389 running_loss=0.108931
2026-08-19 20:57:24 | INFO | epoch=049 train_batch=70/389 running_loss=0.107781
2026-08-19 20:57:24 | INFO | epoch=049 train_batch=80/389 running_loss=0.107959
2026-08-19 20:57:24 | INFO | epoch=049 train_batch=90/389 running_loss=0.108040
2026-08-19 20:57:25 | INFO | epoch=049 train_batch=100/389 running_loss=0.107537
2026-08-19 20:57:25 | INFO | epoch=049 train_batch=110/389 running_loss=0.107631
2026-08-19 20:57:25 | INFO | epoch=049 train_batch=120/389 running_loss=0.106437
2026-08-19 20:57:26 | INFO | epoch=049 train_batch=130/389 running_loss=0.106105
2026-08-19 20:57:26 | INFO | epoch=049 train_batch=140/389 running_loss=0.106194
2026-08-19 20:57:26 | INFO | epoch=049 train_batch=150/389 running_loss=0.106503
2026-08-19 20:57:27 | INFO | epoch=049 train_batch=160/389 running_loss=0.106491
2026-08-19 20:57:27 | INFO | epoch=049 train_batch=170/389 running_loss=0.106647
2026-08-19 20:57:28 | INFO | epoch=049 train_batch=180/389 running_loss=0.106417
2026-08-19 20:57:28 | INFO | epoch=049 train_batch=190/389 running_loss=0.106285
2026-08-19 20:57:28 | INFO | epoch=049 train_batch=200/389 running_loss=0.106634
2026-08-19 20:57:29 | INFO | epoch=049 train_batch=210/389 running_loss=0.106610
2026-08-19 20:57:29 | INFO | epoch=049 train_batch=220/389 running_loss=0.106818
2026-08-19 20:57:29 | INFO | epoch=049 train_batch=230/389 running_loss=0.107018
2026-08-19 20:57:30 | INFO | epoch=049 train_batch=240/389 running_loss=0.107135
2026-08-19 20:57:30 | INFO | epoch=049 train_batch=250/389 running_loss=0.107220
2026-08-19 20:57:30 | INFO | epoch=049 train_batch=260/389 running_loss=0.107550
2026-08-19 20:57:31 | INFO | epoch=049 train_batch=270/389 running_loss=0.107657
2026-08-19 20:57:31 | INFO | epoch=049 train_batch=280/389 running_loss=0.107606
2026-08-19 20:57:31 | INFO | epoch=049 train_batch=290/389 running_loss=0.107352
2026-08-19 20:57:32 | INFO | epoch=049 train_batch=300/389 running_loss=0.107242
2026-08-19 20:57:32 | INFO | epoch=049 train_batch=310/389 running_loss=0.107152
2026-08-19 20:57:32 | INFO | epoch=049 train_batch=320/389 running_loss=0.106994
2026-08-19 20:57:33 | INFO | epoch=049 train_batch=330/389 running_loss=0.106851
2026-08-19 20:57:33 | INFO | epoch=049 train_batch=340/389 running_loss=0.107077
2026-08-19 20:57:33 | INFO | epoch=049 train_batch=350/389 running_loss=0.106991
2026-08-19 20:57:34 | INFO | epoch=049 train_batch=360/389 running_loss=0.107184
2026-08-19 20:57:34 | INFO | epoch=049 train_batch=370/389 running_loss=0.107247
2026-08-19 20:57:34 | INFO | epoch=049 train_batch=380/389 running_loss=0.107099
2026-08-19 20:57:35 | INFO | epoch=049 train_batch=389/389 running_loss=0.107113
2026-08-19 20:57:36 | INFO | epoch=049 train_loss=0.107113 validation_loss=0.165088
2026-08-19 20:57:36 | INFO | epoch=049 saved new best.pt
2026-08-19 20:57:36 | INFO | epoch=050 train_batch=10/389 running_loss=0.102748
2026-08-19 20:57:36 | INFO | epoch=050 train_batch=20/389 running_loss=0.102932
2026-08-19 20:57:37 | INFO | epoch=050 train_batch=30/389 running_loss=0.102106
2026-08-19 20:57:37 | INFO | epoch=050 train_batch=40/389 running_loss=0.103018
2026-08-19 20:57:37 | INFO | epoch=050 train_batch=50/389 running_loss=0.103022
2026-08-19 20:57:38 | INFO | epoch=050 train_batch=60/389 running_loss=0.103691
2026-08-19 20:57:38 | INFO | epoch=050 train_batch=70/389 running_loss=0.103937
2026-08-19 20:57:38 | INFO | epoch=050 train_batch=80/389 running_loss=0.103712
2026-08-19 20:57:39 | INFO | epoch=050 train_batch=90/389 running_loss=0.104400
2026-08-19 20:57:39 | INFO | epoch=050 train_batch=100/389 running_loss=0.104330
2026-08-19 20:57:40 | INFO | epoch=050 train_batch=110/389 running_loss=0.105022
2026-08-19 20:57:40 | INFO | epoch=050 train_batch=120/389 running_loss=0.105311
2026-08-19 20:57:40 | INFO | epoch=050 train_batch=130/389 running_loss=0.105345
2026-08-19 20:57:41 | INFO | epoch=050 train_batch=140/389 running_loss=0.105208
2026-08-19 20:57:41 | INFO | epoch=050 train_batch=150/389 running_loss=0.105214
2026-08-19 20:57:41 | INFO | epoch=050 train_batch=160/389 running_loss=0.105159
2026-08-19 20:57:42 | INFO | epoch=050 train_batch=170/389 running_loss=0.105469
2026-08-19 20:57:42 | INFO | epoch=050 train_batch=180/389 running_loss=0.105500
2026-08-19 20:57:42 | INFO | epoch=050 train_batch=190/389 running_loss=0.105781
2026-08-19 20:57:43 | INFO | epoch=050 train_batch=200/389 running_loss=0.105754
2026-08-19 20:57:43 | INFO | epoch=050 train_batch=210/389 running_loss=0.106032
2026-08-19 20:57:43 | INFO | epoch=050 train_batch=220/389 running_loss=0.106071
2026-08-19 20:57:44 | INFO | epoch=050 train_batch=230/389 running_loss=0.106077
2026-08-19 20:57:44 | INFO | epoch=050 train_batch=240/389 running_loss=0.105977
2026-08-19 20:57:44 | INFO | epoch=050 train_batch=250/389 running_loss=0.106043
2026-08-19 20:57:45 | INFO | epoch=050 train_batch=260/389 running_loss=0.105892
2026-08-19 20:57:45 | INFO | epoch=050 train_batch=270/389 running_loss=0.105905
2026-08-19 20:57:45 | INFO | epoch=050 train_batch=280/389 running_loss=0.105811
2026-08-19 20:57:46 | INFO | epoch=050 train_batch=290/389 running_loss=0.105995
2026-08-19 20:57:46 | INFO | epoch=050 train_batch=300/389 running_loss=0.105994
2026-08-19 20:57:46 | INFO | epoch=050 train_batch=310/389 running_loss=0.105944
2026-08-19 20:57:47 | INFO | epoch=050 train_batch=320/389 running_loss=0.106016
2026-08-19 20:57:47 | INFO | epoch=050 train_batch=330/389 running_loss=0.106069
2026-08-19 20:57:47 | INFO | epoch=050 train_batch=340/389 running_loss=0.105899
2026-08-19 20:57:48 | INFO | epoch=050 train_batch=350/389 running_loss=0.105884
2026-08-19 20:57:48 | INFO | epoch=050 train_batch=360/389 running_loss=0.105832
2026-08-19 20:57:48 | INFO | epoch=050 train_batch=370/389 running_loss=0.105926
2026-08-19 20:57:49 | INFO | epoch=050 train_batch=380/389 running_loss=0.105728
2026-08-19 20:57:49 | INFO | epoch=050 train_batch=389/389 running_loss=0.105600
2026-08-19 20:57:50 | INFO | epoch=050 train_loss=0.105600 validation_loss=0.167234
2026-08-19 20:57:50 | INFO | epoch=051 train_batch=10/389 running_loss=0.105899
2026-08-19 20:57:51 | INFO | epoch=051 train_batch=20/389 running_loss=0.109605
2026-08-19 20:57:51 | INFO | epoch=051 train_batch=30/389 running_loss=0.107539
2026-08-19 20:57:51 | INFO | epoch=051 train_batch=40/389 running_loss=0.105498
2026-08-19 20:57:52 | INFO | epoch=051 train_batch=50/389 running_loss=0.104525
2026-08-19 20:57:52 | INFO | epoch=051 train_batch=60/389 running_loss=0.105422
2026-08-19 20:57:53 | INFO | epoch=051 train_batch=70/389 running_loss=0.105408
2026-08-19 20:57:53 | INFO | epoch=051 train_batch=80/389 running_loss=0.105169
2026-08-19 20:57:53 | INFO | epoch=051 train_batch=90/389 running_loss=0.104720
2026-08-19 20:57:54 | INFO | epoch=051 train_batch=100/389 running_loss=0.105083
2026-08-19 20:57:54 | INFO | epoch=051 train_batch=110/389 running_loss=0.104740
2026-08-19 20:57:54 | INFO | epoch=051 train_batch=120/389 running_loss=0.104109
2026-08-19 20:57:55 | INFO | epoch=051 train_batch=130/389 running_loss=0.104586
2026-08-19 20:57:55 | INFO | epoch=051 train_batch=140/389 running_loss=0.104737
2026-08-19 20:57:55 | INFO | epoch=051 train_batch=150/389 running_loss=0.104768
2026-08-19 20:57:56 | INFO | epoch=051 train_batch=160/389 running_loss=0.104485
2026-08-19 20:57:56 | INFO | epoch=051 train_batch=170/389 running_loss=0.104397
2026-08-19 20:57:56 | INFO | epoch=051 train_batch=180/389 running_loss=0.104366
2026-08-19 20:57:57 | INFO | epoch=051 train_batch=190/389 running_loss=0.104384
2026-08-19 20:57:57 | INFO | epoch=051 train_batch=200/389 running_loss=0.104319
2026-08-19 20:57:57 | INFO | epoch=051 train_batch=210/389 running_loss=0.104531
2026-08-19 20:57:58 | INFO | epoch=051 train_batch=220/389 running_loss=0.104569
2026-08-19 20:57:58 | INFO | epoch=051 train_batch=230/389 running_loss=0.104807
2026-08-19 20:57:58 | INFO | epoch=051 train_batch=240/389 running_loss=0.104883
2026-08-19 20:57:59 | INFO | epoch=051 train_batch=250/389 running_loss=0.104820
2026-08-19 20:57:59 | INFO | epoch=051 train_batch=260/389 running_loss=0.104663
2026-08-19 20:57:59 | INFO | epoch=051 train_batch=270/389 running_loss=0.104614
2026-08-19 20:58:00 | INFO | epoch=051 train_batch=280/389 running_loss=0.104788
2026-08-19 20:58:00 | INFO | epoch=051 train_batch=290/389 running_loss=0.104930
2026-08-19 20:58:00 | INFO | epoch=051 train_batch=300/389 running_loss=0.104877
2026-08-19 20:58:01 | INFO | epoch=051 train_batch=310/389 running_loss=0.104736
2026-08-19 20:58:01 | INFO | epoch=051 train_batch=320/389 running_loss=0.104793
2026-08-19 20:58:01 | INFO | epoch=051 train_batch=330/389 running_loss=0.104818
2026-08-19 20:58:02 | INFO | epoch=051 train_batch=340/389 running_loss=0.104813
2026-08-19 20:58:02 | INFO | epoch=051 train_batch=350/389 running_loss=0.104826
2026-08-19 20:58:03 | INFO | epoch=051 train_batch=360/389 running_loss=0.105178
2026-08-19 20:58:03 | INFO | epoch=051 train_batch=370/389 running_loss=0.105367
2026-08-19 20:58:03 | INFO | epoch=051 train_batch=380/389 running_loss=0.105467
2026-08-19 20:58:04 | INFO | epoch=051 train_batch=389/389 running_loss=0.105530
2026-08-19 20:58:04 | INFO | epoch=051 train_loss=0.105530 validation_loss=0.167332
2026-08-19 20:58:05 | INFO | epoch=052 train_batch=10/389 running_loss=0.107119
2026-08-19 20:58:05 | INFO | epoch=052 train_batch=20/389 running_loss=0.104003
2026-08-19 20:58:06 | INFO | epoch=052 train_batch=30/389 running_loss=0.103363
2026-08-19 20:58:06 | INFO | epoch=052 train_batch=40/389 running_loss=0.103435
2026-08-19 20:58:06 | INFO | epoch=052 train_batch=50/389 running_loss=0.104247
2026-08-19 20:58:07 | INFO | epoch=052 train_batch=60/389 running_loss=0.104503
2026-08-19 20:58:07 | INFO | epoch=052 train_batch=70/389 running_loss=0.103788
2026-08-19 20:58:07 | INFO | epoch=052 train_batch=80/389 running_loss=0.103798
2026-08-19 20:58:08 | INFO | epoch=052 train_batch=90/389 running_loss=0.103881
2026-08-19 20:58:08 | INFO | epoch=052 train_batch=100/389 running_loss=0.103162
2026-08-19 20:58:08 | INFO | epoch=052 train_batch=110/389 running_loss=0.103096
2026-08-19 20:58:09 | INFO | epoch=052 train_batch=120/389 running_loss=0.102737
2026-08-19 20:58:09 | INFO | epoch=052 train_batch=130/389 running_loss=0.102766
2026-08-19 20:58:09 | INFO | epoch=052 train_batch=140/389 running_loss=0.102813
2026-08-19 20:58:10 | INFO | epoch=052 train_batch=150/389 running_loss=0.102682
2026-08-19 20:58:10 | INFO | epoch=052 train_batch=160/389 running_loss=0.102868
2026-08-19 20:58:10 | INFO | epoch=052 train_batch=170/389 running_loss=0.102953
2026-08-19 20:58:11 | INFO | epoch=052 train_batch=180/389 running_loss=0.102857
2026-08-19 20:58:11 | INFO | epoch=052 train_batch=190/389 running_loss=0.102968
2026-08-19 20:58:11 | INFO | epoch=052 train_batch=200/389 running_loss=0.103228
2026-08-19 20:58:12 | INFO | epoch=052 train_batch=210/389 running_loss=0.103307
2026-08-19 20:58:12 | INFO | epoch=052 train_batch=220/389 running_loss=0.103336
2026-08-19 20:58:12 | INFO | epoch=052 train_batch=230/389 running_loss=0.103284
2026-08-19 20:58:13 | INFO | epoch=052 train_batch=240/389 running_loss=0.103479
2026-08-19 20:58:13 | INFO | epoch=052 train_batch=250/389 running_loss=0.103264
2026-08-19 20:58:14 | INFO | epoch=052 train_batch=260/389 running_loss=0.103394
2026-08-19 20:58:14 | INFO | epoch=052 train_batch=270/389 running_loss=0.103961
2026-08-19 20:58:14 | INFO | epoch=052 train_batch=280/389 running_loss=0.104032
2026-08-19 20:58:15 | INFO | epoch=052 train_batch=290/389 running_loss=0.104078
2026-08-19 20:58:15 | INFO | epoch=052 train_batch=300/389 running_loss=0.104282
2026-08-19 20:58:15 | INFO | epoch=052 train_batch=310/389 running_loss=0.104381
2026-08-19 20:58:16 | INFO | epoch=052 train_batch=320/389 running_loss=0.104550
2026-08-19 20:58:16 | INFO | epoch=052 train_batch=330/389 running_loss=0.104609
2026-08-19 20:58:16 | INFO | epoch=052 train_batch=340/389 running_loss=0.104839
2026-08-19 20:58:17 | INFO | epoch=052 train_batch=350/389 running_loss=0.104975
2026-08-19 20:58:17 | INFO | epoch=052 train_batch=360/389 running_loss=0.105024
2026-08-19 20:58:17 | INFO | epoch=052 train_batch=370/389 running_loss=0.105367
2026-08-19 20:58:18 | INFO | epoch=052 train_batch=380/389 running_loss=0.105444
2026-08-19 20:58:18 | INFO | epoch=052 train_batch=389/389 running_loss=0.105421
2026-08-19 20:58:19 | INFO | epoch=052 train_loss=0.105421 validation_loss=0.167939
2026-08-19 20:58:19 | INFO | epoch=053 train_batch=10/389 running_loss=0.108818
2026-08-19 20:58:20 | INFO | epoch=053 train_batch=20/389 running_loss=0.105586
2026-08-19 20:58:20 | INFO | epoch=053 train_batch=30/389 running_loss=0.106181
2026-08-19 20:58:20 | INFO | epoch=053 train_batch=40/389 running_loss=0.107626
2026-08-19 20:58:21 | INFO | epoch=053 train_batch=50/389 running_loss=0.106852
2026-08-19 20:58:21 | INFO | epoch=053 train_batch=60/389 running_loss=0.106081
2026-08-19 20:58:21 | INFO | epoch=053 train_batch=70/389 running_loss=0.105652
2026-08-19 20:58:22 | INFO | epoch=053 train_batch=80/389 running_loss=0.104631
2026-08-19 20:58:22 | INFO | epoch=053 train_batch=90/389 running_loss=0.103622
2026-08-19 20:58:22 | INFO | epoch=053 train_batch=100/389 running_loss=0.103699
2026-08-19 20:58:23 | INFO | epoch=053 train_batch=110/389 running_loss=0.103296
2026-08-19 20:58:23 | INFO | epoch=053 train_batch=120/389 running_loss=0.103287
2026-08-19 20:58:23 | INFO | epoch=053 train_batch=130/389 running_loss=0.103378
2026-08-19 20:58:24 | INFO | epoch=053 train_batch=140/389 running_loss=0.103202
2026-08-19 20:58:24 | INFO | epoch=053 train_batch=150/389 running_loss=0.103076
2026-08-19 20:58:24 | INFO | epoch=053 train_batch=160/389 running_loss=0.103126
2026-08-19 20:58:25 | INFO | epoch=053 train_batch=170/389 running_loss=0.103799
2026-08-19 20:58:25 | INFO | epoch=053 train_batch=180/389 running_loss=0.104031
2026-08-19 20:58:25 | INFO | epoch=053 train_batch=190/389 running_loss=0.104172
2026-08-19 20:58:26 | INFO | epoch=053 train_batch=200/389 running_loss=0.104272
2026-08-19 20:58:26 | INFO | epoch=053 train_batch=210/389 running_loss=0.104348
2026-08-19 20:58:26 | INFO | epoch=053 train_batch=220/389 running_loss=0.104730
2026-08-19 20:58:27 | INFO | epoch=053 train_batch=230/389 running_loss=0.104738
2026-08-19 20:58:27 | INFO | epoch=053 train_batch=240/389 running_loss=0.104997
2026-08-19 20:58:28 | INFO | epoch=053 train_batch=250/389 running_loss=0.104942
2026-08-19 20:58:28 | INFO | epoch=053 train_batch=260/389 running_loss=0.105142
2026-08-19 20:58:28 | INFO | epoch=053 train_batch=270/389 running_loss=0.105113
2026-08-19 20:58:29 | INFO | epoch=053 train_batch=280/389 running_loss=0.105122
2026-08-19 20:58:29 | INFO | epoch=053 train_batch=290/389 running_loss=0.105010
2026-08-19 20:58:29 | INFO | epoch=053 train_batch=300/389 running_loss=0.105038
2026-08-19 20:58:30 | INFO | epoch=053 train_batch=310/389 running_loss=0.105184
2026-08-19 20:58:30 | INFO | epoch=053 train_batch=320/389 running_loss=0.105275
2026-08-19 20:58:30 | INFO | epoch=053 train_batch=330/389 running_loss=0.105599
2026-08-19 20:58:31 | INFO | epoch=053 train_batch=340/389 running_loss=0.105758
2026-08-19 20:58:31 | INFO | epoch=053 train_batch=350/389 running_loss=0.105781
2026-08-19 20:58:31 | INFO | epoch=053 train_batch=360/389 running_loss=0.105809
2026-08-19 20:58:32 | INFO | epoch=053 train_batch=370/389 running_loss=0.105628
2026-08-19 20:58:32 | INFO | epoch=053 train_batch=380/389 running_loss=0.105587
2026-08-19 20:58:32 | INFO | epoch=053 train_batch=389/389 running_loss=0.105497
2026-08-19 20:58:33 | INFO | epoch=053 train_loss=0.105497 validation_loss=0.163756
2026-08-19 20:58:33 | INFO | epoch=053 saved new best.pt
2026-08-19 20:58:34 | INFO | epoch=054 train_batch=10/389 running_loss=0.105078
2026-08-19 20:58:34 | INFO | epoch=054 train_batch=20/389 running_loss=0.102208
2026-08-19 20:58:34 | INFO | epoch=054 train_batch=30/389 running_loss=0.103465
2026-08-19 20:58:35 | INFO | epoch=054 train_batch=40/389 running_loss=0.104645
2026-08-19 20:58:35 | INFO | epoch=054 train_batch=50/389 running_loss=0.104586
2026-08-19 20:58:35 | INFO | epoch=054 train_batch=60/389 running_loss=0.104833
2026-08-19 20:58:36 | INFO | epoch=054 train_batch=70/389 running_loss=0.104596
2026-08-19 20:58:36 | INFO | epoch=054 train_batch=80/389 running_loss=0.104765
2026-08-19 20:58:36 | INFO | epoch=054 train_batch=90/389 running_loss=0.104970
2026-08-19 20:58:37 | INFO | epoch=054 train_batch=100/389 running_loss=0.104750
2026-08-19 20:58:37 | INFO | epoch=054 train_batch=110/389 running_loss=0.105216
2026-08-19 20:58:37 | INFO | epoch=054 train_batch=120/389 running_loss=0.104805
2026-08-19 20:58:38 | INFO | epoch=054 train_batch=130/389 running_loss=0.104766
2026-08-19 20:58:38 | INFO | epoch=054 train_batch=140/389 running_loss=0.104847
2026-08-19 20:58:38 | INFO | epoch=054 train_batch=150/389 running_loss=0.104200
2026-08-19 20:58:39 | INFO | epoch=054 train_batch=160/389 running_loss=0.104185
2026-08-19 20:58:39 | INFO | epoch=054 train_batch=170/389 running_loss=0.104086
2026-08-19 20:58:40 | INFO | epoch=054 train_batch=180/389 running_loss=0.104185
2026-08-19 20:58:40 | INFO | epoch=054 train_batch=190/389 running_loss=0.104180
2026-08-19 20:58:40 | INFO | epoch=054 train_batch=200/389 running_loss=0.104303
2026-08-19 20:58:41 | INFO | epoch=054 train_batch=210/389 running_loss=0.104486
2026-08-19 20:58:41 | INFO | epoch=054 train_batch=220/389 running_loss=0.104549
2026-08-19 20:58:41 | INFO | epoch=054 train_batch=230/389 running_loss=0.104523
2026-08-19 20:58:42 | INFO | epoch=054 train_batch=240/389 running_loss=0.104716
2026-08-19 20:58:42 | INFO | epoch=054 train_batch=250/389 running_loss=0.104539
2026-08-19 20:58:42 | INFO | epoch=054 train_batch=260/389 running_loss=0.104424
2026-08-19 20:58:43 | INFO | epoch=054 train_batch=270/389 running_loss=0.104804
2026-08-19 20:58:43 | INFO | epoch=054 train_batch=280/389 running_loss=0.104851
2026-08-19 20:58:43 | INFO | epoch=054 train_batch=290/389 running_loss=0.104732
2026-08-19 20:58:44 | INFO | epoch=054 train_batch=300/389 running_loss=0.104520
2026-08-19 20:58:44 | INFO | epoch=054 train_batch=310/389 running_loss=0.104531
2026-08-19 20:58:44 | INFO | epoch=054 train_batch=320/389 running_loss=0.104407
2026-08-19 20:58:45 | INFO | epoch=054 train_batch=330/389 running_loss=0.104274
2026-08-19 20:58:45 | INFO | epoch=054 train_batch=340/389 running_loss=0.104214
2026-08-19 20:58:45 | INFO | epoch=054 train_batch=350/389 running_loss=0.104215
2026-08-19 20:58:46 | INFO | epoch=054 train_batch=360/389 running_loss=0.104261
2026-08-19 20:58:46 | INFO | epoch=054 train_batch=370/389 running_loss=0.104153
2026-08-19 20:58:46 | INFO | epoch=054 train_batch=380/389 running_loss=0.104122
2026-08-19 20:58:47 | INFO | epoch=054 train_batch=389/389 running_loss=0.104208
2026-08-19 20:58:48 | INFO | epoch=054 train_loss=0.104208 validation_loss=0.163296
2026-08-19 20:58:48 | INFO | epoch=054 saved new best.pt
2026-08-19 20:58:48 | INFO | epoch=055 train_batch=10/389 running_loss=0.106222
2026-08-19 20:58:48 | INFO | epoch=055 train_batch=20/389 running_loss=0.103895
2026-08-19 20:58:49 | INFO | epoch=055 train_batch=30/389 running_loss=0.105897
2026-08-19 20:58:49 | INFO | epoch=055 train_batch=40/389 running_loss=0.105546
2026-08-19 20:58:49 | INFO | epoch=055 train_batch=50/389 running_loss=0.106140
2026-08-19 20:58:50 | INFO | epoch=055 train_batch=60/389 running_loss=0.105093
2026-08-19 20:58:50 | INFO | epoch=055 train_batch=70/389 running_loss=0.105341
2026-08-19 20:58:50 | INFO | epoch=055 train_batch=80/389 running_loss=0.105558
2026-08-19 20:58:51 | INFO | epoch=055 train_batch=90/389 running_loss=0.105062
2026-08-19 20:58:51 | INFO | epoch=055 train_batch=100/389 running_loss=0.104488
2026-08-19 20:58:52 | INFO | epoch=055 train_batch=110/389 running_loss=0.104350
2026-08-19 20:58:52 | INFO | epoch=055 train_batch=120/389 running_loss=0.104962
2026-08-19 20:58:52 | INFO | epoch=055 train_batch=130/389 running_loss=0.104958
2026-08-19 20:58:53 | INFO | epoch=055 train_batch=140/389 running_loss=0.104818
2026-08-19 20:58:53 | INFO | epoch=055 train_batch=150/389 running_loss=0.104620
2026-08-19 20:58:53 | INFO | epoch=055 train_batch=160/389 running_loss=0.105143
2026-08-19 20:58:54 | INFO | epoch=055 train_batch=170/389 running_loss=0.105244
2026-08-19 20:58:54 | INFO | epoch=055 train_batch=180/389 running_loss=0.104818
2026-08-19 20:58:54 | INFO | epoch=055 train_batch=190/389 running_loss=0.104753
2026-08-19 20:58:55 | INFO | epoch=055 train_batch=200/389 running_loss=0.104816
2026-08-19 20:58:55 | INFO | epoch=055 train_batch=210/389 running_loss=0.104472
2026-08-19 20:58:55 | INFO | epoch=055 train_batch=220/389 running_loss=0.104472
2026-08-19 20:58:56 | INFO | epoch=055 train_batch=230/389 running_loss=0.104341
2026-08-19 20:58:56 | INFO | epoch=055 train_batch=240/389 running_loss=0.104185
2026-08-19 20:58:56 | INFO | epoch=055 train_batch=250/389 running_loss=0.104564
2026-08-19 20:58:57 | INFO | epoch=055 train_batch=260/389 running_loss=0.104536
2026-08-19 20:58:57 | INFO | epoch=055 train_batch=270/389 running_loss=0.104425
2026-08-19 20:58:57 | INFO | epoch=055 train_batch=280/389 running_loss=0.104438
2026-08-19 20:58:58 | INFO | epoch=055 train_batch=290/389 running_loss=0.104407
2026-08-19 20:58:58 | INFO | epoch=055 train_batch=300/389 running_loss=0.104483
2026-08-19 20:58:58 | INFO | epoch=055 train_batch=310/389 running_loss=0.104435
2026-08-19 20:58:59 | INFO | epoch=055 train_batch=320/389 running_loss=0.104595
2026-08-19 20:58:59 | INFO | epoch=055 train_batch=330/389 running_loss=0.104936
2026-08-19 20:58:59 | INFO | epoch=055 train_batch=340/389 running_loss=0.104820
2026-08-19 20:59:00 | INFO | epoch=055 train_batch=350/389 running_loss=0.104735
2026-08-19 20:59:00 | INFO | epoch=055 train_batch=360/389 running_loss=0.104672
2026-08-19 20:59:00 | INFO | epoch=055 train_batch=370/389 running_loss=0.104607
2026-08-19 20:59:01 | INFO | epoch=055 train_batch=380/389 running_loss=0.104606
2026-08-19 20:59:01 | INFO | epoch=055 train_batch=389/389 running_loss=0.104759
2026-08-19 20:59:02 | INFO | epoch=055 train_loss=0.104759 validation_loss=0.164406
2026-08-19 20:59:02 | INFO | epoch=056 train_batch=10/389 running_loss=0.102377
2026-08-19 20:59:03 | INFO | epoch=056 train_batch=20/389 running_loss=0.108426
2026-08-19 20:59:03 | INFO | epoch=056 train_batch=30/389 running_loss=0.106444
2026-08-19 20:59:03 | INFO | epoch=056 train_batch=40/389 running_loss=0.105904
2026-08-19 20:59:04 | INFO | epoch=056 train_batch=50/389 running_loss=0.103780
2026-08-19 20:59:04 | INFO | epoch=056 train_batch=60/389 running_loss=0.102929
2026-08-19 20:59:05 | INFO | epoch=056 train_batch=70/389 running_loss=0.103604
2026-08-19 20:59:05 | INFO | epoch=056 train_batch=80/389 running_loss=0.103635
2026-08-19 20:59:05 | INFO | epoch=056 train_batch=90/389 running_loss=0.104262
2026-08-19 20:59:06 | INFO | epoch=056 train_batch=100/389 running_loss=0.103885
2026-08-19 20:59:06 | INFO | epoch=056 train_batch=110/389 running_loss=0.103869
2026-08-19 20:59:06 | INFO | epoch=056 train_batch=120/389 running_loss=0.103786
2026-08-19 20:59:07 | INFO | epoch=056 train_batch=130/389 running_loss=0.103985
2026-08-19 20:59:07 | INFO | epoch=056 train_batch=140/389 running_loss=0.103733
2026-08-19 20:59:07 | INFO | epoch=056 train_batch=150/389 running_loss=0.103494
2026-08-19 20:59:08 | INFO | epoch=056 train_batch=160/389 running_loss=0.103731
2026-08-19 20:59:08 | INFO | epoch=056 train_batch=170/389 running_loss=0.103686
2026-08-19 20:59:08 | INFO | epoch=056 train_batch=180/389 running_loss=0.103621
2026-08-19 20:59:09 | INFO | epoch=056 train_batch=190/389 running_loss=0.103440
2026-08-19 20:59:09 | INFO | epoch=056 train_batch=200/389 running_loss=0.103159
2026-08-19 20:59:09 | INFO | epoch=056 train_batch=210/389 running_loss=0.103516
2026-08-19 20:59:10 | INFO | epoch=056 train_batch=220/389 running_loss=0.103710
2026-08-19 20:59:10 | INFO | epoch=056 train_batch=230/389 running_loss=0.103583
2026-08-19 20:59:10 | INFO | epoch=056 train_batch=240/389 running_loss=0.103577
2026-08-19 20:59:11 | INFO | epoch=056 train_batch=250/389 running_loss=0.103593
2026-08-19 20:59:11 | INFO | epoch=056 train_batch=260/389 running_loss=0.103709
2026-08-19 20:59:11 | INFO | epoch=056 train_batch=270/389 running_loss=0.103795
2026-08-19 20:59:12 | INFO | epoch=056 train_batch=280/389 running_loss=0.103817
2026-08-19 20:59:12 | INFO | epoch=056 train_batch=290/389 running_loss=0.103635
2026-08-19 20:59:12 | INFO | epoch=056 train_batch=300/389 running_loss=0.103613
2026-08-19 20:59:13 | INFO | epoch=056 train_batch=310/389 running_loss=0.103679
2026-08-19 20:59:13 | INFO | epoch=056 train_batch=320/389 running_loss=0.103591
2026-08-19 20:59:13 | INFO | epoch=056 train_batch=330/389 running_loss=0.103482
2026-08-19 20:59:14 | INFO | epoch=056 train_batch=340/389 running_loss=0.103566
2026-08-19 20:59:14 | INFO | epoch=056 train_batch=350/389 running_loss=0.103524
2026-08-19 20:59:14 | INFO | epoch=056 train_batch=360/389 running_loss=0.103505
2026-08-19 20:59:15 | INFO | epoch=056 train_batch=370/389 running_loss=0.103538
2026-08-19 20:59:15 | INFO | epoch=056 train_batch=380/389 running_loss=0.103697
2026-08-19 20:59:15 | INFO | epoch=056 train_batch=389/389 running_loss=0.103605
2026-08-19 20:59:16 | INFO | epoch=056 train_loss=0.103605 validation_loss=0.163615
2026-08-19 20:59:17 | INFO | epoch=057 train_batch=10/389 running_loss=0.105328
2026-08-19 20:59:17 | INFO | epoch=057 train_batch=20/389 running_loss=0.106714
2026-08-19 20:59:17 | INFO | epoch=057 train_batch=30/389 running_loss=0.106817
2026-08-19 20:59:18 | INFO | epoch=057 train_batch=40/389 running_loss=0.107678
2026-08-19 20:59:18 | INFO | epoch=057 train_batch=50/389 running_loss=0.105301
2026-08-19 20:59:19 | INFO | epoch=057 train_batch=60/389 running_loss=0.105734
2026-08-19 20:59:19 | INFO | epoch=057 train_batch=70/389 running_loss=0.105512
2026-08-19 20:59:19 | INFO | epoch=057 train_batch=80/389 running_loss=0.105403
2026-08-19 20:59:20 | INFO | epoch=057 train_batch=90/389 running_loss=0.105387
2026-08-19 20:59:20 | INFO | epoch=057 train_batch=100/389 running_loss=0.105699
2026-08-19 20:59:20 | INFO | epoch=057 train_batch=110/389 running_loss=0.105723
2026-08-19 20:59:21 | INFO | epoch=057 train_batch=120/389 running_loss=0.105356
2026-08-19 20:59:21 | INFO | epoch=057 train_batch=130/389 running_loss=0.105421
2026-08-19 20:59:21 | INFO | epoch=057 train_batch=140/389 running_loss=0.104762
2026-08-19 20:59:22 | INFO | epoch=057 train_batch=150/389 running_loss=0.105032
2026-08-19 20:59:22 | INFO | epoch=057 train_batch=160/389 running_loss=0.104636
2026-08-19 20:59:22 | INFO | epoch=057 train_batch=170/389 running_loss=0.104639
2026-08-19 20:59:23 | INFO | epoch=057 train_batch=180/389 running_loss=0.104559
2026-08-19 20:59:23 | INFO | epoch=057 train_batch=190/389 running_loss=0.104485
2026-08-19 20:59:23 | INFO | epoch=057 train_batch=200/389 running_loss=0.104563
2026-08-19 20:59:24 | INFO | epoch=057 train_batch=210/389 running_loss=0.104512
2026-08-19 20:59:24 | INFO | epoch=057 train_batch=220/389 running_loss=0.104702
2026-08-19 20:59:24 | INFO | epoch=057 train_batch=230/389 running_loss=0.104588
2026-08-19 20:59:25 | INFO | epoch=057 train_batch=240/389 running_loss=0.104499
2026-08-19 20:59:25 | INFO | epoch=057 train_batch=250/389 running_loss=0.104512
2026-08-19 20:59:25 | INFO | epoch=057 train_batch=260/389 running_loss=0.104390
2026-08-19 20:59:26 | INFO | epoch=057 train_batch=270/389 running_loss=0.104470
2026-08-19 20:59:26 | INFO | epoch=057 train_batch=280/389 running_loss=0.104341
2026-08-19 20:59:26 | INFO | epoch=057 train_batch=290/389 running_loss=0.104074
2026-08-19 20:59:27 | INFO | epoch=057 train_batch=300/389 running_loss=0.104066
2026-08-19 20:59:27 | INFO | epoch=057 train_batch=310/389 running_loss=0.103827
2026-08-19 20:59:27 | INFO | epoch=057 train_batch=320/389 running_loss=0.103521
2026-08-19 20:59:28 | INFO | epoch=057 train_batch=330/389 running_loss=0.103618
2026-08-19 20:59:28 | INFO | epoch=057 train_batch=340/389 running_loss=0.103570
2026-08-19 20:59:28 | INFO | epoch=057 train_batch=350/389 running_loss=0.103719
2026-08-19 20:59:29 | INFO | epoch=057 train_batch=360/389 running_loss=0.103562
2026-08-19 20:59:29 | INFO | epoch=057 train_batch=370/389 running_loss=0.103736
2026-08-19 20:59:29 | INFO | epoch=057 train_batch=380/389 running_loss=0.103724
2026-08-19 20:59:30 | INFO | epoch=057 train_batch=389/389 running_loss=0.103844
2026-08-19 20:59:31 | INFO | epoch=057 train_loss=0.103844 validation_loss=0.161630
2026-08-19 20:59:31 | INFO | epoch=057 saved new best.pt
2026-08-19 20:59:31 | INFO | epoch=058 train_batch=10/389 running_loss=0.104720
2026-08-19 20:59:31 | INFO | epoch=058 train_batch=20/389 running_loss=0.105268
2026-08-19 20:59:32 | INFO | epoch=058 train_batch=30/389 running_loss=0.102059
2026-08-19 20:59:32 | INFO | epoch=058 train_batch=40/389 running_loss=0.102039
2026-08-19 20:59:32 | INFO | epoch=058 train_batch=50/389 running_loss=0.101026
2026-08-19 20:59:33 | INFO | epoch=058 train_batch=60/389 running_loss=0.101554
2026-08-19 20:59:33 | INFO | epoch=058 train_batch=70/389 running_loss=0.102698
2026-08-19 20:59:33 | INFO | epoch=058 train_batch=80/389 running_loss=0.102857
2026-08-19 20:59:34 | INFO | epoch=058 train_batch=90/389 running_loss=0.103949
2026-08-19 20:59:34 | INFO | epoch=058 train_batch=100/389 running_loss=0.103608
2026-08-19 20:59:35 | INFO | epoch=058 train_batch=110/389 running_loss=0.103653
2026-08-19 20:59:35 | INFO | epoch=058 train_batch=120/389 running_loss=0.103745
2026-08-19 20:59:35 | INFO | epoch=058 train_batch=130/389 running_loss=0.103512
2026-08-19 20:59:36 | INFO | epoch=058 train_batch=140/389 running_loss=0.102970
2026-08-19 20:59:36 | INFO | epoch=058 train_batch=150/389 running_loss=0.102830
2026-08-19 20:59:36 | INFO | epoch=058 train_batch=160/389 running_loss=0.102675
2026-08-19 20:59:37 | INFO | epoch=058 train_batch=170/389 running_loss=0.103053
2026-08-19 20:59:37 | INFO | epoch=058 train_batch=180/389 running_loss=0.103363
2026-08-19 20:59:37 | INFO | epoch=058 train_batch=190/389 running_loss=0.103759
2026-08-19 20:59:38 | INFO | epoch=058 train_batch=200/389 running_loss=0.104049
2026-08-19 20:59:38 | INFO | epoch=058 train_batch=210/389 running_loss=0.104208
2026-08-19 20:59:38 | INFO | epoch=058 train_batch=220/389 running_loss=0.103982
2026-08-19 20:59:39 | INFO | epoch=058 train_batch=230/389 running_loss=0.104216
2026-08-19 20:59:39 | INFO | epoch=058 train_batch=240/389 running_loss=0.104298
2026-08-19 20:59:39 | INFO | epoch=058 train_batch=250/389 running_loss=0.104675
2026-08-19 20:59:40 | INFO | epoch=058 train_batch=260/389 running_loss=0.104378
2026-08-19 20:59:40 | INFO | epoch=058 train_batch=270/389 running_loss=0.104210
2026-08-19 20:59:40 | INFO | epoch=058 train_batch=280/389 running_loss=0.104195
2026-08-19 20:59:41 | INFO | epoch=058 train_batch=290/389 running_loss=0.104091
2026-08-19 20:59:41 | INFO | epoch=058 train_batch=300/389 running_loss=0.103864
2026-08-19 20:59:41 | INFO | epoch=058 train_batch=310/389 running_loss=0.103873
2026-08-19 20:59:42 | INFO | epoch=058 train_batch=320/389 running_loss=0.103652
2026-08-19 20:59:42 | INFO | epoch=058 train_batch=330/389 running_loss=0.103559
2026-08-19 20:59:42 | INFO | epoch=058 train_batch=340/389 running_loss=0.103459
2026-08-19 20:59:43 | INFO | epoch=058 train_batch=350/389 running_loss=0.103591
2026-08-19 20:59:43 | INFO | epoch=058 train_batch=360/389 running_loss=0.103433
2026-08-19 20:59:43 | INFO | epoch=058 train_batch=370/389 running_loss=0.103424
2026-08-19 20:59:44 | INFO | epoch=058 train_batch=380/389 running_loss=0.103268
2026-08-19 20:59:44 | INFO | epoch=058 train_batch=389/389 running_loss=0.103204
2026-08-19 20:59:45 | INFO | epoch=058 train_loss=0.103204 validation_loss=0.162257
2026-08-19 20:59:45 | INFO | epoch=059 train_batch=10/389 running_loss=0.100028
2026-08-19 20:59:46 | INFO | epoch=059 train_batch=20/389 running_loss=0.102077
2026-08-19 20:59:46 | INFO | epoch=059 train_batch=30/389 running_loss=0.101313
2026-08-19 20:59:46 | INFO | epoch=059 train_batch=40/389 running_loss=0.099914
2026-08-19 20:59:47 | INFO | epoch=059 train_batch=50/389 running_loss=0.098651
2026-08-19 20:59:47 | INFO | epoch=059 train_batch=60/389 running_loss=0.099278
2026-08-19 20:59:47 | INFO | epoch=059 train_batch=70/389 running_loss=0.099326
2026-08-19 20:59:48 | INFO | epoch=059 train_batch=80/389 running_loss=0.099556
2026-08-19 20:59:48 | INFO | epoch=059 train_batch=90/389 running_loss=0.099330
2026-08-19 20:59:48 | INFO | epoch=059 train_batch=100/389 running_loss=0.100233
2026-08-19 20:59:49 | INFO | epoch=059 train_batch=110/389 running_loss=0.100166
2026-08-19 20:59:49 | INFO | epoch=059 train_batch=120/389 running_loss=0.100288
2026-08-19 20:59:49 | INFO | epoch=059 train_batch=130/389 running_loss=0.100335
2026-08-19 20:59:50 | INFO | epoch=059 train_batch=140/389 running_loss=0.100959
2026-08-19 20:59:50 | INFO | epoch=059 train_batch=150/389 running_loss=0.101038
2026-08-19 20:59:50 | INFO | epoch=059 train_batch=160/389 running_loss=0.100923
2026-08-19 20:59:51 | INFO | epoch=059 train_batch=170/389 running_loss=0.100976
2026-08-19 20:59:51 | INFO | epoch=059 train_batch=180/389 running_loss=0.101485
2026-08-19 20:59:51 | INFO | epoch=059 train_batch=190/389 running_loss=0.101898
2026-08-19 20:59:52 | INFO | epoch=059 train_batch=200/389 running_loss=0.101978
2026-08-19 20:59:52 | INFO | epoch=059 train_batch=210/389 running_loss=0.102202
2026-08-19 20:59:53 | INFO | epoch=059 train_batch=220/389 running_loss=0.102028
2026-08-19 20:59:53 | INFO | epoch=059 train_batch=230/389 running_loss=0.102044
2026-08-19 20:59:53 | INFO | epoch=059 train_batch=240/389 running_loss=0.102137
2026-08-19 20:59:54 | INFO | epoch=059 train_batch=250/389 running_loss=0.102235
2026-08-19 20:59:54 | INFO | epoch=059 train_batch=260/389 running_loss=0.102263
2026-08-19 20:59:54 | INFO | epoch=059 train_batch=270/389 running_loss=0.102564
2026-08-19 20:59:55 | INFO | epoch=059 train_batch=280/389 running_loss=0.102497
2026-08-19 20:59:55 | INFO | epoch=059 train_batch=290/389 running_loss=0.102605
2026-08-19 20:59:55 | INFO | epoch=059 train_batch=300/389 running_loss=0.102692
2026-08-19 20:59:56 | INFO | epoch=059 train_batch=310/389 running_loss=0.102543
2026-08-19 20:59:56 | INFO | epoch=059 train_batch=320/389 running_loss=0.102525
2026-08-19 20:59:56 | INFO | epoch=059 train_batch=330/389 running_loss=0.102378
2026-08-19 20:59:57 | INFO | epoch=059 train_batch=340/389 running_loss=0.102365
2026-08-19 20:59:57 | INFO | epoch=059 train_batch=350/389 running_loss=0.102205
2026-08-19 20:59:57 | INFO | epoch=059 train_batch=360/389 running_loss=0.102528
2026-08-19 20:59:58 | INFO | epoch=059 train_batch=370/389 running_loss=0.102461
2026-08-19 20:59:58 | INFO | epoch=059 train_batch=380/389 running_loss=0.102483
2026-08-19 20:59:58 | INFO | epoch=059 train_batch=389/389 running_loss=0.102399
2026-08-19 20:59:59 | INFO | epoch=059 train_loss=0.102399 validation_loss=0.168172
2026-08-19 21:00:00 | INFO | epoch=060 train_batch=10/389 running_loss=0.101041
2026-08-19 21:00:00 | INFO | epoch=060 train_batch=20/389 running_loss=0.097267
2026-08-19 21:00:00 | INFO | epoch=060 train_batch=30/389 running_loss=0.100286
2026-08-19 21:00:01 | INFO | epoch=060 train_batch=40/389 running_loss=0.101632
2026-08-19 21:00:01 | INFO | epoch=060 train_batch=50/389 running_loss=0.101755
2026-08-19 21:00:01 | INFO | epoch=060 train_batch=60/389 running_loss=0.102674
2026-08-19 21:00:02 | INFO | epoch=060 train_batch=70/389 running_loss=0.102345
2026-08-19 21:00:02 | INFO | epoch=060 train_batch=80/389 running_loss=0.102417
2026-08-19 21:00:02 | INFO | epoch=060 train_batch=90/389 running_loss=0.102109
2026-08-19 21:00:03 | INFO | epoch=060 train_batch=100/389 running_loss=0.101875
2026-08-19 21:00:03 | INFO | epoch=060 train_batch=110/389 running_loss=0.102193
2026-08-19 21:00:03 | INFO | epoch=060 train_batch=120/389 running_loss=0.102338
2026-08-19 21:00:04 | INFO | epoch=060 train_batch=130/389 running_loss=0.102616
2026-08-19 21:00:04 | INFO | epoch=060 train_batch=140/389 running_loss=0.102240
2026-08-19 21:00:04 | INFO | epoch=060 train_batch=150/389 running_loss=0.102476
2026-08-19 21:00:05 | INFO | epoch=060 train_batch=160/389 running_loss=0.102412
2026-08-19 21:00:05 | INFO | epoch=060 train_batch=170/389 running_loss=0.102473
2026-08-19 21:00:05 | INFO | epoch=060 train_batch=180/389 running_loss=0.102692
2026-08-19 21:00:06 | INFO | epoch=060 train_batch=190/389 running_loss=0.102617
2026-08-19 21:00:06 | INFO | epoch=060 train_batch=200/389 running_loss=0.102374
2026-08-19 21:00:06 | INFO | epoch=060 train_batch=210/389 running_loss=0.102673
2026-08-19 21:00:07 | INFO | epoch=060 train_batch=220/389 running_loss=0.102560
2026-08-19 21:00:07 | INFO | epoch=060 train_batch=230/389 running_loss=0.102283
2026-08-19 21:00:08 | INFO | epoch=060 train_batch=240/389 running_loss=0.102265
2026-08-19 21:00:08 | INFO | epoch=060 train_batch=250/389 running_loss=0.102406
2026-08-19 21:00:08 | INFO | epoch=060 train_batch=260/389 running_loss=0.102696
2026-08-19 21:00:09 | INFO | epoch=060 train_batch=270/389 running_loss=0.103039
2026-08-19 21:00:09 | INFO | epoch=060 train_batch=280/389 running_loss=0.102904
2026-08-19 21:00:09 | INFO | epoch=060 train_batch=290/389 running_loss=0.102871
2026-08-19 21:00:10 | INFO | epoch=060 train_batch=300/389 running_loss=0.102773
2026-08-19 21:00:10 | INFO | epoch=060 train_batch=310/389 running_loss=0.102502
2026-08-19 21:00:10 | INFO | epoch=060 train_batch=320/389 running_loss=0.102734
2026-08-19 21:00:11 | INFO | epoch=060 train_batch=330/389 running_loss=0.102792
2026-08-19 21:00:11 | INFO | epoch=060 train_batch=340/389 running_loss=0.102696
2026-08-19 21:00:11 | INFO | epoch=060 train_batch=350/389 running_loss=0.102861
2026-08-19 21:00:12 | INFO | epoch=060 train_batch=360/389 running_loss=0.102985
2026-08-19 21:00:12 | INFO | epoch=060 train_batch=370/389 running_loss=0.102939
2026-08-19 21:00:12 | INFO | epoch=060 train_batch=380/389 running_loss=0.103130
2026-08-19 21:00:13 | INFO | epoch=060 train_batch=389/389 running_loss=0.103038
2026-08-19 21:00:14 | INFO | epoch=060 train_loss=0.103038 validation_loss=0.164346
2026-08-19 21:00:14 | INFO | epoch=061 train_batch=10/389 running_loss=0.101855
2026-08-19 21:00:14 | INFO | epoch=061 train_batch=20/389 running_loss=0.104260
2026-08-19 21:00:15 | INFO | epoch=061 train_batch=30/389 running_loss=0.101775
2026-08-19 21:00:15 | INFO | epoch=061 train_batch=40/389 running_loss=0.102052
2026-08-19 21:00:15 | INFO | epoch=061 train_batch=50/389 running_loss=0.102184
2026-08-19 21:00:16 | INFO | epoch=061 train_batch=60/389 running_loss=0.101199
2026-08-19 21:00:16 | INFO | epoch=061 train_batch=70/389 running_loss=0.100956
2026-08-19 21:00:16 | INFO | epoch=061 train_batch=80/389 running_loss=0.101050
2026-08-19 21:00:17 | INFO | epoch=061 train_batch=90/389 running_loss=0.100809
2026-08-19 21:00:17 | INFO | epoch=061 train_batch=100/389 running_loss=0.101192
2026-08-19 21:00:17 | INFO | epoch=061 train_batch=110/389 running_loss=0.100660
2026-08-19 21:00:18 | INFO | epoch=061 train_batch=120/389 running_loss=0.101090
2026-08-19 21:00:18 | INFO | epoch=061 train_batch=130/389 running_loss=0.101577
2026-08-19 21:00:18 | INFO | epoch=061 train_batch=140/389 running_loss=0.101686
2026-08-19 21:00:19 | INFO | epoch=061 train_batch=150/389 running_loss=0.101317
2026-08-19 21:00:19 | INFO | epoch=061 train_batch=160/389 running_loss=0.101502
2026-08-19 21:00:20 | INFO | epoch=061 train_batch=170/389 running_loss=0.101549
2026-08-19 21:00:20 | INFO | epoch=061 train_batch=180/389 running_loss=0.101816
2026-08-19 21:00:20 | INFO | epoch=061 train_batch=190/389 running_loss=0.101756
2026-08-19 21:00:21 | INFO | epoch=061 train_batch=200/389 running_loss=0.101883
2026-08-19 21:00:21 | INFO | epoch=061 train_batch=210/389 running_loss=0.102504
2026-08-19 21:00:21 | INFO | epoch=061 train_batch=220/389 running_loss=0.102546
2026-08-19 21:00:22 | INFO | epoch=061 train_batch=230/389 running_loss=0.102373
2026-08-19 21:00:22 | INFO | epoch=061 train_batch=240/389 running_loss=0.102543
2026-08-19 21:00:22 | INFO | epoch=061 train_batch=250/389 running_loss=0.102550
2026-08-19 21:00:23 | INFO | epoch=061 train_batch=260/389 running_loss=0.102647
2026-08-19 21:00:23 | INFO | epoch=061 train_batch=270/389 running_loss=0.102579
2026-08-19 21:00:23 | INFO | epoch=061 train_batch=280/389 running_loss=0.102638
2026-08-19 21:00:24 | INFO | epoch=061 train_batch=290/389 running_loss=0.102679
2026-08-19 21:00:24 | INFO | epoch=061 train_batch=300/389 running_loss=0.102530
2026-08-19 21:00:24 | INFO | epoch=061 train_batch=310/389 running_loss=0.102357
2026-08-19 21:00:25 | INFO | epoch=061 train_batch=320/389 running_loss=0.102286
2026-08-19 21:00:25 | INFO | epoch=061 train_batch=330/389 running_loss=0.102235
2026-08-19 21:00:25 | INFO | epoch=061 train_batch=340/389 running_loss=0.102227
2026-08-19 21:00:26 | INFO | epoch=061 train_batch=350/389 running_loss=0.102181
2026-08-19 21:00:26 | INFO | epoch=061 train_batch=360/389 running_loss=0.102250
2026-08-19 21:00:26 | INFO | epoch=061 train_batch=370/389 running_loss=0.102179
2026-08-19 21:00:27 | INFO | epoch=061 train_batch=380/389 running_loss=0.102252
2026-08-19 21:00:27 | INFO | epoch=061 train_batch=389/389 running_loss=0.102307
2026-08-19 21:00:28 | INFO | epoch=061 train_loss=0.102307 validation_loss=0.164208
2026-08-19 21:00:28 | INFO | epoch=062 train_batch=10/389 running_loss=0.101611
2026-08-19 21:00:29 | INFO | epoch=062 train_batch=20/389 running_loss=0.101030
2026-08-19 21:00:29 | INFO | epoch=062 train_batch=30/389 running_loss=0.102971
2026-08-19 21:00:29 | INFO | epoch=062 train_batch=40/389 running_loss=0.104043
2026-08-19 21:00:30 | INFO | epoch=062 train_batch=50/389 running_loss=0.102464
2026-08-19 21:00:30 | INFO | epoch=062 train_batch=60/389 running_loss=0.102765
2026-08-19 21:00:30 | INFO | epoch=062 train_batch=70/389 running_loss=0.102022
2026-08-19 21:00:31 | INFO | epoch=062 train_batch=80/389 running_loss=0.101482
2026-08-19 21:00:31 | INFO | epoch=062 train_batch=90/389 running_loss=0.101257
2026-08-19 21:00:31 | INFO | epoch=062 train_batch=100/389 running_loss=0.101025
2026-08-19 21:00:32 | INFO | epoch=062 train_batch=110/389 running_loss=0.101128
2026-08-19 21:00:32 | INFO | epoch=062 train_batch=120/389 running_loss=0.101229
2026-08-19 21:00:33 | INFO | epoch=062 train_batch=130/389 running_loss=0.101568
2026-08-19 21:00:33 | INFO | epoch=062 train_batch=140/389 running_loss=0.101163
2026-08-19 21:00:33 | INFO | epoch=062 train_batch=150/389 running_loss=0.101155
2026-08-19 21:00:34 | INFO | epoch=062 train_batch=160/389 running_loss=0.101663
2026-08-19 21:00:34 | INFO | epoch=062 train_batch=170/389 running_loss=0.102116
2026-08-19 21:00:34 | INFO | epoch=062 train_batch=180/389 running_loss=0.101963
2026-08-19 21:00:35 | INFO | epoch=062 train_batch=190/389 running_loss=0.101995
2026-08-19 21:00:35 | INFO | epoch=062 train_batch=200/389 running_loss=0.101755
2026-08-19 21:00:35 | INFO | epoch=062 train_batch=210/389 running_loss=0.101801
2026-08-19 21:00:36 | INFO | epoch=062 train_batch=220/389 running_loss=0.102118
2026-08-19 21:00:36 | INFO | epoch=062 train_batch=230/389 running_loss=0.102018
2026-08-19 21:00:36 | INFO | epoch=062 train_batch=240/389 running_loss=0.102301
2026-08-19 21:00:37 | INFO | epoch=062 train_batch=250/389 running_loss=0.102306
2026-08-19 21:00:37 | INFO | epoch=062 train_batch=260/389 running_loss=0.102376
2026-08-19 21:00:37 | INFO | epoch=062 train_batch=270/389 running_loss=0.102064
2026-08-19 21:00:38 | INFO | epoch=062 train_batch=280/389 running_loss=0.102151
2026-08-19 21:00:38 | INFO | epoch=062 train_batch=290/389 running_loss=0.102257
2026-08-19 21:00:39 | INFO | epoch=062 train_batch=300/389 running_loss=0.102134
2026-08-19 21:00:39 | INFO | epoch=062 train_batch=310/389 running_loss=0.102265
2026-08-19 21:00:39 | INFO | epoch=062 train_batch=320/389 running_loss=0.102137
2026-08-19 21:00:40 | INFO | epoch=062 train_batch=330/389 running_loss=0.102169
2026-08-19 21:00:40 | INFO | epoch=062 train_batch=340/389 running_loss=0.102242
2026-08-19 21:00:40 | INFO | epoch=062 train_batch=350/389 running_loss=0.102153
2026-08-19 21:00:41 | INFO | epoch=062 train_batch=360/389 running_loss=0.102082
2026-08-19 21:00:41 | INFO | epoch=062 train_batch=370/389 running_loss=0.102066
2026-08-19 21:00:41 | INFO | epoch=062 train_batch=380/389 running_loss=0.101936
2026-08-19 21:00:42 | INFO | epoch=062 train_batch=389/389 running_loss=0.101967
2026-08-19 21:00:43 | INFO | epoch=062 train_loss=0.101967 validation_loss=0.163829
2026-08-19 21:00:43 | INFO | epoch=063 train_batch=10/389 running_loss=0.101061
2026-08-19 21:00:43 | INFO | epoch=063 train_batch=20/389 running_loss=0.103121
2026-08-19 21:00:44 | INFO | epoch=063 train_batch=30/389 running_loss=0.103370
2026-08-19 21:00:44 | INFO | epoch=063 train_batch=40/389 running_loss=0.102496
2026-08-19 21:00:44 | INFO | epoch=063 train_batch=50/389 running_loss=0.102147
2026-08-19 21:00:45 | INFO | epoch=063 train_batch=60/389 running_loss=0.101838
2026-08-19 21:00:45 | INFO | epoch=063 train_batch=70/389 running_loss=0.102024
2026-08-19 21:00:45 | INFO | epoch=063 train_batch=80/389 running_loss=0.101057
2026-08-19 21:00:46 | INFO | epoch=063 train_batch=90/389 running_loss=0.100846
2026-08-19 21:00:46 | INFO | epoch=063 train_batch=100/389 running_loss=0.100402
2026-08-19 21:00:46 | INFO | epoch=063 train_batch=110/389 running_loss=0.100495
2026-08-19 21:00:47 | INFO | epoch=063 train_batch=120/389 running_loss=0.100741
2026-08-19 21:00:47 | INFO | epoch=063 train_batch=130/389 running_loss=0.100491
2026-08-19 21:00:47 | INFO | epoch=063 train_batch=140/389 running_loss=0.101039
2026-08-19 21:00:48 | INFO | epoch=063 train_batch=150/389 running_loss=0.101293
2026-08-19 21:00:48 | INFO | epoch=063 train_batch=160/389 running_loss=0.101596
2026-08-19 21:00:49 | INFO | epoch=063 train_batch=170/389 running_loss=0.101253
2026-08-19 21:00:49 | INFO | epoch=063 train_batch=180/389 running_loss=0.101539
2026-08-19 21:00:49 | INFO | epoch=063 train_batch=190/389 running_loss=0.101349
2026-08-19 21:00:50 | INFO | epoch=063 train_batch=200/389 running_loss=0.101311
2026-08-19 21:00:50 | INFO | epoch=063 train_batch=210/389 running_loss=0.101380
2026-08-19 21:00:50 | INFO | epoch=063 train_batch=220/389 running_loss=0.101762
2026-08-19 21:00:51 | INFO | epoch=063 train_batch=230/389 running_loss=0.101658
2026-08-19 21:00:51 | INFO | epoch=063 train_batch=240/389 running_loss=0.101928
2026-08-19 21:00:51 | INFO | epoch=063 train_batch=250/389 running_loss=0.102134
2026-08-19 21:00:52 | INFO | epoch=063 train_batch=260/389 running_loss=0.102040
2026-08-19 21:00:52 | INFO | epoch=063 train_batch=270/389 running_loss=0.102305
2026-08-19 21:00:52 | INFO | epoch=063 train_batch=280/389 running_loss=0.102150
2026-08-19 21:00:53 | INFO | epoch=063 train_batch=290/389 running_loss=0.101907
2026-08-19 21:00:53 | INFO | epoch=063 train_batch=300/389 running_loss=0.101714
2026-08-19 21:00:53 | INFO | epoch=063 train_batch=310/389 running_loss=0.101572
2026-08-19 21:00:54 | INFO | epoch=063 train_batch=320/389 running_loss=0.101641
2026-08-19 21:00:54 | INFO | epoch=063 train_batch=330/389 running_loss=0.101789
2026-08-19 21:00:54 | INFO | epoch=063 train_batch=340/389 running_loss=0.101732
2026-08-19 21:00:55 | INFO | epoch=063 train_batch=350/389 running_loss=0.101601
2026-08-19 21:00:55 | INFO | epoch=063 train_batch=360/389 running_loss=0.101628
2026-08-19 21:00:55 | INFO | epoch=063 train_batch=370/389 running_loss=0.101723
2026-08-19 21:00:56 | INFO | epoch=063 train_batch=380/389 running_loss=0.101789
2026-08-19 21:00:56 | INFO | epoch=063 train_batch=389/389 running_loss=0.101735
2026-08-19 21:00:57 | INFO | epoch=063 train_loss=0.101735 validation_loss=0.164226
2026-08-19 21:00:57 | INFO | epoch=064 train_batch=10/389 running_loss=0.099381
2026-08-19 21:00:58 | INFO | epoch=064 train_batch=20/389 running_loss=0.097247
2026-08-19 21:00:58 | INFO | epoch=064 train_batch=30/389 running_loss=0.098330
2026-08-19 21:00:58 | INFO | epoch=064 train_batch=40/389 running_loss=0.100340
2026-08-19 21:00:59 | INFO | epoch=064 train_batch=50/389 running_loss=0.101187
2026-08-19 21:00:59 | INFO | epoch=064 train_batch=60/389 running_loss=0.102664
2026-08-19 21:00:59 | INFO | epoch=064 train_batch=70/389 running_loss=0.103542
2026-08-19 21:01:00 | INFO | epoch=064 train_batch=80/389 running_loss=0.102945
2026-08-19 21:01:00 | INFO | epoch=064 train_batch=90/389 running_loss=0.103011
2026-08-19 21:01:00 | INFO | epoch=064 train_batch=100/389 running_loss=0.102169
2026-08-19 21:01:01 | INFO | epoch=064 train_batch=110/389 running_loss=0.101398
2026-08-19 21:01:01 | INFO | epoch=064 train_batch=120/389 running_loss=0.101075
2026-08-19 21:01:02 | INFO | epoch=064 train_batch=130/389 running_loss=0.101258
2026-08-19 21:01:02 | INFO | epoch=064 train_batch=140/389 running_loss=0.101418
2026-08-19 21:01:02 | INFO | epoch=064 train_batch=150/389 running_loss=0.101379
2026-08-19 21:01:03 | INFO | epoch=064 train_batch=160/389 running_loss=0.101323
2026-08-19 21:01:03 | INFO | epoch=064 train_batch=170/389 running_loss=0.101197
2026-08-19 21:01:03 | INFO | epoch=064 train_batch=180/389 running_loss=0.100782
2026-08-19 21:01:04 | INFO | epoch=064 train_batch=190/389 running_loss=0.100757
2026-08-19 21:01:04 | INFO | epoch=064 train_batch=200/389 running_loss=0.100765
2026-08-19 21:01:04 | INFO | epoch=064 train_batch=210/389 running_loss=0.100999
2026-08-19 21:01:05 | INFO | epoch=064 train_batch=220/389 running_loss=0.100961
2026-08-19 21:01:05 | INFO | epoch=064 train_batch=230/389 running_loss=0.101127
2026-08-19 21:01:05 | INFO | epoch=064 train_batch=240/389 running_loss=0.101418
2026-08-19 21:01:06 | INFO | epoch=064 train_batch=250/389 running_loss=0.101597
2026-08-19 21:01:06 | INFO | epoch=064 train_batch=260/389 running_loss=0.101469
2026-08-19 21:01:06 | INFO | epoch=064 train_batch=270/389 running_loss=0.101492
2026-08-19 21:01:07 | INFO | epoch=064 train_batch=280/389 running_loss=0.101357
2026-08-19 21:01:07 | INFO | epoch=064 train_batch=290/389 running_loss=0.101366
2026-08-19 21:01:07 | INFO | epoch=064 train_batch=300/389 running_loss=0.101198
2026-08-19 21:01:08 | INFO | epoch=064 train_batch=310/389 running_loss=0.101240
2026-08-19 21:01:08 | INFO | epoch=064 train_batch=320/389 running_loss=0.101014
2026-08-19 21:01:08 | INFO | epoch=064 train_batch=330/389 running_loss=0.100899
2026-08-19 21:01:09 | INFO | epoch=064 train_batch=340/389 running_loss=0.100834
2026-08-19 21:01:09 | INFO | epoch=064 train_batch=350/389 running_loss=0.100901
2026-08-19 21:01:09 | INFO | epoch=064 train_batch=360/389 running_loss=0.100770
2026-08-19 21:01:10 | INFO | epoch=064 train_batch=370/389 running_loss=0.100866
2026-08-19 21:01:10 | INFO | epoch=064 train_batch=380/389 running_loss=0.100631
2026-08-19 21:01:10 | INFO | epoch=064 train_batch=389/389 running_loss=0.100701
2026-08-19 21:01:11 | INFO | epoch=064 train_loss=0.100701 validation_loss=0.161293
2026-08-19 21:01:11 | INFO | epoch=064 saved new best.pt
2026-08-19 21:01:12 | INFO | epoch=065 train_batch=10/389 running_loss=0.099404
2026-08-19 21:01:12 | INFO | epoch=065 train_batch=20/389 running_loss=0.097812
2026-08-19 21:01:12 | INFO | epoch=065 train_batch=30/389 running_loss=0.098506
2026-08-19 21:01:13 | INFO | epoch=065 train_batch=40/389 running_loss=0.100423
2026-08-19 21:01:13 | INFO | epoch=065 train_batch=50/389 running_loss=0.101925
2026-08-19 21:01:13 | INFO | epoch=065 train_batch=60/389 running_loss=0.101136
2026-08-19 21:01:14 | INFO | epoch=065 train_batch=70/389 running_loss=0.100815
2026-08-19 21:01:14 | INFO | epoch=065 train_batch=80/389 running_loss=0.101402
2026-08-19 21:01:14 | INFO | epoch=065 train_batch=90/389 running_loss=0.101079
2026-08-19 21:01:15 | INFO | epoch=065 train_batch=100/389 running_loss=0.100571
2026-08-19 21:01:15 | INFO | epoch=065 train_batch=110/389 running_loss=0.101211
2026-08-19 21:01:15 | INFO | epoch=065 train_batch=120/389 running_loss=0.101894
2026-08-19 21:01:16 | INFO | epoch=065 train_batch=130/389 running_loss=0.101752
2026-08-19 21:01:16 | INFO | epoch=065 train_batch=140/389 running_loss=0.102333
2026-08-19 21:01:16 | INFO | epoch=065 train_batch=150/389 running_loss=0.102120
2026-08-19 21:01:17 | INFO | epoch=065 train_batch=160/389 running_loss=0.101905
2026-08-19 21:01:17 | INFO | epoch=065 train_batch=170/389 running_loss=0.101727
2026-08-19 21:01:17 | INFO | epoch=065 train_batch=180/389 running_loss=0.101814
2026-08-19 21:01:18 | INFO | epoch=065 train_batch=190/389 running_loss=0.101614
2026-08-19 21:01:18 | INFO | epoch=065 train_batch=200/389 running_loss=0.101394
2026-08-19 21:01:18 | INFO | epoch=065 train_batch=210/389 running_loss=0.101456
2026-08-19 21:01:19 | INFO | epoch=065 train_batch=220/389 running_loss=0.101140
2026-08-19 21:01:19 | INFO | epoch=065 train_batch=230/389 running_loss=0.101308
2026-08-19 21:01:19 | INFO | epoch=065 train_batch=240/389 running_loss=0.101010
2026-08-19 21:01:20 | INFO | epoch=065 train_batch=250/389 running_loss=0.100934
2026-08-19 21:01:20 | INFO | epoch=065 train_batch=260/389 running_loss=0.100678
2026-08-19 21:01:20 | INFO | epoch=065 train_batch=270/389 running_loss=0.100518
2026-08-19 21:01:21 | INFO | epoch=065 train_batch=280/389 running_loss=0.100644
2026-08-19 21:01:21 | INFO | epoch=065 train_batch=290/389 running_loss=0.100497
2026-08-19 21:01:21 | INFO | epoch=065 train_batch=300/389 running_loss=0.100551
2026-08-19 21:01:22 | INFO | epoch=065 train_batch=310/389 running_loss=0.100659
2026-08-19 21:01:22 | INFO | epoch=065 train_batch=320/389 running_loss=0.100563
2026-08-19 21:01:23 | INFO | epoch=065 train_batch=330/389 running_loss=0.100369
2026-08-19 21:01:23 | INFO | epoch=065 train_batch=340/389 running_loss=0.100243
2026-08-19 21:01:23 | INFO | epoch=065 train_batch=350/389 running_loss=0.100434
2026-08-19 21:01:23 | INFO | epoch=065 train_batch=360/389 running_loss=0.100542
2026-08-19 21:01:24 | INFO | epoch=065 train_batch=370/389 running_loss=0.100674
2026-08-19 21:01:24 | INFO | epoch=065 train_batch=380/389 running_loss=0.100710
2026-08-19 21:01:24 | INFO | epoch=065 train_batch=389/389 running_loss=0.100845
2026-08-19 21:01:25 | INFO | epoch=065 train_loss=0.100845 validation_loss=0.165195
2026-08-19 21:01:26 | INFO | epoch=066 train_batch=10/389 running_loss=0.095952
2026-08-19 21:01:26 | INFO | epoch=066 train_batch=20/389 running_loss=0.099632
2026-08-19 21:01:26 | INFO | epoch=066 train_batch=30/389 running_loss=0.100127
2026-08-19 21:01:27 | INFO | epoch=066 train_batch=40/389 running_loss=0.100417
2026-08-19 21:01:27 | INFO | epoch=066 train_batch=50/389 running_loss=0.101010
2026-08-19 21:01:27 | INFO | epoch=066 train_batch=60/389 running_loss=0.100921
2026-08-19 21:01:28 | INFO | epoch=066 train_batch=70/389 running_loss=0.100356
2026-08-19 21:01:28 | INFO | epoch=066 train_batch=80/389 running_loss=0.100623
2026-08-19 21:01:28 | INFO | epoch=066 train_batch=90/389 running_loss=0.100765
2026-08-19 21:01:29 | INFO | epoch=066 train_batch=100/389 running_loss=0.100378
2026-08-19 21:01:29 | INFO | epoch=066 train_batch=110/389 running_loss=0.100735
2026-08-19 21:01:29 | INFO | epoch=066 train_batch=120/389 running_loss=0.100434
2026-08-19 21:01:30 | INFO | epoch=066 train_batch=130/389 running_loss=0.100595
2026-08-19 21:01:30 | INFO | epoch=066 train_batch=140/389 running_loss=0.100378
2026-08-19 21:01:30 | INFO | epoch=066 train_batch=150/389 running_loss=0.100912
2026-08-19 21:01:31 | INFO | epoch=066 train_batch=160/389 running_loss=0.101158
2026-08-19 21:01:31 | INFO | epoch=066 train_batch=170/389 running_loss=0.100735
2026-08-19 21:01:31 | INFO | epoch=066 train_batch=180/389 running_loss=0.100701
2026-08-19 21:01:32 | INFO | epoch=066 train_batch=190/389 running_loss=0.100605
2026-08-19 21:01:32 | INFO | epoch=066 train_batch=200/389 running_loss=0.100585
2026-08-19 21:01:32 | INFO | epoch=066 train_batch=210/389 running_loss=0.100526
2026-08-19 21:01:33 | INFO | epoch=066 train_batch=220/389 running_loss=0.100575
2026-08-19 21:01:33 | INFO | epoch=066 train_batch=230/389 running_loss=0.100948
2026-08-19 21:01:33 | INFO | epoch=066 train_batch=240/389 running_loss=0.100969
2026-08-19 21:01:34 | INFO | epoch=066 train_batch=250/389 running_loss=0.100901
2026-08-19 21:01:34 | INFO | epoch=066 train_batch=260/389 running_loss=0.100953
2026-08-19 21:01:34 | INFO | epoch=066 train_batch=270/389 running_loss=0.101076
2026-08-19 21:01:35 | INFO | epoch=066 train_batch=280/389 running_loss=0.101052
2026-08-19 21:01:35 | INFO | epoch=066 train_batch=290/389 running_loss=0.100943
2026-08-19 21:01:36 | INFO | epoch=066 train_batch=300/389 running_loss=0.101222
2026-08-19 21:01:36 | INFO | epoch=066 train_batch=310/389 running_loss=0.101333
2026-08-19 21:01:36 | INFO | epoch=066 train_batch=320/389 running_loss=0.101300
2026-08-19 21:01:37 | INFO | epoch=066 train_batch=330/389 running_loss=0.101357
2026-08-19 21:01:37 | INFO | epoch=066 train_batch=340/389 running_loss=0.101466
2026-08-19 21:01:37 | INFO | epoch=066 train_batch=350/389 running_loss=0.101278
2026-08-19 21:01:38 | INFO | epoch=066 train_batch=360/389 running_loss=0.101192
2026-08-19 21:01:38 | INFO | epoch=066 train_batch=370/389 running_loss=0.101052
2026-08-19 21:01:38 | INFO | epoch=066 train_batch=380/389 running_loss=0.101022
2026-08-19 21:01:39 | INFO | epoch=066 train_batch=389/389 running_loss=0.100986
2026-08-19 21:01:40 | INFO | epoch=066 train_loss=0.100986 validation_loss=0.160444
2026-08-19 21:01:40 | INFO | epoch=066 saved new best.pt
2026-08-19 21:01:40 | INFO | epoch=067 train_batch=10/389 running_loss=0.092316
2026-08-19 21:01:40 | INFO | epoch=067 train_batch=20/389 running_loss=0.099557
2026-08-19 21:01:41 | INFO | epoch=067 train_batch=30/389 running_loss=0.098398
2026-08-19 21:01:41 | INFO | epoch=067 train_batch=40/389 running_loss=0.098877
2026-08-19 21:01:41 | INFO | epoch=067 train_batch=50/389 running_loss=0.098380
2026-08-19 21:01:42 | INFO | epoch=067 train_batch=60/389 running_loss=0.099300
2026-08-19 21:01:42 | INFO | epoch=067 train_batch=70/389 running_loss=0.099887
2026-08-19 21:01:42 | INFO | epoch=067 train_batch=80/389 running_loss=0.101333
2026-08-19 21:01:43 | INFO | epoch=067 train_batch=90/389 running_loss=0.101004
2026-08-19 21:01:43 | INFO | epoch=067 train_batch=100/389 running_loss=0.101018
2026-08-19 21:01:43 | INFO | epoch=067 train_batch=110/389 running_loss=0.101552
2026-08-19 21:01:44 | INFO | epoch=067 train_batch=120/389 running_loss=0.101504
2026-08-19 21:01:44 | INFO | epoch=067 train_batch=130/389 running_loss=0.101629
2026-08-19 21:01:44 | INFO | epoch=067 train_batch=140/389 running_loss=0.101405
2026-08-19 21:01:45 | INFO | epoch=067 train_batch=150/389 running_loss=0.101046
2026-08-19 21:01:45 | INFO | epoch=067 train_batch=160/389 running_loss=0.100750
2026-08-19 21:01:45 | INFO | epoch=067 train_batch=170/389 running_loss=0.101126
2026-08-19 21:01:46 | INFO | epoch=067 train_batch=180/389 running_loss=0.101019
2026-08-19 21:01:46 | INFO | epoch=067 train_batch=190/389 running_loss=0.101161
2026-08-19 21:01:47 | INFO | epoch=067 train_batch=200/389 running_loss=0.101103
2026-08-19 21:01:47 | INFO | epoch=067 train_batch=210/389 running_loss=0.101130
2026-08-19 21:01:47 | INFO | epoch=067 train_batch=220/389 running_loss=0.101251
2026-08-19 21:01:48 | INFO | epoch=067 train_batch=230/389 running_loss=0.100960
2026-08-19 21:01:48 | INFO | epoch=067 train_batch=240/389 running_loss=0.101168
2026-08-19 21:01:48 | INFO | epoch=067 train_batch=250/389 running_loss=0.100929
2026-08-19 21:01:49 | INFO | epoch=067 train_batch=260/389 running_loss=0.100979
2026-08-19 21:01:49 | INFO | epoch=067 train_batch=270/389 running_loss=0.101038
2026-08-19 21:01:49 | INFO | epoch=067 train_batch=280/389 running_loss=0.100799
2026-08-19 21:01:50 | INFO | epoch=067 train_batch=290/389 running_loss=0.100849
2026-08-19 21:01:50 | INFO | epoch=067 train_batch=300/389 running_loss=0.101146
2026-08-19 21:01:50 | INFO | epoch=067 train_batch=310/389 running_loss=0.101089
2026-08-19 21:01:51 | INFO | epoch=067 train_batch=320/389 running_loss=0.101097
2026-08-19 21:01:51 | INFO | epoch=067 train_batch=330/389 running_loss=0.101019
2026-08-19 21:01:51 | INFO | epoch=067 train_batch=340/389 running_loss=0.101131
2026-08-19 21:01:52 | INFO | epoch=067 train_batch=350/389 running_loss=0.101218
2026-08-19 21:01:52 | INFO | epoch=067 train_batch=360/389 running_loss=0.101047
2026-08-19 21:01:52 | INFO | epoch=067 train_batch=370/389 running_loss=0.101011
2026-08-19 21:01:53 | INFO | epoch=067 train_batch=380/389 running_loss=0.101088
2026-08-19 21:01:53 | INFO | epoch=067 train_batch=389/389 running_loss=0.101027
2026-08-19 21:01:54 | INFO | epoch=067 train_loss=0.101027 validation_loss=0.161442
2026-08-19 21:01:54 | INFO | epoch=068 train_batch=10/389 running_loss=0.100800
2026-08-19 21:01:55 | INFO | epoch=068 train_batch=20/389 running_loss=0.103516
2026-08-19 21:01:55 | INFO | epoch=068 train_batch=30/389 running_loss=0.101920
2026-08-19 21:01:55 | INFO | epoch=068 train_batch=40/389 running_loss=0.102332
2026-08-19 21:01:56 | INFO | epoch=068 train_batch=50/389 running_loss=0.102111
2026-08-19 21:01:56 | INFO | epoch=068 train_batch=60/389 running_loss=0.101697
2026-08-19 21:01:56 | INFO | epoch=068 train_batch=70/389 running_loss=0.101790
2026-08-19 21:01:57 | INFO | epoch=068 train_batch=80/389 running_loss=0.101038
2026-08-19 21:01:57 | INFO | epoch=068 train_batch=90/389 running_loss=0.100990
2026-08-19 21:01:57 | INFO | epoch=068 train_batch=100/389 running_loss=0.100290
2026-08-19 21:01:58 | INFO | epoch=068 train_batch=110/389 running_loss=0.100237
2026-08-19 21:01:58 | INFO | epoch=068 train_batch=120/389 running_loss=0.099869
2026-08-19 21:01:58 | INFO | epoch=068 train_batch=130/389 running_loss=0.100127
2026-08-19 21:01:59 | INFO | epoch=068 train_batch=140/389 running_loss=0.100338
2026-08-19 21:01:59 | INFO | epoch=068 train_batch=150/389 running_loss=0.100479
2026-08-19 21:02:00 | INFO | epoch=068 train_batch=160/389 running_loss=0.100752
2026-08-19 21:02:00 | INFO | epoch=068 train_batch=170/389 running_loss=0.100625
2026-08-19 21:02:00 | INFO | epoch=068 train_batch=180/389 running_loss=0.100647
2026-08-19 21:02:01 | INFO | epoch=068 train_batch=190/389 running_loss=0.100304
2026-08-19 21:02:01 | INFO | epoch=068 train_batch=200/389 running_loss=0.100201
2026-08-19 21:02:01 | INFO | epoch=068 train_batch=210/389 running_loss=0.100319
2026-08-19 21:02:02 | INFO | epoch=068 train_batch=220/389 running_loss=0.100179
2026-08-19 21:02:02 | INFO | epoch=068 train_batch=230/389 running_loss=0.099940
2026-08-19 21:02:02 | INFO | epoch=068 train_batch=240/389 running_loss=0.099840
2026-08-19 21:02:03 | INFO | epoch=068 train_batch=250/389 running_loss=0.099754
2026-08-19 21:02:03 | INFO | epoch=068 train_batch=260/389 running_loss=0.099872
2026-08-19 21:02:03 | INFO | epoch=068 train_batch=270/389 running_loss=0.099755
2026-08-19 21:02:04 | INFO | epoch=068 train_batch=280/389 running_loss=0.099694
2026-08-19 21:02:04 | INFO | epoch=068 train_batch=290/389 running_loss=0.099604
2026-08-19 21:02:04 | INFO | epoch=068 train_batch=300/389 running_loss=0.099793
2026-08-19 21:02:05 | INFO | epoch=068 train_batch=310/389 running_loss=0.099890
2026-08-19 21:02:05 | INFO | epoch=068 train_batch=320/389 running_loss=0.099910
2026-08-19 21:02:05 | INFO | epoch=068 train_batch=330/389 running_loss=0.099749
2026-08-19 21:02:06 | INFO | epoch=068 train_batch=340/389 running_loss=0.099800
2026-08-19 21:02:06 | INFO | epoch=068 train_batch=350/389 running_loss=0.099685
2026-08-19 21:02:06 | INFO | epoch=068 train_batch=360/389 running_loss=0.099894
2026-08-19 21:02:07 | INFO | epoch=068 train_batch=370/389 running_loss=0.099858
2026-08-19 21:02:07 | INFO | epoch=068 train_batch=380/389 running_loss=0.099821
2026-08-19 21:02:07 | INFO | epoch=068 train_batch=389/389 running_loss=0.099880
2026-08-19 21:02:08 | INFO | epoch=068 train_loss=0.099880 validation_loss=0.160775
2026-08-19 21:02:09 | INFO | epoch=069 train_batch=10/389 running_loss=0.103202
2026-08-19 21:02:09 | INFO | epoch=069 train_batch=20/389 running_loss=0.098992
2026-08-19 21:02:10 | INFO | epoch=069 train_batch=30/389 running_loss=0.097507
2026-08-19 21:02:10 | INFO | epoch=069 train_batch=40/389 running_loss=0.096650
2026-08-19 21:02:10 | INFO | epoch=069 train_batch=50/389 running_loss=0.096332
2026-08-19 21:02:11 | INFO | epoch=069 train_batch=60/389 running_loss=0.098474
2026-08-19 21:02:11 | INFO | epoch=069 train_batch=70/389 running_loss=0.097771
2026-08-19 21:02:11 | INFO | epoch=069 train_batch=80/389 running_loss=0.098054
2026-08-19 21:02:12 | INFO | epoch=069 train_batch=90/389 running_loss=0.098245
2026-08-19 21:02:12 | INFO | epoch=069 train_batch=100/389 running_loss=0.098096
2026-08-19 21:02:12 | INFO | epoch=069 train_batch=110/389 running_loss=0.098041
2026-08-19 21:02:13 | INFO | epoch=069 train_batch=120/389 running_loss=0.097840
2026-08-19 21:02:13 | INFO | epoch=069 train_batch=130/389 running_loss=0.098077
2026-08-19 21:02:13 | INFO | epoch=069 train_batch=140/389 running_loss=0.098309
2026-08-19 21:02:14 | INFO | epoch=069 train_batch=150/389 running_loss=0.098284
2026-08-19 21:02:14 | INFO | epoch=069 train_batch=160/389 running_loss=0.098205
2026-08-19 21:02:14 | INFO | epoch=069 train_batch=170/389 running_loss=0.098305
2026-08-19 21:02:15 | INFO | epoch=069 train_batch=180/389 running_loss=0.098292
2026-08-19 21:02:15 | INFO | epoch=069 train_batch=190/389 running_loss=0.098347
2026-08-19 21:02:15 | INFO | epoch=069 train_batch=200/389 running_loss=0.098319
2026-08-19 21:02:16 | INFO | epoch=069 train_batch=210/389 running_loss=0.098511
2026-08-19 21:02:16 | INFO | epoch=069 train_batch=220/389 running_loss=0.098925
2026-08-19 21:02:16 | INFO | epoch=069 train_batch=230/389 running_loss=0.099196
2026-08-19 21:02:17 | INFO | epoch=069 train_batch=240/389 running_loss=0.099530
2026-08-19 21:02:17 | INFO | epoch=069 train_batch=250/389 running_loss=0.099299
2026-08-19 21:02:17 | INFO | epoch=069 train_batch=260/389 running_loss=0.099292
2026-08-19 21:02:18 | INFO | epoch=069 train_batch=270/389 running_loss=0.099319
2026-08-19 21:02:18 | INFO | epoch=069 train_batch=280/389 running_loss=0.099393
2026-08-19 21:02:19 | INFO | epoch=069 train_batch=290/389 running_loss=0.099406
2026-08-19 21:02:19 | INFO | epoch=069 train_batch=300/389 running_loss=0.099710
2026-08-19 21:02:19 | INFO | epoch=069 train_batch=310/389 running_loss=0.099712
2026-08-19 21:02:20 | INFO | epoch=069 train_batch=320/389 running_loss=0.099970
2026-08-19 21:02:20 | INFO | epoch=069 train_batch=330/389 running_loss=0.099941
2026-08-19 21:02:20 | INFO | epoch=069 train_batch=340/389 running_loss=0.099948
2026-08-19 21:02:21 | INFO | epoch=069 train_batch=350/389 running_loss=0.099815
2026-08-19 21:02:21 | INFO | epoch=069 train_batch=360/389 running_loss=0.099833
2026-08-19 21:02:21 | INFO | epoch=069 train_batch=370/389 running_loss=0.099984
2026-08-19 21:02:22 | INFO | epoch=069 train_batch=380/389 running_loss=0.100044
2026-08-19 21:02:22 | INFO | epoch=069 train_batch=389/389 running_loss=0.100120
2026-08-19 21:02:23 | INFO | epoch=069 train_loss=0.100120 validation_loss=0.158307
2026-08-19 21:02:23 | INFO | epoch=069 saved new best.pt
2026-08-19 21:02:23 | INFO | epoch=070 train_batch=10/389 running_loss=0.091335
2026-08-19 21:02:24 | INFO | epoch=070 train_batch=20/389 running_loss=0.097967
2026-08-19 21:02:24 | INFO | epoch=070 train_batch=30/389 running_loss=0.098159
2026-08-19 21:02:24 | INFO | epoch=070 train_batch=40/389 running_loss=0.098564
2026-08-19 21:02:25 | INFO | epoch=070 train_batch=50/389 running_loss=0.097336
2026-08-19 21:02:25 | INFO | epoch=070 train_batch=60/389 running_loss=0.096544
2026-08-19 21:02:25 | INFO | epoch=070 train_batch=70/389 running_loss=0.096573
2026-08-19 21:02:26 | INFO | epoch=070 train_batch=80/389 running_loss=0.096867
2026-08-19 21:02:26 | INFO | epoch=070 train_batch=90/389 running_loss=0.097196
2026-08-19 21:02:26 | INFO | epoch=070 train_batch=100/389 running_loss=0.097639
2026-08-19 21:02:27 | INFO | epoch=070 train_batch=110/389 running_loss=0.097890
2026-08-19 21:02:27 | INFO | epoch=070 train_batch=120/389 running_loss=0.097737
2026-08-19 21:02:27 | INFO | epoch=070 train_batch=130/389 running_loss=0.097610
2026-08-19 21:02:28 | INFO | epoch=070 train_batch=140/389 running_loss=0.097652
2026-08-19 21:02:28 | INFO | epoch=070 train_batch=150/389 running_loss=0.097594
2026-08-19 21:02:28 | INFO | epoch=070 train_batch=160/389 running_loss=0.097631
2026-08-19 21:02:29 | INFO | epoch=070 train_batch=170/389 running_loss=0.097724
2026-08-19 21:02:29 | INFO | epoch=070 train_batch=180/389 running_loss=0.097775
2026-08-19 21:02:29 | INFO | epoch=070 train_batch=190/389 running_loss=0.097858
2026-08-19 21:02:30 | INFO | epoch=070 train_batch=200/389 running_loss=0.098194
2026-08-19 21:02:30 | INFO | epoch=070 train_batch=210/389 running_loss=0.098289
2026-08-19 21:02:30 | INFO | epoch=070 train_batch=220/389 running_loss=0.098354
2026-08-19 21:02:31 | INFO | epoch=070 train_batch=230/389 running_loss=0.098605
2026-08-19 21:02:31 | INFO | epoch=070 train_batch=240/389 running_loss=0.098868
2026-08-19 21:02:32 | INFO | epoch=070 train_batch=250/389 running_loss=0.099230
2026-08-19 21:02:32 | INFO | epoch=070 train_batch=260/389 running_loss=0.099354
2026-08-19 21:02:32 | INFO | epoch=070 train_batch=270/389 running_loss=0.099572
2026-08-19 21:02:33 | INFO | epoch=070 train_batch=280/389 running_loss=0.099890
2026-08-19 21:02:33 | INFO | epoch=070 train_batch=290/389 running_loss=0.099792
2026-08-19 21:02:33 | INFO | epoch=070 train_batch=300/389 running_loss=0.099980
2026-08-19 21:02:34 | INFO | epoch=070 train_batch=310/389 running_loss=0.099944
2026-08-19 21:02:34 | INFO | epoch=070 train_batch=320/389 running_loss=0.099976
2026-08-19 21:02:34 | INFO | epoch=070 train_batch=330/389 running_loss=0.100153
2026-08-19 21:02:35 | INFO | epoch=070 train_batch=340/389 running_loss=0.100237
2026-08-19 21:02:35 | INFO | epoch=070 train_batch=350/389 running_loss=0.100054
2026-08-19 21:02:35 | INFO | epoch=070 train_batch=360/389 running_loss=0.100205
2026-08-19 21:02:36 | INFO | epoch=070 train_batch=370/389 running_loss=0.100189
2026-08-19 21:02:36 | INFO | epoch=070 train_batch=380/389 running_loss=0.100010
2026-08-19 21:02:36 | INFO | epoch=070 train_batch=389/389 running_loss=0.100025
2026-08-19 21:02:37 | INFO | epoch=070 train_loss=0.100025 validation_loss=0.159924
2026-08-19 21:02:38 | INFO | epoch=071 train_batch=10/389 running_loss=0.106300
2026-08-19 21:02:38 | INFO | epoch=071 train_batch=20/389 running_loss=0.103924
2026-08-19 21:02:38 | INFO | epoch=071 train_batch=30/389 running_loss=0.105300
2026-08-19 21:02:39 | INFO | epoch=071 train_batch=40/389 running_loss=0.102997
2026-08-19 21:02:39 | INFO | epoch=071 train_batch=50/389 running_loss=0.102793
2026-08-19 21:02:39 | INFO | epoch=071 train_batch=60/389 running_loss=0.102284
2026-08-19 21:02:40 | INFO | epoch=071 train_batch=70/389 running_loss=0.102157
2026-08-19 21:02:40 | INFO | epoch=071 train_batch=80/389 running_loss=0.101717
2026-08-19 21:02:40 | INFO | epoch=071 train_batch=90/389 running_loss=0.102185
2026-08-19 21:02:41 | INFO | epoch=071 train_batch=100/389 running_loss=0.101377
2026-08-19 21:02:41 | INFO | epoch=071 train_batch=110/389 running_loss=0.100849
2026-08-19 21:02:41 | INFO | epoch=071 train_batch=120/389 running_loss=0.100797
2026-08-19 21:02:42 | INFO | epoch=071 train_batch=130/389 running_loss=0.100980
2026-08-19 21:02:42 | INFO | epoch=071 train_batch=140/389 running_loss=0.101033
2026-08-19 21:02:42 | INFO | epoch=071 train_batch=150/389 running_loss=0.100875
2026-08-19 21:02:43 | INFO | epoch=071 train_batch=160/389 running_loss=0.100827
2026-08-19 21:02:43 | INFO | epoch=071 train_batch=170/389 running_loss=0.100848
2026-08-19 21:02:44 | INFO | epoch=071 train_batch=180/389 running_loss=0.100603
2026-08-19 21:02:44 | INFO | epoch=071 train_batch=190/389 running_loss=0.100157
2026-08-19 21:02:44 | INFO | epoch=071 train_batch=200/389 running_loss=0.099961
2026-08-19 21:02:45 | INFO | epoch=071 train_batch=210/389 running_loss=0.100055
2026-08-19 21:02:45 | INFO | epoch=071 train_batch=220/389 running_loss=0.100184
2026-08-19 21:02:45 | INFO | epoch=071 train_batch=230/389 running_loss=0.100225
2026-08-19 21:02:46 | INFO | epoch=071 train_batch=240/389 running_loss=0.100503
2026-08-19 21:02:46 | INFO | epoch=071 train_batch=250/389 running_loss=0.100427
2026-08-19 21:02:46 | INFO | epoch=071 train_batch=260/389 running_loss=0.100547
2026-08-19 21:02:47 | INFO | epoch=071 train_batch=270/389 running_loss=0.100768
2026-08-19 21:02:47 | INFO | epoch=071 train_batch=280/389 running_loss=0.100700
2026-08-19 21:02:47 | INFO | epoch=071 train_batch=290/389 running_loss=0.100741
2026-08-19 21:02:48 | INFO | epoch=071 train_batch=300/389 running_loss=0.100742
2026-08-19 21:02:48 | INFO | epoch=071 train_batch=310/389 running_loss=0.100996
2026-08-19 21:02:48 | INFO | epoch=071 train_batch=320/389 running_loss=0.100988
2026-08-19 21:02:49 | INFO | epoch=071 train_batch=330/389 running_loss=0.100807
2026-08-19 21:02:49 | INFO | epoch=071 train_batch=340/389 running_loss=0.100719
2026-08-19 21:02:49 | INFO | epoch=071 train_batch=350/389 running_loss=0.100749
2026-08-19 21:02:50 | INFO | epoch=071 train_batch=360/389 running_loss=0.100779
2026-08-19 21:02:50 | INFO | epoch=071 train_batch=370/389 running_loss=0.100565
2026-08-19 21:02:50 | INFO | epoch=071 train_batch=380/389 running_loss=0.100482
2026-08-19 21:02:51 | INFO | epoch=071 train_batch=389/389 running_loss=0.100273
2026-08-19 21:02:52 | INFO | epoch=071 train_loss=0.100273 validation_loss=0.159573
2026-08-19 21:02:52 | INFO | epoch=072 train_batch=10/389 running_loss=0.101595
2026-08-19 21:02:52 | INFO | epoch=072 train_batch=20/389 running_loss=0.099115
2026-08-19 21:02:53 | INFO | epoch=072 train_batch=30/389 running_loss=0.098998
2026-08-19 21:02:53 | INFO | epoch=072 train_batch=40/389 running_loss=0.098908
2026-08-19 21:02:53 | INFO | epoch=072 train_batch=50/389 running_loss=0.099115
2026-08-19 21:02:54 | INFO | epoch=072 train_batch=60/389 running_loss=0.099617
2026-08-19 21:02:54 | INFO | epoch=072 train_batch=70/389 running_loss=0.100225
2026-08-19 21:02:54 | INFO | epoch=072 train_batch=80/389 running_loss=0.100715
2026-08-19 21:02:55 | INFO | epoch=072 train_batch=90/389 running_loss=0.101122
2026-08-19 21:02:55 | INFO | epoch=072 train_batch=100/389 running_loss=0.101109
2026-08-19 21:02:55 | INFO | epoch=072 train_batch=110/389 running_loss=0.100584
2026-08-19 21:02:56 | INFO | epoch=072 train_batch=120/389 running_loss=0.100002
2026-08-19 21:02:56 | INFO | epoch=072 train_batch=130/389 running_loss=0.099441
2026-08-19 21:02:56 | INFO | epoch=072 train_batch=140/389 running_loss=0.098739
2026-08-19 21:02:57 | INFO | epoch=072 train_batch=150/389 running_loss=0.098053
2026-08-19 21:02:57 | INFO | epoch=072 train_batch=160/389 running_loss=0.098432
2026-08-19 21:02:58 | INFO | epoch=072 train_batch=170/389 running_loss=0.098199
2026-08-19 21:02:58 | INFO | epoch=072 train_batch=180/389 running_loss=0.098009
2026-08-19 21:02:58 | INFO | epoch=072 train_batch=190/389 running_loss=0.097895
2026-08-19 21:02:59 | INFO | epoch=072 train_batch=200/389 running_loss=0.097756
2026-08-19 21:02:59 | INFO | epoch=072 train_batch=210/389 running_loss=0.098223
2026-08-19 21:02:59 | INFO | epoch=072 train_batch=220/389 running_loss=0.098465
2026-08-19 21:03:00 | INFO | epoch=072 train_batch=230/389 running_loss=0.098477
2026-08-19 21:03:00 | INFO | epoch=072 train_batch=240/389 running_loss=0.098395
2026-08-19 21:03:00 | INFO | epoch=072 train_batch=250/389 running_loss=0.098532
2026-08-19 21:03:01 | INFO | epoch=072 train_batch=260/389 running_loss=0.099037
2026-08-19 21:03:01 | INFO | epoch=072 train_batch=270/389 running_loss=0.099060
2026-08-19 21:03:01 | INFO | epoch=072 train_batch=280/389 running_loss=0.099084
2026-08-19 21:03:02 | INFO | epoch=072 train_batch=290/389 running_loss=0.099003
2026-08-19 21:03:02 | INFO | epoch=072 train_batch=300/389 running_loss=0.098986
2026-08-19 21:03:02 | INFO | epoch=072 train_batch=310/389 running_loss=0.098995
2026-08-19 21:03:03 | INFO | epoch=072 train_batch=320/389 running_loss=0.098861
2026-08-19 21:03:03 | INFO | epoch=072 train_batch=330/389 running_loss=0.098767
2026-08-19 21:03:03 | INFO | epoch=072 train_batch=340/389 running_loss=0.098890
2026-08-19 21:03:04 | INFO | epoch=072 train_batch=350/389 running_loss=0.098985
2026-08-19 21:03:04 | INFO | epoch=072 train_batch=360/389 running_loss=0.098788
2026-08-19 21:03:04 | INFO | epoch=072 train_batch=370/389 running_loss=0.098595
2026-08-19 21:03:05 | INFO | epoch=072 train_batch=380/389 running_loss=0.098527
2026-08-19 21:03:05 | INFO | epoch=072 train_batch=389/389 running_loss=0.098630
2026-08-19 21:03:06 | INFO | epoch=072 train_loss=0.098630 validation_loss=0.161027
2026-08-19 21:03:06 | INFO | epoch=073 train_batch=10/389 running_loss=0.099238
2026-08-19 21:03:07 | INFO | epoch=073 train_batch=20/389 running_loss=0.097644
2026-08-19 21:03:07 | INFO | epoch=073 train_batch=30/389 running_loss=0.096988
2026-08-19 21:03:07 | INFO | epoch=073 train_batch=40/389 running_loss=0.097687
2026-08-19 21:03:08 | INFO | epoch=073 train_batch=50/389 running_loss=0.097441
2026-08-19 21:03:08 | INFO | epoch=073 train_batch=60/389 running_loss=0.098012
2026-08-19 21:03:08 | INFO | epoch=073 train_batch=70/389 running_loss=0.097800
2026-08-19 21:03:09 | INFO | epoch=073 train_batch=80/389 running_loss=0.097003
2026-08-19 21:03:09 | INFO | epoch=073 train_batch=90/389 running_loss=0.097316
2026-08-19 21:03:10 | INFO | epoch=073 train_batch=100/389 running_loss=0.097410
2026-08-19 21:03:10 | INFO | epoch=073 train_batch=110/389 running_loss=0.098345
2026-08-19 21:03:10 | INFO | epoch=073 train_batch=120/389 running_loss=0.098420
2026-08-19 21:03:11 | INFO | epoch=073 train_batch=130/389 running_loss=0.098674
2026-08-19 21:03:11 | INFO | epoch=073 train_batch=140/389 running_loss=0.098140
2026-08-19 21:03:11 | INFO | epoch=073 train_batch=150/389 running_loss=0.098106
2026-08-19 21:03:12 | INFO | epoch=073 train_batch=160/389 running_loss=0.098165
2026-08-19 21:03:12 | INFO | epoch=073 train_batch=170/389 running_loss=0.098112
2026-08-19 21:03:12 | INFO | epoch=073 train_batch=180/389 running_loss=0.098417
2026-08-19 21:03:13 | INFO | epoch=073 train_batch=190/389 running_loss=0.098526
2026-08-19 21:03:13 | INFO | epoch=073 train_batch=200/389 running_loss=0.098737
2026-08-19 21:03:13 | INFO | epoch=073 train_batch=210/389 running_loss=0.098797
2026-08-19 21:03:14 | INFO | epoch=073 train_batch=220/389 running_loss=0.098848
2026-08-19 21:03:14 | INFO | epoch=073 train_batch=230/389 running_loss=0.098956
2026-08-19 21:03:14 | INFO | epoch=073 train_batch=240/389 running_loss=0.098763
2026-08-19 21:03:15 | INFO | epoch=073 train_batch=250/389 running_loss=0.098552
2026-08-19 21:03:15 | INFO | epoch=073 train_batch=260/389 running_loss=0.098712
2026-08-19 21:03:15 | INFO | epoch=073 train_batch=270/389 running_loss=0.098966
2026-08-19 21:03:16 | INFO | epoch=073 train_batch=280/389 running_loss=0.099073
2026-08-19 21:03:16 | INFO | epoch=073 train_batch=290/389 running_loss=0.099224
2026-08-19 21:03:16 | INFO | epoch=073 train_batch=300/389 running_loss=0.099046
2026-08-19 21:03:17 | INFO | epoch=073 train_batch=310/389 running_loss=0.099115
2026-08-19 21:03:17 | INFO | epoch=073 train_batch=320/389 running_loss=0.099010
2026-08-19 21:03:17 | INFO | epoch=073 train_batch=330/389 running_loss=0.099052
2026-08-19 21:03:18 | INFO | epoch=073 train_batch=340/389 running_loss=0.098935
2026-08-19 21:03:18 | INFO | epoch=073 train_batch=350/389 running_loss=0.099037
2026-08-19 21:03:18 | INFO | epoch=073 train_batch=360/389 running_loss=0.098900
2026-08-19 21:03:19 | INFO | epoch=073 train_batch=370/389 running_loss=0.098860
2026-08-19 21:03:19 | INFO | epoch=073 train_batch=380/389 running_loss=0.098725
2026-08-19 21:03:19 | INFO | epoch=073 train_batch=389/389 running_loss=0.098681
2026-08-19 21:03:20 | INFO | epoch=073 train_loss=0.098681 validation_loss=0.160411
2026-08-19 21:03:21 | INFO | epoch=074 train_batch=10/389 running_loss=0.100552
2026-08-19 21:03:21 | INFO | epoch=074 train_batch=20/389 running_loss=0.100000
2026-08-19 21:03:21 | INFO | epoch=074 train_batch=30/389 running_loss=0.097781
2026-08-19 21:03:22 | INFO | epoch=074 train_batch=40/389 running_loss=0.097382
2026-08-19 21:03:22 | INFO | epoch=074 train_batch=50/389 running_loss=0.097965
2026-08-19 21:03:22 | INFO | epoch=074 train_batch=60/389 running_loss=0.097393
2026-08-19 21:03:23 | INFO | epoch=074 train_batch=70/389 running_loss=0.097191
2026-08-19 21:03:23 | INFO | epoch=074 train_batch=80/389 running_loss=0.098136
2026-08-19 21:03:23 | INFO | epoch=074 train_batch=90/389 running_loss=0.098624
2026-08-19 21:03:24 | INFO | epoch=074 train_batch=100/389 running_loss=0.098557
2026-08-19 21:03:24 | INFO | epoch=074 train_batch=110/389 running_loss=0.098745
2026-08-19 21:03:24 | INFO | epoch=074 train_batch=120/389 running_loss=0.099289
2026-08-19 21:03:25 | INFO | epoch=074 train_batch=130/389 running_loss=0.099021
2026-08-19 21:03:25 | INFO | epoch=074 train_batch=140/389 running_loss=0.099281
2026-08-19 21:03:25 | INFO | epoch=074 train_batch=150/389 running_loss=0.098522
2026-08-19 21:03:26 | INFO | epoch=074 train_batch=160/389 running_loss=0.098014
2026-08-19 21:03:26 | INFO | epoch=074 train_batch=170/389 running_loss=0.098122
2026-08-19 21:03:27 | INFO | epoch=074 train_batch=180/389 running_loss=0.098415
2026-08-19 21:03:27 | INFO | epoch=074 train_batch=190/389 running_loss=0.098401
2026-08-19 21:03:27 | INFO | epoch=074 train_batch=200/389 running_loss=0.098242
2026-08-19 21:03:28 | INFO | epoch=074 train_batch=210/389 running_loss=0.098271
2026-08-19 21:03:28 | INFO | epoch=074 train_batch=220/389 running_loss=0.098232
2026-08-19 21:03:28 | INFO | epoch=074 train_batch=230/389 running_loss=0.098068
2026-08-19 21:03:29 | INFO | epoch=074 train_batch=240/389 running_loss=0.097979
2026-08-19 21:03:29 | INFO | epoch=074 train_batch=250/389 running_loss=0.098306
2026-08-19 21:03:29 | INFO | epoch=074 train_batch=260/389 running_loss=0.098362
2026-08-19 21:03:30 | INFO | epoch=074 train_batch=270/389 running_loss=0.098444
2026-08-19 21:03:30 | INFO | epoch=074 train_batch=280/389 running_loss=0.098857
2026-08-19 21:03:30 | INFO | epoch=074 train_batch=290/389 running_loss=0.098780
2026-08-19 21:03:31 | INFO | epoch=074 train_batch=300/389 running_loss=0.098464
2026-08-19 21:03:31 | INFO | epoch=074 train_batch=310/389 running_loss=0.098340
2026-08-19 21:03:31 | INFO | epoch=074 train_batch=320/389 running_loss=0.098517
2026-08-19 21:03:32 | INFO | epoch=074 train_batch=330/389 running_loss=0.098458
2026-08-19 21:03:32 | INFO | epoch=074 train_batch=340/389 running_loss=0.098893
2026-08-19 21:03:32 | INFO | epoch=074 train_batch=350/389 running_loss=0.098929
2026-08-19 21:03:33 | INFO | epoch=074 train_batch=360/389 running_loss=0.098827
2026-08-19 21:03:33 | INFO | epoch=074 train_batch=370/389 running_loss=0.098638
2026-08-19 21:03:33 | INFO | epoch=074 train_batch=380/389 running_loss=0.098666
2026-08-19 21:03:34 | INFO | epoch=074 train_batch=389/389 running_loss=0.098835
2026-08-19 21:03:35 | INFO | epoch=074 train_loss=0.098835 validation_loss=0.160807
2026-08-19 21:03:35 | INFO | epoch=075 train_batch=10/389 running_loss=0.095434
2026-08-19 21:03:35 | INFO | epoch=075 train_batch=20/389 running_loss=0.096034
2026-08-19 21:03:36 | INFO | epoch=075 train_batch=30/389 running_loss=0.098446
2026-08-19 21:03:36 | INFO | epoch=075 train_batch=40/389 running_loss=0.099469
2026-08-19 21:03:36 | INFO | epoch=075 train_batch=50/389 running_loss=0.100014
2026-08-19 21:03:37 | INFO | epoch=075 train_batch=60/389 running_loss=0.099421
2026-08-19 21:03:37 | INFO | epoch=075 train_batch=70/389 running_loss=0.099108
2026-08-19 21:03:37 | INFO | epoch=075 train_batch=80/389 running_loss=0.099385
2026-08-19 21:03:38 | INFO | epoch=075 train_batch=90/389 running_loss=0.098795
2026-08-19 21:03:38 | INFO | epoch=075 train_batch=100/389 running_loss=0.098695
2026-08-19 21:03:38 | INFO | epoch=075 train_batch=110/389 running_loss=0.097994
2026-08-19 21:03:39 | INFO | epoch=075 train_batch=120/389 running_loss=0.097848
2026-08-19 21:03:39 | INFO | epoch=075 train_batch=130/389 running_loss=0.097536
2026-08-19 21:03:40 | INFO | epoch=075 train_batch=140/389 running_loss=0.097338
2026-08-19 21:03:40 | INFO | epoch=075 train_batch=150/389 running_loss=0.097015
2026-08-19 21:03:40 | INFO | epoch=075 train_batch=160/389 running_loss=0.096901
2026-08-19 21:03:41 | INFO | epoch=075 train_batch=170/389 running_loss=0.096705
2026-08-19 21:03:41 | INFO | epoch=075 train_batch=180/389 running_loss=0.096916
2026-08-19 21:03:41 | INFO | epoch=075 train_batch=190/389 running_loss=0.096965
2026-08-19 21:03:42 | INFO | epoch=075 train_batch=200/389 running_loss=0.096829
2026-08-19 21:03:42 | INFO | epoch=075 train_batch=210/389 running_loss=0.096861
2026-08-19 21:03:42 | INFO | epoch=075 train_batch=220/389 running_loss=0.097189
2026-08-19 21:03:43 | INFO | epoch=075 train_batch=230/389 running_loss=0.097166
2026-08-19 21:03:43 | INFO | epoch=075 train_batch=240/389 running_loss=0.097071
2026-08-19 21:03:43 | INFO | epoch=075 train_batch=250/389 running_loss=0.097320
2026-08-19 21:03:44 | INFO | epoch=075 train_batch=260/389 running_loss=0.097671
2026-08-19 21:03:44 | INFO | epoch=075 train_batch=270/389 running_loss=0.097535
2026-08-19 21:03:44 | INFO | epoch=075 train_batch=280/389 running_loss=0.097396
2026-08-19 21:03:45 | INFO | epoch=075 train_batch=290/389 running_loss=0.097536
2026-08-19 21:03:45 | INFO | epoch=075 train_batch=300/389 running_loss=0.097393
2026-08-19 21:03:45 | INFO | epoch=075 train_batch=310/389 running_loss=0.097416
2026-08-19 21:03:46 | INFO | epoch=075 train_batch=320/389 running_loss=0.097611
2026-08-19 21:03:46 | INFO | epoch=075 train_batch=330/389 running_loss=0.097688
2026-08-19 21:03:46 | INFO | epoch=075 train_batch=340/389 running_loss=0.097810
2026-08-19 21:03:47 | INFO | epoch=075 train_batch=350/389 running_loss=0.097838
2026-08-19 21:03:47 | INFO | epoch=075 train_batch=360/389 running_loss=0.097900
2026-08-19 21:03:48 | INFO | epoch=075 train_batch=370/389 running_loss=0.097820
2026-08-19 21:03:48 | INFO | epoch=075 train_batch=380/389 running_loss=0.097989
2026-08-19 21:03:48 | INFO | epoch=075 train_batch=389/389 running_loss=0.097842
2026-08-19 21:03:49 | INFO | epoch=075 train_loss=0.097842 validation_loss=0.156774
2026-08-19 21:03:49 | INFO | epoch=075 saved new best.pt
2026-08-19 21:03:50 | INFO | epoch=076 train_batch=10/389 running_loss=0.096156
2026-08-19 21:03:50 | INFO | epoch=076 train_batch=20/389 running_loss=0.098578
2026-08-19 21:03:50 | INFO | epoch=076 train_batch=30/389 running_loss=0.097335
2026-08-19 21:03:51 | INFO | epoch=076 train_batch=40/389 running_loss=0.096979
2026-08-19 21:03:51 | INFO | epoch=076 train_batch=50/389 running_loss=0.096975
2026-08-19 21:03:51 | INFO | epoch=076 train_batch=60/389 running_loss=0.097898
2026-08-19 21:03:52 | INFO | epoch=076 train_batch=70/389 running_loss=0.097967
2026-08-19 21:03:52 | INFO | epoch=076 train_batch=80/389 running_loss=0.097816
2026-08-19 21:03:52 | INFO | epoch=076 train_batch=90/389 running_loss=0.097639
2026-08-19 21:03:53 | INFO | epoch=076 train_batch=100/389 running_loss=0.098696
2026-08-19 21:03:53 | INFO | epoch=076 train_batch=110/389 running_loss=0.098204
2026-08-19 21:03:53 | INFO | epoch=076 train_batch=120/389 running_loss=0.097787
2026-08-19 21:03:54 | INFO | epoch=076 train_batch=130/389 running_loss=0.097777
2026-08-19 21:03:54 | INFO | epoch=076 train_batch=140/389 running_loss=0.097553
2026-08-19 21:03:54 | INFO | epoch=076 train_batch=150/389 running_loss=0.097702
2026-08-19 21:03:55 | INFO | epoch=076 train_batch=160/389 running_loss=0.097820
2026-08-19 21:03:55 | INFO | epoch=076 train_batch=170/389 running_loss=0.097974
2026-08-19 21:03:56 | INFO | epoch=076 train_batch=180/389 running_loss=0.098313
2026-08-19 21:03:56 | INFO | epoch=076 train_batch=190/389 running_loss=0.098916
2026-08-19 21:03:56 | INFO | epoch=076 train_batch=200/389 running_loss=0.098790
2026-08-19 21:03:57 | INFO | epoch=076 train_batch=210/389 running_loss=0.098921
2026-08-19 21:03:57 | INFO | epoch=076 train_batch=220/389 running_loss=0.099091
2026-08-19 21:03:57 | INFO | epoch=076 train_batch=230/389 running_loss=0.098994
2026-08-19 21:03:58 | INFO | epoch=076 train_batch=240/389 running_loss=0.098798
2026-08-19 21:03:58 | INFO | epoch=076 train_batch=250/389 running_loss=0.098644
2026-08-19 21:03:58 | INFO | epoch=076 train_batch=260/389 running_loss=0.098657
2026-08-19 21:03:59 | INFO | epoch=076 train_batch=270/389 running_loss=0.098961
2026-08-19 21:03:59 | INFO | epoch=076 train_batch=280/389 running_loss=0.099018
2026-08-19 21:03:59 | INFO | epoch=076 train_batch=290/389 running_loss=0.098964
2026-08-19 21:04:00 | INFO | epoch=076 train_batch=300/389 running_loss=0.098853
2026-08-19 21:04:00 | INFO | epoch=076 train_batch=310/389 running_loss=0.098821
2026-08-19 21:04:00 | INFO | epoch=076 train_batch=320/389 running_loss=0.098726
2026-08-19 21:04:01 | INFO | epoch=076 train_batch=330/389 running_loss=0.098675
2026-08-19 21:04:01 | INFO | epoch=076 train_batch=340/389 running_loss=0.098649
2026-08-19 21:04:01 | INFO | epoch=076 train_batch=350/389 running_loss=0.098614
2026-08-19 21:04:02 | INFO | epoch=076 train_batch=360/389 running_loss=0.098527
2026-08-19 21:04:02 | INFO | epoch=076 train_batch=370/389 running_loss=0.098461
2026-08-19 21:04:02 | INFO | epoch=076 train_batch=380/389 running_loss=0.098463
2026-08-19 21:04:03 | INFO | epoch=076 train_batch=389/389 running_loss=0.098293
2026-08-19 21:04:04 | INFO | epoch=076 train_loss=0.098293 validation_loss=0.158875
2026-08-19 21:04:04 | INFO | epoch=077 train_batch=10/389 running_loss=0.096540
2026-08-19 21:04:04 | INFO | epoch=077 train_batch=20/389 running_loss=0.100869
2026-08-19 21:04:05 | INFO | epoch=077 train_batch=30/389 running_loss=0.100400
2026-08-19 21:04:05 | INFO | epoch=077 train_batch=40/389 running_loss=0.098139
2026-08-19 21:04:06 | INFO | epoch=077 train_batch=50/389 running_loss=0.096726
2026-08-19 21:04:06 | INFO | epoch=077 train_batch=60/389 running_loss=0.096418
2026-08-19 21:04:06 | INFO | epoch=077 train_batch=70/389 running_loss=0.096255
2026-08-19 21:04:07 | INFO | epoch=077 train_batch=80/389 running_loss=0.096860
2026-08-19 21:04:07 | INFO | epoch=077 train_batch=90/389 running_loss=0.097144
2026-08-19 21:04:07 | INFO | epoch=077 train_batch=100/389 running_loss=0.097241
2026-08-19 21:04:08 | INFO | epoch=077 train_batch=110/389 running_loss=0.097128
2026-08-19 21:04:08 | INFO | epoch=077 train_batch=120/389 running_loss=0.096806
2026-08-19 21:04:08 | INFO | epoch=077 train_batch=130/389 running_loss=0.096771
2026-08-19 21:04:09 | INFO | epoch=077 train_batch=140/389 running_loss=0.096876
2026-08-19 21:04:09 | INFO | epoch=077 train_batch=150/389 running_loss=0.097360
2026-08-19 21:04:09 | INFO | epoch=077 train_batch=160/389 running_loss=0.097745
2026-08-19 21:04:10 | INFO | epoch=077 train_batch=170/389 running_loss=0.097765
2026-08-19 21:04:10 | INFO | epoch=077 train_batch=180/389 running_loss=0.097696
2026-08-19 21:04:10 | INFO | epoch=077 train_batch=190/389 running_loss=0.098062
2026-08-19 21:04:11 | INFO | epoch=077 train_batch=200/389 running_loss=0.098162
2026-08-19 21:04:11 | INFO | epoch=077 train_batch=210/389 running_loss=0.098211
2026-08-19 21:04:11 | INFO | epoch=077 train_batch=220/389 running_loss=0.098244
2026-08-19 21:04:12 | INFO | epoch=077 train_batch=230/389 running_loss=0.098077
2026-08-19 21:04:12 | INFO | epoch=077 train_batch=240/389 running_loss=0.098017
2026-08-19 21:04:13 | INFO | epoch=077 train_batch=250/389 running_loss=0.098483
2026-08-19 21:04:13 | INFO | epoch=077 train_batch=260/389 running_loss=0.098797
2026-08-19 21:04:13 | INFO | epoch=077 train_batch=270/389 running_loss=0.098798
2026-08-19 21:04:14 | INFO | epoch=077 train_batch=280/389 running_loss=0.098766
2026-08-19 21:04:14 | INFO | epoch=077 train_batch=290/389 running_loss=0.098742
2026-08-19 21:04:14 | INFO | epoch=077 train_batch=300/389 running_loss=0.098769
2026-08-19 21:04:15 | INFO | epoch=077 train_batch=310/389 running_loss=0.098837
2026-08-19 21:04:15 | INFO | epoch=077 train_batch=320/389 running_loss=0.098918
2026-08-19 21:04:15 | INFO | epoch=077 train_batch=330/389 running_loss=0.098561
2026-08-19 21:04:16 | INFO | epoch=077 train_batch=340/389 running_loss=0.098401
2026-08-19 21:04:16 | INFO | epoch=077 train_batch=350/389 running_loss=0.098397
2026-08-19 21:04:16 | INFO | epoch=077 train_batch=360/389 running_loss=0.098381
2026-08-19 21:04:17 | INFO | epoch=077 train_batch=370/389 running_loss=0.098379
2026-08-19 21:04:17 | INFO | epoch=077 train_batch=380/389 running_loss=0.098427
2026-08-19 21:04:17 | INFO | epoch=077 train_batch=389/389 running_loss=0.098420
2026-08-19 21:04:18 | INFO | epoch=077 train_loss=0.098420 validation_loss=0.162343
2026-08-19 21:04:19 | INFO | epoch=078 train_batch=10/389 running_loss=0.093948
2026-08-19 21:04:19 | INFO | epoch=078 train_batch=20/389 running_loss=0.094603
2026-08-19 21:04:19 | INFO | epoch=078 train_batch=30/389 running_loss=0.095877
2026-08-19 21:04:20 | INFO | epoch=078 train_batch=40/389 running_loss=0.096730
2026-08-19 21:04:20 | INFO | epoch=078 train_batch=50/389 running_loss=0.098454
2026-08-19 21:04:20 | INFO | epoch=078 train_batch=60/389 running_loss=0.098548
2026-08-19 21:04:21 | INFO | epoch=078 train_batch=70/389 running_loss=0.098791
2026-08-19 21:04:21 | INFO | epoch=078 train_batch=80/389 running_loss=0.099304
2026-08-19 21:04:22 | INFO | epoch=078 train_batch=90/389 running_loss=0.098901
2026-08-19 21:04:22 | INFO | epoch=078 train_batch=100/389 running_loss=0.098803
2026-08-19 21:04:22 | INFO | epoch=078 train_batch=110/389 running_loss=0.098703
2026-08-19 21:04:23 | INFO | epoch=078 train_batch=120/389 running_loss=0.098175
2026-08-19 21:04:23 | INFO | epoch=078 train_batch=130/389 running_loss=0.097989
2026-08-19 21:04:23 | INFO | epoch=078 train_batch=140/389 running_loss=0.098253
2026-08-19 21:04:24 | INFO | epoch=078 train_batch=150/389 running_loss=0.098350
2026-08-19 21:04:24 | INFO | epoch=078 train_batch=160/389 running_loss=0.098495
2026-08-19 21:04:24 | INFO | epoch=078 train_batch=170/389 running_loss=0.098141
2026-08-19 21:04:25 | INFO | epoch=078 train_batch=180/389 running_loss=0.097939
2026-08-19 21:04:25 | INFO | epoch=078 train_batch=190/389 running_loss=0.097761
2026-08-19 21:04:25 | INFO | epoch=078 train_batch=200/389 running_loss=0.097682
2026-08-19 21:04:26 | INFO | epoch=078 train_batch=210/389 running_loss=0.097551
2026-08-19 21:04:26 | INFO | epoch=078 train_batch=220/389 running_loss=0.097547
2026-08-19 21:04:26 | INFO | epoch=078 train_batch=230/389 running_loss=0.097484
2026-08-19 21:04:27 | INFO | epoch=078 train_batch=240/389 running_loss=0.097510
2026-08-19 21:04:27 | INFO | epoch=078 train_batch=250/389 running_loss=0.097502
2026-08-19 21:04:27 | INFO | epoch=078 train_batch=260/389 running_loss=0.097393
2026-08-19 21:04:28 | INFO | epoch=078 train_batch=270/389 running_loss=0.097563
2026-08-19 21:04:28 | INFO | epoch=078 train_batch=280/389 running_loss=0.097593
2026-08-19 21:04:28 | INFO | epoch=078 train_batch=290/389 running_loss=0.097399
2026-08-19 21:04:29 | INFO | epoch=078 train_batch=300/389 running_loss=0.097194
2026-08-19 21:04:29 | INFO | epoch=078 train_batch=310/389 running_loss=0.097142
2026-08-19 21:04:29 | INFO | epoch=078 train_batch=320/389 running_loss=0.097196
2026-08-19 21:04:30 | INFO | epoch=078 train_batch=330/389 running_loss=0.097282
2026-08-19 21:04:30 | INFO | epoch=078 train_batch=340/389 running_loss=0.097240
2026-08-19 21:04:30 | INFO | epoch=078 train_batch=350/389 running_loss=0.097231
2026-08-19 21:04:31 | INFO | epoch=078 train_batch=360/389 running_loss=0.097196
2026-08-19 21:04:31 | INFO | epoch=078 train_batch=370/389 running_loss=0.097046
2026-08-19 21:04:32 | INFO | epoch=078 train_batch=380/389 running_loss=0.096824
2026-08-19 21:04:32 | INFO | epoch=078 train_batch=389/389 running_loss=0.096835
2026-08-19 21:04:33 | INFO | epoch=078 train_loss=0.096835 validation_loss=0.159986
2026-08-19 21:04:33 | INFO | epoch=079 train_batch=10/389 running_loss=0.095444
2026-08-19 21:04:34 | INFO | epoch=079 train_batch=20/389 running_loss=0.096199
2026-08-19 21:04:34 | INFO | epoch=079 train_batch=30/389 running_loss=0.098068
2026-08-19 21:04:34 | INFO | epoch=079 train_batch=40/389 running_loss=0.097312
2026-08-19 21:04:35 | INFO | epoch=079 train_batch=50/389 running_loss=0.096891
2026-08-19 21:04:35 | INFO | epoch=079 train_batch=60/389 running_loss=0.096321
2026-08-19 21:04:35 | INFO | epoch=079 train_batch=70/389 running_loss=0.095970
2026-08-19 21:04:36 | INFO | epoch=079 train_batch=80/389 running_loss=0.096566
2026-08-19 21:04:36 | INFO | epoch=079 train_batch=90/389 running_loss=0.096565
2026-08-19 21:04:36 | INFO | epoch=079 train_batch=100/389 running_loss=0.096873
2026-08-19 21:04:37 | INFO | epoch=079 train_batch=110/389 running_loss=0.096289
2026-08-19 21:04:37 | INFO | epoch=079 train_batch=120/389 running_loss=0.096541
2026-08-19 21:04:37 | INFO | epoch=079 train_batch=130/389 running_loss=0.096825
2026-08-19 21:04:38 | INFO | epoch=079 train_batch=140/389 running_loss=0.096624
2026-08-19 21:04:38 | INFO | epoch=079 train_batch=150/389 running_loss=0.096855
2026-08-19 21:04:38 | INFO | epoch=079 train_batch=160/389 running_loss=0.096885
2026-08-19 21:04:39 | INFO | epoch=079 train_batch=170/389 running_loss=0.096502
2026-08-19 21:04:39 | INFO | epoch=079 train_batch=180/389 running_loss=0.096516
2026-08-19 21:04:39 | INFO | epoch=079 train_batch=190/389 running_loss=0.096293
2026-08-19 21:04:40 | INFO | epoch=079 train_batch=200/389 running_loss=0.096406
2026-08-19 21:04:40 | INFO | epoch=079 train_batch=210/389 running_loss=0.096514
2026-08-19 21:04:41 | INFO | epoch=079 train_batch=220/389 running_loss=0.096487
2026-08-19 21:04:41 | INFO | epoch=079 train_batch=230/389 running_loss=0.096567
2026-08-19 21:04:41 | INFO | epoch=079 train_batch=240/389 running_loss=0.096354
2026-08-19 21:04:42 | INFO | epoch=079 train_batch=250/389 running_loss=0.096236
2026-08-19 21:04:42 | INFO | epoch=079 train_batch=260/389 running_loss=0.096472
2026-08-19 21:04:42 | INFO | epoch=079 train_batch=270/389 running_loss=0.096618
2026-08-19 21:04:43 | INFO | epoch=079 train_batch=280/389 running_loss=0.096519
2026-08-19 21:04:43 | INFO | epoch=079 train_batch=290/389 running_loss=0.096212
2026-08-19 21:04:43 | INFO | epoch=079 train_batch=300/389 running_loss=0.096308
2026-08-19 21:04:44 | INFO | epoch=079 train_batch=310/389 running_loss=0.096122
2026-08-19 21:04:44 | INFO | epoch=079 train_batch=320/389 running_loss=0.096152
2026-08-19 21:04:44 | INFO | epoch=079 train_batch=330/389 running_loss=0.096334
2026-08-19 21:04:45 | INFO | epoch=079 train_batch=340/389 running_loss=0.096419
2026-08-19 21:04:45 | INFO | epoch=079 train_batch=350/389 running_loss=0.096517
2026-08-19 21:04:45 | INFO | epoch=079 train_batch=360/389 running_loss=0.096641
2026-08-19 21:04:46 | INFO | epoch=079 train_batch=370/389 running_loss=0.096924
2026-08-19 21:04:46 | INFO | epoch=079 train_batch=380/389 running_loss=0.096938
2026-08-19 21:04:46 | INFO | epoch=079 train_batch=389/389 running_loss=0.097033
2026-08-19 21:04:47 | INFO | epoch=079 train_loss=0.097033 validation_loss=0.160439
2026-08-19 21:04:48 | INFO | epoch=080 train_batch=10/389 running_loss=0.098234
2026-08-19 21:04:48 | INFO | epoch=080 train_batch=20/389 running_loss=0.099253
2026-08-19 21:04:48 | INFO | epoch=080 train_batch=30/389 running_loss=0.098602
2026-08-19 21:04:49 | INFO | epoch=080 train_batch=40/389 running_loss=0.098316
2026-08-19 21:04:49 | INFO | epoch=080 train_batch=50/389 running_loss=0.098412
2026-08-19 21:04:49 | INFO | epoch=080 train_batch=60/389 running_loss=0.099121
2026-08-19 21:04:50 | INFO | epoch=080 train_batch=70/389 running_loss=0.098793
2026-08-19 21:04:50 | INFO | epoch=080 train_batch=80/389 running_loss=0.098255
2026-08-19 21:04:50 | INFO | epoch=080 train_batch=90/389 running_loss=0.097488
2026-08-19 21:04:51 | INFO | epoch=080 train_batch=100/389 running_loss=0.097630
2026-08-19 21:04:51 | INFO | epoch=080 train_batch=110/389 running_loss=0.098084
2026-08-19 21:04:52 | INFO | epoch=080 train_batch=120/389 running_loss=0.097942
2026-08-19 21:04:52 | INFO | epoch=080 train_batch=130/389 running_loss=0.097436
2026-08-19 21:04:52 | INFO | epoch=080 train_batch=140/389 running_loss=0.097674
2026-08-19 21:04:53 | INFO | epoch=080 train_batch=150/389 running_loss=0.097794
2026-08-19 21:04:53 | INFO | epoch=080 train_batch=160/389 running_loss=0.097874
2026-08-19 21:04:53 | INFO | epoch=080 train_batch=170/389 running_loss=0.098302
2026-08-19 21:04:54 | INFO | epoch=080 train_batch=180/389 running_loss=0.098057
2026-08-19 21:04:54 | INFO | epoch=080 train_batch=190/389 running_loss=0.097840
2026-08-19 21:04:54 | INFO | epoch=080 train_batch=200/389 running_loss=0.098127
2026-08-19 21:04:55 | INFO | epoch=080 train_batch=210/389 running_loss=0.097993
2026-08-19 21:04:55 | INFO | epoch=080 train_batch=220/389 running_loss=0.098034
2026-08-19 21:04:55 | INFO | epoch=080 train_batch=230/389 running_loss=0.098235
2026-08-19 21:04:56 | INFO | epoch=080 train_batch=240/389 running_loss=0.097991
2026-08-19 21:04:56 | INFO | epoch=080 train_batch=250/389 running_loss=0.097885
2026-08-19 21:04:56 | INFO | epoch=080 train_batch=260/389 running_loss=0.097926
2026-08-19 21:04:57 | INFO | epoch=080 train_batch=270/389 running_loss=0.098043
2026-08-19 21:04:57 | INFO | epoch=080 train_batch=280/389 running_loss=0.098028
2026-08-19 21:04:57 | INFO | epoch=080 train_batch=290/389 running_loss=0.098158
2026-08-19 21:04:58 | INFO | epoch=080 train_batch=300/389 running_loss=0.098185
2026-08-19 21:04:58 | INFO | epoch=080 train_batch=310/389 running_loss=0.098057
2026-08-19 21:04:58 | INFO | epoch=080 train_batch=320/389 running_loss=0.098014
2026-08-19 21:04:59 | INFO | epoch=080 train_batch=330/389 running_loss=0.098054
2026-08-19 21:04:59 | INFO | epoch=080 train_batch=340/389 running_loss=0.098309
2026-08-19 21:04:59 | INFO | epoch=080 train_batch=350/389 running_loss=0.098406
2026-08-19 21:05:00 | INFO | epoch=080 train_batch=360/389 running_loss=0.098266
2026-08-19 21:05:00 | INFO | epoch=080 train_batch=370/389 running_loss=0.098323
2026-08-19 21:05:01 | INFO | epoch=080 train_batch=380/389 running_loss=0.098124
2026-08-19 21:05:01 | INFO | epoch=080 train_batch=389/389 running_loss=0.098143
2026-08-19 21:05:02 | INFO | epoch=080 train_loss=0.098143 validation_loss=0.159111
2026-08-19 21:05:02 | INFO | epoch=081 train_batch=10/389 running_loss=0.103398
2026-08-19 21:05:02 | INFO | epoch=081 train_batch=20/389 running_loss=0.102291
2026-08-19 21:05:03 | INFO | epoch=081 train_batch=30/389 running_loss=0.101301
2026-08-19 21:05:03 | INFO | epoch=081 train_batch=40/389 running_loss=0.100678
2026-08-19 21:05:04 | INFO | epoch=081 train_batch=50/389 running_loss=0.099091
2026-08-19 21:05:04 | INFO | epoch=081 train_batch=60/389 running_loss=0.098343
2026-08-19 21:05:04 | INFO | epoch=081 train_batch=70/389 running_loss=0.097579
2026-08-19 21:05:05 | INFO | epoch=081 train_batch=80/389 running_loss=0.097580
2026-08-19 21:05:05 | INFO | epoch=081 train_batch=90/389 running_loss=0.098068
2026-08-19 21:05:05 | INFO | epoch=081 train_batch=100/389 running_loss=0.098865
2026-08-19 21:05:06 | INFO | epoch=081 train_batch=110/389 running_loss=0.098048
2026-08-19 21:05:06 | INFO | epoch=081 train_batch=120/389 running_loss=0.097984
2026-08-19 21:05:06 | INFO | epoch=081 train_batch=130/389 running_loss=0.098331
2026-08-19 21:05:07 | INFO | epoch=081 train_batch=140/389 running_loss=0.098676
2026-08-19 21:05:07 | INFO | epoch=081 train_batch=150/389 running_loss=0.098376
2026-08-19 21:05:07 | INFO | epoch=081 train_batch=160/389 running_loss=0.098052
2026-08-19 21:05:08 | INFO | epoch=081 train_batch=170/389 running_loss=0.098108
2026-08-19 21:05:08 | INFO | epoch=081 train_batch=180/389 running_loss=0.098031
2026-08-19 21:05:08 | INFO | epoch=081 train_batch=190/389 running_loss=0.097696
2026-08-19 21:05:09 | INFO | epoch=081 train_batch=200/389 running_loss=0.097696
2026-08-19 21:05:09 | INFO | epoch=081 train_batch=210/389 running_loss=0.097842
2026-08-19 21:05:09 | INFO | epoch=081 train_batch=220/389 running_loss=0.097871
2026-08-19 21:05:10 | INFO | epoch=081 train_batch=230/389 running_loss=0.098162
2026-08-19 21:05:10 | INFO | epoch=081 train_batch=240/389 running_loss=0.098048
2026-08-19 21:05:11 | INFO | epoch=081 train_batch=250/389 running_loss=0.097987
2026-08-19 21:05:11 | INFO | epoch=081 train_batch=260/389 running_loss=0.097853
2026-08-19 21:05:11 | INFO | epoch=081 train_batch=270/389 running_loss=0.097639
2026-08-19 21:05:12 | INFO | epoch=081 train_batch=280/389 running_loss=0.097809
2026-08-19 21:05:12 | INFO | epoch=081 train_batch=290/389 running_loss=0.097907
2026-08-19 21:05:12 | INFO | epoch=081 train_batch=300/389 running_loss=0.097805
2026-08-19 21:05:13 | INFO | epoch=081 train_batch=310/389 running_loss=0.097613
2026-08-19 21:05:13 | INFO | epoch=081 train_batch=320/389 running_loss=0.097645
2026-08-19 21:05:13 | INFO | epoch=081 train_batch=330/389 running_loss=0.097782
2026-08-19 21:05:14 | INFO | epoch=081 train_batch=340/389 running_loss=0.097768
2026-08-19 21:05:14 | INFO | epoch=081 train_batch=350/389 running_loss=0.098166
2026-08-19 21:05:14 | INFO | epoch=081 train_batch=360/389 running_loss=0.098169
2026-08-19 21:05:15 | INFO | epoch=081 train_batch=370/389 running_loss=0.098191
2026-08-19 21:05:15 | INFO | epoch=081 train_batch=380/389 running_loss=0.098157
2026-08-19 21:05:15 | INFO | epoch=081 train_batch=389/389 running_loss=0.098238
2026-08-19 21:05:16 | INFO | epoch=081 train_loss=0.098238 validation_loss=0.158123
2026-08-19 21:05:17 | INFO | epoch=082 train_batch=10/389 running_loss=0.089095
2026-08-19 21:05:17 | INFO | epoch=082 train_batch=20/389 running_loss=0.093617
2026-08-19 21:05:17 | INFO | epoch=082 train_batch=30/389 running_loss=0.092000
2026-08-19 21:05:18 | INFO | epoch=082 train_batch=40/389 running_loss=0.094186
2026-08-19 21:05:18 | INFO | epoch=082 train_batch=50/389 running_loss=0.095453
2026-08-19 21:05:18 | INFO | epoch=082 train_batch=60/389 running_loss=0.094724
2026-08-19 21:05:19 | INFO | epoch=082 train_batch=70/389 running_loss=0.094779
2026-08-19 21:05:19 | INFO | epoch=082 train_batch=80/389 running_loss=0.096002
2026-08-19 21:05:19 | INFO | epoch=082 train_batch=90/389 running_loss=0.096334
2026-08-19 21:05:20 | INFO | epoch=082 train_batch=100/389 running_loss=0.096643
2026-08-19 21:05:20 | INFO | epoch=082 train_batch=110/389 running_loss=0.096767
2026-08-19 21:05:21 | INFO | epoch=082 train_batch=120/389 running_loss=0.096952
2026-08-19 21:05:21 | INFO | epoch=082 train_batch=130/389 running_loss=0.097029
2026-08-19 21:05:21 | INFO | epoch=082 train_batch=140/389 running_loss=0.096943
2026-08-19 21:05:22 | INFO | epoch=082 train_batch=150/389 running_loss=0.096714
2026-08-19 21:05:22 | INFO | epoch=082 train_batch=160/389 running_loss=0.096313
2026-08-19 21:05:22 | INFO | epoch=082 train_batch=170/389 running_loss=0.096842
2026-08-19 21:05:23 | INFO | epoch=082 train_batch=180/389 running_loss=0.096692
2026-08-19 21:05:23 | INFO | epoch=082 train_batch=190/389 running_loss=0.096772
2026-08-19 21:05:23 | INFO | epoch=082 train_batch=200/389 running_loss=0.096890
2026-08-19 21:05:24 | INFO | epoch=082 train_batch=210/389 running_loss=0.096910
2026-08-19 21:05:24 | INFO | epoch=082 train_batch=220/389 running_loss=0.097021
2026-08-19 21:05:24 | INFO | epoch=082 train_batch=230/389 running_loss=0.097052
2026-08-19 21:05:25 | INFO | epoch=082 train_batch=240/389 running_loss=0.097151
2026-08-19 21:05:25 | INFO | epoch=082 train_batch=250/389 running_loss=0.097243
2026-08-19 21:05:25 | INFO | epoch=082 train_batch=260/389 running_loss=0.097116
2026-08-19 21:05:26 | INFO | epoch=082 train_batch=270/389 running_loss=0.096995
2026-08-19 21:05:26 | INFO | epoch=082 train_batch=280/389 running_loss=0.096852
2026-08-19 21:05:26 | INFO | epoch=082 train_batch=290/389 running_loss=0.096854
2026-08-19 21:05:27 | INFO | epoch=082 train_batch=300/389 running_loss=0.096655
2026-08-19 21:05:27 | INFO | epoch=082 train_batch=310/389 running_loss=0.096689
2026-08-19 21:05:27 | INFO | epoch=082 train_batch=320/389 running_loss=0.096865
2026-08-19 21:05:28 | INFO | epoch=082 train_batch=330/389 running_loss=0.096943
2026-08-19 21:05:28 | INFO | epoch=082 train_batch=340/389 running_loss=0.096955
2026-08-19 21:05:28 | INFO | epoch=082 train_batch=350/389 running_loss=0.097145
2026-08-19 21:05:29 | INFO | epoch=082 train_batch=360/389 running_loss=0.097279
2026-08-19 21:05:29 | INFO | epoch=082 train_batch=370/389 running_loss=0.097226
2026-08-19 21:05:29 | INFO | epoch=082 train_batch=380/389 running_loss=0.097173
2026-08-19 21:05:30 | INFO | epoch=082 train_batch=389/389 running_loss=0.097140
2026-08-19 21:05:31 | INFO | epoch=082 train_loss=0.097140 validation_loss=0.159034
2026-08-19 21:05:31 | INFO | epoch=083 train_batch=10/389 running_loss=0.096406
2026-08-19 21:05:31 | INFO | epoch=083 train_batch=20/389 running_loss=0.094361
2026-08-19 21:05:32 | INFO | epoch=083 train_batch=30/389 running_loss=0.091463
2026-08-19 21:05:32 | INFO | epoch=083 train_batch=40/389 running_loss=0.092559
2026-08-19 21:05:32 | INFO | epoch=083 train_batch=50/389 running_loss=0.095455
2026-08-19 21:05:33 | INFO | epoch=083 train_batch=60/389 running_loss=0.096241
2026-08-19 21:05:33 | INFO | epoch=083 train_batch=70/389 running_loss=0.096435
2026-08-19 21:05:34 | INFO | epoch=083 train_batch=80/389 running_loss=0.095472
2026-08-19 21:05:34 | INFO | epoch=083 train_batch=90/389 running_loss=0.095793
2026-08-19 21:05:34 | INFO | epoch=083 train_batch=100/389 running_loss=0.095998
2026-08-19 21:05:35 | INFO | epoch=083 train_batch=110/389 running_loss=0.096296
2026-08-19 21:05:35 | INFO | epoch=083 train_batch=120/389 running_loss=0.096176
2026-08-19 21:05:35 | INFO | epoch=083 train_batch=130/389 running_loss=0.095690
2026-08-19 21:05:36 | INFO | epoch=083 train_batch=140/389 running_loss=0.095446
2026-08-19 21:05:36 | INFO | epoch=083 train_batch=150/389 running_loss=0.095137
2026-08-19 21:05:36 | INFO | epoch=083 train_batch=160/389 running_loss=0.095198
2026-08-19 21:05:37 | INFO | epoch=083 train_batch=170/389 running_loss=0.095108
2026-08-19 21:05:37 | INFO | epoch=083 train_batch=180/389 running_loss=0.094874
2026-08-19 21:05:37 | INFO | epoch=083 train_batch=190/389 running_loss=0.095000
2026-08-19 21:05:38 | INFO | epoch=083 train_batch=200/389 running_loss=0.095228
2026-08-19 21:05:38 | INFO | epoch=083 train_batch=210/389 running_loss=0.095759
2026-08-19 21:05:38 | INFO | epoch=083 train_batch=220/389 running_loss=0.095830
2026-08-19 21:05:39 | INFO | epoch=083 train_batch=230/389 running_loss=0.095726
2026-08-19 21:05:39 | INFO | epoch=083 train_batch=240/389 running_loss=0.095708
2026-08-19 21:05:39 | INFO | epoch=083 train_batch=250/389 running_loss=0.095934
2026-08-19 21:05:40 | INFO | epoch=083 train_batch=260/389 running_loss=0.096307
2026-08-19 21:05:40 | INFO | epoch=083 train_batch=270/389 running_loss=0.096651
2026-08-19 21:05:40 | INFO | epoch=083 train_batch=280/389 running_loss=0.096811
2026-08-19 21:05:41 | INFO | epoch=083 train_batch=290/389 running_loss=0.097244
2026-08-19 21:05:41 | INFO | epoch=083 train_batch=300/389 running_loss=0.097288
2026-08-19 21:05:41 | INFO | epoch=083 train_batch=310/389 running_loss=0.097186
2026-08-19 21:05:42 | INFO | epoch=083 train_batch=320/389 running_loss=0.097205
2026-08-19 21:05:42 | INFO | epoch=083 train_batch=330/389 running_loss=0.097266
2026-08-19 21:05:42 | INFO | epoch=083 train_batch=340/389 running_loss=0.097062
2026-08-19 21:05:43 | INFO | epoch=083 train_batch=350/389 running_loss=0.096976
2026-08-19 21:05:43 | INFO | epoch=083 train_batch=360/389 running_loss=0.096701
2026-08-19 21:05:44 | INFO | epoch=083 train_batch=370/389 running_loss=0.096707
2026-08-19 21:05:44 | INFO | epoch=083 train_batch=380/389 running_loss=0.096555
2026-08-19 21:05:44 | INFO | epoch=083 train_batch=389/389 running_loss=0.096577
2026-08-19 21:05:45 | INFO | epoch=083 train_loss=0.096577 validation_loss=0.155921
2026-08-19 21:05:45 | INFO | epoch=083 saved new best.pt
2026-08-19 21:05:46 | INFO | epoch=084 train_batch=10/389 running_loss=0.101724
2026-08-19 21:05:46 | INFO | epoch=084 train_batch=20/389 running_loss=0.099469
2026-08-19 21:05:46 | INFO | epoch=084 train_batch=30/389 running_loss=0.099622
2026-08-19 21:05:47 | INFO | epoch=084 train_batch=40/389 running_loss=0.101098
2026-08-19 21:05:47 | INFO | epoch=084 train_batch=50/389 running_loss=0.100704
2026-08-19 21:05:47 | INFO | epoch=084 train_batch=60/389 running_loss=0.099995
2026-08-19 21:05:48 | INFO | epoch=084 train_batch=70/389 running_loss=0.098972
2026-08-19 21:05:48 | INFO | epoch=084 train_batch=80/389 running_loss=0.099158
2026-08-19 21:05:48 | INFO | epoch=084 train_batch=90/389 running_loss=0.098788
2026-08-19 21:05:49 | INFO | epoch=084 train_batch=100/389 running_loss=0.098734
2026-08-19 21:05:49 | INFO | epoch=084 train_batch=110/389 running_loss=0.098739
2026-08-19 21:05:50 | INFO | epoch=084 train_batch=120/389 running_loss=0.098313
2026-08-19 21:05:50 | INFO | epoch=084 train_batch=130/389 running_loss=0.098413
2026-08-19 21:05:50 | INFO | epoch=084 train_batch=140/389 running_loss=0.098560
2026-08-19 21:05:51 | INFO | epoch=084 train_batch=150/389 running_loss=0.098748
2026-08-19 21:05:51 | INFO | epoch=084 train_batch=160/389 running_loss=0.098602
2026-08-19 21:05:51 | INFO | epoch=084 train_batch=170/389 running_loss=0.098498
2026-08-19 21:05:52 | INFO | epoch=084 train_batch=180/389 running_loss=0.098251
2026-08-19 21:05:52 | INFO | epoch=084 train_batch=190/389 running_loss=0.098204
2026-08-19 21:05:52 | INFO | epoch=084 train_batch=200/389 running_loss=0.098115
2026-08-19 21:05:53 | INFO | epoch=084 train_batch=210/389 running_loss=0.098149
2026-08-19 21:05:53 | INFO | epoch=084 train_batch=220/389 running_loss=0.097953
2026-08-19 21:05:54 | INFO | epoch=084 train_batch=230/389 running_loss=0.097521
2026-08-19 21:05:54 | INFO | epoch=084 train_batch=240/389 running_loss=0.097464
2026-08-19 21:05:54 | INFO | epoch=084 train_batch=250/389 running_loss=0.097404
2026-08-19 21:05:55 | INFO | epoch=084 train_batch=260/389 running_loss=0.097296
2026-08-19 21:05:55 | INFO | epoch=084 train_batch=270/389 running_loss=0.097416
2026-08-19 21:05:55 | INFO | epoch=084 train_batch=280/389 running_loss=0.097429
2026-08-19 21:05:56 | INFO | epoch=084 train_batch=290/389 running_loss=0.097563
2026-08-19 21:05:56 | INFO | epoch=084 train_batch=300/389 running_loss=0.097628
2026-08-19 21:05:56 | INFO | epoch=084 train_batch=310/389 running_loss=0.097455
2026-08-19 21:05:57 | INFO | epoch=084 train_batch=320/389 running_loss=0.097347
2026-08-19 21:05:57 | INFO | epoch=084 train_batch=330/389 running_loss=0.097139
2026-08-19 21:05:58 | INFO | epoch=084 train_batch=340/389 running_loss=0.097150
2026-08-19 21:05:58 | INFO | epoch=084 train_batch=350/389 running_loss=0.097039
2026-08-19 21:05:58 | INFO | epoch=084 train_batch=360/389 running_loss=0.097132
2026-08-19 21:05:59 | INFO | epoch=084 train_batch=370/389 running_loss=0.097178
2026-08-19 21:05:59 | INFO | epoch=084 train_batch=380/389 running_loss=0.097058
2026-08-19 21:05:59 | INFO | epoch=084 train_batch=389/389 running_loss=0.097039
2026-08-19 21:06:00 | INFO | epoch=084 train_loss=0.097039 validation_loss=0.158904
2026-08-19 21:06:01 | INFO | epoch=085 train_batch=10/389 running_loss=0.092473
2026-08-19 21:06:01 | INFO | epoch=085 train_batch=20/389 running_loss=0.093252
2026-08-19 21:06:01 | INFO | epoch=085 train_batch=30/389 running_loss=0.095784
2026-08-19 21:06:02 | INFO | epoch=085 train_batch=40/389 running_loss=0.097545
2026-08-19 21:06:02 | INFO | epoch=085 train_batch=50/389 running_loss=0.096308
2026-08-19 21:06:02 | INFO | epoch=085 train_batch=60/389 running_loss=0.095594
2026-08-19 21:06:03 | INFO | epoch=085 train_batch=70/389 running_loss=0.096401
2026-08-19 21:06:03 | INFO | epoch=085 train_batch=80/389 running_loss=0.096544
2026-08-19 21:06:04 | INFO | epoch=085 train_batch=90/389 running_loss=0.097256
2026-08-19 21:06:04 | INFO | epoch=085 train_batch=100/389 running_loss=0.096787
2026-08-19 21:06:04 | INFO | epoch=085 train_batch=110/389 running_loss=0.097548
2026-08-19 21:06:05 | INFO | epoch=085 train_batch=120/389 running_loss=0.097325
2026-08-19 21:06:05 | INFO | epoch=085 train_batch=130/389 running_loss=0.096905
2026-08-19 21:06:05 | INFO | epoch=085 train_batch=140/389 running_loss=0.096471
2026-08-19 21:06:06 | INFO | epoch=085 train_batch=150/389 running_loss=0.096326
2026-08-19 21:06:06 | INFO | epoch=085 train_batch=160/389 running_loss=0.096058
2026-08-19 21:06:06 | INFO | epoch=085 train_batch=170/389 running_loss=0.096232
2026-08-19 21:06:07 | INFO | epoch=085 train_batch=180/389 running_loss=0.096637
2026-08-19 21:06:07 | INFO | epoch=085 train_batch=190/389 running_loss=0.096463
2026-08-19 21:06:08 | INFO | epoch=085 train_batch=200/389 running_loss=0.096465
2026-08-19 21:06:08 | INFO | epoch=085 train_batch=210/389 running_loss=0.096681
2026-08-19 21:06:08 | INFO | epoch=085 train_batch=220/389 running_loss=0.096678
2026-08-19 21:06:09 | INFO | epoch=085 train_batch=230/389 running_loss=0.096675
2026-08-19 21:06:09 | INFO | epoch=085 train_batch=240/389 running_loss=0.096640
2026-08-19 21:06:09 | INFO | epoch=085 train_batch=250/389 running_loss=0.096659
2026-08-19 21:06:10 | INFO | epoch=085 train_batch=260/389 running_loss=0.096295
2026-08-19 21:06:10 | INFO | epoch=085 train_batch=270/389 running_loss=0.096346
2026-08-19 21:06:10 | INFO | epoch=085 train_batch=280/389 running_loss=0.096440
2026-08-19 21:06:11 | INFO | epoch=085 train_batch=290/389 running_loss=0.096409
2026-08-19 21:06:11 | INFO | epoch=085 train_batch=300/389 running_loss=0.096442
2026-08-19 21:06:12 | INFO | epoch=085 train_batch=310/389 running_loss=0.096512
2026-08-19 21:06:12 | INFO | epoch=085 train_batch=320/389 running_loss=0.096434
2026-08-19 21:06:12 | INFO | epoch=085 train_batch=330/389 running_loss=0.096226
2026-08-19 21:06:13 | INFO | epoch=085 train_batch=340/389 running_loss=0.096078
2026-08-19 21:06:13 | INFO | epoch=085 train_batch=350/389 running_loss=0.096033
2026-08-19 21:06:13 | INFO | epoch=085 train_batch=360/389 running_loss=0.096110
2026-08-19 21:06:14 | INFO | epoch=085 train_batch=370/389 running_loss=0.096066
2026-08-19 21:06:14 | INFO | epoch=085 train_batch=380/389 running_loss=0.096013
2026-08-19 21:06:14 | INFO | epoch=085 train_batch=389/389 running_loss=0.095914
2026-08-19 21:06:15 | INFO | epoch=085 train_loss=0.095914 validation_loss=0.157037
2026-08-19 21:06:16 | INFO | epoch=086 train_batch=10/389 running_loss=0.094338
2026-08-19 21:06:16 | INFO | epoch=086 train_batch=20/389 running_loss=0.099872
2026-08-19 21:06:16 | INFO | epoch=086 train_batch=30/389 running_loss=0.098527
2026-08-19 21:06:17 | INFO | epoch=086 train_batch=40/389 running_loss=0.097380
2026-08-19 21:06:17 | INFO | epoch=086 train_batch=50/389 running_loss=0.096469
2026-08-19 21:06:18 | INFO | epoch=086 train_batch=60/389 running_loss=0.096820
2026-08-19 21:06:18 | INFO | epoch=086 train_batch=70/389 running_loss=0.096978
2026-08-19 21:06:18 | INFO | epoch=086 train_batch=80/389 running_loss=0.096353
2026-08-19 21:06:19 | INFO | epoch=086 train_batch=90/389 running_loss=0.096320
2026-08-19 21:06:19 | INFO | epoch=086 train_batch=100/389 running_loss=0.096613
2026-08-19 21:06:19 | INFO | epoch=086 train_batch=110/389 running_loss=0.096849
2026-08-19 21:06:20 | INFO | epoch=086 train_batch=120/389 running_loss=0.096834
2026-08-19 21:06:20 | INFO | epoch=086 train_batch=130/389 running_loss=0.096574
2026-08-19 21:06:20 | INFO | epoch=086 train_batch=140/389 running_loss=0.096960
2026-08-19 21:06:21 | INFO | epoch=086 train_batch=150/389 running_loss=0.096665
2026-08-19 21:06:21 | INFO | epoch=086 train_batch=160/389 running_loss=0.096713
2026-08-19 21:06:22 | INFO | epoch=086 train_batch=170/389 running_loss=0.097275
2026-08-19 21:06:22 | INFO | epoch=086 train_batch=180/389 running_loss=0.097555
2026-08-19 21:06:22 | INFO | epoch=086 train_batch=190/389 running_loss=0.097367
2026-08-19 21:06:23 | INFO | epoch=086 train_batch=200/389 running_loss=0.097378
2026-08-19 21:06:23 | INFO | epoch=086 train_batch=210/389 running_loss=0.097402
2026-08-19 21:06:23 | INFO | epoch=086 train_batch=220/389 running_loss=0.097406
2026-08-19 21:06:24 | INFO | epoch=086 train_batch=230/389 running_loss=0.097468
2026-08-19 21:06:24 | INFO | epoch=086 train_batch=240/389 running_loss=0.097344
2026-08-19 21:06:24 | INFO | epoch=086 train_batch=250/389 running_loss=0.097220
2026-08-19 21:06:25 | INFO | epoch=086 train_batch=260/389 running_loss=0.097158
2026-08-19 21:06:25 | INFO | epoch=086 train_batch=270/389 running_loss=0.096973
2026-08-19 21:06:26 | INFO | epoch=086 train_batch=280/389 running_loss=0.097015
2026-08-19 21:06:26 | INFO | epoch=086 train_batch=290/389 running_loss=0.096771
2026-08-19 21:06:26 | INFO | epoch=086 train_batch=300/389 running_loss=0.096500
2026-08-19 21:06:27 | INFO | epoch=086 train_batch=310/389 running_loss=0.096477
2026-08-19 21:06:27 | INFO | epoch=086 train_batch=320/389 running_loss=0.096385
2026-08-19 21:06:27 | INFO | epoch=086 train_batch=330/389 running_loss=0.096467
2026-08-19 21:06:28 | INFO | epoch=086 train_batch=340/389 running_loss=0.096514
2026-08-19 21:06:28 | INFO | epoch=086 train_batch=350/389 running_loss=0.096399
2026-08-19 21:06:28 | INFO | epoch=086 train_batch=360/389 running_loss=0.096648
2026-08-19 21:06:29 | INFO | epoch=086 train_batch=370/389 running_loss=0.096821
2026-08-19 21:06:29 | INFO | epoch=086 train_batch=380/389 running_loss=0.096732
2026-08-19 21:06:29 | INFO | epoch=086 train_batch=389/389 running_loss=0.096640
2026-08-19 21:06:30 | INFO | epoch=086 train_loss=0.096640 validation_loss=0.159576
2026-08-19 21:06:31 | INFO | epoch=087 train_batch=10/389 running_loss=0.093878
2026-08-19 21:06:31 | INFO | epoch=087 train_batch=20/389 running_loss=0.095612
2026-08-19 21:06:32 | INFO | epoch=087 train_batch=30/389 running_loss=0.097137
2026-08-19 21:06:32 | INFO | epoch=087 train_batch=40/389 running_loss=0.097911
2026-08-19 21:06:32 | INFO | epoch=087 train_batch=50/389 running_loss=0.098213
2026-08-19 21:06:33 | INFO | epoch=087 train_batch=60/389 running_loss=0.096970
2026-08-19 21:06:33 | INFO | epoch=087 train_batch=70/389 running_loss=0.095832
2026-08-19 21:06:33 | INFO | epoch=087 train_batch=80/389 running_loss=0.095495
2026-08-19 21:06:34 | INFO | epoch=087 train_batch=90/389 running_loss=0.095658
2026-08-19 21:06:34 | INFO | epoch=087 train_batch=100/389 running_loss=0.095395
2026-08-19 21:06:34 | INFO | epoch=087 train_batch=110/389 running_loss=0.096041
2026-08-19 21:06:35 | INFO | epoch=087 train_batch=120/389 running_loss=0.096177
2026-08-19 21:06:35 | INFO | epoch=087 train_batch=130/389 running_loss=0.095845
2026-08-19 21:06:36 | INFO | epoch=087 train_batch=140/389 running_loss=0.095967
2026-08-19 21:06:36 | INFO | epoch=087 train_batch=150/389 running_loss=0.095667
2026-08-19 21:06:36 | INFO | epoch=087 train_batch=160/389 running_loss=0.095594
2026-08-19 21:06:37 | INFO | epoch=087 train_batch=170/389 running_loss=0.095601
2026-08-19 21:06:37 | INFO | epoch=087 train_batch=180/389 running_loss=0.095697
2026-08-19 21:06:37 | INFO | epoch=087 train_batch=190/389 running_loss=0.095602
2026-08-19 21:06:38 | INFO | epoch=087 train_batch=200/389 running_loss=0.095828
2026-08-19 21:06:38 | INFO | epoch=087 train_batch=210/389 running_loss=0.095833
2026-08-19 21:06:38 | INFO | epoch=087 train_batch=220/389 running_loss=0.095912
2026-08-19 21:06:39 | INFO | epoch=087 train_batch=230/389 running_loss=0.095951
2026-08-19 21:06:39 | INFO | epoch=087 train_batch=240/389 running_loss=0.095769
2026-08-19 21:06:40 | INFO | epoch=087 train_batch=250/389 running_loss=0.095632
2026-08-19 21:06:40 | INFO | epoch=087 train_batch=260/389 running_loss=0.095408
2026-08-19 21:06:40 | INFO | epoch=087 train_batch=270/389 running_loss=0.095528
2026-08-19 21:06:41 | INFO | epoch=087 train_batch=280/389 running_loss=0.095388
2026-08-19 21:06:41 | INFO | epoch=087 train_batch=290/389 running_loss=0.095379
2026-08-19 21:06:41 | INFO | epoch=087 train_batch=300/389 running_loss=0.095397
2026-08-19 21:06:42 | INFO | epoch=087 train_batch=310/389 running_loss=0.095367
2026-08-19 21:06:42 | INFO | epoch=087 train_batch=320/389 running_loss=0.095412
2026-08-19 21:06:42 | INFO | epoch=087 train_batch=330/389 running_loss=0.095453
2026-08-19 21:06:43 | INFO | epoch=087 train_batch=340/389 running_loss=0.095398
2026-08-19 21:06:43 | INFO | epoch=087 train_batch=350/389 running_loss=0.095510
2026-08-19 21:06:44 | INFO | epoch=087 train_batch=360/389 running_loss=0.095657
2026-08-19 21:06:44 | INFO | epoch=087 train_batch=370/389 running_loss=0.095561
2026-08-19 21:06:44 | INFO | epoch=087 train_batch=380/389 running_loss=0.095681
2026-08-19 21:06:45 | INFO | epoch=087 train_batch=389/389 running_loss=0.095789
2026-08-19 21:06:45 | INFO | epoch=087 train_loss=0.095789 validation_loss=0.154217
2026-08-19 21:06:46 | INFO | epoch=087 saved new best.pt
2026-08-19 21:06:46 | INFO | epoch=088 train_batch=10/389 running_loss=0.101377
2026-08-19 21:06:46 | INFO | epoch=088 train_batch=20/389 running_loss=0.098929
2026-08-19 21:06:47 | INFO | epoch=088 train_batch=30/389 running_loss=0.095810
2026-08-19 21:06:47 | INFO | epoch=088 train_batch=40/389 running_loss=0.096032
2026-08-19 21:06:47 | INFO | epoch=088 train_batch=50/389 running_loss=0.096640
2026-08-19 21:06:48 | INFO | epoch=088 train_batch=60/389 running_loss=0.095936
2026-08-19 21:06:48 | INFO | epoch=088 train_batch=70/389 running_loss=0.096108
2026-08-19 21:06:49 | INFO | epoch=088 train_batch=80/389 running_loss=0.096562
2026-08-19 21:06:49 | INFO | epoch=088 train_batch=90/389 running_loss=0.096769
2026-08-19 21:06:49 | INFO | epoch=088 train_batch=100/389 running_loss=0.097007
2026-08-19 21:06:50 | INFO | epoch=088 train_batch=110/389 running_loss=0.097209
2026-08-19 21:06:50 | INFO | epoch=088 train_batch=120/389 running_loss=0.096885
2026-08-19 21:06:50 | INFO | epoch=088 train_batch=130/389 running_loss=0.097236
2026-08-19 21:06:51 | INFO | epoch=088 train_batch=140/389 running_loss=0.097265
2026-08-19 21:06:51 | INFO | epoch=088 train_batch=150/389 running_loss=0.097841
2026-08-19 21:06:51 | INFO | epoch=088 train_batch=160/389 running_loss=0.097564
2026-08-19 21:06:52 | INFO | epoch=088 train_batch=170/389 running_loss=0.097674
2026-08-19 21:06:52 | INFO | epoch=088 train_batch=180/389 running_loss=0.097691
2026-08-19 21:06:53 | INFO | epoch=088 train_batch=190/389 running_loss=0.097711
2026-08-19 21:06:53 | INFO | epoch=088 train_batch=200/389 running_loss=0.097637
2026-08-19 21:06:53 | INFO | epoch=088 train_batch=210/389 running_loss=0.097661
2026-08-19 21:06:54 | INFO | epoch=088 train_batch=220/389 running_loss=0.097741
2026-08-19 21:06:54 | INFO | epoch=088 train_batch=230/389 running_loss=0.097837
2026-08-19 21:06:54 | INFO | epoch=088 train_batch=240/389 running_loss=0.097780
2026-08-19 21:06:55 | INFO | epoch=088 train_batch=250/389 running_loss=0.097859
2026-08-19 21:06:55 | INFO | epoch=088 train_batch=260/389 running_loss=0.097586
2026-08-19 21:06:56 | INFO | epoch=088 train_batch=270/389 running_loss=0.097457
2026-08-19 21:06:56 | INFO | epoch=088 train_batch=280/389 running_loss=0.097363
2026-08-19 21:06:56 | INFO | epoch=088 train_batch=290/389 running_loss=0.097064
2026-08-19 21:06:57 | INFO | epoch=088 train_batch=300/389 running_loss=0.096876
2026-08-19 21:06:57 | INFO | epoch=088 train_batch=310/389 running_loss=0.096855
2026-08-19 21:06:57 | INFO | epoch=088 train_batch=320/389 running_loss=0.096746
2026-08-19 21:06:58 | INFO | epoch=088 train_batch=330/389 running_loss=0.096773
2026-08-19 21:06:58 | INFO | epoch=088 train_batch=340/389 running_loss=0.096725
2026-08-19 21:06:58 | INFO | epoch=088 train_batch=350/389 running_loss=0.096773
2026-08-19 21:06:59 | INFO | epoch=088 train_batch=360/389 running_loss=0.096830
2026-08-19 21:06:59 | INFO | epoch=088 train_batch=370/389 running_loss=0.096861
2026-08-19 21:07:00 | INFO | epoch=088 train_batch=380/389 running_loss=0.096784
2026-08-19 21:07:00 | INFO | epoch=088 train_batch=389/389 running_loss=0.096669
2026-08-19 21:07:01 | INFO | epoch=088 train_loss=0.096669 validation_loss=0.154915
2026-08-19 21:07:01 | INFO | epoch=089 train_batch=10/389 running_loss=0.090613
2026-08-19 21:07:02 | INFO | epoch=089 train_batch=20/389 running_loss=0.090569
2026-08-19 21:07:02 | INFO | epoch=089 train_batch=30/389 running_loss=0.092989
2026-08-19 21:07:02 | INFO | epoch=089 train_batch=40/389 running_loss=0.094922
2026-08-19 21:07:03 | INFO | epoch=089 train_batch=50/389 running_loss=0.094244
2026-08-19 21:07:03 | INFO | epoch=089 train_batch=60/389 running_loss=0.093391
2026-08-19 21:07:03 | INFO | epoch=089 train_batch=70/389 running_loss=0.094265
2026-08-19 21:07:04 | INFO | epoch=089 train_batch=80/389 running_loss=0.093700
2026-08-19 21:07:04 | INFO | epoch=089 train_batch=90/389 running_loss=0.094162
2026-08-19 21:07:04 | INFO | epoch=089 train_batch=100/389 running_loss=0.094739
2026-08-19 21:07:05 | INFO | epoch=089 train_batch=110/389 running_loss=0.095099
2026-08-19 21:07:05 | INFO | epoch=089 train_batch=120/389 running_loss=0.094779
2026-08-19 21:07:06 | INFO | epoch=089 train_batch=130/389 running_loss=0.094997
2026-08-19 21:07:06 | INFO | epoch=089 train_batch=140/389 running_loss=0.095336
2026-08-19 21:07:06 | INFO | epoch=089 train_batch=150/389 running_loss=0.095649
2026-08-19 21:07:07 | INFO | epoch=089 train_batch=160/389 running_loss=0.095631
2026-08-19 21:07:07 | INFO | epoch=089 train_batch=170/389 running_loss=0.095747
2026-08-19 21:07:07 | INFO | epoch=089 train_batch=180/389 running_loss=0.095553
2026-08-19 21:07:08 | INFO | epoch=089 train_batch=190/389 running_loss=0.095781
2026-08-19 21:07:08 | INFO | epoch=089 train_batch=200/389 running_loss=0.095678
2026-08-19 21:07:08 | INFO | epoch=089 train_batch=210/389 running_loss=0.095672
2026-08-19 21:07:09 | INFO | epoch=089 train_batch=220/389 running_loss=0.095622
2026-08-19 21:07:09 | INFO | epoch=089 train_batch=230/389 running_loss=0.095472
2026-08-19 21:07:10 | INFO | epoch=089 train_batch=240/389 running_loss=0.095330
2026-08-19 21:07:10 | INFO | epoch=089 train_batch=250/389 running_loss=0.095731
2026-08-19 21:07:10 | INFO | epoch=089 train_batch=260/389 running_loss=0.095704
2026-08-19 21:07:11 | INFO | epoch=089 train_batch=270/389 running_loss=0.095521
2026-08-19 21:07:11 | INFO | epoch=089 train_batch=280/389 running_loss=0.095587
2026-08-19 21:07:11 | INFO | epoch=089 train_batch=290/389 running_loss=0.095593
2026-08-19 21:07:12 | INFO | epoch=089 train_batch=300/389 running_loss=0.095518
2026-08-19 21:07:12 | INFO | epoch=089 train_batch=310/389 running_loss=0.095535
2026-08-19 21:07:12 | INFO | epoch=089 train_batch=320/389 running_loss=0.095578
2026-08-19 21:07:13 | INFO | epoch=089 train_batch=330/389 running_loss=0.095563
2026-08-19 21:07:13 | INFO | epoch=089 train_batch=340/389 running_loss=0.095642
2026-08-19 21:07:14 | INFO | epoch=089 train_batch=350/389 running_loss=0.095641
2026-08-19 21:07:14 | INFO | epoch=089 train_batch=360/389 running_loss=0.095658
2026-08-19 21:07:14 | INFO | epoch=089 train_batch=370/389 running_loss=0.095707
2026-08-19 21:07:15 | INFO | epoch=089 train_batch=380/389 running_loss=0.095755
2026-08-19 21:07:15 | INFO | epoch=089 train_batch=389/389 running_loss=0.095800
2026-08-19 21:07:16 | INFO | epoch=089 train_loss=0.095800 validation_loss=0.157062
2026-08-19 21:07:16 | INFO | epoch=090 train_batch=10/389 running_loss=0.096311
2026-08-19 21:07:17 | INFO | epoch=090 train_batch=20/389 running_loss=0.093613
2026-08-19 21:07:17 | INFO | epoch=090 train_batch=30/389 running_loss=0.091627
2026-08-19 21:07:17 | INFO | epoch=090 train_batch=40/389 running_loss=0.094036
2026-08-19 21:07:18 | INFO | epoch=090 train_batch=50/389 running_loss=0.093985
2026-08-19 21:07:18 | INFO | epoch=090 train_batch=60/389 running_loss=0.094434
2026-08-19 21:07:18 | INFO | epoch=090 train_batch=70/389 running_loss=0.093892
2026-08-19 21:07:19 | INFO | epoch=090 train_batch=80/389 running_loss=0.094407
2026-08-19 21:07:19 | INFO | epoch=090 train_batch=90/389 running_loss=0.094492
2026-08-19 21:07:19 | INFO | epoch=090 train_batch=100/389 running_loss=0.095301
2026-08-19 21:07:20 | INFO | epoch=090 train_batch=110/389 running_loss=0.095644
2026-08-19 21:07:20 | INFO | epoch=090 train_batch=120/389 running_loss=0.095880
2026-08-19 21:07:20 | INFO | epoch=090 train_batch=130/389 running_loss=0.095397
2026-08-19 21:07:21 | INFO | epoch=090 train_batch=140/389 running_loss=0.095243
2026-08-19 21:07:21 | INFO | epoch=090 train_batch=150/389 running_loss=0.095301
2026-08-19 21:07:22 | INFO | epoch=090 train_batch=160/389 running_loss=0.095193
2026-08-19 21:07:22 | INFO | epoch=090 train_batch=170/389 running_loss=0.095099
2026-08-19 21:07:22 | INFO | epoch=090 train_batch=180/389 running_loss=0.095189
2026-08-19 21:07:23 | INFO | epoch=090 train_batch=190/389 running_loss=0.095131
2026-08-19 21:07:23 | INFO | epoch=090 train_batch=200/389 running_loss=0.095363
2026-08-19 21:07:23 | INFO | epoch=090 train_batch=210/389 running_loss=0.095509
2026-08-19 21:07:24 | INFO | epoch=090 train_batch=220/389 running_loss=0.095610
2026-08-19 21:07:24 | INFO | epoch=090 train_batch=230/389 running_loss=0.095672
2026-08-19 21:07:24 | INFO | epoch=090 train_batch=240/389 running_loss=0.095361
2026-08-19 21:07:25 | INFO | epoch=090 train_batch=250/389 running_loss=0.095440
2026-08-19 21:07:25 | INFO | epoch=090 train_batch=260/389 running_loss=0.095429
2026-08-19 21:07:25 | INFO | epoch=090 train_batch=270/389 running_loss=0.095373
2026-08-19 21:07:26 | INFO | epoch=090 train_batch=280/389 running_loss=0.095589
2026-08-19 21:07:26 | INFO | epoch=090 train_batch=290/389 running_loss=0.095563
2026-08-19 21:07:26 | INFO | epoch=090 train_batch=300/389 running_loss=0.095486
2026-08-19 21:07:27 | INFO | epoch=090 train_batch=310/389 running_loss=0.095598
2026-08-19 21:07:27 | INFO | epoch=090 train_batch=320/389 running_loss=0.095474
2026-08-19 21:07:27 | INFO | epoch=090 train_batch=330/389 running_loss=0.095344
2026-08-19 21:07:28 | INFO | epoch=090 train_batch=340/389 running_loss=0.095382
2026-08-19 21:07:28 | INFO | epoch=090 train_batch=350/389 running_loss=0.095406
2026-08-19 21:07:28 | INFO | epoch=090 train_batch=360/389 running_loss=0.095440
2026-08-19 21:07:29 | INFO | epoch=090 train_batch=370/389 running_loss=0.095379
2026-08-19 21:07:29 | INFO | epoch=090 train_batch=380/389 running_loss=0.095297
2026-08-19 21:07:29 | INFO | epoch=090 train_batch=389/389 running_loss=0.095471
2026-08-19 21:07:30 | INFO | epoch=090 train_loss=0.095471 validation_loss=0.159838
2026-08-19 21:07:31 | INFO | epoch=091 train_batch=10/389 running_loss=0.093784
2026-08-19 21:07:31 | INFO | epoch=091 train_batch=20/389 running_loss=0.099360
2026-08-19 21:07:32 | INFO | epoch=091 train_batch=30/389 running_loss=0.097384
2026-08-19 21:07:32 | INFO | epoch=091 train_batch=40/389 running_loss=0.096600
2026-08-19 21:07:32 | INFO | epoch=091 train_batch=50/389 running_loss=0.096601
2026-08-19 21:07:33 | INFO | epoch=091 train_batch=60/389 running_loss=0.095537
2026-08-19 21:07:33 | INFO | epoch=091 train_batch=70/389 running_loss=0.094169
2026-08-19 21:07:33 | INFO | epoch=091 train_batch=80/389 running_loss=0.094235
2026-08-19 21:07:34 | INFO | epoch=091 train_batch=90/389 running_loss=0.094034
2026-08-19 21:07:34 | INFO | epoch=091 train_batch=100/389 running_loss=0.094367
2026-08-19 21:07:34 | INFO | epoch=091 train_batch=110/389 running_loss=0.094232
2026-08-19 21:07:35 | INFO | epoch=091 train_batch=120/389 running_loss=0.093932
2026-08-19 21:07:35 | INFO | epoch=091 train_batch=130/389 running_loss=0.094018
2026-08-19 21:07:36 | INFO | epoch=091 train_batch=140/389 running_loss=0.094374
2026-08-19 21:07:36 | INFO | epoch=091 train_batch=150/389 running_loss=0.094190
2026-08-19 21:07:36 | INFO | epoch=091 train_batch=160/389 running_loss=0.094114
2026-08-19 21:07:37 | INFO | epoch=091 train_batch=170/389 running_loss=0.094490
2026-08-19 21:07:37 | INFO | epoch=091 train_batch=180/389 running_loss=0.094253
2026-08-19 21:07:37 | INFO | epoch=091 train_batch=190/389 running_loss=0.093711
2026-08-19 21:07:38 | INFO | epoch=091 train_batch=200/389 running_loss=0.093678
2026-08-19 21:07:38 | INFO | epoch=091 train_batch=210/389 running_loss=0.093513
2026-08-19 21:07:38 | INFO | epoch=091 train_batch=220/389 running_loss=0.093360
2026-08-19 21:07:39 | INFO | epoch=091 train_batch=230/389 running_loss=0.093168
2026-08-19 21:07:39 | INFO | epoch=091 train_batch=240/389 running_loss=0.093041
2026-08-19 21:07:40 | INFO | epoch=091 train_batch=250/389 running_loss=0.093019
2026-08-19 21:07:40 | INFO | epoch=091 train_batch=260/389 running_loss=0.093123
2026-08-19 21:07:40 | INFO | epoch=091 train_batch=270/389 running_loss=0.093221
2026-08-19 21:07:41 | INFO | epoch=091 train_batch=280/389 running_loss=0.093460
2026-08-19 21:07:41 | INFO | epoch=091 train_batch=290/389 running_loss=0.093581
2026-08-19 21:07:41 | INFO | epoch=091 train_batch=300/389 running_loss=0.093578
2026-08-19 21:07:42 | INFO | epoch=091 train_batch=310/389 running_loss=0.093762
2026-08-19 21:07:42 | INFO | epoch=091 train_batch=320/389 running_loss=0.093912
2026-08-19 21:07:42 | INFO | epoch=091 train_batch=330/389 running_loss=0.094168
2026-08-19 21:07:43 | INFO | epoch=091 train_batch=340/389 running_loss=0.094078
2026-08-19 21:07:43 | INFO | epoch=091 train_batch=350/389 running_loss=0.094274
2026-08-19 21:07:44 | INFO | epoch=091 train_batch=360/389 running_loss=0.094297
2026-08-19 21:07:44 | INFO | epoch=091 train_batch=370/389 running_loss=0.094268
2026-08-19 21:07:44 | INFO | epoch=091 train_batch=380/389 running_loss=0.094336
2026-08-19 21:07:45 | INFO | epoch=091 train_batch=389/389 running_loss=0.094308
2026-08-19 21:07:45 | INFO | epoch=091 train_loss=0.094308 validation_loss=0.156723
2026-08-19 21:07:46 | INFO | epoch=092 train_batch=10/389 running_loss=0.088819
2026-08-19 21:07:46 | INFO | epoch=092 train_batch=20/389 running_loss=0.089202
2026-08-19 21:07:47 | INFO | epoch=092 train_batch=30/389 running_loss=0.088946
2026-08-19 21:07:47 | INFO | epoch=092 train_batch=40/389 running_loss=0.091065
2026-08-19 21:07:47 | INFO | epoch=092 train_batch=50/389 running_loss=0.091974
2026-08-19 21:07:48 | INFO | epoch=092 train_batch=60/389 running_loss=0.094427
2026-08-19 21:07:48 | INFO | epoch=092 train_batch=70/389 running_loss=0.094338
2026-08-19 21:07:48 | INFO | epoch=092 train_batch=80/389 running_loss=0.094435
2026-08-19 21:07:49 | INFO | epoch=092 train_batch=90/389 running_loss=0.094399
2026-08-19 21:07:49 | INFO | epoch=092 train_batch=100/389 running_loss=0.095121
2026-08-19 21:07:50 | INFO | epoch=092 train_batch=110/389 running_loss=0.095789
2026-08-19 21:07:50 | INFO | epoch=092 train_batch=120/389 running_loss=0.095858
2026-08-19 21:07:50 | INFO | epoch=092 train_batch=130/389 running_loss=0.095357
2026-08-19 21:07:51 | INFO | epoch=092 train_batch=140/389 running_loss=0.094980
2026-08-19 21:07:51 | INFO | epoch=092 train_batch=150/389 running_loss=0.095446
2026-08-19 21:07:51 | INFO | epoch=092 train_batch=160/389 running_loss=0.095297
2026-08-19 21:07:52 | INFO | epoch=092 train_batch=170/389 running_loss=0.095010
2026-08-19 21:07:52 | INFO | epoch=092 train_batch=180/389 running_loss=0.095024
2026-08-19 21:07:52 | INFO | epoch=092 train_batch=190/389 running_loss=0.095187
2026-08-19 21:07:53 | INFO | epoch=092 train_batch=200/389 running_loss=0.094894
2026-08-19 21:07:53 | INFO | epoch=092 train_batch=210/389 running_loss=0.094779
2026-08-19 21:07:53 | INFO | epoch=092 train_batch=220/389 running_loss=0.094767
2026-08-19 21:07:54 | INFO | epoch=092 train_batch=230/389 running_loss=0.094939
2026-08-19 21:07:54 | INFO | epoch=092 train_batch=240/389 running_loss=0.095131
2026-08-19 21:07:55 | INFO | epoch=092 train_batch=250/389 running_loss=0.095152
2026-08-19 21:07:55 | INFO | epoch=092 train_batch=260/389 running_loss=0.095075
2026-08-19 21:07:55 | INFO | epoch=092 train_batch=270/389 running_loss=0.095117
2026-08-19 21:07:56 | INFO | epoch=092 train_batch=280/389 running_loss=0.095318
2026-08-19 21:07:56 | INFO | epoch=092 train_batch=290/389 running_loss=0.095283
2026-08-19 21:07:56 | INFO | epoch=092 train_batch=300/389 running_loss=0.095200
2026-08-19 21:07:57 | INFO | epoch=092 train_batch=310/389 running_loss=0.095002
2026-08-19 21:07:57 | INFO | epoch=092 train_batch=320/389 running_loss=0.095246
2026-08-19 21:07:57 | INFO | epoch=092 train_batch=330/389 running_loss=0.095390
2026-08-19 21:07:58 | INFO | epoch=092 train_batch=340/389 running_loss=0.095371
2026-08-19 21:07:58 | INFO | epoch=092 train_batch=350/389 running_loss=0.095550
2026-08-19 21:07:58 | INFO | epoch=092 train_batch=360/389 running_loss=0.095592
2026-08-19 21:07:59 | INFO | epoch=092 train_batch=370/389 running_loss=0.095652
2026-08-19 21:07:59 | INFO | epoch=092 train_batch=380/389 running_loss=0.095738
2026-08-19 21:08:00 | INFO | epoch=092 train_batch=389/389 running_loss=0.095736
2026-08-19 21:08:00 | INFO | epoch=092 train_loss=0.095736 validation_loss=0.161632
2026-08-19 21:08:01 | INFO | epoch=093 train_batch=10/389 running_loss=0.096435
2026-08-19 21:08:01 | INFO | epoch=093 train_batch=20/389 running_loss=0.097767
2026-08-19 21:08:02 | INFO | epoch=093 train_batch=30/389 running_loss=0.097129
2026-08-19 21:08:02 | INFO | epoch=093 train_batch=40/389 running_loss=0.095542
2026-08-19 21:08:02 | INFO | epoch=093 train_batch=50/389 running_loss=0.095264
2026-08-19 21:08:03 | INFO | epoch=093 train_batch=60/389 running_loss=0.095011
2026-08-19 21:08:03 | INFO | epoch=093 train_batch=70/389 running_loss=0.095798
2026-08-19 21:08:03 | INFO | epoch=093 train_batch=80/389 running_loss=0.095925
2026-08-19 21:08:04 | INFO | epoch=093 train_batch=90/389 running_loss=0.096261
2026-08-19 21:08:04 | INFO | epoch=093 train_batch=100/389 running_loss=0.095816
2026-08-19 21:08:04 | INFO | epoch=093 train_batch=110/389 running_loss=0.096216
2026-08-19 21:08:05 | INFO | epoch=093 train_batch=120/389 running_loss=0.095508
2026-08-19 21:08:05 | INFO | epoch=093 train_batch=130/389 running_loss=0.095061
2026-08-19 21:08:06 | INFO | epoch=093 train_batch=140/389 running_loss=0.094988
2026-08-19 21:08:06 | INFO | epoch=093 train_batch=150/389 running_loss=0.094349
2026-08-19 21:08:06 | INFO | epoch=093 train_batch=160/389 running_loss=0.094636
2026-08-19 21:08:07 | INFO | epoch=093 train_batch=170/389 running_loss=0.095005
2026-08-19 21:08:07 | INFO | epoch=093 train_batch=180/389 running_loss=0.095127
2026-08-19 21:08:07 | INFO | epoch=093 train_batch=190/389 running_loss=0.095503
2026-08-19 21:08:08 | INFO | epoch=093 train_batch=200/389 running_loss=0.095601
2026-08-19 21:08:08 | INFO | epoch=093 train_batch=210/389 running_loss=0.095842
2026-08-19 21:08:08 | INFO | epoch=093 train_batch=220/389 running_loss=0.095810
2026-08-19 21:08:09 | INFO | epoch=093 train_batch=230/389 running_loss=0.095887
2026-08-19 21:08:09 | INFO | epoch=093 train_batch=240/389 running_loss=0.095477
2026-08-19 21:08:09 | INFO | epoch=093 train_batch=250/389 running_loss=0.095336
2026-08-19 21:08:10 | INFO | epoch=093 train_batch=260/389 running_loss=0.095230
2026-08-19 21:08:10 | INFO | epoch=093 train_batch=270/389 running_loss=0.095225
2026-08-19 21:08:11 | INFO | epoch=093 train_batch=280/389 running_loss=0.095284
2026-08-19 21:08:11 | INFO | epoch=093 train_batch=290/389 running_loss=0.095367
2026-08-19 21:08:11 | INFO | epoch=093 train_batch=300/389 running_loss=0.095408
2026-08-19 21:08:12 | INFO | epoch=093 train_batch=310/389 running_loss=0.095361
2026-08-19 21:08:12 | INFO | epoch=093 train_batch=320/389 running_loss=0.095254
2026-08-19 21:08:12 | INFO | epoch=093 train_batch=330/389 running_loss=0.095345
2026-08-19 21:08:13 | INFO | epoch=093 train_batch=340/389 running_loss=0.095239
2026-08-19 21:08:13 | INFO | epoch=093 train_batch=350/389 running_loss=0.095326
2026-08-19 21:08:13 | INFO | epoch=093 train_batch=360/389 running_loss=0.095357
2026-08-19 21:08:14 | INFO | epoch=093 train_batch=370/389 running_loss=0.095246
2026-08-19 21:08:14 | INFO | epoch=093 train_batch=380/389 running_loss=0.095219
2026-08-19 21:08:14 | INFO | epoch=093 train_batch=389/389 running_loss=0.095100
2026-08-19 21:08:15 | INFO | epoch=093 train_loss=0.095100 validation_loss=0.158116
2026-08-19 21:08:16 | INFO | epoch=094 train_batch=10/389 running_loss=0.101952
2026-08-19 21:08:16 | INFO | epoch=094 train_batch=20/389 running_loss=0.100753
2026-08-19 21:08:16 | INFO | epoch=094 train_batch=30/389 running_loss=0.099504
2026-08-19 21:08:17 | INFO | epoch=094 train_batch=40/389 running_loss=0.099942
2026-08-19 21:08:17 | INFO | epoch=094 train_batch=50/389 running_loss=0.098142
2026-08-19 21:08:18 | INFO | epoch=094 train_batch=60/389 running_loss=0.097112
2026-08-19 21:08:18 | INFO | epoch=094 train_batch=70/389 running_loss=0.097531
2026-08-19 21:08:18 | INFO | epoch=094 train_batch=80/389 running_loss=0.096585
2026-08-19 21:08:19 | INFO | epoch=094 train_batch=90/389 running_loss=0.095727
2026-08-19 21:08:19 | INFO | epoch=094 train_batch=100/389 running_loss=0.095590
2026-08-19 21:08:19 | INFO | epoch=094 train_batch=110/389 running_loss=0.095461
2026-08-19 21:08:20 | INFO | epoch=094 train_batch=120/389 running_loss=0.095442
2026-08-19 21:08:20 | INFO | epoch=094 train_batch=130/389 running_loss=0.095362
2026-08-19 21:08:20 | INFO | epoch=094 train_batch=140/389 running_loss=0.095387
2026-08-19 21:08:21 | INFO | epoch=094 train_batch=150/389 running_loss=0.095354
2026-08-19 21:08:21 | INFO | epoch=094 train_batch=160/389 running_loss=0.095198
2026-08-19 21:08:21 | INFO | epoch=094 train_batch=170/389 running_loss=0.095381
2026-08-19 21:08:22 | INFO | epoch=094 train_batch=180/389 running_loss=0.095372
2026-08-19 21:08:22 | INFO | epoch=094 train_batch=190/389 running_loss=0.095293
2026-08-19 21:08:23 | INFO | epoch=094 train_batch=200/389 running_loss=0.095212
2026-08-19 21:08:23 | INFO | epoch=094 train_batch=210/389 running_loss=0.095420
2026-08-19 21:08:23 | INFO | epoch=094 train_batch=220/389 running_loss=0.095479
2026-08-19 21:08:24 | INFO | epoch=094 train_batch=230/389 running_loss=0.095272
2026-08-19 21:08:24 | INFO | epoch=094 train_batch=240/389 running_loss=0.095053
2026-08-19 21:08:24 | INFO | epoch=094 train_batch=250/389 running_loss=0.094874
2026-08-19 21:08:25 | INFO | epoch=094 train_batch=260/389 running_loss=0.094850
2026-08-19 21:08:25 | INFO | epoch=094 train_batch=270/389 running_loss=0.094959
2026-08-19 21:08:25 | INFO | epoch=094 train_batch=280/389 running_loss=0.094765
2026-08-19 21:08:26 | INFO | epoch=094 train_batch=290/389 running_loss=0.094742
2026-08-19 21:08:26 | INFO | epoch=094 train_batch=300/389 running_loss=0.094875
2026-08-19 21:08:26 | INFO | epoch=094 train_batch=310/389 running_loss=0.094868
2026-08-19 21:08:27 | INFO | epoch=094 train_batch=320/389 running_loss=0.094861
2026-08-19 21:08:27 | INFO | epoch=094 train_batch=330/389 running_loss=0.094843
2026-08-19 21:08:28 | INFO | epoch=094 train_batch=340/389 running_loss=0.094924
2026-08-19 21:08:28 | INFO | epoch=094 train_batch=350/389 running_loss=0.094909
2026-08-19 21:08:28 | INFO | epoch=094 train_batch=360/389 running_loss=0.094970
2026-08-19 21:08:29 | INFO | epoch=094 train_batch=370/389 running_loss=0.094982
2026-08-19 21:08:29 | INFO | epoch=094 train_batch=380/389 running_loss=0.095262
2026-08-19 21:08:29 | INFO | epoch=094 train_batch=389/389 running_loss=0.095308
2026-08-19 21:08:30 | INFO | epoch=094 train_loss=0.095308 validation_loss=0.156343
2026-08-19 21:08:31 | INFO | epoch=095 train_batch=10/389 running_loss=0.094124
2026-08-19 21:08:31 | INFO | epoch=095 train_batch=20/389 running_loss=0.093878
2026-08-19 21:08:31 | INFO | epoch=095 train_batch=30/389 running_loss=0.093844
2026-08-19 21:08:32 | INFO | epoch=095 train_batch=40/389 running_loss=0.092793
2026-08-19 21:08:32 | INFO | epoch=095 train_batch=50/389 running_loss=0.092543
2026-08-19 21:08:32 | INFO | epoch=095 train_batch=60/389 running_loss=0.092641
2026-08-19 21:08:33 | INFO | epoch=095 train_batch=70/389 running_loss=0.092559
2026-08-19 21:08:33 | INFO | epoch=095 train_batch=80/389 running_loss=0.092350
2026-08-19 21:08:33 | INFO | epoch=095 train_batch=90/389 running_loss=0.092644
2026-08-19 21:08:34 | INFO | epoch=095 train_batch=100/389 running_loss=0.093489
2026-08-19 21:08:34 | INFO | epoch=095 train_batch=110/389 running_loss=0.092847
2026-08-19 21:08:35 | INFO | epoch=095 train_batch=120/389 running_loss=0.092947
2026-08-19 21:08:35 | INFO | epoch=095 train_batch=130/389 running_loss=0.092727
2026-08-19 21:08:35 | INFO | epoch=095 train_batch=140/389 running_loss=0.092701
2026-08-19 21:08:36 | INFO | epoch=095 train_batch=150/389 running_loss=0.093085
2026-08-19 21:08:36 | INFO | epoch=095 train_batch=160/389 running_loss=0.093229
2026-08-19 21:08:36 | INFO | epoch=095 train_batch=170/389 running_loss=0.093495
2026-08-19 21:08:37 | INFO | epoch=095 train_batch=180/389 running_loss=0.093280
2026-08-19 21:08:37 | INFO | epoch=095 train_batch=190/389 running_loss=0.093234
2026-08-19 21:08:37 | INFO | epoch=095 train_batch=200/389 running_loss=0.092967
2026-08-19 21:08:38 | INFO | epoch=095 train_batch=210/389 running_loss=0.092892
2026-08-19 21:08:38 | INFO | epoch=095 train_batch=220/389 running_loss=0.092840
2026-08-19 21:08:39 | INFO | epoch=095 train_batch=230/389 running_loss=0.092574
2026-08-19 21:08:39 | INFO | epoch=095 train_batch=240/389 running_loss=0.092425
2026-08-19 21:08:39 | INFO | epoch=095 train_batch=250/389 running_loss=0.092635
2026-08-19 21:08:40 | INFO | epoch=095 train_batch=260/389 running_loss=0.092961
2026-08-19 21:08:40 | INFO | epoch=095 train_batch=270/389 running_loss=0.092920
2026-08-19 21:08:40 | INFO | epoch=095 train_batch=280/389 running_loss=0.093011
2026-08-19 21:08:41 | INFO | epoch=095 train_batch=290/389 running_loss=0.093011
2026-08-19 21:08:41 | INFO | epoch=095 train_batch=300/389 running_loss=0.093142
2026-08-19 21:08:41 | INFO | epoch=095 train_batch=310/389 running_loss=0.093128
2026-08-19 21:08:42 | INFO | epoch=095 train_batch=320/389 running_loss=0.093311
2026-08-19 21:08:42 | INFO | epoch=095 train_batch=330/389 running_loss=0.093296
2026-08-19 21:08:42 | INFO | epoch=095 train_batch=340/389 running_loss=0.093372
2026-08-19 21:08:43 | INFO | epoch=095 train_batch=350/389 running_loss=0.093347
2026-08-19 21:08:43 | INFO | epoch=095 train_batch=360/389 running_loss=0.093210
2026-08-19 21:08:44 | INFO | epoch=095 train_batch=370/389 running_loss=0.093369
2026-08-19 21:08:44 | INFO | epoch=095 train_batch=380/389 running_loss=0.093315
2026-08-19 21:08:44 | INFO | epoch=095 train_batch=389/389 running_loss=0.093452
2026-08-19 21:08:45 | INFO | epoch=095 train_loss=0.093452 validation_loss=0.154594
2026-08-19 21:08:46 | INFO | epoch=096 train_batch=10/389 running_loss=0.101188
2026-08-19 21:08:46 | INFO | epoch=096 train_batch=20/389 running_loss=0.101835
2026-08-19 21:08:46 | INFO | epoch=096 train_batch=30/389 running_loss=0.100933
2026-08-19 21:08:47 | INFO | epoch=096 train_batch=40/389 running_loss=0.098857
2026-08-19 21:08:47 | INFO | epoch=096 train_batch=50/389 running_loss=0.096273
2026-08-19 21:08:47 | INFO | epoch=096 train_batch=60/389 running_loss=0.096701
2026-08-19 21:08:48 | INFO | epoch=096 train_batch=70/389 running_loss=0.096060
2026-08-19 21:08:48 | INFO | epoch=096 train_batch=80/389 running_loss=0.095394
2026-08-19 21:08:48 | INFO | epoch=096 train_batch=90/389 running_loss=0.094862
2026-08-19 21:08:49 | INFO | epoch=096 train_batch=100/389 running_loss=0.094677
2026-08-19 21:08:49 | INFO | epoch=096 train_batch=110/389 running_loss=0.094072
2026-08-19 21:08:49 | INFO | epoch=096 train_batch=120/389 running_loss=0.094549
2026-08-19 21:08:50 | INFO | epoch=096 train_batch=130/389 running_loss=0.094737
2026-08-19 21:08:50 | INFO | epoch=096 train_batch=140/389 running_loss=0.094467
2026-08-19 21:08:51 | INFO | epoch=096 train_batch=150/389 running_loss=0.094654
2026-08-19 21:08:51 | INFO | epoch=096 train_batch=160/389 running_loss=0.094826
2026-08-19 21:08:51 | INFO | epoch=096 train_batch=170/389 running_loss=0.094948
2026-08-19 21:08:52 | INFO | epoch=096 train_batch=180/389 running_loss=0.094959
2026-08-19 21:08:52 | INFO | epoch=096 train_batch=190/389 running_loss=0.094935
2026-08-19 21:08:52 | INFO | epoch=096 train_batch=200/389 running_loss=0.094847
2026-08-19 21:08:53 | INFO | epoch=096 train_batch=210/389 running_loss=0.094943
2026-08-19 21:08:53 | INFO | epoch=096 train_batch=220/389 running_loss=0.094671
2026-08-19 21:08:53 | INFO | epoch=096 train_batch=230/389 running_loss=0.094705
2026-08-19 21:08:54 | INFO | epoch=096 train_batch=240/389 running_loss=0.094634
2026-08-19 21:08:54 | INFO | epoch=096 train_batch=250/389 running_loss=0.094727
2026-08-19 21:08:55 | INFO | epoch=096 train_batch=260/389 running_loss=0.095043
2026-08-19 21:08:55 | INFO | epoch=096 train_batch=270/389 running_loss=0.095222
2026-08-19 21:08:55 | INFO | epoch=096 train_batch=280/389 running_loss=0.095360
2026-08-19 21:08:56 | INFO | epoch=096 train_batch=290/389 running_loss=0.095073
2026-08-19 21:08:56 | INFO | epoch=096 train_batch=300/389 running_loss=0.094954
2026-08-19 21:08:56 | INFO | epoch=096 train_batch=310/389 running_loss=0.094954
2026-08-19 21:08:57 | INFO | epoch=096 train_batch=320/389 running_loss=0.094890
2026-08-19 21:08:57 | INFO | epoch=096 train_batch=330/389 running_loss=0.094756
2026-08-19 21:08:57 | INFO | epoch=096 train_batch=340/389 running_loss=0.094545
2026-08-19 21:08:58 | INFO | epoch=096 train_batch=350/389 running_loss=0.094525
2026-08-19 21:08:58 | INFO | epoch=096 train_batch=360/389 running_loss=0.094418
2026-08-19 21:08:58 | INFO | epoch=096 train_batch=370/389 running_loss=0.094556
2026-08-19 21:08:59 | INFO | epoch=096 train_batch=380/389 running_loss=0.094642
2026-08-19 21:08:59 | INFO | epoch=096 train_batch=389/389 running_loss=0.094636
2026-08-19 21:09:00 | INFO | epoch=096 train_loss=0.094636 validation_loss=0.156638
2026-08-19 21:09:00 | INFO | epoch=097 train_batch=10/389 running_loss=0.088851
2026-08-19 21:09:01 | INFO | epoch=097 train_batch=20/389 running_loss=0.089655
2026-08-19 21:09:01 | INFO | epoch=097 train_batch=30/389 running_loss=0.090557
2026-08-19 21:09:02 | INFO | epoch=097 train_batch=40/389 running_loss=0.091405
2026-08-19 21:09:02 | INFO | epoch=097 train_batch=50/389 running_loss=0.092069
2026-08-19 21:09:02 | INFO | epoch=097 train_batch=60/389 running_loss=0.093856
2026-08-19 21:09:03 | INFO | epoch=097 train_batch=70/389 running_loss=0.094570
2026-08-19 21:09:03 | INFO | epoch=097 train_batch=80/389 running_loss=0.094786
2026-08-19 21:09:03 | INFO | epoch=097 train_batch=90/389 running_loss=0.094683
2026-08-19 21:09:04 | INFO | epoch=097 train_batch=100/389 running_loss=0.094303
2026-08-19 21:09:04 | INFO | epoch=097 train_batch=110/389 running_loss=0.094048
2026-08-19 21:09:04 | INFO | epoch=097 train_batch=120/389 running_loss=0.094398
2026-08-19 21:09:05 | INFO | epoch=097 train_batch=130/389 running_loss=0.094668
2026-08-19 21:09:05 | INFO | epoch=097 train_batch=140/389 running_loss=0.094518
2026-08-19 21:09:05 | INFO | epoch=097 train_batch=150/389 running_loss=0.094541
2026-08-19 21:09:06 | INFO | epoch=097 train_batch=160/389 running_loss=0.095162
2026-08-19 21:09:06 | INFO | epoch=097 train_batch=170/389 running_loss=0.095463
2026-08-19 21:09:07 | INFO | epoch=097 train_batch=180/389 running_loss=0.095140
2026-08-19 21:09:07 | INFO | epoch=097 train_batch=190/389 running_loss=0.094511
2026-08-19 21:09:07 | INFO | epoch=097 train_batch=200/389 running_loss=0.094427
2026-08-19 21:09:08 | INFO | epoch=097 train_batch=210/389 running_loss=0.094701
2026-08-19 21:09:08 | INFO | epoch=097 train_batch=220/389 running_loss=0.094505
2026-08-19 21:09:08 | INFO | epoch=097 train_batch=230/389 running_loss=0.094508
2026-08-19 21:09:09 | INFO | epoch=097 train_batch=240/389 running_loss=0.094869
2026-08-19 21:09:09 | INFO | epoch=097 train_batch=250/389 running_loss=0.094637
2026-08-19 21:09:09 | INFO | epoch=097 train_batch=260/389 running_loss=0.094752
2026-08-19 21:09:10 | INFO | epoch=097 train_batch=270/389 running_loss=0.094630
2026-08-19 21:09:10 | INFO | epoch=097 train_batch=280/389 running_loss=0.094697
2026-08-19 21:09:11 | INFO | epoch=097 train_batch=290/389 running_loss=0.094668
2026-08-19 21:09:11 | INFO | epoch=097 train_batch=300/389 running_loss=0.094523
2026-08-19 21:09:11 | INFO | epoch=097 train_batch=310/389 running_loss=0.094380
2026-08-19 21:09:12 | INFO | epoch=097 train_batch=320/389 running_loss=0.094368
2026-08-19 21:09:12 | INFO | epoch=097 train_batch=330/389 running_loss=0.094311
2026-08-19 21:09:12 | INFO | epoch=097 train_batch=340/389 running_loss=0.094572
2026-08-19 21:09:13 | INFO | epoch=097 train_batch=350/389 running_loss=0.094665
2026-08-19 21:09:13 | INFO | epoch=097 train_batch=360/389 running_loss=0.094856
2026-08-19 21:09:14 | INFO | epoch=097 train_batch=370/389 running_loss=0.094676
2026-08-19 21:09:14 | INFO | epoch=097 train_batch=380/389 running_loss=0.094565
2026-08-19 21:09:14 | INFO | epoch=097 train_batch=389/389 running_loss=0.094415
2026-08-19 21:09:15 | INFO | epoch=097 train_loss=0.094415 validation_loss=0.156349
2026-08-19 21:09:16 | INFO | epoch=098 train_batch=10/389 running_loss=0.090415
2026-08-19 21:09:16 | INFO | epoch=098 train_batch=20/389 running_loss=0.089606
2026-08-19 21:09:16 | INFO | epoch=098 train_batch=30/389 running_loss=0.090000
2026-08-19 21:09:17 | INFO | epoch=098 train_batch=40/389 running_loss=0.090046
2026-08-19 21:09:17 | INFO | epoch=098 train_batch=50/389 running_loss=0.090452
2026-08-19 21:09:17 | INFO | epoch=098 train_batch=60/389 running_loss=0.091366
2026-08-19 21:09:18 | INFO | epoch=098 train_batch=70/389 running_loss=0.092360
2026-08-19 21:09:18 | INFO | epoch=098 train_batch=80/389 running_loss=0.093349
2026-08-19 21:09:18 | INFO | epoch=098 train_batch=90/389 running_loss=0.092682
2026-08-19 21:09:19 | INFO | epoch=098 train_batch=100/389 running_loss=0.092050
2026-08-19 21:09:19 | INFO | epoch=098 train_batch=110/389 running_loss=0.092602
2026-08-19 21:09:20 | INFO | epoch=098 train_batch=120/389 running_loss=0.092641
2026-08-19 21:09:20 | INFO | epoch=098 train_batch=130/389 running_loss=0.092767
2026-08-19 21:09:20 | INFO | epoch=098 train_batch=140/389 running_loss=0.093419
2026-08-19 21:09:21 | INFO | epoch=098 train_batch=150/389 running_loss=0.093245
2026-08-19 21:09:21 | INFO | epoch=098 train_batch=160/389 running_loss=0.093340
2026-08-19 21:09:21 | INFO | epoch=098 train_batch=170/389 running_loss=0.093362
2026-08-19 21:09:22 | INFO | epoch=098 train_batch=180/389 running_loss=0.093520
2026-08-19 21:09:22 | INFO | epoch=098 train_batch=190/389 running_loss=0.093482
2026-08-19 21:09:22 | INFO | epoch=098 train_batch=200/389 running_loss=0.093510
2026-08-19 21:09:23 | INFO | epoch=098 train_batch=210/389 running_loss=0.093514
2026-08-19 21:09:23 | INFO | epoch=098 train_batch=220/389 running_loss=0.093515
2026-08-19 21:09:23 | INFO | epoch=098 train_batch=230/389 running_loss=0.093471
2026-08-19 21:09:24 | INFO | epoch=098 train_batch=240/389 running_loss=0.093478
2026-08-19 21:09:24 | INFO | epoch=098 train_batch=250/389 running_loss=0.093739
2026-08-19 21:09:25 | INFO | epoch=098 train_batch=260/389 running_loss=0.093598
2026-08-19 21:09:25 | INFO | epoch=098 train_batch=270/389 running_loss=0.093492
2026-08-19 21:09:25 | INFO | epoch=098 train_batch=280/389 running_loss=0.093606
2026-08-19 21:09:26 | INFO | epoch=098 train_batch=290/389 running_loss=0.093842
2026-08-19 21:09:26 | INFO | epoch=098 train_batch=300/389 running_loss=0.093845
2026-08-19 21:09:26 | INFO | epoch=098 train_batch=310/389 running_loss=0.094015
2026-08-19 21:09:27 | INFO | epoch=098 train_batch=320/389 running_loss=0.093904
2026-08-19 21:09:27 | INFO | epoch=098 train_batch=330/389 running_loss=0.093956
2026-08-19 21:09:27 | INFO | epoch=098 train_batch=340/389 running_loss=0.094050
2026-08-19 21:09:28 | INFO | epoch=098 train_batch=350/389 running_loss=0.094042
2026-08-19 21:09:28 | INFO | epoch=098 train_batch=360/389 running_loss=0.093939
2026-08-19 21:09:29 | INFO | epoch=098 train_batch=370/389 running_loss=0.093837
2026-08-19 21:09:29 | INFO | epoch=098 train_batch=380/389 running_loss=0.093777
2026-08-19 21:09:29 | INFO | epoch=098 train_batch=389/389 running_loss=0.093748
2026-08-19 21:09:30 | INFO | epoch=098 train_loss=0.093748 validation_loss=0.153918
2026-08-19 21:09:30 | INFO | epoch=098 saved new best.pt
2026-08-19 21:09:31 | INFO | epoch=099 train_batch=10/389 running_loss=0.096545
2026-08-19 21:09:31 | INFO | epoch=099 train_batch=20/389 running_loss=0.096643
2026-08-19 21:09:31 | INFO | epoch=099 train_batch=30/389 running_loss=0.095394
2026-08-19 21:09:32 | INFO | epoch=099 train_batch=40/389 running_loss=0.094481
2026-08-19 21:09:32 | INFO | epoch=099 train_batch=50/389 running_loss=0.095027
2026-08-19 21:09:32 | INFO | epoch=099 train_batch=60/389 running_loss=0.094307
2026-08-19 21:09:33 | INFO | epoch=099 train_batch=70/389 running_loss=0.094139
2026-08-19 21:09:33 | INFO | epoch=099 train_batch=80/389 running_loss=0.093476
2026-08-19 21:09:33 | INFO | epoch=099 train_batch=90/389 running_loss=0.093504
2026-08-19 21:09:34 | INFO | epoch=099 train_batch=100/389 running_loss=0.093331
2026-08-19 21:09:34 | INFO | epoch=099 train_batch=110/389 running_loss=0.092882
2026-08-19 21:09:35 | INFO | epoch=099 train_batch=120/389 running_loss=0.092898
2026-08-19 21:09:35 | INFO | epoch=099 train_batch=130/389 running_loss=0.093304
2026-08-19 21:09:35 | INFO | epoch=099 train_batch=140/389 running_loss=0.093393
2026-08-19 21:09:36 | INFO | epoch=099 train_batch=150/389 running_loss=0.093383
2026-08-19 21:09:36 | INFO | epoch=099 train_batch=160/389 running_loss=0.093048
2026-08-19 21:09:36 | INFO | epoch=099 train_batch=170/389 running_loss=0.092948
2026-08-19 21:09:37 | INFO | epoch=099 train_batch=180/389 running_loss=0.093097
2026-08-19 21:09:37 | INFO | epoch=099 train_batch=190/389 running_loss=0.093238
2026-08-19 21:09:37 | INFO | epoch=099 train_batch=200/389 running_loss=0.093305
2026-08-19 21:09:38 | INFO | epoch=099 train_batch=210/389 running_loss=0.093155
2026-08-19 21:09:38 | INFO | epoch=099 train_batch=220/389 running_loss=0.093327
2026-08-19 21:09:39 | INFO | epoch=099 train_batch=230/389 running_loss=0.093414
2026-08-19 21:09:39 | INFO | epoch=099 train_batch=240/389 running_loss=0.093544
2026-08-19 21:09:39 | INFO | epoch=099 train_batch=250/389 running_loss=0.093658
2026-08-19 21:09:40 | INFO | epoch=099 train_batch=260/389 running_loss=0.093637
2026-08-19 21:09:40 | INFO | epoch=099 train_batch=270/389 running_loss=0.093742
2026-08-19 21:09:40 | INFO | epoch=099 train_batch=280/389 running_loss=0.093725
2026-08-19 21:09:41 | INFO | epoch=099 train_batch=290/389 running_loss=0.093487
2026-08-19 21:09:41 | INFO | epoch=099 train_batch=300/389 running_loss=0.093474
2026-08-19 21:09:41 | INFO | epoch=099 train_batch=310/389 running_loss=0.093526
2026-08-19 21:09:42 | INFO | epoch=099 train_batch=320/389 running_loss=0.093296
2026-08-19 21:09:42 | INFO | epoch=099 train_batch=330/389 running_loss=0.093338
2026-08-19 21:09:43 | INFO | epoch=099 train_batch=340/389 running_loss=0.093327
2026-08-19 21:09:43 | INFO | epoch=099 train_batch=350/389 running_loss=0.093465
2026-08-19 21:09:43 | INFO | epoch=099 train_batch=360/389 running_loss=0.093437
2026-08-19 21:09:44 | INFO | epoch=099 train_batch=370/389 running_loss=0.093452
2026-08-19 21:09:44 | INFO | epoch=099 train_batch=380/389 running_loss=0.093382
2026-08-19 21:09:44 | INFO | epoch=099 train_batch=389/389 running_loss=0.093340
2026-08-19 21:09:45 | INFO | epoch=099 train_loss=0.093340 validation_loss=0.153026
2026-08-19 21:09:45 | INFO | epoch=099 saved new best.pt
2026-08-19 21:09:46 | INFO | epoch=100 train_batch=10/389 running_loss=0.100504
2026-08-19 21:09:46 | INFO | epoch=100 train_batch=20/389 running_loss=0.094681
2026-08-19 21:09:46 | INFO | epoch=100 train_batch=30/389 running_loss=0.096352
2026-08-19 21:09:47 | INFO | epoch=100 train_batch=40/389 running_loss=0.094794
2026-08-19 21:09:47 | INFO | epoch=100 train_batch=50/389 running_loss=0.095090
2026-08-19 21:09:47 | INFO | epoch=100 train_batch=60/389 running_loss=0.095065
2026-08-19 21:09:48 | INFO | epoch=100 train_batch=70/389 running_loss=0.094984
2026-08-19 21:09:48 | INFO | epoch=100 train_batch=80/389 running_loss=0.093664
2026-08-19 21:09:49 | INFO | epoch=100 train_batch=90/389 running_loss=0.093824
2026-08-19 21:09:49 | INFO | epoch=100 train_batch=100/389 running_loss=0.093665
2026-08-19 21:09:49 | INFO | epoch=100 train_batch=110/389 running_loss=0.093500
2026-08-19 21:09:50 | INFO | epoch=100 train_batch=120/389 running_loss=0.093064
2026-08-19 21:09:50 | INFO | epoch=100 train_batch=130/389 running_loss=0.092745
2026-08-19 21:09:50 | INFO | epoch=100 train_batch=140/389 running_loss=0.092989
2026-08-19 21:09:51 | INFO | epoch=100 train_batch=150/389 running_loss=0.092814
2026-08-19 21:09:51 | INFO | epoch=100 train_batch=160/389 running_loss=0.093021
2026-08-19 21:09:51 | INFO | epoch=100 train_batch=170/389 running_loss=0.092771
2026-08-19 21:09:52 | INFO | epoch=100 train_batch=180/389 running_loss=0.092780
2026-08-19 21:09:52 | INFO | epoch=100 train_batch=190/389 running_loss=0.092837
2026-08-19 21:09:53 | INFO | epoch=100 train_batch=200/389 running_loss=0.092715
2026-08-19 21:09:53 | INFO | epoch=100 train_batch=210/389 running_loss=0.092834
2026-08-19 21:09:53 | INFO | epoch=100 train_batch=220/389 running_loss=0.092838
2026-08-19 21:09:54 | INFO | epoch=100 train_batch=230/389 running_loss=0.092820
2026-08-19 21:09:54 | INFO | epoch=100 train_batch=240/389 running_loss=0.092818
2026-08-19 21:09:54 | INFO | epoch=100 train_batch=250/389 running_loss=0.093167
2026-08-19 21:09:55 | INFO | epoch=100 train_batch=260/389 running_loss=0.093147
2026-08-19 21:09:55 | INFO | epoch=100 train_batch=270/389 running_loss=0.093157
2026-08-19 21:09:55 | INFO | epoch=100 train_batch=280/389 running_loss=0.092985
2026-08-19 21:09:56 | INFO | epoch=100 train_batch=290/389 running_loss=0.093144
2026-08-19 21:09:56 | INFO | epoch=100 train_batch=300/389 running_loss=0.093272
2026-08-19 21:09:56 | INFO | epoch=100 train_batch=310/389 running_loss=0.093310
2026-08-19 21:09:57 | INFO | epoch=100 train_batch=320/389 running_loss=0.093339
2026-08-19 21:09:57 | INFO | epoch=100 train_batch=330/389 running_loss=0.093411
2026-08-19 21:09:58 | INFO | epoch=100 train_batch=340/389 running_loss=0.093592
2026-08-19 21:09:58 | INFO | epoch=100 train_batch=350/389 running_loss=0.093784
2026-08-19 21:09:58 | INFO | epoch=100 train_batch=360/389 running_loss=0.094056
2026-08-19 21:09:59 | INFO | epoch=100 train_batch=370/389 running_loss=0.094106
2026-08-19 21:09:59 | INFO | epoch=100 train_batch=380/389 running_loss=0.094165
2026-08-19 21:09:59 | INFO | epoch=100 train_batch=389/389 running_loss=0.094220
2026-08-19 21:10:00 | INFO | epoch=100 train_loss=0.094220 validation_loss=0.156952
2026-08-19 21:10:00 | INFO | Best validation loss: 0.153026; checkpoints saved in /bigdata/users/90967055/fuzzyDynamics/NeurIPS_Fuzzy_Dynamics_code/results/fuzzy_dynamics_20260819_204526_868768/checkpoint
2026-08-19 21:10:01 | INFO | Completed training
2026-08-19 21:10:01 | INFO | Starting evaluation: /bigdata/users/90967055/fuzzyDynamics/NeurIPS_Fuzzy_Dynamics_code/.venv/bin/python -m scripts.evaluate_fuzzy_dynamics --experiment-time 20260819_204526_868768 --activations /bigdata/users/90967055/fuzzyDynamics/NeurIPS_Fuzzy_Dynamics_code/cache/socrates_llama3_8b_tuned_full.pt --results-root /bigdata/users/90967055/fuzzyDynamics/NeurIPS_Fuzzy_Dynamics_code/results --device cuda --batch-size 16 --subset auto --semantic-event-quantile 0.75 --event-id-field uid --log-dir /bigdata/users/90967055/fuzzyDynamics/NeurIPS_Fuzzy_Dynamics_code/logs --log-every-batches 10
2026-08-19 21:10:08 | INFO | Log file: /bigdata/users/90967055/fuzzyDynamics/NeurIPS_Fuzzy_Dynamics_code/logs/fuzzy_dynamics_20260819_204526_868768/evaluate_fuzzy_dynamics_20260819_211007_999903.log
2026-08-19 21:10:08 | INFO | Arguments: {'checkpoint': '/bigdata/users/90967055/fuzzyDynamics/NeurIPS_Fuzzy_Dynamics_code/results/fuzzy_dynamics_20260819_204526_868768/checkpoint/best.pt', 'experiment_time': '20260819_204526_868768', 'latest': False, 'results_root': '/bigdata/users/90967055/fuzzyDynamics/NeurIPS_Fuzzy_Dynamics_code/results', 'activations': '/bigdata/users/90967055/fuzzyDynamics/NeurIPS_Fuzzy_Dynamics_code/cache/socrates_llama3_8b_tuned_full.pt', 'output_dir': None, 'batch_size': 16, 'device': 'cuda', 'split_file': None, 'subset': 'auto', 'semantic_events': None, 'event_id_field': 'uid', 'allow_missing_events': False, 'semantic_event_quantile': 0.75, 'include_operation_proxies': False, 'skip_semantic_alignment': False, 'skip_rollout': False, 'log_dir': '/bigdata/users/90967055/fuzzyDynamics/NeurIPS_Fuzzy_Dynamics_code/logs', 'log_every_batches': 10}
2026-08-19 21:10:08 | INFO | experiment_time=20260819_204526_868768
2026-08-19 21:10:14 | INFO | subset=validation selected=1009 holdout_status=verified_training_split_validation
2026-08-19 21:10:14 | INFO | Evaluation outputs: /bigdata/users/90967055/fuzzyDynamics/NeurIPS_Fuzzy_Dynamics_code/results/fuzzy_dynamics_20260819_204526_868768/evaluation
2026-08-19 21:10:14 | INFO | batch=10/64 evaluated_queries=160/1009
2026-08-19 21:10:15 | INFO | batch=20/64 evaluated_queries=320/1009
2026-08-19 21:10:15 | INFO | batch=30/64 evaluated_queries=480/1009
2026-08-19 21:10:16 | INFO | batch=40/64 evaluated_queries=640/1009
2026-08-19 21:10:16 | INFO | batch=50/64 evaluated_queries=800/1009
2026-08-19 21:10:17 | INFO | batch=60/64 evaluated_queries=960/1009
2026-08-19 21:10:17 | INFO | batch=64/64 evaluated_queries=1009/1009
2026-08-19 21:10:18 | INFO | Metrics:
{
  "schema_version": 3,
  "evaluation": {
    "schema_version": 3,
    "experiment_time": "20260819_204526_868768",
    "checkpoint": "/bigdata/users/90967055/fuzzyDynamics/NeurIPS_Fuzzy_Dynamics_code/results/fuzzy_dynamics_20260819_204526_868768/checkpoint/best.pt",
    "activations": "/bigdata/users/90967055/fuzzyDynamics/NeurIPS_Fuzzy_Dynamics_code/cache/socrates_llama3_8b_tuned_full.pt",
    "checkpoint_epoch": 99,
    "cache_model_name": "data/models/Meta-Llama-3-8B",
    "device": "cuda",
    "selection": {
      "subset": "validation",
      "split_file": "/bigdata/users/90967055/fuzzyDynamics/NeurIPS_Fuzzy_Dynamics_code/results/fuzzy_dynamics_20260819_204526_868768/training/split.json",
      "split_by": "category",
      "selected_count": 1009,
      "cache_count": 7232,
      "selected_indices_sha256": "db9853150731009f89561a303b02d8217cc821d8a1d49fde1a67b0c87946d29c",
      "same_as_training_activation_cache": true,
      "holdout_status": "verified_training_split_validation"
    },
    "semantic_events": {
      "kind": "automatic_training_prior_overlapping_proxies",
      "independent_of_training": false,
      "layer_axis": "transition_s_l_to_s_l_plus_1",
      "include_operation_proxies": false,
      "prediction_refinement_score": "sqrt(relu(margin_change)*relu(uncertainty_drop))",
      "bridge_and_answer_scores_used_for": [
        "concept_composition",
        "hop_transition"
      ]
    }
  },
  "fidelity": {
    "one_step": {
      "mse": 0.04687366262078285,
      "mae": 0.11697600036859512,
      "r2": 0.8710669326975553,
      "r2_defined": true,
      "r2_reason": null,
      "target_sum_squares": 1514242.394780759,
      "target_variance": 0.36355033256427594,
      "cosine_similarity": 0.9014884233474731,
      "per_layer": [
        {
          "layer": 0,
          "mse": 0.0132373608648777,
          "mae": 0.04408632963895798,
          "r2": 0.6642801639280771,
          "r2_defined": true,
          "r2_reason": null,
          "target_sum_squares": 5132.220195112189,
          "target_variance": 0.0394297846137644,
          "cosine_similarity": 0.9688409566879272
        },
        {
          "layer": 1,
          "mse": 0.01614987663924694,
          "mae": 0.056014545261859894,
          "r2": 0.7588937114581034,
          "r2_defined": true,
          "r2_reason": null,
          "target_sum_squares": 8718.495545061724,
          "target_variance": 0.06698239522638673,
          "cosine_similarity": 0.9199724197387695
        },
        {
          "layer": 2,
          "mse": 0.023164568468928337,
          "mae": 0.06305542588233948,
          "r2": 0.7506767208701457,
          "r2_defined": true,
          "r2_reason": null,
          "target_sum_squares": 12093.22762722417,
          "target_variance": 0.0929097627340307,
          "cosine_similarity": 0.9110046029090881
        },
        {
          "layer": 3,
          "mse": 0.030153397470712662,
          "mae": 0.0740516185760498,
          "r2": 0.7813086587753215,
          "r2_defined": true,
          "r2_reason": null,
          "target_sum_squares": 17946.738704111787,
          "target_variance": 0.1378810757762447,
          "cosine_similarity": 0.9191768169403076
        },
        {
          "layer": 4,
          "mse": 0.03583664074540138,
          "mae": 0.08479739725589752,
          "r2": 0.7322725131488166,
          "r2_defined": true,
          "r2_reason": null,
          "target_sum_squares": 17422.69090380676,
          "target_variance": 0.1338549250836023,
          "cosine_similarity": 0.9107691645622253
        },
        {
          "layer": 5,
          "mse": 0.03306778147816658,
          "mae": 0.08568437397480011,
          "r2": 0.7025421335035065,
          "r2_defined": true,
          "r2_reason": null,
          "target_sum_squares": 14469.73285067966,
          "target_variance": 0.11116796007006446,
          "cosine_similarity": 0.8942034840583801
        },
        {
          "layer": 6,
          "mse": 0.04350310564041138,
          "mae": 0.09609714895486832,
          "r2": 0.669243891383442,
          "r2_defined": true,
          "r2_reason": null,
          "target_sum_squares": 17119.5862037747,
          "target_variance": 0.13152623446174122,
          "cosine_similarity": 0.9131395816802979
        },
        {
          "layer": 7,
          "mse": 0.03973463922739029,
          "mae": 0.09769406914710999,
          "r2": 0.7271241427354281,
          "r2_defined": true,
          "r2_reason": null,
          "target_sum_squares": 18953.30963828091,
          "target_variance": 0.14561435175114595,
          "cosine_similarity": 0.9082647562026978
        },
        {
          "layer": 8,
          "mse": 0.04380550608038902,
          "mae": 0.10542351007461548,
          "r2": 0.6828242839785779,
          "r2_defined": true,
          "r2_reason": null,
          "target_sum_squares": 17976.68739258011,
          "target_variance": 0.13811116534584175,
          "cosine_similarity": 0.8907870650291443
        },
        {
          "layer": 9,
          "mse": 0.045677073299884796,
          "mae": 0.1105368435382843,
          "r2": 0.7272764365244837,
          "r2_defined": true,
          "r2_reason": null,
          "target_sum_squares": 21799.9989150949,
          "target_variance": 0.16748487576996873,
          "cosine_similarity": 0.90326988697052
        },
        {
          "layer": 10,
          "mse": 0.03457661345601082,
          "mae": 0.09840263426303864,
          "r2": 0.6993451583661101,
          "r2_defined": true,
          "r2_reason": null,
          "target_sum_squares": 14969.080908372409,
          "target_variance": 0.11500434775679665,
          "cosine_similarity": 0.9134591221809387
        },
        {
          "layer": 11,
          "mse": 0.042107954621315,
          "mae": 0.10615921020507812,
          "r2": 0.6563678641601003,
          "r2_defined": true,
          "r2_reason": null,
          "target_sum_squares": 15949.65424502078,
          "target_variance": 0.12253788957537803,
          "cosine_similarity": 0.9015228748321533
        },
        {
          "layer": 12,
          "mse": 0.03918290510773659,
          "mae": 0.10606451332569122,
          "r2": 0.7276176676517419,
          "r2_defined": true,
          "r2_reason": null,
          "target_sum_squares": 18723.995300860483,
          "target_variance": 0.14385257719947206,
          "cosine_similarity": 0.9112177491188049
        },
        {
          "layer": 13,
          "mse": 0.04351754114031792,
          "mae": 0.11079780012369156,
          "r2": 0.7029849837220743,
          "r2_defined": true,
          "r2_reason": null,
          "target_sum_squares": 19070.710204907617,
          "target_variance": 0.14651631598487733,
          "cosine_similarity": 0.9154965281486511
        },
        {
          "layer": 14,
          "mse": 0.04724746197462082,
          "mae": 0.11252123862504959,
          "r2": 0.6200393916371101,
          "r2_defined": true,
          "r2_reason": null,
          "target_sum_squares": 16185.302160381656,
          "target_variance": 0.1243483236943605,
          "cosine_similarity": 0.8922634720802307
        },
        {
          "layer": 15,
          "mse": 0.047987617552280426,
          "mae": 0.12525451183319092,
          "r2": 0.5700271360591882,
          "r2_defined": true,
          "r2_reason": null,
          "target_sum_squares": 14526.769578115396,
          "target_variance": 0.11160616143172991,
          "cosine_similarity": 0.8959171175956726
        },
        {
          "layer": 16,
          "mse": 0.04809137433767319,
          "mae": 0.11698943376541138,
          "r2": 0.595642154648105,
          "r2_defined": true,
          "r2_reason": null,
          "target_sum_squares": 15480.400960013903,
          "target_variance": 0.11893271379302482,
          "cosine_similarity": 0.8923125863075256
        },
        {
          "layer": 17,
          "mse": 0.04103870317339897,
          "mae": 0.11269979178905487,
          "r2": 0.47620152028494944,
          "r2_defined": true,
          "r2_reason": null,
          "target_sum_squares": 10197.888725103809,
          "target_variance": 0.07834826657066102,
          "cosine_similarity": 0.8841140270233154
        },
        {
          "layer": 18,
          "mse": 0.04367521405220032,
          "mae": 0.12230530381202698,
          "r2": 0.4327581513242925,
          "r2_defined": true,
          "r2_reason": null,
          "target_sum_squares": 10021.845265465514,
          "target_variance": 0.07699576113786398,
          "cosine_similarity": 0.8658628463745117
        },
        {
          "layer": 19,
          "mse": 0.040651172399520874,
          "mae": 0.11545336246490479,
          "r2": 0.5925926043702587,
          "r2_defined": true,
          "r2_reason": null,
          "target_sum_squares": 12987.484809723099,
          "target_variance": 0.09978015542077195,
          "cosine_similarity": 0.8820207715034485
        },
        {
          "layer": 20,
          "mse": 0.03598295897245407,
          "mae": 0.11623349785804749,
          "r2": 0.37048491853657195,
          "r2_defined": true,
          "r2_reason": null,
          "target_sum_squares": 7439.976763831699,
          "target_variance": 0.05715980027682408,
          "cosine_similarity": 0.8728127479553223
        },
        {
          "layer": 21,
          "mse": 0.04084337130188942,
          "mae": 0.13929235935211182,
          "r2": 0.4858981513957228,
          "r2_defined": true,
          "r2_reason": null,
          "target_sum_squares": 10340.780394953757,
          "target_variance": 0.07944607366994536,
          "cosine_similarity": 0.8875494599342346
        },
        {
          "layer": 22,
          "mse": 0.03860447183251381,
          "mae": 0.12381201982498169,
          "r2": 0.34131050578757627,
          "r2_defined": true,
          "r2_reason": null,
          "target_sum_squares": 7628.475502705134,
          "target_variance": 0.05860799703985936,
          "cosine_similarity": 0.8473305702209473
        },
        {
          "layer": 23,
          "mse": 0.03467312082648277,
          "mae": 0.12335123121738434,
          "r2": 0.43807305050203427,
          "r2_defined": true,
          "r2_reason": null,
          "target_sum_squares": 8031.449745641034,
          "target_variance": 0.06170396467176062,
          "cosine_similarity": 0.8741636872291565
        },
        {
          "layer": 24,
          "mse": 0.039022646844387054,
          "mae": 0.13185018301010132,
          "r2": 0.30182704378834946,
          "r2_defined": true,
          "r2_reason": null,
          "target_sum_squares": 7275.02675993287,
          "target_variance": 0.055892523566451316,
          "cosine_similarity": 0.8499619960784912
        },
        {
          "layer": 25,
          "mse": 0.03662084415555,
          "mae": 0.1332678198814392,
          "r2": 0.33870325002233004,
          "r2_defined": true,
          "r2_reason": null,
          "target_sum_squares": 7207.967723570762,
          "target_variance": 0.05537732288143731,
          "cosine_similarity": 0.8600706458091736
        },
        {
          "layer": 26,
          "mse": 0.03563268855214119,
          "mae": 0.12755176424980164,
          "r2": 0.3343428529070389,
          "r2_defined": true,
          "r2_reason": null,
          "target_sum_squares": 6967.529862440762,
          "target_variance": 0.05353008860135342,
          "cosine_similarity": 0.8680403232574463
        },
        {
          "layer": 27,
          "mse": 0.03132520243525505,
          "mae": 0.12599851191043854,
          "r2": 0.31334974577498353,
          "r2_defined": true,
          "r2_reason": null,
          "target_sum_squares": 5937.986368303134,
          "target_variance": 0.0456203192070062,
          "cosine_similarity": 0.8699145317077637
        },
        {
          "layer": 28,
          "mse": 0.03473345562815666,
          "mae": 0.1345006227493286,
          "r2": 0.43403188587176866,
          "r2_defined": true,
          "r2_reason": null,
          "target_sum_squares": 7987.97873214671,
          "target_variance": 0.06136998588015389,
          "cosine_similarity": 0.9363139867782593
        },
        {
          "layer": 29,
          "mse": 0.03377832844853401,
          "mae": 0.13125073909759521,
          "r2": 0.4696463263037648,
          "r2_defined": true,
          "r2_reason": null,
          "target_sum_squares": 8289.97970329266,
          "target_variance": 0.06369019678162169,
          "cosine_similarity": 0.9670923948287964
        },
        {
          "layer": 30,
          "mse": 0.05694115534424782,
          "mae": 0.1706247180700302,
          "r2": 0.6582011347065615,
          "r2_defined": true,
          "r2_reason": null,
          "target_sum_squares": 21683.856929540314,
          "target_variance": 0.16659258095389798,
          "cosine_similarity": 0.9535104036331177
        },
        {
          "layer": 31,
          "mse": 0.32939234375953674,
          "mae": 0.34140926599502563,
          "r2": 0.8286093289005536,
          "r2_defined": true,
          "r2_reason": null,
          "target_sum_squares": 250153.844648226,
          "target_variance": 1.9218801687773295,
          "cosine_similarity": 0.9672538638114929
        }
      ],
      "layer_macro_r2": 0.5807655463445965,
      "early_layers_0_8_macro_r2": 0.7187962466423798,
      "middle_layers_9_17_macro_r2": 0.641722479228207,
      "late_layers_18_29_macro_r2": 0.404418207215391,
      "final_layers_30_31_macro_r2": 0.7434052318035576,
      "components": {
        "z": {
          "mse": 0.016838952898979187,
          "mae": 0.06797554343938828,
          "r2": 0.9285131701341406,
          "r2_defined": true,
          "r2_reason": null,
          "target_sum_squares": 486754.68431423313,
          "target_variance": 0.2355532068387603,
          "cosine_similarity": 0.8604843616485596
        },
        "concept": {
          "mse": 0.03504813089966774,
          "mae": 0.10182254761457443,
          "r2": 0.9003142106320023,
          "r2_defined": true,
          "r2_reason": null,
          "target_sum_squares": 363264.3362064363,
          "target_variance": 0.35158605384201974,
          "cosine_similarity": 0.8755780458450317
        },
        "belief": {
          "mse": 0.12018933892250061,
          "mae": 0.23310475051403046,
          "r2": 0.8128811789181543,
          "r2_defined": true,
          "r2_reason": null,
          "target_sum_squares": 663650.7166250538,
          "target_variance": 0.6423155628881606,
          "cosine_similarity": 0.8770642876625061
        },
        "uncertainty": {
          "mse": 0.0014102912973612547,
          "mae": 0.021793462336063385,
          "r2": 0.9204839283846329,
          "r2_defined": true,
          "r2_reason": null,
          "target_sum_squares": 572.6576350357883,
          "target_variance": 0.017735927745161927,
          "cosine_similarity": 0.7451065182685852
        }
      },
      "macro_r2": 0.8905481220172327,
      "macro_r2_available_components": 0.8905481220172327,
      "macro_r2_defined_components": 4
    },
    "conditional_rollout": {
      "kind": "conditional_on_observed_attention_and_mlp",
      "initial_state_mse": 0.0,
      "rollout_error": 82.56997680664062,
      "mse": 0.6400773525238037,
      "rmse": 0.8000483512878418,
      "final_state_squared_l2": 534.85888671875,
      "final_state_mse": 4.14619255065918,
      "per_horizon": [
        {
          "horizon": 1,
          "squared_l2": 1.7076194286346436,
          "mse": 0.013237359933555126,
          "mae": 0.04408632963895798,
          "r2": 0.7771956640482469,
          "r2_defined": true,
          "r2_reason": null,
          "target_sum_squares": 7733.18938718734,
          "target_variance": 0.05941249212273523,
          "cosine_similarity": 0.9744501709938049
        },
        {
          "horizon": 2,
          "squared_l2": 3.471392869949341,
          "mse": 0.026910025626420975,
          "mae": 0.0680246651172638,
          "r2": 0.727779750436083,
          "r2_defined": true,
          "r2_reason": null,
          "target_sum_squares": 12866.91771235202,
          "target_variance": 0.09885386338728207,
          "cosine_similarity": 0.9462876915931702
        },
        {
          "horizon": 3,
          "squared_l2": 5.398257255554199,
          "mse": 0.041846953332424164,
          "mae": 0.08687673509120941,
          "r2": 0.6585494410259907,
          "r2_defined": true,
          "r2_reason": null,
          "target_sum_squares": 15952.065407509086,
          "target_variance": 0.12255641403730062,
          "cosine_similarity": 0.9165226817131042
        },
        {
          "horizon": 4,
          "squared_l2": 6.664444923400879,
          "mse": 0.05166236311197281,
          "mae": 0.10328750312328339,
          "r2": 0.7155082322989768,
          "r2_defined": true,
          "r2_reason": null,
          "target_sum_squares": 23636.624336633748,
          "target_variance": 0.1815952884245953,
          "cosine_similarity": 0.9141150116920471
        },
        {
          "horizon": 5,
          "squared_l2": 8.516003608703613,
          "mse": 0.06601553410291672,
          "mae": 0.12385277450084686,
          "r2": 0.6630594031709778,
          "r2_defined": true,
          "r2_reason": null,
          "target_sum_squares": 25501.965734853817,
          "target_variance": 0.19592631997951626,
          "cosine_similarity": 0.8968907594680786
        },
        {
          "horizon": 6,
          "squared_l2": 10.245962142944336,
          "mse": 0.07942606508731842,
          "mae": 0.1353059560060501,
          "r2": 0.5643123235116522,
          "r2_defined": true,
          "r2_reason": null,
          "target_sum_squares": 23728.409743675482,
          "target_variance": 0.1823004566934449,
          "cosine_similarity": 0.8841679096221924
        },
        {
          "horizon": 7,
          "squared_l2": 11.231596946716309,
          "mse": 0.0870666429400444,
          "mae": 0.1478656679391861,
          "r2": 0.5728520747734034,
          "r2_defined": true,
          "r2_reason": null,
          "target_sum_squares": 26531.046194110968,
          "target_variance": 0.203832531972795,
          "cosine_similarity": 0.8783265352249146
        },
        {
          "horizon": 8,
          "squared_l2": 11.594383239746094,
          "mse": 0.08987893909215927,
          "mae": 0.16119396686553955,
          "r2": 0.6412121733044175,
          "r2_defined": true,
          "r2_reason": null,
          "target_sum_squares": 32606.26876580007,
          "target_variance": 0.2505072085017791,
          "cosine_similarity": 0.8814743757247925
        },
        {
          "horizon": 9,
          "squared_l2": 12.636112213134766,
          "mse": 0.09795434772968292,
          "mae": 0.17739427089691162,
          "r2": 0.5899537067418381,
          "r2_defined": true,
          "r2_reason": null,
          "target_sum_squares": 31093.651280891012,
          "target_variance": 0.2388860817056646,
          "cosine_similarity": 0.8736263513565063
        },
        {
          "horizon": 10,
          "squared_l2": 14.057004928588867,
          "mse": 0.10896901786327362,
          "mae": 0.19519557058811188,
          "r2": 0.566887629097365,
          "r2_defined": true,
          "r2_reason": null,
          "target_sum_squares": 32747.89238230865,
          "target_variance": 0.25159527340992044,
          "cosine_similarity": 0.8620461821556091
        },
        {
          "horizon": 11,
          "squared_l2": 14.273983001708984,
          "mse": 0.11065103113651276,
          "mae": 0.20279185473918915,
          "r2": 0.5694302119542125,
          "r2_defined": true,
          "r2_reason": null,
          "target_sum_squares": 33449.742173049075,
          "target_variance": 0.25698743996319234,
          "cosine_similarity": 0.8776916861534119
        },
        {
          "horizon": 12,
          "squared_l2": 16.64112091064453,
          "mse": 0.1290009319782257,
          "mae": 0.21594253182411194,
          "r2": 0.5319007623923868,
          "r2_defined": true,
          "r2_reason": null,
          "target_sum_squares": 35870.36446448442,
          "target_variance": 0.2755845795936142,
          "cosine_similarity": 0.8419478535652161
        },
        {
          "horizon": 13,
          "squared_l2": 16.17286491394043,
          "mse": 0.1253710389137268,
          "mae": 0.2222214937210083,
          "r2": 0.5036993490285433,
          "r2_defined": true,
          "r2_reason": null,
          "target_sum_squares": 32880.10894042407,
          "target_variance": 0.25261106583710996,
          "cosine_similarity": 0.8392270803451538
        },
        {
          "horizon": 14,
          "squared_l2": 17.32735824584961,
          "mse": 0.13432060182094574,
          "mae": 0.2345210760831833,
          "r2": 0.4630904708565551,
          "r2_defined": true,
          "r2_reason": null,
          "target_sum_squares": 32562.851833445155,
          "target_variance": 0.25017364520436347,
          "cosine_similarity": 0.8568438291549683
        },
        {
          "horizon": 15,
          "squared_l2": 20.29689598083496,
          "mse": 0.15734030306339264,
          "mae": 0.2519224286079407,
          "r2": 0.33165748840219333,
          "r2_defined": true,
          "r2_reason": null,
          "target_sum_squares": 30642.326238276146,
          "target_variance": 0.23541864489575332,
          "cosine_similarity": 0.8507907390594482
        },
        {
          "horizon": 16,
          "squared_l2": 23.0532283782959,
          "mse": 0.17870719730854034,
          "mae": 0.2734316289424896,
          "r2": 0.2535751706996361,
          "r2_defined": true,
          "r2_reason": null,
          "target_sum_squares": 31162.82642090132,
          "target_variance": 0.23941753997665446,
          "cosine_similarity": 0.8286376595497131
        },
        {
          "horizon": 17,
          "squared_l2": 25.321046829223633,
          "mse": 0.19628719985485077,
          "mae": 0.2891286313533783,
          "r2": 0.19991888499962074,
          "r2_defined": true,
          "r2_reason": null,
          "target_sum_squares": 31932.931365654826,
          "target_variance": 0.24533409673907566,
          "cosine_similarity": 0.835397481918335
        },
        {
          "horizon": 18,
          "squared_l2": 28.5505313873291,
          "mse": 0.2213219404220581,
          "mae": 0.31287291646003723,
          "r2": -0.0016743264192093932,
          "r2_defined": true,
          "r2_reason": null,
          "target_sum_squares": 28759.33139112574,
          "target_variance": 0.2209519855496327,
          "cosine_similarity": 0.7947377562522888
        },
        {
          "horizon": 19,
          "squared_l2": 35.573341369628906,
          "mse": 0.27576231956481934,
          "mae": 0.3494192063808441,
          "r2": -0.11074120559901734,
          "r2_defined": true,
          "r2_reason": null,
          "target_sum_squares": 32314.908753028467,
          "target_variance": 0.2482687498792147,
          "cosine_similarity": 0.789601743221283
        },
        {
          "horizon": 20,
          "squared_l2": 42.16842269897461,
          "mse": 0.32688695192337036,
          "mae": 0.38352373242378235,
          "r2": -0.10145561895797539,
          "r2_defined": true,
          "r2_reason": null,
          "target_sum_squares": 38628.82425602739,
          "target_variance": 0.29677725475393846,
          "cosine_similarity": 0.7810637950897217
        },
        {
          "horizon": 21,
          "squared_l2": 47.339473724365234,
          "mse": 0.3669726252555847,
          "mae": 0.4094829559326172,
          "r2": -0.23119919249972143,
          "r2_defined": true,
          "r2_reason": null,
          "target_sum_squares": 38795.93738640343,
          "target_variance": 0.2980611503169415,
          "cosine_similarity": 0.7626259326934814
        },
        {
          "horizon": 22,
          "squared_l2": 61.267059326171875,
          "mse": 0.47493842244148254,
          "mae": 0.4775772988796234,
          "r2": -0.4106422285417308,
          "r2_defined": true,
          "r2_reason": null,
          "target_sum_squares": 43822.91995935824,
          "target_variance": 0.33668241607976457,
          "cosine_similarity": 0.727994441986084
        },
        {
          "horizon": 23,
          "squared_l2": 78.78526306152344,
          "mse": 0.6107384562492371,
          "mae": 0.5471418499946594,
          "r2": -0.536773567324802,
          "r2_defined": true,
          "r2_reason": null,
          "target_sum_squares": 51728.06720950316,
          "target_variance": 0.39741602484233496,
          "cosine_similarity": 0.7049612998962402
        },
        {
          "horizon": 24,
          "squared_l2": 98.33680725097656,
          "mse": 0.7623008489608765,
          "mae": 0.6191425323486328,
          "r2": -0.586909309041836,
          "r2_defined": true,
          "r2_reason": null,
          "target_sum_squares": 62525.21025650138,
          "target_variance": 0.4803682382318926,
          "cosine_similarity": 0.6769354343414307
        },
        {
          "horizon": 25,
          "squared_l2": 121.751953125,
          "mse": 0.9438135623931885,
          "mae": 0.6880393028259277,
          "r2": -0.6833026946918734,
          "r2_defined": true,
          "r2_reason": null,
          "target_sum_squares": 72980.17429336789,
          "target_variance": 0.5606915611693817,
          "cosine_similarity": 0.6418203115463257
        },
        {
          "horizon": 26,
          "squared_l2": 144.8926239013672,
          "mse": 1.1231986284255981,
          "mae": 0.740422248840332,
          "r2": -0.8419325738762169,
          "r2_defined": true,
          "r2_reason": null,
          "target_sum_squares": 79371.33740419339,
          "target_variance": 0.6097935434131068,
          "cosine_similarity": 0.6154192686080933
        },
        {
          "horizon": 27,
          "squared_l2": 172.7405242919922,
          "mse": 1.3390737771987915,
          "mae": 0.8038673996925354,
          "r2": -1.0004345410419249,
          "r2_defined": true,
          "r2_reason": null,
          "target_sum_squares": 87128.66023717329,
          "target_variance": 0.6693914478005953,
          "cosine_similarity": 0.6041985750198364
        },
        {
          "horizon": 28,
          "squared_l2": 201.3152618408203,
          "mse": 1.5605833530426025,
          "mae": 0.8548377156257629,
          "r2": -1.0922851919225076,
          "r2_defined": true,
          "r2_reason": null,
          "target_sum_squares": 97083.8411664229,
          "target_variance": 0.7458750406529061,
          "cosine_similarity": 0.5961753129959106
        },
        {
          "horizon": 29,
          "squared_l2": 235.1590118408203,
          "mse": 1.8229382038116455,
          "mae": 0.9154919385910034,
          "r2": -1.1093178383767732,
          "r2_defined": true,
          "r2_reason": null,
          "target_sum_squares": 112489.1869455296,
          "target_variance": 0.8642311210387873,
          "cosine_similarity": 0.6092135906219482
        },
        {
          "horizon": 30,
          "squared_l2": 275.96453857421875,
          "mse": 2.1392598152160645,
          "mae": 0.9837855696678162,
          "r2": -1.2080797091404323,
          "r2_defined": true,
          "r2_reason": null,
          "target_sum_squares": 126104.24083462986,
          "target_variance": 0.9688327596947616,
          "cosine_similarity": 0.6123273372650146
        },
        {
          "horizon": 31,
          "squared_l2": 344.92657470703125,
          "mse": 2.67384934425354,
          "mae": 1.096811294555664,
          "r2": -1.174081864465463,
          "r2_defined": true,
          "r2_reason": null,
          "target_sum_squares": 160081.78905107395,
          "target_variance": 1.2298752241537323,
          "cosine_similarity": 0.6135484576225281
        },
        {
          "horizon": 32,
          "squared_l2": 534.85888671875,
          "mse": 4.14619255065918,
          "mae": 1.336976408958435,
          "r2": -0.3531749104659816,
          "r2_defined": true,
          "r2_reason": null,
          "target_sum_squares": 398819.5222417312,
          "target_variance": 3.0640477734631046,
          "cosine_similarity": 0.6663062572479248
        }
      ],
      "positive_r2_horizon": 17,
      "components": {
        "z": {
          "mse": 0.66933274269104,
          "mae": 0.3999975621700287,
          "r2": 0.24531155732599386,
          "r2_defined": true,
          "r2_reason": null,
          "target_sum_squares": 1832717.4230013504,
          "target_variance": 0.8868994590682637,
          "cosine_similarity": 0.7996405959129333
        },
        "concept": {
          "mse": 0.7379792928695679,
          "mae": 0.4470943808555603,
          "r2": -0.05157580113839422,
          "r2_defined": true,
          "r2_reason": null,
          "target_sum_squares": 725094.6311065205,
          "target_variance": 0.7017841681763741,
          "cosine_similarity": 0.7460034489631653
        },
        "belief": {
          "mse": 0.5035224556922913,
          "mae": 0.4463464915752411,
          "r2": 0.48542926526618546,
          "r2_defined": true,
          "r2_reason": null,
          "target_sum_squares": 1011031.9664186765,
          "target_variance": 0.9785291424239235,
          "cosine_similarity": 0.8032360672950745
        },
        "uncertainty": {
          "mse": 0.004631215240806341,
          "mae": 0.040181174874305725,
          "r2": 0.8067483817502265,
          "r2_defined": true,
          "r2_reason": null,
          "target_sum_squares": 773.7719411081118,
          "target_variance": 0.023964690941158072,
          "cosine_similarity": 0.9866204261779785
        }
      },
      "macro_r2": 0.3714783508010029,
      "macro_r2_available_components": 0.3714783508010029,
      "macro_r2_defined_components": 4
    }
  },
  "semantic_alignment": {
    "modes": {
      "knowledge_enrichment": {
        "available": false,
        "reason": "event_definition_unavailable",
        "auroc": null,
        "average_precision": null
      },
      "information_routing": {
        "available": false,
        "reason": "event_definition_unavailable",
        "auroc": null,
        "average_precision": null
      },
      "concept_composition": {
        "available": true,
        "num_examples": 32288,
        "num_positive": 4542,
        "num_negative": 27746,
        "prevalence": 0.14067145688800792,
        "auroc": 0.4867485312047709,
        "average_precision": 0.12430567174501697,
        "source": "positive_first_token_bridge_log_probability_change",
        "independent_of_training_prior": false,
        "label_rule": "per_query_top_0.250_quantile",
        "num_queries": 1009,
        "num_queries_with_valid_layers": 1009,
        "num_queries_with_positive_events": 1009,
        "coverage": 1.0
      },
      "prediction_refinement": {
        "available": true,
        "num_examples": 32288,
        "num_positive": 2574,
        "num_negative": 29714,
        "prevalence": 0.07972001982160555,
        "auroc": 0.8251734196490876,
        "average_precision": 0.6637358376939582,
        "source": "joint_top1_top2_margin_increase_and_uncertainty_decrease",
        "independent_of_training_prior": false,
        "label_rule": "per_query_top_0.250_quantile",
        "num_queries": 1009,
        "num_queries_with_valid_layers": 1009,
        "num_queries_with_positive_events": 1009,
        "coverage": 1.0
      },
      "hop_transition": {
        "available": true,
        "num_examples": 32288,
        "num_positive": 2520,
        "num_negative": 29768,
        "prevalence": 0.07804757185332012,
        "auroc": 0.46495657022775067,
        "average_precision": 0.07238868184017623,
        "source": "joint_first_token_bridge_logprob_decrease_and_answer_logprob_increase",
        "independent_of_training_prior": false,
        "label_rule": "per_query_top_0.250_quantile",
        "num_queries": 1009,
        "num_queries_with_valid_layers": 1009,
        "num_queries_with_positive_events": 1008,
        "coverage": 1.0
      }
    },
    "event_quantile": 0.75,
    "num_available_modes": 3,
    "available_modes": [
      "concept_composition",
      "prediction_refinement",
      "hop_transition"
    ],
    "available_mode_fraction": 0.6,
    "macro_auroc": null,
    "macro_average_precision": null,
    "diagnostic_macro_auroc_available_modes": 0.5922928403605364,
    "diagnostic_macro_average_precision_available_modes": 0.2868100637597171,
    "strict_macro_requires_all_five_modes": true,
    "strict_macro_requires_independent_events": true,
    "all_events_independent_of_training_prior": false,
    "strict_macro_reason": "requires_defined_independent_events_for_all_five_modes"
  }
}
2026-08-19 21:10:18 | INFO | holdout_status=verified_training_split_validation
2026-08-19 21:10:18 | INFO | Saved 1009 trajectories to /bigdata/users/90967055/fuzzyDynamics/NeurIPS_Fuzzy_Dynamics_code/results/fuzzy_dynamics_20260819_204526_868768/evaluation/trajectories.jsonl
2026-08-19 21:10:19 | INFO | Completed evaluation
2026-08-19 21:10:19 | INFO | Starting plotting: /bigdata/users/90967055/fuzzyDynamics/NeurIPS_Fuzzy_Dynamics_code/.venv/bin/python -m scripts.plot_trajectory --trajectories /bigdata/users/90967055/fuzzyDynamics/NeurIPS_Fuzzy_Dynamics_code/results/fuzzy_dynamics_20260819_204526_868768/evaluation/trajectories.jsonl --index 0 --experiment-time 20260819_204526_868768 --log-dir /bigdata/users/90967055/fuzzyDynamics/NeurIPS_Fuzzy_Dynamics_code/logs
2026-08-19 21:10:23 | INFO | Log file: /bigdata/users/90967055/fuzzyDynamics/NeurIPS_Fuzzy_Dynamics_code/logs/fuzzy_dynamics_20260819_204526_868768/plot_trajectory_20260819_211023_228455.log
2026-08-19 21:10:23 | INFO | Arguments: {'trajectories': '/bigdata/users/90967055/fuzzyDynamics/NeurIPS_Fuzzy_Dynamics_code/results/fuzzy_dynamics_20260819_204526_868768/evaluation/trajectories.jsonl', 'index': 0, 'output': None, 'experiment_time': '20260819_204526_868768', 'log_dir': '/bigdata/users/90967055/fuzzyDynamics/NeurIPS_Fuzzy_Dynamics_code/logs'}
2026-08-19 21:10:23 | INFO | experiment_time=20260819_204526_868768
2026-08-19 21:10:24 | INFO | Saved /bigdata/users/90967055/fuzzyDynamics/NeurIPS_Fuzzy_Dynamics_code/results/fuzzy_dynamics_20260819_204526_868768/evaluation/trajectory_0.png
2026-08-19 21:10:25 | INFO | Completed plotting
2026-08-19 21:10:25 | INFO | Pipeline complete: /bigdata/users/90967055/fuzzyDynamics/NeurIPS_Fuzzy_Dynamics_code/results/fuzzy_dynamics_20260819_204526_868768
EXPERIMENT_TIME=20260819_204526_868768
EXPERIMENT_DIR=/bigdata/users/90967055/fuzzyDynamics/NeurIPS_Fuzzy_Dynamics_code/results/fuzzy_dynamics_20260819_204526_868768
