project_root=/bigdata/users/90967055/fuzzyDynamics/NeurIPS_Fuzzy_Dynamics_code
python=/bigdata/users/90967055/fuzzyDynamics/NeurIPS_Fuzzy_Dynamics_code/.venv/bin/python
activations=cache/socrates_llama3_8b_tuned_full.pt
config=configs/fuzzy_dynamics_base.json seed=42 device=cuda
activation_archive_ok=cache/socrates_llama3_8b_tuned_full.pt entries=17
python=3.11.8 executable=/bigdata/users/90967055/fuzzyDynamics/NeurIPS_Fuzzy_Dynamics_code/.venv/bin/python
platform=Linux-7.1.4-200.fc44.x86_64-x86_64-with-glibc2.43
numpy=1.26.4 [ok]
torch=2.13.0 [ok]
transformers=4.57.6 [ok]
accelerate=1.14.0 [ok]
datasets=4.8.5 [ok]
pandas=2.3.3 [ok]
tqdm=4.70.0 [ok]
requests=2.34.2 [ok]
matplotlib=3.11.1 [ok]
tuned-lens=0.2.0 [ok]
Unidecode=1.4.0 [ok]
fancy-einsum=0.0.3 [ok]
PyYAML=6.0.3 [ok]
sentencepiece=0.2.2 [ok]
safetensors=0.8.0 [ok]
baukit=0.0.1 [ok]
torch_cuda_build=13.0
cuda_available=True
cuda_device_count=1
Environment check passed.
2026-08-18 06:52:22 | INFO | Log file: /bigdata/users/90967055/fuzzyDynamics/NeurIPS_Fuzzy_Dynamics_code/logs/fuzzy_dynamics_20260818_065222_694752/run_pipeline_20260818_065222_727845.log
2026-08-18 06:52:22 | INFO | experiment_time=20260818_065222_694752
2026-08-18 06:52:22 | INFO | Experiment directory: /bigdata/users/90967055/fuzzyDynamics/NeurIPS_Fuzzy_Dynamics_code/results/fuzzy_dynamics_20260818_065222_694752
2026-08-18 06:52:22 | INFO | Starting training: /bigdata/users/90967055/fuzzyDynamics/NeurIPS_Fuzzy_Dynamics_code/.venv/bin/python -m scripts.train_fuzzy_dynamics --activations /bigdata/users/90967055/fuzzyDynamics/NeurIPS_Fuzzy_Dynamics_code/cache/socrates_llama3_8b_tuned_full.pt --config /bigdata/users/90967055/fuzzyDynamics/NeurIPS_Fuzzy_Dynamics_code/configs/fuzzy_dynamics_base.json --seed 42 --device cuda --results-root /bigdata/users/90967055/fuzzyDynamics/NeurIPS_Fuzzy_Dynamics_code/results --experiment-time 20260818_065222_694752 --log-dir /bigdata/users/90967055/fuzzyDynamics/NeurIPS_Fuzzy_Dynamics_code/logs --log-every-batches 10
2026-08-18 06:52:29 | INFO | Log file: /bigdata/users/90967055/fuzzyDynamics/NeurIPS_Fuzzy_Dynamics_code/logs/fuzzy_dynamics_20260818_065222_694752/train_fuzzy_dynamics_20260818_065229_154966.log
2026-08-18 06:52:29 | INFO | Arguments: {'activations': '/bigdata/users/90967055/fuzzyDynamics/NeurIPS_Fuzzy_Dynamics_code/cache/socrates_llama3_8b_tuned_full.pt', 'results_root': '/bigdata/users/90967055/fuzzyDynamics/NeurIPS_Fuzzy_Dynamics_code/results', 'experiment_time': '20260818_065222_694752', 'config': '/bigdata/users/90967055/fuzzyDynamics/NeurIPS_Fuzzy_Dynamics_code/configs/fuzzy_dynamics_base.json', 'device': 'cuda', 'seed': 42, 'log_dir': '/bigdata/users/90967055/fuzzyDynamics/NeurIPS_Fuzzy_Dynamics_code/logs', 'log_every_batches': 10}
2026-08-18 06:52:29 | INFO | experiment_time=20260818_065222_694752
2026-08-18 06:53:34 | INFO | split_by=category train=6264 validation=968
2026-08-18 06:53:41 | INFO | Checkpoints: /bigdata/users/90967055/fuzzyDynamics/NeurIPS_Fuzzy_Dynamics_code/results/fuzzy_dynamics_20260818_065222_694752/checkpoint
2026-08-18 06:53:41 | INFO | Training results: /bigdata/users/90967055/fuzzyDynamics/NeurIPS_Fuzzy_Dynamics_code/results/fuzzy_dynamics_20260818_065222_694752/training
2026-08-18 06:53:49 | INFO | epoch=001 train_batch=10/392 running_loss=0.041197
2026-08-18 06:53:49 | INFO | epoch=001 train_batch=20/392 running_loss=0.023949
2026-08-18 06:53:50 | INFO | epoch=001 train_batch=30/392 running_loss=0.017004
2026-08-18 06:53:50 | INFO | epoch=001 train_batch=40/392 running_loss=0.012859
2026-08-18 06:53:50 | INFO | epoch=001 train_batch=50/392 running_loss=0.010154
2026-08-18 06:53:51 | INFO | epoch=001 train_batch=60/392 running_loss=0.008344
2026-08-18 06:53:51 | INFO | epoch=001 train_batch=70/392 running_loss=0.006919
2026-08-18 06:53:51 | INFO | epoch=001 train_batch=80/392 running_loss=0.005854
2026-08-18 06:53:52 | INFO | epoch=001 train_batch=90/392 running_loss=0.004883
2026-08-18 06:53:52 | INFO | epoch=001 train_batch=100/392 running_loss=0.004058
2026-08-18 06:53:52 | INFO | epoch=001 train_batch=110/392 running_loss=0.003438
2026-08-18 06:53:52 | INFO | epoch=001 train_batch=120/392 running_loss=0.002902
2026-08-18 06:53:53 | INFO | epoch=001 train_batch=130/392 running_loss=0.002438
2026-08-18 06:53:53 | INFO | epoch=001 train_batch=140/392 running_loss=0.002055
2026-08-18 06:53:53 | INFO | epoch=001 train_batch=150/392 running_loss=0.001659
2026-08-18 06:53:54 | INFO | epoch=001 train_batch=160/392 running_loss=0.001294
2026-08-18 06:53:54 | INFO | epoch=001 train_batch=170/392 running_loss=0.000985
2026-08-18 06:53:54 | INFO | epoch=001 train_batch=180/392 running_loss=0.000686
2026-08-18 06:53:55 | INFO | epoch=001 train_batch=190/392 running_loss=0.000418
2026-08-18 06:53:55 | INFO | epoch=001 train_batch=200/392 running_loss=0.000184
2026-08-18 06:53:55 | INFO | epoch=001 train_batch=210/392 running_loss=-0.000032
2026-08-18 06:53:55 | INFO | epoch=001 train_batch=220/392 running_loss=-0.000216
2026-08-18 06:53:56 | INFO | epoch=001 train_batch=230/392 running_loss=-0.000389
2026-08-18 06:53:56 | INFO | epoch=001 train_batch=240/392 running_loss=-0.000568
2026-08-18 06:53:56 | INFO | epoch=001 train_batch=250/392 running_loss=-0.000746
2026-08-18 06:53:57 | INFO | epoch=001 train_batch=260/392 running_loss=-0.000898
2026-08-18 06:53:57 | INFO | epoch=001 train_batch=270/392 running_loss=-0.001041
2026-08-18 06:53:57 | INFO | epoch=001 train_batch=280/392 running_loss=-0.001155
2026-08-18 06:53:58 | INFO | epoch=001 train_batch=290/392 running_loss=-0.001264
2026-08-18 06:53:58 | INFO | epoch=001 train_batch=300/392 running_loss=-0.001364
2026-08-18 06:53:58 | INFO | epoch=001 train_batch=310/392 running_loss=-0.001456
2026-08-18 06:53:59 | INFO | epoch=001 train_batch=320/392 running_loss=-0.001567
2026-08-18 06:53:59 | INFO | epoch=001 train_batch=330/392 running_loss=-0.001679
2026-08-18 06:53:59 | INFO | epoch=001 train_batch=340/392 running_loss=-0.001781
2026-08-18 06:53:59 | INFO | epoch=001 train_batch=350/392 running_loss=-0.001885
2026-08-18 06:54:00 | INFO | epoch=001 train_batch=360/392 running_loss=-0.001977
2026-08-18 06:54:00 | INFO | epoch=001 train_batch=370/392 running_loss=-0.002068
2026-08-18 06:54:00 | INFO | epoch=001 train_batch=380/392 running_loss=-0.002156
2026-08-18 06:54:01 | INFO | epoch=001 train_batch=390/392 running_loss=-0.002225
2026-08-18 06:54:01 | INFO | epoch=001 train_batch=392/392 running_loss=-0.002241
2026-08-18 06:54:01 | INFO | epoch=001 train_loss=-0.002241 validation_loss=0.006103
2026-08-18 06:54:02 | INFO | epoch=001 saved new best.pt
2026-08-18 06:54:02 | INFO | epoch=002 train_batch=10/392 running_loss=-0.005604
2026-08-18 06:54:02 | INFO | epoch=002 train_batch=20/392 running_loss=-0.005523
2026-08-18 06:54:02 | INFO | epoch=002 train_batch=30/392 running_loss=-0.005341
2026-08-18 06:54:03 | INFO | epoch=002 train_batch=40/392 running_loss=-0.005310
2026-08-18 06:54:03 | INFO | epoch=002 train_batch=50/392 running_loss=-0.005318
2026-08-18 06:54:03 | INFO | epoch=002 train_batch=60/392 running_loss=-0.005325
2026-08-18 06:54:04 | INFO | epoch=002 train_batch=70/392 running_loss=-0.005346
2026-08-18 06:54:04 | INFO | epoch=002 train_batch=80/392 running_loss=-0.005421
2026-08-18 06:54:04 | INFO | epoch=002 train_batch=90/392 running_loss=-0.005405
2026-08-18 06:54:05 | INFO | epoch=002 train_batch=100/392 running_loss=-0.005408
2026-08-18 06:54:05 | INFO | epoch=002 train_batch=110/392 running_loss=-0.005434
2026-08-18 06:54:05 | INFO | epoch=002 train_batch=120/392 running_loss=-0.005449
2026-08-18 06:54:06 | INFO | epoch=002 train_batch=130/392 running_loss=-0.005440
2026-08-18 06:54:06 | INFO | epoch=002 train_batch=140/392 running_loss=-0.005454
2026-08-18 06:54:06 | INFO | epoch=002 train_batch=150/392 running_loss=-0.005453
2026-08-18 06:54:06 | INFO | epoch=002 train_batch=160/392 running_loss=-0.005468
2026-08-18 06:54:07 | INFO | epoch=002 train_batch=170/392 running_loss=-0.005472
2026-08-18 06:54:07 | INFO | epoch=002 train_batch=180/392 running_loss=-0.005489
2026-08-18 06:54:07 | INFO | epoch=002 train_batch=190/392 running_loss=-0.005500
2026-08-18 06:54:08 | INFO | epoch=002 train_batch=200/392 running_loss=-0.005517
2026-08-18 06:54:08 | INFO | epoch=002 train_batch=210/392 running_loss=-0.005514
2026-08-18 06:54:08 | INFO | epoch=002 train_batch=220/392 running_loss=-0.005511
2026-08-18 06:54:09 | INFO | epoch=002 train_batch=230/392 running_loss=-0.005519
2026-08-18 06:54:09 | INFO | epoch=002 train_batch=240/392 running_loss=-0.005518
2026-08-18 06:54:09 | INFO | epoch=002 train_batch=250/392 running_loss=-0.005522
2026-08-18 06:54:09 | INFO | epoch=002 train_batch=260/392 running_loss=-0.005534
2026-08-18 06:54:10 | INFO | epoch=002 train_batch=270/392 running_loss=-0.005522
2026-08-18 06:54:10 | INFO | epoch=002 train_batch=280/392 running_loss=-0.005528
2026-08-18 06:54:10 | INFO | epoch=002 train_batch=290/392 running_loss=-0.005536
2026-08-18 06:54:11 | INFO | epoch=002 train_batch=300/392 running_loss=-0.005540
2026-08-18 06:54:11 | INFO | epoch=002 train_batch=310/392 running_loss=-0.005529
2026-08-18 06:54:11 | INFO | epoch=002 train_batch=320/392 running_loss=-0.005527
2026-08-18 06:54:12 | INFO | epoch=002 train_batch=330/392 running_loss=-0.005533
2026-08-18 06:54:12 | INFO | epoch=002 train_batch=340/392 running_loss=-0.005544
2026-08-18 06:54:12 | INFO | epoch=002 train_batch=350/392 running_loss=-0.005548
2026-08-18 06:54:12 | INFO | epoch=002 train_batch=360/392 running_loss=-0.005557
2026-08-18 06:54:13 | INFO | epoch=002 train_batch=370/392 running_loss=-0.005554
2026-08-18 06:54:13 | INFO | epoch=002 train_batch=380/392 running_loss=-0.005556
2026-08-18 06:54:13 | INFO | epoch=002 train_batch=390/392 running_loss=-0.005567
2026-08-18 06:54:13 | INFO | epoch=002 train_batch=392/392 running_loss=-0.005571
2026-08-18 06:54:14 | INFO | epoch=002 train_loss=-0.005571 validation_loss=0.005359
2026-08-18 06:54:14 | INFO | epoch=002 saved new best.pt
2026-08-18 06:54:15 | INFO | epoch=003 train_batch=10/392 running_loss=-0.005706
2026-08-18 06:54:15 | INFO | epoch=003 train_batch=20/392 running_loss=-0.005850
2026-08-18 06:54:15 | INFO | epoch=003 train_batch=30/392 running_loss=-0.005991
2026-08-18 06:54:15 | INFO | epoch=003 train_batch=40/392 running_loss=-0.005983
2026-08-18 06:54:16 | INFO | epoch=003 train_batch=50/392 running_loss=-0.006014
2026-08-18 06:54:16 | INFO | epoch=003 train_batch=60/392 running_loss=-0.005986
2026-08-18 06:54:16 | INFO | epoch=003 train_batch=70/392 running_loss=-0.006024
2026-08-18 06:54:17 | INFO | epoch=003 train_batch=80/392 running_loss=-0.005960
2026-08-18 06:54:17 | INFO | epoch=003 train_batch=90/392 running_loss=-0.005956
2026-08-18 06:54:17 | INFO | epoch=003 train_batch=100/392 running_loss=-0.005967
2026-08-18 06:54:18 | INFO | epoch=003 train_batch=110/392 running_loss=-0.005950
2026-08-18 06:54:18 | INFO | epoch=003 train_batch=120/392 running_loss=-0.005926
2026-08-18 06:54:18 | INFO | epoch=003 train_batch=130/392 running_loss=-0.005919
2026-08-18 06:54:18 | INFO | epoch=003 train_batch=140/392 running_loss=-0.005897
2026-08-18 06:54:19 | INFO | epoch=003 train_batch=150/392 running_loss=-0.005903
2026-08-18 06:54:19 | INFO | epoch=003 train_batch=160/392 running_loss=-0.005905
2026-08-18 06:54:19 | INFO | epoch=003 train_batch=170/392 running_loss=-0.005910
2026-08-18 06:54:20 | INFO | epoch=003 train_batch=180/392 running_loss=-0.005899
2026-08-18 06:54:20 | INFO | epoch=003 train_batch=190/392 running_loss=-0.005897
2026-08-18 06:54:20 | INFO | epoch=003 train_batch=200/392 running_loss=-0.005890
2026-08-18 06:54:21 | INFO | epoch=003 train_batch=210/392 running_loss=-0.005892
2026-08-18 06:54:21 | INFO | epoch=003 train_batch=220/392 running_loss=-0.005900
2026-08-18 06:54:21 | INFO | epoch=003 train_batch=230/392 running_loss=-0.005918
2026-08-18 06:54:22 | INFO | epoch=003 train_batch=240/392 running_loss=-0.005917
2026-08-18 06:54:22 | INFO | epoch=003 train_batch=250/392 running_loss=-0.005928
2026-08-18 06:54:22 | INFO | epoch=003 train_batch=260/392 running_loss=-0.005935
2026-08-18 06:54:22 | INFO | epoch=003 train_batch=270/392 running_loss=-0.005941
2026-08-18 06:54:23 | INFO | epoch=003 train_batch=280/392 running_loss=-0.005926
2026-08-18 06:54:23 | INFO | epoch=003 train_batch=290/392 running_loss=-0.005925
2026-08-18 06:54:23 | INFO | epoch=003 train_batch=300/392 running_loss=-0.005918
2026-08-18 06:54:24 | INFO | epoch=003 train_batch=310/392 running_loss=-0.005911
2026-08-18 06:54:24 | INFO | epoch=003 train_batch=320/392 running_loss=-0.005910
2026-08-18 06:54:24 | INFO | epoch=003 train_batch=330/392 running_loss=-0.005907
2026-08-18 06:54:25 | INFO | epoch=003 train_batch=340/392 running_loss=-0.005911
2026-08-18 06:54:25 | INFO | epoch=003 train_batch=350/392 running_loss=-0.005909
2026-08-18 06:54:25 | INFO | epoch=003 train_batch=360/392 running_loss=-0.005921
2026-08-18 06:54:25 | INFO | epoch=003 train_batch=370/392 running_loss=-0.005922
2026-08-18 06:54:26 | INFO | epoch=003 train_batch=380/392 running_loss=-0.005928
2026-08-18 06:54:26 | INFO | epoch=003 train_batch=390/392 running_loss=-0.005923
2026-08-18 06:54:26 | INFO | epoch=003 train_batch=392/392 running_loss=-0.005924
2026-08-18 06:54:27 | INFO | epoch=003 train_loss=-0.005924 validation_loss=0.005157
2026-08-18 06:54:27 | INFO | epoch=003 saved new best.pt
2026-08-18 06:54:27 | INFO | epoch=004 train_batch=10/392 running_loss=-0.006381
2026-08-18 06:54:28 | INFO | epoch=004 train_batch=20/392 running_loss=-0.006324
2026-08-18 06:54:28 | INFO | epoch=004 train_batch=30/392 running_loss=-0.006202
2026-08-18 06:54:28 | INFO | epoch=004 train_batch=40/392 running_loss=-0.006122
2026-08-18 06:54:28 | INFO | epoch=004 train_batch=50/392 running_loss=-0.006100
2026-08-18 06:54:29 | INFO | epoch=004 train_batch=60/392 running_loss=-0.006125
2026-08-18 06:54:29 | INFO | epoch=004 train_batch=70/392 running_loss=-0.006103
2026-08-18 06:54:29 | INFO | epoch=004 train_batch=80/392 running_loss=-0.006072
2026-08-18 06:54:30 | INFO | epoch=004 train_batch=90/392 running_loss=-0.006050
2026-08-18 06:54:30 | INFO | epoch=004 train_batch=100/392 running_loss=-0.006034
2026-08-18 06:54:30 | INFO | epoch=004 train_batch=110/392 running_loss=-0.006035
2026-08-18 06:54:31 | INFO | epoch=004 train_batch=120/392 running_loss=-0.006072
2026-08-18 06:54:31 | INFO | epoch=004 train_batch=130/392 running_loss=-0.006074
2026-08-18 06:54:31 | INFO | epoch=004 train_batch=140/392 running_loss=-0.006093
2026-08-18 06:54:31 | INFO | epoch=004 train_batch=150/392 running_loss=-0.006119
2026-08-18 06:54:32 | INFO | epoch=004 train_batch=160/392 running_loss=-0.006130
2026-08-18 06:54:32 | INFO | epoch=004 train_batch=170/392 running_loss=-0.006111
2026-08-18 06:54:32 | INFO | epoch=004 train_batch=180/392 running_loss=-0.006112
2026-08-18 06:54:33 | INFO | epoch=004 train_batch=190/392 running_loss=-0.006097
2026-08-18 06:54:33 | INFO | epoch=004 train_batch=200/392 running_loss=-0.006103
2026-08-18 06:54:33 | INFO | epoch=004 train_batch=210/392 running_loss=-0.006109
2026-08-18 06:54:34 | INFO | epoch=004 train_batch=220/392 running_loss=-0.006129
2026-08-18 06:54:34 | INFO | epoch=004 train_batch=230/392 running_loss=-0.006124
2026-08-18 06:54:34 | INFO | epoch=004 train_batch=240/392 running_loss=-0.006111
2026-08-18 06:54:35 | INFO | epoch=004 train_batch=250/392 running_loss=-0.006117
2026-08-18 06:54:35 | INFO | epoch=004 train_batch=260/392 running_loss=-0.006112
2026-08-18 06:54:35 | INFO | epoch=004 train_batch=270/392 running_loss=-0.006117
2026-08-18 06:54:35 | INFO | epoch=004 train_batch=280/392 running_loss=-0.006131
2026-08-18 06:54:36 | INFO | epoch=004 train_batch=290/392 running_loss=-0.006130
2026-08-18 06:54:36 | INFO | epoch=004 train_batch=300/392 running_loss=-0.006138
2026-08-18 06:54:36 | INFO | epoch=004 train_batch=310/392 running_loss=-0.006141
2026-08-18 06:54:37 | INFO | epoch=004 train_batch=320/392 running_loss=-0.006142
2026-08-18 06:54:37 | INFO | epoch=004 train_batch=330/392 running_loss=-0.006149
2026-08-18 06:54:37 | INFO | epoch=004 train_batch=340/392 running_loss=-0.006150
2026-08-18 06:54:38 | INFO | epoch=004 train_batch=350/392 running_loss=-0.006154
2026-08-18 06:54:38 | INFO | epoch=004 train_batch=360/392 running_loss=-0.006148
2026-08-18 06:54:38 | INFO | epoch=004 train_batch=370/392 running_loss=-0.006151
2026-08-18 06:54:38 | INFO | epoch=004 train_batch=380/392 running_loss=-0.006150
2026-08-18 06:54:39 | INFO | epoch=004 train_batch=390/392 running_loss=-0.006144
2026-08-18 06:54:39 | INFO | epoch=004 train_batch=392/392 running_loss=-0.006148
2026-08-18 06:54:40 | INFO | epoch=004 train_loss=-0.006148 validation_loss=0.005008
2026-08-18 06:54:40 | INFO | epoch=004 saved new best.pt
2026-08-18 06:54:40 | INFO | epoch=005 train_batch=10/392 running_loss=-0.005929
2026-08-18 06:54:40 | INFO | epoch=005 train_batch=20/392 running_loss=-0.005881
2026-08-18 06:54:41 | INFO | epoch=005 train_batch=30/392 running_loss=-0.005998
2026-08-18 06:54:41 | INFO | epoch=005 train_batch=40/392 running_loss=-0.006096
2026-08-18 06:54:41 | INFO | epoch=005 train_batch=50/392 running_loss=-0.006095
2026-08-18 06:54:41 | INFO | epoch=005 train_batch=60/392 running_loss=-0.006147
2026-08-18 06:54:42 | INFO | epoch=005 train_batch=70/392 running_loss=-0.006176
2026-08-18 06:54:42 | INFO | epoch=005 train_batch=80/392 running_loss=-0.006218
2026-08-18 06:54:42 | INFO | epoch=005 train_batch=90/392 running_loss=-0.006240
2026-08-18 06:54:43 | INFO | epoch=005 train_batch=100/392 running_loss=-0.006269
2026-08-18 06:54:43 | INFO | epoch=005 train_batch=110/392 running_loss=-0.006283
2026-08-18 06:54:43 | INFO | epoch=005 train_batch=120/392 running_loss=-0.006251
2026-08-18 06:54:44 | INFO | epoch=005 train_batch=130/392 running_loss=-0.006259
2026-08-18 06:54:44 | INFO | epoch=005 train_batch=140/392 running_loss=-0.006236
2026-08-18 06:54:44 | INFO | epoch=005 train_batch=150/392 running_loss=-0.006239
2026-08-18 06:54:44 | INFO | epoch=005 train_batch=160/392 running_loss=-0.006252
2026-08-18 06:54:45 | INFO | epoch=005 train_batch=170/392 running_loss=-0.006256
2026-08-18 06:54:45 | INFO | epoch=005 train_batch=180/392 running_loss=-0.006256
2026-08-18 06:54:45 | INFO | epoch=005 train_batch=190/392 running_loss=-0.006263
2026-08-18 06:54:46 | INFO | epoch=005 train_batch=200/392 running_loss=-0.006278
2026-08-18 06:54:46 | INFO | epoch=005 train_batch=210/392 running_loss=-0.006260
2026-08-18 06:54:46 | INFO | epoch=005 train_batch=220/392 running_loss=-0.006264
2026-08-18 06:54:47 | INFO | epoch=005 train_batch=230/392 running_loss=-0.006269
2026-08-18 06:54:47 | INFO | epoch=005 train_batch=240/392 running_loss=-0.006257
2026-08-18 06:54:47 | INFO | epoch=005 train_batch=250/392 running_loss=-0.006254
2026-08-18 06:54:47 | INFO | epoch=005 train_batch=260/392 running_loss=-0.006250
2026-08-18 06:54:48 | INFO | epoch=005 train_batch=270/392 running_loss=-0.006254
2026-08-18 06:54:48 | INFO | epoch=005 train_batch=280/392 running_loss=-0.006252
2026-08-18 06:54:48 | INFO | epoch=005 train_batch=290/392 running_loss=-0.006254
2026-08-18 06:54:49 | INFO | epoch=005 train_batch=300/392 running_loss=-0.006255
2026-08-18 06:54:49 | INFO | epoch=005 train_batch=310/392 running_loss=-0.006257
2026-08-18 06:54:49 | INFO | epoch=005 train_batch=320/392 running_loss=-0.006259
2026-08-18 06:54:50 | INFO | epoch=005 train_batch=330/392 running_loss=-0.006241
2026-08-18 06:54:50 | INFO | epoch=005 train_batch=340/392 running_loss=-0.006243
2026-08-18 06:54:50 | INFO | epoch=005 train_batch=350/392 running_loss=-0.006242
2026-08-18 06:54:50 | INFO | epoch=005 train_batch=360/392 running_loss=-0.006239
2026-08-18 06:54:51 | INFO | epoch=005 train_batch=370/392 running_loss=-0.006239
2026-08-18 06:54:51 | INFO | epoch=005 train_batch=380/392 running_loss=-0.006236
2026-08-18 06:54:51 | INFO | epoch=005 train_batch=390/392 running_loss=-0.006223
2026-08-18 06:54:51 | INFO | epoch=005 train_batch=392/392 running_loss=-0.006220
2026-08-18 06:54:52 | INFO | epoch=005 train_loss=-0.006220 validation_loss=0.004445
2026-08-18 06:54:52 | INFO | epoch=005 saved new best.pt
2026-08-18 06:54:53 | INFO | epoch=006 train_batch=10/392 running_loss=-0.006093
2026-08-18 06:54:53 | INFO | epoch=006 train_batch=20/392 running_loss=-0.006471
2026-08-18 06:54:53 | INFO | epoch=006 train_batch=30/392 running_loss=-0.006493
2026-08-18 06:54:53 | INFO | epoch=006 train_batch=40/392 running_loss=-0.006616
2026-08-18 06:54:54 | INFO | epoch=006 train_batch=50/392 running_loss=-0.006628
2026-08-18 06:54:54 | INFO | epoch=006 train_batch=60/392 running_loss=-0.006628
2026-08-18 06:54:54 | INFO | epoch=006 train_batch=70/392 running_loss=-0.006636
2026-08-18 06:54:55 | INFO | epoch=006 train_batch=80/392 running_loss=-0.006627
2026-08-18 06:54:55 | INFO | epoch=006 train_batch=90/392 running_loss=-0.006582
2026-08-18 06:54:55 | INFO | epoch=006 train_batch=100/392 running_loss=-0.006577
2026-08-18 06:54:56 | INFO | epoch=006 train_batch=110/392 running_loss=-0.006537
2026-08-18 06:54:56 | INFO | epoch=006 train_batch=120/392 running_loss=-0.006539
2026-08-18 06:54:56 | INFO | epoch=006 train_batch=130/392 running_loss=-0.006520
2026-08-18 06:54:56 | INFO | epoch=006 train_batch=140/392 running_loss=-0.006500
2026-08-18 06:54:57 | INFO | epoch=006 train_batch=150/392 running_loss=-0.006496
2026-08-18 06:54:57 | INFO | epoch=006 train_batch=160/392 running_loss=-0.006500
2026-08-18 06:54:57 | INFO | epoch=006 train_batch=170/392 running_loss=-0.006486
2026-08-18 06:54:58 | INFO | epoch=006 train_batch=180/392 running_loss=-0.006465
2026-08-18 06:54:58 | INFO | epoch=006 train_batch=190/392 running_loss=-0.006450
2026-08-18 06:54:58 | INFO | epoch=006 train_batch=200/392 running_loss=-0.006441
2026-08-18 06:54:59 | INFO | epoch=006 train_batch=210/392 running_loss=-0.006432
2026-08-18 06:54:59 | INFO | epoch=006 train_batch=220/392 running_loss=-0.006423
2026-08-18 06:54:59 | INFO | epoch=006 train_batch=230/392 running_loss=-0.006428
2026-08-18 06:54:59 | INFO | epoch=006 train_batch=240/392 running_loss=-0.006427
2026-08-18 06:55:00 | INFO | epoch=006 train_batch=250/392 running_loss=-0.006426
2026-08-18 06:55:00 | INFO | epoch=006 train_batch=260/392 running_loss=-0.006431
2026-08-18 06:55:00 | INFO | epoch=006 train_batch=270/392 running_loss=-0.006429
2026-08-18 06:55:01 | INFO | epoch=006 train_batch=280/392 running_loss=-0.006427
2026-08-18 06:55:01 | INFO | epoch=006 train_batch=290/392 running_loss=-0.006430
2026-08-18 06:55:01 | INFO | epoch=006 train_batch=300/392 running_loss=-0.006411
2026-08-18 06:55:02 | INFO | epoch=006 train_batch=310/392 running_loss=-0.006398
2026-08-18 06:55:02 | INFO | epoch=006 train_batch=320/392 running_loss=-0.006397
2026-08-18 06:55:02 | INFO | epoch=006 train_batch=330/392 running_loss=-0.006397
2026-08-18 06:55:02 | INFO | epoch=006 train_batch=340/392 running_loss=-0.006395
2026-08-18 06:55:03 | INFO | epoch=006 train_batch=350/392 running_loss=-0.006389
2026-08-18 06:55:03 | INFO | epoch=006 train_batch=360/392 running_loss=-0.006374
2026-08-18 06:55:03 | INFO | epoch=006 train_batch=370/392 running_loss=-0.006374
2026-08-18 06:55:04 | INFO | epoch=006 train_batch=380/392 running_loss=-0.006379
2026-08-18 06:55:04 | INFO | epoch=006 train_batch=390/392 running_loss=-0.006386
2026-08-18 06:55:04 | INFO | epoch=006 train_batch=392/392 running_loss=-0.006383
2026-08-18 06:55:05 | INFO | epoch=006 train_loss=-0.006383 validation_loss=0.004003
2026-08-18 06:55:05 | INFO | epoch=006 saved new best.pt
2026-08-18 06:55:05 | INFO | epoch=007 train_batch=10/392 running_loss=-0.006437
2026-08-18 06:55:06 | INFO | epoch=007 train_batch=20/392 running_loss=-0.006403
2026-08-18 06:55:06 | INFO | epoch=007 train_batch=30/392 running_loss=-0.006358
2026-08-18 06:55:06 | INFO | epoch=007 train_batch=40/392 running_loss=-0.006352
2026-08-18 06:55:06 | INFO | epoch=007 train_batch=50/392 running_loss=-0.006359
2026-08-18 06:55:07 | INFO | epoch=007 train_batch=60/392 running_loss=-0.006426
2026-08-18 06:55:07 | INFO | epoch=007 train_batch=70/392 running_loss=-0.006428
2026-08-18 06:55:07 | INFO | epoch=007 train_batch=80/392 running_loss=-0.006443
2026-08-18 06:55:08 | INFO | epoch=007 train_batch=90/392 running_loss=-0.006470
2026-08-18 06:55:08 | INFO | epoch=007 train_batch=100/392 running_loss=-0.006443
2026-08-18 06:55:08 | INFO | epoch=007 train_batch=110/392 running_loss=-0.006457
2026-08-18 06:55:09 | INFO | epoch=007 train_batch=120/392 running_loss=-0.006462
2026-08-18 06:55:09 | INFO | epoch=007 train_batch=130/392 running_loss=-0.006473
2026-08-18 06:55:09 | INFO | epoch=007 train_batch=140/392 running_loss=-0.006497
2026-08-18 06:55:09 | INFO | epoch=007 train_batch=150/392 running_loss=-0.006497
2026-08-18 06:55:10 | INFO | epoch=007 train_batch=160/392 running_loss=-0.006528
2026-08-18 06:55:10 | INFO | epoch=007 train_batch=170/392 running_loss=-0.006562
2026-08-18 06:55:10 | INFO | epoch=007 train_batch=180/392 running_loss=-0.006533
2026-08-18 06:55:11 | INFO | epoch=007 train_batch=190/392 running_loss=-0.006535
2026-08-18 06:55:11 | INFO | epoch=007 train_batch=200/392 running_loss=-0.006534
2026-08-18 06:55:11 | INFO | epoch=007 train_batch=210/392 running_loss=-0.006519
2026-08-18 06:55:12 | INFO | epoch=007 train_batch=220/392 running_loss=-0.006510
2026-08-18 06:55:12 | INFO | epoch=007 train_batch=230/392 running_loss=-0.006504
2026-08-18 06:55:12 | INFO | epoch=007 train_batch=240/392 running_loss=-0.006520
2026-08-18 06:55:12 | INFO | epoch=007 train_batch=250/392 running_loss=-0.006510
2026-08-18 06:55:13 | INFO | epoch=007 train_batch=260/392 running_loss=-0.006512
2026-08-18 06:55:13 | INFO | epoch=007 train_batch=270/392 running_loss=-0.006511
2026-08-18 06:55:13 | INFO | epoch=007 train_batch=280/392 running_loss=-0.006507
2026-08-18 06:55:14 | INFO | epoch=007 train_batch=290/392 running_loss=-0.006507
2026-08-18 06:55:14 | INFO | epoch=007 train_batch=300/392 running_loss=-0.006499
2026-08-18 06:55:14 | INFO | epoch=007 train_batch=310/392 running_loss=-0.006507
2026-08-18 06:55:15 | INFO | epoch=007 train_batch=320/392 running_loss=-0.006507
2026-08-18 06:55:15 | INFO | epoch=007 train_batch=330/392 running_loss=-0.006511
2026-08-18 06:55:15 | INFO | epoch=007 train_batch=340/392 running_loss=-0.006508
2026-08-18 06:55:15 | INFO | epoch=007 train_batch=350/392 running_loss=-0.006510
2026-08-18 06:55:16 | INFO | epoch=007 train_batch=360/392 running_loss=-0.006504
2026-08-18 06:55:16 | INFO | epoch=007 train_batch=370/392 running_loss=-0.006490
2026-08-18 06:55:16 | INFO | epoch=007 train_batch=380/392 running_loss=-0.006488
2026-08-18 06:55:17 | INFO | epoch=007 train_batch=390/392 running_loss=-0.006480
2026-08-18 06:55:17 | INFO | epoch=007 train_batch=392/392 running_loss=-0.006480
2026-08-18 06:55:17 | INFO | epoch=007 train_loss=-0.006480 validation_loss=0.004567
2026-08-18 06:55:18 | INFO | epoch=008 train_batch=10/392 running_loss=-0.006264
2026-08-18 06:55:18 | INFO | epoch=008 train_batch=20/392 running_loss=-0.006496
2026-08-18 06:55:18 | INFO | epoch=008 train_batch=30/392 running_loss=-0.006428
2026-08-18 06:55:19 | INFO | epoch=008 train_batch=40/392 running_loss=-0.006560
2026-08-18 06:55:19 | INFO | epoch=008 train_batch=50/392 running_loss=-0.006500
2026-08-18 06:55:19 | INFO | epoch=008 train_batch=60/392 running_loss=-0.006498
2026-08-18 06:55:20 | INFO | epoch=008 train_batch=70/392 running_loss=-0.006513
2026-08-18 06:55:20 | INFO | epoch=008 train_batch=80/392 running_loss=-0.006535
2026-08-18 06:55:20 | INFO | epoch=008 train_batch=90/392 running_loss=-0.006502
2026-08-18 06:55:21 | INFO | epoch=008 train_batch=100/392 running_loss=-0.006507
2026-08-18 06:55:21 | INFO | epoch=008 train_batch=110/392 running_loss=-0.006525
2026-08-18 06:55:21 | INFO | epoch=008 train_batch=120/392 running_loss=-0.006529
2026-08-18 06:55:21 | INFO | epoch=008 train_batch=130/392 running_loss=-0.006533
2026-08-18 06:55:22 | INFO | epoch=008 train_batch=140/392 running_loss=-0.006518
2026-08-18 06:55:22 | INFO | epoch=008 train_batch=150/392 running_loss=-0.006524
2026-08-18 06:55:22 | INFO | epoch=008 train_batch=160/392 running_loss=-0.006535
2026-08-18 06:55:23 | INFO | epoch=008 train_batch=170/392 running_loss=-0.006534
2026-08-18 06:55:23 | INFO | epoch=008 train_batch=180/392 running_loss=-0.006525
2026-08-18 06:55:23 | INFO | epoch=008 train_batch=190/392 running_loss=-0.006506
2026-08-18 06:55:24 | INFO | epoch=008 train_batch=200/392 running_loss=-0.006486
2026-08-18 06:55:24 | INFO | epoch=008 train_batch=210/392 running_loss=-0.006491
2026-08-18 06:55:24 | INFO | epoch=008 train_batch=220/392 running_loss=-0.006484
2026-08-18 06:55:24 | INFO | epoch=008 train_batch=230/392 running_loss=-0.006483
2026-08-18 06:55:25 | INFO | epoch=008 train_batch=240/392 running_loss=-0.006492
2026-08-18 06:55:25 | INFO | epoch=008 train_batch=250/392 running_loss=-0.006484
2026-08-18 06:55:25 | INFO | epoch=008 train_batch=260/392 running_loss=-0.006504
2026-08-18 06:55:26 | INFO | epoch=008 train_batch=270/392 running_loss=-0.006513
2026-08-18 06:55:26 | INFO | epoch=008 train_batch=280/392 running_loss=-0.006522
2026-08-18 06:55:26 | INFO | epoch=008 train_batch=290/392 running_loss=-0.006524
2026-08-18 06:55:27 | INFO | epoch=008 train_batch=300/392 running_loss=-0.006528
2026-08-18 06:55:27 | INFO | epoch=008 train_batch=310/392 running_loss=-0.006532
2026-08-18 06:55:27 | INFO | epoch=008 train_batch=320/392 running_loss=-0.006534
2026-08-18 06:55:27 | INFO | epoch=008 train_batch=330/392 running_loss=-0.006535
2026-08-18 06:55:28 | INFO | epoch=008 train_batch=340/392 running_loss=-0.006546
2026-08-18 06:55:28 | INFO | epoch=008 train_batch=350/392 running_loss=-0.006546
2026-08-18 06:55:28 | INFO | epoch=008 train_batch=360/392 running_loss=-0.006541
2026-08-18 06:55:29 | INFO | epoch=008 train_batch=370/392 running_loss=-0.006541
2026-08-18 06:55:29 | INFO | epoch=008 train_batch=380/392 running_loss=-0.006549
2026-08-18 06:55:29 | INFO | epoch=008 train_batch=390/392 running_loss=-0.006544
2026-08-18 06:55:29 | INFO | epoch=008 train_batch=392/392 running_loss=-0.006544
2026-08-18 06:55:30 | INFO | epoch=008 train_loss=-0.006544 validation_loss=0.004215
2026-08-18 06:55:30 | INFO | epoch=009 train_batch=10/392 running_loss=-0.006704
2026-08-18 06:55:31 | INFO | epoch=009 train_batch=20/392 running_loss=-0.006787
2026-08-18 06:55:31 | INFO | epoch=009 train_batch=30/392 running_loss=-0.006838
2026-08-18 06:55:31 | INFO | epoch=009 train_batch=40/392 running_loss=-0.006789
2026-08-18 06:55:32 | INFO | epoch=009 train_batch=50/392 running_loss=-0.006773
2026-08-18 06:55:32 | INFO | epoch=009 train_batch=60/392 running_loss=-0.006784
2026-08-18 06:55:32 | INFO | epoch=009 train_batch=70/392 running_loss=-0.006774
2026-08-18 06:55:33 | INFO | epoch=009 train_batch=80/392 running_loss=-0.006767
2026-08-18 06:55:33 | INFO | epoch=009 train_batch=90/392 running_loss=-0.006746
2026-08-18 06:55:33 | INFO | epoch=009 train_batch=100/392 running_loss=-0.006727
2026-08-18 06:55:33 | INFO | epoch=009 train_batch=110/392 running_loss=-0.006713
2026-08-18 06:55:34 | INFO | epoch=009 train_batch=120/392 running_loss=-0.006667
2026-08-18 06:55:34 | INFO | epoch=009 train_batch=130/392 running_loss=-0.006675
2026-08-18 06:55:34 | INFO | epoch=009 train_batch=140/392 running_loss=-0.006675
2026-08-18 06:55:35 | INFO | epoch=009 train_batch=150/392 running_loss=-0.006668
2026-08-18 06:55:35 | INFO | epoch=009 train_batch=160/392 running_loss=-0.006673
2026-08-18 06:55:35 | INFO | epoch=009 train_batch=170/392 running_loss=-0.006683
2026-08-18 06:55:36 | INFO | epoch=009 train_batch=180/392 running_loss=-0.006690
2026-08-18 06:55:36 | INFO | epoch=009 train_batch=190/392 running_loss=-0.006684
2026-08-18 06:55:36 | INFO | epoch=009 train_batch=200/392 running_loss=-0.006682
2026-08-18 06:55:36 | INFO | epoch=009 train_batch=210/392 running_loss=-0.006691
2026-08-18 06:55:37 | INFO | epoch=009 train_batch=220/392 running_loss=-0.006696
2026-08-18 06:55:37 | INFO | epoch=009 train_batch=230/392 running_loss=-0.006673
2026-08-18 06:55:37 | INFO | epoch=009 train_batch=240/392 running_loss=-0.006672
2026-08-18 06:55:38 | INFO | epoch=009 train_batch=250/392 running_loss=-0.006666
2026-08-18 06:55:38 | INFO | epoch=009 train_batch=260/392 running_loss=-0.006657
2026-08-18 06:55:38 | INFO | epoch=009 train_batch=270/392 running_loss=-0.006667
2026-08-18 06:55:39 | INFO | epoch=009 train_batch=280/392 running_loss=-0.006658
2026-08-18 06:55:39 | INFO | epoch=009 train_batch=290/392 running_loss=-0.006661
2026-08-18 06:55:39 | INFO | epoch=009 train_batch=300/392 running_loss=-0.006655
2026-08-18 06:55:39 | INFO | epoch=009 train_batch=310/392 running_loss=-0.006657
2026-08-18 06:55:40 | INFO | epoch=009 train_batch=320/392 running_loss=-0.006664
2026-08-18 06:55:40 | INFO | epoch=009 train_batch=330/392 running_loss=-0.006659
2026-08-18 06:55:40 | INFO | epoch=009 train_batch=340/392 running_loss=-0.006678
2026-08-18 06:55:41 | INFO | epoch=009 train_batch=350/392 running_loss=-0.006677
2026-08-18 06:55:41 | INFO | epoch=009 train_batch=360/392 running_loss=-0.006673
2026-08-18 06:55:41 | INFO | epoch=009 train_batch=370/392 running_loss=-0.006673
2026-08-18 06:55:42 | INFO | epoch=009 train_batch=380/392 running_loss=-0.006670
2026-08-18 06:55:42 | INFO | epoch=009 train_batch=390/392 running_loss=-0.006667
2026-08-18 06:55:42 | INFO | epoch=009 train_batch=392/392 running_loss=-0.006666
2026-08-18 06:55:43 | INFO | epoch=009 train_loss=-0.006666 validation_loss=0.004262
2026-08-18 06:55:43 | INFO | epoch=010 train_batch=10/392 running_loss=-0.006782
2026-08-18 06:55:43 | INFO | epoch=010 train_batch=20/392 running_loss=-0.007210
2026-08-18 06:55:44 | INFO | epoch=010 train_batch=30/392 running_loss=-0.007147
2026-08-18 06:55:44 | INFO | epoch=010 train_batch=40/392 running_loss=-0.007069
2026-08-18 06:55:44 | INFO | epoch=010 train_batch=50/392 running_loss=-0.007024
2026-08-18 06:55:45 | INFO | epoch=010 train_batch=60/392 running_loss=-0.006973
2026-08-18 06:55:45 | INFO | epoch=010 train_batch=70/392 running_loss=-0.006904
2026-08-18 06:55:45 | INFO | epoch=010 train_batch=80/392 running_loss=-0.006877
2026-08-18 06:55:45 | INFO | epoch=010 train_batch=90/392 running_loss=-0.006886
2026-08-18 06:55:46 | INFO | epoch=010 train_batch=100/392 running_loss=-0.006916
2026-08-18 06:55:46 | INFO | epoch=010 train_batch=110/392 running_loss=-0.006933
2026-08-18 06:55:46 | INFO | epoch=010 train_batch=120/392 running_loss=-0.006908
2026-08-18 06:55:47 | INFO | epoch=010 train_batch=130/392 running_loss=-0.006906
2026-08-18 06:55:47 | INFO | epoch=010 train_batch=140/392 running_loss=-0.006873
2026-08-18 06:55:47 | INFO | epoch=010 train_batch=150/392 running_loss=-0.006871
2026-08-18 06:55:48 | INFO | epoch=010 train_batch=160/392 running_loss=-0.006844
2026-08-18 06:55:48 | INFO | epoch=010 train_batch=170/392 running_loss=-0.006828
2026-08-18 06:55:48 | INFO | epoch=010 train_batch=180/392 running_loss=-0.006816
2026-08-18 06:55:48 | INFO | epoch=010 train_batch=190/392 running_loss=-0.006802
2026-08-18 06:55:49 | INFO | epoch=010 train_batch=200/392 running_loss=-0.006792
2026-08-18 06:55:49 | INFO | epoch=010 train_batch=210/392 running_loss=-0.006798
2026-08-18 06:55:49 | INFO | epoch=010 train_batch=220/392 running_loss=-0.006790
2026-08-18 06:55:50 | INFO | epoch=010 train_batch=230/392 running_loss=-0.006785
2026-08-18 06:55:50 | INFO | epoch=010 train_batch=240/392 running_loss=-0.006781
2026-08-18 06:55:50 | INFO | epoch=010 train_batch=250/392 running_loss=-0.006773
2026-08-18 06:55:51 | INFO | epoch=010 train_batch=260/392 running_loss=-0.006773
2026-08-18 06:55:51 | INFO | epoch=010 train_batch=270/392 running_loss=-0.006765
2026-08-18 06:55:51 | INFO | epoch=010 train_batch=280/392 running_loss=-0.006767
2026-08-18 06:55:52 | INFO | epoch=010 train_batch=290/392 running_loss=-0.006751
2026-08-18 06:55:52 | INFO | epoch=010 train_batch=300/392 running_loss=-0.006746
2026-08-18 06:55:52 | INFO | epoch=010 train_batch=310/392 running_loss=-0.006741
2026-08-18 06:55:52 | INFO | epoch=010 train_batch=320/392 running_loss=-0.006747
2026-08-18 06:55:53 | INFO | epoch=010 train_batch=330/392 running_loss=-0.006744
2026-08-18 06:55:53 | INFO | epoch=010 train_batch=340/392 running_loss=-0.006739
2026-08-18 06:55:53 | INFO | epoch=010 train_batch=350/392 running_loss=-0.006734
2026-08-18 06:55:54 | INFO | epoch=010 train_batch=360/392 running_loss=-0.006728
2026-08-18 06:55:54 | INFO | epoch=010 train_batch=370/392 running_loss=-0.006731
2026-08-18 06:55:54 | INFO | epoch=010 train_batch=380/392 running_loss=-0.006729
2026-08-18 06:55:55 | INFO | epoch=010 train_batch=390/392 running_loss=-0.006732
2026-08-18 06:55:55 | INFO | epoch=010 train_batch=392/392 running_loss=-0.006731
2026-08-18 06:55:55 | INFO | epoch=010 train_loss=-0.006731 validation_loss=0.004295
2026-08-18 06:55:56 | INFO | epoch=011 train_batch=10/392 running_loss=-0.006568
2026-08-18 06:55:56 | INFO | epoch=011 train_batch=20/392 running_loss=-0.006827
2026-08-18 06:55:56 | INFO | epoch=011 train_batch=30/392 running_loss=-0.006880
2026-08-18 06:55:57 | INFO | epoch=011 train_batch=40/392 running_loss=-0.006898
2026-08-18 06:55:57 | INFO | epoch=011 train_batch=50/392 running_loss=-0.006838
2026-08-18 06:55:57 | INFO | epoch=011 train_batch=60/392 running_loss=-0.006852
2026-08-18 06:55:57 | INFO | epoch=011 train_batch=70/392 running_loss=-0.006880
2026-08-18 06:55:58 | INFO | epoch=011 train_batch=80/392 running_loss=-0.006882
2026-08-18 06:55:58 | INFO | epoch=011 train_batch=90/392 running_loss=-0.006852
2026-08-18 06:55:58 | INFO | epoch=011 train_batch=100/392 running_loss=-0.006861
2026-08-18 06:55:59 | INFO | epoch=011 train_batch=110/392 running_loss=-0.006876
2026-08-18 06:55:59 | INFO | epoch=011 train_batch=120/392 running_loss=-0.006889
2026-08-18 06:55:59 | INFO | epoch=011 train_batch=130/392 running_loss=-0.006888
2026-08-18 06:56:00 | INFO | epoch=011 train_batch=140/392 running_loss=-0.006865
2026-08-18 06:56:00 | INFO | epoch=011 train_batch=150/392 running_loss=-0.006855
2026-08-18 06:56:00 | INFO | epoch=011 train_batch=160/392 running_loss=-0.006834
2026-08-18 06:56:00 | INFO | epoch=011 train_batch=170/392 running_loss=-0.006832
2026-08-18 06:56:01 | INFO | epoch=011 train_batch=180/392 running_loss=-0.006825
2026-08-18 06:56:01 | INFO | epoch=011 train_batch=190/392 running_loss=-0.006825
2026-08-18 06:56:01 | INFO | epoch=011 train_batch=200/392 running_loss=-0.006814
2026-08-18 06:56:02 | INFO | epoch=011 train_batch=210/392 running_loss=-0.006809
2026-08-18 06:56:02 | INFO | epoch=011 train_batch=220/392 running_loss=-0.006797
2026-08-18 06:56:02 | INFO | epoch=011 train_batch=230/392 running_loss=-0.006787
2026-08-18 06:56:03 | INFO | epoch=011 train_batch=240/392 running_loss=-0.006778
2026-08-18 06:56:03 | INFO | epoch=011 train_batch=250/392 running_loss=-0.006776
2026-08-18 06:56:03 | INFO | epoch=011 train_batch=260/392 running_loss=-0.006764
2026-08-18 06:56:03 | INFO | epoch=011 train_batch=270/392 running_loss=-0.006756
2026-08-18 06:56:04 | INFO | epoch=011 train_batch=280/392 running_loss=-0.006757
2026-08-18 06:56:04 | INFO | epoch=011 train_batch=290/392 running_loss=-0.006758
2026-08-18 06:56:04 | INFO | epoch=011 train_batch=300/392 running_loss=-0.006761
2026-08-18 06:56:05 | INFO | epoch=011 train_batch=310/392 running_loss=-0.006753
2026-08-18 06:56:05 | INFO | epoch=011 train_batch=320/392 running_loss=-0.006755
2026-08-18 06:56:05 | INFO | epoch=011 train_batch=330/392 running_loss=-0.006743
2026-08-18 06:56:06 | INFO | epoch=011 train_batch=340/392 running_loss=-0.006750
2026-08-18 06:56:06 | INFO | epoch=011 train_batch=350/392 running_loss=-0.006750
2026-08-18 06:56:06 | INFO | epoch=011 train_batch=360/392 running_loss=-0.006753
2026-08-18 06:56:06 | INFO | epoch=011 train_batch=370/392 running_loss=-0.006756
2026-08-18 06:56:07 | INFO | epoch=011 train_batch=380/392 running_loss=-0.006757
2026-08-18 06:56:07 | INFO | epoch=011 train_batch=390/392 running_loss=-0.006752
2026-08-18 06:56:07 | INFO | epoch=011 train_batch=392/392 running_loss=-0.006750
2026-08-18 06:56:08 | INFO | epoch=011 train_loss=-0.006750 validation_loss=0.003731
2026-08-18 06:56:08 | INFO | epoch=011 saved new best.pt
2026-08-18 06:56:08 | INFO | epoch=012 train_batch=10/392 running_loss=-0.006980
2026-08-18 06:56:09 | INFO | epoch=012 train_batch=20/392 running_loss=-0.006962
2026-08-18 06:56:09 | INFO | epoch=012 train_batch=30/392 running_loss=-0.006921
2026-08-18 06:56:09 | INFO | epoch=012 train_batch=40/392 running_loss=-0.006947
2026-08-18 06:56:09 | INFO | epoch=012 train_batch=50/392 running_loss=-0.006992
2026-08-18 06:56:10 | INFO | epoch=012 train_batch=60/392 running_loss=-0.006974
2026-08-18 06:56:10 | INFO | epoch=012 train_batch=70/392 running_loss=-0.006959
2026-08-18 06:56:10 | INFO | epoch=012 train_batch=80/392 running_loss=-0.006965
2026-08-18 06:56:11 | INFO | epoch=012 train_batch=90/392 running_loss=-0.006925
2026-08-18 06:56:11 | INFO | epoch=012 train_batch=100/392 running_loss=-0.006906
2026-08-18 06:56:11 | INFO | epoch=012 train_batch=110/392 running_loss=-0.006914
2026-08-18 06:56:12 | INFO | epoch=012 train_batch=120/392 running_loss=-0.006905
2026-08-18 06:56:12 | INFO | epoch=012 train_batch=130/392 running_loss=-0.006923
2026-08-18 06:56:12 | INFO | epoch=012 train_batch=140/392 running_loss=-0.006914
2026-08-18 06:56:12 | INFO | epoch=012 train_batch=150/392 running_loss=-0.006897
2026-08-18 06:56:13 | INFO | epoch=012 train_batch=160/392 running_loss=-0.006882
2026-08-18 06:56:13 | INFO | epoch=012 train_batch=170/392 running_loss=-0.006877
2026-08-18 06:56:13 | INFO | epoch=012 train_batch=180/392 running_loss=-0.006859
2026-08-18 06:56:14 | INFO | epoch=012 train_batch=190/392 running_loss=-0.006865
2026-08-18 06:56:14 | INFO | epoch=012 train_batch=200/392 running_loss=-0.006844
2026-08-18 06:56:14 | INFO | epoch=012 train_batch=210/392 running_loss=-0.006862
2026-08-18 06:56:15 | INFO | epoch=012 train_batch=220/392 running_loss=-0.006851
2026-08-18 06:56:15 | INFO | epoch=012 train_batch=230/392 running_loss=-0.006854
2026-08-18 06:56:15 | INFO | epoch=012 train_batch=240/392 running_loss=-0.006842
2026-08-18 06:56:15 | INFO | epoch=012 train_batch=250/392 running_loss=-0.006846
2026-08-18 06:56:16 | INFO | epoch=012 train_batch=260/392 running_loss=-0.006843
2026-08-18 06:56:16 | INFO | epoch=012 train_batch=270/392 running_loss=-0.006855
2026-08-18 06:56:16 | INFO | epoch=012 train_batch=280/392 running_loss=-0.006858
2026-08-18 06:56:17 | INFO | epoch=012 train_batch=290/392 running_loss=-0.006858
2026-08-18 06:56:17 | INFO | epoch=012 train_batch=300/392 running_loss=-0.006862
2026-08-18 06:56:17 | INFO | epoch=012 train_batch=310/392 running_loss=-0.006842
2026-08-18 06:56:18 | INFO | epoch=012 train_batch=320/392 running_loss=-0.006840
2026-08-18 06:56:18 | INFO | epoch=012 train_batch=330/392 running_loss=-0.006830
2026-08-18 06:56:18 | INFO | epoch=012 train_batch=340/392 running_loss=-0.006831
2026-08-18 06:56:18 | INFO | epoch=012 train_batch=350/392 running_loss=-0.006834
2026-08-18 06:56:19 | INFO | epoch=012 train_batch=360/392 running_loss=-0.006843
2026-08-18 06:56:19 | INFO | epoch=012 train_batch=370/392 running_loss=-0.006847
2026-08-18 06:56:19 | INFO | epoch=012 train_batch=380/392 running_loss=-0.006853
2026-08-18 06:56:20 | INFO | epoch=012 train_batch=390/392 running_loss=-0.006855
2026-08-18 06:56:20 | INFO | epoch=012 train_batch=392/392 running_loss=-0.006852
2026-08-18 06:56:20 | INFO | epoch=012 train_loss=-0.006852 validation_loss=0.004179
2026-08-18 06:56:21 | INFO | epoch=013 train_batch=10/392 running_loss=-0.007069
2026-08-18 06:56:21 | INFO | epoch=013 train_batch=20/392 running_loss=-0.006961
2026-08-18 06:56:21 | INFO | epoch=013 train_batch=30/392 running_loss=-0.007043
2026-08-18 06:56:22 | INFO | epoch=013 train_batch=40/392 running_loss=-0.006975
2026-08-18 06:56:22 | INFO | epoch=013 train_batch=50/392 running_loss=-0.006929
2026-08-18 06:56:22 | INFO | epoch=013 train_batch=60/392 running_loss=-0.006895
2026-08-18 06:56:23 | INFO | epoch=013 train_batch=70/392 running_loss=-0.006927
2026-08-18 06:56:23 | INFO | epoch=013 train_batch=80/392 running_loss=-0.006901
2026-08-18 06:56:23 | INFO | epoch=013 train_batch=90/392 running_loss=-0.006878
2026-08-18 06:56:24 | INFO | epoch=013 train_batch=100/392 running_loss=-0.006886
2026-08-18 06:56:24 | INFO | epoch=013 train_batch=110/392 running_loss=-0.006888
2026-08-18 06:56:24 | INFO | epoch=013 train_batch=120/392 running_loss=-0.006876
2026-08-18 06:56:24 | INFO | epoch=013 train_batch=130/392 running_loss=-0.006890
2026-08-18 06:56:25 | INFO | epoch=013 train_batch=140/392 running_loss=-0.006873
2026-08-18 06:56:25 | INFO | epoch=013 train_batch=150/392 running_loss=-0.006898
2026-08-18 06:56:25 | INFO | epoch=013 train_batch=160/392 running_loss=-0.006896
2026-08-18 06:56:26 | INFO | epoch=013 train_batch=170/392 running_loss=-0.006881
2026-08-18 06:56:26 | INFO | epoch=013 train_batch=180/392 running_loss=-0.006878
2026-08-18 06:56:26 | INFO | epoch=013 train_batch=190/392 running_loss=-0.006868
2026-08-18 06:56:27 | INFO | epoch=013 train_batch=200/392 running_loss=-0.006857
2026-08-18 06:56:27 | INFO | epoch=013 train_batch=210/392 running_loss=-0.006864
2026-08-18 06:56:27 | INFO | epoch=013 train_batch=220/392 running_loss=-0.006820
2026-08-18 06:56:27 | INFO | epoch=013 train_batch=230/392 running_loss=-0.006820
2026-08-18 06:56:28 | INFO | epoch=013 train_batch=240/392 running_loss=-0.006831
2026-08-18 06:56:28 | INFO | epoch=013 train_batch=250/392 running_loss=-0.006833
2026-08-18 06:56:28 | INFO | epoch=013 train_batch=260/392 running_loss=-0.006843
2026-08-18 06:56:29 | INFO | epoch=013 train_batch=270/392 running_loss=-0.006839
2026-08-18 06:56:29 | INFO | epoch=013 train_batch=280/392 running_loss=-0.006828
2026-08-18 06:56:29 | INFO | epoch=013 train_batch=290/392 running_loss=-0.006827
2026-08-18 06:56:30 | INFO | epoch=013 train_batch=300/392 running_loss=-0.006830
2026-08-18 06:56:30 | INFO | epoch=013 train_batch=310/392 running_loss=-0.006823
2026-08-18 06:56:30 | INFO | epoch=013 train_batch=320/392 running_loss=-0.006817
2026-08-18 06:56:30 | INFO | epoch=013 train_batch=330/392 running_loss=-0.006820
2026-08-18 06:56:31 | INFO | epoch=013 train_batch=340/392 running_loss=-0.006835
2026-08-18 06:56:31 | INFO | epoch=013 train_batch=350/392 running_loss=-0.006839
2026-08-18 06:56:31 | INFO | epoch=013 train_batch=360/392 running_loss=-0.006834
2026-08-18 06:56:32 | INFO | epoch=013 train_batch=370/392 running_loss=-0.006843
2026-08-18 06:56:32 | INFO | epoch=013 train_batch=380/392 running_loss=-0.006857
2026-08-18 06:56:32 | INFO | epoch=013 train_batch=390/392 running_loss=-0.006860
2026-08-18 06:56:32 | INFO | epoch=013 train_batch=392/392 running_loss=-0.006860
2026-08-18 06:56:33 | INFO | epoch=013 train_loss=-0.006860 validation_loss=0.004351
2026-08-18 06:56:33 | INFO | epoch=014 train_batch=10/392 running_loss=-0.007081
2026-08-18 06:56:34 | INFO | epoch=014 train_batch=20/392 running_loss=-0.007259
2026-08-18 06:56:34 | INFO | epoch=014 train_batch=30/392 running_loss=-0.007257
2026-08-18 06:56:34 | INFO | epoch=014 train_batch=40/392 running_loss=-0.007195
2026-08-18 06:56:35 | INFO | epoch=014 train_batch=50/392 running_loss=-0.007252
2026-08-18 06:56:35 | INFO | epoch=014 train_batch=60/392 running_loss=-0.007233
2026-08-18 06:56:35 | INFO | epoch=014 train_batch=70/392 running_loss=-0.007254
2026-08-18 06:56:36 | INFO | epoch=014 train_batch=80/392 running_loss=-0.007206
2026-08-18 06:56:36 | INFO | epoch=014 train_batch=90/392 running_loss=-0.007166
2026-08-18 06:56:36 | INFO | epoch=014 train_batch=100/392 running_loss=-0.007118
2026-08-18 06:56:36 | INFO | epoch=014 train_batch=110/392 running_loss=-0.007134
2026-08-18 06:56:37 | INFO | epoch=014 train_batch=120/392 running_loss=-0.007135
2026-08-18 06:56:37 | INFO | epoch=014 train_batch=130/392 running_loss=-0.007171
2026-08-18 06:56:37 | INFO | epoch=014 train_batch=140/392 running_loss=-0.007159
2026-08-18 06:56:38 | INFO | epoch=014 train_batch=150/392 running_loss=-0.007144
2026-08-18 06:56:38 | INFO | epoch=014 train_batch=160/392 running_loss=-0.007156
2026-08-18 06:56:38 | INFO | epoch=014 train_batch=170/392 running_loss=-0.007141
2026-08-18 06:56:39 | INFO | epoch=014 train_batch=180/392 running_loss=-0.007118
2026-08-18 06:56:39 | INFO | epoch=014 train_batch=190/392 running_loss=-0.007091
2026-08-18 06:56:39 | INFO | epoch=014 train_batch=200/392 running_loss=-0.007076
2026-08-18 06:56:39 | INFO | epoch=014 train_batch=210/392 running_loss=-0.007048
2026-08-18 06:56:40 | INFO | epoch=014 train_batch=220/392 running_loss=-0.007034
2026-08-18 06:56:40 | INFO | epoch=014 train_batch=230/392 running_loss=-0.007031
2026-08-18 06:56:40 | INFO | epoch=014 train_batch=240/392 running_loss=-0.007010
2026-08-18 06:56:41 | INFO | epoch=014 train_batch=250/392 running_loss=-0.007004
2026-08-18 06:56:41 | INFO | epoch=014 train_batch=260/392 running_loss=-0.007005
2026-08-18 06:56:41 | INFO | epoch=014 train_batch=270/392 running_loss=-0.007005
2026-08-18 06:56:42 | INFO | epoch=014 train_batch=280/392 running_loss=-0.007002
2026-08-18 06:56:42 | INFO | epoch=014 train_batch=290/392 running_loss=-0.006999
2026-08-18 06:56:42 | INFO | epoch=014 train_batch=300/392 running_loss=-0.007000
2026-08-18 06:56:42 | INFO | epoch=014 train_batch=310/392 running_loss=-0.007001
2026-08-18 06:56:43 | INFO | epoch=014 train_batch=320/392 running_loss=-0.006998
2026-08-18 06:56:43 | INFO | epoch=014 train_batch=330/392 running_loss=-0.006983
2026-08-18 06:56:43 | INFO | epoch=014 train_batch=340/392 running_loss=-0.006978
2026-08-18 06:56:44 | INFO | epoch=014 train_batch=350/392 running_loss=-0.006987
2026-08-18 06:56:44 | INFO | epoch=014 train_batch=360/392 running_loss=-0.006986
2026-08-18 06:56:44 | INFO | epoch=014 train_batch=370/392 running_loss=-0.006981
2026-08-18 06:56:45 | INFO | epoch=014 train_batch=380/392 running_loss=-0.006979
2026-08-18 06:56:45 | INFO | epoch=014 train_batch=390/392 running_loss=-0.006975
2026-08-18 06:56:45 | INFO | epoch=014 train_batch=392/392 running_loss=-0.006970
2026-08-18 06:56:46 | INFO | epoch=014 train_loss=-0.006970 validation_loss=0.004038
2026-08-18 06:56:46 | INFO | epoch=015 train_batch=10/392 running_loss=-0.007328
2026-08-18 06:56:46 | INFO | epoch=015 train_batch=20/392 running_loss=-0.007121
2026-08-18 06:56:47 | INFO | epoch=015 train_batch=30/392 running_loss=-0.007030
2026-08-18 06:56:47 | INFO | epoch=015 train_batch=40/392 running_loss=-0.007017
2026-08-18 06:56:47 | INFO | epoch=015 train_batch=50/392 running_loss=-0.007060
2026-08-18 06:56:47 | INFO | epoch=015 train_batch=60/392 running_loss=-0.007008
2026-08-18 06:56:48 | INFO | epoch=015 train_batch=70/392 running_loss=-0.007000
2026-08-18 06:56:48 | INFO | epoch=015 train_batch=80/392 running_loss=-0.007011
2026-08-18 06:56:48 | INFO | epoch=015 train_batch=90/392 running_loss=-0.007002
2026-08-18 06:56:49 | INFO | epoch=015 train_batch=100/392 running_loss=-0.007017
2026-08-18 06:56:49 | INFO | epoch=015 train_batch=110/392 running_loss=-0.007020
2026-08-18 06:56:49 | INFO | epoch=015 train_batch=120/392 running_loss=-0.007016
2026-08-18 06:56:50 | INFO | epoch=015 train_batch=130/392 running_loss=-0.007019
2026-08-18 06:56:50 | INFO | epoch=015 train_batch=140/392 running_loss=-0.007021
2026-08-18 06:56:50 | INFO | epoch=015 train_batch=150/392 running_loss=-0.007032
2026-08-18 06:56:50 | INFO | epoch=015 train_batch=160/392 running_loss=-0.007046
2026-08-18 06:56:51 | INFO | epoch=015 train_batch=170/392 running_loss=-0.006994
2026-08-18 06:56:51 | INFO | epoch=015 train_batch=180/392 running_loss=-0.006994
2026-08-18 06:56:51 | INFO | epoch=015 train_batch=190/392 running_loss=-0.006985
2026-08-18 06:56:52 | INFO | epoch=015 train_batch=200/392 running_loss=-0.007001
2026-08-18 06:56:52 | INFO | epoch=015 train_batch=210/392 running_loss=-0.007009
2026-08-18 06:56:52 | INFO | epoch=015 train_batch=220/392 running_loss=-0.007022
2026-08-18 06:56:53 | INFO | epoch=015 train_batch=230/392 running_loss=-0.007021
2026-08-18 06:56:53 | INFO | epoch=015 train_batch=240/392 running_loss=-0.007014
2026-08-18 06:56:53 | INFO | epoch=015 train_batch=250/392 running_loss=-0.007028
2026-08-18 06:56:54 | INFO | epoch=015 train_batch=260/392 running_loss=-0.007032
2026-08-18 06:56:54 | INFO | epoch=015 train_batch=270/392 running_loss=-0.007024
2026-08-18 06:56:54 | INFO | epoch=015 train_batch=280/392 running_loss=-0.007019
2026-08-18 06:56:54 | INFO | epoch=015 train_batch=290/392 running_loss=-0.007020
2026-08-18 06:56:55 | INFO | epoch=015 train_batch=300/392 running_loss=-0.007018
2026-08-18 06:56:55 | INFO | epoch=015 train_batch=310/392 running_loss=-0.007012
2026-08-18 06:56:55 | INFO | epoch=015 train_batch=320/392 running_loss=-0.007006
2026-08-18 06:56:56 | INFO | epoch=015 train_batch=330/392 running_loss=-0.006999
2026-08-18 06:56:56 | INFO | epoch=015 train_batch=340/392 running_loss=-0.006994
2026-08-18 06:56:56 | INFO | epoch=015 train_batch=350/392 running_loss=-0.006989
2026-08-18 06:56:57 | INFO | epoch=015 train_batch=360/392 running_loss=-0.006991
2026-08-18 06:56:57 | INFO | epoch=015 train_batch=370/392 running_loss=-0.006996
2026-08-18 06:56:57 | INFO | epoch=015 train_batch=380/392 running_loss=-0.006982
2026-08-18 06:56:57 | INFO | epoch=015 train_batch=390/392 running_loss=-0.006981
2026-08-18 06:56:57 | INFO | epoch=015 train_batch=392/392 running_loss=-0.006983
2026-08-18 06:56:58 | INFO | epoch=015 train_loss=-0.006983 validation_loss=0.003789
2026-08-18 06:56:59 | INFO | epoch=016 train_batch=10/392 running_loss=-0.006701
2026-08-18 06:56:59 | INFO | epoch=016 train_batch=20/392 running_loss=-0.007113
2026-08-18 06:56:59 | INFO | epoch=016 train_batch=30/392 running_loss=-0.007209
2026-08-18 06:57:00 | INFO | epoch=016 train_batch=40/392 running_loss=-0.007199
2026-08-18 06:57:00 | INFO | epoch=016 train_batch=50/392 running_loss=-0.007269
2026-08-18 06:57:00 | INFO | epoch=016 train_batch=60/392 running_loss=-0.007254
2026-08-18 06:57:00 | INFO | epoch=016 train_batch=70/392 running_loss=-0.007221
2026-08-18 06:57:01 | INFO | epoch=016 train_batch=80/392 running_loss=-0.007116
2026-08-18 06:57:01 | INFO | epoch=016 train_batch=90/392 running_loss=-0.007077
2026-08-18 06:57:01 | INFO | epoch=016 train_batch=100/392 running_loss=-0.007049
2026-08-18 06:57:02 | INFO | epoch=016 train_batch=110/392 running_loss=-0.007062
2026-08-18 06:57:02 | INFO | epoch=016 train_batch=120/392 running_loss=-0.007078
2026-08-18 06:57:02 | INFO | epoch=016 train_batch=130/392 running_loss=-0.007106
2026-08-18 06:57:03 | INFO | epoch=016 train_batch=140/392 running_loss=-0.007102
2026-08-18 06:57:03 | INFO | epoch=016 train_batch=150/392 running_loss=-0.007090
2026-08-18 06:57:03 | INFO | epoch=016 train_batch=160/392 running_loss=-0.007095
2026-08-18 06:57:03 | INFO | epoch=016 train_batch=170/392 running_loss=-0.007118
2026-08-18 06:57:04 | INFO | epoch=016 train_batch=180/392 running_loss=-0.007129
2026-08-18 06:57:04 | INFO | epoch=016 train_batch=190/392 running_loss=-0.007128
2026-08-18 06:57:04 | INFO | epoch=016 train_batch=200/392 running_loss=-0.007109
2026-08-18 06:57:05 | INFO | epoch=016 train_batch=210/392 running_loss=-0.007102
2026-08-18 06:57:05 | INFO | epoch=016 train_batch=220/392 running_loss=-0.007090
2026-08-18 06:57:05 | INFO | epoch=016 train_batch=230/392 running_loss=-0.007080
2026-08-18 06:57:06 | INFO | epoch=016 train_batch=240/392 running_loss=-0.007058
2026-08-18 06:57:06 | INFO | epoch=016 train_batch=250/392 running_loss=-0.007065
2026-08-18 06:57:06 | INFO | epoch=016 train_batch=260/392 running_loss=-0.007071
2026-08-18 06:57:06 | INFO | epoch=016 train_batch=270/392 running_loss=-0.007067
2026-08-18 06:57:07 | INFO | epoch=016 train_batch=280/392 running_loss=-0.007074
2026-08-18 06:57:07 | INFO | epoch=016 train_batch=290/392 running_loss=-0.007070
2026-08-18 06:57:07 | INFO | epoch=016 train_batch=300/392 running_loss=-0.007071
2026-08-18 06:57:08 | INFO | epoch=016 train_batch=310/392 running_loss=-0.007065
2026-08-18 06:57:08 | INFO | epoch=016 train_batch=320/392 running_loss=-0.007071
2026-08-18 06:57:08 | INFO | epoch=016 train_batch=330/392 running_loss=-0.007065
2026-08-18 06:57:09 | INFO | epoch=016 train_batch=340/392 running_loss=-0.007067
2026-08-18 06:57:09 | INFO | epoch=016 train_batch=350/392 running_loss=-0.007072
2026-08-18 06:57:09 | INFO | epoch=016 train_batch=360/392 running_loss=-0.007070
2026-08-18 06:57:09 | INFO | epoch=016 train_batch=370/392 running_loss=-0.007067
2026-08-18 06:57:10 | INFO | epoch=016 train_batch=380/392 running_loss=-0.007072
2026-08-18 06:57:10 | INFO | epoch=016 train_batch=390/392 running_loss=-0.007071
2026-08-18 06:57:10 | INFO | epoch=016 train_batch=392/392 running_loss=-0.007066
2026-08-18 06:57:11 | INFO | epoch=016 train_loss=-0.007066 validation_loss=0.003592
2026-08-18 06:57:11 | INFO | epoch=016 saved new best.pt
2026-08-18 06:57:11 | INFO | epoch=017 train_batch=10/392 running_loss=-0.007168
2026-08-18 06:57:12 | INFO | epoch=017 train_batch=20/392 running_loss=-0.007149
2026-08-18 06:57:12 | INFO | epoch=017 train_batch=30/392 running_loss=-0.007217
2026-08-18 06:57:12 | INFO | epoch=017 train_batch=40/392 running_loss=-0.007218
2026-08-18 06:57:12 | INFO | epoch=017 train_batch=50/392 running_loss=-0.007209
2026-08-18 06:57:13 | INFO | epoch=017 train_batch=60/392 running_loss=-0.007225
2026-08-18 06:57:13 | INFO | epoch=017 train_batch=70/392 running_loss=-0.007222
2026-08-18 06:57:13 | INFO | epoch=017 train_batch=80/392 running_loss=-0.007184
2026-08-18 06:57:14 | INFO | epoch=017 train_batch=90/392 running_loss=-0.007193
2026-08-18 06:57:14 | INFO | epoch=017 train_batch=100/392 running_loss=-0.007188
2026-08-18 06:57:14 | INFO | epoch=017 train_batch=110/392 running_loss=-0.007171
2026-08-18 06:57:15 | INFO | epoch=017 train_batch=120/392 running_loss=-0.007170
2026-08-18 06:57:15 | INFO | epoch=017 train_batch=130/392 running_loss=-0.007186
2026-08-18 06:57:15 | INFO | epoch=017 train_batch=140/392 running_loss=-0.007179
2026-08-18 06:57:16 | INFO | epoch=017 train_batch=150/392 running_loss=-0.007178
2026-08-18 06:57:16 | INFO | epoch=017 train_batch=160/392 running_loss=-0.007169
2026-08-18 06:57:16 | INFO | epoch=017 train_batch=170/392 running_loss=-0.007187
2026-08-18 06:57:16 | INFO | epoch=017 train_batch=180/392 running_loss=-0.007167
2026-08-18 06:57:17 | INFO | epoch=017 train_batch=190/392 running_loss=-0.007173
2026-08-18 06:57:17 | INFO | epoch=017 train_batch=200/392 running_loss=-0.007158
2026-08-18 06:57:17 | INFO | epoch=017 train_batch=210/392 running_loss=-0.007159
2026-08-18 06:57:18 | INFO | epoch=017 train_batch=220/392 running_loss=-0.007148
2026-08-18 06:57:18 | INFO | epoch=017 train_batch=230/392 running_loss=-0.007154
2026-08-18 06:57:18 | INFO | epoch=017 train_batch=240/392 running_loss=-0.007136
2026-08-18 06:57:19 | INFO | epoch=017 train_batch=250/392 running_loss=-0.007143
2026-08-18 06:57:19 | INFO | epoch=017 train_batch=260/392 running_loss=-0.007132
2026-08-18 06:57:19 | INFO | epoch=017 train_batch=270/392 running_loss=-0.007129
2026-08-18 06:57:19 | INFO | epoch=017 train_batch=280/392 running_loss=-0.007124
2026-08-18 06:57:20 | INFO | epoch=017 train_batch=290/392 running_loss=-0.007112
2026-08-18 06:57:20 | INFO | epoch=017 train_batch=300/392 running_loss=-0.007114
2026-08-18 06:57:20 | INFO | epoch=017 train_batch=310/392 running_loss=-0.007112
2026-08-18 06:57:21 | INFO | epoch=017 train_batch=320/392 running_loss=-0.007104
2026-08-18 06:57:21 | INFO | epoch=017 train_batch=330/392 running_loss=-0.007094
2026-08-18 06:57:21 | INFO | epoch=017 train_batch=340/392 running_loss=-0.007093
2026-08-18 06:57:22 | INFO | epoch=017 train_batch=350/392 running_loss=-0.007093
2026-08-18 06:57:22 | INFO | epoch=017 train_batch=360/392 running_loss=-0.007092
2026-08-18 06:57:22 | INFO | epoch=017 train_batch=370/392 running_loss=-0.007089
2026-08-18 06:57:22 | INFO | epoch=017 train_batch=380/392 running_loss=-0.007090
2026-08-18 06:57:23 | INFO | epoch=017 train_batch=390/392 running_loss=-0.007093
2026-08-18 06:57:23 | INFO | epoch=017 train_batch=392/392 running_loss=-0.007095
2026-08-18 06:57:24 | INFO | epoch=017 train_loss=-0.007095 validation_loss=0.004027
2026-08-18 06:57:24 | INFO | epoch=018 train_batch=10/392 running_loss=-0.006766
2026-08-18 06:57:24 | INFO | epoch=018 train_batch=20/392 running_loss=-0.006997
2026-08-18 06:57:25 | INFO | epoch=018 train_batch=30/392 running_loss=-0.007216
2026-08-18 06:57:25 | INFO | epoch=018 train_batch=40/392 running_loss=-0.007139
2026-08-18 06:57:25 | INFO | epoch=018 train_batch=50/392 running_loss=-0.007147
2026-08-18 06:57:25 | INFO | epoch=018 train_batch=60/392 running_loss=-0.007153
2026-08-18 06:57:26 | INFO | epoch=018 train_batch=70/392 running_loss=-0.007174
2026-08-18 06:57:26 | INFO | epoch=018 train_batch=80/392 running_loss=-0.007176
2026-08-18 06:57:26 | INFO | epoch=018 train_batch=90/392 running_loss=-0.007198
2026-08-18 06:57:27 | INFO | epoch=018 train_batch=100/392 running_loss=-0.007182
2026-08-18 06:57:27 | INFO | epoch=018 train_batch=110/392 running_loss=-0.007180
2026-08-18 06:57:27 | INFO | epoch=018 train_batch=120/392 running_loss=-0.007129
2026-08-18 06:57:28 | INFO | epoch=018 train_batch=130/392 running_loss=-0.007110
2026-08-18 06:57:28 | INFO | epoch=018 train_batch=140/392 running_loss=-0.007101
2026-08-18 06:57:28 | INFO | epoch=018 train_batch=150/392 running_loss=-0.007089
2026-08-18 06:57:28 | INFO | epoch=018 train_batch=160/392 running_loss=-0.007096
2026-08-18 06:57:29 | INFO | epoch=018 train_batch=170/392 running_loss=-0.007106
2026-08-18 06:57:29 | INFO | epoch=018 train_batch=180/392 running_loss=-0.007112
2026-08-18 06:57:29 | INFO | epoch=018 train_batch=190/392 running_loss=-0.007102
2026-08-18 06:57:30 | INFO | epoch=018 train_batch=200/392 running_loss=-0.007087
2026-08-18 06:57:30 | INFO | epoch=018 train_batch=210/392 running_loss=-0.007085
2026-08-18 06:57:30 | INFO | epoch=018 train_batch=220/392 running_loss=-0.007078
2026-08-18 06:57:31 | INFO | epoch=018 train_batch=230/392 running_loss=-0.007070
2026-08-18 06:57:31 | INFO | epoch=018 train_batch=240/392 running_loss=-0.007082
2026-08-18 06:57:31 | INFO | epoch=018 train_batch=250/392 running_loss=-0.007075
2026-08-18 06:57:31 | INFO | epoch=018 train_batch=260/392 running_loss=-0.007075
2026-08-18 06:57:32 | INFO | epoch=018 train_batch=270/392 running_loss=-0.007073
2026-08-18 06:57:32 | INFO | epoch=018 train_batch=280/392 running_loss=-0.007079
2026-08-18 06:57:32 | INFO | epoch=018 train_batch=290/392 running_loss=-0.007074
2026-08-18 06:57:33 | INFO | epoch=018 train_batch=300/392 running_loss=-0.007075
2026-08-18 06:57:33 | INFO | epoch=018 train_batch=310/392 running_loss=-0.007080
2026-08-18 06:57:33 | INFO | epoch=018 train_batch=320/392 running_loss=-0.007091
2026-08-18 06:57:34 | INFO | epoch=018 train_batch=330/392 running_loss=-0.007109
2026-08-18 06:57:34 | INFO | epoch=018 train_batch=340/392 running_loss=-0.007115
2026-08-18 06:57:34 | INFO | epoch=018 train_batch=350/392 running_loss=-0.007107
2026-08-18 06:57:34 | INFO | epoch=018 train_batch=360/392 running_loss=-0.007117
2026-08-18 06:57:35 | INFO | epoch=018 train_batch=370/392 running_loss=-0.007125
2026-08-18 06:57:35 | INFO | epoch=018 train_batch=380/392 running_loss=-0.007125
2026-08-18 06:57:35 | INFO | epoch=018 train_batch=390/392 running_loss=-0.007127
2026-08-18 06:57:35 | INFO | epoch=018 train_batch=392/392 running_loss=-0.007124
2026-08-18 06:57:36 | INFO | epoch=018 train_loss=-0.007124 validation_loss=0.004440
2026-08-18 06:57:36 | INFO | epoch=019 train_batch=10/392 running_loss=-0.007374
2026-08-18 06:57:37 | INFO | epoch=019 train_batch=20/392 running_loss=-0.007396
2026-08-18 06:57:37 | INFO | epoch=019 train_batch=30/392 running_loss=-0.007348
2026-08-18 06:57:37 | INFO | epoch=019 train_batch=40/392 running_loss=-0.007260
2026-08-18 06:57:38 | INFO | epoch=019 train_batch=50/392 running_loss=-0.007206
2026-08-18 06:57:38 | INFO | epoch=019 train_batch=60/392 running_loss=-0.007201
2026-08-18 06:57:38 | INFO | epoch=019 train_batch=70/392 running_loss=-0.007214
2026-08-18 06:57:39 | INFO | epoch=019 train_batch=80/392 running_loss=-0.007210
2026-08-18 06:57:39 | INFO | epoch=019 train_batch=90/392 running_loss=-0.007238
2026-08-18 06:57:39 | INFO | epoch=019 train_batch=100/392 running_loss=-0.007265
2026-08-18 06:57:40 | INFO | epoch=019 train_batch=110/392 running_loss=-0.007281
2026-08-18 06:57:40 | INFO | epoch=019 train_batch=120/392 running_loss=-0.007301
2026-08-18 06:57:40 | INFO | epoch=019 train_batch=130/392 running_loss=-0.007292
2026-08-18 06:57:40 | INFO | epoch=019 train_batch=140/392 running_loss=-0.007286
2026-08-18 06:57:41 | INFO | epoch=019 train_batch=150/392 running_loss=-0.007296
2026-08-18 06:57:41 | INFO | epoch=019 train_batch=160/392 running_loss=-0.007279
2026-08-18 06:57:41 | INFO | epoch=019 train_batch=170/392 running_loss=-0.007272
2026-08-18 06:57:42 | INFO | epoch=019 train_batch=180/392 running_loss=-0.007268
2026-08-18 06:57:42 | INFO | epoch=019 train_batch=190/392 running_loss=-0.007262
2026-08-18 06:57:42 | INFO | epoch=019 train_batch=200/392 running_loss=-0.007261
2026-08-18 06:57:43 | INFO | epoch=019 train_batch=210/392 running_loss=-0.007255
2026-08-18 06:57:43 | INFO | epoch=019 train_batch=220/392 running_loss=-0.007255
2026-08-18 06:57:43 | INFO | epoch=019 train_batch=230/392 running_loss=-0.007252
2026-08-18 06:57:43 | INFO | epoch=019 train_batch=240/392 running_loss=-0.007253
2026-08-18 06:57:44 | INFO | epoch=019 train_batch=250/392 running_loss=-0.007226
2026-08-18 06:57:44 | INFO | epoch=019 train_batch=260/392 running_loss=-0.007233
2026-08-18 06:57:44 | INFO | epoch=019 train_batch=270/392 running_loss=-0.007219
2026-08-18 06:57:45 | INFO | epoch=019 train_batch=280/392 running_loss=-0.007217
2026-08-18 06:57:45 | INFO | epoch=019 train_batch=290/392 running_loss=-0.007210
2026-08-18 06:57:45 | INFO | epoch=019 train_batch=300/392 running_loss=-0.007204
2026-08-18 06:57:46 | INFO | epoch=019 train_batch=310/392 running_loss=-0.007203
2026-08-18 06:57:46 | INFO | epoch=019 train_batch=320/392 running_loss=-0.007201
2026-08-18 06:57:46 | INFO | epoch=019 train_batch=330/392 running_loss=-0.007194
2026-08-18 06:57:46 | INFO | epoch=019 train_batch=340/392 running_loss=-0.007194
2026-08-18 06:57:47 | INFO | epoch=019 train_batch=350/392 running_loss=-0.007195
2026-08-18 06:57:47 | INFO | epoch=019 train_batch=360/392 running_loss=-0.007200
2026-08-18 06:57:47 | INFO | epoch=019 train_batch=370/392 running_loss=-0.007209
2026-08-18 06:57:48 | INFO | epoch=019 train_batch=380/392 running_loss=-0.007209
2026-08-18 06:57:48 | INFO | epoch=019 train_batch=390/392 running_loss=-0.007200
2026-08-18 06:57:48 | INFO | epoch=019 train_batch=392/392 running_loss=-0.007197
2026-08-18 06:57:49 | INFO | epoch=019 train_loss=-0.007197 validation_loss=0.004547
2026-08-18 06:57:49 | INFO | epoch=020 train_batch=10/392 running_loss=-0.007481
2026-08-18 06:57:49 | INFO | epoch=020 train_batch=20/392 running_loss=-0.007521
2026-08-18 06:57:50 | INFO | epoch=020 train_batch=30/392 running_loss=-0.007443
2026-08-18 06:57:50 | INFO | epoch=020 train_batch=40/392 running_loss=-0.007477
2026-08-18 06:57:50 | INFO | epoch=020 train_batch=50/392 running_loss=-0.007445
2026-08-18 06:57:51 | INFO | epoch=020 train_batch=60/392 running_loss=-0.007324
2026-08-18 06:57:51 | INFO | epoch=020 train_batch=70/392 running_loss=-0.007316
2026-08-18 06:57:51 | INFO | epoch=020 train_batch=80/392 running_loss=-0.007280
2026-08-18 06:57:52 | INFO | epoch=020 train_batch=90/392 running_loss=-0.007239
2026-08-18 06:57:52 | INFO | epoch=020 train_batch=100/392 running_loss=-0.007182
2026-08-18 06:57:52 | INFO | epoch=020 train_batch=110/392 running_loss=-0.007163
2026-08-18 06:57:52 | INFO | epoch=020 train_batch=120/392 running_loss=-0.007165
2026-08-18 06:57:53 | INFO | epoch=020 train_batch=130/392 running_loss=-0.007160
2026-08-18 06:57:53 | INFO | epoch=020 train_batch=140/392 running_loss=-0.007168
2026-08-18 06:57:53 | INFO | epoch=020 train_batch=150/392 running_loss=-0.007141
2026-08-18 06:57:54 | INFO | epoch=020 train_batch=160/392 running_loss=-0.007134
2026-08-18 06:57:54 | INFO | epoch=020 train_batch=170/392 running_loss=-0.007130
2026-08-18 06:57:54 | INFO | epoch=020 train_batch=180/392 running_loss=-0.007142
2026-08-18 06:57:55 | INFO | epoch=020 train_batch=190/392 running_loss=-0.007130
2026-08-18 06:57:55 | INFO | epoch=020 train_batch=200/392 running_loss=-0.007143
2026-08-18 06:57:55 | INFO | epoch=020 train_batch=210/392 running_loss=-0.007164
2026-08-18 06:57:55 | INFO | epoch=020 train_batch=220/392 running_loss=-0.007172
2026-08-18 06:57:56 | INFO | epoch=020 train_batch=230/392 running_loss=-0.007180
2026-08-18 06:57:56 | INFO | epoch=020 train_batch=240/392 running_loss=-0.007210
2026-08-18 06:57:56 | INFO | epoch=020 train_batch=250/392 running_loss=-0.007206
2026-08-18 06:57:57 | INFO | epoch=020 train_batch=260/392 running_loss=-0.007200
2026-08-18 06:57:57 | INFO | epoch=020 train_batch=270/392 running_loss=-0.007202
2026-08-18 06:57:57 | INFO | epoch=020 train_batch=280/392 running_loss=-0.007212
2026-08-18 06:57:58 | INFO | epoch=020 train_batch=290/392 running_loss=-0.007218
2026-08-18 06:57:58 | INFO | epoch=020 train_batch=300/392 running_loss=-0.007220
2026-08-18 06:57:58 | INFO | epoch=020 train_batch=310/392 running_loss=-0.007222
2026-08-18 06:57:58 | INFO | epoch=020 train_batch=320/392 running_loss=-0.007226
2026-08-18 06:57:59 | INFO | epoch=020 train_batch=330/392 running_loss=-0.007231
2026-08-18 06:57:59 | INFO | epoch=020 train_batch=340/392 running_loss=-0.007235
2026-08-18 06:57:59 | INFO | epoch=020 train_batch=350/392 running_loss=-0.007237
2026-08-18 06:58:00 | INFO | epoch=020 train_batch=360/392 running_loss=-0.007252
2026-08-18 06:58:00 | INFO | epoch=020 train_batch=370/392 running_loss=-0.007255
2026-08-18 06:58:00 | INFO | epoch=020 train_batch=380/392 running_loss=-0.007255
2026-08-18 06:58:01 | INFO | epoch=020 train_batch=390/392 running_loss=-0.007250
2026-08-18 06:58:01 | INFO | epoch=020 train_batch=392/392 running_loss=-0.007251
2026-08-18 06:58:01 | INFO | epoch=020 train_loss=-0.007251 validation_loss=0.004206
2026-08-18 06:58:02 | INFO | epoch=021 train_batch=10/392 running_loss=-0.007422
2026-08-18 06:58:02 | INFO | epoch=021 train_batch=20/392 running_loss=-0.007564
2026-08-18 06:58:02 | INFO | epoch=021 train_batch=30/392 running_loss=-0.007552
2026-08-18 06:58:03 | INFO | epoch=021 train_batch=40/392 running_loss=-0.007514
2026-08-18 06:58:03 | INFO | epoch=021 train_batch=50/392 running_loss=-0.007500
2026-08-18 06:58:03 | INFO | epoch=021 train_batch=60/392 running_loss=-0.007506
2026-08-18 06:58:04 | INFO | epoch=021 train_batch=70/392 running_loss=-0.007465
2026-08-18 06:58:04 | INFO | epoch=021 train_batch=80/392 running_loss=-0.007428
2026-08-18 06:58:04 | INFO | epoch=021 train_batch=90/392 running_loss=-0.007416
2026-08-18 06:58:04 | INFO | epoch=021 train_batch=100/392 running_loss=-0.007402
2026-08-18 06:58:05 | INFO | epoch=021 train_batch=110/392 running_loss=-0.007365
2026-08-18 06:58:05 | INFO | epoch=021 train_batch=120/392 running_loss=-0.007318
2026-08-18 06:58:05 | INFO | epoch=021 train_batch=130/392 running_loss=-0.007302
2026-08-18 06:58:06 | INFO | epoch=021 train_batch=140/392 running_loss=-0.007311
2026-08-18 06:58:06 | INFO | epoch=021 train_batch=150/392 running_loss=-0.007301
2026-08-18 06:58:06 | INFO | epoch=021 train_batch=160/392 running_loss=-0.007299
2026-08-18 06:58:07 | INFO | epoch=021 train_batch=170/392 running_loss=-0.007303
2026-08-18 06:58:07 | INFO | epoch=021 train_batch=180/392 running_loss=-0.007299
2026-08-18 06:58:07 | INFO | epoch=021 train_batch=190/392 running_loss=-0.007301
2026-08-18 06:58:07 | INFO | epoch=021 train_batch=200/392 running_loss=-0.007303
2026-08-18 06:58:08 | INFO | epoch=021 train_batch=210/392 running_loss=-0.007301
2026-08-18 06:58:08 | INFO | epoch=021 train_batch=220/392 running_loss=-0.007284
2026-08-18 06:58:08 | INFO | epoch=021 train_batch=230/392 running_loss=-0.007286
2026-08-18 06:58:09 | INFO | epoch=021 train_batch=240/392 running_loss=-0.007283
2026-08-18 06:58:09 | INFO | epoch=021 train_batch=250/392 running_loss=-0.007284
2026-08-18 06:58:09 | INFO | epoch=021 train_batch=260/392 running_loss=-0.007290
2026-08-18 06:58:10 | INFO | epoch=021 train_batch=270/392 running_loss=-0.007292
2026-08-18 06:58:10 | INFO | epoch=021 train_batch=280/392 running_loss=-0.007298
2026-08-18 06:58:10 | INFO | epoch=021 train_batch=290/392 running_loss=-0.007302
2026-08-18 06:58:10 | INFO | epoch=021 train_batch=300/392 running_loss=-0.007301
2026-08-18 06:58:11 | INFO | epoch=021 train_batch=310/392 running_loss=-0.007297
2026-08-18 06:58:11 | INFO | epoch=021 train_batch=320/392 running_loss=-0.007276
2026-08-18 06:58:11 | INFO | epoch=021 train_batch=330/392 running_loss=-0.007276
2026-08-18 06:58:12 | INFO | epoch=021 train_batch=340/392 running_loss=-0.007278
2026-08-18 06:58:12 | INFO | epoch=021 train_batch=350/392 running_loss=-0.007276
2026-08-18 06:58:12 | INFO | epoch=021 train_batch=360/392 running_loss=-0.007273
2026-08-18 06:58:13 | INFO | epoch=021 train_batch=370/392 running_loss=-0.007261
2026-08-18 06:58:13 | INFO | epoch=021 train_batch=380/392 running_loss=-0.007259
2026-08-18 06:58:13 | INFO | epoch=021 train_batch=390/392 running_loss=-0.007262
2026-08-18 06:58:13 | INFO | epoch=021 train_batch=392/392 running_loss=-0.007262
2026-08-18 06:58:14 | INFO | epoch=021 train_loss=-0.007262 validation_loss=0.004509
2026-08-18 06:58:14 | INFO | epoch=022 train_batch=10/392 running_loss=-0.007386
2026-08-18 06:58:15 | INFO | epoch=022 train_batch=20/392 running_loss=-0.007397
2026-08-18 06:58:15 | INFO | epoch=022 train_batch=30/392 running_loss=-0.007404
2026-08-18 06:58:15 | INFO | epoch=022 train_batch=40/392 running_loss=-0.007352
2026-08-18 06:58:15 | INFO | epoch=022 train_batch=50/392 running_loss=-0.007407
2026-08-18 06:58:16 | INFO | epoch=022 train_batch=60/392 running_loss=-0.007444
2026-08-18 06:58:16 | INFO | epoch=022 train_batch=70/392 running_loss=-0.007377
2026-08-18 06:58:16 | INFO | epoch=022 train_batch=80/392 running_loss=-0.007374
2026-08-18 06:58:17 | INFO | epoch=022 train_batch=90/392 running_loss=-0.007417
2026-08-18 06:58:17 | INFO | epoch=022 train_batch=100/392 running_loss=-0.007410
2026-08-18 06:58:17 | INFO | epoch=022 train_batch=110/392 running_loss=-0.007411
2026-08-18 06:58:18 | INFO | epoch=022 train_batch=120/392 running_loss=-0.007417
2026-08-18 06:58:18 | INFO | epoch=022 train_batch=130/392 running_loss=-0.007406
2026-08-18 06:58:18 | INFO | epoch=022 train_batch=140/392 running_loss=-0.007414
2026-08-18 06:58:18 | INFO | epoch=022 train_batch=150/392 running_loss=-0.007428
2026-08-18 06:58:19 | INFO | epoch=022 train_batch=160/392 running_loss=-0.007426
2026-08-18 06:58:19 | INFO | epoch=022 train_batch=170/392 running_loss=-0.007398
2026-08-18 06:58:19 | INFO | epoch=022 train_batch=180/392 running_loss=-0.007372
2026-08-18 06:58:20 | INFO | epoch=022 train_batch=190/392 running_loss=-0.007342
2026-08-18 06:58:20 | INFO | epoch=022 train_batch=200/392 running_loss=-0.007327
2026-08-18 06:58:20 | INFO | epoch=022 train_batch=210/392 running_loss=-0.007320
2026-08-18 06:58:21 | INFO | epoch=022 train_batch=220/392 running_loss=-0.007317
2026-08-18 06:58:21 | INFO | epoch=022 train_batch=230/392 running_loss=-0.007323
2026-08-18 06:58:21 | INFO | epoch=022 train_batch=240/392 running_loss=-0.007304
2026-08-18 06:58:22 | INFO | epoch=022 train_batch=250/392 running_loss=-0.007297
2026-08-18 06:58:22 | INFO | epoch=022 train_batch=260/392 running_loss=-0.007301
2026-08-18 06:58:22 | INFO | epoch=022 train_batch=270/392 running_loss=-0.007295
2026-08-18 06:58:23 | INFO | epoch=022 train_batch=280/392 running_loss=-0.007301
2026-08-18 06:58:23 | INFO | epoch=022 train_batch=290/392 running_loss=-0.007297
2026-08-18 06:58:23 | INFO | epoch=022 train_batch=300/392 running_loss=-0.007303
2026-08-18 06:58:23 | INFO | epoch=022 train_batch=310/392 running_loss=-0.007304
2026-08-18 06:58:24 | INFO | epoch=022 train_batch=320/392 running_loss=-0.007304
2026-08-18 06:58:24 | INFO | epoch=022 train_batch=330/392 running_loss=-0.007308
2026-08-18 06:58:24 | INFO | epoch=022 train_batch=340/392 running_loss=-0.007300
2026-08-18 06:58:25 | INFO | epoch=022 train_batch=350/392 running_loss=-0.007297
2026-08-18 06:58:25 | INFO | epoch=022 train_batch=360/392 running_loss=-0.007287
2026-08-18 06:58:25 | INFO | epoch=022 train_batch=370/392 running_loss=-0.007287
2026-08-18 06:58:26 | INFO | epoch=022 train_batch=380/392 running_loss=-0.007292
2026-08-18 06:58:26 | INFO | epoch=022 train_batch=390/392 running_loss=-0.007297
2026-08-18 06:58:26 | INFO | epoch=022 train_batch=392/392 running_loss=-0.007297
2026-08-18 06:58:27 | INFO | epoch=022 train_loss=-0.007297 validation_loss=0.004387
2026-08-18 06:58:27 | INFO | epoch=023 train_batch=10/392 running_loss=-0.007415
2026-08-18 06:58:28 | INFO | epoch=023 train_batch=20/392 running_loss=-0.007457
2026-08-18 06:58:28 | INFO | epoch=023 train_batch=30/392 running_loss=-0.007455
2026-08-18 06:58:28 | INFO | epoch=023 train_batch=40/392 running_loss=-0.007475
2026-08-18 06:58:28 | INFO | epoch=023 train_batch=50/392 running_loss=-0.007455
2026-08-18 06:58:29 | INFO | epoch=023 train_batch=60/392 running_loss=-0.007433
2026-08-18 06:58:29 | INFO | epoch=023 train_batch=70/392 running_loss=-0.007431
2026-08-18 06:58:29 | INFO | epoch=023 train_batch=80/392 running_loss=-0.007410
2026-08-18 06:58:30 | INFO | epoch=023 train_batch=90/392 running_loss=-0.007450
2026-08-18 06:58:30 | INFO | epoch=023 train_batch=100/392 running_loss=-0.007470
2026-08-18 06:58:30 | INFO | epoch=023 train_batch=110/392 running_loss=-0.007444
2026-08-18 06:58:31 | INFO | epoch=023 train_batch=120/392 running_loss=-0.007447
2026-08-18 06:58:31 | INFO | epoch=023 train_batch=130/392 running_loss=-0.007434
2026-08-18 06:58:31 | INFO | epoch=023 train_batch=140/392 running_loss=-0.007413
2026-08-18 06:58:32 | INFO | epoch=023 train_batch=150/392 running_loss=-0.007412
2026-08-18 06:58:32 | INFO | epoch=023 train_batch=160/392 running_loss=-0.007420
2026-08-18 06:58:32 | INFO | epoch=023 train_batch=170/392 running_loss=-0.007435
2026-08-18 06:58:33 | INFO | epoch=023 train_batch=180/392 running_loss=-0.007422
2026-08-18 06:58:33 | INFO | epoch=023 train_batch=190/392 running_loss=-0.007422
2026-08-18 06:58:33 | INFO | epoch=023 train_batch=200/392 running_loss=-0.007407
2026-08-18 06:58:34 | INFO | epoch=023 train_batch=210/392 running_loss=-0.007394
2026-08-18 06:58:34 | INFO | epoch=023 train_batch=220/392 running_loss=-0.007408
2026-08-18 06:58:34 | INFO | epoch=023 train_batch=230/392 running_loss=-0.007402
2026-08-18 06:58:34 | INFO | epoch=023 train_batch=240/392 running_loss=-0.007396
2026-08-18 06:58:35 | INFO | epoch=023 train_batch=250/392 running_loss=-0.007395
2026-08-18 06:58:35 | INFO | epoch=023 train_batch=260/392 running_loss=-0.007393
2026-08-18 06:58:35 | INFO | epoch=023 train_batch=270/392 running_loss=-0.007394
2026-08-18 06:58:36 | INFO | epoch=023 train_batch=280/392 running_loss=-0.007395
2026-08-18 06:58:36 | INFO | epoch=023 train_batch=290/392 running_loss=-0.007389
2026-08-18 06:58:36 | INFO | epoch=023 train_batch=300/392 running_loss=-0.007392
2026-08-18 06:58:37 | INFO | epoch=023 train_batch=310/392 running_loss=-0.007379
2026-08-18 06:58:37 | INFO | epoch=023 train_batch=320/392 running_loss=-0.007377
2026-08-18 06:58:37 | INFO | epoch=023 train_batch=330/392 running_loss=-0.007368
2026-08-18 06:58:38 | INFO | epoch=023 train_batch=340/392 running_loss=-0.007365
2026-08-18 06:58:38 | INFO | epoch=023 train_batch=350/392 running_loss=-0.007356
2026-08-18 06:58:38 | INFO | epoch=023 train_batch=360/392 running_loss=-0.007365
2026-08-18 06:58:39 | INFO | epoch=023 train_batch=370/392 running_loss=-0.007363
2026-08-18 06:58:39 | INFO | epoch=023 train_batch=380/392 running_loss=-0.007359
2026-08-18 06:58:39 | INFO | epoch=023 train_batch=390/392 running_loss=-0.007356
2026-08-18 06:58:39 | INFO | epoch=023 train_batch=392/392 running_loss=-0.007357
2026-08-18 06:58:40 | INFO | epoch=023 train_loss=-0.007357 validation_loss=0.004899
2026-08-18 06:58:40 | INFO | epoch=024 train_batch=10/392 running_loss=-0.007272
2026-08-18 06:58:41 | INFO | epoch=024 train_batch=20/392 running_loss=-0.007257
2026-08-18 06:58:41 | INFO | epoch=024 train_batch=30/392 running_loss=-0.007357
2026-08-18 06:58:41 | INFO | epoch=024 train_batch=40/392 running_loss=-0.007412
2026-08-18 06:58:42 | INFO | epoch=024 train_batch=50/392 running_loss=-0.007453
2026-08-18 06:58:42 | INFO | epoch=024 train_batch=60/392 running_loss=-0.007415
2026-08-18 06:58:42 | INFO | epoch=024 train_batch=70/392 running_loss=-0.007403
2026-08-18 06:58:43 | INFO | epoch=024 train_batch=80/392 running_loss=-0.007409
2026-08-18 06:58:43 | INFO | epoch=024 train_batch=90/392 running_loss=-0.007416
2026-08-18 06:58:43 | INFO | epoch=024 train_batch=100/392 running_loss=-0.007440
2026-08-18 06:58:44 | INFO | epoch=024 train_batch=110/392 running_loss=-0.007445
2026-08-18 06:58:44 | INFO | epoch=024 train_batch=120/392 running_loss=-0.007442
2026-08-18 06:58:44 | INFO | epoch=024 train_batch=130/392 running_loss=-0.007425
2026-08-18 06:58:45 | INFO | epoch=024 train_batch=140/392 running_loss=-0.007432
2026-08-18 06:58:45 | INFO | epoch=024 train_batch=150/392 running_loss=-0.007440
2026-08-18 06:58:45 | INFO | epoch=024 train_batch=160/392 running_loss=-0.007457
2026-08-18 06:58:46 | INFO | epoch=024 train_batch=170/392 running_loss=-0.007463
2026-08-18 06:58:46 | INFO | epoch=024 train_batch=180/392 running_loss=-0.007450
2026-08-18 06:58:46 | INFO | epoch=024 train_batch=190/392 running_loss=-0.007451
2026-08-18 06:58:46 | INFO | epoch=024 train_batch=200/392 running_loss=-0.007457
2026-08-18 06:58:47 | INFO | epoch=024 train_batch=210/392 running_loss=-0.007451
2026-08-18 06:58:47 | INFO | epoch=024 train_batch=220/392 running_loss=-0.007426
2026-08-18 06:58:47 | INFO | epoch=024 train_batch=230/392 running_loss=-0.007395
2026-08-18 06:58:48 | INFO | epoch=024 train_batch=240/392 running_loss=-0.007302
2026-08-18 06:58:48 | INFO | epoch=024 train_batch=250/392 running_loss=-0.007282
2026-08-18 06:58:48 | INFO | epoch=024 train_batch=260/392 running_loss=-0.007279
2026-08-18 06:58:49 | INFO | epoch=024 train_batch=270/392 running_loss=-0.007276
2026-08-18 06:58:49 | INFO | epoch=024 train_batch=280/392 running_loss=-0.007288
2026-08-18 06:58:49 | INFO | epoch=024 train_batch=290/392 running_loss=-0.007289
2026-08-18 06:58:50 | INFO | epoch=024 train_batch=300/392 running_loss=-0.007292
2026-08-18 06:58:50 | INFO | epoch=024 train_batch=310/392 running_loss=-0.007291
2026-08-18 06:58:50 | INFO | epoch=024 train_batch=320/392 running_loss=-0.007297
2026-08-18 06:58:51 | INFO | epoch=024 train_batch=330/392 running_loss=-0.007291
2026-08-18 06:58:51 | INFO | epoch=024 train_batch=340/392 running_loss=-0.007301
2026-08-18 06:58:51 | INFO | epoch=024 train_batch=350/392 running_loss=-0.007305
2026-08-18 06:58:51 | INFO | epoch=024 train_batch=360/392 running_loss=-0.007300
2026-08-18 06:58:52 | INFO | epoch=024 train_batch=370/392 running_loss=-0.007298
2026-08-18 06:58:52 | INFO | epoch=024 train_batch=380/392 running_loss=-0.007297
2026-08-18 06:58:52 | INFO | epoch=024 train_batch=390/392 running_loss=-0.007303
2026-08-18 06:58:52 | INFO | epoch=024 train_batch=392/392 running_loss=-0.007307
2026-08-18 06:58:53 | INFO | epoch=024 train_loss=-0.007307 validation_loss=0.004297
2026-08-18 06:58:54 | INFO | epoch=025 train_batch=10/392 running_loss=-0.007700
2026-08-18 06:58:54 | INFO | epoch=025 train_batch=20/392 running_loss=-0.007510
2026-08-18 06:58:54 | INFO | epoch=025 train_batch=30/392 running_loss=-0.007487
2026-08-18 06:58:55 | INFO | epoch=025 train_batch=40/392 running_loss=-0.007448
2026-08-18 06:58:55 | INFO | epoch=025 train_batch=50/392 running_loss=-0.007485
2026-08-18 06:58:55 | INFO | epoch=025 train_batch=60/392 running_loss=-0.007487
2026-08-18 06:58:56 | INFO | epoch=025 train_batch=70/392 running_loss=-0.007482
2026-08-18 06:58:56 | INFO | epoch=025 train_batch=80/392 running_loss=-0.007497
2026-08-18 06:58:57 | INFO | epoch=025 train_batch=90/392 running_loss=-0.007495
2026-08-18 06:58:57 | INFO | epoch=025 train_batch=100/392 running_loss=-0.007479
2026-08-18 06:58:57 | INFO | epoch=025 train_batch=110/392 running_loss=-0.007481
2026-08-18 06:58:58 | INFO | epoch=025 train_batch=120/392 running_loss=-0.007474
2026-08-18 06:58:58 | INFO | epoch=025 train_batch=130/392 running_loss=-0.007464
2026-08-18 06:58:58 | INFO | epoch=025 train_batch=140/392 running_loss=-0.007481
2026-08-18 06:58:59 | INFO | epoch=025 train_batch=150/392 running_loss=-0.007481
2026-08-18 06:58:59 | INFO | epoch=025 train_batch=160/392 running_loss=-0.007459
2026-08-18 06:58:59 | INFO | epoch=025 train_batch=170/392 running_loss=-0.007436
2026-08-18 06:59:00 | INFO | epoch=025 train_batch=180/392 running_loss=-0.007451
2026-08-18 06:59:00 | INFO | epoch=025 train_batch=190/392 running_loss=-0.007438
2026-08-18 06:59:00 | INFO | epoch=025 train_batch=200/392 running_loss=-0.007453
2026-08-18 06:59:01 | INFO | epoch=025 train_batch=210/392 running_loss=-0.007442
2026-08-18 06:59:01 | INFO | epoch=025 train_batch=220/392 running_loss=-0.007444
2026-08-18 06:59:01 | INFO | epoch=025 train_batch=230/392 running_loss=-0.007442
2026-08-18 06:59:02 | INFO | epoch=025 train_batch=240/392 running_loss=-0.007436
2026-08-18 06:59:02 | INFO | epoch=025 train_batch=250/392 running_loss=-0.007430
2026-08-18 06:59:02 | INFO | epoch=025 train_batch=260/392 running_loss=-0.007437
2026-08-18 06:59:03 | INFO | epoch=025 train_batch=270/392 running_loss=-0.007432
2026-08-18 06:59:03 | INFO | epoch=025 train_batch=280/392 running_loss=-0.007430
2026-08-18 06:59:03 | INFO | epoch=025 train_batch=290/392 running_loss=-0.007430
2026-08-18 06:59:04 | INFO | epoch=025 train_batch=300/392 running_loss=-0.007434
2026-08-18 06:59:04 | INFO | epoch=025 train_batch=310/392 running_loss=-0.007440
2026-08-18 06:59:04 | INFO | epoch=025 train_batch=320/392 running_loss=-0.007442
2026-08-18 06:59:04 | INFO | epoch=025 train_batch=330/392 running_loss=-0.007452
2026-08-18 06:59:05 | INFO | epoch=025 train_batch=340/392 running_loss=-0.007451
2026-08-18 06:59:05 | INFO | epoch=025 train_batch=350/392 running_loss=-0.007458
2026-08-18 06:59:05 | INFO | epoch=025 train_batch=360/392 running_loss=-0.007446
2026-08-18 06:59:06 | INFO | epoch=025 train_batch=370/392 running_loss=-0.007446
2026-08-18 06:59:06 | INFO | epoch=025 train_batch=380/392 running_loss=-0.007442
2026-08-18 06:59:06 | INFO | epoch=025 train_batch=390/392 running_loss=-0.007446
2026-08-18 06:59:06 | INFO | epoch=025 train_batch=392/392 running_loss=-0.007448
2026-08-18 06:59:07 | INFO | epoch=025 train_loss=-0.007448 validation_loss=0.004639
2026-08-18 06:59:07 | INFO | epoch=026 train_batch=10/392 running_loss=-0.007292
2026-08-18 06:59:08 | INFO | epoch=026 train_batch=20/392 running_loss=-0.007197
2026-08-18 06:59:08 | INFO | epoch=026 train_batch=30/392 running_loss=-0.007258
2026-08-18 06:59:08 | INFO | epoch=026 train_batch=40/392 running_loss=-0.007308
2026-08-18 06:59:09 | INFO | epoch=026 train_batch=50/392 running_loss=-0.007355
2026-08-18 06:59:09 | INFO | epoch=026 train_batch=60/392 running_loss=-0.007340
2026-08-18 06:59:09 | INFO | epoch=026 train_batch=70/392 running_loss=-0.007338
2026-08-18 06:59:10 | INFO | epoch=026 train_batch=80/392 running_loss=-0.007341
2026-08-18 06:59:10 | INFO | epoch=026 train_batch=90/392 running_loss=-0.007358
2026-08-18 06:59:10 | INFO | epoch=026 train_batch=100/392 running_loss=-0.007358
2026-08-18 06:59:10 | INFO | epoch=026 train_batch=110/392 running_loss=-0.007356
2026-08-18 06:59:11 | INFO | epoch=026 train_batch=120/392 running_loss=-0.007382
2026-08-18 06:59:11 | INFO | epoch=026 train_batch=130/392 running_loss=-0.007406
2026-08-18 06:59:11 | INFO | epoch=026 train_batch=140/392 running_loss=-0.007414
2026-08-18 06:59:12 | INFO | epoch=026 train_batch=150/392 running_loss=-0.007409
2026-08-18 06:59:12 | INFO | epoch=026 train_batch=160/392 running_loss=-0.007427
2026-08-18 06:59:12 | INFO | epoch=026 train_batch=170/392 running_loss=-0.007438
2026-08-18 06:59:13 | INFO | epoch=026 train_batch=180/392 running_loss=-0.007427
2026-08-18 06:59:13 | INFO | epoch=026 train_batch=190/392 running_loss=-0.007429
2026-08-18 06:59:13 | INFO | epoch=026 train_batch=200/392 running_loss=-0.007412
2026-08-18 06:59:14 | INFO | epoch=026 train_batch=210/392 running_loss=-0.007401
2026-08-18 06:59:14 | INFO | epoch=026 train_batch=220/392 running_loss=-0.007407
2026-08-18 06:59:14 | INFO | epoch=026 train_batch=230/392 running_loss=-0.007401
2026-08-18 06:59:14 | INFO | epoch=026 train_batch=240/392 running_loss=-0.007400
2026-08-18 06:59:15 | INFO | epoch=026 train_batch=250/392 running_loss=-0.007403
2026-08-18 06:59:15 | INFO | epoch=026 train_batch=260/392 running_loss=-0.007407
2026-08-18 06:59:15 | INFO | epoch=026 train_batch=270/392 running_loss=-0.007422
2026-08-18 06:59:16 | INFO | epoch=026 train_batch=280/392 running_loss=-0.007402
2026-08-18 06:59:16 | INFO | epoch=026 train_batch=290/392 running_loss=-0.007406
2026-08-18 06:59:16 | INFO | epoch=026 train_batch=300/392 running_loss=-0.007404
2026-08-18 06:59:17 | INFO | epoch=026 train_batch=310/392 running_loss=-0.007410
2026-08-18 06:59:17 | INFO | epoch=026 train_batch=320/392 running_loss=-0.007417
2026-08-18 06:59:17 | INFO | epoch=026 train_batch=330/392 running_loss=-0.007420
2026-08-18 06:59:17 | INFO | epoch=026 train_batch=340/392 running_loss=-0.007418
2026-08-18 06:59:18 | INFO | epoch=026 train_batch=350/392 running_loss=-0.007421
2026-08-18 06:59:18 | INFO | epoch=026 train_batch=360/392 running_loss=-0.007424
2026-08-18 06:59:18 | INFO | epoch=026 train_batch=370/392 running_loss=-0.007433
2026-08-18 06:59:19 | INFO | epoch=026 train_batch=380/392 running_loss=-0.007436
2026-08-18 06:59:19 | INFO | epoch=026 train_batch=390/392 running_loss=-0.007428
2026-08-18 06:59:19 | INFO | epoch=026 train_batch=392/392 running_loss=-0.007425
2026-08-18 06:59:20 | INFO | epoch=026 train_loss=-0.007425 validation_loss=0.005151
2026-08-18 06:59:20 | INFO | epoch=027 train_batch=10/392 running_loss=-0.007133
2026-08-18 06:59:20 | INFO | epoch=027 train_batch=20/392 running_loss=-0.007261
2026-08-18 06:59:21 | INFO | epoch=027 train_batch=30/392 running_loss=-0.007390
2026-08-18 06:59:21 | INFO | epoch=027 train_batch=40/392 running_loss=-0.007574
2026-08-18 06:59:21 | INFO | epoch=027 train_batch=50/392 running_loss=-0.007618
2026-08-18 06:59:22 | INFO | epoch=027 train_batch=60/392 running_loss=-0.007605
2026-08-18 06:59:22 | INFO | epoch=027 train_batch=70/392 running_loss=-0.007604
2026-08-18 06:59:22 | INFO | epoch=027 train_batch=80/392 running_loss=-0.007578
2026-08-18 06:59:23 | INFO | epoch=027 train_batch=90/392 running_loss=-0.007572
2026-08-18 06:59:23 | INFO | epoch=027 train_batch=100/392 running_loss=-0.007554
2026-08-18 06:59:23 | INFO | epoch=027 train_batch=110/392 running_loss=-0.007545
2026-08-18 06:59:23 | INFO | epoch=027 train_batch=120/392 running_loss=-0.007560
2026-08-18 06:59:24 | INFO | epoch=027 train_batch=130/392 running_loss=-0.007531
2026-08-18 06:59:24 | INFO | epoch=027 train_batch=140/392 running_loss=-0.007543
2026-08-18 06:59:24 | INFO | epoch=027 train_batch=150/392 running_loss=-0.007547
2026-08-18 06:59:25 | INFO | epoch=027 train_batch=160/392 running_loss=-0.007526
2026-08-18 06:59:25 | INFO | epoch=027 train_batch=170/392 running_loss=-0.007526
2026-08-18 06:59:25 | INFO | epoch=027 train_batch=180/392 running_loss=-0.007517
2026-08-18 06:59:26 | INFO | epoch=027 train_batch=190/392 running_loss=-0.007530
2026-08-18 06:59:26 | INFO | epoch=027 train_batch=200/392 running_loss=-0.007527
2026-08-18 06:59:26 | INFO | epoch=027 train_batch=210/392 running_loss=-0.007522
2026-08-18 06:59:27 | INFO | epoch=027 train_batch=220/392 running_loss=-0.007521
2026-08-18 06:59:27 | INFO | epoch=027 train_batch=230/392 running_loss=-0.007519
2026-08-18 06:59:27 | INFO | epoch=027 train_batch=240/392 running_loss=-0.007522
2026-08-18 06:59:28 | INFO | epoch=027 train_batch=250/392 running_loss=-0.007513
2026-08-18 06:59:28 | INFO | epoch=027 train_batch=260/392 running_loss=-0.007518
2026-08-18 06:59:28 | INFO | epoch=027 train_batch=270/392 running_loss=-0.007517
2026-08-18 06:59:28 | INFO | epoch=027 train_batch=280/392 running_loss=-0.007505
2026-08-18 06:59:29 | INFO | epoch=027 train_batch=290/392 running_loss=-0.007498
2026-08-18 06:59:29 | INFO | epoch=027 train_batch=300/392 running_loss=-0.007496
2026-08-18 06:59:29 | INFO | epoch=027 train_batch=310/392 running_loss=-0.007497
2026-08-18 06:59:30 | INFO | epoch=027 train_batch=320/392 running_loss=-0.007506
2026-08-18 06:59:30 | INFO | epoch=027 train_batch=330/392 running_loss=-0.007494
2026-08-18 06:59:30 | INFO | epoch=027 train_batch=340/392 running_loss=-0.007489
2026-08-18 06:59:31 | INFO | epoch=027 train_batch=350/392 running_loss=-0.007484
2026-08-18 06:59:31 | INFO | epoch=027 train_batch=360/392 running_loss=-0.007479
2026-08-18 06:59:31 | INFO | epoch=027 train_batch=370/392 running_loss=-0.007479
2026-08-18 06:59:32 | INFO | epoch=027 train_batch=380/392 running_loss=-0.007488
2026-08-18 06:59:32 | INFO | epoch=027 train_batch=390/392 running_loss=-0.007477
2026-08-18 06:59:32 | INFO | epoch=027 train_batch=392/392 running_loss=-0.007478
2026-08-18 06:59:33 | INFO | epoch=027 train_loss=-0.007478 validation_loss=0.004849
2026-08-18 06:59:33 | INFO | epoch=028 train_batch=10/392 running_loss=-0.007333
2026-08-18 06:59:34 | INFO | epoch=028 train_batch=20/392 running_loss=-0.007446
2026-08-18 06:59:34 | INFO | epoch=028 train_batch=30/392 running_loss=-0.007530
2026-08-18 06:59:34 | INFO | epoch=028 train_batch=40/392 running_loss=-0.007566
2026-08-18 06:59:35 | INFO | epoch=028 train_batch=50/392 running_loss=-0.007637
2026-08-18 06:59:35 | INFO | epoch=028 train_batch=60/392 running_loss=-0.007609
2026-08-18 06:59:35 | INFO | epoch=028 train_batch=70/392 running_loss=-0.007583
2026-08-18 06:59:35 | INFO | epoch=028 train_batch=80/392 running_loss=-0.007604
2026-08-18 06:59:36 | INFO | epoch=028 train_batch=90/392 running_loss=-0.007586
2026-08-18 06:59:36 | INFO | epoch=028 train_batch=100/392 running_loss=-0.007578
2026-08-18 06:59:36 | INFO | epoch=028 train_batch=110/392 running_loss=-0.007616
2026-08-18 06:59:37 | INFO | epoch=028 train_batch=120/392 running_loss=-0.007606
2026-08-18 06:59:37 | INFO | epoch=028 train_batch=130/392 running_loss=-0.007623
2026-08-18 06:59:37 | INFO | epoch=028 train_batch=140/392 running_loss=-0.007618
2026-08-18 06:59:38 | INFO | epoch=028 train_batch=150/392 running_loss=-0.007624
2026-08-18 06:59:38 | INFO | epoch=028 train_batch=160/392 running_loss=-0.007619
2026-08-18 06:59:38 | INFO | epoch=028 train_batch=170/392 running_loss=-0.007620
2026-08-18 06:59:39 | INFO | epoch=028 train_batch=180/392 running_loss=-0.007629
2026-08-18 06:59:39 | INFO | epoch=028 train_batch=190/392 running_loss=-0.007622
2026-08-18 06:59:39 | INFO | epoch=028 train_batch=200/392 running_loss=-0.007624
2026-08-18 06:59:40 | INFO | epoch=028 train_batch=210/392 running_loss=-0.007617
2026-08-18 06:59:40 | INFO | epoch=028 train_batch=220/392 running_loss=-0.007611
2026-08-18 06:59:40 | INFO | epoch=028 train_batch=230/392 running_loss=-0.007613
2026-08-18 06:59:41 | INFO | epoch=028 train_batch=240/392 running_loss=-0.007606
2026-08-18 06:59:41 | INFO | epoch=028 train_batch=250/392 running_loss=-0.007599
2026-08-18 06:59:41 | INFO | epoch=028 train_batch=260/392 running_loss=-0.007597
2026-08-18 06:59:41 | INFO | epoch=028 train_batch=270/392 running_loss=-0.007574
2026-08-18 06:59:42 | INFO | epoch=028 train_batch=280/392 running_loss=-0.007569
2026-08-18 06:59:42 | INFO | epoch=028 train_batch=290/392 running_loss=-0.007556
2026-08-18 06:59:42 | INFO | epoch=028 train_batch=300/392 running_loss=-0.007555
2026-08-18 06:59:43 | INFO | epoch=028 train_batch=310/392 running_loss=-0.007557
2026-08-18 06:59:43 | INFO | epoch=028 train_batch=320/392 running_loss=-0.007541
2026-08-18 06:59:43 | INFO | epoch=028 train_batch=330/392 running_loss=-0.007540
2026-08-18 06:59:44 | INFO | epoch=028 train_batch=340/392 running_loss=-0.007538
2026-08-18 06:59:44 | INFO | epoch=028 train_batch=350/392 running_loss=-0.007541
2026-08-18 06:59:44 | INFO | epoch=028 train_batch=360/392 running_loss=-0.007536
2026-08-18 06:59:45 | INFO | epoch=028 train_batch=370/392 running_loss=-0.007534
2026-08-18 06:59:45 | INFO | epoch=028 train_batch=380/392 running_loss=-0.007528
2026-08-18 06:59:45 | INFO | epoch=028 train_batch=390/392 running_loss=-0.007532
2026-08-18 06:59:45 | INFO | epoch=028 train_batch=392/392 running_loss=-0.007531
2026-08-18 06:59:46 | INFO | epoch=028 train_loss=-0.007531 validation_loss=0.004728
2026-08-18 06:59:47 | INFO | epoch=029 train_batch=10/392 running_loss=-0.007706
2026-08-18 06:59:47 | INFO | epoch=029 train_batch=20/392 running_loss=-0.007765
2026-08-18 06:59:47 | INFO | epoch=029 train_batch=30/392 running_loss=-0.007700
2026-08-18 06:59:47 | INFO | epoch=029 train_batch=40/392 running_loss=-0.007679
2026-08-18 06:59:48 | INFO | epoch=029 train_batch=50/392 running_loss=-0.007690
2026-08-18 06:59:48 | INFO | epoch=029 train_batch=60/392 running_loss=-0.007653
2026-08-18 06:59:48 | INFO | epoch=029 train_batch=70/392 running_loss=-0.007650
2026-08-18 06:59:49 | INFO | epoch=029 train_batch=80/392 running_loss=-0.007644
2026-08-18 06:59:49 | INFO | epoch=029 train_batch=90/392 running_loss=-0.007624
2026-08-18 06:59:49 | INFO | epoch=029 train_batch=100/392 running_loss=-0.007641
2026-08-18 06:59:50 | INFO | epoch=029 train_batch=110/392 running_loss=-0.007664
2026-08-18 06:59:50 | INFO | epoch=029 train_batch=120/392 running_loss=-0.007673
2026-08-18 06:59:50 | INFO | epoch=029 train_batch=130/392 running_loss=-0.007658
2026-08-18 06:59:51 | INFO | epoch=029 train_batch=140/392 running_loss=-0.007627
2026-08-18 06:59:51 | INFO | epoch=029 train_batch=150/392 running_loss=-0.007618
2026-08-18 06:59:51 | INFO | epoch=029 train_batch=160/392 running_loss=-0.007605
2026-08-18 06:59:52 | INFO | epoch=029 train_batch=170/392 running_loss=-0.007627
2026-08-18 06:59:52 | INFO | epoch=029 train_batch=180/392 running_loss=-0.007628
2026-08-18 06:59:52 | INFO | epoch=029 train_batch=190/392 running_loss=-0.007632
2026-08-18 06:59:53 | INFO | epoch=029 train_batch=200/392 running_loss=-0.007627
2026-08-18 06:59:53 | INFO | epoch=029 train_batch=210/392 running_loss=-0.007614
2026-08-18 06:59:53 | INFO | epoch=029 train_batch=220/392 running_loss=-0.007613
2026-08-18 06:59:53 | INFO | epoch=029 train_batch=230/392 running_loss=-0.007606
2026-08-18 06:59:54 | INFO | epoch=029 train_batch=240/392 running_loss=-0.007600
2026-08-18 06:59:54 | INFO | epoch=029 train_batch=250/392 running_loss=-0.007577
2026-08-18 06:59:54 | INFO | epoch=029 train_batch=260/392 running_loss=-0.007574
2026-08-18 06:59:55 | INFO | epoch=029 train_batch=270/392 running_loss=-0.007580
2026-08-18 06:59:55 | INFO | epoch=029 train_batch=280/392 running_loss=-0.007582
2026-08-18 06:59:55 | INFO | epoch=029 train_batch=290/392 running_loss=-0.007586
2026-08-18 06:59:56 | INFO | epoch=029 train_batch=300/392 running_loss=-0.007585
2026-08-18 06:59:56 | INFO | epoch=029 train_batch=310/392 running_loss=-0.007585
2026-08-18 06:59:56 | INFO | epoch=029 train_batch=320/392 running_loss=-0.007589
2026-08-18 06:59:57 | INFO | epoch=029 train_batch=330/392 running_loss=-0.007590
2026-08-18 06:59:57 | INFO | epoch=029 train_batch=340/392 running_loss=-0.007604
2026-08-18 06:59:57 | INFO | epoch=029 train_batch=350/392 running_loss=-0.007599
2026-08-18 06:59:58 | INFO | epoch=029 train_batch=360/392 running_loss=-0.007586
2026-08-18 06:59:58 | INFO | epoch=029 train_batch=370/392 running_loss=-0.007571
2026-08-18 06:59:58 | INFO | epoch=029 train_batch=380/392 running_loss=-0.007577
2026-08-18 06:59:59 | INFO | epoch=029 train_batch=390/392 running_loss=-0.007570
2026-08-18 06:59:59 | INFO | epoch=029 train_batch=392/392 running_loss=-0.007570
2026-08-18 06:59:59 | INFO | epoch=029 train_loss=-0.007570 validation_loss=0.005199
2026-08-18 07:00:00 | INFO | epoch=030 train_batch=10/392 running_loss=-0.007714
2026-08-18 07:00:00 | INFO | epoch=030 train_batch=20/392 running_loss=-0.007676
2026-08-18 07:00:00 | INFO | epoch=030 train_batch=30/392 running_loss=-0.007584
2026-08-18 07:00:01 | INFO | epoch=030 train_batch=40/392 running_loss=-0.007630
2026-08-18 07:00:01 | INFO | epoch=030 train_batch=50/392 running_loss=-0.007621
2026-08-18 07:00:01 | INFO | epoch=030 train_batch=60/392 running_loss=-0.007707
2026-08-18 07:00:02 | INFO | epoch=030 train_batch=70/392 running_loss=-0.007721
2026-08-18 07:00:02 | INFO | epoch=030 train_batch=80/392 running_loss=-0.007703
2026-08-18 07:00:02 | INFO | epoch=030 train_batch=90/392 running_loss=-0.007662
2026-08-18 07:00:03 | INFO | epoch=030 train_batch=100/392 running_loss=-0.007687
2026-08-18 07:00:03 | INFO | epoch=030 train_batch=110/392 running_loss=-0.007690
2026-08-18 07:00:03 | INFO | epoch=030 train_batch=120/392 running_loss=-0.007704
2026-08-18 07:00:04 | INFO | epoch=030 train_batch=130/392 running_loss=-0.007675
2026-08-18 07:00:04 | INFO | epoch=030 train_batch=140/392 running_loss=-0.007668
2026-08-18 07:00:04 | INFO | epoch=030 train_batch=150/392 running_loss=-0.007659
2026-08-18 07:00:05 | INFO | epoch=030 train_batch=160/392 running_loss=-0.007662
2026-08-18 07:00:05 | INFO | epoch=030 train_batch=170/392 running_loss=-0.007660
2026-08-18 07:00:05 | INFO | epoch=030 train_batch=180/392 running_loss=-0.007660
2026-08-18 07:00:06 | INFO | epoch=030 train_batch=190/392 running_loss=-0.007657
2026-08-18 07:00:06 | INFO | epoch=030 train_batch=200/392 running_loss=-0.007636
2026-08-18 07:00:06 | INFO | epoch=030 train_batch=210/392 running_loss=-0.007634
2026-08-18 07:00:06 | INFO | epoch=030 train_batch=220/392 running_loss=-0.007633
2026-08-18 07:00:07 | INFO | epoch=030 train_batch=230/392 running_loss=-0.007627
2026-08-18 07:00:07 | INFO | epoch=030 train_batch=240/392 running_loss=-0.007622
2026-08-18 07:00:07 | INFO | epoch=030 train_batch=250/392 running_loss=-0.007608
2026-08-18 07:00:08 | INFO | epoch=030 train_batch=260/392 running_loss=-0.007607
2026-08-18 07:00:08 | INFO | epoch=030 train_batch=270/392 running_loss=-0.007616
2026-08-18 07:00:08 | INFO | epoch=030 train_batch=280/392 running_loss=-0.007618
2026-08-18 07:00:09 | INFO | epoch=030 train_batch=290/392 running_loss=-0.007623
2026-08-18 07:00:09 | INFO | epoch=030 train_batch=300/392 running_loss=-0.007620
2026-08-18 07:00:09 | INFO | epoch=030 train_batch=310/392 running_loss=-0.007630
2026-08-18 07:00:10 | INFO | epoch=030 train_batch=320/392 running_loss=-0.007622
2026-08-18 07:00:10 | INFO | epoch=030 train_batch=330/392 running_loss=-0.007615
2026-08-18 07:00:10 | INFO | epoch=030 train_batch=340/392 running_loss=-0.007611
2026-08-18 07:00:11 | INFO | epoch=030 train_batch=350/392 running_loss=-0.007616
2026-08-18 07:00:11 | INFO | epoch=030 train_batch=360/392 running_loss=-0.007611
2026-08-18 07:00:11 | INFO | epoch=030 train_batch=370/392 running_loss=-0.007607
2026-08-18 07:00:12 | INFO | epoch=030 train_batch=380/392 running_loss=-0.007600
2026-08-18 07:00:12 | INFO | epoch=030 train_batch=390/392 running_loss=-0.007604
2026-08-18 07:00:12 | INFO | epoch=030 train_batch=392/392 running_loss=-0.007604
2026-08-18 07:00:13 | INFO | epoch=030 train_loss=-0.007604 validation_loss=0.005325
2026-08-18 07:00:13 | INFO | epoch=031 train_batch=10/392 running_loss=-0.008042
2026-08-18 07:00:13 | INFO | epoch=031 train_batch=20/392 running_loss=-0.007874
2026-08-18 07:00:14 | INFO | epoch=031 train_batch=30/392 running_loss=-0.007758
2026-08-18 07:00:14 | INFO | epoch=031 train_batch=40/392 running_loss=-0.007726
2026-08-18 07:00:14 | INFO | epoch=031 train_batch=50/392 running_loss=-0.007759
2026-08-18 07:00:15 | INFO | epoch=031 train_batch=60/392 running_loss=-0.007747
2026-08-18 07:00:15 | INFO | epoch=031 train_batch=70/392 running_loss=-0.007690
2026-08-18 07:00:15 | INFO | epoch=031 train_batch=80/392 running_loss=-0.007698
2026-08-18 07:00:15 | INFO | epoch=031 train_batch=90/392 running_loss=-0.007671
2026-08-18 07:00:16 | INFO | epoch=031 train_batch=100/392 running_loss=-0.007719
2026-08-18 07:00:16 | INFO | epoch=031 train_batch=110/392 running_loss=-0.007672
2026-08-18 07:00:16 | INFO | epoch=031 train_batch=120/392 running_loss=-0.007661
2026-08-18 07:00:17 | INFO | epoch=031 train_batch=130/392 running_loss=-0.007652
2026-08-18 07:00:17 | INFO | epoch=031 train_batch=140/392 running_loss=-0.007636
2026-08-18 07:00:17 | INFO | epoch=031 train_batch=150/392 running_loss=-0.007604
2026-08-18 07:00:18 | INFO | epoch=031 train_batch=160/392 running_loss=-0.007600
2026-08-18 07:00:18 | INFO | epoch=031 train_batch=170/392 running_loss=-0.007590
2026-08-18 07:00:18 | INFO | epoch=031 train_batch=180/392 running_loss=-0.007600
2026-08-18 07:00:18 | INFO | epoch=031 train_batch=190/392 running_loss=-0.007602
2026-08-18 07:00:19 | INFO | epoch=031 train_batch=200/392 running_loss=-0.007600
2026-08-18 07:00:19 | INFO | epoch=031 train_batch=210/392 running_loss=-0.007614
2026-08-18 07:00:19 | INFO | epoch=031 train_batch=220/392 running_loss=-0.007606
2026-08-18 07:00:20 | INFO | epoch=031 train_batch=230/392 running_loss=-0.007602
2026-08-18 07:00:20 | INFO | epoch=031 train_batch=240/392 running_loss=-0.007595
2026-08-18 07:00:20 | INFO | epoch=031 train_batch=250/392 running_loss=-0.007599
2026-08-18 07:00:21 | INFO | epoch=031 train_batch=260/392 running_loss=-0.007603
2026-08-18 07:00:21 | INFO | epoch=031 train_batch=270/392 running_loss=-0.007616
2026-08-18 07:00:21 | INFO | epoch=031 train_batch=280/392 running_loss=-0.007619
2026-08-18 07:00:21 | INFO | epoch=031 train_batch=290/392 running_loss=-0.007626
2026-08-18 07:00:22 | INFO | epoch=031 train_batch=300/392 running_loss=-0.007609
2026-08-18 07:00:22 | INFO | epoch=031 train_batch=310/392 running_loss=-0.007616
2026-08-18 07:00:22 | INFO | epoch=031 train_batch=320/392 running_loss=-0.007614
2026-08-18 07:00:23 | INFO | epoch=031 train_batch=330/392 running_loss=-0.007617
2026-08-18 07:00:23 | INFO | epoch=031 train_batch=340/392 running_loss=-0.007616
2026-08-18 07:00:23 | INFO | epoch=031 train_batch=350/392 running_loss=-0.007617
2026-08-18 07:00:24 | INFO | epoch=031 train_batch=360/392 running_loss=-0.007612
2026-08-18 07:00:24 | INFO | epoch=031 train_batch=370/392 running_loss=-0.007612
2026-08-18 07:00:24 | INFO | epoch=031 train_batch=380/392 running_loss=-0.007618
2026-08-18 07:00:24 | INFO | epoch=031 train_batch=390/392 running_loss=-0.007626
2026-08-18 07:00:25 | INFO | epoch=031 train_batch=392/392 running_loss=-0.007622
2026-08-18 07:00:25 | INFO | epoch=031 train_loss=-0.007622 validation_loss=0.005589
2026-08-18 07:00:26 | INFO | epoch=032 train_batch=10/392 running_loss=-0.007813
2026-08-18 07:00:26 | INFO | epoch=032 train_batch=20/392 running_loss=-0.007841
2026-08-18 07:00:26 | INFO | epoch=032 train_batch=30/392 running_loss=-0.007881
2026-08-18 07:00:27 | INFO | epoch=032 train_batch=40/392 running_loss=-0.007839
2026-08-18 07:00:27 | INFO | epoch=032 train_batch=50/392 running_loss=-0.007854
2026-08-18 07:00:27 | INFO | epoch=032 train_batch=60/392 running_loss=-0.007807
2026-08-18 07:00:27 | INFO | epoch=032 train_batch=70/392 running_loss=-0.007798
2026-08-18 07:00:28 | INFO | epoch=032 train_batch=80/392 running_loss=-0.007787
2026-08-18 07:00:28 | INFO | epoch=032 train_batch=90/392 running_loss=-0.007769
2026-08-18 07:00:28 | INFO | epoch=032 train_batch=100/392 running_loss=-0.007802
2026-08-18 07:00:29 | INFO | epoch=032 train_batch=110/392 running_loss=-0.007824
2026-08-18 07:00:29 | INFO | epoch=032 train_batch=120/392 running_loss=-0.007829
2026-08-18 07:00:29 | INFO | epoch=032 train_batch=130/392 running_loss=-0.007820
2026-08-18 07:00:30 | INFO | epoch=032 train_batch=140/392 running_loss=-0.007794
2026-08-18 07:00:30 | INFO | epoch=032 train_batch=150/392 running_loss=-0.007772
2026-08-18 07:00:30 | INFO | epoch=032 train_batch=160/392 running_loss=-0.007781
2026-08-18 07:00:30 | INFO | epoch=032 train_batch=170/392 running_loss=-0.007779
2026-08-18 07:00:31 | INFO | epoch=032 train_batch=180/392 running_loss=-0.007774
2026-08-18 07:00:31 | INFO | epoch=032 train_batch=190/392 running_loss=-0.007758
2026-08-18 07:00:31 | INFO | epoch=032 train_batch=200/392 running_loss=-0.007735
2026-08-18 07:00:32 | INFO | epoch=032 train_batch=210/392 running_loss=-0.007736
2026-08-18 07:00:32 | INFO | epoch=032 train_batch=220/392 running_loss=-0.007733
2026-08-18 07:00:32 | INFO | epoch=032 train_batch=230/392 running_loss=-0.007716
2026-08-18 07:00:33 | INFO | epoch=032 train_batch=240/392 running_loss=-0.007710
2026-08-18 07:00:33 | INFO | epoch=032 train_batch=250/392 running_loss=-0.007709
2026-08-18 07:00:33 | INFO | epoch=032 train_batch=260/392 running_loss=-0.007701
2026-08-18 07:00:33 | INFO | epoch=032 train_batch=270/392 running_loss=-0.007691
2026-08-18 07:00:34 | INFO | epoch=032 train_batch=280/392 running_loss=-0.007682
2026-08-18 07:00:34 | INFO | epoch=032 train_batch=290/392 running_loss=-0.007678
2026-08-18 07:00:34 | INFO | epoch=032 train_batch=300/392 running_loss=-0.007680
2026-08-18 07:00:35 | INFO | epoch=032 train_batch=310/392 running_loss=-0.007674
2026-08-18 07:00:35 | INFO | epoch=032 train_batch=320/392 running_loss=-0.007663
2026-08-18 07:00:35 | INFO | epoch=032 train_batch=330/392 running_loss=-0.007646
2026-08-18 07:00:36 | INFO | epoch=032 train_batch=340/392 running_loss=-0.007649
2026-08-18 07:00:36 | INFO | epoch=032 train_batch=350/392 running_loss=-0.007653
2026-08-18 07:00:36 | INFO | epoch=032 train_batch=360/392 running_loss=-0.007655
2026-08-18 07:00:36 | INFO | epoch=032 train_batch=370/392 running_loss=-0.007652
2026-08-18 07:00:37 | INFO | epoch=032 train_batch=380/392 running_loss=-0.007659
2026-08-18 07:00:37 | INFO | epoch=032 train_batch=390/392 running_loss=-0.007660
2026-08-18 07:00:37 | INFO | epoch=032 train_batch=392/392 running_loss=-0.007660
2026-08-18 07:00:38 | INFO | epoch=032 train_loss=-0.007660 validation_loss=0.005409
2026-08-18 07:00:38 | INFO | epoch=033 train_batch=10/392 running_loss=-0.007832
2026-08-18 07:00:39 | INFO | epoch=033 train_batch=20/392 running_loss=-0.007683
2026-08-18 07:00:39 | INFO | epoch=033 train_batch=30/392 running_loss=-0.007677
2026-08-18 07:00:39 | INFO | epoch=033 train_batch=40/392 running_loss=-0.007802
2026-08-18 07:00:39 | INFO | epoch=033 train_batch=50/392 running_loss=-0.007837
2026-08-18 07:00:40 | INFO | epoch=033 train_batch=60/392 running_loss=-0.007827
2026-08-18 07:00:40 | INFO | epoch=033 train_batch=70/392 running_loss=-0.007814
2026-08-18 07:00:40 | INFO | epoch=033 train_batch=80/392 running_loss=-0.007859
2026-08-18 07:00:41 | INFO | epoch=033 train_batch=90/392 running_loss=-0.007847
2026-08-18 07:00:41 | INFO | epoch=033 train_batch=100/392 running_loss=-0.007794
2026-08-18 07:00:41 | INFO | epoch=033 train_batch=110/392 running_loss=-0.007795
2026-08-18 07:00:42 | INFO | epoch=033 train_batch=120/392 running_loss=-0.007792
2026-08-18 07:00:42 | INFO | epoch=033 train_batch=130/392 running_loss=-0.007780
2026-08-18 07:00:42 | INFO | epoch=033 train_batch=140/392 running_loss=-0.007765
2026-08-18 07:00:42 | INFO | epoch=033 train_batch=150/392 running_loss=-0.007770
2026-08-18 07:00:43 | INFO | epoch=033 train_batch=160/392 running_loss=-0.007762
2026-08-18 07:00:43 | INFO | epoch=033 train_batch=170/392 running_loss=-0.007761
2026-08-18 07:00:43 | INFO | epoch=033 train_batch=180/392 running_loss=-0.007780
2026-08-18 07:00:44 | INFO | epoch=033 train_batch=190/392 running_loss=-0.007790
2026-08-18 07:00:44 | INFO | epoch=033 train_batch=200/392 running_loss=-0.007811
2026-08-18 07:00:44 | INFO | epoch=033 train_batch=210/392 running_loss=-0.007823
2026-08-18 07:00:45 | INFO | epoch=033 train_batch=220/392 running_loss=-0.007792
2026-08-18 07:00:45 | INFO | epoch=033 train_batch=230/392 running_loss=-0.007789
2026-08-18 07:00:45 | INFO | epoch=033 train_batch=240/392 running_loss=-0.007783
2026-08-18 07:00:45 | INFO | epoch=033 train_batch=250/392 running_loss=-0.007767
2026-08-18 07:00:46 | INFO | epoch=033 train_batch=260/392 running_loss=-0.007774
2026-08-18 07:00:46 | INFO | epoch=033 train_batch=270/392 running_loss=-0.007766
2026-08-18 07:00:46 | INFO | epoch=033 train_batch=280/392 running_loss=-0.007756
2026-08-18 07:00:47 | INFO | epoch=033 train_batch=290/392 running_loss=-0.007744
2026-08-18 07:00:47 | INFO | epoch=033 train_batch=300/392 running_loss=-0.007744
2026-08-18 07:00:47 | INFO | epoch=033 train_batch=310/392 running_loss=-0.007740
2026-08-18 07:00:48 | INFO | epoch=033 train_batch=320/392 running_loss=-0.007738
2026-08-18 07:00:48 | INFO | epoch=033 train_batch=330/392 running_loss=-0.007736
2026-08-18 07:00:48 | INFO | epoch=033 train_batch=340/392 running_loss=-0.007743
2026-08-18 07:00:48 | INFO | epoch=033 train_batch=350/392 running_loss=-0.007738
2026-08-18 07:00:49 | INFO | epoch=033 train_batch=360/392 running_loss=-0.007731
2026-08-18 07:00:49 | INFO | epoch=033 train_batch=370/392 running_loss=-0.007722
2026-08-18 07:00:49 | INFO | epoch=033 train_batch=380/392 running_loss=-0.007712
2026-08-18 07:00:50 | INFO | epoch=033 train_batch=390/392 running_loss=-0.007705
2026-08-18 07:00:50 | INFO | epoch=033 train_batch=392/392 running_loss=-0.007701
2026-08-18 07:00:51 | INFO | epoch=033 train_loss=-0.007701 validation_loss=0.005753
2026-08-18 07:00:51 | INFO | epoch=034 train_batch=10/392 running_loss=-0.007664
2026-08-18 07:00:51 | INFO | epoch=034 train_batch=20/392 running_loss=-0.007649
2026-08-18 07:00:51 | INFO | epoch=034 train_batch=30/392 running_loss=-0.007596
2026-08-18 07:00:52 | INFO | epoch=034 train_batch=40/392 running_loss=-0.007695
2026-08-18 07:00:52 | INFO | epoch=034 train_batch=50/392 running_loss=-0.007713
2026-08-18 07:00:52 | INFO | epoch=034 train_batch=60/392 running_loss=-0.007686
2026-08-18 07:00:53 | INFO | epoch=034 train_batch=70/392 running_loss=-0.007696
2026-08-18 07:00:53 | INFO | epoch=034 train_batch=80/392 running_loss=-0.007693
2026-08-18 07:00:53 | INFO | epoch=034 train_batch=90/392 running_loss=-0.007685
2026-08-18 07:00:54 | INFO | epoch=034 train_batch=100/392 running_loss=-0.007672
2026-08-18 07:00:54 | INFO | epoch=034 train_batch=110/392 running_loss=-0.007688
2026-08-18 07:00:54 | INFO | epoch=034 train_batch=120/392 running_loss=-0.007690
2026-08-18 07:00:54 | INFO | epoch=034 train_batch=130/392 running_loss=-0.007688
2026-08-18 07:00:55 | INFO | epoch=034 train_batch=140/392 running_loss=-0.007697
2026-08-18 07:00:55 | INFO | epoch=034 train_batch=150/392 running_loss=-0.007693
2026-08-18 07:00:55 | INFO | epoch=034 train_batch=160/392 running_loss=-0.007700
2026-08-18 07:00:56 | INFO | epoch=034 train_batch=170/392 running_loss=-0.007692
2026-08-18 07:00:56 | INFO | epoch=034 train_batch=180/392 running_loss=-0.007684
2026-08-18 07:00:56 | INFO | epoch=034 train_batch=190/392 running_loss=-0.007673
2026-08-18 07:00:57 | INFO | epoch=034 train_batch=200/392 running_loss=-0.007682
2026-08-18 07:00:57 | INFO | epoch=034 train_batch=210/392 running_loss=-0.007693
2026-08-18 07:00:57 | INFO | epoch=034 train_batch=220/392 running_loss=-0.007709
2026-08-18 07:00:57 | INFO | epoch=034 train_batch=230/392 running_loss=-0.007720
2026-08-18 07:00:58 | INFO | epoch=034 train_batch=240/392 running_loss=-0.007733
2026-08-18 07:00:58 | INFO | epoch=034 train_batch=250/392 running_loss=-0.007734
2026-08-18 07:00:58 | INFO | epoch=034 train_batch=260/392 running_loss=-0.007733
2026-08-18 07:00:59 | INFO | epoch=034 train_batch=270/392 running_loss=-0.007748
2026-08-18 07:00:59 | INFO | epoch=034 train_batch=280/392 running_loss=-0.007748
2026-08-18 07:00:59 | INFO | epoch=034 train_batch=290/392 running_loss=-0.007742
2026-08-18 07:01:00 | INFO | epoch=034 train_batch=300/392 running_loss=-0.007745
2026-08-18 07:01:00 | INFO | epoch=034 train_batch=310/392 running_loss=-0.007742
2026-08-18 07:01:00 | INFO | epoch=034 train_batch=320/392 running_loss=-0.007751
2026-08-18 07:01:00 | INFO | epoch=034 train_batch=330/392 running_loss=-0.007750
2026-08-18 07:01:01 | INFO | epoch=034 train_batch=340/392 running_loss=-0.007757
2026-08-18 07:01:01 | INFO | epoch=034 train_batch=350/392 running_loss=-0.007750
2026-08-18 07:01:01 | INFO | epoch=034 train_batch=360/392 running_loss=-0.007754
2026-08-18 07:01:02 | INFO | epoch=034 train_batch=370/392 running_loss=-0.007747
2026-08-18 07:01:02 | INFO | epoch=034 train_batch=380/392 running_loss=-0.007744
2026-08-18 07:01:02 | INFO | epoch=034 train_batch=390/392 running_loss=-0.007737
2026-08-18 07:01:02 | INFO | epoch=034 train_batch=392/392 running_loss=-0.007738
2026-08-18 07:01:03 | INFO | epoch=034 train_loss=-0.007738 validation_loss=0.005639
2026-08-18 07:01:04 | INFO | epoch=035 train_batch=10/392 running_loss=-0.007975
2026-08-18 07:01:04 | INFO | epoch=035 train_batch=20/392 running_loss=-0.007928
2026-08-18 07:01:04 | INFO | epoch=035 train_batch=30/392 running_loss=-0.007786
2026-08-18 07:01:05 | INFO | epoch=035 train_batch=40/392 running_loss=-0.007852
2026-08-18 07:01:05 | INFO | epoch=035 train_batch=50/392 running_loss=-0.007906
2026-08-18 07:01:05 | INFO | epoch=035 train_batch=60/392 running_loss=-0.007885
2026-08-18 07:01:06 | INFO | epoch=035 train_batch=70/392 running_loss=-0.007905
2026-08-18 07:01:06 | INFO | epoch=035 train_batch=80/392 running_loss=-0.007872
2026-08-18 07:01:06 | INFO | epoch=035 train_batch=90/392 running_loss=-0.007873
2026-08-18 07:01:06 | INFO | epoch=035 train_batch=100/392 running_loss=-0.007849
2026-08-18 07:01:07 | INFO | epoch=035 train_batch=110/392 running_loss=-0.007840
2026-08-18 07:01:07 | INFO | epoch=035 train_batch=120/392 running_loss=-0.007813
2026-08-18 07:01:07 | INFO | epoch=035 train_batch=130/392 running_loss=-0.007824
2026-08-18 07:01:08 | INFO | epoch=035 train_batch=140/392 running_loss=-0.007832
2026-08-18 07:01:08 | INFO | epoch=035 train_batch=150/392 running_loss=-0.007827
2026-08-18 07:01:08 | INFO | epoch=035 train_batch=160/392 running_loss=-0.007826
2026-08-18 07:01:09 | INFO | epoch=035 train_batch=170/392 running_loss=-0.007829
2026-08-18 07:01:09 | INFO | epoch=035 train_batch=180/392 running_loss=-0.007808
2026-08-18 07:01:09 | INFO | epoch=035 train_batch=190/392 running_loss=-0.007820
2026-08-18 07:01:10 | INFO | epoch=035 train_batch=200/392 running_loss=-0.007813
2026-08-18 07:01:10 | INFO | epoch=035 train_batch=210/392 running_loss=-0.007816
2026-08-18 07:01:10 | INFO | epoch=035 train_batch=220/392 running_loss=-0.007824
2026-08-18 07:01:11 | INFO | epoch=035 train_batch=230/392 running_loss=-0.007815
2026-08-18 07:01:11 | INFO | epoch=035 train_batch=240/392 running_loss=-0.007811
2026-08-18 07:01:11 | INFO | epoch=035 train_batch=250/392 running_loss=-0.007809
2026-08-18 07:01:11 | INFO | epoch=035 train_batch=260/392 running_loss=-0.007803
2026-08-18 07:01:12 | INFO | epoch=035 train_batch=270/392 running_loss=-0.007775
2026-08-18 07:01:12 | INFO | epoch=035 train_batch=280/392 running_loss=-0.007774
2026-08-18 07:01:12 | INFO | epoch=035 train_batch=290/392 running_loss=-0.007781
2026-08-18 07:01:13 | INFO | epoch=035 train_batch=300/392 running_loss=-0.007787
2026-08-18 07:01:13 | INFO | epoch=035 train_batch=310/392 running_loss=-0.007782
2026-08-18 07:01:13 | INFO | epoch=035 train_batch=320/392 running_loss=-0.007787
2026-08-18 07:01:14 | INFO | epoch=035 train_batch=330/392 running_loss=-0.007786
2026-08-18 07:01:14 | INFO | epoch=035 train_batch=340/392 running_loss=-0.007791
2026-08-18 07:01:14 | INFO | epoch=035 train_batch=350/392 running_loss=-0.007794
2026-08-18 07:01:15 | INFO | epoch=035 train_batch=360/392 running_loss=-0.007788
2026-08-18 07:01:15 | INFO | epoch=035 train_batch=370/392 running_loss=-0.007788
2026-08-18 07:01:15 | INFO | epoch=035 train_batch=380/392 running_loss=-0.007787
2026-08-18 07:01:16 | INFO | epoch=035 train_batch=390/392 running_loss=-0.007791
2026-08-18 07:01:16 | INFO | epoch=035 train_batch=392/392 running_loss=-0.007792
2026-08-18 07:01:16 | INFO | epoch=035 train_loss=-0.007792 validation_loss=0.005755
2026-08-18 07:01:17 | INFO | epoch=036 train_batch=10/392 running_loss=-0.007704
2026-08-18 07:01:17 | INFO | epoch=036 train_batch=20/392 running_loss=-0.007856
2026-08-18 07:01:18 | INFO | epoch=036 train_batch=30/392 running_loss=-0.007810
2026-08-18 07:01:18 | INFO | epoch=036 train_batch=40/392 running_loss=-0.007865
2026-08-18 07:01:18 | INFO | epoch=036 train_batch=50/392 running_loss=-0.007928
2026-08-18 07:01:18 | INFO | epoch=036 train_batch=60/392 running_loss=-0.007920
2026-08-18 07:01:19 | INFO | epoch=036 train_batch=70/392 running_loss=-0.007900
2026-08-18 07:01:19 | INFO | epoch=036 train_batch=80/392 running_loss=-0.007858
2026-08-18 07:01:19 | INFO | epoch=036 train_batch=90/392 running_loss=-0.007836
2026-08-18 07:01:20 | INFO | epoch=036 train_batch=100/392 running_loss=-0.007814
2026-08-18 07:01:20 | INFO | epoch=036 train_batch=110/392 running_loss=-0.007816
2026-08-18 07:01:20 | INFO | epoch=036 train_batch=120/392 running_loss=-0.007813
2026-08-18 07:01:21 | INFO | epoch=036 train_batch=130/392 running_loss=-0.007842
2026-08-18 07:01:21 | INFO | epoch=036 train_batch=140/392 running_loss=-0.007854
2026-08-18 07:01:21 | INFO | epoch=036 train_batch=150/392 running_loss=-0.007862
2026-08-18 07:01:22 | INFO | epoch=036 train_batch=160/392 running_loss=-0.007871
2026-08-18 07:01:22 | INFO | epoch=036 train_batch=170/392 running_loss=-0.007856
2026-08-18 07:01:22 | INFO | epoch=036 train_batch=180/392 running_loss=-0.007859
2026-08-18 07:01:23 | INFO | epoch=036 train_batch=190/392 running_loss=-0.007860
2026-08-18 07:01:23 | INFO | epoch=036 train_batch=200/392 running_loss=-0.007840
2026-08-18 07:01:23 | INFO | epoch=036 train_batch=210/392 running_loss=-0.007852
2026-08-18 07:01:24 | INFO | epoch=036 train_batch=220/392 running_loss=-0.007861
2026-08-18 07:01:24 | INFO | epoch=036 train_batch=230/392 running_loss=-0.007860
2026-08-18 07:01:24 | INFO | epoch=036 train_batch=240/392 running_loss=-0.007857
2026-08-18 07:01:24 | INFO | epoch=036 train_batch=250/392 running_loss=-0.007861
2026-08-18 07:01:25 | INFO | epoch=036 train_batch=260/392 running_loss=-0.007861
2026-08-18 07:01:25 | INFO | epoch=036 train_batch=270/392 running_loss=-0.007863
2026-08-18 07:01:25 | INFO | epoch=036 train_batch=280/392 running_loss=-0.007861
2026-08-18 07:01:26 | INFO | epoch=036 train_batch=290/392 running_loss=-0.007862
2026-08-18 07:01:26 | INFO | epoch=036 train_batch=300/392 running_loss=-0.007859
2026-08-18 07:01:26 | INFO | epoch=036 train_batch=310/392 running_loss=-0.007861
2026-08-18 07:01:27 | INFO | epoch=036 train_batch=320/392 running_loss=-0.007852
2026-08-18 07:01:27 | INFO | epoch=036 train_batch=330/392 running_loss=-0.007846
2026-08-18 07:01:27 | INFO | epoch=036 train_batch=340/392 running_loss=-0.007846
2026-08-18 07:01:28 | INFO | epoch=036 train_batch=350/392 running_loss=-0.007840
2026-08-18 07:01:28 | INFO | epoch=036 train_batch=360/392 running_loss=-0.007844
2026-08-18 07:01:28 | INFO | epoch=036 train_batch=370/392 running_loss=-0.007843
2026-08-18 07:01:29 | INFO | epoch=036 train_batch=380/392 running_loss=-0.007834
2026-08-18 07:01:29 | INFO | epoch=036 train_batch=390/392 running_loss=-0.007825
2026-08-18 07:01:29 | INFO | epoch=036 train_batch=392/392 running_loss=-0.007824
2026-08-18 07:01:30 | INFO | epoch=036 train_loss=-0.007824 validation_loss=0.006022
2026-08-18 07:01:30 | INFO | epoch=037 train_batch=10/392 running_loss=-0.007975
2026-08-18 07:01:30 | INFO | epoch=037 train_batch=20/392 running_loss=-0.007884
2026-08-18 07:01:31 | INFO | epoch=037 train_batch=30/392 running_loss=-0.007870
2026-08-18 07:01:31 | INFO | epoch=037 train_batch=40/392 running_loss=-0.007854
2026-08-18 07:01:31 | INFO | epoch=037 train_batch=50/392 running_loss=-0.007859
2026-08-18 07:01:32 | INFO | epoch=037 train_batch=60/392 running_loss=-0.007876
2026-08-18 07:01:32 | INFO | epoch=037 train_batch=70/392 running_loss=-0.007878
2026-08-18 07:01:32 | INFO | epoch=037 train_batch=80/392 running_loss=-0.007902
2026-08-18 07:01:33 | INFO | epoch=037 train_batch=90/392 running_loss=-0.007875
2026-08-18 07:01:33 | INFO | epoch=037 train_batch=100/392 running_loss=-0.007900
2026-08-18 07:01:33 | INFO | epoch=037 train_batch=110/392 running_loss=-0.007894
2026-08-18 07:01:34 | INFO | epoch=037 train_batch=120/392 running_loss=-0.007899
2026-08-18 07:01:34 | INFO | epoch=037 train_batch=130/392 running_loss=-0.007912
2026-08-18 07:01:34 | INFO | epoch=037 train_batch=140/392 running_loss=-0.007931
2026-08-18 07:01:34 | INFO | epoch=037 train_batch=150/392 running_loss=-0.007914
2026-08-18 07:01:35 | INFO | epoch=037 train_batch=160/392 running_loss=-0.007891
2026-08-18 07:01:35 | INFO | epoch=037 train_batch=170/392 running_loss=-0.007879
2026-08-18 07:01:35 | INFO | epoch=037 train_batch=180/392 running_loss=-0.007874
2026-08-18 07:01:36 | INFO | epoch=037 train_batch=190/392 running_loss=-0.007860
2026-08-18 07:01:36 | INFO | epoch=037 train_batch=200/392 running_loss=-0.007858
2026-08-18 07:01:36 | INFO | epoch=037 train_batch=210/392 running_loss=-0.007850
2026-08-18 07:01:37 | INFO | epoch=037 train_batch=220/392 running_loss=-0.007842
2026-08-18 07:01:37 | INFO | epoch=037 train_batch=230/392 running_loss=-0.007843
2026-08-18 07:01:37 | INFO | epoch=037 train_batch=240/392 running_loss=-0.007842
2026-08-18 07:01:38 | INFO | epoch=037 train_batch=250/392 running_loss=-0.007844
2026-08-18 07:01:38 | INFO | epoch=037 train_batch=260/392 running_loss=-0.007845
2026-08-18 07:01:38 | INFO | epoch=037 train_batch=270/392 running_loss=-0.007843
2026-08-18 07:01:39 | INFO | epoch=037 train_batch=280/392 running_loss=-0.007843
2026-08-18 07:01:39 | INFO | epoch=037 train_batch=290/392 running_loss=-0.007838
2026-08-18 07:01:39 | INFO | epoch=037 train_batch=300/392 running_loss=-0.007837
2026-08-18 07:01:39 | INFO | epoch=037 train_batch=310/392 running_loss=-0.007839
2026-08-18 07:01:40 | INFO | epoch=037 train_batch=320/392 running_loss=-0.007842
2026-08-18 07:01:40 | INFO | epoch=037 train_batch=330/392 running_loss=-0.007841
2026-08-18 07:01:40 | INFO | epoch=037 train_batch=340/392 running_loss=-0.007836
2026-08-18 07:01:41 | INFO | epoch=037 train_batch=350/392 running_loss=-0.007823
2026-08-18 07:01:41 | INFO | epoch=037 train_batch=360/392 running_loss=-0.007824
2026-08-18 07:01:41 | INFO | epoch=037 train_batch=370/392 running_loss=-0.007820
2026-08-18 07:01:42 | INFO | epoch=037 train_batch=380/392 running_loss=-0.007816
2026-08-18 07:01:42 | INFO | epoch=037 train_batch=390/392 running_loss=-0.007817
2026-08-18 07:01:42 | INFO | epoch=037 train_batch=392/392 running_loss=-0.007812
2026-08-18 07:01:43 | INFO | epoch=037 train_loss=-0.007812 validation_loss=0.006137
2026-08-18 07:01:43 | INFO | epoch=038 train_batch=10/392 running_loss=-0.007745
2026-08-18 07:01:44 | INFO | epoch=038 train_batch=20/392 running_loss=-0.007913
2026-08-18 07:01:44 | INFO | epoch=038 train_batch=30/392 running_loss=-0.008080
2026-08-18 07:01:44 | INFO | epoch=038 train_batch=40/392 running_loss=-0.008035
2026-08-18 07:01:45 | INFO | epoch=038 train_batch=50/392 running_loss=-0.008005
2026-08-18 07:01:45 | INFO | epoch=038 train_batch=60/392 running_loss=-0.007996
2026-08-18 07:01:45 | INFO | epoch=038 train_batch=70/392 running_loss=-0.007995
2026-08-18 07:01:45 | INFO | epoch=038 train_batch=80/392 running_loss=-0.007982
2026-08-18 07:01:46 | INFO | epoch=038 train_batch=90/392 running_loss=-0.007952
2026-08-18 07:01:46 | INFO | epoch=038 train_batch=100/392 running_loss=-0.007957
2026-08-18 07:01:46 | INFO | epoch=038 train_batch=110/392 running_loss=-0.007952
2026-08-18 07:01:47 | INFO | epoch=038 train_batch=120/392 running_loss=-0.007956
2026-08-18 07:01:47 | INFO | epoch=038 train_batch=130/392 running_loss=-0.007957
2026-08-18 07:01:47 | INFO | epoch=038 train_batch=140/392 running_loss=-0.007948
2026-08-18 07:01:48 | INFO | epoch=038 train_batch=150/392 running_loss=-0.007936
2026-08-18 07:01:48 | INFO | epoch=038 train_batch=160/392 running_loss=-0.007933
2026-08-18 07:01:48 | INFO | epoch=038 train_batch=170/392 running_loss=-0.007930
2026-08-18 07:01:49 | INFO | epoch=038 train_batch=180/392 running_loss=-0.007936
2026-08-18 07:01:49 | INFO | epoch=038 train_batch=190/392 running_loss=-0.007924
2026-08-18 07:01:49 | INFO | epoch=038 train_batch=200/392 running_loss=-0.007914
2026-08-18 07:01:50 | INFO | epoch=038 train_batch=210/392 running_loss=-0.007904
2026-08-18 07:01:50 | INFO | epoch=038 train_batch=220/392 running_loss=-0.007899
2026-08-18 07:01:50 | INFO | epoch=038 train_batch=230/392 running_loss=-0.007893
2026-08-18 07:01:50 | INFO | epoch=038 train_batch=240/392 running_loss=-0.007892
2026-08-18 07:01:51 | INFO | epoch=038 train_batch=250/392 running_loss=-0.007874
2026-08-18 07:01:51 | INFO | epoch=038 train_batch=260/392 running_loss=-0.007870
2026-08-18 07:01:51 | INFO | epoch=038 train_batch=270/392 running_loss=-0.007877
2026-08-18 07:01:52 | INFO | epoch=038 train_batch=280/392 running_loss=-0.007885
2026-08-18 07:01:52 | INFO | epoch=038 train_batch=290/392 running_loss=-0.007886
2026-08-18 07:01:52 | INFO | epoch=038 train_batch=300/392 running_loss=-0.007892
2026-08-18 07:01:53 | INFO | epoch=038 train_batch=310/392 running_loss=-0.007885
2026-08-18 07:01:53 | INFO | epoch=038 train_batch=320/392 running_loss=-0.007886
2026-08-18 07:01:53 | INFO | epoch=038 train_batch=330/392 running_loss=-0.007898
2026-08-18 07:01:54 | INFO | epoch=038 train_batch=340/392 running_loss=-0.007896
2026-08-18 07:01:54 | INFO | epoch=038 train_batch=350/392 running_loss=-0.007890
2026-08-18 07:01:54 | INFO | epoch=038 train_batch=360/392 running_loss=-0.007890
2026-08-18 07:01:55 | INFO | epoch=038 train_batch=370/392 running_loss=-0.007885
2026-08-18 07:01:55 | INFO | epoch=038 train_batch=380/392 running_loss=-0.007881
2026-08-18 07:01:55 | INFO | epoch=038 train_batch=390/392 running_loss=-0.007876
2026-08-18 07:01:55 | INFO | epoch=038 train_batch=392/392 running_loss=-0.007875
2026-08-18 07:01:56 | INFO | epoch=038 train_loss=-0.007875 validation_loss=0.006683
2026-08-18 07:01:56 | INFO | epoch=039 train_batch=10/392 running_loss=-0.007768
2026-08-18 07:01:57 | INFO | epoch=039 train_batch=20/392 running_loss=-0.007874
2026-08-18 07:01:57 | INFO | epoch=039 train_batch=30/392 running_loss=-0.007848
2026-08-18 07:01:58 | INFO | epoch=039 train_batch=40/392 running_loss=-0.007869
2026-08-18 07:01:58 | INFO | epoch=039 train_batch=50/392 running_loss=-0.007879
2026-08-18 07:01:58 | INFO | epoch=039 train_batch=60/392 running_loss=-0.007915
2026-08-18 07:01:59 | INFO | epoch=039 train_batch=70/392 running_loss=-0.007884
2026-08-18 07:01:59 | INFO | epoch=039 train_batch=80/392 running_loss=-0.007892
2026-08-18 07:01:59 | INFO | epoch=039 train_batch=90/392 running_loss=-0.007890
2026-08-18 07:02:00 | INFO | epoch=039 train_batch=100/392 running_loss=-0.007907
2026-08-18 07:02:00 | INFO | epoch=039 train_batch=110/392 running_loss=-0.007913
2026-08-18 07:02:00 | INFO | epoch=039 train_batch=120/392 running_loss=-0.007910
2026-08-18 07:02:01 | INFO | epoch=039 train_batch=130/392 running_loss=-0.007896
2026-08-18 07:02:01 | INFO | epoch=039 train_batch=140/392 running_loss=-0.007870
2026-08-18 07:02:01 | INFO | epoch=039 train_batch=150/392 running_loss=-0.007882
2026-08-18 07:02:02 | INFO | epoch=039 train_batch=160/392 running_loss=-0.007888
2026-08-18 07:02:02 | INFO | epoch=039 train_batch=170/392 running_loss=-0.007868
2026-08-18 07:02:02 | INFO | epoch=039 train_batch=180/392 running_loss=-0.007875
2026-08-18 07:02:03 | INFO | epoch=039 train_batch=190/392 running_loss=-0.007871
2026-08-18 07:02:03 | INFO | epoch=039 train_batch=200/392 running_loss=-0.007877
2026-08-18 07:02:03 | INFO | epoch=039 train_batch=210/392 running_loss=-0.007877
2026-08-18 07:02:03 | INFO | epoch=039 train_batch=220/392 running_loss=-0.007877
2026-08-18 07:02:04 | INFO | epoch=039 train_batch=230/392 running_loss=-0.007873
2026-08-18 07:02:04 | INFO | epoch=039 train_batch=240/392 running_loss=-0.007877
2026-08-18 07:02:04 | INFO | epoch=039 train_batch=250/392 running_loss=-0.007871
2026-08-18 07:02:05 | INFO | epoch=039 train_batch=260/392 running_loss=-0.007863
2026-08-18 07:02:05 | INFO | epoch=039 train_batch=270/392 running_loss=-0.007860
2026-08-18 07:02:05 | INFO | epoch=039 train_batch=280/392 running_loss=-0.007855
2026-08-18 07:02:06 | INFO | epoch=039 train_batch=290/392 running_loss=-0.007857
2026-08-18 07:02:06 | INFO | epoch=039 train_batch=300/392 running_loss=-0.007861
2026-08-18 07:02:06 | INFO | epoch=039 train_batch=310/392 running_loss=-0.007859
2026-08-18 07:02:06 | INFO | epoch=039 train_batch=320/392 running_loss=-0.007859
2026-08-18 07:02:07 | INFO | epoch=039 train_batch=330/392 running_loss=-0.007861
2026-08-18 07:02:07 | INFO | epoch=039 train_batch=340/392 running_loss=-0.007863
2026-08-18 07:02:07 | INFO | epoch=039 train_batch=350/392 running_loss=-0.007875
2026-08-18 07:02:08 | INFO | epoch=039 train_batch=360/392 running_loss=-0.007876
2026-08-18 07:02:08 | INFO | epoch=039 train_batch=370/392 running_loss=-0.007872
2026-08-18 07:02:08 | INFO | epoch=039 train_batch=380/392 running_loss=-0.007875
2026-08-18 07:02:09 | INFO | epoch=039 train_batch=390/392 running_loss=-0.007867
2026-08-18 07:02:09 | INFO | epoch=039 train_batch=392/392 running_loss=-0.007869
2026-08-18 07:02:09 | INFO | epoch=039 train_loss=-0.007869 validation_loss=0.006680
2026-08-18 07:02:10 | INFO | epoch=040 train_batch=10/392 running_loss=-0.007902
2026-08-18 07:02:10 | INFO | epoch=040 train_batch=20/392 running_loss=-0.007822
2026-08-18 07:02:10 | INFO | epoch=040 train_batch=30/392 running_loss=-0.007886
2026-08-18 07:02:11 | INFO | epoch=040 train_batch=40/392 running_loss=-0.007901
2026-08-18 07:02:11 | INFO | epoch=040 train_batch=50/392 running_loss=-0.007875
2026-08-18 07:02:11 | INFO | epoch=040 train_batch=60/392 running_loss=-0.007867
2026-08-18 07:02:12 | INFO | epoch=040 train_batch=70/392 running_loss=-0.007881
2026-08-18 07:02:12 | INFO | epoch=040 train_batch=80/392 running_loss=-0.007940
2026-08-18 07:02:12 | INFO | epoch=040 train_batch=90/392 running_loss=-0.007994
2026-08-18 07:02:12 | INFO | epoch=040 train_batch=100/392 running_loss=-0.007978
2026-08-18 07:02:13 | INFO | epoch=040 train_batch=110/392 running_loss=-0.007949
2026-08-18 07:02:13 | INFO | epoch=040 train_batch=120/392 running_loss=-0.007940
2026-08-18 07:02:13 | INFO | epoch=040 train_batch=130/392 running_loss=-0.007952
2026-08-18 07:02:14 | INFO | epoch=040 train_batch=140/392 running_loss=-0.007937
2026-08-18 07:02:14 | INFO | epoch=040 train_batch=150/392 running_loss=-0.007949
2026-08-18 07:02:14 | INFO | epoch=040 train_batch=160/392 running_loss=-0.007948
2026-08-18 07:02:15 | INFO | epoch=040 train_batch=170/392 running_loss=-0.007967
2026-08-18 07:02:15 | INFO | epoch=040 train_batch=180/392 running_loss=-0.007966
2026-08-18 07:02:15 | INFO | epoch=040 train_batch=190/392 running_loss=-0.007950
2026-08-18 07:02:15 | INFO | epoch=040 train_batch=200/392 running_loss=-0.007951
2026-08-18 07:02:16 | INFO | epoch=040 train_batch=210/392 running_loss=-0.007942
2026-08-18 07:02:16 | INFO | epoch=040 train_batch=220/392 running_loss=-0.007940
2026-08-18 07:02:16 | INFO | epoch=040 train_batch=230/392 running_loss=-0.007948
2026-08-18 07:02:17 | INFO | epoch=040 train_batch=240/392 running_loss=-0.007956
2026-08-18 07:02:17 | INFO | epoch=040 train_batch=250/392 running_loss=-0.007947
2026-08-18 07:02:17 | INFO | epoch=040 train_batch=260/392 running_loss=-0.007932
2026-08-18 07:02:18 | INFO | epoch=040 train_batch=270/392 running_loss=-0.007923
2026-08-18 07:02:18 | INFO | epoch=040 train_batch=280/392 running_loss=-0.007917
2026-08-18 07:02:18 | INFO | epoch=040 train_batch=290/392 running_loss=-0.007911
2026-08-18 07:02:18 | INFO | epoch=040 train_batch=300/392 running_loss=-0.007904
2026-08-18 07:02:19 | INFO | epoch=040 train_batch=310/392 running_loss=-0.007899
2026-08-18 07:02:19 | INFO | epoch=040 train_batch=320/392 running_loss=-0.007894
2026-08-18 07:02:19 | INFO | epoch=040 train_batch=330/392 running_loss=-0.007886
2026-08-18 07:02:20 | INFO | epoch=040 train_batch=340/392 running_loss=-0.007885
2026-08-18 07:02:20 | INFO | epoch=040 train_batch=350/392 running_loss=-0.007889
2026-08-18 07:02:20 | INFO | epoch=040 train_batch=360/392 running_loss=-0.007883
2026-08-18 07:02:21 | INFO | epoch=040 train_batch=370/392 running_loss=-0.007885
2026-08-18 07:02:21 | INFO | epoch=040 train_batch=380/392 running_loss=-0.007884
2026-08-18 07:02:21 | INFO | epoch=040 train_batch=390/392 running_loss=-0.007883
2026-08-18 07:02:21 | INFO | epoch=040 train_batch=392/392 running_loss=-0.007889
2026-08-18 07:02:22 | INFO | epoch=040 train_loss=-0.007889 validation_loss=0.006907
2026-08-18 07:02:22 | INFO | epoch=041 train_batch=10/392 running_loss=-0.008121
2026-08-18 07:02:23 | INFO | epoch=041 train_batch=20/392 running_loss=-0.008088
2026-08-18 07:02:23 | INFO | epoch=041 train_batch=30/392 running_loss=-0.008159
2026-08-18 07:02:23 | INFO | epoch=041 train_batch=40/392 running_loss=-0.008006
2026-08-18 07:02:23 | INFO | epoch=041 train_batch=50/392 running_loss=-0.007896
2026-08-18 07:02:24 | INFO | epoch=041 train_batch=60/392 running_loss=-0.007939
2026-08-18 07:02:24 | INFO | epoch=041 train_batch=70/392 running_loss=-0.007919
2026-08-18 07:02:24 | INFO | epoch=041 train_batch=80/392 running_loss=-0.007926
2026-08-18 07:02:25 | INFO | epoch=041 train_batch=90/392 running_loss=-0.007904
2026-08-18 07:02:25 | INFO | epoch=041 train_batch=100/392 running_loss=-0.007927
2026-08-18 07:02:25 | INFO | epoch=041 train_batch=110/392 running_loss=-0.007931
2026-08-18 07:02:26 | INFO | epoch=041 train_batch=120/392 running_loss=-0.007945
2026-08-18 07:02:26 | INFO | epoch=041 train_batch=130/392 running_loss=-0.007949
2026-08-18 07:02:26 | INFO | epoch=041 train_batch=140/392 running_loss=-0.007925
2026-08-18 07:02:26 | INFO | epoch=041 train_batch=150/392 running_loss=-0.007914
2026-08-18 07:02:27 | INFO | epoch=041 train_batch=160/392 running_loss=-0.007936
2026-08-18 07:02:27 | INFO | epoch=041 train_batch=170/392 running_loss=-0.007921
2026-08-18 07:02:27 | INFO | epoch=041 train_batch=180/392 running_loss=-0.007925
2026-08-18 07:02:28 | INFO | epoch=041 train_batch=190/392 running_loss=-0.007908
2026-08-18 07:02:28 | INFO | epoch=041 train_batch=200/392 running_loss=-0.007904
2026-08-18 07:02:28 | INFO | epoch=041 train_batch=210/392 running_loss=-0.007891
2026-08-18 07:02:29 | INFO | epoch=041 train_batch=220/392 running_loss=-0.007898
2026-08-18 07:02:29 | INFO | epoch=041 train_batch=230/392 running_loss=-0.007893
2026-08-18 07:02:29 | INFO | epoch=041 train_batch=240/392 running_loss=-0.007902
2026-08-18 07:02:29 | INFO | epoch=041 train_batch=250/392 running_loss=-0.007902
2026-08-18 07:02:30 | INFO | epoch=041 train_batch=260/392 running_loss=-0.007908
2026-08-18 07:02:30 | INFO | epoch=041 train_batch=270/392 running_loss=-0.007906
2026-08-18 07:02:30 | INFO | epoch=041 train_batch=280/392 running_loss=-0.007909
2026-08-18 07:02:31 | INFO | epoch=041 train_batch=290/392 running_loss=-0.007911
2026-08-18 07:02:31 | INFO | epoch=041 train_batch=300/392 running_loss=-0.007908
2026-08-18 07:02:31 | INFO | epoch=041 train_batch=310/392 running_loss=-0.007903
2026-08-18 07:02:32 | INFO | epoch=041 train_batch=320/392 running_loss=-0.007906
2026-08-18 07:02:32 | INFO | epoch=041 train_batch=330/392 running_loss=-0.007906
2026-08-18 07:02:32 | INFO | epoch=041 train_batch=340/392 running_loss=-0.007905
2026-08-18 07:02:32 | INFO | epoch=041 train_batch=350/392 running_loss=-0.007900
2026-08-18 07:02:33 | INFO | epoch=041 train_batch=360/392 running_loss=-0.007909
2026-08-18 07:02:33 | INFO | epoch=041 train_batch=370/392 running_loss=-0.007909
2026-08-18 07:02:33 | INFO | epoch=041 train_batch=380/392 running_loss=-0.007912
2026-08-18 07:02:34 | INFO | epoch=041 train_batch=390/392 running_loss=-0.007914
2026-08-18 07:02:34 | INFO | epoch=041 train_batch=392/392 running_loss=-0.007915
2026-08-18 07:02:34 | INFO | epoch=041 train_loss=-0.007915 validation_loss=0.006410
2026-08-18 07:02:35 | INFO | epoch=042 train_batch=10/392 running_loss=-0.007880
2026-08-18 07:02:35 | INFO | epoch=042 train_batch=20/392 running_loss=-0.007914
2026-08-18 07:02:35 | INFO | epoch=042 train_batch=30/392 running_loss=-0.007990
2026-08-18 07:02:36 | INFO | epoch=042 train_batch=40/392 running_loss=-0.007992
2026-08-18 07:02:36 | INFO | epoch=042 train_batch=50/392 running_loss=-0.008006
2026-08-18 07:02:36 | INFO | epoch=042 train_batch=60/392 running_loss=-0.008025
2026-08-18 07:02:37 | INFO | epoch=042 train_batch=70/392 running_loss=-0.008023
2026-08-18 07:02:37 | INFO | epoch=042 train_batch=80/392 running_loss=-0.007991
2026-08-18 07:02:37 | INFO | epoch=042 train_batch=90/392 running_loss=-0.008009
2026-08-18 07:02:37 | INFO | epoch=042 train_batch=100/392 running_loss=-0.008016
2026-08-18 07:02:38 | INFO | epoch=042 train_batch=110/392 running_loss=-0.008022
2026-08-18 07:02:38 | INFO | epoch=042 train_batch=120/392 running_loss=-0.008012
2026-08-18 07:02:38 | INFO | epoch=042 train_batch=130/392 running_loss=-0.008016
2026-08-18 07:02:39 | INFO | epoch=042 train_batch=140/392 running_loss=-0.008012
2026-08-18 07:02:39 | INFO | epoch=042 train_batch=150/392 running_loss=-0.007989
2026-08-18 07:02:39 | INFO | epoch=042 train_batch=160/392 running_loss=-0.007950
2026-08-18 07:02:40 | INFO | epoch=042 train_batch=170/392 running_loss=-0.007925
2026-08-18 07:02:40 | INFO | epoch=042 train_batch=180/392 running_loss=-0.007925
2026-08-18 07:02:40 | INFO | epoch=042 train_batch=190/392 running_loss=-0.007922
2026-08-18 07:02:40 | INFO | epoch=042 train_batch=200/392 running_loss=-0.007933
2026-08-18 07:02:41 | INFO | epoch=042 train_batch=210/392 running_loss=-0.007920
2026-08-18 07:02:41 | INFO | epoch=042 train_batch=220/392 running_loss=-0.007925
2026-08-18 07:02:41 | INFO | epoch=042 train_batch=230/392 running_loss=-0.007909
2026-08-18 07:02:42 | INFO | epoch=042 train_batch=240/392 running_loss=-0.007922
2026-08-18 07:02:42 | INFO | epoch=042 train_batch=250/392 running_loss=-0.007935
2026-08-18 07:02:42 | INFO | epoch=042 train_batch=260/392 running_loss=-0.007918
2026-08-18 07:02:43 | INFO | epoch=042 train_batch=270/392 running_loss=-0.007923
2026-08-18 07:02:43 | INFO | epoch=042 train_batch=280/392 running_loss=-0.007923
2026-08-18 07:02:43 | INFO | epoch=042 train_batch=290/392 running_loss=-0.007931
2026-08-18 07:02:43 | INFO | epoch=042 train_batch=300/392 running_loss=-0.007936
2026-08-18 07:02:44 | INFO | epoch=042 train_batch=310/392 running_loss=-0.007941
2026-08-18 07:02:44 | INFO | epoch=042 train_batch=320/392 running_loss=-0.007936
2026-08-18 07:02:44 | INFO | epoch=042 train_batch=330/392 running_loss=-0.007935
2026-08-18 07:02:45 | INFO | epoch=042 train_batch=340/392 running_loss=-0.007933
2026-08-18 07:02:45 | INFO | epoch=042 train_batch=350/392 running_loss=-0.007943
2026-08-18 07:02:45 | INFO | epoch=042 train_batch=360/392 running_loss=-0.007945
2026-08-18 07:02:46 | INFO | epoch=042 train_batch=370/392 running_loss=-0.007945
2026-08-18 07:02:46 | INFO | epoch=042 train_batch=380/392 running_loss=-0.007941
2026-08-18 07:02:46 | INFO | epoch=042 train_batch=390/392 running_loss=-0.007941
2026-08-18 07:02:46 | INFO | epoch=042 train_batch=392/392 running_loss=-0.007935
2026-08-18 07:02:47 | INFO | epoch=042 train_loss=-0.007935 validation_loss=0.007251
2026-08-18 07:02:47 | INFO | epoch=043 train_batch=10/392 running_loss=-0.008195
2026-08-18 07:02:48 | INFO | epoch=043 train_batch=20/392 running_loss=-0.008210
2026-08-18 07:02:48 | INFO | epoch=043 train_batch=30/392 running_loss=-0.008236
2026-08-18 07:02:48 | INFO | epoch=043 train_batch=40/392 running_loss=-0.008146
2026-08-18 07:02:49 | INFO | epoch=043 train_batch=50/392 running_loss=-0.008098
2026-08-18 07:02:49 | INFO | epoch=043 train_batch=60/392 running_loss=-0.008044
2026-08-18 07:02:49 | INFO | epoch=043 train_batch=70/392 running_loss=-0.008019
2026-08-18 07:02:49 | INFO | epoch=043 train_batch=80/392 running_loss=-0.008042
2026-08-18 07:02:50 | INFO | epoch=043 train_batch=90/392 running_loss=-0.008073
2026-08-18 07:02:50 | INFO | epoch=043 train_batch=100/392 running_loss=-0.008063
2026-08-18 07:02:50 | INFO | epoch=043 train_batch=110/392 running_loss=-0.008054
2026-08-18 07:02:51 | INFO | epoch=043 train_batch=120/392 running_loss=-0.008067
2026-08-18 07:02:51 | INFO | epoch=043 train_batch=130/392 running_loss=-0.008074
2026-08-18 07:02:51 | INFO | epoch=043 train_batch=140/392 running_loss=-0.008055
2026-08-18 07:02:52 | INFO | epoch=043 train_batch=150/392 running_loss=-0.008069
2026-08-18 07:02:52 | INFO | epoch=043 train_batch=160/392 running_loss=-0.008079
2026-08-18 07:02:52 | INFO | epoch=043 train_batch=170/392 running_loss=-0.008077
2026-08-18 07:02:53 | INFO | epoch=043 train_batch=180/392 running_loss=-0.008063
2026-08-18 07:02:53 | INFO | epoch=043 train_batch=190/392 running_loss=-0.008061
2026-08-18 07:02:53 | INFO | epoch=043 train_batch=200/392 running_loss=-0.008066
2026-08-18 07:02:53 | INFO | epoch=043 train_batch=210/392 running_loss=-0.008045
2026-08-18 07:02:54 | INFO | epoch=043 train_batch=220/392 running_loss=-0.008042
2026-08-18 07:02:54 | INFO | epoch=043 train_batch=230/392 running_loss=-0.008035
2026-08-18 07:02:54 | INFO | epoch=043 train_batch=240/392 running_loss=-0.008026
2026-08-18 07:02:55 | INFO | epoch=043 train_batch=250/392 running_loss=-0.008036
2026-08-18 07:02:55 | INFO | epoch=043 train_batch=260/392 running_loss=-0.008032
2026-08-18 07:02:55 | INFO | epoch=043 train_batch=270/392 running_loss=-0.008038
2026-08-18 07:02:56 | INFO | epoch=043 train_batch=280/392 running_loss=-0.008041
2026-08-18 07:02:56 | INFO | epoch=043 train_batch=290/392 running_loss=-0.008036
2026-08-18 07:02:56 | INFO | epoch=043 train_batch=300/392 running_loss=-0.008035
2026-08-18 07:02:56 | INFO | epoch=043 train_batch=310/392 running_loss=-0.008033
2026-08-18 07:02:57 | INFO | epoch=043 train_batch=320/392 running_loss=-0.008032
2026-08-18 07:02:57 | INFO | epoch=043 train_batch=330/392 running_loss=-0.008026
2026-08-18 07:02:57 | INFO | epoch=043 train_batch=340/392 running_loss=-0.008026
2026-08-18 07:02:58 | INFO | epoch=043 train_batch=350/392 running_loss=-0.008019
2026-08-18 07:02:58 | INFO | epoch=043 train_batch=360/392 running_loss=-0.008014
2026-08-18 07:02:58 | INFO | epoch=043 train_batch=370/392 running_loss=-0.008011
2026-08-18 07:02:59 | INFO | epoch=043 train_batch=380/392 running_loss=-0.007996
2026-08-18 07:02:59 | INFO | epoch=043 train_batch=390/392 running_loss=-0.007998
2026-08-18 07:02:59 | INFO | epoch=043 train_batch=392/392 running_loss=-0.008003
2026-08-18 07:03:00 | INFO | epoch=043 train_loss=-0.008003 validation_loss=0.007145
2026-08-18 07:03:00 | INFO | epoch=044 train_batch=10/392 running_loss=-0.008145
2026-08-18 07:03:01 | INFO | epoch=044 train_batch=20/392 running_loss=-0.008200
2026-08-18 07:03:01 | INFO | epoch=044 train_batch=30/392 running_loss=-0.008145
2026-08-18 07:03:01 | INFO | epoch=044 train_batch=40/392 running_loss=-0.008134
2026-08-18 07:03:02 | INFO | epoch=044 train_batch=50/392 running_loss=-0.008085
2026-08-18 07:03:02 | INFO | epoch=044 train_batch=60/392 running_loss=-0.008089
2026-08-18 07:03:02 | INFO | epoch=044 train_batch=70/392 running_loss=-0.008084
2026-08-18 07:03:02 | INFO | epoch=044 train_batch=80/392 running_loss=-0.008043
2026-08-18 07:03:03 | INFO | epoch=044 train_batch=90/392 running_loss=-0.008042
2026-08-18 07:03:03 | INFO | epoch=044 train_batch=100/392 running_loss=-0.008053
2026-08-18 07:03:03 | INFO | epoch=044 train_batch=110/392 running_loss=-0.008059
2026-08-18 07:03:04 | INFO | epoch=044 train_batch=120/392 running_loss=-0.008033
2026-08-18 07:03:04 | INFO | epoch=044 train_batch=130/392 running_loss=-0.008039
2026-08-18 07:03:04 | INFO | epoch=044 train_batch=140/392 running_loss=-0.008047
2026-08-18 07:03:05 | INFO | epoch=044 train_batch=150/392 running_loss=-0.008045
2026-08-18 07:03:05 | INFO | epoch=044 train_batch=160/392 running_loss=-0.008037
2026-08-18 07:03:05 | INFO | epoch=044 train_batch=170/392 running_loss=-0.008031
2026-08-18 07:03:06 | INFO | epoch=044 train_batch=180/392 running_loss=-0.008036
2026-08-18 07:03:06 | INFO | epoch=044 train_batch=190/392 running_loss=-0.008045
2026-08-18 07:03:06 | INFO | epoch=044 train_batch=200/392 running_loss=-0.008058
2026-08-18 07:03:06 | INFO | epoch=044 train_batch=210/392 running_loss=-0.008057
2026-08-18 07:03:07 | INFO | epoch=044 train_batch=220/392 running_loss=-0.008049
2026-08-18 07:03:07 | INFO | epoch=044 train_batch=230/392 running_loss=-0.008060
2026-08-18 07:03:07 | INFO | epoch=044 train_batch=240/392 running_loss=-0.008058
2026-08-18 07:03:08 | INFO | epoch=044 train_batch=250/392 running_loss=-0.008067
2026-08-18 07:03:08 | INFO | epoch=044 train_batch=260/392 running_loss=-0.008068
2026-08-18 07:03:08 | INFO | epoch=044 train_batch=270/392 running_loss=-0.008070
2026-08-18 07:03:09 | INFO | epoch=044 train_batch=280/392 running_loss=-0.008064
2026-08-18 07:03:09 | INFO | epoch=044 train_batch=290/392 running_loss=-0.008047
2026-08-18 07:03:09 | INFO | epoch=044 train_batch=300/392 running_loss=-0.008043
2026-08-18 07:03:10 | INFO | epoch=044 train_batch=310/392 running_loss=-0.008041
2026-08-18 07:03:10 | INFO | epoch=044 train_batch=320/392 running_loss=-0.008038
2026-08-18 07:03:10 | INFO | epoch=044 train_batch=330/392 running_loss=-0.008038
2026-08-18 07:03:11 | INFO | epoch=044 train_batch=340/392 running_loss=-0.008026
2026-08-18 07:03:11 | INFO | epoch=044 train_batch=350/392 running_loss=-0.008028
2026-08-18 07:03:11 | INFO | epoch=044 train_batch=360/392 running_loss=-0.008032
2026-08-18 07:03:11 | INFO | epoch=044 train_batch=370/392 running_loss=-0.008024
2026-08-18 07:03:12 | INFO | epoch=044 train_batch=380/392 running_loss=-0.008022
2026-08-18 07:03:12 | INFO | epoch=044 train_batch=390/392 running_loss=-0.008021
2026-08-18 07:03:12 | INFO | epoch=044 train_batch=392/392 running_loss=-0.008021
2026-08-18 07:03:13 | INFO | epoch=044 train_loss=-0.008021 validation_loss=0.007607
2026-08-18 07:03:13 | INFO | epoch=045 train_batch=10/392 running_loss=-0.007899
2026-08-18 07:03:14 | INFO | epoch=045 train_batch=20/392 running_loss=-0.007949
2026-08-18 07:03:14 | INFO | epoch=045 train_batch=30/392 running_loss=-0.007965
2026-08-18 07:03:14 | INFO | epoch=045 train_batch=40/392 running_loss=-0.008087
2026-08-18 07:03:15 | INFO | epoch=045 train_batch=50/392 running_loss=-0.008130
2026-08-18 07:03:15 | INFO | epoch=045 train_batch=60/392 running_loss=-0.008117
2026-08-18 07:03:15 | INFO | epoch=045 train_batch=70/392 running_loss=-0.008144
2026-08-18 07:03:16 | INFO | epoch=045 train_batch=80/392 running_loss=-0.008148
2026-08-18 07:03:16 | INFO | epoch=045 train_batch=90/392 running_loss=-0.008110
2026-08-18 07:03:16 | INFO | epoch=045 train_batch=100/392 running_loss=-0.008086
2026-08-18 07:03:17 | INFO | epoch=045 train_batch=110/392 running_loss=-0.008075
2026-08-18 07:03:17 | INFO | epoch=045 train_batch=120/392 running_loss=-0.008102
2026-08-18 07:03:17 | INFO | epoch=045 train_batch=130/392 running_loss=-0.008099
2026-08-18 07:03:18 | INFO | epoch=045 train_batch=140/392 running_loss=-0.008105
2026-08-18 07:03:18 | INFO | epoch=045 train_batch=150/392 running_loss=-0.008102
2026-08-18 07:03:18 | INFO | epoch=045 train_batch=160/392 running_loss=-0.008118
2026-08-18 07:03:18 | INFO | epoch=045 train_batch=170/392 running_loss=-0.008109
2026-08-18 07:03:19 | INFO | epoch=045 train_batch=180/392 running_loss=-0.008120
2026-08-18 07:03:19 | INFO | epoch=045 train_batch=190/392 running_loss=-0.008119
2026-08-18 07:03:19 | INFO | epoch=045 train_batch=200/392 running_loss=-0.008118
2026-08-18 07:03:20 | INFO | epoch=045 train_batch=210/392 running_loss=-0.008107
2026-08-18 07:03:20 | INFO | epoch=045 train_batch=220/392 running_loss=-0.008097
2026-08-18 07:03:20 | INFO | epoch=045 train_batch=230/392 running_loss=-0.008097
2026-08-18 07:03:21 | INFO | epoch=045 train_batch=240/392 running_loss=-0.008099
2026-08-18 07:03:21 | INFO | epoch=045 train_batch=250/392 running_loss=-0.008083
2026-08-18 07:03:21 | INFO | epoch=045 train_batch=260/392 running_loss=-0.008092
2026-08-18 07:03:22 | INFO | epoch=045 train_batch=270/392 running_loss=-0.008081
2026-08-18 07:03:22 | INFO | epoch=045 train_batch=280/392 running_loss=-0.008084
2026-08-18 07:03:22 | INFO | epoch=045 train_batch=290/392 running_loss=-0.008084
2026-08-18 07:03:23 | INFO | epoch=045 train_batch=300/392 running_loss=-0.008066
2026-08-18 07:03:23 | INFO | epoch=045 train_batch=310/392 running_loss=-0.008065
2026-08-18 07:03:23 | INFO | epoch=045 train_batch=320/392 running_loss=-0.008064
2026-08-18 07:03:23 | INFO | epoch=045 train_batch=330/392 running_loss=-0.008067
2026-08-18 07:03:24 | INFO | epoch=045 train_batch=340/392 running_loss=-0.008068
2026-08-18 07:03:24 | INFO | epoch=045 train_batch=350/392 running_loss=-0.008058
2026-08-18 07:03:24 | INFO | epoch=045 train_batch=360/392 running_loss=-0.008059
2026-08-18 07:03:25 | INFO | epoch=045 train_batch=370/392 running_loss=-0.008053
2026-08-18 07:03:25 | INFO | epoch=045 train_batch=380/392 running_loss=-0.008043
2026-08-18 07:03:25 | INFO | epoch=045 train_batch=390/392 running_loss=-0.008040
2026-08-18 07:03:25 | INFO | epoch=045 train_batch=392/392 running_loss=-0.008040
2026-08-18 07:03:26 | INFO | epoch=045 train_loss=-0.008040 validation_loss=0.007952
2026-08-18 07:03:26 | INFO | epoch=046 train_batch=10/392 running_loss=-0.007985
2026-08-18 07:03:27 | INFO | epoch=046 train_batch=20/392 running_loss=-0.008019
2026-08-18 07:03:27 | INFO | epoch=046 train_batch=30/392 running_loss=-0.008072
2026-08-18 07:03:27 | INFO | epoch=046 train_batch=40/392 running_loss=-0.008075
2026-08-18 07:03:28 | INFO | epoch=046 train_batch=50/392 running_loss=-0.008098
2026-08-18 07:03:28 | INFO | epoch=046 train_batch=60/392 running_loss=-0.008186
2026-08-18 07:03:28 | INFO | epoch=046 train_batch=70/392 running_loss=-0.008160
2026-08-18 07:03:28 | INFO | epoch=046 train_batch=80/392 running_loss=-0.008175
2026-08-18 07:03:29 | INFO | epoch=046 train_batch=90/392 running_loss=-0.008192
2026-08-18 07:03:29 | INFO | epoch=046 train_batch=100/392 running_loss=-0.008185
2026-08-18 07:03:29 | INFO | epoch=046 train_batch=110/392 running_loss=-0.008159
2026-08-18 07:03:30 | INFO | epoch=046 train_batch=120/392 running_loss=-0.008116
2026-08-18 07:03:30 | INFO | epoch=046 train_batch=130/392 running_loss=-0.008122
2026-08-18 07:03:30 | INFO | epoch=046 train_batch=140/392 running_loss=-0.008118
2026-08-18 07:03:31 | INFO | epoch=046 train_batch=150/392 running_loss=-0.008127
2026-08-18 07:03:31 | INFO | epoch=046 train_batch=160/392 running_loss=-0.008118
2026-08-18 07:03:31 | INFO | epoch=046 train_batch=170/392 running_loss=-0.008097
2026-08-18 07:03:31 | INFO | epoch=046 train_batch=180/392 running_loss=-0.008120
2026-08-18 07:03:32 | INFO | epoch=046 train_batch=190/392 running_loss=-0.008113
2026-08-18 07:03:32 | INFO | epoch=046 train_batch=200/392 running_loss=-0.008109
2026-08-18 07:03:32 | INFO | epoch=046 train_batch=210/392 running_loss=-0.008102
2026-08-18 07:03:33 | INFO | epoch=046 train_batch=220/392 running_loss=-0.008092
2026-08-18 07:03:33 | INFO | epoch=046 train_batch=230/392 running_loss=-0.008082
2026-08-18 07:03:33 | INFO | epoch=046 train_batch=240/392 running_loss=-0.008074
2026-08-18 07:03:34 | INFO | epoch=046 train_batch=250/392 running_loss=-0.008071
2026-08-18 07:03:34 | INFO | epoch=046 train_batch=260/392 running_loss=-0.008052
2026-08-18 07:03:34 | INFO | epoch=046 train_batch=270/392 running_loss=-0.008060
2026-08-18 07:03:34 | INFO | epoch=046 train_batch=280/392 running_loss=-0.008041
2026-08-18 07:03:35 | INFO | epoch=046 train_batch=290/392 running_loss=-0.008030
2026-08-18 07:03:35 | INFO | epoch=046 train_batch=300/392 running_loss=-0.008032
2026-08-18 07:03:35 | INFO | epoch=046 train_batch=310/392 running_loss=-0.008036
2026-08-18 07:03:36 | INFO | epoch=046 train_batch=320/392 running_loss=-0.008035
2026-08-18 07:03:36 | INFO | epoch=046 train_batch=330/392 running_loss=-0.008034
2026-08-18 07:03:36 | INFO | epoch=046 train_batch=340/392 running_loss=-0.008034
2026-08-18 07:03:37 | INFO | epoch=046 train_batch=350/392 running_loss=-0.008031
2026-08-18 07:03:37 | INFO | epoch=046 train_batch=360/392 running_loss=-0.008032
2026-08-18 07:03:37 | INFO | epoch=046 train_batch=370/392 running_loss=-0.008033
2026-08-18 07:03:37 | INFO | epoch=046 train_batch=380/392 running_loss=-0.008037
2026-08-18 07:03:38 | INFO | epoch=046 train_batch=390/392 running_loss=-0.008041
2026-08-18 07:03:38 | INFO | epoch=046 train_batch=392/392 running_loss=-0.008045
2026-08-18 07:03:38 | INFO | epoch=046 train_loss=-0.008045 validation_loss=0.007547
2026-08-18 07:03:39 | INFO | epoch=047 train_batch=10/392 running_loss=-0.008364
2026-08-18 07:03:39 | INFO | epoch=047 train_batch=20/392 running_loss=-0.008182
2026-08-18 07:03:39 | INFO | epoch=047 train_batch=30/392 running_loss=-0.008226
2026-08-18 07:03:40 | INFO | epoch=047 train_batch=40/392 running_loss=-0.008151
2026-08-18 07:03:40 | INFO | epoch=047 train_batch=50/392 running_loss=-0.008129
2026-08-18 07:03:40 | INFO | epoch=047 train_batch=60/392 running_loss=-0.008110
2026-08-18 07:03:41 | INFO | epoch=047 train_batch=70/392 running_loss=-0.008139
2026-08-18 07:03:41 | INFO | epoch=047 train_batch=80/392 running_loss=-0.008161
2026-08-18 07:03:41 | INFO | epoch=047 train_batch=90/392 running_loss=-0.008186
2026-08-18 07:03:42 | INFO | epoch=047 train_batch=100/392 running_loss=-0.008147
2026-08-18 07:03:42 | INFO | epoch=047 train_batch=110/392 running_loss=-0.008150
2026-08-18 07:03:42 | INFO | epoch=047 train_batch=120/392 running_loss=-0.008160
2026-08-18 07:03:42 | INFO | epoch=047 train_batch=130/392 running_loss=-0.008134
2026-08-18 07:03:43 | INFO | epoch=047 train_batch=140/392 running_loss=-0.008116
2026-08-18 07:03:43 | INFO | epoch=047 train_batch=150/392 running_loss=-0.008092
2026-08-18 07:03:43 | INFO | epoch=047 train_batch=160/392 running_loss=-0.008073
2026-08-18 07:03:44 | INFO | epoch=047 train_batch=170/392 running_loss=-0.008073
2026-08-18 07:03:44 | INFO | epoch=047 train_batch=180/392 running_loss=-0.008071
2026-08-18 07:03:44 | INFO | epoch=047 train_batch=190/392 running_loss=-0.008077
2026-08-18 07:03:45 | INFO | epoch=047 train_batch=200/392 running_loss=-0.008061
2026-08-18 07:03:45 | INFO | epoch=047 train_batch=210/392 running_loss=-0.008065
2026-08-18 07:03:45 | INFO | epoch=047 train_batch=220/392 running_loss=-0.008074
2026-08-18 07:03:45 | INFO | epoch=047 train_batch=230/392 running_loss=-0.008073
2026-08-18 07:03:46 | INFO | epoch=047 train_batch=240/392 running_loss=-0.008077
2026-08-18 07:03:46 | INFO | epoch=047 train_batch=250/392 running_loss=-0.008075
2026-08-18 07:03:46 | INFO | epoch=047 train_batch=260/392 running_loss=-0.008093
2026-08-18 07:03:47 | INFO | epoch=047 train_batch=270/392 running_loss=-0.008082
2026-08-18 07:03:47 | INFO | epoch=047 train_batch=280/392 running_loss=-0.008078
2026-08-18 07:03:47 | INFO | epoch=047 train_batch=290/392 running_loss=-0.008082
2026-08-18 07:03:48 | INFO | epoch=047 train_batch=300/392 running_loss=-0.008077
2026-08-18 07:03:48 | INFO | epoch=047 train_batch=310/392 running_loss=-0.008085
2026-08-18 07:03:48 | INFO | epoch=047 train_batch=320/392 running_loss=-0.008088
2026-08-18 07:03:48 | INFO | epoch=047 train_batch=330/392 running_loss=-0.008073
2026-08-18 07:03:49 | INFO | epoch=047 train_batch=340/392 running_loss=-0.008076
2026-08-18 07:03:49 | INFO | epoch=047 train_batch=350/392 running_loss=-0.008079
2026-08-18 07:03:49 | INFO | epoch=047 train_batch=360/392 running_loss=-0.008078
2026-08-18 07:03:50 | INFO | epoch=047 train_batch=370/392 running_loss=-0.008083
2026-08-18 07:03:50 | INFO | epoch=047 train_batch=380/392 running_loss=-0.008083
2026-08-18 07:03:50 | INFO | epoch=047 train_batch=390/392 running_loss=-0.008092
2026-08-18 07:03:50 | INFO | epoch=047 train_batch=392/392 running_loss=-0.008091
2026-08-18 07:03:51 | INFO | epoch=047 train_loss=-0.008091 validation_loss=0.008133
2026-08-18 07:03:51 | INFO | epoch=048 train_batch=10/392 running_loss=-0.008232
2026-08-18 07:03:52 | INFO | epoch=048 train_batch=20/392 running_loss=-0.008277
2026-08-18 07:03:52 | INFO | epoch=048 train_batch=30/392 running_loss=-0.008134
2026-08-18 07:03:52 | INFO | epoch=048 train_batch=40/392 running_loss=-0.008112
2026-08-18 07:03:53 | INFO | epoch=048 train_batch=50/392 running_loss=-0.008117
2026-08-18 07:03:53 | INFO | epoch=048 train_batch=60/392 running_loss=-0.008146
2026-08-18 07:03:53 | INFO | epoch=048 train_batch=70/392 running_loss=-0.008172
2026-08-18 07:03:53 | INFO | epoch=048 train_batch=80/392 running_loss=-0.008210
2026-08-18 07:03:54 | INFO | epoch=048 train_batch=90/392 running_loss=-0.008224
2026-08-18 07:03:54 | INFO | epoch=048 train_batch=100/392 running_loss=-0.008227
2026-08-18 07:03:54 | INFO | epoch=048 train_batch=110/392 running_loss=-0.008218
2026-08-18 07:03:55 | INFO | epoch=048 train_batch=120/392 running_loss=-0.008188
2026-08-18 07:03:55 | INFO | epoch=048 train_batch=130/392 running_loss=-0.008188
2026-08-18 07:03:55 | INFO | epoch=048 train_batch=140/392 running_loss=-0.008178
2026-08-18 07:03:56 | INFO | epoch=048 train_batch=150/392 running_loss=-0.008162
2026-08-18 07:03:56 | INFO | epoch=048 train_batch=160/392 running_loss=-0.008165
2026-08-18 07:03:56 | INFO | epoch=048 train_batch=170/392 running_loss=-0.008164
2026-08-18 07:03:56 | INFO | epoch=048 train_batch=180/392 running_loss=-0.008172
2026-08-18 07:03:57 | INFO | epoch=048 train_batch=190/392 running_loss=-0.008160
2026-08-18 07:03:57 | INFO | epoch=048 train_batch=200/392 running_loss=-0.008158
2026-08-18 07:03:57 | INFO | epoch=048 train_batch=210/392 running_loss=-0.008165
2026-08-18 07:03:58 | INFO | epoch=048 train_batch=220/392 running_loss=-0.008161
2026-08-18 07:03:58 | INFO | epoch=048 train_batch=230/392 running_loss=-0.008173
2026-08-18 07:03:58 | INFO | epoch=048 train_batch=240/392 running_loss=-0.008179
2026-08-18 07:03:59 | INFO | epoch=048 train_batch=250/392 running_loss=-0.008168
2026-08-18 07:03:59 | INFO | epoch=048 train_batch=260/392 running_loss=-0.008168
2026-08-18 07:03:59 | INFO | epoch=048 train_batch=270/392 running_loss=-0.008172
2026-08-18 07:03:59 | INFO | epoch=048 train_batch=280/392 running_loss=-0.008167
2026-08-18 07:04:00 | INFO | epoch=048 train_batch=290/392 running_loss=-0.008162
2026-08-18 07:04:00 | INFO | epoch=048 train_batch=300/392 running_loss=-0.008168
2026-08-18 07:04:00 | INFO | epoch=048 train_batch=310/392 running_loss=-0.008164
2026-08-18 07:04:01 | INFO | epoch=048 train_batch=320/392 running_loss=-0.008163
2026-08-18 07:04:01 | INFO | epoch=048 train_batch=330/392 running_loss=-0.008158
2026-08-18 07:04:01 | INFO | epoch=048 train_batch=340/392 running_loss=-0.008164
2026-08-18 07:04:02 | INFO | epoch=048 train_batch=350/392 running_loss=-0.008147
2026-08-18 07:04:02 | INFO | epoch=048 train_batch=360/392 running_loss=-0.008140
2026-08-18 07:04:02 | INFO | epoch=048 train_batch=370/392 running_loss=-0.008129
2026-08-18 07:04:02 | INFO | epoch=048 train_batch=380/392 running_loss=-0.008127
2026-08-18 07:04:03 | INFO | epoch=048 train_batch=390/392 running_loss=-0.008123
2026-08-18 07:04:03 | INFO | epoch=048 train_batch=392/392 running_loss=-0.008123
2026-08-18 07:04:04 | INFO | epoch=048 train_loss=-0.008123 validation_loss=0.008405
2026-08-18 07:04:04 | INFO | epoch=049 train_batch=10/392 running_loss=-0.007863
2026-08-18 07:04:04 | INFO | epoch=049 train_batch=20/392 running_loss=-0.007915
2026-08-18 07:04:05 | INFO | epoch=049 train_batch=30/392 running_loss=-0.008089
2026-08-18 07:04:05 | INFO | epoch=049 train_batch=40/392 running_loss=-0.008110
2026-08-18 07:04:05 | INFO | epoch=049 train_batch=50/392 running_loss=-0.008095
2026-08-18 07:04:05 | INFO | epoch=049 train_batch=60/392 running_loss=-0.008039
2026-08-18 07:04:06 | INFO | epoch=049 train_batch=70/392 running_loss=-0.007991
2026-08-18 07:04:06 | INFO | epoch=049 train_batch=80/392 running_loss=-0.007933
2026-08-18 07:04:06 | INFO | epoch=049 train_batch=90/392 running_loss=-0.007986
2026-08-18 07:04:07 | INFO | epoch=049 train_batch=100/392 running_loss=-0.007965
2026-08-18 07:04:07 | INFO | epoch=049 train_batch=110/392 running_loss=-0.007996
2026-08-18 07:04:07 | INFO | epoch=049 train_batch=120/392 running_loss=-0.007994
2026-08-18 07:04:08 | INFO | epoch=049 train_batch=130/392 running_loss=-0.007996
2026-08-18 07:04:08 | INFO | epoch=049 train_batch=140/392 running_loss=-0.008005
2026-08-18 07:04:08 | INFO | epoch=049 train_batch=150/392 running_loss=-0.008010
2026-08-18 07:04:08 | INFO | epoch=049 train_batch=160/392 running_loss=-0.008015
2026-08-18 07:04:09 | INFO | epoch=049 train_batch=170/392 running_loss=-0.008017
2026-08-18 07:04:09 | INFO | epoch=049 train_batch=180/392 running_loss=-0.008008
2026-08-18 07:04:09 | INFO | epoch=049 train_batch=190/392 running_loss=-0.008019
2026-08-18 07:04:10 | INFO | epoch=049 train_batch=200/392 running_loss=-0.008013
2026-08-18 07:04:10 | INFO | epoch=049 train_batch=210/392 running_loss=-0.008020
2026-08-18 07:04:10 | INFO | epoch=049 train_batch=220/392 running_loss=-0.008011
2026-08-18 07:04:11 | INFO | epoch=049 train_batch=230/392 running_loss=-0.008015
2026-08-18 07:04:11 | INFO | epoch=049 train_batch=240/392 running_loss=-0.008024
2026-08-18 07:04:11 | INFO | epoch=049 train_batch=250/392 running_loss=-0.008045
2026-08-18 07:04:11 | INFO | epoch=049 train_batch=260/392 running_loss=-0.008044
2026-08-18 07:04:12 | INFO | epoch=049 train_batch=270/392 running_loss=-0.008050
2026-08-18 07:04:12 | INFO | epoch=049 train_batch=280/392 running_loss=-0.008056
2026-08-18 07:04:12 | INFO | epoch=049 train_batch=290/392 running_loss=-0.008055
2026-08-18 07:04:13 | INFO | epoch=049 train_batch=300/392 running_loss=-0.008061
2026-08-18 07:04:13 | INFO | epoch=049 train_batch=310/392 running_loss=-0.008074
2026-08-18 07:04:13 | INFO | epoch=049 train_batch=320/392 running_loss=-0.008084
2026-08-18 07:04:14 | INFO | epoch=049 train_batch=330/392 running_loss=-0.008094
2026-08-18 07:04:14 | INFO | epoch=049 train_batch=340/392 running_loss=-0.008096
2026-08-18 07:04:14 | INFO | epoch=049 train_batch=350/392 running_loss=-0.008097
2026-08-18 07:04:14 | INFO | epoch=049 train_batch=360/392 running_loss=-0.008095
2026-08-18 07:04:15 | INFO | epoch=049 train_batch=370/392 running_loss=-0.008079
2026-08-18 07:04:15 | INFO | epoch=049 train_batch=380/392 running_loss=-0.008074
2026-08-18 07:04:15 | INFO | epoch=049 train_batch=390/392 running_loss=-0.008069
2026-08-18 07:04:15 | INFO | epoch=049 train_batch=392/392 running_loss=-0.008065
2026-08-18 07:04:16 | INFO | epoch=049 train_loss=-0.008065 validation_loss=0.009047
2026-08-18 07:04:17 | INFO | epoch=050 train_batch=10/392 running_loss=-0.008097
2026-08-18 07:04:17 | INFO | epoch=050 train_batch=20/392 running_loss=-0.008148
2026-08-18 07:04:17 | INFO | epoch=050 train_batch=30/392 running_loss=-0.008085
2026-08-18 07:04:17 | INFO | epoch=050 train_batch=40/392 running_loss=-0.008043
2026-08-18 07:04:18 | INFO | epoch=050 train_batch=50/392 running_loss=-0.008105
2026-08-18 07:04:18 | INFO | epoch=050 train_batch=60/392 running_loss=-0.008140
2026-08-18 07:04:18 | INFO | epoch=050 train_batch=70/392 running_loss=-0.008069
2026-08-18 07:04:19 | INFO | epoch=050 train_batch=80/392 running_loss=-0.008110
2026-08-18 07:04:19 | INFO | epoch=050 train_batch=90/392 running_loss=-0.008123
2026-08-18 07:04:19 | INFO | epoch=050 train_batch=100/392 running_loss=-0.008130
2026-08-18 07:04:20 | INFO | epoch=050 train_batch=110/392 running_loss=-0.008138
2026-08-18 07:04:20 | INFO | epoch=050 train_batch=120/392 running_loss=-0.008110
2026-08-18 07:04:20 | INFO | epoch=050 train_batch=130/392 running_loss=-0.008118
2026-08-18 07:04:21 | INFO | epoch=050 train_batch=140/392 running_loss=-0.008100
2026-08-18 07:04:21 | INFO | epoch=050 train_batch=150/392 running_loss=-0.008105
2026-08-18 07:04:21 | INFO | epoch=050 train_batch=160/392 running_loss=-0.008107
2026-08-18 07:04:22 | INFO | epoch=050 train_batch=170/392 running_loss=-0.008110
2026-08-18 07:04:22 | INFO | epoch=050 train_batch=180/392 running_loss=-0.008118
2026-08-18 07:04:22 | INFO | epoch=050 train_batch=190/392 running_loss=-0.008119
2026-08-18 07:04:23 | INFO | epoch=050 train_batch=200/392 running_loss=-0.008125
2026-08-18 07:04:23 | INFO | epoch=050 train_batch=210/392 running_loss=-0.008122
2026-08-18 07:04:23 | INFO | epoch=050 train_batch=220/392 running_loss=-0.008119
2026-08-18 07:04:24 | INFO | epoch=050 train_batch=230/392 running_loss=-0.008128
2026-08-18 07:04:24 | INFO | epoch=050 train_batch=240/392 running_loss=-0.008136
2026-08-18 07:04:24 | INFO | epoch=050 train_batch=250/392 running_loss=-0.008139
2026-08-18 07:04:24 | INFO | epoch=050 train_batch=260/392 running_loss=-0.008149
2026-08-18 07:04:25 | INFO | epoch=050 train_batch=270/392 running_loss=-0.008150
2026-08-18 07:04:25 | INFO | epoch=050 train_batch=280/392 running_loss=-0.008154
2026-08-18 07:04:25 | INFO | epoch=050 train_batch=290/392 running_loss=-0.008150
2026-08-18 07:04:26 | INFO | epoch=050 train_batch=300/392 running_loss=-0.008152
2026-08-18 07:04:26 | INFO | epoch=050 train_batch=310/392 running_loss=-0.008162
2026-08-18 07:04:26 | INFO | epoch=050 train_batch=320/392 running_loss=-0.008166
2026-08-18 07:04:27 | INFO | epoch=050 train_batch=330/392 running_loss=-0.008148
2026-08-18 07:04:27 | INFO | epoch=050 train_batch=340/392 running_loss=-0.008151
2026-08-18 07:04:27 | INFO | epoch=050 train_batch=350/392 running_loss=-0.008154
2026-08-18 07:04:27 | INFO | epoch=050 train_batch=360/392 running_loss=-0.008151
2026-08-18 07:04:28 | INFO | epoch=050 train_batch=370/392 running_loss=-0.008143
2026-08-18 07:04:28 | INFO | epoch=050 train_batch=380/392 running_loss=-0.008150
2026-08-18 07:04:28 | INFO | epoch=050 train_batch=390/392 running_loss=-0.008142
2026-08-18 07:04:28 | INFO | epoch=050 train_batch=392/392 running_loss=-0.008143
2026-08-18 07:04:29 | INFO | epoch=050 train_loss=-0.008143 validation_loss=0.009075
2026-08-18 07:04:29 | INFO | Best validation loss: 0.003592; checkpoints saved in /bigdata/users/90967055/fuzzyDynamics/NeurIPS_Fuzzy_Dynamics_code/results/fuzzy_dynamics_20260818_065222_694752/checkpoint
2026-08-18 07:04:30 | INFO | Completed training
2026-08-18 07:04:30 | INFO | Starting evaluation: /bigdata/users/90967055/fuzzyDynamics/NeurIPS_Fuzzy_Dynamics_code/.venv/bin/python -m scripts.evaluate_fuzzy_dynamics --experiment-time 20260818_065222_694752 --activations /bigdata/users/90967055/fuzzyDynamics/NeurIPS_Fuzzy_Dynamics_code/cache/socrates_llama3_8b_tuned_full.pt --results-root /bigdata/users/90967055/fuzzyDynamics/NeurIPS_Fuzzy_Dynamics_code/results --device cuda --batch-size 16 --subset auto --semantic-event-quantile 0.75 --event-id-field uid --log-dir /bigdata/users/90967055/fuzzyDynamics/NeurIPS_Fuzzy_Dynamics_code/logs --log-every-batches 10
2026-08-18 07:04:39 | INFO | Log file: /bigdata/users/90967055/fuzzyDynamics/NeurIPS_Fuzzy_Dynamics_code/logs/fuzzy_dynamics_20260818_065222_694752/evaluate_fuzzy_dynamics_20260818_070439_191532.log
2026-08-18 07:04:39 | INFO | Arguments: {'checkpoint': '/bigdata/users/90967055/fuzzyDynamics/NeurIPS_Fuzzy_Dynamics_code/results/fuzzy_dynamics_20260818_065222_694752/checkpoint/best.pt', 'experiment_time': '20260818_065222_694752', 'latest': False, 'results_root': '/bigdata/users/90967055/fuzzyDynamics/NeurIPS_Fuzzy_Dynamics_code/results', 'activations': '/bigdata/users/90967055/fuzzyDynamics/NeurIPS_Fuzzy_Dynamics_code/cache/socrates_llama3_8b_tuned_full.pt', 'output_dir': None, 'batch_size': 16, 'device': 'cuda', 'split_file': None, 'subset': 'auto', 'semantic_events': None, 'event_id_field': 'uid', 'allow_missing_events': False, 'semantic_event_quantile': 0.75, 'include_operation_proxies': False, 'skip_semantic_alignment': False, 'skip_rollout': False, 'log_dir': '/bigdata/users/90967055/fuzzyDynamics/NeurIPS_Fuzzy_Dynamics_code/logs', 'log_every_batches': 10}
2026-08-18 07:04:39 | INFO | experiment_time=20260818_065222_694752
2026-08-18 07:05:26 | INFO | subset=validation selected=968 holdout_status=verified_training_split_validation
2026-08-18 07:05:26 | INFO | Evaluation outputs: /bigdata/users/90967055/fuzzyDynamics/NeurIPS_Fuzzy_Dynamics_code/results/fuzzy_dynamics_20260818_065222_694752/evaluation
2026-08-18 07:05:27 | INFO | batch=10/61 evaluated_queries=160/968
2026-08-18 07:05:28 | INFO | batch=20/61 evaluated_queries=320/968
2026-08-18 07:05:28 | INFO | batch=30/61 evaluated_queries=480/968
2026-08-18 07:05:29 | INFO | batch=40/61 evaluated_queries=640/968
2026-08-18 07:05:29 | INFO | batch=50/61 evaluated_queries=800/968
2026-08-18 07:05:30 | INFO | batch=60/61 evaluated_queries=960/968
2026-08-18 07:05:30 | INFO | batch=61/61 evaluated_queries=968/968
2026-08-18 07:05:34 | INFO | Metrics:
{
  "schema_version": 2,
  "evaluation": {
    "schema_version": 2,
    "experiment_time": "20260818_065222_694752",
    "checkpoint": "/bigdata/users/90967055/fuzzyDynamics/NeurIPS_Fuzzy_Dynamics_code/results/fuzzy_dynamics_20260818_065222_694752/checkpoint/best.pt",
    "activations": "/bigdata/users/90967055/fuzzyDynamics/NeurIPS_Fuzzy_Dynamics_code/cache/socrates_llama3_8b_tuned_full.pt",
    "checkpoint_epoch": 16,
    "cache_model_name": "data/models/Meta-Llama-3-8B",
    "device": "cuda",
    "selection": {
      "subset": "validation",
      "split_file": "/bigdata/users/90967055/fuzzyDynamics/NeurIPS_Fuzzy_Dynamics_code/results/fuzzy_dynamics_20260818_065222_694752/training/split.json",
      "split_by": "category",
      "selected_count": 968,
      "cache_count": 7232,
      "selected_indices_sha256": "9313a785dcd93721dc4052522038657438e5a86c6ab40bfead3793ddd014b230",
      "same_as_training_activation_cache": true,
      "holdout_status": "verified_training_split_validation"
    },
    "semantic_events": {
      "kind": "automatic_training_prior_overlapping_proxies",
      "independent_of_training": false,
      "layer_axis": "transition_s_l_to_s_l_plus_1",
      "include_operation_proxies": false,
      "first_token_bridge_and_answer_scores": true
    }
  },
  "fidelity": {
    "one_step": {
      "mse": 0.0011177011765539646,
      "mae": 0.005589864682406187,
      "r2": 0.6076336938052755,
      "r2_defined": true,
      "r2_reason": null,
      "target_sum_squares": 11382.797803441892,
      "target_variance": 0.00284861643408898,
      "cosine_similarity": 0.6044885516166687,
      "per_layer": [
        {
          "layer": 0,
          "mse": 0.00010396475408924744,
          "mae": 0.0020087510347366333,
          "r2": 0.13074292717730018,
          "r2_defined": true,
          "r2_reason": null,
          "target_sum_squares": 14.934922092339342,
          "target_variance": 0.00011960184903212363,
          "cosine_similarity": 0.8766603469848633
        },
        {
          "layer": 1,
          "mse": 0.0004194577632006258,
          "mae": 0.003550977446138859,
          "r2": -0.7225426901841632,
          "r2_defined": true,
          "r2_reason": null,
          "target_sum_squares": 30.40768247661532,
          "target_variance": 0.00024351081488736722,
          "cosine_similarity": 0.5897191166877747
        },
        {
          "layer": 2,
          "mse": 0.0005022804252803326,
          "mae": 0.004129049833863974,
          "r2": 0.046857858167590694,
          "r2_defined": true,
          "r2_reason": null,
          "target_sum_squares": 65.80421502137183,
          "target_variance": 0.0005269733408720276,
          "cosine_similarity": 0.5080437064170837
        },
        {
          "layer": 3,
          "mse": 0.0011712481500580907,
          "mae": 0.006268677767366171,
          "r2": -0.7106328623459144,
          "r2_defined": true,
          "r2_reason": null,
          "target_sum_squares": 85.49824492784893,
          "target_variance": 0.0006846870789916789,
          "cosine_similarity": 0.3624246120452881
        },
        {
          "layer": 4,
          "mse": 0.004343727137893438,
          "mae": 0.010870103724300861,
          "r2": -0.4920905403884579,
          "r2_defined": true,
          "r2_reason": null,
          "target_sum_squares": 363.5234488407305,
          "target_variance": 0.002911168627400302,
          "cosine_similarity": 0.5690850615501404
        },
        {
          "layer": 5,
          "mse": 0.0022118142805993557,
          "mae": 0.007736348547041416,
          "r2": -0.25175373550273106,
          "r2_defined": true,
          "r2_reason": null,
          "target_sum_squares": 220.64538380267226,
          "target_variance": 0.0017669724502103934,
          "cosine_similarity": 0.48006948828697205
        },
        {
          "layer": 6,
          "mse": 0.0009857435943558812,
          "mae": 0.005435585044324398,
          "r2": 0.45298029837094744,
          "r2_defined": true,
          "r2_reason": null,
          "target_sum_squares": 225.02256682468155,
          "target_variance": 0.001802025809025895,
          "cosine_similarity": 0.7553038597106934
        },
        {
          "layer": 7,
          "mse": 0.000942397746257484,
          "mae": 0.005266245454549789,
          "r2": 0.1659695715842584,
          "r2_defined": true,
          "r2_reason": null,
          "target_sum_squares": 141.09689251673436,
          "target_variance": 0.0011299321906971488,
          "cosine_similarity": 0.46901386976242065
        },
        {
          "layer": 8,
          "mse": 0.0009472852107137442,
          "mae": 0.00564801599830389,
          "r2": 0.04435319819544059,
          "r2_defined": true,
          "r2_reason": null,
          "target_sum_squares": 123.7794085927145,
          "target_variance": 0.0009912503090581915,
          "cosine_similarity": 0.6814106702804565
        },
        {
          "layer": 9,
          "mse": 0.0009700052905827761,
          "mae": 0.005422485060989857,
          "r2": 0.3418423251931114,
          "r2_defined": true,
          "r2_reason": null,
          "target_sum_squares": 184.0387394439427,
          "target_variance": 0.0014738191063164096,
          "cosine_similarity": 0.6489675641059875
        },
        {
          "layer": 10,
          "mse": 0.0008122089202515781,
          "mae": 0.005001720506697893,
          "r2": 0.13543595326038016,
          "r2_defined": true,
          "r2_reason": null,
          "target_sum_squares": 117.31016897644413,
          "target_variance": 0.0009394433417935496,
          "cosine_similarity": 0.6981889009475708
        },
        {
          "layer": 11,
          "mse": 0.0009808833710849285,
          "mae": 0.005399703048169613,
          "r2": 0.24615302985006582,
          "r2_defined": true,
          "r2_reason": null,
          "target_sum_squares": 162.4797361362618,
          "target_variance": 0.001301170287464458,
          "cosine_similarity": 0.549284815788269
        },
        {
          "layer": 12,
          "mse": 0.0004608751623891294,
          "mae": 0.003861132077872753,
          "r2": 0.24564491803950272,
          "r2_defined": true,
          "r2_reason": null,
          "target_sum_squares": 76.29086531028778,
          "target_variance": 0.0006109525378810925,
          "cosine_similarity": 0.782491147518158
        },
        {
          "layer": 13,
          "mse": 0.0006711986497975886,
          "mae": 0.004950744565576315,
          "r2": 0.8124598924902998,
          "r2_defined": true,
          "r2_reason": null,
          "target_sum_squares": 446.91198509242463,
          "target_variance": 0.0035789607365336075,
          "cosine_similarity": 0.9882927536964417
        },
        {
          "layer": 14,
          "mse": 0.0005819097277708352,
          "mae": 0.004967334680259228,
          "r2": 0.5824785911667272,
          "r2_defined": true,
          "r2_reason": null,
          "target_sum_squares": 174.03712607904754,
          "target_variance": 0.001393724182194948,
          "cosine_similarity": 0.8738178014755249
        },
        {
          "layer": 15,
          "mse": 0.002269092947244644,
          "mae": 0.008745783939957619,
          "r2": -0.9945245422779856,
          "r2_defined": true,
          "r2_reason": null,
          "target_sum_squares": 142.06201032580395,
          "target_variance": 0.0011376610475190912,
          "cosine_similarity": 0.6630854606628418
        },
        {
          "layer": 16,
          "mse": 0.001345311407931149,
          "mae": 0.00709029845893383,
          "r2": 0.3551946988666468,
          "r2_defined": true,
          "r2_reason": null,
          "target_sum_squares": 260.530922513248,
          "target_variance": 0.0020863838371552312,
          "cosine_similarity": 0.9355166554450989
        },
        {
          "layer": 17,
          "mse": 0.001085363095626235,
          "mae": 0.005955772008746862,
          "r2": -0.5211501871818105,
          "r2_defined": true,
          "r2_reason": null,
          "target_sum_squares": 89.09800829759669,
          "target_variance": 0.0007135147054391432,
          "cosine_similarity": 0.7843007445335388
        },
        {
          "layer": 18,
          "mse": 0.0007386948564089835,
          "mae": 0.005022482015192509,
          "r2": -1.3311800642429121,
          "r2_defined": true,
          "r2_reason": null,
          "target_sum_squares": 39.568932031489034,
          "target_variance": 0.00031687593721161695,
          "cosine_similarity": 0.2973667085170746
        },
        {
          "layer": 19,
          "mse": 0.0010177704971283674,
          "mae": 0.005856410134583712,
          "r2": -1.7768313086871341,
          "r2_defined": true,
          "r2_reason": null,
          "target_sum_squares": 45.76837012301502,
          "target_variance": 0.00036652227979863395,
          "cosine_similarity": 0.49346455931663513
        },
        {
          "layer": 20,
          "mse": 0.0004594842030201107,
          "mae": 0.004047522787004709,
          "r2": -0.1256057609357899,
          "r2_defined": true,
          "r2_reason": null,
          "target_sum_squares": 50.97407393601797,
          "target_variance": 0.0004082105991416648,
          "cosine_similarity": 0.7807050943374634
        },
        {
          "layer": 21,
          "mse": 0.0027330319862812757,
          "mae": 0.00944126583635807,
          "r2": -2.475139210109103,
          "r2_defined": true,
          "r2_reason": null,
          "target_sum_squares": 98.20589823238214,
          "target_variance": 0.0007864525132326073,
          "cosine_similarity": 0.3851572275161743
        },
        {
          "layer": 22,
          "mse": 0.0004451676504686475,
          "mae": 0.004244145005941391,
          "r2": 0.0790349589931606,
          "r2_defined": true,
          "r2_reason": null,
          "target_sum_squares": 60.35948209667751,
          "target_variance": 0.00048337082850180595,
          "cosine_similarity": 0.4933509826660156
        },
        {
          "layer": 23,
          "mse": 0.00038437210605479777,
          "mae": 0.003717112820595503,
          "r2": -0.55098619540411,
          "r2_defined": true,
          "r2_reason": null,
          "target_sum_squares": 30.94632227419165,
          "target_variance": 0.0002478243503282694,
          "cosine_similarity": 0.5922794938087463
        },
        {
          "layer": 24,
          "mse": 0.0019406230421736836,
          "mae": 0.007814508862793446,
          "r2": -1.7729789273828076,
          "r2_defined": true,
          "r2_reason": null,
          "target_sum_squares": 87.38958916803587,
          "target_variance": 0.0006998333426871987,
          "cosine_similarity": 0.3571036159992218
        },
        {
          "layer": 25,
          "mse": 0.001048373756930232,
          "mae": 0.0060766008682549,
          "r2": -1.4225428626582515,
          "r2_defined": true,
          "r2_reason": null,
          "target_sum_squares": 54.039300436035475,
          "target_variance": 0.00043275754721663364,
          "cosine_similarity": 0.39333513379096985
        },
        {
          "layer": 26,
          "mse": 0.0035785511136054993,
          "mae": 0.008339700289070606,
          "r2": -6.823170427884803,
          "r2_defined": true,
          "r2_reason": null,
          "target_sum_squares": 57.12017291981654,
          "target_variance": 0.0004574297914649925,
          "cosine_similarity": 0.4765879809856415
        },
        {
          "layer": 27,
          "mse": 0.0004024220979772508,
          "mae": 0.004101638216525316,
          "r2": -0.8564458874499901,
          "r2_defined": true,
          "r2_reason": null,
          "target_sum_squares": 27.06852526260389,
          "target_variance": 0.00021677017475978515,
          "cosine_similarity": 0.5887448191642761
        },
        {
          "layer": 28,
          "mse": 0.0003475704579614103,
          "mae": 0.003719240427017212,
          "r2": -1.1458554282449165,
          "r2_defined": true,
          "r2_reason": null,
          "target_sum_squares": 20.225881235082188,
          "target_variance": 0.0001619729101406415,
          "cosine_similarity": 0.5415771007537842
        },
        {
          "layer": 29,
          "mse": 0.0009597387397661805,
          "mae": 0.005565645173192024,
          "r2": -3.0833862459434673,
          "r2_defined": true,
          "r2_reason": null,
          "target_sum_squares": 29.34929398461915,
          "target_variance": 0.00023503502774536444,
          "cosine_similarity": 0.15200500190258026
        },
        {
          "layer": 30,
          "mse": 0.00032542317057959735,
          "mae": 0.003638056805357337,
          "r2": -0.17757051363007137,
          "r2_defined": true,
          "r2_reason": null,
          "target_sum_squares": 34.50854408102259,
          "target_variance": 0.0002763513364166714,
          "cosine_similarity": 0.8644519448280334
        },
        {
          "layer": 31,
          "mse": 0.0005804437678307295,
          "mae": 0.004982616286724806,
          "r2": -0.15240936559211749,
          "r2_defined": true,
          "r2_reason": null,
          "target_sum_squares": 62.89533469917737,
          "target_variance": 0.0005036784443204031,
          "cosine_similarity": 0.7118250727653503
        }
      ],
      "components": {
        "z": {
          "mse": 3.5585055684350664e-06,
          "mae": 0.000753908883780241,
          "r2": -0.8505010372739203,
          "r2_defined": true,
          "r2_reason": null,
          "target_sum_squares": 3.812269854625681,
          "target_variance": 1.9229957540846547e-06,
          "cosine_similarity": 0.08387652039527893
        },
        "concept": {
          "mse": 0.004138657823204994,
          "mae": 0.017979685217142105,
          "r2": 0.6300478544553347,
          "r2_defined": true,
          "r2_reason": null,
          "target_sum_squares": 11088.920712507823,
          "target_variance": 0.01118700840217812,
          "cosine_similarity": 0.62871253490448
        },
        "belief": {
          "mse": 2.239765763079049e-06,
          "mae": 0.0009189095580950379,
          "r2": -0.4299862277858253,
          "r2_defined": true,
          "r2_reason": null,
          "target_sum_squares": 1.5525517764243575,
          "target_variance": 1.566284962979764e-06,
          "cosine_similarity": 0.1622423231601715
        },
        "uncertainty": {
          "mse": 0.011446978896856308,
          "mae": 0.06808736175298691,
          "r2": -0.22900001032536887,
          "r2_defined": true,
          "r2_reason": null,
          "target_sum_squares": 288.51226930301846,
          "target_variance": 0.009314058280701783,
          "cosine_similarity": 0.24683625996112823
        }
      },
      "macro_r2": -0.21985985523244495,
      "macro_r2_available_components": -0.21985985523244495,
      "macro_r2_defined_components": 4
    },
    "conditional_rollout": {
      "kind": "conditional_on_observed_attention_and_mlp",
      "initial_state_mse": 0.0,
      "rollout_error": 1.2411186695098877,
      "mse": 0.009621075354516506,
      "rmse": 0.09808707982301712,
      "final_state_squared_l2": 3.683446168899536,
      "final_state_mse": 0.02855384536087513,
      "per_horizon": [
        {
          "horizon": 1,
          "squared_l2": 0.013411452993750572,
          "mse": 0.00010396476136520505,
          "mae": 0.002008751267567277,
          "r2": 0.9139453125226427,
          "r2_defined": true,
          "r2_reason": null,
          "target_sum_squares": 150.86089854675447,
          "target_variance": 0.001208124307665085,
          "cosine_similarity": 0.9999763369560242
        },
        {
          "horizon": 2,
          "squared_l2": 0.056507524102926254,
          "mse": 0.00043804277083836496,
          "mae": 0.0038275951519608498,
          "r2": 0.6893992388651766,
          "r2_defined": true,
          "r2_reason": null,
          "target_sum_squares": 176.1079992099443,
          "target_variance": 0.0014103081492243602,
          "cosine_similarity": 0.9999235272407532
        },
        {
          "horizon": 3,
          "squared_l2": 0.05287905037403107,
          "mse": 0.00040991511195898056,
          "mae": 0.004010587930679321,
          "r2": 0.6806529413982216,
          "r2_defined": true,
          "r2_reason": null,
          "target_sum_squares": 160.2861846526707,
          "target_variance": 0.0012836038876022702,
          "cosine_similarity": 0.9999359846115112
        },
        {
          "horizon": 4,
          "squared_l2": 0.19913847744464874,
          "mse": 0.0015437091933563352,
          "mae": 0.007705134805291891,
          "r2": 0.24121334524089955,
          "r2_defined": true,
          "r2_reason": null,
          "target_sum_squares": 254.04511836089912,
          "target_variance": 0.0020344442177661856,
          "cosine_similarity": 0.9996107816696167
        },
        {
          "horizon": 5,
          "squared_l2": 0.3360354006290436,
          "mse": 0.002604925539344549,
          "mae": 0.00959052424877882,
          "r2": 0.42303973469884903,
          "r2_defined": true,
          "r2_reason": null,
          "target_sum_squares": 563.7862455722075,
          "target_variance": 0.004514913235731048,
          "cosine_similarity": 0.9994690418243408
        },
        {
          "horizon": 6,
          "squared_l2": 0.7907888889312744,
          "mse": 0.006130145862698555,
          "mae": 0.014390145428478718,
          "r2": -0.9352040670090551,
          "r2_defined": true,
          "r2_reason": null,
          "target_sum_squares": 395.55705223844984,
          "target_variance": 0.003167700142853881,
          "cosine_similarity": 0.9989172220230103
        },
        {
          "horizon": 7,
          "squared_l2": 0.6495960354804993,
          "mse": 0.005035628564655781,
          "mae": 0.013737424276769161,
          "r2": -0.11694320263259961,
          "r2_defined": true,
          "r2_reason": null,
          "target_sum_squares": 562.9731536090144,
          "target_variance": 0.00450840183234844,
          "cosine_similarity": 0.9991174936294556
        },
        {
          "horizon": 8,
          "squared_l2": 0.787394106388092,
          "mse": 0.00610383041203022,
          "mae": 0.015195594169199467,
          "r2": -0.8620821969622301,
          "r2_defined": true,
          "r2_reason": null,
          "target_sum_squares": 409.32539506255785,
          "target_variance": 0.0032779597913267814,
          "cosine_similarity": 0.999138355255127
        },
        {
          "horizon": 9,
          "squared_l2": 0.7683517932891846,
          "mse": 0.005956215318292379,
          "mae": 0.015252770856022835,
          "r2": -0.5230533068021241,
          "r2_defined": true,
          "r2_reason": null,
          "target_sum_squares": 488.33782906324177,
          "target_variance": 0.00391070719667533,
          "cosine_similarity": 0.998963475227356
        },
        {
          "horizon": 10,
          "squared_l2": 0.5754979848861694,
          "mse": 0.004461224656552076,
          "mae": 0.014394905418157578,
          "r2": -0.22763454979918474,
          "r2_defined": true,
          "r2_reason": null,
          "target_sum_squares": 453.7849274363198,
          "target_variance": 0.0036340006361419677,
          "cosine_similarity": 0.9988173246383667
        },
        {
          "horizon": 11,
          "squared_l2": 0.6033207774162292,
          "mse": 0.004676904994994402,
          "mae": 0.015477635897696018,
          "r2": -0.4615931087232821,
          "r2_defined": true,
          "r2_reason": null,
          "target_sum_squares": 399.5739039436014,
          "target_variance": 0.0031998678962745965,
          "cosine_similarity": 0.9986613392829895
        },
        {
          "horizon": 12,
          "squared_l2": 0.739293098449707,
          "mse": 0.005730954464524984,
          "mae": 0.017045317217707634,
          "r2": -0.42157712292011107,
          "r2_defined": true,
          "r2_reason": null,
          "target_sum_squares": 503.40971006696554,
          "target_variance": 0.004031405840116003,
          "cosine_similarity": 0.9985647201538086
        },
        {
          "horizon": 13,
          "squared_l2": 0.6290901899337769,
          "mse": 0.004876668099313974,
          "mae": 0.017383664846420288,
          "r2": -0.3852414001916382,
          "r2_defined": true,
          "r2_reason": null,
          "target_sum_squares": 439.60515862002126,
          "target_variance": 0.003520446205874986,
          "cosine_similarity": 0.9987751245498657
        },
        {
          "horizon": 14,
          "squared_l2": 0.5268027186393738,
          "mse": 0.004083741921931505,
          "mae": 0.017341073602437973,
          "r2": 0.27480749169216334,
          "r2_defined": true,
          "r2_reason": null,
          "target_sum_squares": 703.185746258129,
          "target_variance": 0.0056312523724944665,
          "cosine_similarity": 0.9982622861862183
        },
        {
          "horizon": 15,
          "squared_l2": 0.6079928874969482,
          "mse": 0.004713123198598623,
          "mae": 0.01870703138411045,
          "r2": 0.30815388377852293,
          "r2_defined": true,
          "r2_reason": null,
          "target_sum_squares": 850.6763530783511,
          "target_variance": 0.006812386708616432,
          "cosine_similarity": 0.9979850649833679
        },
        {
          "horizon": 16,
          "squared_l2": 1.0920131206512451,
          "mse": 0.008465217426419258,
          "mae": 0.023841753602027893,
          "r2": 0.10453893076379817,
          "r2_defined": true,
          "r2_reason": null,
          "target_sum_squares": 1180.474140934316,
          "target_variance": 0.009453473484322475,
          "cosine_similarity": 0.9972678422927856
        },
        {
          "horizon": 17,
          "squared_l2": 1.3209445476531982,
          "mse": 0.010239881463348866,
          "mae": 0.025919755920767784,
          "r2": -1.435113691107269,
          "r2_defined": true,
          "r2_reason": null,
          "target_sum_squares": 525.0984642151597,
          "target_variance": 0.00420509372970049,
          "cosine_similarity": 0.9981361627578735
        },
        {
          "horizon": 18,
          "squared_l2": 0.9551448225975037,
          "mse": 0.007404223550111055,
          "mae": 0.02483515627682209,
          "r2": -1.2287790982476312,
          "r2_defined": true,
          "r2_reason": null,
          "target_sum_squares": 414.8370505387611,
          "target_variance": 0.003322098232900579,
          "cosine_similarity": 0.9981241822242737
        },
        {
          "horizon": 19,
          "squared_l2": 0.7564725279808044,
          "mse": 0.005864127539098263,
          "mae": 0.025489361956715584,
          "r2": -0.7509858978631339,
          "r2_defined": true,
          "r2_reason": null,
          "target_sum_squares": 418.2017444099553,
          "target_variance": 0.003349043375696356,
          "cosine_similarity": 0.9981908798217773
        },
        {
          "horizon": 20,
          "squared_l2": 1.1022663116455078,
          "mse": 0.008544699288904667,
          "mae": 0.029512634500861168,
          "r2": -1.9257470336100257,
          "r2_defined": true,
          "r2_reason": null,
          "target_sum_squares": 364.69103880116603,
          "target_variance": 0.0029205189217852362,
          "cosine_similarity": 0.9972789883613586
        },
        {
          "horizon": 21,
          "squared_l2": 1.117911696434021,
          "mse": 0.008665982633829117,
          "mae": 0.03218657523393631,
          "r2": -1.2554100386804556,
          "r2_defined": true,
          "r2_reason": null,
          "target_sum_squares": 479.7968179124027,
          "target_variance": 0.003842309067784633,
          "cosine_similarity": 0.9968583583831787
        },
        {
          "horizon": 22,
          "squared_l2": 1.238175630569458,
          "mse": 0.009598258882761002,
          "mae": 0.035641755908727646,
          "r2": -1.9446048552313178,
          "r2_defined": true,
          "r2_reason": null,
          "target_sum_squares": 407.0338520931027,
          "target_variance": 0.0032596086560085745,
          "cosine_similarity": 0.9943127632141113
        },
        {
          "horizon": 23,
          "squared_l2": 1.1631083488464355,
          "mse": 0.00901634432375431,
          "mae": 0.038510762155056,
          "r2": -2.422338535283273,
          "r2_defined": true,
          "r2_reason": null,
          "target_sum_squares": 328.9823348524426,
          "target_variance": 0.0026345564646393315,
          "cosine_similarity": 0.9939579963684082
        },
        {
          "horizon": 24,
          "squared_l2": 1.3769009113311768,
          "mse": 0.010673651471734047,
          "mae": 0.04279687628149986,
          "r2": -2.9002775437818547,
          "r2_defined": true,
          "r2_reason": null,
          "target_sum_squares": 341.7295743886842,
          "target_variance": 0.0027366389133567513,
          "cosine_similarity": 0.9918598532676697
        },
        {
          "horizon": 25,
          "squared_l2": 1.9395662546157837,
          "mse": 0.015035398304462433,
          "mae": 0.049527719616889954,
          "r2": -4.2183429660953395,
          "r2_defined": true,
          "r2_reason": null,
          "target_sum_squares": 359.78854338312897,
          "target_variance": 0.0028812587560312075,
          "cosine_similarity": 0.9895597696304321
        },
        {
          "horizon": 26,
          "squared_l2": 2.0366017818450928,
          "mse": 0.015787608921527863,
          "mae": 0.05578717216849327,
          "r2": -3.442158733943585,
          "r2_defined": true,
          "r2_reason": null,
          "target_sum_squares": 443.8000499261688,
          "target_variance": 0.003554039736099116,
          "cosine_similarity": 0.987176775932312
        },
        {
          "horizon": 27,
          "squared_l2": 2.281256914138794,
          "mse": 0.01768415980041027,
          "mae": 0.06165416166186333,
          "r2": -5.808067391664096,
          "r2_defined": true,
          "r2_reason": null,
          "target_sum_squares": 324.3587968146038,
          "target_variance": 0.0025975302454882103,
          "cosine_similarity": 0.9856128096580505
        },
        {
          "horizon": 28,
          "squared_l2": 2.3852763175964355,
          "mse": 0.018490511924028397,
          "mae": 0.06726603955030441,
          "r2": -6.500310794365972,
          "r2_defined": true,
          "r2_reason": null,
          "target_sum_squares": 307.84689971559874,
          "target_variance": 0.002465299664581321,
          "cosine_similarity": 0.9835178852081299
        },
        {
          "horizon": 29,
          "squared_l2": 2.6563010215759277,
          "mse": 0.020591480657458305,
          "mae": 0.07373105734586716,
          "r2": -7.141666560682024,
          "r2_defined": true,
          "r2_reason": null,
          "target_sum_squares": 315.8197735916798,
          "target_variance": 0.0025291480363226326,
          "cosine_similarity": 0.9806979894638062
        },
        {
          "horizon": 30,
          "squared_l2": 3.4541008472442627,
          "mse": 0.02677598036825657,
          "mae": 0.08333621174097061,
          "r2": -8.739112740810018,
          "r2_defined": true,
          "r2_reason": null,
          "target_sum_squares": 343.31362849078926,
          "target_variance": 0.0027493243360464255,
          "cosine_similarity": 0.9742163419723511
        },
        {
          "horizon": 31,
          "squared_l2": 3.820211410522461,
          "mse": 0.0296140369027853,
          "mae": 0.0913480818271637,
          "r2": -8.599894831663068,
          "r2_defined": true,
          "r2_reason": null,
          "target_sum_squares": 385.2088394026216,
          "target_variance": 0.0030848295807116215,
          "cosine_similarity": 0.9670858383178711
        },
        {
          "horizon": 32,
          "squared_l2": 3.683446168899536,
          "mse": 0.02855384536087513,
          "mae": 0.09128475934267044,
          "r2": -12.247492520799202,
          "r2_defined": true,
          "r2_reason": null,
          "target_sum_squares": 269.15099679805576,
          "target_variance": 0.00215541511946678,
          "cosine_similarity": 0.9648077487945557
        }
      ],
      "components": {
        "z": {
          "mse": 0.0014369130367413163,
          "mae": 0.019436288625001907,
          "r2": -301.94403730590716,
          "r2_defined": true,
          "r2_reason": null,
          "target_sum_squares": 9.403151224857176,
          "target_variance": 4.743163671500302e-06,
          "cosine_similarity": -0.024174947291612625
        },
        "concept": {
          "mse": 0.030893228948116302,
          "mae": 0.06383419781923294,
          "r2": 0.7371081498175787,
          "r2_defined": true,
          "r2_reason": null,
          "target_sum_squares": 116482.72601818974,
          "target_variance": 0.11751308070985374,
          "cosine_similarity": 0.996771514415741
        },
        "belief": {
          "mse": 0.001923217554576695,
          "mae": 0.020950568839907646,
          "r2": -619.0063137859606,
          "r2_defined": true,
          "r2_reason": null,
          "target_sum_squares": 3.0747344318570784,
          "target_variance": 3.1019321731512687e-06,
          "cosine_similarity": 0.9765723943710327
        },
        "uncertainty": {
          "mse": 0.09902989864349365,
          "mae": 0.2303774058818817,
          "r2": -3.8104011244853853,
          "r2_defined": true,
          "r2_reason": null,
          "target_sum_squares": 637.6911407382145,
          "target_variance": 0.020586619987674797,
          "cosine_similarity": 0.9958677887916565
        }
      },
      "macro_r2": -231.0059110166339,
      "macro_r2_available_components": -231.0059110166339,
      "macro_r2_defined_components": 4
    }
  },
  "semantic_alignment": {
    "modes": {
      "knowledge_enrichment": {
        "available": false,
        "reason": "event_definition_unavailable",
        "auroc": null,
        "average_precision": null
      },
      "information_routing": {
        "available": false,
        "reason": "event_definition_unavailable",
        "auroc": null,
        "average_precision": null
      },
      "concept_composition": {
        "available": true,
        "num_examples": 30976,
        "num_positive": 4418,
        "num_negative": 26558,
        "prevalence": 0.14262654958677687,
        "auroc": 0.4499125669788862,
        "average_precision": 0.12155261630609904,
        "source": "positive_first_token_bridge_log_probability_change",
        "independent_of_training_prior": false,
        "label_rule": "per_query_top_0.250_quantile",
        "num_queries": 968,
        "num_queries_with_valid_layers": 968,
        "num_queries_with_positive_events": 968,
        "coverage": 1.0
      },
      "prediction_refinement": {
        "available": true,
        "num_examples": 30976,
        "num_positive": 2305,
        "num_negative": 28671,
        "prevalence": 0.07441244834710743,
        "auroc": 0.4409596687863836,
        "average_precision": 0.07734363282653489,
        "source": "joint_first_token_answer_logprob_increase_and_uncertainty_decrease",
        "independent_of_training_prior": false,
        "label_rule": "per_query_top_0.250_quantile",
        "num_queries": 968,
        "num_queries_with_valid_layers": 968,
        "num_queries_with_positive_events": 968,
        "coverage": 1.0
      },
      "hop_transition": {
        "available": true,
        "num_examples": 30976,
        "num_positive": 2422,
        "num_negative": 28554,
        "prevalence": 0.07818956611570248,
        "auroc": 0.6171620613429684,
        "average_precision": 0.11219551080943069,
        "source": "joint_first_token_bridge_logprob_decrease_and_answer_logprob_increase",
        "independent_of_training_prior": false,
        "label_rule": "per_query_top_0.250_quantile",
        "num_queries": 968,
        "num_queries_with_valid_layers": 968,
        "num_queries_with_positive_events": 968,
        "coverage": 1.0
      }
    },
    "event_quantile": 0.75,
    "num_available_modes": 3,
    "available_modes": [
      "concept_composition",
      "prediction_refinement",
      "hop_transition"
    ],
    "available_mode_fraction": 0.6,
    "macro_auroc": null,
    "macro_average_precision": null,
    "diagnostic_macro_auroc_available_modes": 0.5026780990360794,
    "diagnostic_macro_average_precision_available_modes": 0.10369725331402153,
    "strict_macro_requires_all_five_modes": true,
    "strict_macro_requires_independent_events": true,
    "all_events_independent_of_training_prior": false,
    "strict_macro_reason": "requires_defined_independent_events_for_all_five_modes"
  }
}
2026-08-18 07:05:34 | INFO | holdout_status=verified_training_split_validation
2026-08-18 07:05:34 | INFO | Saved 968 trajectories to /bigdata/users/90967055/fuzzyDynamics/NeurIPS_Fuzzy_Dynamics_code/results/fuzzy_dynamics_20260818_065222_694752/evaluation/trajectories.jsonl
2026-08-18 07:05:36 | INFO | Completed evaluation
2026-08-18 07:05:36 | INFO | Starting plotting: /bigdata/users/90967055/fuzzyDynamics/NeurIPS_Fuzzy_Dynamics_code/.venv/bin/python -m scripts.plot_trajectory --trajectories /bigdata/users/90967055/fuzzyDynamics/NeurIPS_Fuzzy_Dynamics_code/results/fuzzy_dynamics_20260818_065222_694752/evaluation/trajectories.jsonl --index 0 --experiment-time 20260818_065222_694752 --log-dir /bigdata/users/90967055/fuzzyDynamics/NeurIPS_Fuzzy_Dynamics_code/logs
2026-08-18 07:05:44 | INFO | Log file: /bigdata/users/90967055/fuzzyDynamics/NeurIPS_Fuzzy_Dynamics_code/logs/fuzzy_dynamics_20260818_065222_694752/plot_trajectory_20260818_070544_937957.log
2026-08-18 07:05:44 | INFO | Arguments: {'trajectories': '/bigdata/users/90967055/fuzzyDynamics/NeurIPS_Fuzzy_Dynamics_code/results/fuzzy_dynamics_20260818_065222_694752/evaluation/trajectories.jsonl', 'index': 0, 'output': None, 'experiment_time': '20260818_065222_694752', 'log_dir': '/bigdata/users/90967055/fuzzyDynamics/NeurIPS_Fuzzy_Dynamics_code/logs'}
2026-08-18 07:05:44 | INFO | experiment_time=20260818_065222_694752
2026-08-18 07:05:51 | INFO | Saved /bigdata/users/90967055/fuzzyDynamics/NeurIPS_Fuzzy_Dynamics_code/results/fuzzy_dynamics_20260818_065222_694752/evaluation/trajectory_0.png
2026-08-18 07:05:51 | INFO | Completed plotting
2026-08-18 07:05:51 | INFO | Pipeline complete: /bigdata/users/90967055/fuzzyDynamics/NeurIPS_Fuzzy_Dynamics_code/results/fuzzy_dynamics_20260818_065222_694752
EXPERIMENT_TIME=20260818_065222_694752
EXPERIMENT_DIR=/bigdata/users/90967055/fuzzyDynamics/NeurIPS_Fuzzy_Dynamics_code/results/fuzzy_dynamics_20260818_065222_694752
