project_root=/bigdata/users/90967055/fuzzyDynamics/NeurIPS_Fuzzy_Dynamics_code
python=/bigdata/users/90967055/fuzzyDynamics/NeurIPS_Fuzzy_Dynamics_code/.venv/bin/python
activations=cache/socrates_llama3_8b_tuned_full.pt
config=configs/fuzzy_dynamics_base.json seed=42 device=cuda
activation_archive_ok=cache/socrates_llama3_8b_tuned_full.pt entries=17
python=3.11.8 executable=/bigdata/users/90967055/fuzzyDynamics/NeurIPS_Fuzzy_Dynamics_code/.venv/bin/python
platform=Linux-7.1.4-200.fc44.x86_64-x86_64-with-glibc2.43
numpy=1.26.4 [ok]
torch=2.13.0 [ok]
transformers=4.57.6 [ok]
accelerate=1.14.0 [ok]
datasets=4.8.5 [ok]
pandas=2.3.3 [ok]
tqdm=4.70.0 [ok]
requests=2.34.2 [ok]
matplotlib=3.11.1 [ok]
tuned-lens=0.2.0 [ok]
Unidecode=1.4.0 [ok]
fancy-einsum=0.0.3 [ok]
PyYAML=6.0.3 [ok]
sentencepiece=0.2.2 [ok]
safetensors=0.8.0 [ok]
baukit=0.0.1 [ok]
torch_cuda_build=13.0
cuda_available=True
cuda_device_count=1
Environment check passed.
2026-08-19 18:14:50 | INFO | Log file: /bigdata/users/90967055/fuzzyDynamics/NeurIPS_Fuzzy_Dynamics_code/logs/fuzzy_dynamics_20260819_181450_822633/run_pipeline_20260819_181450_836001.log
2026-08-19 18:14:50 | INFO | experiment_time=20260819_181450_822633
2026-08-19 18:14:50 | INFO | Experiment directory: /bigdata/users/90967055/fuzzyDynamics/NeurIPS_Fuzzy_Dynamics_code/results/fuzzy_dynamics_20260819_181450_822633
2026-08-19 18:14:50 | INFO | Starting training: /bigdata/users/90967055/fuzzyDynamics/NeurIPS_Fuzzy_Dynamics_code/.venv/bin/python -m scripts.train_fuzzy_dynamics --activations /bigdata/users/90967055/fuzzyDynamics/NeurIPS_Fuzzy_Dynamics_code/cache/socrates_llama3_8b_tuned_full.pt --config /bigdata/users/90967055/fuzzyDynamics/NeurIPS_Fuzzy_Dynamics_code/configs/fuzzy_dynamics_base.json --seed 42 --device cuda --results-root /bigdata/users/90967055/fuzzyDynamics/NeurIPS_Fuzzy_Dynamics_code/results --experiment-time 20260819_181450_822633 --log-dir /bigdata/users/90967055/fuzzyDynamics/NeurIPS_Fuzzy_Dynamics_code/logs --log-every-batches 10
2026-08-19 18:14:56 | INFO | Log file: /bigdata/users/90967055/fuzzyDynamics/NeurIPS_Fuzzy_Dynamics_code/logs/fuzzy_dynamics_20260819_181450_822633/train_fuzzy_dynamics_20260819_181455_997848.log
2026-08-19 18:14:56 | INFO | Arguments: {'activations': '/bigdata/users/90967055/fuzzyDynamics/NeurIPS_Fuzzy_Dynamics_code/cache/socrates_llama3_8b_tuned_full.pt', 'results_root': '/bigdata/users/90967055/fuzzyDynamics/NeurIPS_Fuzzy_Dynamics_code/results', 'experiment_time': '20260819_181450_822633', 'config': '/bigdata/users/90967055/fuzzyDynamics/NeurIPS_Fuzzy_Dynamics_code/configs/fuzzy_dynamics_base.json', 'device': 'cuda', 'seed': 42, 'log_dir': '/bigdata/users/90967055/fuzzyDynamics/NeurIPS_Fuzzy_Dynamics_code/logs', 'log_every_batches': 10}
2026-08-19 18:14:56 | INFO | experiment_time=20260819_181450_822633
2026-08-19 18:15:35 | INFO | split_by=category train=6264 validation=968
2026-08-19 18:15:36 | INFO | Fitting shared frozen PCA projectors on 8192 training states across all layers
2026-08-19 18:15:40 | INFO | Fitted block-balanced delta scales: min=0.115523 median=0.608833 max=1.03053
2026-08-19 18:15:49 | INFO | Checkpoints: /bigdata/users/90967055/fuzzyDynamics/NeurIPS_Fuzzy_Dynamics_code/results/fuzzy_dynamics_20260819_181450_822633/checkpoint
2026-08-19 18:15:49 | INFO | Training results: /bigdata/users/90967055/fuzzyDynamics/NeurIPS_Fuzzy_Dynamics_code/results/fuzzy_dynamics_20260819_181450_822633/training
2026-08-19 18:15:50 | INFO | epoch=001 train_batch=10/392 running_loss=1.017764
2026-08-19 18:15:51 | INFO | epoch=001 train_batch=20/392 running_loss=0.925076
2026-08-19 18:15:51 | INFO | epoch=001 train_batch=30/392 running_loss=0.862457
2026-08-19 18:15:51 | INFO | epoch=001 train_batch=40/392 running_loss=0.816108
2026-08-19 18:15:52 | INFO | epoch=001 train_batch=50/392 running_loss=0.779208
2026-08-19 18:15:52 | INFO | epoch=001 train_batch=60/392 running_loss=0.737990
2026-08-19 18:15:52 | INFO | epoch=001 train_batch=70/392 running_loss=0.704167
2026-08-19 18:15:52 | INFO | epoch=001 train_batch=80/392 running_loss=0.673853
2026-08-19 18:15:53 | INFO | epoch=001 train_batch=90/392 running_loss=0.648195
2026-08-19 18:15:53 | INFO | epoch=001 train_batch=100/392 running_loss=0.627159
2026-08-19 18:15:53 | INFO | epoch=001 train_batch=110/392 running_loss=0.604892
2026-08-19 18:15:54 | INFO | epoch=001 train_batch=120/392 running_loss=0.586617
2026-08-19 18:15:54 | INFO | epoch=001 train_batch=130/392 running_loss=0.567031
2026-08-19 18:15:54 | INFO | epoch=001 train_batch=140/392 running_loss=0.549657
2026-08-19 18:15:55 | INFO | epoch=001 train_batch=150/392 running_loss=0.535902
2026-08-19 18:15:55 | INFO | epoch=001 train_batch=160/392 running_loss=0.520955
2026-08-19 18:15:55 | INFO | epoch=001 train_batch=170/392 running_loss=0.507159
2026-08-19 18:15:55 | INFO | epoch=001 train_batch=180/392 running_loss=0.494927
2026-08-19 18:15:56 | INFO | epoch=001 train_batch=190/392 running_loss=0.483262
2026-08-19 18:15:56 | INFO | epoch=001 train_batch=200/392 running_loss=0.472720
2026-08-19 18:15:56 | INFO | epoch=001 train_batch=210/392 running_loss=0.462872
2026-08-19 18:15:57 | INFO | epoch=001 train_batch=220/392 running_loss=0.453155
2026-08-19 18:15:57 | INFO | epoch=001 train_batch=230/392 running_loss=0.443933
2026-08-19 18:15:57 | INFO | epoch=001 train_batch=240/392 running_loss=0.435666
2026-08-19 18:15:58 | INFO | epoch=001 train_batch=250/392 running_loss=0.427554
2026-08-19 18:15:58 | INFO | epoch=001 train_batch=260/392 running_loss=0.419938
2026-08-19 18:15:58 | INFO | epoch=001 train_batch=270/392 running_loss=0.412445
2026-08-19 18:15:58 | INFO | epoch=001 train_batch=280/392 running_loss=0.405602
2026-08-19 18:15:59 | INFO | epoch=001 train_batch=290/392 running_loss=0.398933
2026-08-19 18:15:59 | INFO | epoch=001 train_batch=300/392 running_loss=0.392913
2026-08-19 18:15:59 | INFO | epoch=001 train_batch=310/392 running_loss=0.386998
2026-08-19 18:16:00 | INFO | epoch=001 train_batch=320/392 running_loss=0.381248
2026-08-19 18:16:00 | INFO | epoch=001 train_batch=330/392 running_loss=0.375552
2026-08-19 18:16:00 | INFO | epoch=001 train_batch=340/392 running_loss=0.369949
2026-08-19 18:16:01 | INFO | epoch=001 train_batch=350/392 running_loss=0.365053
2026-08-19 18:16:01 | INFO | epoch=001 train_batch=360/392 running_loss=0.359997
2026-08-19 18:16:01 | INFO | epoch=001 train_batch=370/392 running_loss=0.355293
2026-08-19 18:16:01 | INFO | epoch=001 train_batch=380/392 running_loss=0.351212
2026-08-19 18:16:02 | INFO | epoch=001 train_batch=390/392 running_loss=0.346378
2026-08-19 18:16:02 | INFO | epoch=001 train_batch=392/392 running_loss=0.345564
2026-08-19 18:16:03 | INFO | epoch=001 train_loss=0.345564 validation_loss=0.460746
2026-08-19 18:16:03 | INFO | epoch=001 saved new best.pt
2026-08-19 18:16:03 | INFO | epoch=002 train_batch=10/392 running_loss=0.171484
2026-08-19 18:16:03 | INFO | epoch=002 train_batch=20/392 running_loss=0.169502
2026-08-19 18:16:04 | INFO | epoch=002 train_batch=30/392 running_loss=0.173943
2026-08-19 18:16:04 | INFO | epoch=002 train_batch=40/392 running_loss=0.174964
2026-08-19 18:16:04 | INFO | epoch=002 train_batch=50/392 running_loss=0.173182
2026-08-19 18:16:05 | INFO | epoch=002 train_batch=60/392 running_loss=0.172207
2026-08-19 18:16:05 | INFO | epoch=002 train_batch=70/392 running_loss=0.171993
2026-08-19 18:16:05 | INFO | epoch=002 train_batch=80/392 running_loss=0.170940
2026-08-19 18:16:06 | INFO | epoch=002 train_batch=90/392 running_loss=0.168352
2026-08-19 18:16:06 | INFO | epoch=002 train_batch=100/392 running_loss=0.167313
2026-08-19 18:16:06 | INFO | epoch=002 train_batch=110/392 running_loss=0.165932
2026-08-19 18:16:06 | INFO | epoch=002 train_batch=120/392 running_loss=0.164444
2026-08-19 18:16:07 | INFO | epoch=002 train_batch=130/392 running_loss=0.163590
2026-08-19 18:16:07 | INFO | epoch=002 train_batch=140/392 running_loss=0.163461
2026-08-19 18:16:07 | INFO | epoch=002 train_batch=150/392 running_loss=0.162786
2026-08-19 18:16:08 | INFO | epoch=002 train_batch=160/392 running_loss=0.163003
2026-08-19 18:16:08 | INFO | epoch=002 train_batch=170/392 running_loss=0.163026
2026-08-19 18:16:08 | INFO | epoch=002 train_batch=180/392 running_loss=0.162535
2026-08-19 18:16:08 | INFO | epoch=002 train_batch=190/392 running_loss=0.162061
2026-08-19 18:16:09 | INFO | epoch=002 train_batch=200/392 running_loss=0.161320
2026-08-19 18:16:09 | INFO | epoch=002 train_batch=210/392 running_loss=0.160256
2026-08-19 18:16:09 | INFO | epoch=002 train_batch=220/392 running_loss=0.159151
2026-08-19 18:16:10 | INFO | epoch=002 train_batch=230/392 running_loss=0.158474
2026-08-19 18:16:10 | INFO | epoch=002 train_batch=240/392 running_loss=0.157756
2026-08-19 18:16:10 | INFO | epoch=002 train_batch=250/392 running_loss=0.157325
2026-08-19 18:16:11 | INFO | epoch=002 train_batch=260/392 running_loss=0.156833
2026-08-19 18:16:11 | INFO | epoch=002 train_batch=270/392 running_loss=0.156500
2026-08-19 18:16:11 | INFO | epoch=002 train_batch=280/392 running_loss=0.155829
2026-08-19 18:16:11 | INFO | epoch=002 train_batch=290/392 running_loss=0.155138
2026-08-19 18:16:12 | INFO | epoch=002 train_batch=300/392 running_loss=0.154860
2026-08-19 18:16:12 | INFO | epoch=002 train_batch=310/392 running_loss=0.154313
2026-08-19 18:16:12 | INFO | epoch=002 train_batch=320/392 running_loss=0.153819
2026-08-19 18:16:13 | INFO | epoch=002 train_batch=330/392 running_loss=0.153212
2026-08-19 18:16:13 | INFO | epoch=002 train_batch=340/392 running_loss=0.152988
2026-08-19 18:16:13 | INFO | epoch=002 train_batch=350/392 running_loss=0.152210
2026-08-19 18:16:13 | INFO | epoch=002 train_batch=360/392 running_loss=0.152065
2026-08-19 18:16:14 | INFO | epoch=002 train_batch=370/392 running_loss=0.151748
2026-08-19 18:16:14 | INFO | epoch=002 train_batch=380/392 running_loss=0.151317
2026-08-19 18:16:14 | INFO | epoch=002 train_batch=390/392 running_loss=0.150678
2026-08-19 18:16:14 | INFO | epoch=002 train_batch=392/392 running_loss=0.150511
2026-08-19 18:16:15 | INFO | epoch=002 train_loss=0.150511 validation_loss=0.399389
2026-08-19 18:16:15 | INFO | epoch=002 saved new best.pt
2026-08-19 18:16:16 | INFO | epoch=003 train_batch=10/392 running_loss=0.131631
2026-08-19 18:16:16 | INFO | epoch=003 train_batch=20/392 running_loss=0.127064
2026-08-19 18:16:16 | INFO | epoch=003 train_batch=30/392 running_loss=0.127706
2026-08-19 18:16:16 | INFO | epoch=003 train_batch=40/392 running_loss=0.127216
2026-08-19 18:16:17 | INFO | epoch=003 train_batch=50/392 running_loss=0.127715
2026-08-19 18:16:17 | INFO | epoch=003 train_batch=60/392 running_loss=0.128029
2026-08-19 18:16:17 | INFO | epoch=003 train_batch=70/392 running_loss=0.127997
2026-08-19 18:16:18 | INFO | epoch=003 train_batch=80/392 running_loss=0.127744
2026-08-19 18:16:18 | INFO | epoch=003 train_batch=90/392 running_loss=0.127317
2026-08-19 18:16:18 | INFO | epoch=003 train_batch=100/392 running_loss=0.127231
2026-08-19 18:16:18 | INFO | epoch=003 train_batch=110/392 running_loss=0.125505
2026-08-19 18:16:19 | INFO | epoch=003 train_batch=120/392 running_loss=0.125338
2026-08-19 18:16:19 | INFO | epoch=003 train_batch=130/392 running_loss=0.125440
2026-08-19 18:16:19 | INFO | epoch=003 train_batch=140/392 running_loss=0.125130
2026-08-19 18:16:20 | INFO | epoch=003 train_batch=150/392 running_loss=0.124799
2026-08-19 18:16:20 | INFO | epoch=003 train_batch=160/392 running_loss=0.124022
2026-08-19 18:16:20 | INFO | epoch=003 train_batch=170/392 running_loss=0.123434
2026-08-19 18:16:20 | INFO | epoch=003 train_batch=180/392 running_loss=0.123602
2026-08-19 18:16:21 | INFO | epoch=003 train_batch=190/392 running_loss=0.123463
2026-08-19 18:16:21 | INFO | epoch=003 train_batch=200/392 running_loss=0.123046
2026-08-19 18:16:21 | INFO | epoch=003 train_batch=210/392 running_loss=0.122758
2026-08-19 18:16:22 | INFO | epoch=003 train_batch=220/392 running_loss=0.122215
2026-08-19 18:16:22 | INFO | epoch=003 train_batch=230/392 running_loss=0.122028
2026-08-19 18:16:22 | INFO | epoch=003 train_batch=240/392 running_loss=0.121703
2026-08-19 18:16:22 | INFO | epoch=003 train_batch=250/392 running_loss=0.121442
2026-08-19 18:16:23 | INFO | epoch=003 train_batch=260/392 running_loss=0.121218
2026-08-19 18:16:23 | INFO | epoch=003 train_batch=270/392 running_loss=0.120847
2026-08-19 18:16:23 | INFO | epoch=003 train_batch=280/392 running_loss=0.120441
2026-08-19 18:16:24 | INFO | epoch=003 train_batch=290/392 running_loss=0.120123
2026-08-19 18:16:24 | INFO | epoch=003 train_batch=300/392 running_loss=0.119550
2026-08-19 18:16:24 | INFO | epoch=003 train_batch=310/392 running_loss=0.119305
2026-08-19 18:16:24 | INFO | epoch=003 train_batch=320/392 running_loss=0.119019
2026-08-19 18:16:25 | INFO | epoch=003 train_batch=330/392 running_loss=0.118865
2026-08-19 18:16:25 | INFO | epoch=003 train_batch=340/392 running_loss=0.118513
2026-08-19 18:16:25 | INFO | epoch=003 train_batch=350/392 running_loss=0.118331
2026-08-19 18:16:26 | INFO | epoch=003 train_batch=360/392 running_loss=0.118216
2026-08-19 18:16:26 | INFO | epoch=003 train_batch=370/392 running_loss=0.118088
2026-08-19 18:16:26 | INFO | epoch=003 train_batch=380/392 running_loss=0.117909
2026-08-19 18:16:26 | INFO | epoch=003 train_batch=390/392 running_loss=0.117729
2026-08-19 18:16:27 | INFO | epoch=003 train_batch=392/392 running_loss=0.117634
2026-08-19 18:16:27 | INFO | epoch=003 train_loss=0.117634 validation_loss=0.374195
2026-08-19 18:16:27 | INFO | epoch=003 saved new best.pt
2026-08-19 18:16:28 | INFO | epoch=004 train_batch=10/392 running_loss=0.110383
2026-08-19 18:16:28 | INFO | epoch=004 train_batch=20/392 running_loss=0.110490
2026-08-19 18:16:28 | INFO | epoch=004 train_batch=30/392 running_loss=0.110390
2026-08-19 18:16:29 | INFO | epoch=004 train_batch=40/392 running_loss=0.108897
2026-08-19 18:16:29 | INFO | epoch=004 train_batch=50/392 running_loss=0.108562
2026-08-19 18:16:29 | INFO | epoch=004 train_batch=60/392 running_loss=0.107455
2026-08-19 18:16:29 | INFO | epoch=004 train_batch=70/392 running_loss=0.106792
2026-08-19 18:16:30 | INFO | epoch=004 train_batch=80/392 running_loss=0.106530
2026-08-19 18:16:30 | INFO | epoch=004 train_batch=90/392 running_loss=0.105679
2026-08-19 18:16:30 | INFO | epoch=004 train_batch=100/392 running_loss=0.105338
2026-08-19 18:16:31 | INFO | epoch=004 train_batch=110/392 running_loss=0.105167
2026-08-19 18:16:31 | INFO | epoch=004 train_batch=120/392 running_loss=0.104788
2026-08-19 18:16:31 | INFO | epoch=004 train_batch=130/392 running_loss=0.104848
2026-08-19 18:16:32 | INFO | epoch=004 train_batch=140/392 running_loss=0.104703
2026-08-19 18:16:32 | INFO | epoch=004 train_batch=150/392 running_loss=0.104755
2026-08-19 18:16:32 | INFO | epoch=004 train_batch=160/392 running_loss=0.104523
2026-08-19 18:16:32 | INFO | epoch=004 train_batch=170/392 running_loss=0.104128
2026-08-19 18:16:33 | INFO | epoch=004 train_batch=180/392 running_loss=0.104049
2026-08-19 18:16:33 | INFO | epoch=004 train_batch=190/392 running_loss=0.104156
2026-08-19 18:16:33 | INFO | epoch=004 train_batch=200/392 running_loss=0.103671
2026-08-19 18:16:34 | INFO | epoch=004 train_batch=210/392 running_loss=0.103647
2026-08-19 18:16:34 | INFO | epoch=004 train_batch=220/392 running_loss=0.103576
2026-08-19 18:16:34 | INFO | epoch=004 train_batch=230/392 running_loss=0.103117
2026-08-19 18:16:34 | INFO | epoch=004 train_batch=240/392 running_loss=0.103057
2026-08-19 18:16:35 | INFO | epoch=004 train_batch=250/392 running_loss=0.102819
2026-08-19 18:16:35 | INFO | epoch=004 train_batch=260/392 running_loss=0.102643
2026-08-19 18:16:35 | INFO | epoch=004 train_batch=270/392 running_loss=0.102627
2026-08-19 18:16:36 | INFO | epoch=004 train_batch=280/392 running_loss=0.102726
2026-08-19 18:16:36 | INFO | epoch=004 train_batch=290/392 running_loss=0.102458
2026-08-19 18:16:36 | INFO | epoch=004 train_batch=300/392 running_loss=0.102098
2026-08-19 18:16:36 | INFO | epoch=004 train_batch=310/392 running_loss=0.102000
2026-08-19 18:16:37 | INFO | epoch=004 train_batch=320/392 running_loss=0.101800
2026-08-19 18:16:37 | INFO | epoch=004 train_batch=330/392 running_loss=0.101702
2026-08-19 18:16:37 | INFO | epoch=004 train_batch=340/392 running_loss=0.101445
2026-08-19 18:16:38 | INFO | epoch=004 train_batch=350/392 running_loss=0.101431
2026-08-19 18:16:38 | INFO | epoch=004 train_batch=360/392 running_loss=0.101276
2026-08-19 18:16:38 | INFO | epoch=004 train_batch=370/392 running_loss=0.101070
2026-08-19 18:16:39 | INFO | epoch=004 train_batch=380/392 running_loss=0.100846
2026-08-19 18:16:39 | INFO | epoch=004 train_batch=390/392 running_loss=0.100728
2026-08-19 18:16:39 | INFO | epoch=004 train_batch=392/392 running_loss=0.100728
2026-08-19 18:16:40 | INFO | epoch=004 train_loss=0.100728 validation_loss=0.357838
2026-08-19 18:16:40 | INFO | epoch=004 saved new best.pt
2026-08-19 18:16:40 | INFO | epoch=005 train_batch=10/392 running_loss=0.096208
2026-08-19 18:16:40 | INFO | epoch=005 train_batch=20/392 running_loss=0.092731
2026-08-19 18:16:41 | INFO | epoch=005 train_batch=30/392 running_loss=0.090624
2026-08-19 18:16:41 | INFO | epoch=005 train_batch=40/392 running_loss=0.093152
2026-08-19 18:16:41 | INFO | epoch=005 train_batch=50/392 running_loss=0.093039
2026-08-19 18:16:41 | INFO | epoch=005 train_batch=60/392 running_loss=0.093570
2026-08-19 18:16:42 | INFO | epoch=005 train_batch=70/392 running_loss=0.093819
2026-08-19 18:16:42 | INFO | epoch=005 train_batch=80/392 running_loss=0.093507
2026-08-19 18:16:42 | INFO | epoch=005 train_batch=90/392 running_loss=0.093397
2026-08-19 18:16:43 | INFO | epoch=005 train_batch=100/392 running_loss=0.093356
2026-08-19 18:16:43 | INFO | epoch=005 train_batch=110/392 running_loss=0.093373
2026-08-19 18:16:43 | INFO | epoch=005 train_batch=120/392 running_loss=0.093194
2026-08-19 18:16:43 | INFO | epoch=005 train_batch=130/392 running_loss=0.092902
2026-08-19 18:16:44 | INFO | epoch=005 train_batch=140/392 running_loss=0.092970
2026-08-19 18:16:44 | INFO | epoch=005 train_batch=150/392 running_loss=0.092960
2026-08-19 18:16:44 | INFO | epoch=005 train_batch=160/392 running_loss=0.092860
2026-08-19 18:16:45 | INFO | epoch=005 train_batch=170/392 running_loss=0.092325
2026-08-19 18:16:45 | INFO | epoch=005 train_batch=180/392 running_loss=0.092421
2026-08-19 18:16:45 | INFO | epoch=005 train_batch=190/392 running_loss=0.092268
2026-08-19 18:16:46 | INFO | epoch=005 train_batch=200/392 running_loss=0.091933
2026-08-19 18:16:46 | INFO | epoch=005 train_batch=210/392 running_loss=0.091858
2026-08-19 18:16:46 | INFO | epoch=005 train_batch=220/392 running_loss=0.091950
2026-08-19 18:16:46 | INFO | epoch=005 train_batch=230/392 running_loss=0.092110
2026-08-19 18:16:47 | INFO | epoch=005 train_batch=240/392 running_loss=0.092077
2026-08-19 18:16:47 | INFO | epoch=005 train_batch=250/392 running_loss=0.091802
2026-08-19 18:16:47 | INFO | epoch=005 train_batch=260/392 running_loss=0.091704
2026-08-19 18:16:48 | INFO | epoch=005 train_batch=270/392 running_loss=0.091631
2026-08-19 18:16:48 | INFO | epoch=005 train_batch=280/392 running_loss=0.091335
2026-08-19 18:16:48 | INFO | epoch=005 train_batch=290/392 running_loss=0.091156
2026-08-19 18:16:48 | INFO | epoch=005 train_batch=300/392 running_loss=0.090975
2026-08-19 18:16:49 | INFO | epoch=005 train_batch=310/392 running_loss=0.090597
2026-08-19 18:16:49 | INFO | epoch=005 train_batch=320/392 running_loss=0.090350
2026-08-19 18:16:49 | INFO | epoch=005 train_batch=330/392 running_loss=0.090166
2026-08-19 18:16:50 | INFO | epoch=005 train_batch=340/392 running_loss=0.089921
2026-08-19 18:16:50 | INFO | epoch=005 train_batch=350/392 running_loss=0.090059
2026-08-19 18:16:50 | INFO | epoch=005 train_batch=360/392 running_loss=0.090035
2026-08-19 18:16:50 | INFO | epoch=005 train_batch=370/392 running_loss=0.089927
2026-08-19 18:16:51 | INFO | epoch=005 train_batch=380/392 running_loss=0.089947
2026-08-19 18:16:51 | INFO | epoch=005 train_batch=390/392 running_loss=0.089860
2026-08-19 18:16:51 | INFO | epoch=005 train_batch=392/392 running_loss=0.089857
2026-08-19 18:16:52 | INFO | epoch=005 train_loss=0.089857 validation_loss=0.325309
2026-08-19 18:16:52 | INFO | epoch=005 saved new best.pt
2026-08-19 18:16:52 | INFO | epoch=006 train_batch=10/392 running_loss=0.084292
2026-08-19 18:16:53 | INFO | epoch=006 train_batch=20/392 running_loss=0.083875
2026-08-19 18:16:53 | INFO | epoch=006 train_batch=30/392 running_loss=0.084520
2026-08-19 18:16:53 | INFO | epoch=006 train_batch=40/392 running_loss=0.084003
2026-08-19 18:16:53 | INFO | epoch=006 train_batch=50/392 running_loss=0.083616
2026-08-19 18:16:54 | INFO | epoch=006 train_batch=60/392 running_loss=0.083883
2026-08-19 18:16:54 | INFO | epoch=006 train_batch=70/392 running_loss=0.084112
2026-08-19 18:16:54 | INFO | epoch=006 train_batch=80/392 running_loss=0.084533
2026-08-19 18:16:55 | INFO | epoch=006 train_batch=90/392 running_loss=0.084145
2026-08-19 18:16:55 | INFO | epoch=006 train_batch=100/392 running_loss=0.084475
2026-08-19 18:16:55 | INFO | epoch=006 train_batch=110/392 running_loss=0.084372
2026-08-19 18:16:56 | INFO | epoch=006 train_batch=120/392 running_loss=0.084345
2026-08-19 18:16:56 | INFO | epoch=006 train_batch=130/392 running_loss=0.084416
2026-08-19 18:16:56 | INFO | epoch=006 train_batch=140/392 running_loss=0.084436
2026-08-19 18:16:56 | INFO | epoch=006 train_batch=150/392 running_loss=0.084397
2026-08-19 18:16:57 | INFO | epoch=006 train_batch=160/392 running_loss=0.084624
2026-08-19 18:16:57 | INFO | epoch=006 train_batch=170/392 running_loss=0.084727
2026-08-19 18:16:57 | INFO | epoch=006 train_batch=180/392 running_loss=0.084412
2026-08-19 18:16:58 | INFO | epoch=006 train_batch=190/392 running_loss=0.084110
2026-08-19 18:16:58 | INFO | epoch=006 train_batch=200/392 running_loss=0.083836
2026-08-19 18:16:58 | INFO | epoch=006 train_batch=210/392 running_loss=0.083718
2026-08-19 18:16:58 | INFO | epoch=006 train_batch=220/392 running_loss=0.083452
2026-08-19 18:16:59 | INFO | epoch=006 train_batch=230/392 running_loss=0.083234
2026-08-19 18:16:59 | INFO | epoch=006 train_batch=240/392 running_loss=0.083094
2026-08-19 18:16:59 | INFO | epoch=006 train_batch=250/392 running_loss=0.082705
2026-08-19 18:17:00 | INFO | epoch=006 train_batch=260/392 running_loss=0.082740
2026-08-19 18:17:00 | INFO | epoch=006 train_batch=270/392 running_loss=0.082725
2026-08-19 18:17:00 | INFO | epoch=006 train_batch=280/392 running_loss=0.082520
2026-08-19 18:17:01 | INFO | epoch=006 train_batch=290/392 running_loss=0.082488
2026-08-19 18:17:01 | INFO | epoch=006 train_batch=300/392 running_loss=0.082718
2026-08-19 18:17:01 | INFO | epoch=006 train_batch=310/392 running_loss=0.082712
2026-08-19 18:17:01 | INFO | epoch=006 train_batch=320/392 running_loss=0.082689
2026-08-19 18:17:02 | INFO | epoch=006 train_batch=330/392 running_loss=0.082614
2026-08-19 18:17:02 | INFO | epoch=006 train_batch=340/392 running_loss=0.082476
2026-08-19 18:17:02 | INFO | epoch=006 train_batch=350/392 running_loss=0.082404
2026-08-19 18:17:03 | INFO | epoch=006 train_batch=360/392 running_loss=0.082417
2026-08-19 18:17:03 | INFO | epoch=006 train_batch=370/392 running_loss=0.082471
2026-08-19 18:17:03 | INFO | epoch=006 train_batch=380/392 running_loss=0.082436
2026-08-19 18:17:03 | INFO | epoch=006 train_batch=390/392 running_loss=0.082184
2026-08-19 18:17:03 | INFO | epoch=006 train_batch=392/392 running_loss=0.082224
2026-08-19 18:17:04 | INFO | epoch=006 train_loss=0.082224 validation_loss=0.319654
2026-08-19 18:17:04 | INFO | epoch=006 saved new best.pt
2026-08-19 18:17:05 | INFO | epoch=007 train_batch=10/392 running_loss=0.078847
2026-08-19 18:17:05 | INFO | epoch=007 train_batch=20/392 running_loss=0.078562
2026-08-19 18:17:05 | INFO | epoch=007 train_batch=30/392 running_loss=0.078447
2026-08-19 18:17:05 | INFO | epoch=007 train_batch=40/392 running_loss=0.077041
2026-08-19 18:17:06 | INFO | epoch=007 train_batch=50/392 running_loss=0.076932
2026-08-19 18:17:06 | INFO | epoch=007 train_batch=60/392 running_loss=0.076778
2026-08-19 18:17:06 | INFO | epoch=007 train_batch=70/392 running_loss=0.077082
2026-08-19 18:17:07 | INFO | epoch=007 train_batch=80/392 running_loss=0.077052
2026-08-19 18:17:07 | INFO | epoch=007 train_batch=90/392 running_loss=0.077536
2026-08-19 18:17:07 | INFO | epoch=007 train_batch=100/392 running_loss=0.076822
2026-08-19 18:17:08 | INFO | epoch=007 train_batch=110/392 running_loss=0.077028
2026-08-19 18:17:08 | INFO | epoch=007 train_batch=120/392 running_loss=0.077428
2026-08-19 18:17:08 | INFO | epoch=007 train_batch=130/392 running_loss=0.077576
2026-08-19 18:17:08 | INFO | epoch=007 train_batch=140/392 running_loss=0.077517
2026-08-19 18:17:09 | INFO | epoch=007 train_batch=150/392 running_loss=0.077304
2026-08-19 18:17:09 | INFO | epoch=007 train_batch=160/392 running_loss=0.077104
2026-08-19 18:17:09 | INFO | epoch=007 train_batch=170/392 running_loss=0.076860
2026-08-19 18:17:10 | INFO | epoch=007 train_batch=180/392 running_loss=0.076967
2026-08-19 18:17:10 | INFO | epoch=007 train_batch=190/392 running_loss=0.076530
2026-08-19 18:17:10 | INFO | epoch=007 train_batch=200/392 running_loss=0.076653
2026-08-19 18:17:10 | INFO | epoch=007 train_batch=210/392 running_loss=0.076761
2026-08-19 18:17:11 | INFO | epoch=007 train_batch=220/392 running_loss=0.076573
2026-08-19 18:17:11 | INFO | epoch=007 train_batch=230/392 running_loss=0.076853
2026-08-19 18:17:11 | INFO | epoch=007 train_batch=240/392 running_loss=0.076784
2026-08-19 18:17:12 | INFO | epoch=007 train_batch=250/392 running_loss=0.076752
2026-08-19 18:17:12 | INFO | epoch=007 train_batch=260/392 running_loss=0.076814
2026-08-19 18:17:12 | INFO | epoch=007 train_batch=270/392 running_loss=0.076691
2026-08-19 18:17:12 | INFO | epoch=007 train_batch=280/392 running_loss=0.076619
2026-08-19 18:17:13 | INFO | epoch=007 train_batch=290/392 running_loss=0.076743
2026-08-19 18:17:13 | INFO | epoch=007 train_batch=300/392 running_loss=0.076598
2026-08-19 18:17:13 | INFO | epoch=007 train_batch=310/392 running_loss=0.076588
2026-08-19 18:17:14 | INFO | epoch=007 train_batch=320/392 running_loss=0.076532
2026-08-19 18:17:14 | INFO | epoch=007 train_batch=330/392 running_loss=0.076423
2026-08-19 18:17:14 | INFO | epoch=007 train_batch=340/392 running_loss=0.076428
2026-08-19 18:17:15 | INFO | epoch=007 train_batch=350/392 running_loss=0.076325
2026-08-19 18:17:15 | INFO | epoch=007 train_batch=360/392 running_loss=0.076422
2026-08-19 18:17:15 | INFO | epoch=007 train_batch=370/392 running_loss=0.076316
2026-08-19 18:17:15 | INFO | epoch=007 train_batch=380/392 running_loss=0.076304
2026-08-19 18:17:16 | INFO | epoch=007 train_batch=390/392 running_loss=0.076133
2026-08-19 18:17:16 | INFO | epoch=007 train_batch=392/392 running_loss=0.076074
2026-08-19 18:17:17 | INFO | epoch=007 train_loss=0.076074 validation_loss=0.307803
2026-08-19 18:17:17 | INFO | epoch=007 saved new best.pt
2026-08-19 18:17:17 | INFO | epoch=008 train_batch=10/392 running_loss=0.072380
2026-08-19 18:17:17 | INFO | epoch=008 train_batch=20/392 running_loss=0.072132
2026-08-19 18:17:18 | INFO | epoch=008 train_batch=30/392 running_loss=0.072069
2026-08-19 18:17:18 | INFO | epoch=008 train_batch=40/392 running_loss=0.072579
2026-08-19 18:17:18 | INFO | epoch=008 train_batch=50/392 running_loss=0.072453
2026-08-19 18:17:18 | INFO | epoch=008 train_batch=60/392 running_loss=0.072210
2026-08-19 18:17:19 | INFO | epoch=008 train_batch=70/392 running_loss=0.072313
2026-08-19 18:17:19 | INFO | epoch=008 train_batch=80/392 running_loss=0.072974
2026-08-19 18:17:19 | INFO | epoch=008 train_batch=90/392 running_loss=0.072630
2026-08-19 18:17:20 | INFO | epoch=008 train_batch=100/392 running_loss=0.073090
2026-08-19 18:17:20 | INFO | epoch=008 train_batch=110/392 running_loss=0.073704
2026-08-19 18:17:20 | INFO | epoch=008 train_batch=120/392 running_loss=0.073566
2026-08-19 18:17:21 | INFO | epoch=008 train_batch=130/392 running_loss=0.073510
2026-08-19 18:17:21 | INFO | epoch=008 train_batch=140/392 running_loss=0.073634
2026-08-19 18:17:21 | INFO | epoch=008 train_batch=150/392 running_loss=0.073377
2026-08-19 18:17:21 | INFO | epoch=008 train_batch=160/392 running_loss=0.073689
2026-08-19 18:17:22 | INFO | epoch=008 train_batch=170/392 running_loss=0.073857
2026-08-19 18:17:22 | INFO | epoch=008 train_batch=180/392 running_loss=0.073714
2026-08-19 18:17:22 | INFO | epoch=008 train_batch=190/392 running_loss=0.073337
2026-08-19 18:17:23 | INFO | epoch=008 train_batch=200/392 running_loss=0.073350
2026-08-19 18:17:23 | INFO | epoch=008 train_batch=210/392 running_loss=0.073328
2026-08-19 18:17:23 | INFO | epoch=008 train_batch=220/392 running_loss=0.073086
2026-08-19 18:17:23 | INFO | epoch=008 train_batch=230/392 running_loss=0.073090
2026-08-19 18:17:24 | INFO | epoch=008 train_batch=240/392 running_loss=0.073147
2026-08-19 18:17:24 | INFO | epoch=008 train_batch=250/392 running_loss=0.072926
2026-08-19 18:17:24 | INFO | epoch=008 train_batch=260/392 running_loss=0.072834
2026-08-19 18:17:25 | INFO | epoch=008 train_batch=270/392 running_loss=0.072789
2026-08-19 18:17:25 | INFO | epoch=008 train_batch=280/392 running_loss=0.072779
2026-08-19 18:17:25 | INFO | epoch=008 train_batch=290/392 running_loss=0.072529
2026-08-19 18:17:25 | INFO | epoch=008 train_batch=300/392 running_loss=0.072450
2026-08-19 18:17:26 | INFO | epoch=008 train_batch=310/392 running_loss=0.072371
2026-08-19 18:17:26 | INFO | epoch=008 train_batch=320/392 running_loss=0.072327
2026-08-19 18:17:26 | INFO | epoch=008 train_batch=330/392 running_loss=0.072259
2026-08-19 18:17:27 | INFO | epoch=008 train_batch=340/392 running_loss=0.072198
2026-08-19 18:17:27 | INFO | epoch=008 train_batch=350/392 running_loss=0.072099
2026-08-19 18:17:27 | INFO | epoch=008 train_batch=360/392 running_loss=0.071957
2026-08-19 18:17:28 | INFO | epoch=008 train_batch=370/392 running_loss=0.071811
2026-08-19 18:17:28 | INFO | epoch=008 train_batch=380/392 running_loss=0.071806
2026-08-19 18:17:28 | INFO | epoch=008 train_batch=390/392 running_loss=0.071720
2026-08-19 18:17:28 | INFO | epoch=008 train_batch=392/392 running_loss=0.071754
2026-08-19 18:17:29 | INFO | epoch=008 train_loss=0.071754 validation_loss=0.297993
2026-08-19 18:17:29 | INFO | epoch=008 saved new best.pt
2026-08-19 18:17:29 | INFO | epoch=009 train_batch=10/392 running_loss=0.068219
2026-08-19 18:17:30 | INFO | epoch=009 train_batch=20/392 running_loss=0.067061
2026-08-19 18:17:30 | INFO | epoch=009 train_batch=30/392 running_loss=0.067964
2026-08-19 18:17:30 | INFO | epoch=009 train_batch=40/392 running_loss=0.067289
2026-08-19 18:17:30 | INFO | epoch=009 train_batch=50/392 running_loss=0.067547
2026-08-19 18:17:31 | INFO | epoch=009 train_batch=60/392 running_loss=0.068153
2026-08-19 18:17:31 | INFO | epoch=009 train_batch=70/392 running_loss=0.067502
2026-08-19 18:17:31 | INFO | epoch=009 train_batch=80/392 running_loss=0.067752
2026-08-19 18:17:32 | INFO | epoch=009 train_batch=90/392 running_loss=0.067613
2026-08-19 18:17:32 | INFO | epoch=009 train_batch=100/392 running_loss=0.067812
2026-08-19 18:17:32 | INFO | epoch=009 train_batch=110/392 running_loss=0.067972
2026-08-19 18:17:32 | INFO | epoch=009 train_batch=120/392 running_loss=0.068050
2026-08-19 18:17:33 | INFO | epoch=009 train_batch=130/392 running_loss=0.067932
2026-08-19 18:17:33 | INFO | epoch=009 train_batch=140/392 running_loss=0.067784
2026-08-19 18:17:33 | INFO | epoch=009 train_batch=150/392 running_loss=0.067867
2026-08-19 18:17:34 | INFO | epoch=009 train_batch=160/392 running_loss=0.067929
2026-08-19 18:17:34 | INFO | epoch=009 train_batch=170/392 running_loss=0.067743
2026-08-19 18:17:34 | INFO | epoch=009 train_batch=180/392 running_loss=0.067432
2026-08-19 18:17:35 | INFO | epoch=009 train_batch=190/392 running_loss=0.067456
2026-08-19 18:17:35 | INFO | epoch=009 train_batch=200/392 running_loss=0.067380
2026-08-19 18:17:35 | INFO | epoch=009 train_batch=210/392 running_loss=0.067617
2026-08-19 18:17:35 | INFO | epoch=009 train_batch=220/392 running_loss=0.067571
2026-08-19 18:17:36 | INFO | epoch=009 train_batch=230/392 running_loss=0.067528
2026-08-19 18:17:36 | INFO | epoch=009 train_batch=240/392 running_loss=0.067865
2026-08-19 18:17:36 | INFO | epoch=009 train_batch=250/392 running_loss=0.067992
2026-08-19 18:17:37 | INFO | epoch=009 train_batch=260/392 running_loss=0.068023
2026-08-19 18:17:37 | INFO | epoch=009 train_batch=270/392 running_loss=0.068036
2026-08-19 18:17:37 | INFO | epoch=009 train_batch=280/392 running_loss=0.068079
2026-08-19 18:17:37 | INFO | epoch=009 train_batch=290/392 running_loss=0.068014
2026-08-19 18:17:38 | INFO | epoch=009 train_batch=300/392 running_loss=0.067976
2026-08-19 18:17:38 | INFO | epoch=009 train_batch=310/392 running_loss=0.067960
2026-08-19 18:17:38 | INFO | epoch=009 train_batch=320/392 running_loss=0.067916
2026-08-19 18:17:39 | INFO | epoch=009 train_batch=330/392 running_loss=0.067897
2026-08-19 18:17:39 | INFO | epoch=009 train_batch=340/392 running_loss=0.067907
2026-08-19 18:17:39 | INFO | epoch=009 train_batch=350/392 running_loss=0.067828
2026-08-19 18:17:40 | INFO | epoch=009 train_batch=360/392 running_loss=0.068147
2026-08-19 18:17:40 | INFO | epoch=009 train_batch=370/392 running_loss=0.068227
2026-08-19 18:17:40 | INFO | epoch=009 train_batch=380/392 running_loss=0.068165
2026-08-19 18:17:40 | INFO | epoch=009 train_batch=390/392 running_loss=0.068093
2026-08-19 18:17:40 | INFO | epoch=009 train_batch=392/392 running_loss=0.068080
2026-08-19 18:17:41 | INFO | epoch=009 train_loss=0.068080 validation_loss=0.304942
2026-08-19 18:17:42 | INFO | epoch=010 train_batch=10/392 running_loss=0.060574
2026-08-19 18:17:42 | INFO | epoch=010 train_batch=20/392 running_loss=0.061875
2026-08-19 18:17:42 | INFO | epoch=010 train_batch=30/392 running_loss=0.060639
2026-08-19 18:17:42 | INFO | epoch=010 train_batch=40/392 running_loss=0.062400
2026-08-19 18:17:43 | INFO | epoch=010 train_batch=50/392 running_loss=0.063351
2026-08-19 18:17:43 | INFO | epoch=010 train_batch=60/392 running_loss=0.063308
2026-08-19 18:17:43 | INFO | epoch=010 train_batch=70/392 running_loss=0.063110
2026-08-19 18:17:44 | INFO | epoch=010 train_batch=80/392 running_loss=0.064051
2026-08-19 18:17:44 | INFO | epoch=010 train_batch=90/392 running_loss=0.063958
2026-08-19 18:17:44 | INFO | epoch=010 train_batch=100/392 running_loss=0.064550
2026-08-19 18:17:44 | INFO | epoch=010 train_batch=110/392 running_loss=0.064825
2026-08-19 18:17:45 | INFO | epoch=010 train_batch=120/392 running_loss=0.064629
2026-08-19 18:17:45 | INFO | epoch=010 train_batch=130/392 running_loss=0.064399
2026-08-19 18:17:45 | INFO | epoch=010 train_batch=140/392 running_loss=0.064903
2026-08-19 18:17:46 | INFO | epoch=010 train_batch=150/392 running_loss=0.065135
2026-08-19 18:17:46 | INFO | epoch=010 train_batch=160/392 running_loss=0.065430
2026-08-19 18:17:46 | INFO | epoch=010 train_batch=170/392 running_loss=0.065451
2026-08-19 18:17:46 | INFO | epoch=010 train_batch=180/392 running_loss=0.065540
2026-08-19 18:17:47 | INFO | epoch=010 train_batch=190/392 running_loss=0.065481
2026-08-19 18:17:47 | INFO | epoch=010 train_batch=200/392 running_loss=0.065497
2026-08-19 18:17:47 | INFO | epoch=010 train_batch=210/392 running_loss=0.065615
2026-08-19 18:17:48 | INFO | epoch=010 train_batch=220/392 running_loss=0.065630
2026-08-19 18:17:48 | INFO | epoch=010 train_batch=230/392 running_loss=0.065709
2026-08-19 18:17:48 | INFO | epoch=010 train_batch=240/392 running_loss=0.065613
2026-08-19 18:17:49 | INFO | epoch=010 train_batch=250/392 running_loss=0.065548
2026-08-19 18:17:49 | INFO | epoch=010 train_batch=260/392 running_loss=0.065421
2026-08-19 18:17:49 | INFO | epoch=010 train_batch=270/392 running_loss=0.065205
2026-08-19 18:17:49 | INFO | epoch=010 train_batch=280/392 running_loss=0.065399
2026-08-19 18:17:50 | INFO | epoch=010 train_batch=290/392 running_loss=0.065346
2026-08-19 18:17:50 | INFO | epoch=010 train_batch=300/392 running_loss=0.065350
2026-08-19 18:17:50 | INFO | epoch=010 train_batch=310/392 running_loss=0.065395
2026-08-19 18:17:51 | INFO | epoch=010 train_batch=320/392 running_loss=0.065345
2026-08-19 18:17:51 | INFO | epoch=010 train_batch=330/392 running_loss=0.065173
2026-08-19 18:17:51 | INFO | epoch=010 train_batch=340/392 running_loss=0.064950
2026-08-19 18:17:51 | INFO | epoch=010 train_batch=350/392 running_loss=0.064882
2026-08-19 18:17:52 | INFO | epoch=010 train_batch=360/392 running_loss=0.064985
2026-08-19 18:17:52 | INFO | epoch=010 train_batch=370/392 running_loss=0.064867
2026-08-19 18:17:52 | INFO | epoch=010 train_batch=380/392 running_loss=0.064936
2026-08-19 18:17:53 | INFO | epoch=010 train_batch=390/392 running_loss=0.064894
2026-08-19 18:17:53 | INFO | epoch=010 train_batch=392/392 running_loss=0.064912
2026-08-19 18:17:53 | INFO | epoch=010 train_loss=0.064912 validation_loss=0.298851
2026-08-19 18:17:54 | INFO | epoch=011 train_batch=10/392 running_loss=0.061614
2026-08-19 18:17:54 | INFO | epoch=011 train_batch=20/392 running_loss=0.059242
2026-08-19 18:17:54 | INFO | epoch=011 train_batch=30/392 running_loss=0.060490
2026-08-19 18:17:55 | INFO | epoch=011 train_batch=40/392 running_loss=0.060404
2026-08-19 18:17:55 | INFO | epoch=011 train_batch=50/392 running_loss=0.060825
2026-08-19 18:17:55 | INFO | epoch=011 train_batch=60/392 running_loss=0.061067
2026-08-19 18:17:55 | INFO | epoch=011 train_batch=70/392 running_loss=0.061570
2026-08-19 18:17:56 | INFO | epoch=011 train_batch=80/392 running_loss=0.061635
2026-08-19 18:17:56 | INFO | epoch=011 train_batch=90/392 running_loss=0.061551
2026-08-19 18:17:56 | INFO | epoch=011 train_batch=100/392 running_loss=0.061842
2026-08-19 18:17:57 | INFO | epoch=011 train_batch=110/392 running_loss=0.061509
2026-08-19 18:17:57 | INFO | epoch=011 train_batch=120/392 running_loss=0.061729
2026-08-19 18:17:57 | INFO | epoch=011 train_batch=130/392 running_loss=0.061968
2026-08-19 18:17:58 | INFO | epoch=011 train_batch=140/392 running_loss=0.062112
2026-08-19 18:17:58 | INFO | epoch=011 train_batch=150/392 running_loss=0.062318
2026-08-19 18:17:58 | INFO | epoch=011 train_batch=160/392 running_loss=0.062344
2026-08-19 18:17:58 | INFO | epoch=011 train_batch=170/392 running_loss=0.062060
2026-08-19 18:17:59 | INFO | epoch=011 train_batch=180/392 running_loss=0.062101
2026-08-19 18:17:59 | INFO | epoch=011 train_batch=190/392 running_loss=0.062284
2026-08-19 18:17:59 | INFO | epoch=011 train_batch=200/392 running_loss=0.062019
2026-08-19 18:18:00 | INFO | epoch=011 train_batch=210/392 running_loss=0.062297
2026-08-19 18:18:00 | INFO | epoch=011 train_batch=220/392 running_loss=0.062262
2026-08-19 18:18:00 | INFO | epoch=011 train_batch=230/392 running_loss=0.062274
2026-08-19 18:18:00 | INFO | epoch=011 train_batch=240/392 running_loss=0.062378
2026-08-19 18:18:01 | INFO | epoch=011 train_batch=250/392 running_loss=0.062614
2026-08-19 18:18:01 | INFO | epoch=011 train_batch=260/392 running_loss=0.062303
2026-08-19 18:18:01 | INFO | epoch=011 train_batch=270/392 running_loss=0.062247
2026-08-19 18:18:02 | INFO | epoch=011 train_batch=280/392 running_loss=0.062459
2026-08-19 18:18:02 | INFO | epoch=011 train_batch=290/392 running_loss=0.062542
2026-08-19 18:18:02 | INFO | epoch=011 train_batch=300/392 running_loss=0.062599
2026-08-19 18:18:02 | INFO | epoch=011 train_batch=310/392 running_loss=0.062515
2026-08-19 18:18:03 | INFO | epoch=011 train_batch=320/392 running_loss=0.062566
2026-08-19 18:18:03 | INFO | epoch=011 train_batch=330/392 running_loss=0.062600
2026-08-19 18:18:03 | INFO | epoch=011 train_batch=340/392 running_loss=0.062599
2026-08-19 18:18:04 | INFO | epoch=011 train_batch=350/392 running_loss=0.062523
2026-08-19 18:18:04 | INFO | epoch=011 train_batch=360/392 running_loss=0.062453
2026-08-19 18:18:04 | INFO | epoch=011 train_batch=370/392 running_loss=0.062388
2026-08-19 18:18:05 | INFO | epoch=011 train_batch=380/392 running_loss=0.062357
2026-08-19 18:18:05 | INFO | epoch=011 train_batch=390/392 running_loss=0.062474
2026-08-19 18:18:05 | INFO | epoch=011 train_batch=392/392 running_loss=0.062534
2026-08-19 18:18:06 | INFO | epoch=011 train_loss=0.062534 validation_loss=0.294015
2026-08-19 18:18:06 | INFO | epoch=011 saved new best.pt
2026-08-19 18:18:06 | INFO | epoch=012 train_batch=10/392 running_loss=0.059695
2026-08-19 18:18:06 | INFO | epoch=012 train_batch=20/392 running_loss=0.061541
2026-08-19 18:18:07 | INFO | epoch=012 train_batch=30/392 running_loss=0.060454
2026-08-19 18:18:07 | INFO | epoch=012 train_batch=40/392 running_loss=0.060648
2026-08-19 18:18:07 | INFO | epoch=012 train_batch=50/392 running_loss=0.061245
2026-08-19 18:18:07 | INFO | epoch=012 train_batch=60/392 running_loss=0.060743
2026-08-19 18:18:08 | INFO | epoch=012 train_batch=70/392 running_loss=0.061081
2026-08-19 18:18:08 | INFO | epoch=012 train_batch=80/392 running_loss=0.060773
2026-08-19 18:18:08 | INFO | epoch=012 train_batch=90/392 running_loss=0.060229
2026-08-19 18:18:09 | INFO | epoch=012 train_batch=100/392 running_loss=0.060563
2026-08-19 18:18:09 | INFO | epoch=012 train_batch=110/392 running_loss=0.061184
2026-08-19 18:18:09 | INFO | epoch=012 train_batch=120/392 running_loss=0.061168
2026-08-19 18:18:09 | INFO | epoch=012 train_batch=130/392 running_loss=0.060662
2026-08-19 18:18:10 | INFO | epoch=012 train_batch=140/392 running_loss=0.060940
2026-08-19 18:18:10 | INFO | epoch=012 train_batch=150/392 running_loss=0.060873
2026-08-19 18:18:10 | INFO | epoch=012 train_batch=160/392 running_loss=0.060787
2026-08-19 18:18:11 | INFO | epoch=012 train_batch=170/392 running_loss=0.060576
2026-08-19 18:18:11 | INFO | epoch=012 train_batch=180/392 running_loss=0.060677
2026-08-19 18:18:11 | INFO | epoch=012 train_batch=190/392 running_loss=0.060491
2026-08-19 18:18:12 | INFO | epoch=012 train_batch=200/392 running_loss=0.060384
2026-08-19 18:18:12 | INFO | epoch=012 train_batch=210/392 running_loss=0.060445
2026-08-19 18:18:12 | INFO | epoch=012 train_batch=220/392 running_loss=0.060402
2026-08-19 18:18:13 | INFO | epoch=012 train_batch=230/392 running_loss=0.060555
2026-08-19 18:18:13 | INFO | epoch=012 train_batch=240/392 running_loss=0.060643
2026-08-19 18:18:13 | INFO | epoch=012 train_batch=250/392 running_loss=0.060697
2026-08-19 18:18:13 | INFO | epoch=012 train_batch=260/392 running_loss=0.060498
2026-08-19 18:18:14 | INFO | epoch=012 train_batch=270/392 running_loss=0.060418
2026-08-19 18:18:14 | INFO | epoch=012 train_batch=280/392 running_loss=0.060285
2026-08-19 18:18:14 | INFO | epoch=012 train_batch=290/392 running_loss=0.060372
2026-08-19 18:18:15 | INFO | epoch=012 train_batch=300/392 running_loss=0.060293
2026-08-19 18:18:15 | INFO | epoch=012 train_batch=310/392 running_loss=0.060312
2026-08-19 18:18:15 | INFO | epoch=012 train_batch=320/392 running_loss=0.060200
2026-08-19 18:18:16 | INFO | epoch=012 train_batch=330/392 running_loss=0.060268
2026-08-19 18:18:16 | INFO | epoch=012 train_batch=340/392 running_loss=0.060385
2026-08-19 18:18:16 | INFO | epoch=012 train_batch=350/392 running_loss=0.060395
2026-08-19 18:18:16 | INFO | epoch=012 train_batch=360/392 running_loss=0.060363
2026-08-19 18:18:17 | INFO | epoch=012 train_batch=370/392 running_loss=0.060341
2026-08-19 18:18:17 | INFO | epoch=012 train_batch=380/392 running_loss=0.060339
2026-08-19 18:18:17 | INFO | epoch=012 train_batch=390/392 running_loss=0.060325
2026-08-19 18:18:17 | INFO | epoch=012 train_batch=392/392 running_loss=0.060360
2026-08-19 18:18:18 | INFO | epoch=012 train_loss=0.060360 validation_loss=0.292662
2026-08-19 18:18:18 | INFO | epoch=012 saved new best.pt
2026-08-19 18:18:19 | INFO | epoch=013 train_batch=10/392 running_loss=0.061092
2026-08-19 18:18:19 | INFO | epoch=013 train_batch=20/392 running_loss=0.059199
2026-08-19 18:18:19 | INFO | epoch=013 train_batch=30/392 running_loss=0.058824
2026-08-19 18:18:19 | INFO | epoch=013 train_batch=40/392 running_loss=0.058666
2026-08-19 18:18:20 | INFO | epoch=013 train_batch=50/392 running_loss=0.059341
2026-08-19 18:18:20 | INFO | epoch=013 train_batch=60/392 running_loss=0.058784
2026-08-19 18:18:20 | INFO | epoch=013 train_batch=70/392 running_loss=0.058846
2026-08-19 18:18:21 | INFO | epoch=013 train_batch=80/392 running_loss=0.058473
2026-08-19 18:18:21 | INFO | epoch=013 train_batch=90/392 running_loss=0.058943
2026-08-19 18:18:21 | INFO | epoch=013 train_batch=100/392 running_loss=0.059368
2026-08-19 18:18:22 | INFO | epoch=013 train_batch=110/392 running_loss=0.059403
2026-08-19 18:18:22 | INFO | epoch=013 train_batch=120/392 running_loss=0.059681
2026-08-19 18:18:22 | INFO | epoch=013 train_batch=130/392 running_loss=0.059414
2026-08-19 18:18:22 | INFO | epoch=013 train_batch=140/392 running_loss=0.059072
2026-08-19 18:18:23 | INFO | epoch=013 train_batch=150/392 running_loss=0.058945
2026-08-19 18:18:23 | INFO | epoch=013 train_batch=160/392 running_loss=0.059010
2026-08-19 18:18:23 | INFO | epoch=013 train_batch=170/392 running_loss=0.058766
2026-08-19 18:18:24 | INFO | epoch=013 train_batch=180/392 running_loss=0.058631
2026-08-19 18:18:24 | INFO | epoch=013 train_batch=190/392 running_loss=0.058448
2026-08-19 18:18:24 | INFO | epoch=013 train_batch=200/392 running_loss=0.058410
2026-08-19 18:18:24 | INFO | epoch=013 train_batch=210/392 running_loss=0.058192
2026-08-19 18:18:25 | INFO | epoch=013 train_batch=220/392 running_loss=0.058143
2026-08-19 18:18:25 | INFO | epoch=013 train_batch=230/392 running_loss=0.058324
2026-08-19 18:18:25 | INFO | epoch=013 train_batch=240/392 running_loss=0.058179
2026-08-19 18:18:26 | INFO | epoch=013 train_batch=250/392 running_loss=0.058302
2026-08-19 18:18:26 | INFO | epoch=013 train_batch=260/392 running_loss=0.058204
2026-08-19 18:18:26 | INFO | epoch=013 train_batch=270/392 running_loss=0.058195
2026-08-19 18:18:26 | INFO | epoch=013 train_batch=280/392 running_loss=0.058279
2026-08-19 18:18:27 | INFO | epoch=013 train_batch=290/392 running_loss=0.058499
2026-08-19 18:18:27 | INFO | epoch=013 train_batch=300/392 running_loss=0.058477
2026-08-19 18:18:27 | INFO | epoch=013 train_batch=310/392 running_loss=0.058467
2026-08-19 18:18:28 | INFO | epoch=013 train_batch=320/392 running_loss=0.058292
2026-08-19 18:18:28 | INFO | epoch=013 train_batch=330/392 running_loss=0.058228
2026-08-19 18:18:28 | INFO | epoch=013 train_batch=340/392 running_loss=0.058220
2026-08-19 18:18:28 | INFO | epoch=013 train_batch=350/392 running_loss=0.058294
2026-08-19 18:18:29 | INFO | epoch=013 train_batch=360/392 running_loss=0.058366
2026-08-19 18:18:29 | INFO | epoch=013 train_batch=370/392 running_loss=0.058286
2026-08-19 18:18:29 | INFO | epoch=013 train_batch=380/392 running_loss=0.058259
2026-08-19 18:18:30 | INFO | epoch=013 train_batch=390/392 running_loss=0.058292
2026-08-19 18:18:30 | INFO | epoch=013 train_batch=392/392 running_loss=0.058357
2026-08-19 18:18:30 | INFO | epoch=013 train_loss=0.058357 validation_loss=0.283221
2026-08-19 18:18:30 | INFO | epoch=013 saved new best.pt
2026-08-19 18:18:31 | INFO | epoch=014 train_batch=10/392 running_loss=0.052202
2026-08-19 18:18:31 | INFO | epoch=014 train_batch=20/392 running_loss=0.057442
2026-08-19 18:18:32 | INFO | epoch=014 train_batch=30/392 running_loss=0.056091
2026-08-19 18:18:32 | INFO | epoch=014 train_batch=40/392 running_loss=0.056835
2026-08-19 18:18:32 | INFO | epoch=014 train_batch=50/392 running_loss=0.055979
2026-08-19 18:18:33 | INFO | epoch=014 train_batch=60/392 running_loss=0.056028
2026-08-19 18:18:33 | INFO | epoch=014 train_batch=70/392 running_loss=0.055948
2026-08-19 18:18:33 | INFO | epoch=014 train_batch=80/392 running_loss=0.055746
2026-08-19 18:18:34 | INFO | epoch=014 train_batch=90/392 running_loss=0.055477
2026-08-19 18:18:34 | INFO | epoch=014 train_batch=100/392 running_loss=0.055557
2026-08-19 18:18:34 | INFO | epoch=014 train_batch=110/392 running_loss=0.055767
2026-08-19 18:18:35 | INFO | epoch=014 train_batch=120/392 running_loss=0.055621
2026-08-19 18:18:35 | INFO | epoch=014 train_batch=130/392 running_loss=0.055993
2026-08-19 18:18:35 | INFO | epoch=014 train_batch=140/392 running_loss=0.055990
2026-08-19 18:18:36 | INFO | epoch=014 train_batch=150/392 running_loss=0.056136
2026-08-19 18:18:36 | INFO | epoch=014 train_batch=160/392 running_loss=0.056504
2026-08-19 18:18:36 | INFO | epoch=014 train_batch=170/392 running_loss=0.056557
2026-08-19 18:18:37 | INFO | epoch=014 train_batch=180/392 running_loss=0.056694
2026-08-19 18:18:37 | INFO | epoch=014 train_batch=190/392 running_loss=0.056430
2026-08-19 18:18:37 | INFO | epoch=014 train_batch=200/392 running_loss=0.056317
2026-08-19 18:18:38 | INFO | epoch=014 train_batch=210/392 running_loss=0.056146
2026-08-19 18:18:38 | INFO | epoch=014 train_batch=220/392 running_loss=0.056081
2026-08-19 18:18:38 | INFO | epoch=014 train_batch=230/392 running_loss=0.056351
2026-08-19 18:18:39 | INFO | epoch=014 train_batch=240/392 running_loss=0.056313
2026-08-19 18:18:39 | INFO | epoch=014 train_batch=250/392 running_loss=0.056297
2026-08-19 18:18:40 | INFO | epoch=014 train_batch=260/392 running_loss=0.056600
2026-08-19 18:18:40 | INFO | epoch=014 train_batch=270/392 running_loss=0.056588
2026-08-19 18:18:40 | INFO | epoch=014 train_batch=280/392 running_loss=0.056558
2026-08-19 18:18:41 | INFO | epoch=014 train_batch=290/392 running_loss=0.056647
2026-08-19 18:18:41 | INFO | epoch=014 train_batch=300/392 running_loss=0.056598
2026-08-19 18:18:41 | INFO | epoch=014 train_batch=310/392 running_loss=0.056474
2026-08-19 18:18:42 | INFO | epoch=014 train_batch=320/392 running_loss=0.056497
2026-08-19 18:18:42 | INFO | epoch=014 train_batch=330/392 running_loss=0.056534
2026-08-19 18:18:42 | INFO | epoch=014 train_batch=340/392 running_loss=0.056555
2026-08-19 18:18:43 | INFO | epoch=014 train_batch=350/392 running_loss=0.056689
2026-08-19 18:18:43 | INFO | epoch=014 train_batch=360/392 running_loss=0.056676
2026-08-19 18:18:43 | INFO | epoch=014 train_batch=370/392 running_loss=0.056760
2026-08-19 18:18:44 | INFO | epoch=014 train_batch=380/392 running_loss=0.056714
2026-08-19 18:18:44 | INFO | epoch=014 train_batch=390/392 running_loss=0.056753
2026-08-19 18:18:44 | INFO | epoch=014 train_batch=392/392 running_loss=0.056835
2026-08-19 18:18:45 | INFO | epoch=014 train_loss=0.056835 validation_loss=0.280804
2026-08-19 18:18:45 | INFO | epoch=014 saved new best.pt
2026-08-19 18:18:45 | INFO | epoch=015 train_batch=10/392 running_loss=0.051322
2026-08-19 18:18:46 | INFO | epoch=015 train_batch=20/392 running_loss=0.052658
2026-08-19 18:18:46 | INFO | epoch=015 train_batch=30/392 running_loss=0.052804
2026-08-19 18:18:47 | INFO | epoch=015 train_batch=40/392 running_loss=0.054053
2026-08-19 18:18:47 | INFO | epoch=015 train_batch=50/392 running_loss=0.053774
2026-08-19 18:18:47 | INFO | epoch=015 train_batch=60/392 running_loss=0.053838
2026-08-19 18:18:48 | INFO | epoch=015 train_batch=70/392 running_loss=0.054265
2026-08-19 18:18:48 | INFO | epoch=015 train_batch=80/392 running_loss=0.054602
2026-08-19 18:18:48 | INFO | epoch=015 train_batch=90/392 running_loss=0.055054
2026-08-19 18:18:49 | INFO | epoch=015 train_batch=100/392 running_loss=0.055033
2026-08-19 18:18:49 | INFO | epoch=015 train_batch=110/392 running_loss=0.055027
2026-08-19 18:18:49 | INFO | epoch=015 train_batch=120/392 running_loss=0.055307
2026-08-19 18:18:50 | INFO | epoch=015 train_batch=130/392 running_loss=0.055504
2026-08-19 18:18:50 | INFO | epoch=015 train_batch=140/392 running_loss=0.055422
2026-08-19 18:18:50 | INFO | epoch=015 train_batch=150/392 running_loss=0.055319
2026-08-19 18:18:51 | INFO | epoch=015 train_batch=160/392 running_loss=0.055127
2026-08-19 18:18:51 | INFO | epoch=015 train_batch=170/392 running_loss=0.055094
2026-08-19 18:18:51 | INFO | epoch=015 train_batch=180/392 running_loss=0.055086
2026-08-19 18:18:52 | INFO | epoch=015 train_batch=190/392 running_loss=0.055041
2026-08-19 18:18:52 | INFO | epoch=015 train_batch=200/392 running_loss=0.055031
2026-08-19 18:18:52 | INFO | epoch=015 train_batch=210/392 running_loss=0.055411
2026-08-19 18:18:53 | INFO | epoch=015 train_batch=220/392 running_loss=0.055419
2026-08-19 18:18:53 | INFO | epoch=015 train_batch=230/392 running_loss=0.055400
2026-08-19 18:18:54 | INFO | epoch=015 train_batch=240/392 running_loss=0.055322
2026-08-19 18:18:54 | INFO | epoch=015 train_batch=250/392 running_loss=0.055477
2026-08-19 18:18:54 | INFO | epoch=015 train_batch=260/392 running_loss=0.055445
2026-08-19 18:18:55 | INFO | epoch=015 train_batch=270/392 running_loss=0.055482
2026-08-19 18:18:55 | INFO | epoch=015 train_batch=280/392 running_loss=0.055550
2026-08-19 18:18:55 | INFO | epoch=015 train_batch=290/392 running_loss=0.055591
2026-08-19 18:18:56 | INFO | epoch=015 train_batch=300/392 running_loss=0.055498
2026-08-19 18:18:56 | INFO | epoch=015 train_batch=310/392 running_loss=0.055492
2026-08-19 18:18:56 | INFO | epoch=015 train_batch=320/392 running_loss=0.055428
2026-08-19 18:18:57 | INFO | epoch=015 train_batch=330/392 running_loss=0.055551
2026-08-19 18:18:57 | INFO | epoch=015 train_batch=340/392 running_loss=0.055521
2026-08-19 18:18:57 | INFO | epoch=015 train_batch=350/392 running_loss=0.055526
2026-08-19 18:18:58 | INFO | epoch=015 train_batch=360/392 running_loss=0.055445
2026-08-19 18:18:58 | INFO | epoch=015 train_batch=370/392 running_loss=0.055435
2026-08-19 18:18:58 | INFO | epoch=015 train_batch=380/392 running_loss=0.055534
2026-08-19 18:18:59 | INFO | epoch=015 train_batch=390/392 running_loss=0.055556
2026-08-19 18:18:59 | INFO | epoch=015 train_batch=392/392 running_loss=0.055564
2026-08-19 18:19:00 | INFO | epoch=015 train_loss=0.055564 validation_loss=0.284708
2026-08-19 18:19:00 | INFO | epoch=016 train_batch=10/392 running_loss=0.054431
2026-08-19 18:19:01 | INFO | epoch=016 train_batch=20/392 running_loss=0.055207
2026-08-19 18:19:01 | INFO | epoch=016 train_batch=30/392 running_loss=0.055688
2026-08-19 18:19:01 | INFO | epoch=016 train_batch=40/392 running_loss=0.055369
2026-08-19 18:19:02 | INFO | epoch=016 train_batch=50/392 running_loss=0.054912
2026-08-19 18:19:02 | INFO | epoch=016 train_batch=60/392 running_loss=0.055470
2026-08-19 18:19:02 | INFO | epoch=016 train_batch=70/392 running_loss=0.055618
2026-08-19 18:19:03 | INFO | epoch=016 train_batch=80/392 running_loss=0.055721
2026-08-19 18:19:03 | INFO | epoch=016 train_batch=90/392 running_loss=0.055496
2026-08-19 18:19:04 | INFO | epoch=016 train_batch=100/392 running_loss=0.055580
2026-08-19 18:19:04 | INFO | epoch=016 train_batch=110/392 running_loss=0.055561
2026-08-19 18:19:04 | INFO | epoch=016 train_batch=120/392 running_loss=0.055348
2026-08-19 18:19:05 | INFO | epoch=016 train_batch=130/392 running_loss=0.055198
2026-08-19 18:19:05 | INFO | epoch=016 train_batch=140/392 running_loss=0.055395
2026-08-19 18:19:05 | INFO | epoch=016 train_batch=150/392 running_loss=0.055431
2026-08-19 18:19:06 | INFO | epoch=016 train_batch=160/392 running_loss=0.055050
2026-08-19 18:19:06 | INFO | epoch=016 train_batch=170/392 running_loss=0.055113
2026-08-19 18:19:06 | INFO | epoch=016 train_batch=180/392 running_loss=0.055073
2026-08-19 18:19:07 | INFO | epoch=016 train_batch=190/392 running_loss=0.054759
2026-08-19 18:19:07 | INFO | epoch=016 train_batch=200/392 running_loss=0.054562
2026-08-19 18:19:07 | INFO | epoch=016 train_batch=210/392 running_loss=0.054391
2026-08-19 18:19:08 | INFO | epoch=016 train_batch=220/392 running_loss=0.054341
2026-08-19 18:19:08 | INFO | epoch=016 train_batch=230/392 running_loss=0.054376
2026-08-19 18:19:08 | INFO | epoch=016 train_batch=240/392 running_loss=0.054334
2026-08-19 18:19:09 | INFO | epoch=016 train_batch=250/392 running_loss=0.054145
2026-08-19 18:19:09 | INFO | epoch=016 train_batch=260/392 running_loss=0.054248
2026-08-19 18:19:09 | INFO | epoch=016 train_batch=270/392 running_loss=0.054219
2026-08-19 18:19:10 | INFO | epoch=016 train_batch=280/392 running_loss=0.054242
2026-08-19 18:19:10 | INFO | epoch=016 train_batch=290/392 running_loss=0.054348
2026-08-19 18:19:11 | INFO | epoch=016 train_batch=300/392 running_loss=0.054323
2026-08-19 18:19:11 | INFO | epoch=016 train_batch=310/392 running_loss=0.054292
2026-08-19 18:19:11 | INFO | epoch=016 train_batch=320/392 running_loss=0.054282
2026-08-19 18:19:12 | INFO | epoch=016 train_batch=330/392 running_loss=0.054175
2026-08-19 18:19:12 | INFO | epoch=016 train_batch=340/392 running_loss=0.054378
2026-08-19 18:19:12 | INFO | epoch=016 train_batch=350/392 running_loss=0.054343
2026-08-19 18:19:13 | INFO | epoch=016 train_batch=360/392 running_loss=0.054391
2026-08-19 18:19:13 | INFO | epoch=016 train_batch=370/392 running_loss=0.054415
2026-08-19 18:19:13 | INFO | epoch=016 train_batch=380/392 running_loss=0.054309
2026-08-19 18:19:14 | INFO | epoch=016 train_batch=390/392 running_loss=0.054240
2026-08-19 18:19:14 | INFO | epoch=016 train_batch=392/392 running_loss=0.054235
2026-08-19 18:19:15 | INFO | epoch=016 train_loss=0.054235 validation_loss=0.282112
2026-08-19 18:19:15 | INFO | epoch=017 train_batch=10/392 running_loss=0.049664
2026-08-19 18:19:16 | INFO | epoch=017 train_batch=20/392 running_loss=0.053311
2026-08-19 18:19:16 | INFO | epoch=017 train_batch=30/392 running_loss=0.053638
2026-08-19 18:19:16 | INFO | epoch=017 train_batch=40/392 running_loss=0.053623
2026-08-19 18:19:17 | INFO | epoch=017 train_batch=50/392 running_loss=0.052587
2026-08-19 18:19:17 | INFO | epoch=017 train_batch=60/392 running_loss=0.052275
2026-08-19 18:19:17 | INFO | epoch=017 train_batch=70/392 running_loss=0.052458
2026-08-19 18:19:18 | INFO | epoch=017 train_batch=80/392 running_loss=0.052219
2026-08-19 18:19:18 | INFO | epoch=017 train_batch=90/392 running_loss=0.052649
2026-08-19 18:19:18 | INFO | epoch=017 train_batch=100/392 running_loss=0.052797
2026-08-19 18:19:19 | INFO | epoch=017 train_batch=110/392 running_loss=0.052822
2026-08-19 18:19:19 | INFO | epoch=017 train_batch=120/392 running_loss=0.052622
2026-08-19 18:19:19 | INFO | epoch=017 train_batch=130/392 running_loss=0.052683
2026-08-19 18:19:20 | INFO | epoch=017 train_batch=140/392 running_loss=0.052742
2026-08-19 18:19:20 | INFO | epoch=017 train_batch=150/392 running_loss=0.052674
2026-08-19 18:19:20 | INFO | epoch=017 train_batch=160/392 running_loss=0.052453
2026-08-19 18:19:21 | INFO | epoch=017 train_batch=170/392 running_loss=0.052389
2026-08-19 18:19:21 | INFO | epoch=017 train_batch=180/392 running_loss=0.052315
2026-08-19 18:19:22 | INFO | epoch=017 train_batch=190/392 running_loss=0.052463
2026-08-19 18:19:22 | INFO | epoch=017 train_batch=200/392 running_loss=0.052810
2026-08-19 18:19:22 | INFO | epoch=017 train_batch=210/392 running_loss=0.052859
2026-08-19 18:19:23 | INFO | epoch=017 train_batch=220/392 running_loss=0.052787
2026-08-19 18:19:23 | INFO | epoch=017 train_batch=230/392 running_loss=0.052954
2026-08-19 18:19:23 | INFO | epoch=017 train_batch=240/392 running_loss=0.052864
2026-08-19 18:19:24 | INFO | epoch=017 train_batch=250/392 running_loss=0.052940
2026-08-19 18:19:24 | INFO | epoch=017 train_batch=260/392 running_loss=0.052897
2026-08-19 18:19:24 | INFO | epoch=017 train_batch=270/392 running_loss=0.052946
2026-08-19 18:19:25 | INFO | epoch=017 train_batch=280/392 running_loss=0.052891
2026-08-19 18:19:25 | INFO | epoch=017 train_batch=290/392 running_loss=0.052990
2026-08-19 18:19:25 | INFO | epoch=017 train_batch=300/392 running_loss=0.053072
2026-08-19 18:19:26 | INFO | epoch=017 train_batch=310/392 running_loss=0.053104
2026-08-19 18:19:26 | INFO | epoch=017 train_batch=320/392 running_loss=0.053183
2026-08-19 18:19:26 | INFO | epoch=017 train_batch=330/392 running_loss=0.053179
2026-08-19 18:19:27 | INFO | epoch=017 train_batch=340/392 running_loss=0.053124
2026-08-19 18:19:27 | INFO | epoch=017 train_batch=350/392 running_loss=0.053099
2026-08-19 18:19:27 | INFO | epoch=017 train_batch=360/392 running_loss=0.053167
2026-08-19 18:19:28 | INFO | epoch=017 train_batch=370/392 running_loss=0.053050
2026-08-19 18:19:28 | INFO | epoch=017 train_batch=380/392 running_loss=0.053167
2026-08-19 18:19:28 | INFO | epoch=017 train_batch=390/392 running_loss=0.053108
2026-08-19 18:19:29 | INFO | epoch=017 train_batch=392/392 running_loss=0.053149
2026-08-19 18:19:29 | INFO | epoch=017 train_loss=0.053149 validation_loss=0.278803
2026-08-19 18:19:29 | INFO | epoch=017 saved new best.pt
2026-08-19 18:19:30 | INFO | epoch=018 train_batch=10/392 running_loss=0.052845
2026-08-19 18:19:30 | INFO | epoch=018 train_batch=20/392 running_loss=0.055144
2026-08-19 18:19:30 | INFO | epoch=018 train_batch=30/392 running_loss=0.053805
2026-08-19 18:19:31 | INFO | epoch=018 train_batch=40/392 running_loss=0.054099
2026-08-19 18:19:31 | INFO | epoch=018 train_batch=50/392 running_loss=0.053292
2026-08-19 18:19:31 | INFO | epoch=018 train_batch=60/392 running_loss=0.053537
2026-08-19 18:19:31 | INFO | epoch=018 train_batch=70/392 running_loss=0.053350
2026-08-19 18:19:32 | INFO | epoch=018 train_batch=80/392 running_loss=0.053080
2026-08-19 18:19:32 | INFO | epoch=018 train_batch=90/392 running_loss=0.053070
2026-08-19 18:19:32 | INFO | epoch=018 train_batch=100/392 running_loss=0.053119
2026-08-19 18:19:33 | INFO | epoch=018 train_batch=110/392 running_loss=0.053096
2026-08-19 18:19:33 | INFO | epoch=018 train_batch=120/392 running_loss=0.053263
2026-08-19 18:19:33 | INFO | epoch=018 train_batch=130/392 running_loss=0.053097
2026-08-19 18:19:33 | INFO | epoch=018 train_batch=140/392 running_loss=0.053400
2026-08-19 18:19:34 | INFO | epoch=018 train_batch=150/392 running_loss=0.053222
2026-08-19 18:19:34 | INFO | epoch=018 train_batch=160/392 running_loss=0.053368
2026-08-19 18:19:34 | INFO | epoch=018 train_batch=170/392 running_loss=0.053198
2026-08-19 18:19:35 | INFO | epoch=018 train_batch=180/392 running_loss=0.053207
2026-08-19 18:19:35 | INFO | epoch=018 train_batch=190/392 running_loss=0.053314
2026-08-19 18:19:35 | INFO | epoch=018 train_batch=200/392 running_loss=0.053126
2026-08-19 18:19:35 | INFO | epoch=018 train_batch=210/392 running_loss=0.052965
2026-08-19 18:19:36 | INFO | epoch=018 train_batch=220/392 running_loss=0.052827
2026-08-19 18:19:36 | INFO | epoch=018 train_batch=230/392 running_loss=0.052671
2026-08-19 18:19:36 | INFO | epoch=018 train_batch=240/392 running_loss=0.052538
2026-08-19 18:19:37 | INFO | epoch=018 train_batch=250/392 running_loss=0.052637
2026-08-19 18:19:37 | INFO | epoch=018 train_batch=260/392 running_loss=0.052707
2026-08-19 18:19:37 | INFO | epoch=018 train_batch=270/392 running_loss=0.052550
2026-08-19 18:19:38 | INFO | epoch=018 train_batch=280/392 running_loss=0.052515
2026-08-19 18:19:38 | INFO | epoch=018 train_batch=290/392 running_loss=0.052546
2026-08-19 18:19:38 | INFO | epoch=018 train_batch=300/392 running_loss=0.052511
2026-08-19 18:19:38 | INFO | epoch=018 train_batch=310/392 running_loss=0.052598
2026-08-19 18:19:39 | INFO | epoch=018 train_batch=320/392 running_loss=0.052469
2026-08-19 18:19:39 | INFO | epoch=018 train_batch=330/392 running_loss=0.052408
2026-08-19 18:19:39 | INFO | epoch=018 train_batch=340/392 running_loss=0.052530
2026-08-19 18:19:40 | INFO | epoch=018 train_batch=350/392 running_loss=0.052463
2026-08-19 18:19:40 | INFO | epoch=018 train_batch=360/392 running_loss=0.052558
2026-08-19 18:19:40 | INFO | epoch=018 train_batch=370/392 running_loss=0.052432
2026-08-19 18:19:40 | INFO | epoch=018 train_batch=380/392 running_loss=0.052474
2026-08-19 18:19:41 | INFO | epoch=018 train_batch=390/392 running_loss=0.052449
2026-08-19 18:19:41 | INFO | epoch=018 train_batch=392/392 running_loss=0.052401
2026-08-19 18:19:42 | INFO | epoch=018 train_loss=0.052401 validation_loss=0.278300
2026-08-19 18:19:42 | INFO | epoch=018 saved new best.pt
2026-08-19 18:19:42 | INFO | epoch=019 train_batch=10/392 running_loss=0.049775
2026-08-19 18:19:42 | INFO | epoch=019 train_batch=20/392 running_loss=0.053441
2026-08-19 18:19:43 | INFO | epoch=019 train_batch=30/392 running_loss=0.052260
2026-08-19 18:19:43 | INFO | epoch=019 train_batch=40/392 running_loss=0.051771
2026-08-19 18:19:43 | INFO | epoch=019 train_batch=50/392 running_loss=0.051503
2026-08-19 18:19:43 | INFO | epoch=019 train_batch=60/392 running_loss=0.051705
2026-08-19 18:19:44 | INFO | epoch=019 train_batch=70/392 running_loss=0.050951
2026-08-19 18:19:44 | INFO | epoch=019 train_batch=80/392 running_loss=0.051010
2026-08-19 18:19:44 | INFO | epoch=019 train_batch=90/392 running_loss=0.051326
2026-08-19 18:19:45 | INFO | epoch=019 train_batch=100/392 running_loss=0.051078
2026-08-19 18:19:45 | INFO | epoch=019 train_batch=110/392 running_loss=0.050933
2026-08-19 18:19:45 | INFO | epoch=019 train_batch=120/392 running_loss=0.050815
2026-08-19 18:19:45 | INFO | epoch=019 train_batch=130/392 running_loss=0.051095
2026-08-19 18:19:46 | INFO | epoch=019 train_batch=140/392 running_loss=0.050882
2026-08-19 18:19:46 | INFO | epoch=019 train_batch=150/392 running_loss=0.050888
2026-08-19 18:19:46 | INFO | epoch=019 train_batch=160/392 running_loss=0.050829
2026-08-19 18:19:47 | INFO | epoch=019 train_batch=170/392 running_loss=0.050999
2026-08-19 18:19:47 | INFO | epoch=019 train_batch=180/392 running_loss=0.050940
2026-08-19 18:19:47 | INFO | epoch=019 train_batch=190/392 running_loss=0.050854
2026-08-19 18:19:47 | INFO | epoch=019 train_batch=200/392 running_loss=0.051039
2026-08-19 18:19:48 | INFO | epoch=019 train_batch=210/392 running_loss=0.051084
2026-08-19 18:19:48 | INFO | epoch=019 train_batch=220/392 running_loss=0.051129
2026-08-19 18:19:48 | INFO | epoch=019 train_batch=230/392 running_loss=0.050947
2026-08-19 18:19:49 | INFO | epoch=019 train_batch=240/392 running_loss=0.050916
2026-08-19 18:19:49 | INFO | epoch=019 train_batch=250/392 running_loss=0.050946
2026-08-19 18:19:49 | INFO | epoch=019 train_batch=260/392 running_loss=0.051054
2026-08-19 18:19:49 | INFO | epoch=019 train_batch=270/392 running_loss=0.050881
2026-08-19 18:19:50 | INFO | epoch=019 train_batch=280/392 running_loss=0.050858
2026-08-19 18:19:50 | INFO | epoch=019 train_batch=290/392 running_loss=0.050936
2026-08-19 18:19:50 | INFO | epoch=019 train_batch=300/392 running_loss=0.050948
2026-08-19 18:19:51 | INFO | epoch=019 train_batch=310/392 running_loss=0.051089
2026-08-19 18:19:51 | INFO | epoch=019 train_batch=320/392 running_loss=0.051100
2026-08-19 18:19:51 | INFO | epoch=019 train_batch=330/392 running_loss=0.051203
2026-08-19 18:19:52 | INFO | epoch=019 train_batch=340/392 running_loss=0.051214
2026-08-19 18:19:52 | INFO | epoch=019 train_batch=350/392 running_loss=0.051251
2026-08-19 18:19:52 | INFO | epoch=019 train_batch=360/392 running_loss=0.051280
2026-08-19 18:19:52 | INFO | epoch=019 train_batch=370/392 running_loss=0.051168
2026-08-19 18:19:53 | INFO | epoch=019 train_batch=380/392 running_loss=0.051133
2026-08-19 18:19:53 | INFO | epoch=019 train_batch=390/392 running_loss=0.051042
2026-08-19 18:19:53 | INFO | epoch=019 train_batch=392/392 running_loss=0.051019
2026-08-19 18:19:54 | INFO | epoch=019 train_loss=0.051019 validation_loss=0.280036
2026-08-19 18:19:54 | INFO | epoch=020 train_batch=10/392 running_loss=0.049348
2026-08-19 18:19:54 | INFO | epoch=020 train_batch=20/392 running_loss=0.051283
2026-08-19 18:19:55 | INFO | epoch=020 train_batch=30/392 running_loss=0.052260
2026-08-19 18:19:55 | INFO | epoch=020 train_batch=40/392 running_loss=0.050948
2026-08-19 18:19:55 | INFO | epoch=020 train_batch=50/392 running_loss=0.051239
2026-08-19 18:19:56 | INFO | epoch=020 train_batch=60/392 running_loss=0.050917
2026-08-19 18:19:56 | INFO | epoch=020 train_batch=70/392 running_loss=0.050802
2026-08-19 18:19:56 | INFO | epoch=020 train_batch=80/392 running_loss=0.050499
2026-08-19 18:19:56 | INFO | epoch=020 train_batch=90/392 running_loss=0.050513
2026-08-19 18:19:57 | INFO | epoch=020 train_batch=100/392 running_loss=0.050367
2026-08-19 18:19:57 | INFO | epoch=020 train_batch=110/392 running_loss=0.050461
2026-08-19 18:19:57 | INFO | epoch=020 train_batch=120/392 running_loss=0.050187
2026-08-19 18:19:58 | INFO | epoch=020 train_batch=130/392 running_loss=0.050161
2026-08-19 18:19:58 | INFO | epoch=020 train_batch=140/392 running_loss=0.049913
2026-08-19 18:19:58 | INFO | epoch=020 train_batch=150/392 running_loss=0.049919
2026-08-19 18:19:58 | INFO | epoch=020 train_batch=160/392 running_loss=0.049688
2026-08-19 18:19:59 | INFO | epoch=020 train_batch=170/392 running_loss=0.049697
2026-08-19 18:19:59 | INFO | epoch=020 train_batch=180/392 running_loss=0.049650
2026-08-19 18:19:59 | INFO | epoch=020 train_batch=190/392 running_loss=0.049851
2026-08-19 18:20:00 | INFO | epoch=020 train_batch=200/392 running_loss=0.050000
2026-08-19 18:20:00 | INFO | epoch=020 train_batch=210/392 running_loss=0.049972
2026-08-19 18:20:00 | INFO | epoch=020 train_batch=220/392 running_loss=0.050065
2026-08-19 18:20:01 | INFO | epoch=020 train_batch=230/392 running_loss=0.050208
2026-08-19 18:20:01 | INFO | epoch=020 train_batch=240/392 running_loss=0.050205
2026-08-19 18:20:01 | INFO | epoch=020 train_batch=250/392 running_loss=0.050253
2026-08-19 18:20:01 | INFO | epoch=020 train_batch=260/392 running_loss=0.050133
2026-08-19 18:20:02 | INFO | epoch=020 train_batch=270/392 running_loss=0.050098
2026-08-19 18:20:02 | INFO | epoch=020 train_batch=280/392 running_loss=0.050095
2026-08-19 18:20:02 | INFO | epoch=020 train_batch=290/392 running_loss=0.050169
2026-08-19 18:20:03 | INFO | epoch=020 train_batch=300/392 running_loss=0.050145
2026-08-19 18:20:03 | INFO | epoch=020 train_batch=310/392 running_loss=0.050159
2026-08-19 18:20:03 | INFO | epoch=020 train_batch=320/392 running_loss=0.050114
2026-08-19 18:20:03 | INFO | epoch=020 train_batch=330/392 running_loss=0.050198
2026-08-19 18:20:04 | INFO | epoch=020 train_batch=340/392 running_loss=0.050360
2026-08-19 18:20:04 | INFO | epoch=020 train_batch=350/392 running_loss=0.050324
2026-08-19 18:20:04 | INFO | epoch=020 train_batch=360/392 running_loss=0.050369
2026-08-19 18:20:05 | INFO | epoch=020 train_batch=370/392 running_loss=0.050401
2026-08-19 18:20:05 | INFO | epoch=020 train_batch=380/392 running_loss=0.050424
2026-08-19 18:20:05 | INFO | epoch=020 train_batch=390/392 running_loss=0.050389
2026-08-19 18:20:05 | INFO | epoch=020 train_batch=392/392 running_loss=0.050321
2026-08-19 18:20:06 | INFO | epoch=020 train_loss=0.050321 validation_loss=0.275590
2026-08-19 18:20:06 | INFO | epoch=020 saved new best.pt
2026-08-19 18:20:06 | INFO | epoch=021 train_batch=10/392 running_loss=0.045860
2026-08-19 18:20:07 | INFO | epoch=021 train_batch=20/392 running_loss=0.045389
2026-08-19 18:20:07 | INFO | epoch=021 train_batch=30/392 running_loss=0.044988
2026-08-19 18:20:07 | INFO | epoch=021 train_batch=40/392 running_loss=0.045833
2026-08-19 18:20:08 | INFO | epoch=021 train_batch=50/392 running_loss=0.046958
2026-08-19 18:20:08 | INFO | epoch=021 train_batch=60/392 running_loss=0.047388
2026-08-19 18:20:08 | INFO | epoch=021 train_batch=70/392 running_loss=0.048492
2026-08-19 18:20:08 | INFO | epoch=021 train_batch=80/392 running_loss=0.048600
2026-08-19 18:20:09 | INFO | epoch=021 train_batch=90/392 running_loss=0.048479
2026-08-19 18:20:09 | INFO | epoch=021 train_batch=100/392 running_loss=0.048114
2026-08-19 18:20:09 | INFO | epoch=021 train_batch=110/392 running_loss=0.048602
2026-08-19 18:20:10 | INFO | epoch=021 train_batch=120/392 running_loss=0.048374
2026-08-19 18:20:10 | INFO | epoch=021 train_batch=130/392 running_loss=0.048393
2026-08-19 18:20:10 | INFO | epoch=021 train_batch=140/392 running_loss=0.048097
2026-08-19 18:20:11 | INFO | epoch=021 train_batch=150/392 running_loss=0.048209
2026-08-19 18:20:11 | INFO | epoch=021 train_batch=160/392 running_loss=0.048253
2026-08-19 18:20:11 | INFO | epoch=021 train_batch=170/392 running_loss=0.048332
2026-08-19 18:20:11 | INFO | epoch=021 train_batch=180/392 running_loss=0.048320
2026-08-19 18:20:12 | INFO | epoch=021 train_batch=190/392 running_loss=0.048556
2026-08-19 18:20:12 | INFO | epoch=021 train_batch=200/392 running_loss=0.048443
2026-08-19 18:20:12 | INFO | epoch=021 train_batch=210/392 running_loss=0.048312
2026-08-19 18:20:13 | INFO | epoch=021 train_batch=220/392 running_loss=0.048295
2026-08-19 18:20:13 | INFO | epoch=021 train_batch=230/392 running_loss=0.048484
2026-08-19 18:20:13 | INFO | epoch=021 train_batch=240/392 running_loss=0.048457
2026-08-19 18:20:14 | INFO | epoch=021 train_batch=250/392 running_loss=0.048407
2026-08-19 18:20:14 | INFO | epoch=021 train_batch=260/392 running_loss=0.048554
2026-08-19 18:20:14 | INFO | epoch=021 train_batch=270/392 running_loss=0.048658
2026-08-19 18:20:14 | INFO | epoch=021 train_batch=280/392 running_loss=0.048571
2026-08-19 18:20:15 | INFO | epoch=021 train_batch=290/392 running_loss=0.048723
2026-08-19 18:20:15 | INFO | epoch=021 train_batch=300/392 running_loss=0.048931
2026-08-19 18:20:15 | INFO | epoch=021 train_batch=310/392 running_loss=0.049046
2026-08-19 18:20:16 | INFO | epoch=021 train_batch=320/392 running_loss=0.049114
2026-08-19 18:20:16 | INFO | epoch=021 train_batch=330/392 running_loss=0.049095
2026-08-19 18:20:16 | INFO | epoch=021 train_batch=340/392 running_loss=0.049223
2026-08-19 18:20:16 | INFO | epoch=021 train_batch=350/392 running_loss=0.049269
2026-08-19 18:20:17 | INFO | epoch=021 train_batch=360/392 running_loss=0.049270
2026-08-19 18:20:17 | INFO | epoch=021 train_batch=370/392 running_loss=0.049383
2026-08-19 18:20:17 | INFO | epoch=021 train_batch=380/392 running_loss=0.049419
2026-08-19 18:20:18 | INFO | epoch=021 train_batch=390/392 running_loss=0.049460
2026-08-19 18:20:18 | INFO | epoch=021 train_batch=392/392 running_loss=0.049455
2026-08-19 18:20:19 | INFO | epoch=021 train_loss=0.049455 validation_loss=0.271228
2026-08-19 18:20:19 | INFO | epoch=021 saved new best.pt
2026-08-19 18:20:19 | INFO | epoch=022 train_batch=10/392 running_loss=0.049953
2026-08-19 18:20:19 | INFO | epoch=022 train_batch=20/392 running_loss=0.049475
2026-08-19 18:20:19 | INFO | epoch=022 train_batch=30/392 running_loss=0.049631
2026-08-19 18:20:20 | INFO | epoch=022 train_batch=40/392 running_loss=0.049436
2026-08-19 18:20:20 | INFO | epoch=022 train_batch=50/392 running_loss=0.048961
2026-08-19 18:20:20 | INFO | epoch=022 train_batch=60/392 running_loss=0.048398
2026-08-19 18:20:21 | INFO | epoch=022 train_batch=70/392 running_loss=0.048809
2026-08-19 18:20:21 | INFO | epoch=022 train_batch=80/392 running_loss=0.048632
2026-08-19 18:20:21 | INFO | epoch=022 train_batch=90/392 running_loss=0.048874
2026-08-19 18:20:22 | INFO | epoch=022 train_batch=100/392 running_loss=0.049333
2026-08-19 18:20:22 | INFO | epoch=022 train_batch=110/392 running_loss=0.049242
2026-08-19 18:20:22 | INFO | epoch=022 train_batch=120/392 running_loss=0.049140
2026-08-19 18:20:22 | INFO | epoch=022 train_batch=130/392 running_loss=0.048847
2026-08-19 18:20:23 | INFO | epoch=022 train_batch=140/392 running_loss=0.048726
2026-08-19 18:20:23 | INFO | epoch=022 train_batch=150/392 running_loss=0.048813
2026-08-19 18:20:23 | INFO | epoch=022 train_batch=160/392 running_loss=0.048861
2026-08-19 18:20:24 | INFO | epoch=022 train_batch=170/392 running_loss=0.048870
2026-08-19 18:20:24 | INFO | epoch=022 train_batch=180/392 running_loss=0.048943
2026-08-19 18:20:24 | INFO | epoch=022 train_batch=190/392 running_loss=0.048928
2026-08-19 18:20:24 | INFO | epoch=022 train_batch=200/392 running_loss=0.048975
2026-08-19 18:20:25 | INFO | epoch=022 train_batch=210/392 running_loss=0.049097
2026-08-19 18:20:25 | INFO | epoch=022 train_batch=220/392 running_loss=0.049193
2026-08-19 18:20:25 | INFO | epoch=022 train_batch=230/392 running_loss=0.049165
2026-08-19 18:20:26 | INFO | epoch=022 train_batch=240/392 running_loss=0.049108
2026-08-19 18:20:26 | INFO | epoch=022 train_batch=250/392 running_loss=0.049117
2026-08-19 18:20:26 | INFO | epoch=022 train_batch=260/392 running_loss=0.049063
2026-08-19 18:20:26 | INFO | epoch=022 train_batch=270/392 running_loss=0.049211
2026-08-19 18:20:27 | INFO | epoch=022 train_batch=280/392 running_loss=0.049161
2026-08-19 18:20:27 | INFO | epoch=022 train_batch=290/392 running_loss=0.049264
2026-08-19 18:20:27 | INFO | epoch=022 train_batch=300/392 running_loss=0.049224
2026-08-19 18:20:28 | INFO | epoch=022 train_batch=310/392 running_loss=0.049131
2026-08-19 18:20:28 | INFO | epoch=022 train_batch=320/392 running_loss=0.049104
2026-08-19 18:20:28 | INFO | epoch=022 train_batch=330/392 running_loss=0.049146
2026-08-19 18:20:29 | INFO | epoch=022 train_batch=340/392 running_loss=0.049137
2026-08-19 18:20:29 | INFO | epoch=022 train_batch=350/392 running_loss=0.049069
2026-08-19 18:20:29 | INFO | epoch=022 train_batch=360/392 running_loss=0.048947
2026-08-19 18:20:29 | INFO | epoch=022 train_batch=370/392 running_loss=0.048884
2026-08-19 18:20:30 | INFO | epoch=022 train_batch=380/392 running_loss=0.048856
2026-08-19 18:20:30 | INFO | epoch=022 train_batch=390/392 running_loss=0.048810
2026-08-19 18:20:30 | INFO | epoch=022 train_batch=392/392 running_loss=0.048776
2026-08-19 18:20:31 | INFO | epoch=022 train_loss=0.048776 validation_loss=0.274033
2026-08-19 18:20:31 | INFO | epoch=023 train_batch=10/392 running_loss=0.042975
2026-08-19 18:20:31 | INFO | epoch=023 train_batch=20/392 running_loss=0.047084
2026-08-19 18:20:32 | INFO | epoch=023 train_batch=30/392 running_loss=0.047044
2026-08-19 18:20:32 | INFO | epoch=023 train_batch=40/392 running_loss=0.046982
2026-08-19 18:20:32 | INFO | epoch=023 train_batch=50/392 running_loss=0.047538
2026-08-19 18:20:33 | INFO | epoch=023 train_batch=60/392 running_loss=0.047947
2026-08-19 18:20:33 | INFO | epoch=023 train_batch=70/392 running_loss=0.047873
2026-08-19 18:20:33 | INFO | epoch=023 train_batch=80/392 running_loss=0.047816
2026-08-19 18:20:34 | INFO | epoch=023 train_batch=90/392 running_loss=0.048318
2026-08-19 18:20:34 | INFO | epoch=023 train_batch=100/392 running_loss=0.048177
2026-08-19 18:20:34 | INFO | epoch=023 train_batch=110/392 running_loss=0.047792
2026-08-19 18:20:34 | INFO | epoch=023 train_batch=120/392 running_loss=0.047815
2026-08-19 18:20:35 | INFO | epoch=023 train_batch=130/392 running_loss=0.047988
2026-08-19 18:20:35 | INFO | epoch=023 train_batch=140/392 running_loss=0.047748
2026-08-19 18:20:35 | INFO | epoch=023 train_batch=150/392 running_loss=0.047987
2026-08-19 18:20:36 | INFO | epoch=023 train_batch=160/392 running_loss=0.048023
2026-08-19 18:20:36 | INFO | epoch=023 train_batch=170/392 running_loss=0.048031
2026-08-19 18:20:36 | INFO | epoch=023 train_batch=180/392 running_loss=0.047767
2026-08-19 18:20:36 | INFO | epoch=023 train_batch=190/392 running_loss=0.047871
2026-08-19 18:20:37 | INFO | epoch=023 train_batch=200/392 running_loss=0.047983
2026-08-19 18:20:37 | INFO | epoch=023 train_batch=210/392 running_loss=0.047890
2026-08-19 18:20:37 | INFO | epoch=023 train_batch=220/392 running_loss=0.047991
2026-08-19 18:20:38 | INFO | epoch=023 train_batch=230/392 running_loss=0.047903
2026-08-19 18:20:38 | INFO | epoch=023 train_batch=240/392 running_loss=0.048013
2026-08-19 18:20:38 | INFO | epoch=023 train_batch=250/392 running_loss=0.047977
2026-08-19 18:20:39 | INFO | epoch=023 train_batch=260/392 running_loss=0.048049
2026-08-19 18:20:39 | INFO | epoch=023 train_batch=270/392 running_loss=0.048041
2026-08-19 18:20:39 | INFO | epoch=023 train_batch=280/392 running_loss=0.048193
2026-08-19 18:20:39 | INFO | epoch=023 train_batch=290/392 running_loss=0.048203
2026-08-19 18:20:40 | INFO | epoch=023 train_batch=300/392 running_loss=0.048090
2026-08-19 18:20:40 | INFO | epoch=023 train_batch=310/392 running_loss=0.048225
2026-08-19 18:20:40 | INFO | epoch=023 train_batch=320/392 running_loss=0.048402
2026-08-19 18:20:41 | INFO | epoch=023 train_batch=330/392 running_loss=0.048382
2026-08-19 18:20:41 | INFO | epoch=023 train_batch=340/392 running_loss=0.048512
2026-08-19 18:20:41 | INFO | epoch=023 train_batch=350/392 running_loss=0.048361
2026-08-19 18:20:41 | INFO | epoch=023 train_batch=360/392 running_loss=0.048233
2026-08-19 18:20:42 | INFO | epoch=023 train_batch=370/392 running_loss=0.048233
2026-08-19 18:20:42 | INFO | epoch=023 train_batch=380/392 running_loss=0.048207
2026-08-19 18:20:42 | INFO | epoch=023 train_batch=390/392 running_loss=0.048219
2026-08-19 18:20:42 | INFO | epoch=023 train_batch=392/392 running_loss=0.048239
2026-08-19 18:20:43 | INFO | epoch=023 train_loss=0.048239 validation_loss=0.273799
2026-08-19 18:20:43 | INFO | epoch=024 train_batch=10/392 running_loss=0.047726
2026-08-19 18:20:44 | INFO | epoch=024 train_batch=20/392 running_loss=0.048802
2026-08-19 18:20:44 | INFO | epoch=024 train_batch=30/392 running_loss=0.049408
2026-08-19 18:20:44 | INFO | epoch=024 train_batch=40/392 running_loss=0.048065
2026-08-19 18:20:45 | INFO | epoch=024 train_batch=50/392 running_loss=0.048192
2026-08-19 18:20:45 | INFO | epoch=024 train_batch=60/392 running_loss=0.048038
2026-08-19 18:20:45 | INFO | epoch=024 train_batch=70/392 running_loss=0.047790
2026-08-19 18:20:46 | INFO | epoch=024 train_batch=80/392 running_loss=0.047689
2026-08-19 18:20:46 | INFO | epoch=024 train_batch=90/392 running_loss=0.047359
2026-08-19 18:20:46 | INFO | epoch=024 train_batch=100/392 running_loss=0.047424
2026-08-19 18:20:46 | INFO | epoch=024 train_batch=110/392 running_loss=0.047442
2026-08-19 18:20:47 | INFO | epoch=024 train_batch=120/392 running_loss=0.047154
2026-08-19 18:20:47 | INFO | epoch=024 train_batch=130/392 running_loss=0.047100
2026-08-19 18:20:47 | INFO | epoch=024 train_batch=140/392 running_loss=0.047008
2026-08-19 18:20:48 | INFO | epoch=024 train_batch=150/392 running_loss=0.047085
2026-08-19 18:20:48 | INFO | epoch=024 train_batch=160/392 running_loss=0.046884
2026-08-19 18:20:48 | INFO | epoch=024 train_batch=170/392 running_loss=0.046860
2026-08-19 18:20:48 | INFO | epoch=024 train_batch=180/392 running_loss=0.046951
2026-08-19 18:20:49 | INFO | epoch=024 train_batch=190/392 running_loss=0.046974
2026-08-19 18:20:49 | INFO | epoch=024 train_batch=200/392 running_loss=0.046766
2026-08-19 18:20:49 | INFO | epoch=024 train_batch=210/392 running_loss=0.046767
2026-08-19 18:20:50 | INFO | epoch=024 train_batch=220/392 running_loss=0.046675
2026-08-19 18:20:50 | INFO | epoch=024 train_batch=230/392 running_loss=0.046863
2026-08-19 18:20:50 | INFO | epoch=024 train_batch=240/392 running_loss=0.046659
2026-08-19 18:20:50 | INFO | epoch=024 train_batch=250/392 running_loss=0.046759
2026-08-19 18:20:51 | INFO | epoch=024 train_batch=260/392 running_loss=0.046829
2026-08-19 18:20:51 | INFO | epoch=024 train_batch=270/392 running_loss=0.046725
2026-08-19 18:20:51 | INFO | epoch=024 train_batch=280/392 running_loss=0.046831
2026-08-19 18:20:52 | INFO | epoch=024 train_batch=290/392 running_loss=0.046993
2026-08-19 18:20:52 | INFO | epoch=024 train_batch=300/392 running_loss=0.047047
2026-08-19 18:20:52 | INFO | epoch=024 train_batch=310/392 running_loss=0.047182
2026-08-19 18:20:52 | INFO | epoch=024 train_batch=320/392 running_loss=0.047174
2026-08-19 18:20:53 | INFO | epoch=024 train_batch=330/392 running_loss=0.047246
2026-08-19 18:20:53 | INFO | epoch=024 train_batch=340/392 running_loss=0.047243
2026-08-19 18:20:53 | INFO | epoch=024 train_batch=350/392 running_loss=0.047280
2026-08-19 18:20:54 | INFO | epoch=024 train_batch=360/392 running_loss=0.047466
2026-08-19 18:20:54 | INFO | epoch=024 train_batch=370/392 running_loss=0.047624
2026-08-19 18:20:54 | INFO | epoch=024 train_batch=380/392 running_loss=0.047558
2026-08-19 18:20:55 | INFO | epoch=024 train_batch=390/392 running_loss=0.047540
2026-08-19 18:20:55 | INFO | epoch=024 train_batch=392/392 running_loss=0.047532
2026-08-19 18:20:55 | INFO | epoch=024 train_loss=0.047532 validation_loss=0.271367
2026-08-19 18:20:56 | INFO | epoch=025 train_batch=10/392 running_loss=0.050548
2026-08-19 18:20:56 | INFO | epoch=025 train_batch=20/392 running_loss=0.047831
2026-08-19 18:20:56 | INFO | epoch=025 train_batch=30/392 running_loss=0.047056
2026-08-19 18:20:57 | INFO | epoch=025 train_batch=40/392 running_loss=0.048153
2026-08-19 18:20:57 | INFO | epoch=025 train_batch=50/392 running_loss=0.047815
2026-08-19 18:20:57 | INFO | epoch=025 train_batch=60/392 running_loss=0.047233
2026-08-19 18:20:57 | INFO | epoch=025 train_batch=70/392 running_loss=0.046896
2026-08-19 18:20:58 | INFO | epoch=025 train_batch=80/392 running_loss=0.047019
2026-08-19 18:20:58 | INFO | epoch=025 train_batch=90/392 running_loss=0.046636
2026-08-19 18:20:58 | INFO | epoch=025 train_batch=100/392 running_loss=0.046878
2026-08-19 18:20:59 | INFO | epoch=025 train_batch=110/392 running_loss=0.046962
2026-08-19 18:20:59 | INFO | epoch=025 train_batch=120/392 running_loss=0.046893
2026-08-19 18:20:59 | INFO | epoch=025 train_batch=130/392 running_loss=0.047024
2026-08-19 18:20:59 | INFO | epoch=025 train_batch=140/392 running_loss=0.047009
2026-08-19 18:21:00 | INFO | epoch=025 train_batch=150/392 running_loss=0.047323
2026-08-19 18:21:00 | INFO | epoch=025 train_batch=160/392 running_loss=0.047361
2026-08-19 18:21:00 | INFO | epoch=025 train_batch=170/392 running_loss=0.047346
2026-08-19 18:21:01 | INFO | epoch=025 train_batch=180/392 running_loss=0.047304
2026-08-19 18:21:01 | INFO | epoch=025 train_batch=190/392 running_loss=0.047280
2026-08-19 18:21:01 | INFO | epoch=025 train_batch=200/392 running_loss=0.047245
2026-08-19 18:21:01 | INFO | epoch=025 train_batch=210/392 running_loss=0.047238
2026-08-19 18:21:02 | INFO | epoch=025 train_batch=220/392 running_loss=0.047217
2026-08-19 18:21:02 | INFO | epoch=025 train_batch=230/392 running_loss=0.047131
2026-08-19 18:21:02 | INFO | epoch=025 train_batch=240/392 running_loss=0.047344
2026-08-19 18:21:03 | INFO | epoch=025 train_batch=250/392 running_loss=0.047366
2026-08-19 18:21:03 | INFO | epoch=025 train_batch=260/392 running_loss=0.047366
2026-08-19 18:21:03 | INFO | epoch=025 train_batch=270/392 running_loss=0.047365
2026-08-19 18:21:04 | INFO | epoch=025 train_batch=280/392 running_loss=0.047389
2026-08-19 18:21:04 | INFO | epoch=025 train_batch=290/392 running_loss=0.047425
2026-08-19 18:21:04 | INFO | epoch=025 train_batch=300/392 running_loss=0.047434
2026-08-19 18:21:04 | INFO | epoch=025 train_batch=310/392 running_loss=0.047328
2026-08-19 18:21:05 | INFO | epoch=025 train_batch=320/392 running_loss=0.047325
2026-08-19 18:21:05 | INFO | epoch=025 train_batch=330/392 running_loss=0.047295
2026-08-19 18:21:05 | INFO | epoch=025 train_batch=340/392 running_loss=0.047256
2026-08-19 18:21:06 | INFO | epoch=025 train_batch=350/392 running_loss=0.047266
2026-08-19 18:21:06 | INFO | epoch=025 train_batch=360/392 running_loss=0.047406
2026-08-19 18:21:06 | INFO | epoch=025 train_batch=370/392 running_loss=0.047437
2026-08-19 18:21:06 | INFO | epoch=025 train_batch=380/392 running_loss=0.047453
2026-08-19 18:21:07 | INFO | epoch=025 train_batch=390/392 running_loss=0.047456
2026-08-19 18:21:07 | INFO | epoch=025 train_batch=392/392 running_loss=0.047492
2026-08-19 18:21:08 | INFO | epoch=025 train_loss=0.047492 validation_loss=0.266287
2026-08-19 18:21:08 | INFO | epoch=025 saved new best.pt
2026-08-19 18:21:08 | INFO | epoch=026 train_batch=10/392 running_loss=0.045590
2026-08-19 18:21:08 | INFO | epoch=026 train_batch=20/392 running_loss=0.046408
2026-08-19 18:21:09 | INFO | epoch=026 train_batch=30/392 running_loss=0.046405
2026-08-19 18:21:09 | INFO | epoch=026 train_batch=40/392 running_loss=0.045548
2026-08-19 18:21:09 | INFO | epoch=026 train_batch=50/392 running_loss=0.045284
2026-08-19 18:21:09 | INFO | epoch=026 train_batch=60/392 running_loss=0.045052
2026-08-19 18:21:10 | INFO | epoch=026 train_batch=70/392 running_loss=0.045037
2026-08-19 18:21:10 | INFO | epoch=026 train_batch=80/392 running_loss=0.044822
2026-08-19 18:21:10 | INFO | epoch=026 train_batch=90/392 running_loss=0.044946
2026-08-19 18:21:11 | INFO | epoch=026 train_batch=100/392 running_loss=0.044913
2026-08-19 18:21:11 | INFO | epoch=026 train_batch=110/392 running_loss=0.045010
2026-08-19 18:21:11 | INFO | epoch=026 train_batch=120/392 running_loss=0.045303
2026-08-19 18:21:11 | INFO | epoch=026 train_batch=130/392 running_loss=0.045374
2026-08-19 18:21:12 | INFO | epoch=026 train_batch=140/392 running_loss=0.045395
2026-08-19 18:21:12 | INFO | epoch=026 train_batch=150/392 running_loss=0.045303
2026-08-19 18:21:12 | INFO | epoch=026 train_batch=160/392 running_loss=0.045246
2026-08-19 18:21:13 | INFO | epoch=026 train_batch=170/392 running_loss=0.045390
2026-08-19 18:21:13 | INFO | epoch=026 train_batch=180/392 running_loss=0.045380
2026-08-19 18:21:13 | INFO | epoch=026 train_batch=190/392 running_loss=0.045755
2026-08-19 18:21:14 | INFO | epoch=026 train_batch=200/392 running_loss=0.045764
2026-08-19 18:21:14 | INFO | epoch=026 train_batch=210/392 running_loss=0.045839
2026-08-19 18:21:14 | INFO | epoch=026 train_batch=220/392 running_loss=0.046145
2026-08-19 18:21:14 | INFO | epoch=026 train_batch=230/392 running_loss=0.046193
2026-08-19 18:21:15 | INFO | epoch=026 train_batch=240/392 running_loss=0.046146
2026-08-19 18:21:15 | INFO | epoch=026 train_batch=250/392 running_loss=0.046174
2026-08-19 18:21:15 | INFO | epoch=026 train_batch=260/392 running_loss=0.046303
2026-08-19 18:21:16 | INFO | epoch=026 train_batch=270/392 running_loss=0.046265
2026-08-19 18:21:16 | INFO | epoch=026 train_batch=280/392 running_loss=0.046445
2026-08-19 18:21:16 | INFO | epoch=026 train_batch=290/392 running_loss=0.046415
2026-08-19 18:21:16 | INFO | epoch=026 train_batch=300/392 running_loss=0.046578
2026-08-19 18:21:17 | INFO | epoch=026 train_batch=310/392 running_loss=0.046627
2026-08-19 18:21:17 | INFO | epoch=026 train_batch=320/392 running_loss=0.046701
2026-08-19 18:21:17 | INFO | epoch=026 train_batch=330/392 running_loss=0.046689
2026-08-19 18:21:18 | INFO | epoch=026 train_batch=340/392 running_loss=0.046735
2026-08-19 18:21:18 | INFO | epoch=026 train_batch=350/392 running_loss=0.046677
2026-08-19 18:21:18 | INFO | epoch=026 train_batch=360/392 running_loss=0.046730
2026-08-19 18:21:18 | INFO | epoch=026 train_batch=370/392 running_loss=0.046684
2026-08-19 18:21:19 | INFO | epoch=026 train_batch=380/392 running_loss=0.046660
2026-08-19 18:21:19 | INFO | epoch=026 train_batch=390/392 running_loss=0.046649
2026-08-19 18:21:19 | INFO | epoch=026 train_batch=392/392 running_loss=0.046645
2026-08-19 18:21:20 | INFO | epoch=026 train_loss=0.046645 validation_loss=0.263453
2026-08-19 18:21:20 | INFO | epoch=026 saved new best.pt
2026-08-19 18:21:20 | INFO | epoch=027 train_batch=10/392 running_loss=0.045927
2026-08-19 18:21:21 | INFO | epoch=027 train_batch=20/392 running_loss=0.045080
2026-08-19 18:21:21 | INFO | epoch=027 train_batch=30/392 running_loss=0.045641
2026-08-19 18:21:21 | INFO | epoch=027 train_batch=40/392 running_loss=0.045739
2026-08-19 18:21:21 | INFO | epoch=027 train_batch=50/392 running_loss=0.045491
2026-08-19 18:21:22 | INFO | epoch=027 train_batch=60/392 running_loss=0.045824
2026-08-19 18:21:22 | INFO | epoch=027 train_batch=70/392 running_loss=0.045472
2026-08-19 18:21:22 | INFO | epoch=027 train_batch=80/392 running_loss=0.045545
2026-08-19 18:21:23 | INFO | epoch=027 train_batch=90/392 running_loss=0.045157
2026-08-19 18:21:23 | INFO | epoch=027 train_batch=100/392 running_loss=0.045263
2026-08-19 18:21:23 | INFO | epoch=027 train_batch=110/392 running_loss=0.045107
2026-08-19 18:21:23 | INFO | epoch=027 train_batch=120/392 running_loss=0.045353
2026-08-19 18:21:24 | INFO | epoch=027 train_batch=130/392 running_loss=0.045555
2026-08-19 18:21:24 | INFO | epoch=027 train_batch=140/392 running_loss=0.045528
2026-08-19 18:21:24 | INFO | epoch=027 train_batch=150/392 running_loss=0.045526
2026-08-19 18:21:25 | INFO | epoch=027 train_batch=160/392 running_loss=0.045325
2026-08-19 18:21:25 | INFO | epoch=027 train_batch=170/392 running_loss=0.045389
2026-08-19 18:21:25 | INFO | epoch=027 train_batch=180/392 running_loss=0.045341
2026-08-19 18:21:26 | INFO | epoch=027 train_batch=190/392 running_loss=0.045363
2026-08-19 18:21:26 | INFO | epoch=027 train_batch=200/392 running_loss=0.045513
2026-08-19 18:21:26 | INFO | epoch=027 train_batch=210/392 running_loss=0.045753
2026-08-19 18:21:26 | INFO | epoch=027 train_batch=220/392 running_loss=0.045733
2026-08-19 18:21:27 | INFO | epoch=027 train_batch=230/392 running_loss=0.045709
2026-08-19 18:21:27 | INFO | epoch=027 train_batch=240/392 running_loss=0.045620
2026-08-19 18:21:27 | INFO | epoch=027 train_batch=250/392 running_loss=0.045741
2026-08-19 18:21:28 | INFO | epoch=027 train_batch=260/392 running_loss=0.045840
2026-08-19 18:21:28 | INFO | epoch=027 train_batch=270/392 running_loss=0.045916
2026-08-19 18:21:28 | INFO | epoch=027 train_batch=280/392 running_loss=0.045968
2026-08-19 18:21:28 | INFO | epoch=027 train_batch=290/392 running_loss=0.046065
2026-08-19 18:21:29 | INFO | epoch=027 train_batch=300/392 running_loss=0.046100
2026-08-19 18:21:29 | INFO | epoch=027 train_batch=310/392 running_loss=0.046201
2026-08-19 18:21:29 | INFO | epoch=027 train_batch=320/392 running_loss=0.046263
2026-08-19 18:21:30 | INFO | epoch=027 train_batch=330/392 running_loss=0.046352
2026-08-19 18:21:30 | INFO | epoch=027 train_batch=340/392 running_loss=0.046336
2026-08-19 18:21:30 | INFO | epoch=027 train_batch=350/392 running_loss=0.046272
2026-08-19 18:21:30 | INFO | epoch=027 train_batch=360/392 running_loss=0.046278
2026-08-19 18:21:31 | INFO | epoch=027 train_batch=370/392 running_loss=0.046195
2026-08-19 18:21:31 | INFO | epoch=027 train_batch=380/392 running_loss=0.046203
2026-08-19 18:21:31 | INFO | epoch=027 train_batch=390/392 running_loss=0.046211
2026-08-19 18:21:31 | INFO | epoch=027 train_batch=392/392 running_loss=0.046231
2026-08-19 18:21:32 | INFO | epoch=027 train_loss=0.046231 validation_loss=0.267706
2026-08-19 18:21:32 | INFO | epoch=028 train_batch=10/392 running_loss=0.046254
2026-08-19 18:21:33 | INFO | epoch=028 train_batch=20/392 running_loss=0.046413
2026-08-19 18:21:33 | INFO | epoch=028 train_batch=30/392 running_loss=0.046097
2026-08-19 18:21:33 | INFO | epoch=028 train_batch=40/392 running_loss=0.045984
2026-08-19 18:21:34 | INFO | epoch=028 train_batch=50/392 running_loss=0.046204
2026-08-19 18:21:34 | INFO | epoch=028 train_batch=60/392 running_loss=0.046135
2026-08-19 18:21:34 | INFO | epoch=028 train_batch=70/392 running_loss=0.046032
2026-08-19 18:21:34 | INFO | epoch=028 train_batch=80/392 running_loss=0.045961
2026-08-19 18:21:35 | INFO | epoch=028 train_batch=90/392 running_loss=0.045786
2026-08-19 18:21:35 | INFO | epoch=028 train_batch=100/392 running_loss=0.045902
2026-08-19 18:21:35 | INFO | epoch=028 train_batch=110/392 running_loss=0.045785
2026-08-19 18:21:36 | INFO | epoch=028 train_batch=120/392 running_loss=0.045562
2026-08-19 18:21:36 | INFO | epoch=028 train_batch=130/392 running_loss=0.045501
2026-08-19 18:21:36 | INFO | epoch=028 train_batch=140/392 running_loss=0.045483
2026-08-19 18:21:37 | INFO | epoch=028 train_batch=150/392 running_loss=0.045408
2026-08-19 18:21:37 | INFO | epoch=028 train_batch=160/392 running_loss=0.045441
2026-08-19 18:21:37 | INFO | epoch=028 train_batch=170/392 running_loss=0.045460
2026-08-19 18:21:37 | INFO | epoch=028 train_batch=180/392 running_loss=0.045396
2026-08-19 18:21:38 | INFO | epoch=028 train_batch=190/392 running_loss=0.045613
2026-08-19 18:21:38 | INFO | epoch=028 train_batch=200/392 running_loss=0.045478
2026-08-19 18:21:38 | INFO | epoch=028 train_batch=210/392 running_loss=0.045381
2026-08-19 18:21:39 | INFO | epoch=028 train_batch=220/392 running_loss=0.045396
2026-08-19 18:21:39 | INFO | epoch=028 train_batch=230/392 running_loss=0.045278
2026-08-19 18:21:39 | INFO | epoch=028 train_batch=240/392 running_loss=0.045246
2026-08-19 18:21:39 | INFO | epoch=028 train_batch=250/392 running_loss=0.045141
2026-08-19 18:21:40 | INFO | epoch=028 train_batch=260/392 running_loss=0.045122
2026-08-19 18:21:40 | INFO | epoch=028 train_batch=270/392 running_loss=0.045258
2026-08-19 18:21:40 | INFO | epoch=028 train_batch=280/392 running_loss=0.045089
2026-08-19 18:21:41 | INFO | epoch=028 train_batch=290/392 running_loss=0.045075
2026-08-19 18:21:41 | INFO | epoch=028 train_batch=300/392 running_loss=0.045050
2026-08-19 18:21:41 | INFO | epoch=028 train_batch=310/392 running_loss=0.045104
2026-08-19 18:21:41 | INFO | epoch=028 train_batch=320/392 running_loss=0.045172
2026-08-19 18:21:42 | INFO | epoch=028 train_batch=330/392 running_loss=0.045212
2026-08-19 18:21:42 | INFO | epoch=028 train_batch=340/392 running_loss=0.045354
2026-08-19 18:21:42 | INFO | epoch=028 train_batch=350/392 running_loss=0.045339
2026-08-19 18:21:43 | INFO | epoch=028 train_batch=360/392 running_loss=0.045466
2026-08-19 18:21:43 | INFO | epoch=028 train_batch=370/392 running_loss=0.045531
2026-08-19 18:21:43 | INFO | epoch=028 train_batch=380/392 running_loss=0.045640
2026-08-19 18:21:43 | INFO | epoch=028 train_batch=390/392 running_loss=0.045711
2026-08-19 18:21:44 | INFO | epoch=028 train_batch=392/392 running_loss=0.045681
2026-08-19 18:21:44 | INFO | epoch=028 train_loss=0.045681 validation_loss=0.265209
2026-08-19 18:21:45 | INFO | epoch=029 train_batch=10/392 running_loss=0.043352
2026-08-19 18:21:45 | INFO | epoch=029 train_batch=20/392 running_loss=0.042309
2026-08-19 18:21:45 | INFO | epoch=029 train_batch=30/392 running_loss=0.043148
2026-08-19 18:21:45 | INFO | epoch=029 train_batch=40/392 running_loss=0.044125
2026-08-19 18:21:46 | INFO | epoch=029 train_batch=50/392 running_loss=0.045441
2026-08-19 18:21:46 | INFO | epoch=029 train_batch=60/392 running_loss=0.045859
2026-08-19 18:21:46 | INFO | epoch=029 train_batch=70/392 running_loss=0.045875
2026-08-19 18:21:47 | INFO | epoch=029 train_batch=80/392 running_loss=0.045835
2026-08-19 18:21:47 | INFO | epoch=029 train_batch=90/392 running_loss=0.046053
2026-08-19 18:21:47 | INFO | epoch=029 train_batch=100/392 running_loss=0.045905
2026-08-19 18:21:48 | INFO | epoch=029 train_batch=110/392 running_loss=0.045682
2026-08-19 18:21:48 | INFO | epoch=029 train_batch=120/392 running_loss=0.045497
2026-08-19 18:21:48 | INFO | epoch=029 train_batch=130/392 running_loss=0.045357
2026-08-19 18:21:48 | INFO | epoch=029 train_batch=140/392 running_loss=0.045433
2026-08-19 18:21:49 | INFO | epoch=029 train_batch=150/392 running_loss=0.045243
2026-08-19 18:21:49 | INFO | epoch=029 train_batch=160/392 running_loss=0.044978
2026-08-19 18:21:49 | INFO | epoch=029 train_batch=170/392 running_loss=0.044922
2026-08-19 18:21:50 | INFO | epoch=029 train_batch=180/392 running_loss=0.044926
2026-08-19 18:21:50 | INFO | epoch=029 train_batch=190/392 running_loss=0.044801
2026-08-19 18:21:50 | INFO | epoch=029 train_batch=200/392 running_loss=0.044781
2026-08-19 18:21:50 | INFO | epoch=029 train_batch=210/392 running_loss=0.044643
2026-08-19 18:21:51 | INFO | epoch=029 train_batch=220/392 running_loss=0.044645
2026-08-19 18:21:51 | INFO | epoch=029 train_batch=230/392 running_loss=0.044534
2026-08-19 18:21:51 | INFO | epoch=029 train_batch=240/392 running_loss=0.044747
2026-08-19 18:21:52 | INFO | epoch=029 train_batch=250/392 running_loss=0.044831
2026-08-19 18:21:52 | INFO | epoch=029 train_batch=260/392 running_loss=0.044959
2026-08-19 18:21:52 | INFO | epoch=029 train_batch=270/392 running_loss=0.045248
2026-08-19 18:21:52 | INFO | epoch=029 train_batch=280/392 running_loss=0.045278
2026-08-19 18:21:53 | INFO | epoch=029 train_batch=290/392 running_loss=0.045522
2026-08-19 18:21:53 | INFO | epoch=029 train_batch=300/392 running_loss=0.045427
2026-08-19 18:21:53 | INFO | epoch=029 train_batch=310/392 running_loss=0.045515
2026-08-19 18:21:54 | INFO | epoch=029 train_batch=320/392 running_loss=0.045501
2026-08-19 18:21:54 | INFO | epoch=029 train_batch=330/392 running_loss=0.045550
2026-08-19 18:21:54 | INFO | epoch=029 train_batch=340/392 running_loss=0.045544
2026-08-19 18:21:55 | INFO | epoch=029 train_batch=350/392 running_loss=0.045411
2026-08-19 18:21:55 | INFO | epoch=029 train_batch=360/392 running_loss=0.045373
2026-08-19 18:21:55 | INFO | epoch=029 train_batch=370/392 running_loss=0.045409
2026-08-19 18:21:55 | INFO | epoch=029 train_batch=380/392 running_loss=0.045486
2026-08-19 18:21:56 | INFO | epoch=029 train_batch=390/392 running_loss=0.045591
2026-08-19 18:21:56 | INFO | epoch=029 train_batch=392/392 running_loss=0.045611
2026-08-19 18:21:56 | INFO | epoch=029 train_loss=0.045611 validation_loss=0.266502
2026-08-19 18:21:57 | INFO | epoch=030 train_batch=10/392 running_loss=0.045900
2026-08-19 18:21:57 | INFO | epoch=030 train_batch=20/392 running_loss=0.045938
2026-08-19 18:21:57 | INFO | epoch=030 train_batch=30/392 running_loss=0.046116
2026-08-19 18:21:58 | INFO | epoch=030 train_batch=40/392 running_loss=0.046477
2026-08-19 18:21:58 | INFO | epoch=030 train_batch=50/392 running_loss=0.045827
2026-08-19 18:21:58 | INFO | epoch=030 train_batch=60/392 running_loss=0.046407
2026-08-19 18:21:59 | INFO | epoch=030 train_batch=70/392 running_loss=0.045982
2026-08-19 18:21:59 | INFO | epoch=030 train_batch=80/392 running_loss=0.045581
2026-08-19 18:21:59 | INFO | epoch=030 train_batch=90/392 running_loss=0.045149
2026-08-19 18:21:59 | INFO | epoch=030 train_batch=100/392 running_loss=0.044959
2026-08-19 18:22:00 | INFO | epoch=030 train_batch=110/392 running_loss=0.045131
2026-08-19 18:22:00 | INFO | epoch=030 train_batch=120/392 running_loss=0.045073
2026-08-19 18:22:00 | INFO | epoch=030 train_batch=130/392 running_loss=0.045032
2026-08-19 18:22:01 | INFO | epoch=030 train_batch=140/392 running_loss=0.045096
2026-08-19 18:22:01 | INFO | epoch=030 train_batch=150/392 running_loss=0.045124
2026-08-19 18:22:01 | INFO | epoch=030 train_batch=160/392 running_loss=0.045064
2026-08-19 18:22:02 | INFO | epoch=030 train_batch=170/392 running_loss=0.045055
2026-08-19 18:22:02 | INFO | epoch=030 train_batch=180/392 running_loss=0.045184
2026-08-19 18:22:02 | INFO | epoch=030 train_batch=190/392 running_loss=0.044994
2026-08-19 18:22:02 | INFO | epoch=030 train_batch=200/392 running_loss=0.045072
2026-08-19 18:22:03 | INFO | epoch=030 train_batch=210/392 running_loss=0.045072
2026-08-19 18:22:03 | INFO | epoch=030 train_batch=220/392 running_loss=0.045092
2026-08-19 18:22:03 | INFO | epoch=030 train_batch=230/392 running_loss=0.045064
2026-08-19 18:22:04 | INFO | epoch=030 train_batch=240/392 running_loss=0.044877
2026-08-19 18:22:04 | INFO | epoch=030 train_batch=250/392 running_loss=0.044892
2026-08-19 18:22:04 | INFO | epoch=030 train_batch=260/392 running_loss=0.044857
2026-08-19 18:22:04 | INFO | epoch=030 train_batch=270/392 running_loss=0.044884
2026-08-19 18:22:05 | INFO | epoch=030 train_batch=280/392 running_loss=0.045049
2026-08-19 18:22:05 | INFO | epoch=030 train_batch=290/392 running_loss=0.045096
2026-08-19 18:22:05 | INFO | epoch=030 train_batch=300/392 running_loss=0.045053
2026-08-19 18:22:06 | INFO | epoch=030 train_batch=310/392 running_loss=0.045097
2026-08-19 18:22:06 | INFO | epoch=030 train_batch=320/392 running_loss=0.045016
2026-08-19 18:22:06 | INFO | epoch=030 train_batch=330/392 running_loss=0.045023
2026-08-19 18:22:07 | INFO | epoch=030 train_batch=340/392 running_loss=0.045075
2026-08-19 18:22:07 | INFO | epoch=030 train_batch=350/392 running_loss=0.045045
2026-08-19 18:22:07 | INFO | epoch=030 train_batch=360/392 running_loss=0.045048
2026-08-19 18:22:07 | INFO | epoch=030 train_batch=370/392 running_loss=0.044967
2026-08-19 18:22:08 | INFO | epoch=030 train_batch=380/392 running_loss=0.044925
2026-08-19 18:22:08 | INFO | epoch=030 train_batch=390/392 running_loss=0.044878
2026-08-19 18:22:08 | INFO | epoch=030 train_batch=392/392 running_loss=0.044879
2026-08-19 18:22:09 | INFO | epoch=030 train_loss=0.044879 validation_loss=0.267977
2026-08-19 18:22:09 | INFO | epoch=031 train_batch=10/392 running_loss=0.046870
2026-08-19 18:22:10 | INFO | epoch=031 train_batch=20/392 running_loss=0.045434
2026-08-19 18:22:10 | INFO | epoch=031 train_batch=30/392 running_loss=0.045711
2026-08-19 18:22:10 | INFO | epoch=031 train_batch=40/392 running_loss=0.045578
2026-08-19 18:22:10 | INFO | epoch=031 train_batch=50/392 running_loss=0.045444
2026-08-19 18:22:11 | INFO | epoch=031 train_batch=60/392 running_loss=0.045210
2026-08-19 18:22:11 | INFO | epoch=031 train_batch=70/392 running_loss=0.045093
2026-08-19 18:22:11 | INFO | epoch=031 train_batch=80/392 running_loss=0.044764
2026-08-19 18:22:12 | INFO | epoch=031 train_batch=90/392 running_loss=0.044631
2026-08-19 18:22:12 | INFO | epoch=031 train_batch=100/392 running_loss=0.044680
2026-08-19 18:22:12 | INFO | epoch=031 train_batch=110/392 running_loss=0.044418
2026-08-19 18:22:12 | INFO | epoch=031 train_batch=120/392 running_loss=0.044032
2026-08-19 18:22:13 | INFO | epoch=031 train_batch=130/392 running_loss=0.044204
2026-08-19 18:22:13 | INFO | epoch=031 train_batch=140/392 running_loss=0.044187
2026-08-19 18:22:13 | INFO | epoch=031 train_batch=150/392 running_loss=0.044328
2026-08-19 18:22:14 | INFO | epoch=031 train_batch=160/392 running_loss=0.044140
2026-08-19 18:22:14 | INFO | epoch=031 train_batch=170/392 running_loss=0.044159
2026-08-19 18:22:14 | INFO | epoch=031 train_batch=180/392 running_loss=0.044179
2026-08-19 18:22:15 | INFO | epoch=031 train_batch=190/392 running_loss=0.044325
2026-08-19 18:22:15 | INFO | epoch=031 train_batch=200/392 running_loss=0.044360
2026-08-19 18:22:15 | INFO | epoch=031 train_batch=210/392 running_loss=0.044407
2026-08-19 18:22:15 | INFO | epoch=031 train_batch=220/392 running_loss=0.044472
2026-08-19 18:22:16 | INFO | epoch=031 train_batch=230/392 running_loss=0.044419
2026-08-19 18:22:16 | INFO | epoch=031 train_batch=240/392 running_loss=0.044174
2026-08-19 18:22:16 | INFO | epoch=031 train_batch=250/392 running_loss=0.044195
2026-08-19 18:22:17 | INFO | epoch=031 train_batch=260/392 running_loss=0.044241
2026-08-19 18:22:17 | INFO | epoch=031 train_batch=270/392 running_loss=0.044331
2026-08-19 18:22:17 | INFO | epoch=031 train_batch=280/392 running_loss=0.044355
2026-08-19 18:22:17 | INFO | epoch=031 train_batch=290/392 running_loss=0.044374
2026-08-19 18:22:18 | INFO | epoch=031 train_batch=300/392 running_loss=0.044443
2026-08-19 18:22:18 | INFO | epoch=031 train_batch=310/392 running_loss=0.044365
2026-08-19 18:22:18 | INFO | epoch=031 train_batch=320/392 running_loss=0.044422
2026-08-19 18:22:19 | INFO | epoch=031 train_batch=330/392 running_loss=0.044482
2026-08-19 18:22:19 | INFO | epoch=031 train_batch=340/392 running_loss=0.044446
2026-08-19 18:22:19 | INFO | epoch=031 train_batch=350/392 running_loss=0.044467
2026-08-19 18:22:19 | INFO | epoch=031 train_batch=360/392 running_loss=0.044494
2026-08-19 18:22:20 | INFO | epoch=031 train_batch=370/392 running_loss=0.044472
2026-08-19 18:22:20 | INFO | epoch=031 train_batch=380/392 running_loss=0.044545
2026-08-19 18:22:20 | INFO | epoch=031 train_batch=390/392 running_loss=0.044523
2026-08-19 18:22:20 | INFO | epoch=031 train_batch=392/392 running_loss=0.044583
2026-08-19 18:22:21 | INFO | epoch=031 train_loss=0.044583 validation_loss=0.267417
2026-08-19 18:22:22 | INFO | epoch=032 train_batch=10/392 running_loss=0.043889
2026-08-19 18:22:22 | INFO | epoch=032 train_batch=20/392 running_loss=0.045305
2026-08-19 18:22:22 | INFO | epoch=032 train_batch=30/392 running_loss=0.043920
2026-08-19 18:22:22 | INFO | epoch=032 train_batch=40/392 running_loss=0.043715
2026-08-19 18:22:23 | INFO | epoch=032 train_batch=50/392 running_loss=0.044245
2026-08-19 18:22:23 | INFO | epoch=032 train_batch=60/392 running_loss=0.044363
2026-08-19 18:22:23 | INFO | epoch=032 train_batch=70/392 running_loss=0.044620
2026-08-19 18:22:24 | INFO | epoch=032 train_batch=80/392 running_loss=0.044264
2026-08-19 18:22:24 | INFO | epoch=032 train_batch=90/392 running_loss=0.044356
2026-08-19 18:22:24 | INFO | epoch=032 train_batch=100/392 running_loss=0.044172
2026-08-19 18:22:24 | INFO | epoch=032 train_batch=110/392 running_loss=0.044088
2026-08-19 18:22:25 | INFO | epoch=032 train_batch=120/392 running_loss=0.044497
2026-08-19 18:22:25 | INFO | epoch=032 train_batch=130/392 running_loss=0.044594
2026-08-19 18:22:25 | INFO | epoch=032 train_batch=140/392 running_loss=0.044526
2026-08-19 18:22:26 | INFO | epoch=032 train_batch=150/392 running_loss=0.044289
2026-08-19 18:22:26 | INFO | epoch=032 train_batch=160/392 running_loss=0.044356
2026-08-19 18:22:26 | INFO | epoch=032 train_batch=170/392 running_loss=0.044346
2026-08-19 18:22:26 | INFO | epoch=032 train_batch=180/392 running_loss=0.044544
2026-08-19 18:22:27 | INFO | epoch=032 train_batch=190/392 running_loss=0.044451
2026-08-19 18:22:27 | INFO | epoch=032 train_batch=200/392 running_loss=0.044374
2026-08-19 18:22:27 | INFO | epoch=032 train_batch=210/392 running_loss=0.044258
2026-08-19 18:22:28 | INFO | epoch=032 train_batch=220/392 running_loss=0.044385
2026-08-19 18:22:28 | INFO | epoch=032 train_batch=230/392 running_loss=0.044346
2026-08-19 18:22:28 | INFO | epoch=032 train_batch=240/392 running_loss=0.044374
2026-08-19 18:22:29 | INFO | epoch=032 train_batch=250/392 running_loss=0.044290
2026-08-19 18:22:29 | INFO | epoch=032 train_batch=260/392 running_loss=0.044272
2026-08-19 18:22:29 | INFO | epoch=032 train_batch=270/392 running_loss=0.044253
2026-08-19 18:22:29 | INFO | epoch=032 train_batch=280/392 running_loss=0.044190
2026-08-19 18:22:30 | INFO | epoch=032 train_batch=290/392 running_loss=0.044081
2026-08-19 18:22:30 | INFO | epoch=032 train_batch=300/392 running_loss=0.044124
2026-08-19 18:22:30 | INFO | epoch=032 train_batch=310/392 running_loss=0.044135
2026-08-19 18:22:31 | INFO | epoch=032 train_batch=320/392 running_loss=0.044207
2026-08-19 18:22:31 | INFO | epoch=032 train_batch=330/392 running_loss=0.044257
2026-08-19 18:22:31 | INFO | epoch=032 train_batch=340/392 running_loss=0.044357
2026-08-19 18:22:31 | INFO | epoch=032 train_batch=350/392 running_loss=0.044428
2026-08-19 18:22:32 | INFO | epoch=032 train_batch=360/392 running_loss=0.044277
2026-08-19 18:22:32 | INFO | epoch=032 train_batch=370/392 running_loss=0.044095
2026-08-19 18:22:32 | INFO | epoch=032 train_batch=380/392 running_loss=0.044112
2026-08-19 18:22:33 | INFO | epoch=032 train_batch=390/392 running_loss=0.044156
2026-08-19 18:22:33 | INFO | epoch=032 train_batch=392/392 running_loss=0.044166
2026-08-19 18:22:33 | INFO | epoch=032 train_loss=0.044166 validation_loss=0.270441
2026-08-19 18:22:34 | INFO | epoch=033 train_batch=10/392 running_loss=0.042479
2026-08-19 18:22:34 | INFO | epoch=033 train_batch=20/392 running_loss=0.043402
2026-08-19 18:22:34 | INFO | epoch=033 train_batch=30/392 running_loss=0.042437
2026-08-19 18:22:35 | INFO | epoch=033 train_batch=40/392 running_loss=0.042838
2026-08-19 18:22:35 | INFO | epoch=033 train_batch=50/392 running_loss=0.042212
2026-08-19 18:22:35 | INFO | epoch=033 train_batch=60/392 running_loss=0.042439
2026-08-19 18:22:36 | INFO | epoch=033 train_batch=70/392 running_loss=0.042540
2026-08-19 18:22:36 | INFO | epoch=033 train_batch=80/392 running_loss=0.042823
2026-08-19 18:22:36 | INFO | epoch=033 train_batch=90/392 running_loss=0.042941
2026-08-19 18:22:36 | INFO | epoch=033 train_batch=100/392 running_loss=0.042855
2026-08-19 18:22:37 | INFO | epoch=033 train_batch=110/392 running_loss=0.042855
2026-08-19 18:22:37 | INFO | epoch=033 train_batch=120/392 running_loss=0.043051
2026-08-19 18:22:37 | INFO | epoch=033 train_batch=130/392 running_loss=0.042920
2026-08-19 18:22:38 | INFO | epoch=033 train_batch=140/392 running_loss=0.042890
2026-08-19 18:22:38 | INFO | epoch=033 train_batch=150/392 running_loss=0.043111
2026-08-19 18:22:38 | INFO | epoch=033 train_batch=160/392 running_loss=0.043205
2026-08-19 18:22:38 | INFO | epoch=033 train_batch=170/392 running_loss=0.043407
2026-08-19 18:22:39 | INFO | epoch=033 train_batch=180/392 running_loss=0.043268
2026-08-19 18:22:39 | INFO | epoch=033 train_batch=190/392 running_loss=0.043420
2026-08-19 18:22:39 | INFO | epoch=033 train_batch=200/392 running_loss=0.043542
2026-08-19 18:22:40 | INFO | epoch=033 train_batch=210/392 running_loss=0.043437
2026-08-19 18:22:40 | INFO | epoch=033 train_batch=220/392 running_loss=0.043467
2026-08-19 18:22:40 | INFO | epoch=033 train_batch=230/392 running_loss=0.043616
2026-08-19 18:22:40 | INFO | epoch=033 train_batch=240/392 running_loss=0.043645
2026-08-19 18:22:41 | INFO | epoch=033 train_batch=250/392 running_loss=0.043761
2026-08-19 18:22:41 | INFO | epoch=033 train_batch=260/392 running_loss=0.043787
2026-08-19 18:22:41 | INFO | epoch=033 train_batch=270/392 running_loss=0.043761
2026-08-19 18:22:42 | INFO | epoch=033 train_batch=280/392 running_loss=0.043856
2026-08-19 18:22:42 | INFO | epoch=033 train_batch=290/392 running_loss=0.043865
2026-08-19 18:22:42 | INFO | epoch=033 train_batch=300/392 running_loss=0.043807
2026-08-19 18:22:43 | INFO | epoch=033 train_batch=310/392 running_loss=0.043697
2026-08-19 18:22:43 | INFO | epoch=033 train_batch=320/392 running_loss=0.043706
2026-08-19 18:22:43 | INFO | epoch=033 train_batch=330/392 running_loss=0.043669
2026-08-19 18:22:43 | INFO | epoch=033 train_batch=340/392 running_loss=0.043620
2026-08-19 18:22:44 | INFO | epoch=033 train_batch=350/392 running_loss=0.043627
2026-08-19 18:22:44 | INFO | epoch=033 train_batch=360/392 running_loss=0.043626
2026-08-19 18:22:44 | INFO | epoch=033 train_batch=370/392 running_loss=0.043668
2026-08-19 18:22:45 | INFO | epoch=033 train_batch=380/392 running_loss=0.043669
2026-08-19 18:22:45 | INFO | epoch=033 train_batch=390/392 running_loss=0.043879
2026-08-19 18:22:45 | INFO | epoch=033 train_batch=392/392 running_loss=0.043814
2026-08-19 18:22:46 | INFO | epoch=033 train_loss=0.043814 validation_loss=0.268110
2026-08-19 18:22:46 | INFO | epoch=034 train_batch=10/392 running_loss=0.040514
2026-08-19 18:22:46 | INFO | epoch=034 train_batch=20/392 running_loss=0.040954
2026-08-19 18:22:47 | INFO | epoch=034 train_batch=30/392 running_loss=0.040939
2026-08-19 18:22:47 | INFO | epoch=034 train_batch=40/392 running_loss=0.041773
2026-08-19 18:22:47 | INFO | epoch=034 train_batch=50/392 running_loss=0.042268
2026-08-19 18:22:48 | INFO | epoch=034 train_batch=60/392 running_loss=0.042106
2026-08-19 18:22:48 | INFO | epoch=034 train_batch=70/392 running_loss=0.042433
2026-08-19 18:22:48 | INFO | epoch=034 train_batch=80/392 running_loss=0.042142
2026-08-19 18:22:48 | INFO | epoch=034 train_batch=90/392 running_loss=0.042437
2026-08-19 18:22:49 | INFO | epoch=034 train_batch=100/392 running_loss=0.042788
2026-08-19 18:22:49 | INFO | epoch=034 train_batch=110/392 running_loss=0.042737
2026-08-19 18:22:49 | INFO | epoch=034 train_batch=120/392 running_loss=0.042774
2026-08-19 18:22:50 | INFO | epoch=034 train_batch=130/392 running_loss=0.043102
2026-08-19 18:22:50 | INFO | epoch=034 train_batch=140/392 running_loss=0.043300
2026-08-19 18:22:50 | INFO | epoch=034 train_batch=150/392 running_loss=0.043118
2026-08-19 18:22:50 | INFO | epoch=034 train_batch=160/392 running_loss=0.043352
2026-08-19 18:22:51 | INFO | epoch=034 train_batch=170/392 running_loss=0.043523
2026-08-19 18:22:51 | INFO | epoch=034 train_batch=180/392 running_loss=0.043624
2026-08-19 18:22:51 | INFO | epoch=034 train_batch=190/392 running_loss=0.043561
2026-08-19 18:22:52 | INFO | epoch=034 train_batch=200/392 running_loss=0.043697
2026-08-19 18:22:52 | INFO | epoch=034 train_batch=210/392 running_loss=0.043751
2026-08-19 18:22:52 | INFO | epoch=034 train_batch=220/392 running_loss=0.043734
2026-08-19 18:22:52 | INFO | epoch=034 train_batch=230/392 running_loss=0.043764
2026-08-19 18:22:53 | INFO | epoch=034 train_batch=240/392 running_loss=0.043813
2026-08-19 18:22:53 | INFO | epoch=034 train_batch=250/392 running_loss=0.043639
2026-08-19 18:22:53 | INFO | epoch=034 train_batch=260/392 running_loss=0.043676
2026-08-19 18:22:54 | INFO | epoch=034 train_batch=270/392 running_loss=0.043661
2026-08-19 18:22:54 | INFO | epoch=034 train_batch=280/392 running_loss=0.043624
2026-08-19 18:22:54 | INFO | epoch=034 train_batch=290/392 running_loss=0.043622
2026-08-19 18:22:55 | INFO | epoch=034 train_batch=300/392 running_loss=0.043512
2026-08-19 18:22:55 | INFO | epoch=034 train_batch=310/392 running_loss=0.043409
2026-08-19 18:22:55 | INFO | epoch=034 train_batch=320/392 running_loss=0.043442
2026-08-19 18:22:55 | INFO | epoch=034 train_batch=330/392 running_loss=0.043494
2026-08-19 18:22:56 | INFO | epoch=034 train_batch=340/392 running_loss=0.043529
2026-08-19 18:22:56 | INFO | epoch=034 train_batch=350/392 running_loss=0.043484
2026-08-19 18:22:56 | INFO | epoch=034 train_batch=360/392 running_loss=0.043516
2026-08-19 18:22:57 | INFO | epoch=034 train_batch=370/392 running_loss=0.043533
2026-08-19 18:22:57 | INFO | epoch=034 train_batch=380/392 running_loss=0.043505
2026-08-19 18:22:57 | INFO | epoch=034 train_batch=390/392 running_loss=0.043455
2026-08-19 18:22:57 | INFO | epoch=034 train_batch=392/392 running_loss=0.043440
2026-08-19 18:22:58 | INFO | epoch=034 train_loss=0.043440 validation_loss=0.265721
2026-08-19 18:22:58 | INFO | epoch=035 train_batch=10/392 running_loss=0.041416
2026-08-19 18:22:59 | INFO | epoch=035 train_batch=20/392 running_loss=0.042546
2026-08-19 18:22:59 | INFO | epoch=035 train_batch=30/392 running_loss=0.043300
2026-08-19 18:22:59 | INFO | epoch=035 train_batch=40/392 running_loss=0.043443
2026-08-19 18:22:59 | INFO | epoch=035 train_batch=50/392 running_loss=0.043779
2026-08-19 18:23:00 | INFO | epoch=035 train_batch=60/392 running_loss=0.043100
2026-08-19 18:23:00 | INFO | epoch=035 train_batch=70/392 running_loss=0.042782
2026-08-19 18:23:00 | INFO | epoch=035 train_batch=80/392 running_loss=0.042541
2026-08-19 18:23:01 | INFO | epoch=035 train_batch=90/392 running_loss=0.042469
2026-08-19 18:23:01 | INFO | epoch=035 train_batch=100/392 running_loss=0.042717
2026-08-19 18:23:01 | INFO | epoch=035 train_batch=110/392 running_loss=0.042698
2026-08-19 18:23:02 | INFO | epoch=035 train_batch=120/392 running_loss=0.042856
2026-08-19 18:23:02 | INFO | epoch=035 train_batch=130/392 running_loss=0.042902
2026-08-19 18:23:02 | INFO | epoch=035 train_batch=140/392 running_loss=0.042735
2026-08-19 18:23:02 | INFO | epoch=035 train_batch=150/392 running_loss=0.042681
2026-08-19 18:23:03 | INFO | epoch=035 train_batch=160/392 running_loss=0.042826
2026-08-19 18:23:03 | INFO | epoch=035 train_batch=170/392 running_loss=0.042916
2026-08-19 18:23:03 | INFO | epoch=035 train_batch=180/392 running_loss=0.042913
2026-08-19 18:23:04 | INFO | epoch=035 train_batch=190/392 running_loss=0.042918
2026-08-19 18:23:04 | INFO | epoch=035 train_batch=200/392 running_loss=0.042997
2026-08-19 18:23:04 | INFO | epoch=035 train_batch=210/392 running_loss=0.042925
2026-08-19 18:23:04 | INFO | epoch=035 train_batch=220/392 running_loss=0.042905
2026-08-19 18:23:05 | INFO | epoch=035 train_batch=230/392 running_loss=0.043046
2026-08-19 18:23:05 | INFO | epoch=035 train_batch=240/392 running_loss=0.043154
2026-08-19 18:23:05 | INFO | epoch=035 train_batch=250/392 running_loss=0.043169
2026-08-19 18:23:06 | INFO | epoch=035 train_batch=260/392 running_loss=0.043427
2026-08-19 18:23:06 | INFO | epoch=035 train_batch=270/392 running_loss=0.043402
2026-08-19 18:23:06 | INFO | epoch=035 train_batch=280/392 running_loss=0.043303
2026-08-19 18:23:06 | INFO | epoch=035 train_batch=290/392 running_loss=0.043354
2026-08-19 18:23:07 | INFO | epoch=035 train_batch=300/392 running_loss=0.043338
2026-08-19 18:23:07 | INFO | epoch=035 train_batch=310/392 running_loss=0.043241
2026-08-19 18:23:07 | INFO | epoch=035 train_batch=320/392 running_loss=0.043222
2026-08-19 18:23:08 | INFO | epoch=035 train_batch=330/392 running_loss=0.043267
2026-08-19 18:23:08 | INFO | epoch=035 train_batch=340/392 running_loss=0.043252
2026-08-19 18:23:08 | INFO | epoch=035 train_batch=350/392 running_loss=0.043281
2026-08-19 18:23:08 | INFO | epoch=035 train_batch=360/392 running_loss=0.043267
2026-08-19 18:23:09 | INFO | epoch=035 train_batch=370/392 running_loss=0.043295
2026-08-19 18:23:09 | INFO | epoch=035 train_batch=380/392 running_loss=0.043229
2026-08-19 18:23:09 | INFO | epoch=035 train_batch=390/392 running_loss=0.043204
2026-08-19 18:23:09 | INFO | epoch=035 train_batch=392/392 running_loss=0.043156
2026-08-19 18:23:10 | INFO | epoch=035 train_loss=0.043156 validation_loss=0.267067
2026-08-19 18:23:10 | INFO | epoch=036 train_batch=10/392 running_loss=0.041948
2026-08-19 18:23:11 | INFO | epoch=036 train_batch=20/392 running_loss=0.041132
2026-08-19 18:23:11 | INFO | epoch=036 train_batch=30/392 running_loss=0.041265
2026-08-19 18:23:11 | INFO | epoch=036 train_batch=40/392 running_loss=0.041358
2026-08-19 18:23:12 | INFO | epoch=036 train_batch=50/392 running_loss=0.042102
2026-08-19 18:23:12 | INFO | epoch=036 train_batch=60/392 running_loss=0.041422
2026-08-19 18:23:12 | INFO | epoch=036 train_batch=70/392 running_loss=0.041743
2026-08-19 18:23:12 | INFO | epoch=036 train_batch=80/392 running_loss=0.042041
2026-08-19 18:23:13 | INFO | epoch=036 train_batch=90/392 running_loss=0.042033
2026-08-19 18:23:13 | INFO | epoch=036 train_batch=100/392 running_loss=0.041786
2026-08-19 18:23:13 | INFO | epoch=036 train_batch=110/392 running_loss=0.041641
2026-08-19 18:23:14 | INFO | epoch=036 train_batch=120/392 running_loss=0.041597
2026-08-19 18:23:14 | INFO | epoch=036 train_batch=130/392 running_loss=0.041549
2026-08-19 18:23:14 | INFO | epoch=036 train_batch=140/392 running_loss=0.041679
2026-08-19 18:23:14 | INFO | epoch=036 train_batch=150/392 running_loss=0.041735
2026-08-19 18:23:15 | INFO | epoch=036 train_batch=160/392 running_loss=0.041928
2026-08-19 18:23:15 | INFO | epoch=036 train_batch=170/392 running_loss=0.042063
2026-08-19 18:23:15 | INFO | epoch=036 train_batch=180/392 running_loss=0.041942
2026-08-19 18:23:16 | INFO | epoch=036 train_batch=190/392 running_loss=0.042120
2026-08-19 18:23:16 | INFO | epoch=036 train_batch=200/392 running_loss=0.042210
2026-08-19 18:23:16 | INFO | epoch=036 train_batch=210/392 running_loss=0.042374
2026-08-19 18:23:17 | INFO | epoch=036 train_batch=220/392 running_loss=0.042420
2026-08-19 18:23:17 | INFO | epoch=036 train_batch=230/392 running_loss=0.042353
2026-08-19 18:23:17 | INFO | epoch=036 train_batch=240/392 running_loss=0.042330
2026-08-19 18:23:17 | INFO | epoch=036 train_batch=250/392 running_loss=0.042446
2026-08-19 18:23:18 | INFO | epoch=036 train_batch=260/392 running_loss=0.042478
2026-08-19 18:23:18 | INFO | epoch=036 train_batch=270/392 running_loss=0.042619
2026-08-19 18:23:18 | INFO | epoch=036 train_batch=280/392 running_loss=0.042742
2026-08-19 18:23:19 | INFO | epoch=036 train_batch=290/392 running_loss=0.042810
2026-08-19 18:23:19 | INFO | epoch=036 train_batch=300/392 running_loss=0.042971
2026-08-19 18:23:19 | INFO | epoch=036 train_batch=310/392 running_loss=0.042937
2026-08-19 18:23:20 | INFO | epoch=036 train_batch=320/392 running_loss=0.043094
2026-08-19 18:23:20 | INFO | epoch=036 train_batch=330/392 running_loss=0.043022
2026-08-19 18:23:20 | INFO | epoch=036 train_batch=340/392 running_loss=0.043034
2026-08-19 18:23:20 | INFO | epoch=036 train_batch=350/392 running_loss=0.042987
2026-08-19 18:23:21 | INFO | epoch=036 train_batch=360/392 running_loss=0.042904
2026-08-19 18:23:21 | INFO | epoch=036 train_batch=370/392 running_loss=0.042939
2026-08-19 18:23:21 | INFO | epoch=036 train_batch=380/392 running_loss=0.043031
2026-08-19 18:23:22 | INFO | epoch=036 train_batch=390/392 running_loss=0.043004
2026-08-19 18:23:22 | INFO | epoch=036 train_batch=392/392 running_loss=0.042923
2026-08-19 18:23:22 | INFO | epoch=036 train_loss=0.042923 validation_loss=0.264591
2026-08-19 18:23:23 | INFO | epoch=037 train_batch=10/392 running_loss=0.044444
2026-08-19 18:23:23 | INFO | epoch=037 train_batch=20/392 running_loss=0.042019
2026-08-19 18:23:23 | INFO | epoch=037 train_batch=30/392 running_loss=0.042582
2026-08-19 18:23:24 | INFO | epoch=037 train_batch=40/392 running_loss=0.041833
2026-08-19 18:23:24 | INFO | epoch=037 train_batch=50/392 running_loss=0.041956
2026-08-19 18:23:24 | INFO | epoch=037 train_batch=60/392 running_loss=0.041736
2026-08-19 18:23:24 | INFO | epoch=037 train_batch=70/392 running_loss=0.042302
2026-08-19 18:23:25 | INFO | epoch=037 train_batch=80/392 running_loss=0.042782
2026-08-19 18:23:25 | INFO | epoch=037 train_batch=90/392 running_loss=0.042762
2026-08-19 18:23:25 | INFO | epoch=037 train_batch=100/392 running_loss=0.042760
2026-08-19 18:23:26 | INFO | epoch=037 train_batch=110/392 running_loss=0.042957
2026-08-19 18:23:26 | INFO | epoch=037 train_batch=120/392 running_loss=0.043242
2026-08-19 18:23:26 | INFO | epoch=037 train_batch=130/392 running_loss=0.043292
2026-08-19 18:23:27 | INFO | epoch=037 train_batch=140/392 running_loss=0.043042
2026-08-19 18:23:27 | INFO | epoch=037 train_batch=150/392 running_loss=0.043116
2026-08-19 18:23:27 | INFO | epoch=037 train_batch=160/392 running_loss=0.042914
2026-08-19 18:23:27 | INFO | epoch=037 train_batch=170/392 running_loss=0.042876
2026-08-19 18:23:28 | INFO | epoch=037 train_batch=180/392 running_loss=0.042763
2026-08-19 18:23:28 | INFO | epoch=037 train_batch=190/392 running_loss=0.042860
2026-08-19 18:23:28 | INFO | epoch=037 train_batch=200/392 running_loss=0.042881
2026-08-19 18:23:29 | INFO | epoch=037 train_batch=210/392 running_loss=0.043055
2026-08-19 18:23:29 | INFO | epoch=037 train_batch=220/392 running_loss=0.043006
2026-08-19 18:23:29 | INFO | epoch=037 train_batch=230/392 running_loss=0.043177
2026-08-19 18:23:29 | INFO | epoch=037 train_batch=240/392 running_loss=0.043173
2026-08-19 18:23:30 | INFO | epoch=037 train_batch=250/392 running_loss=0.043200
2026-08-19 18:23:30 | INFO | epoch=037 train_batch=260/392 running_loss=0.043136
2026-08-19 18:23:30 | INFO | epoch=037 train_batch=270/392 running_loss=0.043143
2026-08-19 18:23:31 | INFO | epoch=037 train_batch=280/392 running_loss=0.043200
2026-08-19 18:23:31 | INFO | epoch=037 train_batch=290/392 running_loss=0.043289
2026-08-19 18:23:31 | INFO | epoch=037 train_batch=300/392 running_loss=0.043259
2026-08-19 18:23:31 | INFO | epoch=037 train_batch=310/392 running_loss=0.043152
2026-08-19 18:23:32 | INFO | epoch=037 train_batch=320/392 running_loss=0.043119
2026-08-19 18:23:32 | INFO | epoch=037 train_batch=330/392 running_loss=0.043097
2026-08-19 18:23:32 | INFO | epoch=037 train_batch=340/392 running_loss=0.042960
2026-08-19 18:23:33 | INFO | epoch=037 train_batch=350/392 running_loss=0.042999
2026-08-19 18:23:33 | INFO | epoch=037 train_batch=360/392 running_loss=0.042897
2026-08-19 18:23:33 | INFO | epoch=037 train_batch=370/392 running_loss=0.042822
2026-08-19 18:23:33 | INFO | epoch=037 train_batch=380/392 running_loss=0.042900
2026-08-19 18:23:34 | INFO | epoch=037 train_batch=390/392 running_loss=0.042927
2026-08-19 18:23:34 | INFO | epoch=037 train_batch=392/392 running_loss=0.043010
2026-08-19 18:23:35 | INFO | epoch=037 train_loss=0.043010 validation_loss=0.270843
2026-08-19 18:23:35 | INFO | epoch=038 train_batch=10/392 running_loss=0.040984
2026-08-19 18:23:35 | INFO | epoch=038 train_batch=20/392 running_loss=0.041472
2026-08-19 18:23:35 | INFO | epoch=038 train_batch=30/392 running_loss=0.041838
2026-08-19 18:23:36 | INFO | epoch=038 train_batch=40/392 running_loss=0.041465
2026-08-19 18:23:36 | INFO | epoch=038 train_batch=50/392 running_loss=0.041290
2026-08-19 18:23:36 | INFO | epoch=038 train_batch=60/392 running_loss=0.041594
2026-08-19 18:23:37 | INFO | epoch=038 train_batch=70/392 running_loss=0.041765
2026-08-19 18:23:37 | INFO | epoch=038 train_batch=80/392 running_loss=0.041627
2026-08-19 18:23:37 | INFO | epoch=038 train_batch=90/392 running_loss=0.041616
2026-08-19 18:23:37 | INFO | epoch=038 train_batch=100/392 running_loss=0.042017
2026-08-19 18:23:38 | INFO | epoch=038 train_batch=110/392 running_loss=0.041808
2026-08-19 18:23:38 | INFO | epoch=038 train_batch=120/392 running_loss=0.041953
2026-08-19 18:23:38 | INFO | epoch=038 train_batch=130/392 running_loss=0.042127
2026-08-19 18:23:39 | INFO | epoch=038 train_batch=140/392 running_loss=0.042133
2026-08-19 18:23:39 | INFO | epoch=038 train_batch=150/392 running_loss=0.042148
2026-08-19 18:23:39 | INFO | epoch=038 train_batch=160/392 running_loss=0.042290
2026-08-19 18:23:40 | INFO | epoch=038 train_batch=170/392 running_loss=0.042461
2026-08-19 18:23:40 | INFO | epoch=038 train_batch=180/392 running_loss=0.042444
2026-08-19 18:23:40 | INFO | epoch=038 train_batch=190/392 running_loss=0.042499
2026-08-19 18:23:40 | INFO | epoch=038 train_batch=200/392 running_loss=0.042423
2026-08-19 18:23:41 | INFO | epoch=038 train_batch=210/392 running_loss=0.042478
2026-08-19 18:23:41 | INFO | epoch=038 train_batch=220/392 running_loss=0.042445
2026-08-19 18:23:41 | INFO | epoch=038 train_batch=230/392 running_loss=0.042446
2026-08-19 18:23:42 | INFO | epoch=038 train_batch=240/392 running_loss=0.042463
2026-08-19 18:23:42 | INFO | epoch=038 train_batch=250/392 running_loss=0.042463
2026-08-19 18:23:42 | INFO | epoch=038 train_batch=260/392 running_loss=0.042480
2026-08-19 18:23:42 | INFO | epoch=038 train_batch=270/392 running_loss=0.042663
2026-08-19 18:23:43 | INFO | epoch=038 train_batch=280/392 running_loss=0.042594
2026-08-19 18:23:43 | INFO | epoch=038 train_batch=290/392 running_loss=0.042509
2026-08-19 18:23:43 | INFO | epoch=038 train_batch=300/392 running_loss=0.042556
2026-08-19 18:23:44 | INFO | epoch=038 train_batch=310/392 running_loss=0.042562
2026-08-19 18:23:44 | INFO | epoch=038 train_batch=320/392 running_loss=0.042501
2026-08-19 18:23:44 | INFO | epoch=038 train_batch=330/392 running_loss=0.042507
2026-08-19 18:23:44 | INFO | epoch=038 train_batch=340/392 running_loss=0.042494
2026-08-19 18:23:45 | INFO | epoch=038 train_batch=350/392 running_loss=0.042570
2026-08-19 18:23:45 | INFO | epoch=038 train_batch=360/392 running_loss=0.042596
2026-08-19 18:23:45 | INFO | epoch=038 train_batch=370/392 running_loss=0.042384
2026-08-19 18:23:46 | INFO | epoch=038 train_batch=380/392 running_loss=0.042406
2026-08-19 18:23:46 | INFO | epoch=038 train_batch=390/392 running_loss=0.042419
2026-08-19 18:23:46 | INFO | epoch=038 train_batch=392/392 running_loss=0.042432
2026-08-19 18:23:47 | INFO | epoch=038 train_loss=0.042432 validation_loss=0.267252
2026-08-19 18:23:47 | INFO | epoch=039 train_batch=10/392 running_loss=0.044525
2026-08-19 18:23:47 | INFO | epoch=039 train_batch=20/392 running_loss=0.041157
2026-08-19 18:23:48 | INFO | epoch=039 train_batch=30/392 running_loss=0.043028
2026-08-19 18:23:48 | INFO | epoch=039 train_batch=40/392 running_loss=0.042232
2026-08-19 18:23:48 | INFO | epoch=039 train_batch=50/392 running_loss=0.042149
2026-08-19 18:23:49 | INFO | epoch=039 train_batch=60/392 running_loss=0.042430
2026-08-19 18:23:49 | INFO | epoch=039 train_batch=70/392 running_loss=0.043208
2026-08-19 18:23:49 | INFO | epoch=039 train_batch=80/392 running_loss=0.042563
2026-08-19 18:23:49 | INFO | epoch=039 train_batch=90/392 running_loss=0.043107
2026-08-19 18:23:50 | INFO | epoch=039 train_batch=100/392 running_loss=0.043526
2026-08-19 18:23:50 | INFO | epoch=039 train_batch=110/392 running_loss=0.043536
2026-08-19 18:23:50 | INFO | epoch=039 train_batch=120/392 running_loss=0.043552
2026-08-19 18:23:51 | INFO | epoch=039 train_batch=130/392 running_loss=0.043254
2026-08-19 18:23:51 | INFO | epoch=039 train_batch=140/392 running_loss=0.043029
2026-08-19 18:23:51 | INFO | epoch=039 train_batch=150/392 running_loss=0.042772
2026-08-19 18:23:51 | INFO | epoch=039 train_batch=160/392 running_loss=0.042569
2026-08-19 18:23:52 | INFO | epoch=039 train_batch=170/392 running_loss=0.042329
2026-08-19 18:23:52 | INFO | epoch=039 train_batch=180/392 running_loss=0.042525
2026-08-19 18:23:52 | INFO | epoch=039 train_batch=190/392 running_loss=0.042411
2026-08-19 18:23:53 | INFO | epoch=039 train_batch=200/392 running_loss=0.042259
2026-08-19 18:23:53 | INFO | epoch=039 train_batch=210/392 running_loss=0.042274
2026-08-19 18:23:53 | INFO | epoch=039 train_batch=220/392 running_loss=0.042303
2026-08-19 18:23:53 | INFO | epoch=039 train_batch=230/392 running_loss=0.042331
2026-08-19 18:23:54 | INFO | epoch=039 train_batch=240/392 running_loss=0.042306
2026-08-19 18:23:54 | INFO | epoch=039 train_batch=250/392 running_loss=0.042372
2026-08-19 18:23:54 | INFO | epoch=039 train_batch=260/392 running_loss=0.042460
2026-08-19 18:23:55 | INFO | epoch=039 train_batch=270/392 running_loss=0.042482
2026-08-19 18:23:55 | INFO | epoch=039 train_batch=280/392 running_loss=0.042386
2026-08-19 18:23:55 | INFO | epoch=039 train_batch=290/392 running_loss=0.042390
2026-08-19 18:23:55 | INFO | epoch=039 train_batch=300/392 running_loss=0.042349
2026-08-19 18:23:56 | INFO | epoch=039 train_batch=310/392 running_loss=0.042374
2026-08-19 18:23:56 | INFO | epoch=039 train_batch=320/392 running_loss=0.042388
2026-08-19 18:23:56 | INFO | epoch=039 train_batch=330/392 running_loss=0.042333
2026-08-19 18:23:57 | INFO | epoch=039 train_batch=340/392 running_loss=0.042352
2026-08-19 18:23:57 | INFO | epoch=039 train_batch=350/392 running_loss=0.042343
2026-08-19 18:23:57 | INFO | epoch=039 train_batch=360/392 running_loss=0.042297
2026-08-19 18:23:57 | INFO | epoch=039 train_batch=370/392 running_loss=0.042287
2026-08-19 18:23:58 | INFO | epoch=039 train_batch=380/392 running_loss=0.042245
2026-08-19 18:23:58 | INFO | epoch=039 train_batch=390/392 running_loss=0.042285
2026-08-19 18:23:58 | INFO | epoch=039 train_batch=392/392 running_loss=0.042344
2026-08-19 18:23:59 | INFO | epoch=039 train_loss=0.042344 validation_loss=0.267186
2026-08-19 18:23:59 | INFO | epoch=040 train_batch=10/392 running_loss=0.039646
2026-08-19 18:23:59 | INFO | epoch=040 train_batch=20/392 running_loss=0.038920
2026-08-19 18:24:00 | INFO | epoch=040 train_batch=30/392 running_loss=0.038505
2026-08-19 18:24:00 | INFO | epoch=040 train_batch=40/392 running_loss=0.039432
2026-08-19 18:24:00 | INFO | epoch=040 train_batch=50/392 running_loss=0.039170
2026-08-19 18:24:01 | INFO | epoch=040 train_batch=60/392 running_loss=0.039833
2026-08-19 18:24:01 | INFO | epoch=040 train_batch=70/392 running_loss=0.040267
2026-08-19 18:24:01 | INFO | epoch=040 train_batch=80/392 running_loss=0.040773
2026-08-19 18:24:02 | INFO | epoch=040 train_batch=90/392 running_loss=0.040750
2026-08-19 18:24:02 | INFO | epoch=040 train_batch=100/392 running_loss=0.041007
2026-08-19 18:24:02 | INFO | epoch=040 train_batch=110/392 running_loss=0.041056
2026-08-19 18:24:02 | INFO | epoch=040 train_batch=120/392 running_loss=0.040731
2026-08-19 18:24:03 | INFO | epoch=040 train_batch=130/392 running_loss=0.040569
2026-08-19 18:24:03 | INFO | epoch=040 train_batch=140/392 running_loss=0.040630
2026-08-19 18:24:03 | INFO | epoch=040 train_batch=150/392 running_loss=0.040628
2026-08-19 18:24:04 | INFO | epoch=040 train_batch=160/392 running_loss=0.040911
2026-08-19 18:24:04 | INFO | epoch=040 train_batch=170/392 running_loss=0.040950
2026-08-19 18:24:04 | INFO | epoch=040 train_batch=180/392 running_loss=0.041006
2026-08-19 18:24:04 | INFO | epoch=040 train_batch=190/392 running_loss=0.041170
2026-08-19 18:24:05 | INFO | epoch=040 train_batch=200/392 running_loss=0.041249
2026-08-19 18:24:05 | INFO | epoch=040 train_batch=210/392 running_loss=0.041220
2026-08-19 18:24:05 | INFO | epoch=040 train_batch=220/392 running_loss=0.041334
2026-08-19 18:24:06 | INFO | epoch=040 train_batch=230/392 running_loss=0.041338
2026-08-19 18:24:06 | INFO | epoch=040 train_batch=240/392 running_loss=0.041455
2026-08-19 18:24:06 | INFO | epoch=040 train_batch=250/392 running_loss=0.041507
2026-08-19 18:24:06 | INFO | epoch=040 train_batch=260/392 running_loss=0.041487
2026-08-19 18:24:07 | INFO | epoch=040 train_batch=270/392 running_loss=0.041592
2026-08-19 18:24:07 | INFO | epoch=040 train_batch=280/392 running_loss=0.041532
2026-08-19 18:24:07 | INFO | epoch=040 train_batch=290/392 running_loss=0.041617
2026-08-19 18:24:08 | INFO | epoch=040 train_batch=300/392 running_loss=0.041576
2026-08-19 18:24:08 | INFO | epoch=040 train_batch=310/392 running_loss=0.041547
2026-08-19 18:24:08 | INFO | epoch=040 train_batch=320/392 running_loss=0.041493
2026-08-19 18:24:08 | INFO | epoch=040 train_batch=330/392 running_loss=0.041446
2026-08-19 18:24:09 | INFO | epoch=040 train_batch=340/392 running_loss=0.041457
2026-08-19 18:24:09 | INFO | epoch=040 train_batch=350/392 running_loss=0.041425
2026-08-19 18:24:09 | INFO | epoch=040 train_batch=360/392 running_loss=0.041508
2026-08-19 18:24:10 | INFO | epoch=040 train_batch=370/392 running_loss=0.041590
2026-08-19 18:24:10 | INFO | epoch=040 train_batch=380/392 running_loss=0.041727
2026-08-19 18:24:10 | INFO | epoch=040 train_batch=390/392 running_loss=0.041824
2026-08-19 18:24:10 | INFO | epoch=040 train_batch=392/392 running_loss=0.041810
2026-08-19 18:24:11 | INFO | epoch=040 train_loss=0.041810 validation_loss=0.257616
2026-08-19 18:24:11 | INFO | epoch=040 saved new best.pt
2026-08-19 18:24:11 | INFO | epoch=041 train_batch=10/392 running_loss=0.043646
2026-08-19 18:24:12 | INFO | epoch=041 train_batch=20/392 running_loss=0.044740
2026-08-19 18:24:12 | INFO | epoch=041 train_batch=30/392 running_loss=0.042128
2026-08-19 18:24:12 | INFO | epoch=041 train_batch=40/392 running_loss=0.042068
2026-08-19 18:24:13 | INFO | epoch=041 train_batch=50/392 running_loss=0.041658
2026-08-19 18:24:13 | INFO | epoch=041 train_batch=60/392 running_loss=0.041330
2026-08-19 18:24:13 | INFO | epoch=041 train_batch=70/392 running_loss=0.041215
2026-08-19 18:24:13 | INFO | epoch=041 train_batch=80/392 running_loss=0.041510
2026-08-19 18:24:14 | INFO | epoch=041 train_batch=90/392 running_loss=0.041572
2026-08-19 18:24:14 | INFO | epoch=041 train_batch=100/392 running_loss=0.041829
2026-08-19 18:24:14 | INFO | epoch=041 train_batch=110/392 running_loss=0.041629
2026-08-19 18:24:15 | INFO | epoch=041 train_batch=120/392 running_loss=0.041450
2026-08-19 18:24:15 | INFO | epoch=041 train_batch=130/392 running_loss=0.041757
2026-08-19 18:24:15 | INFO | epoch=041 train_batch=140/392 running_loss=0.041556
2026-08-19 18:24:15 | INFO | epoch=041 train_batch=150/392 running_loss=0.041581
2026-08-19 18:24:16 | INFO | epoch=041 train_batch=160/392 running_loss=0.041479
2026-08-19 18:24:16 | INFO | epoch=041 train_batch=170/392 running_loss=0.041465
2026-08-19 18:24:16 | INFO | epoch=041 train_batch=180/392 running_loss=0.041415
2026-08-19 18:24:17 | INFO | epoch=041 train_batch=190/392 running_loss=0.041454
2026-08-19 18:24:17 | INFO | epoch=041 train_batch=200/392 running_loss=0.041442
2026-08-19 18:24:17 | INFO | epoch=041 train_batch=210/392 running_loss=0.041523
2026-08-19 18:24:17 | INFO | epoch=041 train_batch=220/392 running_loss=0.041469
2026-08-19 18:24:18 | INFO | epoch=041 train_batch=230/392 running_loss=0.041412
2026-08-19 18:24:18 | INFO | epoch=041 train_batch=240/392 running_loss=0.041421
2026-08-19 18:24:18 | INFO | epoch=041 train_batch=250/392 running_loss=0.041467
2026-08-19 18:24:19 | INFO | epoch=041 train_batch=260/392 running_loss=0.041545
2026-08-19 18:24:19 | INFO | epoch=041 train_batch=270/392 running_loss=0.041530
2026-08-19 18:24:19 | INFO | epoch=041 train_batch=280/392 running_loss=0.041615
2026-08-19 18:24:20 | INFO | epoch=041 train_batch=290/392 running_loss=0.041580
2026-08-19 18:24:20 | INFO | epoch=041 train_batch=300/392 running_loss=0.041606
2026-08-19 18:24:20 | INFO | epoch=041 train_batch=310/392 running_loss=0.041625
2026-08-19 18:24:20 | INFO | epoch=041 train_batch=320/392 running_loss=0.041535
2026-08-19 18:24:21 | INFO | epoch=041 train_batch=330/392 running_loss=0.041544
2026-08-19 18:24:21 | INFO | epoch=041 train_batch=340/392 running_loss=0.041642
2026-08-19 18:24:21 | INFO | epoch=041 train_batch=350/392 running_loss=0.041585
2026-08-19 18:24:22 | INFO | epoch=041 train_batch=360/392 running_loss=0.041615
2026-08-19 18:24:22 | INFO | epoch=041 train_batch=370/392 running_loss=0.041637
2026-08-19 18:24:22 | INFO | epoch=041 train_batch=380/392 running_loss=0.041681
2026-08-19 18:24:22 | INFO | epoch=041 train_batch=390/392 running_loss=0.041618
2026-08-19 18:24:22 | INFO | epoch=041 train_batch=392/392 running_loss=0.041642
2026-08-19 18:24:23 | INFO | epoch=041 train_loss=0.041642 validation_loss=0.258673
2026-08-19 18:24:24 | INFO | epoch=042 train_batch=10/392 running_loss=0.036894
2026-08-19 18:24:24 | INFO | epoch=042 train_batch=20/392 running_loss=0.040260
2026-08-19 18:24:24 | INFO | epoch=042 train_batch=30/392 running_loss=0.040742
2026-08-19 18:24:25 | INFO | epoch=042 train_batch=40/392 running_loss=0.040896
2026-08-19 18:24:25 | INFO | epoch=042 train_batch=50/392 running_loss=0.040658
2026-08-19 18:24:25 | INFO | epoch=042 train_batch=60/392 running_loss=0.040703
2026-08-19 18:24:25 | INFO | epoch=042 train_batch=70/392 running_loss=0.040749
2026-08-19 18:24:26 | INFO | epoch=042 train_batch=80/392 running_loss=0.041230
2026-08-19 18:24:26 | INFO | epoch=042 train_batch=90/392 running_loss=0.041443
2026-08-19 18:24:26 | INFO | epoch=042 train_batch=100/392 running_loss=0.041298
2026-08-19 18:24:27 | INFO | epoch=042 train_batch=110/392 running_loss=0.041287
2026-08-19 18:24:27 | INFO | epoch=042 train_batch=120/392 running_loss=0.041056
2026-08-19 18:24:27 | INFO | epoch=042 train_batch=130/392 running_loss=0.040977
2026-08-19 18:24:27 | INFO | epoch=042 train_batch=140/392 running_loss=0.041207
2026-08-19 18:24:28 | INFO | epoch=042 train_batch=150/392 running_loss=0.041346
2026-08-19 18:24:28 | INFO | epoch=042 train_batch=160/392 running_loss=0.041297
2026-08-19 18:24:28 | INFO | epoch=042 train_batch=170/392 running_loss=0.041498
2026-08-19 18:24:29 | INFO | epoch=042 train_batch=180/392 running_loss=0.041313
2026-08-19 18:24:29 | INFO | epoch=042 train_batch=190/392 running_loss=0.041192
2026-08-19 18:24:29 | INFO | epoch=042 train_batch=200/392 running_loss=0.041298
2026-08-19 18:24:29 | INFO | epoch=042 train_batch=210/392 running_loss=0.041291
2026-08-19 18:24:30 | INFO | epoch=042 train_batch=220/392 running_loss=0.041390
2026-08-19 18:24:30 | INFO | epoch=042 train_batch=230/392 running_loss=0.041246
2026-08-19 18:24:30 | INFO | epoch=042 train_batch=240/392 running_loss=0.041248
2026-08-19 18:24:31 | INFO | epoch=042 train_batch=250/392 running_loss=0.041297
2026-08-19 18:24:31 | INFO | epoch=042 train_batch=260/392 running_loss=0.041311
2026-08-19 18:24:31 | INFO | epoch=042 train_batch=270/392 running_loss=0.041374
2026-08-19 18:24:32 | INFO | epoch=042 train_batch=280/392 running_loss=0.041435
2026-08-19 18:24:32 | INFO | epoch=042 train_batch=290/392 running_loss=0.041373
2026-08-19 18:24:32 | INFO | epoch=042 train_batch=300/392 running_loss=0.041445
2026-08-19 18:24:32 | INFO | epoch=042 train_batch=310/392 running_loss=0.041317
2026-08-19 18:24:33 | INFO | epoch=042 train_batch=320/392 running_loss=0.041251
2026-08-19 18:24:33 | INFO | epoch=042 train_batch=330/392 running_loss=0.041246
2026-08-19 18:24:33 | INFO | epoch=042 train_batch=340/392 running_loss=0.041221
2026-08-19 18:24:34 | INFO | epoch=042 train_batch=350/392 running_loss=0.041207
2026-08-19 18:24:34 | INFO | epoch=042 train_batch=360/392 running_loss=0.041299
2026-08-19 18:24:34 | INFO | epoch=042 train_batch=370/392 running_loss=0.041369
2026-08-19 18:24:34 | INFO | epoch=042 train_batch=380/392 running_loss=0.041355
2026-08-19 18:24:35 | INFO | epoch=042 train_batch=390/392 running_loss=0.041358
2026-08-19 18:24:35 | INFO | epoch=042 train_batch=392/392 running_loss=0.041436
2026-08-19 18:24:35 | INFO | epoch=042 train_loss=0.041436 validation_loss=0.256846
2026-08-19 18:24:36 | INFO | epoch=042 saved new best.pt
2026-08-19 18:24:36 | INFO | epoch=043 train_batch=10/392 running_loss=0.040743
2026-08-19 18:24:36 | INFO | epoch=043 train_batch=20/392 running_loss=0.039709
2026-08-19 18:24:36 | INFO | epoch=043 train_batch=30/392 running_loss=0.041203
2026-08-19 18:24:37 | INFO | epoch=043 train_batch=40/392 running_loss=0.041314
2026-08-19 18:24:37 | INFO | epoch=043 train_batch=50/392 running_loss=0.040995
2026-08-19 18:24:37 | INFO | epoch=043 train_batch=60/392 running_loss=0.041347
2026-08-19 18:24:38 | INFO | epoch=043 train_batch=70/392 running_loss=0.041055
2026-08-19 18:24:38 | INFO | epoch=043 train_batch=80/392 running_loss=0.041237
2026-08-19 18:24:38 | INFO | epoch=043 train_batch=90/392 running_loss=0.041683
2026-08-19 18:24:38 | INFO | epoch=043 train_batch=100/392 running_loss=0.041694
2026-08-19 18:24:39 | INFO | epoch=043 train_batch=110/392 running_loss=0.041605
2026-08-19 18:24:39 | INFO | epoch=043 train_batch=120/392 running_loss=0.041528
2026-08-19 18:24:39 | INFO | epoch=043 train_batch=130/392 running_loss=0.041437
2026-08-19 18:24:40 | INFO | epoch=043 train_batch=140/392 running_loss=0.041415
2026-08-19 18:24:40 | INFO | epoch=043 train_batch=150/392 running_loss=0.041039
2026-08-19 18:24:40 | INFO | epoch=043 train_batch=160/392 running_loss=0.041002
2026-08-19 18:24:40 | INFO | epoch=043 train_batch=170/392 running_loss=0.040954
2026-08-19 18:24:41 | INFO | epoch=043 train_batch=180/392 running_loss=0.040750
2026-08-19 18:24:41 | INFO | epoch=043 train_batch=190/392 running_loss=0.040774
2026-08-19 18:24:41 | INFO | epoch=043 train_batch=200/392 running_loss=0.040766
2026-08-19 18:24:42 | INFO | epoch=043 train_batch=210/392 running_loss=0.040795
2026-08-19 18:24:42 | INFO | epoch=043 train_batch=220/392 running_loss=0.040778
2026-08-19 18:24:42 | INFO | epoch=043 train_batch=230/392 running_loss=0.040765
2026-08-19 18:24:43 | INFO | epoch=043 train_batch=240/392 running_loss=0.040799
2026-08-19 18:24:43 | INFO | epoch=043 train_batch=250/392 running_loss=0.040817
2026-08-19 18:24:43 | INFO | epoch=043 train_batch=260/392 running_loss=0.040833
2026-08-19 18:24:43 | INFO | epoch=043 train_batch=270/392 running_loss=0.040962
2026-08-19 18:24:44 | INFO | epoch=043 train_batch=280/392 running_loss=0.040992
2026-08-19 18:24:44 | INFO | epoch=043 train_batch=290/392 running_loss=0.041073
2026-08-19 18:24:44 | INFO | epoch=043 train_batch=300/392 running_loss=0.041124
2026-08-19 18:24:45 | INFO | epoch=043 train_batch=310/392 running_loss=0.041071
2026-08-19 18:24:45 | INFO | epoch=043 train_batch=320/392 running_loss=0.040990
2026-08-19 18:24:45 | INFO | epoch=043 train_batch=330/392 running_loss=0.040955
2026-08-19 18:24:45 | INFO | epoch=043 train_batch=340/392 running_loss=0.041067
2026-08-19 18:24:46 | INFO | epoch=043 train_batch=350/392 running_loss=0.041121
2026-08-19 18:24:46 | INFO | epoch=043 train_batch=360/392 running_loss=0.041069
2026-08-19 18:24:46 | INFO | epoch=043 train_batch=370/392 running_loss=0.041130
2026-08-19 18:24:47 | INFO | epoch=043 train_batch=380/392 running_loss=0.041096
2026-08-19 18:24:47 | INFO | epoch=043 train_batch=390/392 running_loss=0.041209
2026-08-19 18:24:47 | INFO | epoch=043 train_batch=392/392 running_loss=0.041250
2026-08-19 18:24:48 | INFO | epoch=043 train_loss=0.041250 validation_loss=0.256493
2026-08-19 18:24:48 | INFO | epoch=043 saved new best.pt
2026-08-19 18:24:48 | INFO | epoch=044 train_batch=10/392 running_loss=0.040319
2026-08-19 18:24:48 | INFO | epoch=044 train_batch=20/392 running_loss=0.040997
2026-08-19 18:24:49 | INFO | epoch=044 train_batch=30/392 running_loss=0.039435
2026-08-19 18:24:49 | INFO | epoch=044 train_batch=40/392 running_loss=0.039212
2026-08-19 18:24:49 | INFO | epoch=044 train_batch=50/392 running_loss=0.039726
2026-08-19 18:24:50 | INFO | epoch=044 train_batch=60/392 running_loss=0.039981
2026-08-19 18:24:50 | INFO | epoch=044 train_batch=70/392 running_loss=0.040231
2026-08-19 18:24:50 | INFO | epoch=044 train_batch=80/392 running_loss=0.040049
2026-08-19 18:24:50 | INFO | epoch=044 train_batch=90/392 running_loss=0.040322
2026-08-19 18:24:51 | INFO | epoch=044 train_batch=100/392 running_loss=0.040104
2026-08-19 18:24:51 | INFO | epoch=044 train_batch=110/392 running_loss=0.039932
2026-08-19 18:24:51 | INFO | epoch=044 train_batch=120/392 running_loss=0.040062
2026-08-19 18:24:52 | INFO | epoch=044 train_batch=130/392 running_loss=0.040175
2026-08-19 18:24:52 | INFO | epoch=044 train_batch=140/392 running_loss=0.040378
2026-08-19 18:24:52 | INFO | epoch=044 train_batch=150/392 running_loss=0.040392
2026-08-19 18:24:53 | INFO | epoch=044 train_batch=160/392 running_loss=0.040078
2026-08-19 18:24:53 | INFO | epoch=044 train_batch=170/392 running_loss=0.040109
2026-08-19 18:24:53 | INFO | epoch=044 train_batch=180/392 running_loss=0.040094
2026-08-19 18:24:53 | INFO | epoch=044 train_batch=190/392 running_loss=0.039937
2026-08-19 18:24:54 | INFO | epoch=044 train_batch=200/392 running_loss=0.040267
2026-08-19 18:24:54 | INFO | epoch=044 train_batch=210/392 running_loss=0.040217
2026-08-19 18:24:54 | INFO | epoch=044 train_batch=220/392 running_loss=0.040298
2026-08-19 18:24:55 | INFO | epoch=044 train_batch=230/392 running_loss=0.040287
2026-08-19 18:24:55 | INFO | epoch=044 train_batch=240/392 running_loss=0.040231
2026-08-19 18:24:55 | INFO | epoch=044 train_batch=250/392 running_loss=0.040213
2026-08-19 18:24:55 | INFO | epoch=044 train_batch=260/392 running_loss=0.040136
2026-08-19 18:24:56 | INFO | epoch=044 train_batch=270/392 running_loss=0.040388
2026-08-19 18:24:56 | INFO | epoch=044 train_batch=280/392 running_loss=0.040358
2026-08-19 18:24:56 | INFO | epoch=044 train_batch=290/392 running_loss=0.040328
2026-08-19 18:24:57 | INFO | epoch=044 train_batch=300/392 running_loss=0.040314
2026-08-19 18:24:57 | INFO | epoch=044 train_batch=310/392 running_loss=0.040497
2026-08-19 18:24:57 | INFO | epoch=044 train_batch=320/392 running_loss=0.040568
2026-08-19 18:24:57 | INFO | epoch=044 train_batch=330/392 running_loss=0.040572
2026-08-19 18:24:58 | INFO | epoch=044 train_batch=340/392 running_loss=0.040651
2026-08-19 18:24:58 | INFO | epoch=044 train_batch=350/392 running_loss=0.040697
2026-08-19 18:24:58 | INFO | epoch=044 train_batch=360/392 running_loss=0.040670
2026-08-19 18:24:59 | INFO | epoch=044 train_batch=370/392 running_loss=0.040762
2026-08-19 18:24:59 | INFO | epoch=044 train_batch=380/392 running_loss=0.040833
2026-08-19 18:24:59 | INFO | epoch=044 train_batch=390/392 running_loss=0.040885
2026-08-19 18:24:59 | INFO | epoch=044 train_batch=392/392 running_loss=0.040911
2026-08-19 18:25:00 | INFO | epoch=044 train_loss=0.040911 validation_loss=0.260584
2026-08-19 18:25:00 | INFO | epoch=045 train_batch=10/392 running_loss=0.040699
2026-08-19 18:25:01 | INFO | epoch=045 train_batch=20/392 running_loss=0.039707
2026-08-19 18:25:01 | INFO | epoch=045 train_batch=30/392 running_loss=0.040058
2026-08-19 18:25:01 | INFO | epoch=045 train_batch=40/392 running_loss=0.040347
2026-08-19 18:25:02 | INFO | epoch=045 train_batch=50/392 running_loss=0.040379
2026-08-19 18:25:02 | INFO | epoch=045 train_batch=60/392 running_loss=0.039960
2026-08-19 18:25:02 | INFO | epoch=045 train_batch=70/392 running_loss=0.040030
2026-08-19 18:25:02 | INFO | epoch=045 train_batch=80/392 running_loss=0.040273
2026-08-19 18:25:03 | INFO | epoch=045 train_batch=90/392 running_loss=0.039930
2026-08-19 18:25:03 | INFO | epoch=045 train_batch=100/392 running_loss=0.039992
2026-08-19 18:25:03 | INFO | epoch=045 train_batch=110/392 running_loss=0.040184
2026-08-19 18:25:04 | INFO | epoch=045 train_batch=120/392 running_loss=0.040080
2026-08-19 18:25:04 | INFO | epoch=045 train_batch=130/392 running_loss=0.040385
2026-08-19 18:25:04 | INFO | epoch=045 train_batch=140/392 running_loss=0.040422
2026-08-19 18:25:04 | INFO | epoch=045 train_batch=150/392 running_loss=0.040350
2026-08-19 18:25:05 | INFO | epoch=045 train_batch=160/392 running_loss=0.040332
2026-08-19 18:25:05 | INFO | epoch=045 train_batch=170/392 running_loss=0.040342
2026-08-19 18:25:05 | INFO | epoch=045 train_batch=180/392 running_loss=0.040354
2026-08-19 18:25:06 | INFO | epoch=045 train_batch=190/392 running_loss=0.040424
2026-08-19 18:25:06 | INFO | epoch=045 train_batch=200/392 running_loss=0.040426
2026-08-19 18:25:06 | INFO | epoch=045 train_batch=210/392 running_loss=0.040445
2026-08-19 18:25:06 | INFO | epoch=045 train_batch=220/392 running_loss=0.040563
2026-08-19 18:25:07 | INFO | epoch=045 train_batch=230/392 running_loss=0.040662
2026-08-19 18:25:07 | INFO | epoch=045 train_batch=240/392 running_loss=0.040765
2026-08-19 18:25:07 | INFO | epoch=045 train_batch=250/392 running_loss=0.040625
2026-08-19 18:25:08 | INFO | epoch=045 train_batch=260/392 running_loss=0.040628
2026-08-19 18:25:08 | INFO | epoch=045 train_batch=270/392 running_loss=0.040586
2026-08-19 18:25:08 | INFO | epoch=045 train_batch=280/392 running_loss=0.040508
2026-08-19 18:25:09 | INFO | epoch=045 train_batch=290/392 running_loss=0.040578
2026-08-19 18:25:09 | INFO | epoch=045 train_batch=300/392 running_loss=0.040590
2026-08-19 18:25:09 | INFO | epoch=045 train_batch=310/392 running_loss=0.040590
2026-08-19 18:25:09 | INFO | epoch=045 train_batch=320/392 running_loss=0.040631
2026-08-19 18:25:10 | INFO | epoch=045 train_batch=330/392 running_loss=0.040607
2026-08-19 18:25:10 | INFO | epoch=045 train_batch=340/392 running_loss=0.040787
2026-08-19 18:25:10 | INFO | epoch=045 train_batch=350/392 running_loss=0.040783
2026-08-19 18:25:11 | INFO | epoch=045 train_batch=360/392 running_loss=0.040882
2026-08-19 18:25:11 | INFO | epoch=045 train_batch=370/392 running_loss=0.040901
2026-08-19 18:25:11 | INFO | epoch=045 train_batch=380/392 running_loss=0.040978
2026-08-19 18:25:11 | INFO | epoch=045 train_batch=390/392 running_loss=0.041027
2026-08-19 18:25:11 | INFO | epoch=045 train_batch=392/392 running_loss=0.040988
2026-08-19 18:25:12 | INFO | epoch=045 train_loss=0.040988 validation_loss=0.259405
2026-08-19 18:25:13 | INFO | epoch=046 train_batch=10/392 running_loss=0.042672
2026-08-19 18:25:13 | INFO | epoch=046 train_batch=20/392 running_loss=0.042603
2026-08-19 18:25:13 | INFO | epoch=046 train_batch=30/392 running_loss=0.041925
2026-08-19 18:25:13 | INFO | epoch=046 train_batch=40/392 running_loss=0.040731
2026-08-19 18:25:14 | INFO | epoch=046 train_batch=50/392 running_loss=0.040628
2026-08-19 18:25:14 | INFO | epoch=046 train_batch=60/392 running_loss=0.040720
2026-08-19 18:25:14 | INFO | epoch=046 train_batch=70/392 running_loss=0.040349
2026-08-19 18:25:15 | INFO | epoch=046 train_batch=80/392 running_loss=0.039877
2026-08-19 18:25:15 | INFO | epoch=046 train_batch=90/392 running_loss=0.039686
2026-08-19 18:25:15 | INFO | epoch=046 train_batch=100/392 running_loss=0.039672
2026-08-19 18:25:16 | INFO | epoch=046 train_batch=110/392 running_loss=0.039327
2026-08-19 18:25:16 | INFO | epoch=046 train_batch=120/392 running_loss=0.039557
2026-08-19 18:25:16 | INFO | epoch=046 train_batch=130/392 running_loss=0.039683
2026-08-19 18:25:16 | INFO | epoch=046 train_batch=140/392 running_loss=0.039752
2026-08-19 18:25:17 | INFO | epoch=046 train_batch=150/392 running_loss=0.039782
2026-08-19 18:25:17 | INFO | epoch=046 train_batch=160/392 running_loss=0.039909
2026-08-19 18:25:17 | INFO | epoch=046 train_batch=170/392 running_loss=0.039834
2026-08-19 18:25:18 | INFO | epoch=046 train_batch=180/392 running_loss=0.039887
2026-08-19 18:25:18 | INFO | epoch=046 train_batch=190/392 running_loss=0.040070
2026-08-19 18:25:18 | INFO | epoch=046 train_batch=200/392 running_loss=0.040062
2026-08-19 18:25:18 | INFO | epoch=046 train_batch=210/392 running_loss=0.040068
2026-08-19 18:25:19 | INFO | epoch=046 train_batch=220/392 running_loss=0.040191
2026-08-19 18:25:19 | INFO | epoch=046 train_batch=230/392 running_loss=0.040352
2026-08-19 18:25:19 | INFO | epoch=046 train_batch=240/392 running_loss=0.040498
2026-08-19 18:25:20 | INFO | epoch=046 train_batch=250/392 running_loss=0.040465
2026-08-19 18:25:20 | INFO | epoch=046 train_batch=260/392 running_loss=0.040503
2026-08-19 18:25:20 | INFO | epoch=046 train_batch=270/392 running_loss=0.040579
2026-08-19 18:25:20 | INFO | epoch=046 train_batch=280/392 running_loss=0.040467
2026-08-19 18:25:21 | INFO | epoch=046 train_batch=290/392 running_loss=0.040548
2026-08-19 18:25:21 | INFO | epoch=046 train_batch=300/392 running_loss=0.040583
2026-08-19 18:25:21 | INFO | epoch=046 train_batch=310/392 running_loss=0.040654
2026-08-19 18:25:22 | INFO | epoch=046 train_batch=320/392 running_loss=0.040735
2026-08-19 18:25:22 | INFO | epoch=046 train_batch=330/392 running_loss=0.040747
2026-08-19 18:25:22 | INFO | epoch=046 train_batch=340/392 running_loss=0.040839
2026-08-19 18:25:22 | INFO | epoch=046 train_batch=350/392 running_loss=0.040850
2026-08-19 18:25:23 | INFO | epoch=046 train_batch=360/392 running_loss=0.040758
2026-08-19 18:25:23 | INFO | epoch=046 train_batch=370/392 running_loss=0.040772
2026-08-19 18:25:23 | INFO | epoch=046 train_batch=380/392 running_loss=0.040773
2026-08-19 18:25:24 | INFO | epoch=046 train_batch=390/392 running_loss=0.040673
2026-08-19 18:25:24 | INFO | epoch=046 train_batch=392/392 running_loss=0.040667
2026-08-19 18:25:24 | INFO | epoch=046 train_loss=0.040667 validation_loss=0.258199
2026-08-19 18:25:25 | INFO | epoch=047 train_batch=10/392 running_loss=0.041398
2026-08-19 18:25:25 | INFO | epoch=047 train_batch=20/392 running_loss=0.041334
2026-08-19 18:25:25 | INFO | epoch=047 train_batch=30/392 running_loss=0.040312
2026-08-19 18:25:26 | INFO | epoch=047 train_batch=40/392 running_loss=0.040645
2026-08-19 18:25:26 | INFO | epoch=047 train_batch=50/392 running_loss=0.041155
2026-08-19 18:25:26 | INFO | epoch=047 train_batch=60/392 running_loss=0.041412
2026-08-19 18:25:27 | INFO | epoch=047 train_batch=70/392 running_loss=0.041357
2026-08-19 18:25:27 | INFO | epoch=047 train_batch=80/392 running_loss=0.040953
2026-08-19 18:25:27 | INFO | epoch=047 train_batch=90/392 running_loss=0.040671
2026-08-19 18:25:27 | INFO | epoch=047 train_batch=100/392 running_loss=0.040671
2026-08-19 18:25:28 | INFO | epoch=047 train_batch=110/392 running_loss=0.041137
2026-08-19 18:25:28 | INFO | epoch=047 train_batch=120/392 running_loss=0.041063
2026-08-19 18:25:28 | INFO | epoch=047 train_batch=130/392 running_loss=0.041059
2026-08-19 18:25:29 | INFO | epoch=047 train_batch=140/392 running_loss=0.040869
2026-08-19 18:25:29 | INFO | epoch=047 train_batch=150/392 running_loss=0.040888
2026-08-19 18:25:29 | INFO | epoch=047 train_batch=160/392 running_loss=0.040886
2026-08-19 18:25:29 | INFO | epoch=047 train_batch=170/392 running_loss=0.040734
2026-08-19 18:25:30 | INFO | epoch=047 train_batch=180/392 running_loss=0.040849
2026-08-19 18:25:30 | INFO | epoch=047 train_batch=190/392 running_loss=0.040739
2026-08-19 18:25:30 | INFO | epoch=047 train_batch=200/392 running_loss=0.040659
2026-08-19 18:25:31 | INFO | epoch=047 train_batch=210/392 running_loss=0.040592
2026-08-19 18:25:31 | INFO | epoch=047 train_batch=220/392 running_loss=0.040577
2026-08-19 18:25:31 | INFO | epoch=047 train_batch=230/392 running_loss=0.040665
2026-08-19 18:25:31 | INFO | epoch=047 train_batch=240/392 running_loss=0.040736
2026-08-19 18:25:32 | INFO | epoch=047 train_batch=250/392 running_loss=0.040755
2026-08-19 18:25:32 | INFO | epoch=047 train_batch=260/392 running_loss=0.040736
2026-08-19 18:25:32 | INFO | epoch=047 train_batch=270/392 running_loss=0.040650
2026-08-19 18:25:33 | INFO | epoch=047 train_batch=280/392 running_loss=0.040588
2026-08-19 18:25:33 | INFO | epoch=047 train_batch=290/392 running_loss=0.040713
2026-08-19 18:25:33 | INFO | epoch=047 train_batch=300/392 running_loss=0.040680
2026-08-19 18:25:34 | INFO | epoch=047 train_batch=310/392 running_loss=0.040703
2026-08-19 18:25:34 | INFO | epoch=047 train_batch=320/392 running_loss=0.040602
2026-08-19 18:25:34 | INFO | epoch=047 train_batch=330/392 running_loss=0.040673
2026-08-19 18:25:34 | INFO | epoch=047 train_batch=340/392 running_loss=0.040610
2026-08-19 18:25:35 | INFO | epoch=047 train_batch=350/392 running_loss=0.040527
2026-08-19 18:25:35 | INFO | epoch=047 train_batch=360/392 running_loss=0.040478
2026-08-19 18:25:35 | INFO | epoch=047 train_batch=370/392 running_loss=0.040430
2026-08-19 18:25:36 | INFO | epoch=047 train_batch=380/392 running_loss=0.040427
2026-08-19 18:25:36 | INFO | epoch=047 train_batch=390/392 running_loss=0.040448
2026-08-19 18:25:36 | INFO | epoch=047 train_batch=392/392 running_loss=0.040423
2026-08-19 18:25:37 | INFO | epoch=047 train_loss=0.040423 validation_loss=0.266054
2026-08-19 18:25:37 | INFO | epoch=048 train_batch=10/392 running_loss=0.038521
2026-08-19 18:25:37 | INFO | epoch=048 train_batch=20/392 running_loss=0.039490
2026-08-19 18:25:38 | INFO | epoch=048 train_batch=30/392 running_loss=0.040403
2026-08-19 18:25:38 | INFO | epoch=048 train_batch=40/392 running_loss=0.039699
2026-08-19 18:25:38 | INFO | epoch=048 train_batch=50/392 running_loss=0.040064
2026-08-19 18:25:38 | INFO | epoch=048 train_batch=60/392 running_loss=0.039862
2026-08-19 18:25:39 | INFO | epoch=048 train_batch=70/392 running_loss=0.039483
2026-08-19 18:25:39 | INFO | epoch=048 train_batch=80/392 running_loss=0.039480
2026-08-19 18:25:39 | INFO | epoch=048 train_batch=90/392 running_loss=0.039306
2026-08-19 18:25:40 | INFO | epoch=048 train_batch=100/392 running_loss=0.039388
2026-08-19 18:25:40 | INFO | epoch=048 train_batch=110/392 running_loss=0.039538
2026-08-19 18:25:40 | INFO | epoch=048 train_batch=120/392 running_loss=0.039317
2026-08-19 18:25:41 | INFO | epoch=048 train_batch=130/392 running_loss=0.039507
2026-08-19 18:25:41 | INFO | epoch=048 train_batch=140/392 running_loss=0.039619
2026-08-19 18:25:41 | INFO | epoch=048 train_batch=150/392 running_loss=0.039789
2026-08-19 18:25:41 | INFO | epoch=048 train_batch=160/392 running_loss=0.039931
2026-08-19 18:25:42 | INFO | epoch=048 train_batch=170/392 running_loss=0.040136
2026-08-19 18:25:42 | INFO | epoch=048 train_batch=180/392 running_loss=0.040159
2026-08-19 18:25:42 | INFO | epoch=048 train_batch=190/392 running_loss=0.040064
2026-08-19 18:25:43 | INFO | epoch=048 train_batch=200/392 running_loss=0.039912
2026-08-19 18:25:43 | INFO | epoch=048 train_batch=210/392 running_loss=0.039998
2026-08-19 18:25:43 | INFO | epoch=048 train_batch=220/392 running_loss=0.039926
2026-08-19 18:25:43 | INFO | epoch=048 train_batch=230/392 running_loss=0.040013
2026-08-19 18:25:44 | INFO | epoch=048 train_batch=240/392 running_loss=0.040175
2026-08-19 18:25:44 | INFO | epoch=048 train_batch=250/392 running_loss=0.040168
2026-08-19 18:25:44 | INFO | epoch=048 train_batch=260/392 running_loss=0.040148
2026-08-19 18:25:45 | INFO | epoch=048 train_batch=270/392 running_loss=0.040202
2026-08-19 18:25:45 | INFO | epoch=048 train_batch=280/392 running_loss=0.040353
2026-08-19 18:25:45 | INFO | epoch=048 train_batch=290/392 running_loss=0.040301
2026-08-19 18:25:46 | INFO | epoch=048 train_batch=300/392 running_loss=0.040293
2026-08-19 18:25:46 | INFO | epoch=048 train_batch=310/392 running_loss=0.040256
2026-08-19 18:25:46 | INFO | epoch=048 train_batch=320/392 running_loss=0.040264
2026-08-19 18:25:46 | INFO | epoch=048 train_batch=330/392 running_loss=0.040272
2026-08-19 18:25:47 | INFO | epoch=048 train_batch=340/392 running_loss=0.040314
2026-08-19 18:25:47 | INFO | epoch=048 train_batch=350/392 running_loss=0.040278
2026-08-19 18:25:47 | INFO | epoch=048 train_batch=360/392 running_loss=0.040347
2026-08-19 18:25:48 | INFO | epoch=048 train_batch=370/392 running_loss=0.040224
2026-08-19 18:25:48 | INFO | epoch=048 train_batch=380/392 running_loss=0.040210
2026-08-19 18:25:48 | INFO | epoch=048 train_batch=390/392 running_loss=0.040282
2026-08-19 18:25:48 | INFO | epoch=048 train_batch=392/392 running_loss=0.040280
2026-08-19 18:25:49 | INFO | epoch=048 train_loss=0.040280 validation_loss=0.257939
2026-08-19 18:25:49 | INFO | epoch=049 train_batch=10/392 running_loss=0.040366
2026-08-19 18:25:50 | INFO | epoch=049 train_batch=20/392 running_loss=0.042221
2026-08-19 18:25:50 | INFO | epoch=049 train_batch=30/392 running_loss=0.041628
2026-08-19 18:25:50 | INFO | epoch=049 train_batch=40/392 running_loss=0.042673
2026-08-19 18:25:50 | INFO | epoch=049 train_batch=50/392 running_loss=0.041778
2026-08-19 18:25:51 | INFO | epoch=049 train_batch=60/392 running_loss=0.041216
2026-08-19 18:25:51 | INFO | epoch=049 train_batch=70/392 running_loss=0.041035
2026-08-19 18:25:51 | INFO | epoch=049 train_batch=80/392 running_loss=0.040532
2026-08-19 18:25:52 | INFO | epoch=049 train_batch=90/392 running_loss=0.040098
2026-08-19 18:25:52 | INFO | epoch=049 train_batch=100/392 running_loss=0.040054
2026-08-19 18:25:52 | INFO | epoch=049 train_batch=110/392 running_loss=0.040006
2026-08-19 18:25:53 | INFO | epoch=049 train_batch=120/392 running_loss=0.039998
2026-08-19 18:25:53 | INFO | epoch=049 train_batch=130/392 running_loss=0.040315
2026-08-19 18:25:53 | INFO | epoch=049 train_batch=140/392 running_loss=0.040137
2026-08-19 18:25:53 | INFO | epoch=049 train_batch=150/392 running_loss=0.039878
2026-08-19 18:25:54 | INFO | epoch=049 train_batch=160/392 running_loss=0.039866
2026-08-19 18:25:54 | INFO | epoch=049 train_batch=170/392 running_loss=0.039807
2026-08-19 18:25:54 | INFO | epoch=049 train_batch=180/392 running_loss=0.039835
2026-08-19 18:25:55 | INFO | epoch=049 train_batch=190/392 running_loss=0.039849
2026-08-19 18:25:55 | INFO | epoch=049 train_batch=200/392 running_loss=0.039905
2026-08-19 18:25:55 | INFO | epoch=049 train_batch=210/392 running_loss=0.039815
2026-08-19 18:25:55 | INFO | epoch=049 train_batch=220/392 running_loss=0.039775
2026-08-19 18:25:56 | INFO | epoch=049 train_batch=230/392 running_loss=0.039757
2026-08-19 18:25:56 | INFO | epoch=049 train_batch=240/392 running_loss=0.039681
2026-08-19 18:25:56 | INFO | epoch=049 train_batch=250/392 running_loss=0.039604
2026-08-19 18:25:57 | INFO | epoch=049 train_batch=260/392 running_loss=0.039619
2026-08-19 18:25:57 | INFO | epoch=049 train_batch=270/392 running_loss=0.039535
2026-08-19 18:25:57 | INFO | epoch=049 train_batch=280/392 running_loss=0.039511
2026-08-19 18:25:57 | INFO | epoch=049 train_batch=290/392 running_loss=0.039542
2026-08-19 18:25:58 | INFO | epoch=049 train_batch=300/392 running_loss=0.039526
2026-08-19 18:25:58 | INFO | epoch=049 train_batch=310/392 running_loss=0.039578
2026-08-19 18:25:58 | INFO | epoch=049 train_batch=320/392 running_loss=0.039653
2026-08-19 18:25:59 | INFO | epoch=049 train_batch=330/392 running_loss=0.039615
2026-08-19 18:25:59 | INFO | epoch=049 train_batch=340/392 running_loss=0.039850
2026-08-19 18:25:59 | INFO | epoch=049 train_batch=350/392 running_loss=0.039782
2026-08-19 18:25:59 | INFO | epoch=049 train_batch=360/392 running_loss=0.039812
2026-08-19 18:26:00 | INFO | epoch=049 train_batch=370/392 running_loss=0.039867
2026-08-19 18:26:00 | INFO | epoch=049 train_batch=380/392 running_loss=0.039861
2026-08-19 18:26:00 | INFO | epoch=049 train_batch=390/392 running_loss=0.039921
2026-08-19 18:26:00 | INFO | epoch=049 train_batch=392/392 running_loss=0.039904
2026-08-19 18:26:01 | INFO | epoch=049 train_loss=0.039904 validation_loss=0.262115
2026-08-19 18:26:01 | INFO | epoch=050 train_batch=10/392 running_loss=0.037565
2026-08-19 18:26:02 | INFO | epoch=050 train_batch=20/392 running_loss=0.038106
2026-08-19 18:26:02 | INFO | epoch=050 train_batch=30/392 running_loss=0.039050
2026-08-19 18:26:02 | INFO | epoch=050 train_batch=40/392 running_loss=0.039122
2026-08-19 18:26:03 | INFO | epoch=050 train_batch=50/392 running_loss=0.038427
2026-08-19 18:26:03 | INFO | epoch=050 train_batch=60/392 running_loss=0.038720
2026-08-19 18:26:03 | INFO | epoch=050 train_batch=70/392 running_loss=0.038412
2026-08-19 18:26:04 | INFO | epoch=050 train_batch=80/392 running_loss=0.038590
2026-08-19 18:26:04 | INFO | epoch=050 train_batch=90/392 running_loss=0.038703
2026-08-19 18:26:04 | INFO | epoch=050 train_batch=100/392 running_loss=0.038782
2026-08-19 18:26:04 | INFO | epoch=050 train_batch=110/392 running_loss=0.038974
2026-08-19 18:26:05 | INFO | epoch=050 train_batch=120/392 running_loss=0.039169
2026-08-19 18:26:05 | INFO | epoch=050 train_batch=130/392 running_loss=0.039182
2026-08-19 18:26:05 | INFO | epoch=050 train_batch=140/392 running_loss=0.039379
2026-08-19 18:26:06 | INFO | epoch=050 train_batch=150/392 running_loss=0.039409
2026-08-19 18:26:06 | INFO | epoch=050 train_batch=160/392 running_loss=0.039244
2026-08-19 18:26:06 | INFO | epoch=050 train_batch=170/392 running_loss=0.039250
2026-08-19 18:26:06 | INFO | epoch=050 train_batch=180/392 running_loss=0.039209
2026-08-19 18:26:07 | INFO | epoch=050 train_batch=190/392 running_loss=0.039198
2026-08-19 18:26:07 | INFO | epoch=050 train_batch=200/392 running_loss=0.039441
2026-08-19 18:26:07 | INFO | epoch=050 train_batch=210/392 running_loss=0.039526
2026-08-19 18:26:08 | INFO | epoch=050 train_batch=220/392 running_loss=0.039618
2026-08-19 18:26:08 | INFO | epoch=050 train_batch=230/392 running_loss=0.039872
2026-08-19 18:26:08 | INFO | epoch=050 train_batch=240/392 running_loss=0.039789
2026-08-19 18:26:08 | INFO | epoch=050 train_batch=250/392 running_loss=0.039946
2026-08-19 18:26:09 | INFO | epoch=050 train_batch=260/392 running_loss=0.040032
2026-08-19 18:26:09 | INFO | epoch=050 train_batch=270/392 running_loss=0.039962
2026-08-19 18:26:09 | INFO | epoch=050 train_batch=280/392 running_loss=0.040016
2026-08-19 18:26:10 | INFO | epoch=050 train_batch=290/392 running_loss=0.039999
2026-08-19 18:26:10 | INFO | epoch=050 train_batch=300/392 running_loss=0.040058
2026-08-19 18:26:10 | INFO | epoch=050 train_batch=310/392 running_loss=0.039990
2026-08-19 18:26:11 | INFO | epoch=050 train_batch=320/392 running_loss=0.040048
2026-08-19 18:26:11 | INFO | epoch=050 train_batch=330/392 running_loss=0.040015
2026-08-19 18:26:11 | INFO | epoch=050 train_batch=340/392 running_loss=0.039991
2026-08-19 18:26:11 | INFO | epoch=050 train_batch=350/392 running_loss=0.040055
2026-08-19 18:26:12 | INFO | epoch=050 train_batch=360/392 running_loss=0.040019
2026-08-19 18:26:12 | INFO | epoch=050 train_batch=370/392 running_loss=0.039971
2026-08-19 18:26:12 | INFO | epoch=050 train_batch=380/392 running_loss=0.040044
2026-08-19 18:26:13 | INFO | epoch=050 train_batch=390/392 running_loss=0.040053
2026-08-19 18:26:13 | INFO | epoch=050 train_batch=392/392 running_loss=0.040062
2026-08-19 18:26:13 | INFO | epoch=050 train_loss=0.040062 validation_loss=0.255432
2026-08-19 18:26:13 | INFO | epoch=050 saved new best.pt
2026-08-19 18:26:13 | INFO | Best validation loss: 0.255432; checkpoints saved in /bigdata/users/90967055/fuzzyDynamics/NeurIPS_Fuzzy_Dynamics_code/results/fuzzy_dynamics_20260819_181450_822633/checkpoint
2026-08-19 18:26:15 | INFO | Completed training
2026-08-19 18:26:15 | INFO | Starting evaluation: /bigdata/users/90967055/fuzzyDynamics/NeurIPS_Fuzzy_Dynamics_code/.venv/bin/python -m scripts.evaluate_fuzzy_dynamics --experiment-time 20260819_181450_822633 --activations /bigdata/users/90967055/fuzzyDynamics/NeurIPS_Fuzzy_Dynamics_code/cache/socrates_llama3_8b_tuned_full.pt --results-root /bigdata/users/90967055/fuzzyDynamics/NeurIPS_Fuzzy_Dynamics_code/results --device cuda --batch-size 16 --subset auto --semantic-event-quantile 0.75 --event-id-field uid --log-dir /bigdata/users/90967055/fuzzyDynamics/NeurIPS_Fuzzy_Dynamics_code/logs --log-every-batches 10
2026-08-19 18:26:22 | INFO | Log file: /bigdata/users/90967055/fuzzyDynamics/NeurIPS_Fuzzy_Dynamics_code/logs/fuzzy_dynamics_20260819_181450_822633/evaluate_fuzzy_dynamics_20260819_182622_969208.log
2026-08-19 18:26:22 | INFO | Arguments: {'checkpoint': '/bigdata/users/90967055/fuzzyDynamics/NeurIPS_Fuzzy_Dynamics_code/results/fuzzy_dynamics_20260819_181450_822633/checkpoint/best.pt', 'experiment_time': '20260819_181450_822633', 'latest': False, 'results_root': '/bigdata/users/90967055/fuzzyDynamics/NeurIPS_Fuzzy_Dynamics_code/results', 'activations': '/bigdata/users/90967055/fuzzyDynamics/NeurIPS_Fuzzy_Dynamics_code/cache/socrates_llama3_8b_tuned_full.pt', 'output_dir': None, 'batch_size': 16, 'device': 'cuda', 'split_file': None, 'subset': 'auto', 'semantic_events': None, 'event_id_field': 'uid', 'allow_missing_events': False, 'semantic_event_quantile': 0.75, 'include_operation_proxies': False, 'skip_semantic_alignment': False, 'skip_rollout': False, 'log_dir': '/bigdata/users/90967055/fuzzyDynamics/NeurIPS_Fuzzy_Dynamics_code/logs', 'log_every_batches': 10}
2026-08-19 18:26:22 | INFO | experiment_time=20260819_181450_822633
2026-08-19 18:26:37 | INFO | subset=validation selected=968 holdout_status=verified_training_split_validation
2026-08-19 18:26:37 | INFO | Evaluation outputs: /bigdata/users/90967055/fuzzyDynamics/NeurIPS_Fuzzy_Dynamics_code/results/fuzzy_dynamics_20260819_181450_822633/evaluation
2026-08-19 18:26:38 | INFO | batch=10/61 evaluated_queries=160/968
2026-08-19 18:26:38 | INFO | batch=20/61 evaluated_queries=320/968
2026-08-19 18:26:39 | INFO | batch=30/61 evaluated_queries=480/968
2026-08-19 18:26:39 | INFO | batch=40/61 evaluated_queries=640/968
2026-08-19 18:26:40 | INFO | batch=50/61 evaluated_queries=800/968
2026-08-19 18:26:41 | INFO | batch=60/61 evaluated_queries=960/968
2026-08-19 18:26:41 | INFO | batch=61/61 evaluated_queries=968/968
2026-08-19 18:26:43 | INFO | Metrics:
{
  "schema_version": 3,
  "evaluation": {
    "schema_version": 3,
    "experiment_time": "20260819_181450_822633",
    "checkpoint": "/bigdata/users/90967055/fuzzyDynamics/NeurIPS_Fuzzy_Dynamics_code/results/fuzzy_dynamics_20260819_181450_822633/checkpoint/best.pt",
    "activations": "/bigdata/users/90967055/fuzzyDynamics/NeurIPS_Fuzzy_Dynamics_code/cache/socrates_llama3_8b_tuned_full.pt",
    "checkpoint_epoch": 50,
    "cache_model_name": "data/models/Meta-Llama-3-8B",
    "device": "cuda",
    "selection": {
      "subset": "validation",
      "split_file": "/bigdata/users/90967055/fuzzyDynamics/NeurIPS_Fuzzy_Dynamics_code/results/fuzzy_dynamics_20260819_181450_822633/training/split.json",
      "split_by": "category",
      "selected_count": 968,
      "cache_count": 7232,
      "selected_indices_sha256": "4db0c0e1c024c1816156741549b2bfe470b275adf12a5617a3c06fb6e3f6b1e9",
      "same_as_training_activation_cache": true,
      "holdout_status": "verified_training_split_validation"
    },
    "semantic_events": {
      "kind": "automatic_training_prior_overlapping_proxies",
      "independent_of_training": false,
      "layer_axis": "transition_s_l_to_s_l_plus_1",
      "include_operation_proxies": false,
      "prediction_refinement_score": "sqrt(relu(margin_change)*relu(uncertainty_drop))",
      "bridge_and_answer_scores_used_for": [
        "concept_composition",
        "hop_transition"
      ]
    }
  },
  "fidelity": {
    "one_step": {
      "mse": 0.08812802284955978,
      "mae": 0.17732371389865875,
      "r2": 0.7473939513046999,
      "r2_defined": true,
      "r2_reason": null,
      "target_sum_squares": 1394072.3634160783,
      "target_variance": 0.34887533920136177,
      "cosine_similarity": 0.8307605981826782,
      "per_layer": [
        {
          "layer": 0,
          "mse": 0.003909519873559475,
          "mae": 0.035686880350112915,
          "r2": 0.6755709024869866,
          "r2_defined": true,
          "r2_reason": null,
          "target_sum_squares": 1504.7649835373559,
          "target_variance": 0.012050459538866647,
          "cosine_similarity": 0.9903344511985779
        },
        {
          "layer": 1,
          "mse": 0.016229240223765373,
          "mae": 0.06862330436706543,
          "r2": 0.5485171183109117,
          "r2_defined": true,
          "r2_reason": null,
          "target_sum_squares": 4488.714180939977,
          "target_variance": 0.03594652268675105,
          "cosine_similarity": 0.9119573831558228
        },
        {
          "layer": 2,
          "mse": 0.017901521176099777,
          "mae": 0.07803292572498322,
          "r2": 0.6845937217197267,
          "r2_defined": true,
          "r2_reason": null,
          "target_sum_squares": 7087.362617480353,
          "target_variance": 0.056757020128454364,
          "cosine_similarity": 0.9395010471343994
        },
        {
          "layer": 3,
          "mse": 0.04287400096654892,
          "mae": 0.11158286780118942,
          "r2": 0.5124136643163271,
          "r2_defined": true,
          "r2_reason": null,
          "target_sum_squares": 10980.130951856409,
          "target_variance": 0.0879310890500385,
          "cosine_similarity": 0.8732463717460632
        },
        {
          "layer": 4,
          "mse": 0.07046352326869965,
          "mae": 0.14634115993976593,
          "r2": 0.48091963068282995,
          "r2_defined": true,
          "r2_reason": null,
          "target_sum_squares": 16950.980578235587,
          "target_variance": 0.13574684939966997,
          "cosine_similarity": 0.8788734674453735
        },
        {
          "layer": 5,
          "mse": 0.06857730448246002,
          "mae": 0.14599360525608063,
          "r2": 0.5897187813153717,
          "r2_defined": true,
          "r2_reason": null,
          "target_sum_squares": 20871.987511424726,
          "target_variance": 0.1671470586794856,
          "cosine_similarity": 0.8658417463302612
        },
        {
          "layer": 6,
          "mse": 0.0720657929778099,
          "mae": 0.1485428363084793,
          "r2": 0.41576439431790735,
          "r2_defined": true,
          "r2_reason": null,
          "target_sum_squares": 15403.0336672308,
          "target_variance": 0.12335058033210648,
          "cosine_similarity": 0.8128697872161865
        },
        {
          "layer": 7,
          "mse": 0.06439276784658432,
          "mae": 0.14497581124305725,
          "r2": 0.5504630476293915,
          "r2_defined": true,
          "r2_reason": null,
          "target_sum_squares": 17886.969225667504,
          "target_variance": 0.14324243405781523,
          "cosine_similarity": 0.8330157399177551
        },
        {
          "layer": 8,
          "mse": 0.0647098571062088,
          "mae": 0.1433023065328598,
          "r2": 0.575586299549271,
          "r2_defined": true,
          "r2_reason": null,
          "target_sum_squares": 19039.088346066135,
          "target_variance": 0.15246883485542104,
          "cosine_similarity": 0.8739133477210999
        },
        {
          "layer": 9,
          "mse": 0.06020316109061241,
          "mae": 0.1432364583015442,
          "r2": 0.6259876716813331,
          "r2_defined": true,
          "r2_reason": null,
          "target_sum_squares": 20100.111205619123,
          "target_variance": 0.1609657185407387,
          "cosine_similarity": 0.9047075510025024
        },
        {
          "layer": 10,
          "mse": 0.05232042446732521,
          "mae": 0.1340278536081314,
          "r2": 0.6083854180407424,
          "r2_defined": true,
          "r2_reason": null,
          "target_sum_squares": 16683.127618010418,
          "target_variance": 0.13360182921720176,
          "cosine_similarity": 0.875921368598938
        },
        {
          "layer": 11,
          "mse": 0.048779428005218506,
          "mae": 0.12943029403686523,
          "r2": 0.5697247058154316,
          "r2_defined": true,
          "r2_reason": null,
          "target_sum_squares": 14156.482181995641,
          "target_variance": 0.11336794623290763,
          "cosine_similarity": 0.9108043909072876
        },
        {
          "layer": 12,
          "mse": 0.049104947596788406,
          "mae": 0.13243985176086426,
          "r2": 0.6046528172613818,
          "r2_defined": true,
          "r2_reason": null,
          "target_sum_squares": 15509.996094441722,
          "target_variance": 0.12420715688418317,
          "cosine_similarity": 0.892586350440979
        },
        {
          "layer": 13,
          "mse": 0.055224526673555374,
          "mae": 0.14151890575885773,
          "r2": 0.5446592152440852,
          "r2_defined": true,
          "r2_reason": null,
          "target_sum_squares": 15144.693890592665,
          "target_variance": 0.12128174363021867,
          "cosine_similarity": 0.9005064964294434
        },
        {
          "layer": 14,
          "mse": 0.05641716718673706,
          "mae": 0.14646416902542114,
          "r2": 0.588473563266683,
          "r2_defined": true,
          "r2_reason": null,
          "target_sum_squares": 17119.007813532007,
          "target_variance": 0.1370924451721123,
          "cosine_similarity": 0.8925533890724182
        },
        {
          "layer": 15,
          "mse": 0.11545027792453766,
          "mae": 0.20707157254219055,
          "r2": 0.1972828023558697,
          "r2_defined": true,
          "r2_reason": null,
          "target_sum_squares": 17959.63447065361,
          "target_variance": 0.1438243519015761,
          "cosine_similarity": 0.8333888649940491
        },
        {
          "layer": 16,
          "mse": 0.08196397125720978,
          "mae": 0.17548586428165436,
          "r2": 0.32477904541034597,
          "r2_defined": true,
          "r2_reason": null,
          "target_sum_squares": 15158.008475880302,
          "target_variance": 0.12138836949740776,
          "cosine_similarity": 0.8356524109840393
        },
        {
          "layer": 17,
          "mse": 0.0789620652794838,
          "mae": 0.18554505705833435,
          "r2": 0.22089633318928603,
          "r2_defined": true,
          "r2_reason": null,
          "target_sum_squares": 12655.761974191159,
          "target_variance": 0.10134987806867159,
          "cosine_similarity": 0.8297795057296753
        },
        {
          "layer": 18,
          "mse": 0.06943739950656891,
          "mae": 0.17778876423835754,
          "r2": 0.14429697697880717,
          "r2_defined": true,
          "r2_reason": null,
          "target_sum_squares": 10132.93991692862,
          "target_variance": 0.08114661346761981,
          "cosine_similarity": 0.8091551661491394
        },
        {
          "layer": 19,
          "mse": 0.053800471127033234,
          "mae": 0.15774711966514587,
          "r2": 0.036526837731729156,
          "r2_defined": true,
          "r2_reason": null,
          "target_sum_squares": 6972.868885907576,
          "target_variance": 0.05584013138179557,
          "cosine_similarity": 0.8106222748756409
        },
        {
          "layer": 20,
          "mse": 0.04130445048213005,
          "mae": 0.14498400688171387,
          "r2": 0.17776525246108843,
          "r2_defined": true,
          "r2_reason": null,
          "target_sum_squares": 6272.866931214992,
          "target_variance": 0.050234375450180925,
          "cosine_similarity": 0.8530871272087097
        },
        {
          "layer": 21,
          "mse": 0.15583446621894836,
          "mae": 0.2737172544002533,
          "r2": -1.1004489946912566,
          "r2_defined": true,
          "r2_reason": null,
          "target_sum_squares": 9264.381423638453,
          "target_variance": 0.0741910229966562,
          "cosine_similarity": 0.6767016053199768
        },
        {
          "layer": 22,
          "mse": 0.09558293968439102,
          "mae": 0.2145480066537857,
          "r2": -0.6039649712387938,
          "r2_defined": true,
          "r2_reason": null,
          "target_sum_squares": 7441.329737203372,
          "target_variance": 0.05959165975721837,
          "cosine_similarity": 0.6741718649864197
        },
        {
          "layer": 23,
          "mse": 0.0911162719130516,
          "mae": 0.21400679647922516,
          "r2": -0.5270037488594677,
          "r2_defined": true,
          "r2_reason": null,
          "target_sum_squares": 7451.1089461413885,
          "target_variance": 0.05966997362212016,
          "cosine_similarity": 0.6737866401672363
        },
        {
          "layer": 24,
          "mse": 0.0732601135969162,
          "mae": 0.198321133852005,
          "r2": -0.19326741345578813,
          "r2_defined": true,
          "r2_reason": null,
          "target_sum_squares": 7666.460544689157,
          "target_variance": 0.06139455237914951,
          "cosine_similarity": 0.693892240524292
        },
        {
          "layer": 25,
          "mse": 0.06655577570199966,
          "mae": 0.18548305332660675,
          "r2": -0.38018762373477344,
          "r2_defined": true,
          "r2_reason": null,
          "target_sum_squares": 6021.610896593249,
          "target_variance": 0.04822226677392249,
          "cosine_similarity": 0.63961261510849
        },
        {
          "layer": 26,
          "mse": 0.0681271106004715,
          "mae": 0.19695909321308136,
          "r2": -0.259786267564162,
          "r2_defined": true,
          "r2_reason": null,
          "target_sum_squares": 6752.867286211915,
          "target_variance": 0.05407831448372665,
          "cosine_similarity": 0.6829749345779419
        },
        {
          "layer": 27,
          "mse": 0.0709962546825409,
          "mae": 0.1959780901670456,
          "r2": -0.2579765606307849,
          "r2_defined": true,
          "r2_reason": null,
          "target_sum_squares": 7047.384383159233,
          "target_variance": 0.05643686641648434,
          "cosine_similarity": 0.714644193649292
        },
        {
          "layer": 28,
          "mse": 0.0674794539809227,
          "mae": 0.18988026678562164,
          "r2": -0.16750187321297738,
          "r2_defined": true,
          "r2_reason": null,
          "target_sum_squares": 7217.3709740751,
          "target_variance": 0.05779815310137661,
          "cosine_similarity": 0.8251904845237732
        },
        {
          "layer": 29,
          "mse": 0.07902783155441284,
          "mae": 0.2135162055492401,
          "r2": -0.13611609576231554,
          "r2_defined": true,
          "r2_reason": null,
          "target_sum_squares": 8686.051386371279,
          "target_variance": 0.06955964016249662,
          "cosine_similarity": 0.9057530164718628
        },
        {
          "layer": 30,
          "mse": 0.12019893527030945,
          "mae": 0.2595624029636383,
          "r2": 0.38863102606404976,
          "r2_defined": true,
          "r2_reason": null,
          "target_sum_squares": 24550.61091553934,
          "target_variance": 0.19660621208549026,
          "cosine_similarity": 0.9045643210411072
        },
        {
          "layer": 31,
          "mse": 0.7478256821632385,
          "mae": 0.6335647106170654,
          "r2": 0.6184180509615154,
          "r2_defined": true,
          "r2_reason": null,
          "target_sum_squares": 244724.6023552834,
          "target_variance": 1.959803657787842,
          "cosine_similarity": 0.864728569984436
        }
      ],
      "layer_macro_r2": 0.22055542898877356,
      "early_layers_0_8_macro_r2": 0.559283062258747,
      "middle_layers_9_17_macro_r2": 0.4760935080294621,
      "late_layers_18_29_macro_r2": -0.27230537349822453,
      "final_layers_30_31_macro_r2": 0.5035245385127826,
      "components": {
        "z": {
          "mse": 0.03844299539923668,
          "mae": 0.10821624100208282,
          "r2": 0.819950107355748,
          "r2_defined": true,
          "r2_reason": null,
          "target_sum_squares": 423281.8383999078,
          "target_variance": 0.21351300119442665,
          "cosine_similarity": 0.6996536254882812
        },
        "concept": {
          "mse": 0.08708792924880981,
          "mae": 0.16952355206012726,
          "r2": 0.6856031099753969,
          "r2_defined": true,
          "r2_reason": null,
          "target_sum_squares": 274571.2544200721,
          "target_variance": 0.2769999903353323,
          "cosine_similarity": 0.7357515692710876
        },
        "belief": {
          "mse": 0.19114091992378235,
          "mae": 0.32739192247390747,
          "r2": 0.7277530865880656,
          "r2_defined": true,
          "r2_reason": null,
          "target_sum_squares": 695930.7583267954,
          "target_variance": 0.7020866541100321,
          "cosine_similarity": 0.8355888724327087
        },
        "uncertainty": {
          "mse": 0.004839629866182804,
          "mae": 0.04762464016675949,
          "r2": 0.4803951550153649,
          "r2_defined": true,
          "r2_reason": null,
          "target_sum_squares": 288.5122693030185,
          "target_variance": 0.009314058280701787,
          "cosine_similarity": 0.56669682264328
        }
      },
      "macro_r2": 0.6784253647336438,
      "macro_r2_available_components": 0.6784253647336438,
      "macro_r2_defined_components": 4
    },
    "conditional_rollout": {
      "kind": "conditional_on_observed_attention_and_mlp",
      "initial_state_mse": 0.0,
      "rollout_error": 26979.373046875,
      "mse": 209.1424102783203,
      "rmse": 14.461756706237793,
      "final_state_squared_l2": 102834.3046875,
      "final_state_mse": 797.165283203125,
      "per_horizon": [
        {
          "horizon": 1,
          "squared_l2": 0.5043280124664307,
          "mse": 0.003909519407898188,
          "mae": 0.03568688780069351,
          "r2": 0.7124312654011697,
          "r2_defined": true,
          "r2_reason": null,
          "target_sum_squares": 1697.6445989735012,
          "target_variance": 0.013595078151815468,
          "cosine_similarity": 0.987419605255127
        },
        {
          "horizon": 2,
          "squared_l2": 2.689146041870117,
          "mse": 0.020846093073487282,
          "mae": 0.08585808426141739,
          "r2": 0.5291687379935686,
          "r2_defined": true,
          "r2_reason": null,
          "target_sum_squares": 5528.717813586554,
          "target_variance": 0.04427508019080782,
          "cosine_similarity": 0.9373605251312256
        },
        {
          "horizon": 3,
          "squared_l2": 12.413968086242676,
          "mse": 0.09623230248689651,
          "mae": 0.21918322145938873,
          "r2": -0.37127132211483405,
          "r2_defined": true,
          "r2_reason": null,
          "target_sum_squares": 8763.196482508143,
          "target_variance": 0.07017743355202241,
          "cosine_similarity": 0.8195291757583618
        },
        {
          "horizon": 4,
          "squared_l2": 139.37890625,
          "mse": 1.0804566144943237,
          "mae": 0.6840165853500366,
          "r2": -8.766252674176311,
          "r2_defined": true,
          "r2_reason": null,
          "target_sum_squares": 13814.795697348396,
          "target_variance": 0.11063165239083539,
          "cosine_similarity": 0.534082293510437
        },
        {
          "horizon": 5,
          "squared_l2": 418.0945129394531,
          "mse": 3.2410426139831543,
          "mae": 1.2076361179351807,
          "r2": -16.39437408109785,
          "r2_defined": true,
          "r2_reason": null,
          "target_sum_squares": 23267.033093811646,
          "target_variance": 0.1863270636636848,
          "cosine_similarity": 0.4369218945503235
        },
        {
          "horizon": 6,
          "squared_l2": 913.90380859375,
          "mse": 7.0845255851745605,
          "mae": 1.7634316682815552,
          "r2": -31.800783104412417,
          "r2_defined": true,
          "r2_reason": null,
          "target_sum_squares": 26970.662879835498,
          "target_variance": 0.2159864731872277,
          "cosine_similarity": 0.29091936349868774
        },
        {
          "horizon": 7,
          "squared_l2": 1683.984130859375,
          "mse": 13.054140090942383,
          "mae": 2.3452770709991455,
          "r2": -68.49694240063809,
          "r2_defined": true,
          "r2_reason": null,
          "target_sum_squares": 23455.660637645433,
          "target_variance": 0.18783763083513866,
          "cosine_similarity": 0.21502768993377686
        },
        {
          "horizon": 8,
          "squared_l2": 2639.729736328125,
          "mse": 20.463022232055664,
          "mae": 2.897871732711792,
          "r2": -89.87199635041067,
          "r2_defined": true,
          "r2_reason": null,
          "target_sum_squares": 28119.317050578098,
          "target_variance": 0.22518512597362178,
          "cosine_similarity": 0.19213511049747467
        },
        {
          "horizon": 9,
          "squared_l2": 3620.43896484375,
          "mse": 28.06542205810547,
          "mae": 3.3986010551452637,
          "r2": -120.30492234070135,
          "r2_defined": true,
          "r2_reason": null,
          "target_sum_squares": 28890.71013748863,
          "target_variance": 0.23136259639862122,
          "cosine_similarity": 0.12962466478347778
        },
        {
          "horizon": 10,
          "squared_l2": 4563.52490234375,
          "mse": 35.37615966796875,
          "mae": 3.8223044872283936,
          "r2": -132.13254850098707,
          "r2_defined": true,
          "r2_reason": null,
          "target_sum_squares": 33181.15730175751,
          "target_variance": 0.26572135708371375,
          "cosine_similarity": 0.16683664917945862
        },
        {
          "horizon": 11,
          "squared_l2": 5707.1572265625,
          "mse": 44.24153137207031,
          "mae": 4.291945457458496,
          "r2": -168.74342336656164,
          "r2_defined": true,
          "r2_reason": null,
          "target_sum_squares": 32546.34800211165,
          "target_variance": 0.2606376769981393,
          "cosine_similarity": 0.16539692878723145
        },
        {
          "horizon": 12,
          "squared_l2": 7007.16015625,
          "mse": 54.319068908691406,
          "mae": 4.785394668579102,
          "r2": -217.5213447442982,
          "r2_defined": true,
          "r2_reason": null,
          "target_sum_squares": 31040.13161961592,
          "target_variance": 0.2485755943655577,
          "cosine_similarity": 0.14336280524730682
        },
        {
          "horizon": 13,
          "squared_l2": 8698.2666015625,
          "mse": 67.42841339111328,
          "mae": 5.385079383850098,
          "r2": -296.01197867952885,
          "r2_defined": true,
          "r2_reason": null,
          "target_sum_squares": 28348.760487829204,
          "target_variance": 0.22702255499895255,
          "cosine_similarity": 0.09824512898921967
        },
        {
          "horizon": 14,
          "squared_l2": 10510.564453125,
          "mse": 81.47724151611328,
          "mae": 6.031865119934082,
          "r2": -334.4325019360986,
          "r2_defined": true,
          "r2_reason": null,
          "target_sum_squares": 30331.6653631832,
          "target_variance": 0.24290205460938563,
          "cosine_similarity": 0.11677651852369308
        },
        {
          "horizon": 15,
          "squared_l2": 12936.083984375,
          "mse": 100.27972412109375,
          "mae": 6.825862884521484,
          "r2": -408.9951755618059,
          "r2_defined": true,
          "r2_reason": null,
          "target_sum_squares": 30542.140176765926,
          "target_variance": 0.24458757909512083,
          "cosine_similarity": 0.12590812146663666
        },
        {
          "horizon": 16,
          "squared_l2": 15598.603515625,
          "mse": 120.91940307617188,
          "mae": 7.639538764953613,
          "r2": -476.19842326351494,
          "r2_defined": true,
          "r2_reason": null,
          "target_sum_squares": 31641.864135897285,
          "target_variance": 0.25339438894145433,
          "cosine_similarity": 0.08494511991739273
        },
        {
          "horizon": 17,
          "squared_l2": 18392.953125,
          "mse": 142.58102416992188,
          "mae": 8.445300102233887,
          "r2": -511.19705865648905,
          "r2_defined": true,
          "r2_reason": null,
          "target_sum_squares": 34760.79657040707,
          "target_variance": 0.27837142490235656,
          "cosine_similarity": 0.025216540321707726
        },
        {
          "horizon": 18,
          "squared_l2": 21124.203125,
          "mse": 163.7534942626953,
          "mae": 9.163291931152344,
          "r2": -588.2754581572387,
          "r2_defined": true,
          "r2_reason": null,
          "target_sum_squares": 34700.62605627955,
          "target_variance": 0.2778895673672204,
          "cosine_similarity": 0.09011232852935791
        },
        {
          "horizon": 19,
          "squared_l2": 23847.900390625,
          "mse": 184.86744689941406,
          "mae": 9.852341651916504,
          "r2": -631.0844997816454,
          "r2_defined": true,
          "r2_reason": null,
          "target_sum_squares": 36521.64786167458,
          "target_variance": 0.29247267491250706,
          "cosine_similarity": 0.07302693277597427
        },
        {
          "horizon": 20,
          "squared_l2": 26847.30859375,
          "mse": 208.11868286132812,
          "mae": 10.531566619873047,
          "r2": -690.1146662525722,
          "r2_defined": true,
          "r2_reason": null,
          "target_sum_squares": 37603.30608703416,
          "target_variance": 0.30113481074247356,
          "cosine_similarity": 0.05273950845003128
        },
        {
          "horizon": 21,
          "squared_l2": 29447.744140625,
          "mse": 228.27708435058594,
          "mae": 11.103515625,
          "r2": -699.1155908735445,
          "r2_defined": true,
          "r2_reason": null,
          "target_sum_squares": 40715.299982435004,
          "target_variance": 0.32605628149172755,
          "cosine_similarity": 0.03787015751004219
        },
        {
          "horizon": 22,
          "squared_l2": 32355.20703125,
          "mse": 250.81553649902344,
          "mae": 11.696759223937988,
          "r2": -624.4707579495745,
          "r2_defined": true,
          "r2_reason": null,
          "target_sum_squares": 50074.02705893201,
          "target_variance": 0.4010028433830804,
          "cosine_similarity": 0.06217741593718529
        },
        {
          "horizon": 23,
          "squared_l2": 35888.15234375,
          "mse": 278.20269775390625,
          "mae": 12.36093521118164,
          "r2": -633.8080601700855,
          "r2_defined": true,
          "r2_reason": null,
          "target_sum_squares": 54724.7759436894,
          "target_variance": 0.4382469724493033,
          "cosine_similarity": 0.04275648295879364
        },
        {
          "horizon": 24,
          "squared_l2": 39823.81640625,
          "mse": 308.71173095703125,
          "mae": 13.00032901763916,
          "r2": -570.6012483490077,
          "r2_defined": true,
          "r2_reason": null,
          "target_sum_squares": 67441.16553012843,
          "target_variance": 0.54008236858646,
          "cosine_similarity": 0.08046669512987137
        },
        {
          "horizon": 25,
          "squared_l2": 44651.1171875,
          "mse": 346.1326904296875,
          "mae": 13.765227317810059,
          "r2": -556.2681941342091,
          "r2_defined": true,
          "r2_reason": null,
          "target_sum_squares": 77561.00294432606,
          "target_variance": 0.621124054586505,
          "cosine_similarity": 0.059643398970365524
        },
        {
          "horizon": 26,
          "squared_l2": 50329.84375,
          "mse": 390.1539001464844,
          "mae": 14.609859466552734,
          "r2": -588.4444902887617,
          "r2_defined": true,
          "r2_reason": null,
          "target_sum_squares": 82652.89555956307,
          "target_variance": 0.6619009510503802,
          "cosine_similarity": 0.042677272111177444
        },
        {
          "horizon": 27,
          "squared_l2": 56645.49609375,
          "mse": 439.11236572265625,
          "mae": 15.521490097045898,
          "r2": -592.2192196450125,
          "r2_defined": true,
          "r2_reason": null,
          "target_sum_squares": 92432.67552133651,
          "target_variance": 0.7402193888248487,
          "cosine_similarity": 0.03972529619932175
        },
        {
          "horizon": 28,
          "squared_l2": 64088.8828125,
          "mse": 496.8130187988281,
          "mae": 16.525789260864258,
          "r2": -636.3459932563366,
          "r2_defined": true,
          "r2_reason": null,
          "target_sum_squares": 97338.08420241871,
          "target_variance": 0.7795028845731526,
          "cosine_similarity": 0.023527907207608223
        },
        {
          "horizon": 29,
          "squared_l2": 71849.6484375,
          "mse": 556.9739990234375,
          "mae": 17.548627853393555,
          "r2": -646.7934915577642,
          "r2_defined": true,
          "r2_reason": null,
          "target_sum_squares": 107365.1708369788,
          "target_variance": 0.8598018037428631,
          "cosine_similarity": 0.05004236474633217
        },
        {
          "horizon": 30,
          "squared_l2": 80429.421875,
          "mse": 623.4840087890625,
          "mae": 18.61209487915039,
          "r2": -631.111359831546,
          "r2_defined": true,
          "r2_reason": null,
          "target_sum_squares": 123167.67412503682,
          "target_variance": 0.9863514168511501,
          "cosine_similarity": 0.05050879716873169
        },
        {
          "horizon": 31,
          "squared_l2": 90331.4453125,
          "mse": 700.2437744140625,
          "mae": 19.77500343322754,
          "r2": -546.5135868278772,
          "r2_defined": true,
          "r2_reason": null,
          "target_sum_squares": 159705.33254558817,
          "target_variance": 1.2789523075276137,
          "cosine_similarity": 0.04563821107149124
        },
        {
          "horizon": 32,
          "squared_l2": 102834.3046875,
          "mse": 797.165283203125,
          "mae": 21.166854858398438,
          "r2": -272.32131902821345,
          "r2_defined": true,
          "r2_reason": null,
          "target_sum_squares": 364199.9596070591,
          "target_variance": 2.916586261187929,
          "cosine_similarity": 0.012010972015559673
        }
      ],
      "positive_r2_horizon": 2,
      "components": {
        "z": {
          "mse": 166.66018676757812,
          "mae": 7.717415809631348,
          "r2": -282.50943900800485,
          "r2_defined": true,
          "r2_reason": null,
          "target_sum_squares": 1165385.5875491158,
          "target_variance": 0.5878470365913911,
          "cosine_similarity": 0.11818165332078934
        },
        "concept": {
          "mse": 305.2717590332031,
          "mae": 10.554912567138672,
          "r2": -370.83612171563095,
          "r2_defined": true,
          "r2_reason": null,
          "target_sum_squares": 813786.2754564375,
          "target_variance": 0.8209846690345323,
          "cosine_similarity": 0.18351136147975922
        },
        "belief": {
          "mse": 204.40951538085938,
          "mae": 8.622281074523926,
          "r2": -158.79082581275802,
          "r2_defined": true,
          "r2_reason": null,
          "target_sum_squares": 1268015.4825935946,
          "target_variance": 1.2792317869011438,
          "cosine_similarity": 0.2483128011226654
        },
        "uncertainty": {
          "mse": 3.3215620517730713,
          "mae": 1.4061670303344727,
          "r2": -160.34567284518468,
          "r2_defined": true,
          "r2_reason": null,
          "target_sum_squares": 637.6911407382144,
          "target_variance": 0.020586619987674793,
          "cosine_similarity": 0.9992251992225647
        }
      },
      "macro_r2": -243.12051484539464,
      "macro_r2_available_components": -243.12051484539464,
      "macro_r2_defined_components": 4
    }
  },
  "semantic_alignment": {
    "modes": {
      "knowledge_enrichment": {
        "available": false,
        "reason": "event_definition_unavailable",
        "auroc": null,
        "average_precision": null
      },
      "information_routing": {
        "available": false,
        "reason": "event_definition_unavailable",
        "auroc": null,
        "average_precision": null
      },
      "concept_composition": {
        "available": true,
        "num_examples": 30976,
        "num_positive": 4418,
        "num_negative": 26558,
        "prevalence": 0.14262654958677687,
        "auroc": 0.571793024831053,
        "average_precision": 0.1595153327443849,
        "source": "positive_first_token_bridge_log_probability_change",
        "independent_of_training_prior": false,
        "label_rule": "per_query_top_0.250_quantile",
        "num_queries": 968,
        "num_queries_with_valid_layers": 968,
        "num_queries_with_positive_events": 968,
        "coverage": 1.0
      },
      "prediction_refinement": {
        "available": true,
        "num_examples": 30976,
        "num_positive": 3008,
        "num_negative": 27968,
        "prevalence": 0.09710743801652892,
        "auroc": 0.6317545612538951,
        "average_precision": 0.2596776101819912,
        "source": "joint_top1_top2_margin_increase_and_uncertainty_decrease",
        "independent_of_training_prior": false,
        "label_rule": "per_query_top_0.250_quantile",
        "num_queries": 968,
        "num_queries_with_valid_layers": 968,
        "num_queries_with_positive_events": 968,
        "coverage": 1.0
      },
      "hop_transition": {
        "available": true,
        "num_examples": 30976,
        "num_positive": 2422,
        "num_negative": 28554,
        "prevalence": 0.07818956611570248,
        "auroc": 0.5561173891218152,
        "average_precision": 0.11176875824696192,
        "source": "joint_first_token_bridge_logprob_decrease_and_answer_logprob_increase",
        "independent_of_training_prior": false,
        "label_rule": "per_query_top_0.250_quantile",
        "num_queries": 968,
        "num_queries_with_valid_layers": 968,
        "num_queries_with_positive_events": 968,
        "coverage": 1.0
      }
    },
    "event_quantile": 0.75,
    "num_available_modes": 3,
    "available_modes": [
      "concept_composition",
      "prediction_refinement",
      "hop_transition"
    ],
    "available_mode_fraction": 0.6,
    "macro_auroc": null,
    "macro_average_precision": null,
    "diagnostic_macro_auroc_available_modes": 0.5865549917355878,
    "diagnostic_macro_average_precision_available_modes": 0.17698723372444602,
    "strict_macro_requires_all_five_modes": true,
    "strict_macro_requires_independent_events": true,
    "all_events_independent_of_training_prior": false,
    "strict_macro_reason": "requires_defined_independent_events_for_all_five_modes"
  }
}
2026-08-19 18:26:43 | INFO | holdout_status=verified_training_split_validation
2026-08-19 18:26:43 | INFO | Saved 968 trajectories to /bigdata/users/90967055/fuzzyDynamics/NeurIPS_Fuzzy_Dynamics_code/results/fuzzy_dynamics_20260819_181450_822633/evaluation/trajectories.jsonl
2026-08-19 18:26:44 | INFO | Completed evaluation
2026-08-19 18:26:44 | INFO | Starting plotting: /bigdata/users/90967055/fuzzyDynamics/NeurIPS_Fuzzy_Dynamics_code/.venv/bin/python -m scripts.plot_trajectory --trajectories /bigdata/users/90967055/fuzzyDynamics/NeurIPS_Fuzzy_Dynamics_code/results/fuzzy_dynamics_20260819_181450_822633/evaluation/trajectories.jsonl --index 0 --experiment-time 20260819_181450_822633 --log-dir /bigdata/users/90967055/fuzzyDynamics/NeurIPS_Fuzzy_Dynamics_code/logs
2026-08-19 18:26:52 | INFO | Log file: /bigdata/users/90967055/fuzzyDynamics/NeurIPS_Fuzzy_Dynamics_code/logs/fuzzy_dynamics_20260819_181450_822633/plot_trajectory_20260819_182652_156252.log
2026-08-19 18:26:52 | INFO | Arguments: {'trajectories': '/bigdata/users/90967055/fuzzyDynamics/NeurIPS_Fuzzy_Dynamics_code/results/fuzzy_dynamics_20260819_181450_822633/evaluation/trajectories.jsonl', 'index': 0, 'output': None, 'experiment_time': '20260819_181450_822633', 'log_dir': '/bigdata/users/90967055/fuzzyDynamics/NeurIPS_Fuzzy_Dynamics_code/logs'}
2026-08-19 18:26:52 | INFO | experiment_time=20260819_181450_822633
2026-08-19 18:26:56 | INFO | Saved /bigdata/users/90967055/fuzzyDynamics/NeurIPS_Fuzzy_Dynamics_code/results/fuzzy_dynamics_20260819_181450_822633/evaluation/trajectory_0.png
2026-08-19 18:26:56 | INFO | Completed plotting
2026-08-19 18:26:56 | INFO | Pipeline complete: /bigdata/users/90967055/fuzzyDynamics/NeurIPS_Fuzzy_Dynamics_code/results/fuzzy_dynamics_20260819_181450_822633
EXPERIMENT_TIME=20260819_181450_822633
EXPERIMENT_DIR=/bigdata/users/90967055/fuzzyDynamics/NeurIPS_Fuzzy_Dynamics_code/results/fuzzy_dynamics_20260819_181450_822633
