2026-08-18 22:05:03 | INFO | Log file: /bigdata/users/90967055/fuzzyDynamics/NeurIPS_Fuzzy_Dynamics_code/logs/fuzzy_dynamics_20260818_220457_481605/train_fuzzy_dynamics_20260818_220503_933697.log
2026-08-18 22:05:03 | INFO | Arguments: {'activations': '/bigdata/users/90967055/fuzzyDynamics/NeurIPS_Fuzzy_Dynamics_code/cache/socrates_llama3_8b_tuned_full.pt', 'results_root': '/bigdata/users/90967055/fuzzyDynamics/NeurIPS_Fuzzy_Dynamics_code/results', 'experiment_time': '20260818_220457_481605', 'config': '/bigdata/users/90967055/fuzzyDynamics/NeurIPS_Fuzzy_Dynamics_code/configs/fuzzy_dynamics_rollout_h4.json', 'device': 'cuda', 'seed': 42, 'log_dir': '/bigdata/users/90967055/fuzzyDynamics/NeurIPS_Fuzzy_Dynamics_code/logs', 'log_every_batches': 10}
2026-08-18 22:05:03 | INFO | experiment_time=20260818_220457_481605
2026-08-18 22:06:03 | INFO | split_by=category train=6264 validation=968
2026-08-18 22:06:04 | INFO | Fitting shared frozen PCA projectors on 8192 training states across all layers
2026-08-18 22:06:12 | INFO | Fitted block-balanced delta scales: min=0.115523 median=0.608833 max=1.03053
2026-08-18 22:06:18 | INFO | Checkpoints: /bigdata/users/90967055/fuzzyDynamics/NeurIPS_Fuzzy_Dynamics_code/results/fuzzy_dynamics_20260818_220457_481605/checkpoint
2026-08-18 22:06:18 | INFO | Training results: /bigdata/users/90967055/fuzzyDynamics/NeurIPS_Fuzzy_Dynamics_code/results/fuzzy_dynamics_20260818_220457_481605/training
2026-08-18 22:06:21 | INFO | epoch=001 train_batch=10/392 running_loss=2.023746
2026-08-18 22:06:22 | INFO | epoch=001 train_batch=20/392 running_loss=1.848583
2026-08-18 22:06:22 | INFO | epoch=001 train_batch=30/392 running_loss=1.701954
2026-08-18 22:06:23 | INFO | epoch=001 train_batch=40/392 running_loss=1.616087
2026-08-18 22:06:23 | INFO | epoch=001 train_batch=50/392 running_loss=1.545504
2026-08-18 22:06:24 | INFO | epoch=001 train_batch=60/392 running_loss=1.482668
2026-08-18 22:06:24 | INFO | epoch=001 train_batch=70/392 running_loss=1.429988
2026-08-18 22:06:25 | INFO | epoch=001 train_batch=80/392 running_loss=1.381506
2026-08-18 22:06:25 | INFO | epoch=001 train_batch=90/392 running_loss=1.339317
2026-08-18 22:06:25 | INFO | epoch=001 train_batch=100/392 running_loss=1.307726
2026-08-18 22:06:26 | INFO | epoch=001 train_batch=110/392 running_loss=1.273371
2026-08-18 22:06:26 | INFO | epoch=001 train_batch=120/392 running_loss=1.242998
2026-08-18 22:06:27 | INFO | epoch=001 train_batch=130/392 running_loss=1.212693
2026-08-18 22:06:27 | INFO | epoch=001 train_batch=140/392 running_loss=1.182141
2026-08-18 22:06:28 | INFO | epoch=001 train_batch=150/392 running_loss=1.158346
2026-08-18 22:06:28 | INFO | epoch=001 train_batch=160/392 running_loss=1.131998
2026-08-18 22:06:29 | INFO | epoch=001 train_batch=170/392 running_loss=1.105821
2026-08-18 22:06:29 | INFO | epoch=001 train_batch=180/392 running_loss=1.082346
2026-08-18 22:06:29 | INFO | epoch=001 train_batch=190/392 running_loss=1.060243
2026-08-18 22:06:30 | INFO | epoch=001 train_batch=200/392 running_loss=1.039319
2026-08-18 22:06:30 | INFO | epoch=001 train_batch=210/392 running_loss=1.020174
2026-08-18 22:06:31 | INFO | epoch=001 train_batch=220/392 running_loss=1.000753
2026-08-18 22:06:31 | INFO | epoch=001 train_batch=230/392 running_loss=0.981791
2026-08-18 22:06:32 | INFO | epoch=001 train_batch=240/392 running_loss=0.964710
2026-08-18 22:06:32 | INFO | epoch=001 train_batch=250/392 running_loss=0.948071
2026-08-18 22:06:33 | INFO | epoch=001 train_batch=260/392 running_loss=0.932571
2026-08-18 22:06:33 | INFO | epoch=001 train_batch=270/392 running_loss=0.915910
2026-08-18 22:06:33 | INFO | epoch=001 train_batch=280/392 running_loss=0.901383
2026-08-18 22:06:34 | INFO | epoch=001 train_batch=290/392 running_loss=0.887942
2026-08-18 22:06:34 | INFO | epoch=001 train_batch=300/392 running_loss=0.874771
2026-08-18 22:06:35 | INFO | epoch=001 train_batch=310/392 running_loss=0.863072
2026-08-18 22:06:35 | INFO | epoch=001 train_batch=320/392 running_loss=0.850448
2026-08-18 22:06:36 | INFO | epoch=001 train_batch=330/392 running_loss=0.837727
2026-08-18 22:06:36 | INFO | epoch=001 train_batch=340/392 running_loss=0.825666
2026-08-18 22:06:37 | INFO | epoch=001 train_batch=350/392 running_loss=0.814861
2026-08-18 22:06:37 | INFO | epoch=001 train_batch=360/392 running_loss=0.804095
2026-08-18 22:06:37 | INFO | epoch=001 train_batch=370/392 running_loss=0.793742
2026-08-18 22:06:38 | INFO | epoch=001 train_batch=380/392 running_loss=0.784264
2026-08-18 22:06:38 | INFO | epoch=001 train_batch=390/392 running_loss=0.773535
2026-08-18 22:06:38 | INFO | epoch=001 train_batch=392/392 running_loss=0.771738
2026-08-18 22:06:40 | INFO | epoch=001 train_loss=0.771738 validation_loss=0.678660
2026-08-18 22:06:40 | INFO | epoch=001 saved new best.pt
2026-08-18 22:06:40 | INFO | epoch=002 train_batch=10/392 running_loss=0.382785
2026-08-18 22:06:41 | INFO | epoch=002 train_batch=20/392 running_loss=0.379974
2026-08-18 22:06:41 | INFO | epoch=002 train_batch=30/392 running_loss=0.383347
2026-08-18 22:06:42 | INFO | epoch=002 train_batch=40/392 running_loss=0.385425
2026-08-18 22:06:42 | INFO | epoch=002 train_batch=50/392 running_loss=0.384688
2026-08-18 22:06:42 | INFO | epoch=002 train_batch=60/392 running_loss=0.383385
2026-08-18 22:06:43 | INFO | epoch=002 train_batch=70/392 running_loss=0.381933
2026-08-18 22:06:43 | INFO | epoch=002 train_batch=80/392 running_loss=0.381431
2026-08-18 22:06:44 | INFO | epoch=002 train_batch=90/392 running_loss=0.375329
2026-08-18 22:06:44 | INFO | epoch=002 train_batch=100/392 running_loss=0.371529
2026-08-18 22:06:45 | INFO | epoch=002 train_batch=110/392 running_loss=0.368489
2026-08-18 22:06:45 | INFO | epoch=002 train_batch=120/392 running_loss=0.363952
2026-08-18 22:06:46 | INFO | epoch=002 train_batch=130/392 running_loss=0.361353
2026-08-18 22:06:46 | INFO | epoch=002 train_batch=140/392 running_loss=0.361831
2026-08-18 22:06:46 | INFO | epoch=002 train_batch=150/392 running_loss=0.360455
2026-08-18 22:06:47 | INFO | epoch=002 train_batch=160/392 running_loss=0.360551
2026-08-18 22:06:47 | INFO | epoch=002 train_batch=170/392 running_loss=0.360419
2026-08-18 22:06:48 | INFO | epoch=002 train_batch=180/392 running_loss=0.358697
2026-08-18 22:06:48 | INFO | epoch=002 train_batch=190/392 running_loss=0.357128
2026-08-18 22:06:49 | INFO | epoch=002 train_batch=200/392 running_loss=0.354891
2026-08-18 22:06:49 | INFO | epoch=002 train_batch=210/392 running_loss=0.352719
2026-08-18 22:06:50 | INFO | epoch=002 train_batch=220/392 running_loss=0.349930
2026-08-18 22:06:50 | INFO | epoch=002 train_batch=230/392 running_loss=0.348111
2026-08-18 22:06:51 | INFO | epoch=002 train_batch=240/392 running_loss=0.345964
2026-08-18 22:06:51 | INFO | epoch=002 train_batch=250/392 running_loss=0.344883
2026-08-18 22:06:52 | INFO | epoch=002 train_batch=260/392 running_loss=0.343341
2026-08-18 22:06:52 | INFO | epoch=002 train_batch=270/392 running_loss=0.341997
2026-08-18 22:06:52 | INFO | epoch=002 train_batch=280/392 running_loss=0.340073
2026-08-18 22:06:53 | INFO | epoch=002 train_batch=290/392 running_loss=0.338225
2026-08-18 22:06:53 | INFO | epoch=002 train_batch=300/392 running_loss=0.337380
2026-08-18 22:06:54 | INFO | epoch=002 train_batch=310/392 running_loss=0.336047
2026-08-18 22:06:54 | INFO | epoch=002 train_batch=320/392 running_loss=0.334294
2026-08-18 22:06:55 | INFO | epoch=002 train_batch=330/392 running_loss=0.332811
2026-08-18 22:06:55 | INFO | epoch=002 train_batch=340/392 running_loss=0.332357
2026-08-18 22:06:56 | INFO | epoch=002 train_batch=350/392 running_loss=0.330452
2026-08-18 22:06:56 | INFO | epoch=002 train_batch=360/392 running_loss=0.329753
2026-08-18 22:06:56 | INFO | epoch=002 train_batch=370/392 running_loss=0.328869
2026-08-18 22:06:57 | INFO | epoch=002 train_batch=380/392 running_loss=0.327528
2026-08-18 22:06:57 | INFO | epoch=002 train_batch=390/392 running_loss=0.325846
2026-08-18 22:06:57 | INFO | epoch=002 train_batch=392/392 running_loss=0.325409
2026-08-18 22:06:59 | INFO | epoch=002 train_loss=0.325409 validation_loss=0.575920
2026-08-18 22:06:59 | INFO | epoch=002 saved new best.pt
2026-08-18 22:06:59 | INFO | epoch=003 train_batch=10/392 running_loss=0.280122
2026-08-18 22:07:00 | INFO | epoch=003 train_batch=20/392 running_loss=0.265731
2026-08-18 22:07:00 | INFO | epoch=003 train_batch=30/392 running_loss=0.266069
2026-08-18 22:07:00 | INFO | epoch=003 train_batch=40/392 running_loss=0.265723
2026-08-18 22:07:01 | INFO | epoch=003 train_batch=50/392 running_loss=0.266797
2026-08-18 22:07:01 | INFO | epoch=003 train_batch=60/392 running_loss=0.268286
2026-08-18 22:07:02 | INFO | epoch=003 train_batch=70/392 running_loss=0.268541
2026-08-18 22:07:02 | INFO | epoch=003 train_batch=80/392 running_loss=0.268083
2026-08-18 22:07:03 | INFO | epoch=003 train_batch=90/392 running_loss=0.266984
2026-08-18 22:07:03 | INFO | epoch=003 train_batch=100/392 running_loss=0.266442
2026-08-18 22:07:04 | INFO | epoch=003 train_batch=110/392 running_loss=0.263591
2026-08-18 22:07:04 | INFO | epoch=003 train_batch=120/392 running_loss=0.262590
2026-08-18 22:07:04 | INFO | epoch=003 train_batch=130/392 running_loss=0.262426
2026-08-18 22:07:05 | INFO | epoch=003 train_batch=140/392 running_loss=0.262043
2026-08-18 22:07:05 | INFO | epoch=003 train_batch=150/392 running_loss=0.262438
2026-08-18 22:07:06 | INFO | epoch=003 train_batch=160/392 running_loss=0.261557
2026-08-18 22:07:06 | INFO | epoch=003 train_batch=170/392 running_loss=0.260485
2026-08-18 22:07:07 | INFO | epoch=003 train_batch=180/392 running_loss=0.260702
2026-08-18 22:07:07 | INFO | epoch=003 train_batch=190/392 running_loss=0.260307
2026-08-18 22:07:08 | INFO | epoch=003 train_batch=200/392 running_loss=0.259789
2026-08-18 22:07:08 | INFO | epoch=003 train_batch=210/392 running_loss=0.258979
2026-08-18 22:07:08 | INFO | epoch=003 train_batch=220/392 running_loss=0.258051
2026-08-18 22:07:09 | INFO | epoch=003 train_batch=230/392 running_loss=0.257998
2026-08-18 22:07:09 | INFO | epoch=003 train_batch=240/392 running_loss=0.257225
2026-08-18 22:07:10 | INFO | epoch=003 train_batch=250/392 running_loss=0.256540
2026-08-18 22:07:10 | INFO | epoch=003 train_batch=260/392 running_loss=0.255856
2026-08-18 22:07:11 | INFO | epoch=003 train_batch=270/392 running_loss=0.254623
2026-08-18 22:07:11 | INFO | epoch=003 train_batch=280/392 running_loss=0.253646
2026-08-18 22:07:12 | INFO | epoch=003 train_batch=290/392 running_loss=0.252777
2026-08-18 22:07:12 | INFO | epoch=003 train_batch=300/392 running_loss=0.251816
2026-08-18 22:07:12 | INFO | epoch=003 train_batch=310/392 running_loss=0.251257
2026-08-18 22:07:13 | INFO | epoch=003 train_batch=320/392 running_loss=0.250622
2026-08-18 22:07:13 | INFO | epoch=003 train_batch=330/392 running_loss=0.250292
2026-08-18 22:07:14 | INFO | epoch=003 train_batch=340/392 running_loss=0.249379
2026-08-18 22:07:14 | INFO | epoch=003 train_batch=350/392 running_loss=0.248951
2026-08-18 22:07:15 | INFO | epoch=003 train_batch=360/392 running_loss=0.248417
2026-08-18 22:07:15 | INFO | epoch=003 train_batch=370/392 running_loss=0.248074
2026-08-18 22:07:16 | INFO | epoch=003 train_batch=380/392 running_loss=0.247450
2026-08-18 22:07:16 | INFO | epoch=003 train_batch=390/392 running_loss=0.247010
2026-08-18 22:07:16 | INFO | epoch=003 train_batch=392/392 running_loss=0.246805
2026-08-18 22:07:17 | INFO | epoch=003 train_loss=0.246805 validation_loss=0.557161
2026-08-18 22:07:17 | INFO | epoch=003 saved new best.pt
2026-08-18 22:07:18 | INFO | epoch=004 train_batch=10/392 running_loss=0.223527
2026-08-18 22:07:18 | INFO | epoch=004 train_batch=20/392 running_loss=0.228263
2026-08-18 22:07:19 | INFO | epoch=004 train_batch=30/392 running_loss=0.228357
2026-08-18 22:07:19 | INFO | epoch=004 train_batch=40/392 running_loss=0.227355
2026-08-18 22:07:20 | INFO | epoch=004 train_batch=50/392 running_loss=0.227098
2026-08-18 22:07:20 | INFO | epoch=004 train_batch=60/392 running_loss=0.225194
2026-08-18 22:07:20 | INFO | epoch=004 train_batch=70/392 running_loss=0.224369
2026-08-18 22:07:21 | INFO | epoch=004 train_batch=80/392 running_loss=0.225224
2026-08-18 22:07:21 | INFO | epoch=004 train_batch=90/392 running_loss=0.223557
2026-08-18 22:07:22 | INFO | epoch=004 train_batch=100/392 running_loss=0.222200
2026-08-18 22:07:22 | INFO | epoch=004 train_batch=110/392 running_loss=0.222677
2026-08-18 22:07:23 | INFO | epoch=004 train_batch=120/392 running_loss=0.221521
2026-08-18 22:07:23 | INFO | epoch=004 train_batch=130/392 running_loss=0.221229
2026-08-18 22:07:24 | INFO | epoch=004 train_batch=140/392 running_loss=0.220805
2026-08-18 22:07:24 | INFO | epoch=004 train_batch=150/392 running_loss=0.220848
2026-08-18 22:07:24 | INFO | epoch=004 train_batch=160/392 running_loss=0.220003
2026-08-18 22:07:25 | INFO | epoch=004 train_batch=170/392 running_loss=0.218842
2026-08-18 22:07:25 | INFO | epoch=004 train_batch=180/392 running_loss=0.218376
2026-08-18 22:07:26 | INFO | epoch=004 train_batch=190/392 running_loss=0.218552
2026-08-18 22:07:26 | INFO | epoch=004 train_batch=200/392 running_loss=0.217733
2026-08-18 22:07:27 | INFO | epoch=004 train_batch=210/392 running_loss=0.218085
2026-08-18 22:07:27 | INFO | epoch=004 train_batch=220/392 running_loss=0.217959
2026-08-18 22:07:28 | INFO | epoch=004 train_batch=230/392 running_loss=0.216961
2026-08-18 22:07:28 | INFO | epoch=004 train_batch=240/392 running_loss=0.216807
2026-08-18 22:07:28 | INFO | epoch=004 train_batch=250/392 running_loss=0.216107
2026-08-18 22:07:29 | INFO | epoch=004 train_batch=260/392 running_loss=0.215584
2026-08-18 22:07:29 | INFO | epoch=004 train_batch=270/392 running_loss=0.215468
2026-08-18 22:07:30 | INFO | epoch=004 train_batch=280/392 running_loss=0.216169
2026-08-18 22:07:30 | INFO | epoch=004 train_batch=290/392 running_loss=0.215573
2026-08-18 22:07:31 | INFO | epoch=004 train_batch=300/392 running_loss=0.214820
2026-08-18 22:07:31 | INFO | epoch=004 train_batch=310/392 running_loss=0.214655
2026-08-18 22:07:32 | INFO | epoch=004 train_batch=320/392 running_loss=0.214119
2026-08-18 22:07:32 | INFO | epoch=004 train_batch=330/392 running_loss=0.214165
2026-08-18 22:07:32 | INFO | epoch=004 train_batch=340/392 running_loss=0.213683
2026-08-18 22:07:33 | INFO | epoch=004 train_batch=350/392 running_loss=0.213896
2026-08-18 22:07:33 | INFO | epoch=004 train_batch=360/392 running_loss=0.213907
2026-08-18 22:07:34 | INFO | epoch=004 train_batch=370/392 running_loss=0.213609
2026-08-18 22:07:34 | INFO | epoch=004 train_batch=380/392 running_loss=0.213521
2026-08-18 22:07:35 | INFO | epoch=004 train_batch=390/392 running_loss=0.213585
2026-08-18 22:07:35 | INFO | epoch=004 train_batch=392/392 running_loss=0.213548
2026-08-18 22:07:36 | INFO | epoch=004 train_loss=0.213548 validation_loss=0.541814
2026-08-18 22:07:36 | INFO | epoch=004 saved new best.pt
2026-08-18 22:07:36 | INFO | epoch=005 train_batch=10/392 running_loss=0.213228
2026-08-18 22:07:37 | INFO | epoch=005 train_batch=20/392 running_loss=0.199259
2026-08-18 22:07:37 | INFO | epoch=005 train_batch=30/392 running_loss=0.196741
2026-08-18 22:07:38 | INFO | epoch=005 train_batch=40/392 running_loss=0.201510
2026-08-18 22:07:38 | INFO | epoch=005 train_batch=50/392 running_loss=0.202916
2026-08-18 22:07:39 | INFO | epoch=005 train_batch=60/392 running_loss=0.203669
2026-08-18 22:07:39 | INFO | epoch=005 train_batch=70/392 running_loss=0.203699
2026-08-18 22:07:40 | INFO | epoch=005 train_batch=80/392 running_loss=0.202838
2026-08-18 22:07:40 | INFO | epoch=005 train_batch=90/392 running_loss=0.202532
2026-08-18 22:07:40 | INFO | epoch=005 train_batch=100/392 running_loss=0.201632
2026-08-18 22:07:41 | INFO | epoch=005 train_batch=110/392 running_loss=0.202296
2026-08-18 22:07:41 | INFO | epoch=005 train_batch=120/392 running_loss=0.201806
2026-08-18 22:07:42 | INFO | epoch=005 train_batch=130/392 running_loss=0.201426
2026-08-18 22:07:42 | INFO | epoch=005 train_batch=140/392 running_loss=0.201791
2026-08-18 22:07:43 | INFO | epoch=005 train_batch=150/392 running_loss=0.201501
2026-08-18 22:07:43 | INFO | epoch=005 train_batch=160/392 running_loss=0.201536
2026-08-18 22:07:44 | INFO | epoch=005 train_batch=170/392 running_loss=0.200120
2026-08-18 22:07:44 | INFO | epoch=005 train_batch=180/392 running_loss=0.200282
2026-08-18 22:07:44 | INFO | epoch=005 train_batch=190/392 running_loss=0.200098
2026-08-18 22:07:45 | INFO | epoch=005 train_batch=200/392 running_loss=0.199080
2026-08-18 22:07:45 | INFO | epoch=005 train_batch=210/392 running_loss=0.199014
2026-08-18 22:07:46 | INFO | epoch=005 train_batch=220/392 running_loss=0.199172
2026-08-18 22:07:46 | INFO | epoch=005 train_batch=230/392 running_loss=0.199155
2026-08-18 22:07:47 | INFO | epoch=005 train_batch=240/392 running_loss=0.198960
2026-08-18 22:07:47 | INFO | epoch=005 train_batch=250/392 running_loss=0.198505
2026-08-18 22:07:48 | INFO | epoch=005 train_batch=260/392 running_loss=0.198594
2026-08-18 22:07:48 | INFO | epoch=005 train_batch=270/392 running_loss=0.198737
2026-08-18 22:07:49 | INFO | epoch=005 train_batch=280/392 running_loss=0.198327
2026-08-18 22:07:49 | INFO | epoch=005 train_batch=290/392 running_loss=0.197845
2026-08-18 22:07:49 | INFO | epoch=005 train_batch=300/392 running_loss=0.197482
2026-08-18 22:07:50 | INFO | epoch=005 train_batch=310/392 running_loss=0.196620
2026-08-18 22:07:50 | INFO | epoch=005 train_batch=320/392 running_loss=0.196148
2026-08-18 22:07:51 | INFO | epoch=005 train_batch=330/392 running_loss=0.195694
2026-08-18 22:07:51 | INFO | epoch=005 train_batch=340/392 running_loss=0.195049
2026-08-18 22:07:52 | INFO | epoch=005 train_batch=350/392 running_loss=0.195070
2026-08-18 22:07:52 | INFO | epoch=005 train_batch=360/392 running_loss=0.195054
2026-08-18 22:07:53 | INFO | epoch=005 train_batch=370/392 running_loss=0.194812
2026-08-18 22:07:53 | INFO | epoch=005 train_batch=380/392 running_loss=0.194860
2026-08-18 22:07:54 | INFO | epoch=005 train_batch=390/392 running_loss=0.194748
2026-08-18 22:07:54 | INFO | epoch=005 train_batch=392/392 running_loss=0.194730
2026-08-18 22:07:55 | INFO | epoch=005 train_loss=0.194730 validation_loss=0.516734
2026-08-18 22:07:55 | INFO | epoch=005 saved new best.pt
2026-08-18 22:07:55 | INFO | epoch=006 train_batch=10/392 running_loss=0.196663
2026-08-18 22:07:56 | INFO | epoch=006 train_batch=20/392 running_loss=0.191460
2026-08-18 22:07:56 | INFO | epoch=006 train_batch=30/392 running_loss=0.190573
2026-08-18 22:07:57 | INFO | epoch=006 train_batch=40/392 running_loss=0.188695
2026-08-18 22:07:57 | INFO | epoch=006 train_batch=50/392 running_loss=0.187022
2026-08-18 22:07:58 | INFO | epoch=006 train_batch=60/392 running_loss=0.186659
2026-08-18 22:07:58 | INFO | epoch=006 train_batch=70/392 running_loss=0.186206
2026-08-18 22:07:59 | INFO | epoch=006 train_batch=80/392 running_loss=0.186494
2026-08-18 22:07:59 | INFO | epoch=006 train_batch=90/392 running_loss=0.185532
2026-08-18 22:07:59 | INFO | epoch=006 train_batch=100/392 running_loss=0.186330
2026-08-18 22:08:00 | INFO | epoch=006 train_batch=110/392 running_loss=0.185979
2026-08-18 22:08:00 | INFO | epoch=006 train_batch=120/392 running_loss=0.185899
2026-08-18 22:08:01 | INFO | epoch=006 train_batch=130/392 running_loss=0.185992
2026-08-18 22:08:01 | INFO | epoch=006 train_batch=140/392 running_loss=0.185827
2026-08-18 22:08:02 | INFO | epoch=006 train_batch=150/392 running_loss=0.186154
2026-08-18 22:08:02 | INFO | epoch=006 train_batch=160/392 running_loss=0.186532
2026-08-18 22:08:03 | INFO | epoch=006 train_batch=170/392 running_loss=0.186356
2026-08-18 22:08:03 | INFO | epoch=006 train_batch=180/392 running_loss=0.185359
2026-08-18 22:08:04 | INFO | epoch=006 train_batch=190/392 running_loss=0.184951
2026-08-18 22:08:04 | INFO | epoch=006 train_batch=200/392 running_loss=0.184152
2026-08-18 22:08:04 | INFO | epoch=006 train_batch=210/392 running_loss=0.183872
2026-08-18 22:08:05 | INFO | epoch=006 train_batch=220/392 running_loss=0.183017
2026-08-18 22:08:05 | INFO | epoch=006 train_batch=230/392 running_loss=0.182518
2026-08-18 22:08:06 | INFO | epoch=006 train_batch=240/392 running_loss=0.182337
2026-08-18 22:08:06 | INFO | epoch=006 train_batch=250/392 running_loss=0.181584
2026-08-18 22:08:07 | INFO | epoch=006 train_batch=260/392 running_loss=0.181677
2026-08-18 22:08:07 | INFO | epoch=006 train_batch=270/392 running_loss=0.181868
2026-08-18 22:08:08 | INFO | epoch=006 train_batch=280/392 running_loss=0.181599
2026-08-18 22:08:08 | INFO | epoch=006 train_batch=290/392 running_loss=0.181356
2026-08-18 22:08:08 | INFO | epoch=006 train_batch=300/392 running_loss=0.181677
2026-08-18 22:08:09 | INFO | epoch=006 train_batch=310/392 running_loss=0.181702
2026-08-18 22:08:09 | INFO | epoch=006 train_batch=320/392 running_loss=0.181621
2026-08-18 22:08:10 | INFO | epoch=006 train_batch=330/392 running_loss=0.181245
2026-08-18 22:08:10 | INFO | epoch=006 train_batch=340/392 running_loss=0.180793
2026-08-18 22:08:11 | INFO | epoch=006 train_batch=350/392 running_loss=0.180668
2026-08-18 22:08:11 | INFO | epoch=006 train_batch=360/392 running_loss=0.180616
2026-08-18 22:08:12 | INFO | epoch=006 train_batch=370/392 running_loss=0.180733
2026-08-18 22:08:12 | INFO | epoch=006 train_batch=380/392 running_loss=0.180698
2026-08-18 22:08:13 | INFO | epoch=006 train_batch=390/392 running_loss=0.180243
2026-08-18 22:08:13 | INFO | epoch=006 train_batch=392/392 running_loss=0.180367
2026-08-18 22:08:14 | INFO | epoch=006 train_loss=0.180367 validation_loss=0.512492
2026-08-18 22:08:14 | INFO | epoch=006 saved new best.pt
2026-08-18 22:08:14 | INFO | epoch=007 train_batch=10/392 running_loss=0.173100
2026-08-18 22:08:15 | INFO | epoch=007 train_batch=20/392 running_loss=0.176850
2026-08-18 22:08:15 | INFO | epoch=007 train_batch=30/392 running_loss=0.175414
2026-08-18 22:08:16 | INFO | epoch=007 train_batch=40/392 running_loss=0.174131
2026-08-18 22:08:16 | INFO | epoch=007 train_batch=50/392 running_loss=0.173732
2026-08-18 22:08:17 | INFO | epoch=007 train_batch=60/392 running_loss=0.171722
2026-08-18 22:08:17 | INFO | epoch=007 train_batch=70/392 running_loss=0.172300
2026-08-18 22:08:17 | INFO | epoch=007 train_batch=80/392 running_loss=0.172380
2026-08-18 22:08:18 | INFO | epoch=007 train_batch=90/392 running_loss=0.173436
2026-08-18 22:08:18 | INFO | epoch=007 train_batch=100/392 running_loss=0.171831
2026-08-18 22:08:19 | INFO | epoch=007 train_batch=110/392 running_loss=0.172395
2026-08-18 22:08:19 | INFO | epoch=007 train_batch=120/392 running_loss=0.173316
2026-08-18 22:08:20 | INFO | epoch=007 train_batch=130/392 running_loss=0.173130
2026-08-18 22:08:20 | INFO | epoch=007 train_batch=140/392 running_loss=0.172698
2026-08-18 22:08:21 | INFO | epoch=007 train_batch=150/392 running_loss=0.172465
2026-08-18 22:08:21 | INFO | epoch=007 train_batch=160/392 running_loss=0.171661
2026-08-18 22:08:21 | INFO | epoch=007 train_batch=170/392 running_loss=0.170886
2026-08-18 22:08:22 | INFO | epoch=007 train_batch=180/392 running_loss=0.171421
2026-08-18 22:08:22 | INFO | epoch=007 train_batch=190/392 running_loss=0.170604
2026-08-18 22:08:23 | INFO | epoch=007 train_batch=200/392 running_loss=0.170811
2026-08-18 22:08:23 | INFO | epoch=007 train_batch=210/392 running_loss=0.170899
2026-08-18 22:08:24 | INFO | epoch=007 train_batch=220/392 running_loss=0.170433
2026-08-18 22:08:24 | INFO | epoch=007 train_batch=230/392 running_loss=0.171166
2026-08-18 22:08:25 | INFO | epoch=007 train_batch=240/392 running_loss=0.170865
2026-08-18 22:08:25 | INFO | epoch=007 train_batch=250/392 running_loss=0.170908
2026-08-18 22:08:25 | INFO | epoch=007 train_batch=260/392 running_loss=0.171081
2026-08-18 22:08:26 | INFO | epoch=007 train_batch=270/392 running_loss=0.170723
2026-08-18 22:08:26 | INFO | epoch=007 train_batch=280/392 running_loss=0.170490
2026-08-18 22:08:27 | INFO | epoch=007 train_batch=290/392 running_loss=0.170648
2026-08-18 22:08:27 | INFO | epoch=007 train_batch=300/392 running_loss=0.170388
2026-08-18 22:08:28 | INFO | epoch=007 train_batch=310/392 running_loss=0.170452
2026-08-18 22:08:28 | INFO | epoch=007 train_batch=320/392 running_loss=0.170097
2026-08-18 22:08:29 | INFO | epoch=007 train_batch=330/392 running_loss=0.169900
2026-08-18 22:08:29 | INFO | epoch=007 train_batch=340/392 running_loss=0.169981
2026-08-18 22:08:29 | INFO | epoch=007 train_batch=350/392 running_loss=0.169782
2026-08-18 22:08:30 | INFO | epoch=007 train_batch=360/392 running_loss=0.169949
2026-08-18 22:08:30 | INFO | epoch=007 train_batch=370/392 running_loss=0.169760
2026-08-18 22:08:31 | INFO | epoch=007 train_batch=380/392 running_loss=0.169745
2026-08-18 22:08:31 | INFO | epoch=007 train_batch=390/392 running_loss=0.169422
2026-08-18 22:08:31 | INFO | epoch=007 train_batch=392/392 running_loss=0.169237
2026-08-18 22:08:32 | INFO | epoch=007 train_loss=0.169237 validation_loss=0.509639
2026-08-18 22:08:33 | INFO | epoch=007 saved new best.pt
2026-08-18 22:08:33 | INFO | epoch=008 train_batch=10/392 running_loss=0.164729
2026-08-18 22:08:33 | INFO | epoch=008 train_batch=20/392 running_loss=0.165420
2026-08-18 22:08:34 | INFO | epoch=008 train_batch=30/392 running_loss=0.163570
2026-08-18 22:08:34 | INFO | epoch=008 train_batch=40/392 running_loss=0.163333
2026-08-18 22:08:35 | INFO | epoch=008 train_batch=50/392 running_loss=0.162673
2026-08-18 22:08:35 | INFO | epoch=008 train_batch=60/392 running_loss=0.162774
2026-08-18 22:08:36 | INFO | epoch=008 train_batch=70/392 running_loss=0.162982
2026-08-18 22:08:36 | INFO | epoch=008 train_batch=80/392 running_loss=0.164223
2026-08-18 22:08:37 | INFO | epoch=008 train_batch=90/392 running_loss=0.163554
2026-08-18 22:08:37 | INFO | epoch=008 train_batch=100/392 running_loss=0.164961
2026-08-18 22:08:37 | INFO | epoch=008 train_batch=110/392 running_loss=0.165625
2026-08-18 22:08:38 | INFO | epoch=008 train_batch=120/392 running_loss=0.165058
2026-08-18 22:08:38 | INFO | epoch=008 train_batch=130/392 running_loss=0.165015
2026-08-18 22:08:39 | INFO | epoch=008 train_batch=140/392 running_loss=0.165157
2026-08-18 22:08:39 | INFO | epoch=008 train_batch=150/392 running_loss=0.164725
2026-08-18 22:08:40 | INFO | epoch=008 train_batch=160/392 running_loss=0.164882
2026-08-18 22:08:40 | INFO | epoch=008 train_batch=170/392 running_loss=0.164613
2026-08-18 22:08:41 | INFO | epoch=008 train_batch=180/392 running_loss=0.164329
2026-08-18 22:08:41 | INFO | epoch=008 train_batch=190/392 running_loss=0.163748
2026-08-18 22:08:42 | INFO | epoch=008 train_batch=200/392 running_loss=0.164254
2026-08-18 22:08:42 | INFO | epoch=008 train_batch=210/392 running_loss=0.164410
2026-08-18 22:08:42 | INFO | epoch=008 train_batch=220/392 running_loss=0.164077
2026-08-18 22:08:43 | INFO | epoch=008 train_batch=230/392 running_loss=0.164237
2026-08-18 22:08:43 | INFO | epoch=008 train_batch=240/392 running_loss=0.164420
2026-08-18 22:08:44 | INFO | epoch=008 train_batch=250/392 running_loss=0.164138
2026-08-18 22:08:44 | INFO | epoch=008 train_batch=260/392 running_loss=0.163887
2026-08-18 22:08:45 | INFO | epoch=008 train_batch=270/392 running_loss=0.163810
2026-08-18 22:08:45 | INFO | epoch=008 train_batch=280/392 running_loss=0.163647
2026-08-18 22:08:46 | INFO | epoch=008 train_batch=290/392 running_loss=0.163147
2026-08-18 22:08:46 | INFO | epoch=008 train_batch=300/392 running_loss=0.163121
2026-08-18 22:08:46 | INFO | epoch=008 train_batch=310/392 running_loss=0.163026
2026-08-18 22:08:47 | INFO | epoch=008 train_batch=320/392 running_loss=0.162982
2026-08-18 22:08:47 | INFO | epoch=008 train_batch=330/392 running_loss=0.162823
2026-08-18 22:08:48 | INFO | epoch=008 train_batch=340/392 running_loss=0.162632
2026-08-18 22:08:48 | INFO | epoch=008 train_batch=350/392 running_loss=0.162469
2026-08-18 22:08:49 | INFO | epoch=008 train_batch=360/392 running_loss=0.162269
2026-08-18 22:08:49 | INFO | epoch=008 train_batch=370/392 running_loss=0.162016
2026-08-18 22:08:50 | INFO | epoch=008 train_batch=380/392 running_loss=0.161949
2026-08-18 22:08:50 | INFO | epoch=008 train_batch=390/392 running_loss=0.161789
2026-08-18 22:08:50 | INFO | epoch=008 train_batch=392/392 running_loss=0.161803
2026-08-18 22:08:51 | INFO | epoch=008 train_loss=0.161803 validation_loss=0.487760
2026-08-18 22:08:51 | INFO | epoch=008 saved new best.pt
2026-08-18 22:08:52 | INFO | epoch=009 train_batch=10/392 running_loss=0.155457
2026-08-18 22:08:52 | INFO | epoch=009 train_batch=20/392 running_loss=0.153015
2026-08-18 22:08:53 | INFO | epoch=009 train_batch=30/392 running_loss=0.152851
2026-08-18 22:08:53 | INFO | epoch=009 train_batch=40/392 running_loss=0.152190
2026-08-18 22:08:54 | INFO | epoch=009 train_batch=50/392 running_loss=0.151733
2026-08-18 22:08:54 | INFO | epoch=009 train_batch=60/392 running_loss=0.151984
2026-08-18 22:08:54 | INFO | epoch=009 train_batch=70/392 running_loss=0.150049
2026-08-18 22:08:55 | INFO | epoch=009 train_batch=80/392 running_loss=0.150961
2026-08-18 22:08:55 | INFO | epoch=009 train_batch=90/392 running_loss=0.151272
2026-08-18 22:08:56 | INFO | epoch=009 train_batch=100/392 running_loss=0.151924
2026-08-18 22:08:56 | INFO | epoch=009 train_batch=110/392 running_loss=0.152350
2026-08-18 22:08:57 | INFO | epoch=009 train_batch=120/392 running_loss=0.152446
2026-08-18 22:08:57 | INFO | epoch=009 train_batch=130/392 running_loss=0.152320
2026-08-18 22:08:58 | INFO | epoch=009 train_batch=140/392 running_loss=0.151958
2026-08-18 22:08:58 | INFO | epoch=009 train_batch=150/392 running_loss=0.152290
2026-08-18 22:08:59 | INFO | epoch=009 train_batch=160/392 running_loss=0.152174
2026-08-18 22:08:59 | INFO | epoch=009 train_batch=170/392 running_loss=0.152006
2026-08-18 22:08:59 | INFO | epoch=009 train_batch=180/392 running_loss=0.152226
2026-08-18 22:09:00 | INFO | epoch=009 train_batch=190/392 running_loss=0.152232
2026-08-18 22:09:00 | INFO | epoch=009 train_batch=200/392 running_loss=0.152492
2026-08-18 22:09:01 | INFO | epoch=009 train_batch=210/392 running_loss=0.153325
2026-08-18 22:09:01 | INFO | epoch=009 train_batch=220/392 running_loss=0.153535
2026-08-18 22:09:02 | INFO | epoch=009 train_batch=230/392 running_loss=0.153868
2026-08-18 22:09:02 | INFO | epoch=009 train_batch=240/392 running_loss=0.154671
2026-08-18 22:09:03 | INFO | epoch=009 train_batch=250/392 running_loss=0.155149
2026-08-18 22:09:03 | INFO | epoch=009 train_batch=260/392 running_loss=0.155139
2026-08-18 22:09:03 | INFO | epoch=009 train_batch=270/392 running_loss=0.155142
2026-08-18 22:09:04 | INFO | epoch=009 train_batch=280/392 running_loss=0.155078
2026-08-18 22:09:04 | INFO | epoch=009 train_batch=290/392 running_loss=0.155064
2026-08-18 22:09:05 | INFO | epoch=009 train_batch=300/392 running_loss=0.155166
2026-08-18 22:09:05 | INFO | epoch=009 train_batch=310/392 running_loss=0.155227
2026-08-18 22:09:06 | INFO | epoch=009 train_batch=320/392 running_loss=0.155418
2026-08-18 22:09:06 | INFO | epoch=009 train_batch=330/392 running_loss=0.155579
2026-08-18 22:09:07 | INFO | epoch=009 train_batch=340/392 running_loss=0.155971
2026-08-18 22:09:07 | INFO | epoch=009 train_batch=350/392 running_loss=0.155784
2026-08-18 22:09:07 | INFO | epoch=009 train_batch=360/392 running_loss=0.156514
2026-08-18 22:09:08 | INFO | epoch=009 train_batch=370/392 running_loss=0.156646
2026-08-18 22:09:08 | INFO | epoch=009 train_batch=380/392 running_loss=0.156430
2026-08-18 22:09:09 | INFO | epoch=009 train_batch=390/392 running_loss=0.156252
2026-08-18 22:09:09 | INFO | epoch=009 train_batch=392/392 running_loss=0.156232
2026-08-18 22:09:10 | INFO | epoch=009 train_loss=0.156232 validation_loss=0.478204
2026-08-18 22:09:10 | INFO | epoch=009 saved new best.pt
2026-08-18 22:09:10 | INFO | epoch=010 train_batch=10/392 running_loss=0.139391
2026-08-18 22:09:11 | INFO | epoch=010 train_batch=20/392 running_loss=0.147490
2026-08-18 22:09:11 | INFO | epoch=010 train_batch=30/392 running_loss=0.144408
2026-08-18 22:09:12 | INFO | epoch=010 train_batch=40/392 running_loss=0.147187
2026-08-18 22:09:12 | INFO | epoch=010 train_batch=50/392 running_loss=0.149074
2026-08-18 22:09:13 | INFO | epoch=010 train_batch=60/392 running_loss=0.149077
2026-08-18 22:09:13 | INFO | epoch=010 train_batch=70/392 running_loss=0.148962
2026-08-18 22:09:14 | INFO | epoch=010 train_batch=80/392 running_loss=0.150970
2026-08-18 22:09:14 | INFO | epoch=010 train_batch=90/392 running_loss=0.151441
2026-08-18 22:09:14 | INFO | epoch=010 train_batch=100/392 running_loss=0.152441
2026-08-18 22:09:15 | INFO | epoch=010 train_batch=110/392 running_loss=0.152808
2026-08-18 22:09:15 | INFO | epoch=010 train_batch=120/392 running_loss=0.151721
2026-08-18 22:09:16 | INFO | epoch=010 train_batch=130/392 running_loss=0.150765
2026-08-18 22:09:16 | INFO | epoch=010 train_batch=140/392 running_loss=0.151479
2026-08-18 22:09:17 | INFO | epoch=010 train_batch=150/392 running_loss=0.151578
2026-08-18 22:09:17 | INFO | epoch=010 train_batch=160/392 running_loss=0.152025
2026-08-18 22:09:18 | INFO | epoch=010 train_batch=170/392 running_loss=0.151901
2026-08-18 22:09:18 | INFO | epoch=010 train_batch=180/392 running_loss=0.151942
2026-08-18 22:09:18 | INFO | epoch=010 train_batch=190/392 running_loss=0.151502
2026-08-18 22:09:19 | INFO | epoch=010 train_batch=200/392 running_loss=0.151368
2026-08-18 22:09:19 | INFO | epoch=010 train_batch=210/392 running_loss=0.151658
2026-08-18 22:09:20 | INFO | epoch=010 train_batch=220/392 running_loss=0.151535
2026-08-18 22:09:20 | INFO | epoch=010 train_batch=230/392 running_loss=0.151600
2026-08-18 22:09:21 | INFO | epoch=010 train_batch=240/392 running_loss=0.151632
2026-08-18 22:09:21 | INFO | epoch=010 train_batch=250/392 running_loss=0.151253
2026-08-18 22:09:22 | INFO | epoch=010 train_batch=260/392 running_loss=0.150933
2026-08-18 22:09:22 | INFO | epoch=010 train_batch=270/392 running_loss=0.150357
2026-08-18 22:09:22 | INFO | epoch=010 train_batch=280/392 running_loss=0.150491
2026-08-18 22:09:23 | INFO | epoch=010 train_batch=290/392 running_loss=0.150269
2026-08-18 22:09:23 | INFO | epoch=010 train_batch=300/392 running_loss=0.150258
2026-08-18 22:09:24 | INFO | epoch=010 train_batch=310/392 running_loss=0.150499
2026-08-18 22:09:24 | INFO | epoch=010 train_batch=320/392 running_loss=0.150632
2026-08-18 22:09:25 | INFO | epoch=010 train_batch=330/392 running_loss=0.150367
2026-08-18 22:09:25 | INFO | epoch=010 train_batch=340/392 running_loss=0.149941
2026-08-18 22:09:26 | INFO | epoch=010 train_batch=350/392 running_loss=0.149821
2026-08-18 22:09:26 | INFO | epoch=010 train_batch=360/392 running_loss=0.149916
2026-08-18 22:09:26 | INFO | epoch=010 train_batch=370/392 running_loss=0.149710
2026-08-18 22:09:27 | INFO | epoch=010 train_batch=380/392 running_loss=0.149978
2026-08-18 22:09:27 | INFO | epoch=010 train_batch=390/392 running_loss=0.149894
2026-08-18 22:09:27 | INFO | epoch=010 train_batch=392/392 running_loss=0.149840
2026-08-18 22:09:29 | INFO | epoch=010 train_loss=0.149840 validation_loss=0.468473
2026-08-18 22:09:29 | INFO | epoch=010 saved new best.pt
2026-08-18 22:09:29 | INFO | epoch=011 train_batch=10/392 running_loss=0.140741
2026-08-18 22:09:30 | INFO | epoch=011 train_batch=20/392 running_loss=0.138402
2026-08-18 22:09:30 | INFO | epoch=011 train_batch=30/392 running_loss=0.141459
2026-08-18 22:09:30 | INFO | epoch=011 train_batch=40/392 running_loss=0.142431
2026-08-18 22:09:31 | INFO | epoch=011 train_batch=50/392 running_loss=0.143683
2026-08-18 22:09:31 | INFO | epoch=011 train_batch=60/392 running_loss=0.143909
2026-08-18 22:09:32 | INFO | epoch=011 train_batch=70/392 running_loss=0.144803
2026-08-18 22:09:32 | INFO | epoch=011 train_batch=80/392 running_loss=0.144841
2026-08-18 22:09:33 | INFO | epoch=011 train_batch=90/392 running_loss=0.144294
2026-08-18 22:09:33 | INFO | epoch=011 train_batch=100/392 running_loss=0.145097
2026-08-18 22:09:34 | INFO | epoch=011 train_batch=110/392 running_loss=0.144586
2026-08-18 22:09:34 | INFO | epoch=011 train_batch=120/392 running_loss=0.144838
2026-08-18 22:09:34 | INFO | epoch=011 train_batch=130/392 running_loss=0.145327
2026-08-18 22:09:35 | INFO | epoch=011 train_batch=140/392 running_loss=0.145593
2026-08-18 22:09:35 | INFO | epoch=011 train_batch=150/392 running_loss=0.146114
2026-08-18 22:09:36 | INFO | epoch=011 train_batch=160/392 running_loss=0.146364
2026-08-18 22:09:36 | INFO | epoch=011 train_batch=170/392 running_loss=0.146093
2026-08-18 22:09:37 | INFO | epoch=011 train_batch=180/392 running_loss=0.146268
2026-08-18 22:09:37 | INFO | epoch=011 train_batch=190/392 running_loss=0.146869
2026-08-18 22:09:38 | INFO | epoch=011 train_batch=200/392 running_loss=0.145950
2026-08-18 22:09:38 | INFO | epoch=011 train_batch=210/392 running_loss=0.146337
2026-08-18 22:09:38 | INFO | epoch=011 train_batch=220/392 running_loss=0.146058
2026-08-18 22:09:39 | INFO | epoch=011 train_batch=230/392 running_loss=0.145915
2026-08-18 22:09:39 | INFO | epoch=011 train_batch=240/392 running_loss=0.146182
2026-08-18 22:09:40 | INFO | epoch=011 train_batch=250/392 running_loss=0.146440
2026-08-18 22:09:40 | INFO | epoch=011 train_batch=260/392 running_loss=0.145957
2026-08-18 22:09:41 | INFO | epoch=011 train_batch=270/392 running_loss=0.145814
2026-08-18 22:09:41 | INFO | epoch=011 train_batch=280/392 running_loss=0.146319
2026-08-18 22:09:42 | INFO | epoch=011 train_batch=290/392 running_loss=0.146233
2026-08-18 22:09:42 | INFO | epoch=011 train_batch=300/392 running_loss=0.146234
2026-08-18 22:09:42 | INFO | epoch=011 train_batch=310/392 running_loss=0.146172
2026-08-18 22:09:43 | INFO | epoch=011 train_batch=320/392 running_loss=0.146346
2026-08-18 22:09:43 | INFO | epoch=011 train_batch=330/392 running_loss=0.146318
2026-08-18 22:09:44 | INFO | epoch=011 train_batch=340/392 running_loss=0.146187
2026-08-18 22:09:44 | INFO | epoch=011 train_batch=350/392 running_loss=0.145861
2026-08-18 22:09:45 | INFO | epoch=011 train_batch=360/392 running_loss=0.145572
2026-08-18 22:09:45 | INFO | epoch=011 train_batch=370/392 running_loss=0.145250
2026-08-18 22:09:46 | INFO | epoch=011 train_batch=380/392 running_loss=0.145234
2026-08-18 22:09:46 | INFO | epoch=011 train_batch=390/392 running_loss=0.145406
2026-08-18 22:09:46 | INFO | epoch=011 train_batch=392/392 running_loss=0.145498
2026-08-18 22:09:47 | INFO | epoch=011 train_loss=0.145498 validation_loss=0.480851
2026-08-18 22:09:48 | INFO | epoch=012 train_batch=10/392 running_loss=0.145847
2026-08-18 22:09:48 | INFO | epoch=012 train_batch=20/392 running_loss=0.147649
2026-08-18 22:09:49 | INFO | epoch=012 train_batch=30/392 running_loss=0.145839
2026-08-18 22:09:49 | INFO | epoch=012 train_batch=40/392 running_loss=0.144893
2026-08-18 22:09:49 | INFO | epoch=012 train_batch=50/392 running_loss=0.146368
2026-08-18 22:09:50 | INFO | epoch=012 train_batch=60/392 running_loss=0.145913
2026-08-18 22:09:50 | INFO | epoch=012 train_batch=70/392 running_loss=0.145868
2026-08-18 22:09:51 | INFO | epoch=012 train_batch=80/392 running_loss=0.144781
2026-08-18 22:09:51 | INFO | epoch=012 train_batch=90/392 running_loss=0.143350
2026-08-18 22:09:52 | INFO | epoch=012 train_batch=100/392 running_loss=0.143362
2026-08-18 22:09:52 | INFO | epoch=012 train_batch=110/392 running_loss=0.144559
2026-08-18 22:09:53 | INFO | epoch=012 train_batch=120/392 running_loss=0.144380
2026-08-18 22:09:53 | INFO | epoch=012 train_batch=130/392 running_loss=0.142888
2026-08-18 22:09:54 | INFO | epoch=012 train_batch=140/392 running_loss=0.143305
2026-08-18 22:09:54 | INFO | epoch=012 train_batch=150/392 running_loss=0.143330
2026-08-18 22:09:54 | INFO | epoch=012 train_batch=160/392 running_loss=0.142874
2026-08-18 22:09:55 | INFO | epoch=012 train_batch=170/392 running_loss=0.142507
2026-08-18 22:09:55 | INFO | epoch=012 train_batch=180/392 running_loss=0.142632
2026-08-18 22:09:56 | INFO | epoch=012 train_batch=190/392 running_loss=0.142219
2026-08-18 22:09:56 | INFO | epoch=012 train_batch=200/392 running_loss=0.141974
2026-08-18 22:09:57 | INFO | epoch=012 train_batch=210/392 running_loss=0.142266
2026-08-18 22:09:57 | INFO | epoch=012 train_batch=220/392 running_loss=0.142215
2026-08-18 22:09:58 | INFO | epoch=012 train_batch=230/392 running_loss=0.142247
2026-08-18 22:09:58 | INFO | epoch=012 train_batch=240/392 running_loss=0.142288
2026-08-18 22:09:58 | INFO | epoch=012 train_batch=250/392 running_loss=0.142421
2026-08-18 22:09:59 | INFO | epoch=012 train_batch=260/392 running_loss=0.142113
2026-08-18 22:09:59 | INFO | epoch=012 train_batch=270/392 running_loss=0.141903
2026-08-18 22:10:00 | INFO | epoch=012 train_batch=280/392 running_loss=0.141631
2026-08-18 22:10:00 | INFO | epoch=012 train_batch=290/392 running_loss=0.141632
2026-08-18 22:10:01 | INFO | epoch=012 train_batch=300/392 running_loss=0.141307
2026-08-18 22:10:01 | INFO | epoch=012 train_batch=310/392 running_loss=0.141410
2026-08-18 22:10:02 | INFO | epoch=012 train_batch=320/392 running_loss=0.141104
2026-08-18 22:10:02 | INFO | epoch=012 train_batch=330/392 running_loss=0.141268
2026-08-18 22:10:02 | INFO | epoch=012 train_batch=340/392 running_loss=0.141357
2026-08-18 22:10:03 | INFO | epoch=012 train_batch=350/392 running_loss=0.141214
2026-08-18 22:10:03 | INFO | epoch=012 train_batch=360/392 running_loss=0.141095
2026-08-18 22:10:04 | INFO | epoch=012 train_batch=370/392 running_loss=0.141042
2026-08-18 22:10:04 | INFO | epoch=012 train_batch=380/392 running_loss=0.141094
2026-08-18 22:10:05 | INFO | epoch=012 train_batch=390/392 running_loss=0.140884
2026-08-18 22:10:05 | INFO | epoch=012 train_batch=392/392 running_loss=0.140917
2026-08-18 22:10:06 | INFO | epoch=012 train_loss=0.140917 validation_loss=0.473512
2026-08-18 22:10:06 | INFO | epoch=013 train_batch=10/392 running_loss=0.145123
2026-08-18 22:10:07 | INFO | epoch=013 train_batch=20/392 running_loss=0.140431
2026-08-18 22:10:07 | INFO | epoch=013 train_batch=30/392 running_loss=0.139073
2026-08-18 22:10:08 | INFO | epoch=013 train_batch=40/392 running_loss=0.137664
2026-08-18 22:10:08 | INFO | epoch=013 train_batch=50/392 running_loss=0.139328
2026-08-18 22:10:09 | INFO | epoch=013 train_batch=60/392 running_loss=0.138572
2026-08-18 22:10:09 | INFO | epoch=013 train_batch=70/392 running_loss=0.138394
2026-08-18 22:10:10 | INFO | epoch=013 train_batch=80/392 running_loss=0.137181
2026-08-18 22:10:10 | INFO | epoch=013 train_batch=90/392 running_loss=0.137772
2026-08-18 22:10:10 | INFO | epoch=013 train_batch=100/392 running_loss=0.138297
2026-08-18 22:10:11 | INFO | epoch=013 train_batch=110/392 running_loss=0.138354
2026-08-18 22:10:11 | INFO | epoch=013 train_batch=120/392 running_loss=0.138853
2026-08-18 22:10:12 | INFO | epoch=013 train_batch=130/392 running_loss=0.138405
2026-08-18 22:10:12 | INFO | epoch=013 train_batch=140/392 running_loss=0.137705
2026-08-18 22:10:13 | INFO | epoch=013 train_batch=150/392 running_loss=0.137593
2026-08-18 22:10:13 | INFO | epoch=013 train_batch=160/392 running_loss=0.137660
2026-08-18 22:10:14 | INFO | epoch=013 train_batch=170/392 running_loss=0.137245
2026-08-18 22:10:14 | INFO | epoch=013 train_batch=180/392 running_loss=0.136816
2026-08-18 22:10:14 | INFO | epoch=013 train_batch=190/392 running_loss=0.136335
2026-08-18 22:10:15 | INFO | epoch=013 train_batch=200/392 running_loss=0.136083
2026-08-18 22:10:15 | INFO | epoch=013 train_batch=210/392 running_loss=0.135859
2026-08-18 22:10:16 | INFO | epoch=013 train_batch=220/392 running_loss=0.135877
2026-08-18 22:10:16 | INFO | epoch=013 train_batch=230/392 running_loss=0.136255
2026-08-18 22:10:17 | INFO | epoch=013 train_batch=240/392 running_loss=0.136116
2026-08-18 22:10:17 | INFO | epoch=013 train_batch=250/392 running_loss=0.136426
2026-08-18 22:10:18 | INFO | epoch=013 train_batch=260/392 running_loss=0.136309
2026-08-18 22:10:18 | INFO | epoch=013 train_batch=270/392 running_loss=0.136507
2026-08-18 22:10:18 | INFO | epoch=013 train_batch=280/392 running_loss=0.136844
2026-08-18 22:10:19 | INFO | epoch=013 train_batch=290/392 running_loss=0.137284
2026-08-18 22:10:19 | INFO | epoch=013 train_batch=300/392 running_loss=0.137268
2026-08-18 22:10:20 | INFO | epoch=013 train_batch=310/392 running_loss=0.137053
2026-08-18 22:10:20 | INFO | epoch=013 train_batch=320/392 running_loss=0.136705
2026-08-18 22:10:21 | INFO | epoch=013 train_batch=330/392 running_loss=0.136702
2026-08-18 22:10:21 | INFO | epoch=013 train_batch=340/392 running_loss=0.136847
2026-08-18 22:10:22 | INFO | epoch=013 train_batch=350/392 running_loss=0.136878
2026-08-18 22:10:22 | INFO | epoch=013 train_batch=360/392 running_loss=0.136944
2026-08-18 22:10:23 | INFO | epoch=013 train_batch=370/392 running_loss=0.136668
2026-08-18 22:10:23 | INFO | epoch=013 train_batch=380/392 running_loss=0.136429
2026-08-18 22:10:23 | INFO | epoch=013 train_batch=390/392 running_loss=0.136476
2026-08-18 22:10:23 | INFO | epoch=013 train_batch=392/392 running_loss=0.136540
2026-08-18 22:10:25 | INFO | epoch=013 train_loss=0.136540 validation_loss=0.456804
2026-08-18 22:10:25 | INFO | epoch=013 saved new best.pt
2026-08-18 22:10:25 | INFO | epoch=014 train_batch=10/392 running_loss=0.123061
2026-08-18 22:10:26 | INFO | epoch=014 train_batch=20/392 running_loss=0.135498
2026-08-18 22:10:26 | INFO | epoch=014 train_batch=30/392 running_loss=0.133372
2026-08-18 22:10:27 | INFO | epoch=014 train_batch=40/392 running_loss=0.135573
2026-08-18 22:10:27 | INFO | epoch=014 train_batch=50/392 running_loss=0.135115
2026-08-18 22:10:27 | INFO | epoch=014 train_batch=60/392 running_loss=0.135126
2026-08-18 22:10:28 | INFO | epoch=014 train_batch=70/392 running_loss=0.134687
2026-08-18 22:10:28 | INFO | epoch=014 train_batch=80/392 running_loss=0.134350
2026-08-18 22:10:29 | INFO | epoch=014 train_batch=90/392 running_loss=0.134000
2026-08-18 22:10:29 | INFO | epoch=014 train_batch=100/392 running_loss=0.133641
2026-08-18 22:10:30 | INFO | epoch=014 train_batch=110/392 running_loss=0.133940
2026-08-18 22:10:30 | INFO | epoch=014 train_batch=120/392 running_loss=0.133604
2026-08-18 22:10:31 | INFO | epoch=014 train_batch=130/392 running_loss=0.134560
2026-08-18 22:10:31 | INFO | epoch=014 train_batch=140/392 running_loss=0.134610
2026-08-18 22:10:32 | INFO | epoch=014 train_batch=150/392 running_loss=0.134580
2026-08-18 22:10:32 | INFO | epoch=014 train_batch=160/392 running_loss=0.135135
2026-08-18 22:10:32 | INFO | epoch=014 train_batch=170/392 running_loss=0.134992
2026-08-18 22:10:33 | INFO | epoch=014 train_batch=180/392 running_loss=0.134919
2026-08-18 22:10:33 | INFO | epoch=014 train_batch=190/392 running_loss=0.134373
2026-08-18 22:10:34 | INFO | epoch=014 train_batch=200/392 running_loss=0.134089
2026-08-18 22:10:34 | INFO | epoch=014 train_batch=210/392 running_loss=0.133589
2026-08-18 22:10:35 | INFO | epoch=014 train_batch=220/392 running_loss=0.133307
2026-08-18 22:10:35 | INFO | epoch=014 train_batch=230/392 running_loss=0.133612
2026-08-18 22:10:36 | INFO | epoch=014 train_batch=240/392 running_loss=0.133465
2026-08-18 22:10:36 | INFO | epoch=014 train_batch=250/392 running_loss=0.133540
2026-08-18 22:10:36 | INFO | epoch=014 train_batch=260/392 running_loss=0.134112
2026-08-18 22:10:37 | INFO | epoch=014 train_batch=270/392 running_loss=0.134125
2026-08-18 22:10:37 | INFO | epoch=014 train_batch=280/392 running_loss=0.134084
2026-08-18 22:10:38 | INFO | epoch=014 train_batch=290/392 running_loss=0.134204
2026-08-18 22:10:38 | INFO | epoch=014 train_batch=300/392 running_loss=0.134102
2026-08-18 22:10:39 | INFO | epoch=014 train_batch=310/392 running_loss=0.133853
2026-08-18 22:10:39 | INFO | epoch=014 train_batch=320/392 running_loss=0.133871
2026-08-18 22:10:40 | INFO | epoch=014 train_batch=330/392 running_loss=0.133844
2026-08-18 22:10:40 | INFO | epoch=014 train_batch=340/392 running_loss=0.133892
2026-08-18 22:10:41 | INFO | epoch=014 train_batch=350/392 running_loss=0.134050
2026-08-18 22:10:41 | INFO | epoch=014 train_batch=360/392 running_loss=0.133964
2026-08-18 22:10:42 | INFO | epoch=014 train_batch=370/392 running_loss=0.134075
2026-08-18 22:10:42 | INFO | epoch=014 train_batch=380/392 running_loss=0.134019
2026-08-18 22:10:42 | INFO | epoch=014 train_batch=390/392 running_loss=0.134027
2026-08-18 22:10:43 | INFO | epoch=014 train_batch=392/392 running_loss=0.134204
2026-08-18 22:10:44 | INFO | epoch=014 train_loss=0.134204 validation_loss=0.469301
2026-08-18 22:10:44 | INFO | epoch=015 train_batch=10/392 running_loss=0.126677
2026-08-18 22:10:45 | INFO | epoch=015 train_batch=20/392 running_loss=0.129160
2026-08-18 22:10:45 | INFO | epoch=015 train_batch=30/392 running_loss=0.127902
2026-08-18 22:10:45 | INFO | epoch=015 train_batch=40/392 running_loss=0.129573
2026-08-18 22:10:46 | INFO | epoch=015 train_batch=50/392 running_loss=0.130130
2026-08-18 22:10:46 | INFO | epoch=015 train_batch=60/392 running_loss=0.130055
2026-08-18 22:10:47 | INFO | epoch=015 train_batch=70/392 running_loss=0.131412
2026-08-18 22:10:47 | INFO | epoch=015 train_batch=80/392 running_loss=0.131652
2026-08-18 22:10:48 | INFO | epoch=015 train_batch=90/392 running_loss=0.133553
2026-08-18 22:10:48 | INFO | epoch=015 train_batch=100/392 running_loss=0.133645
2026-08-18 22:10:49 | INFO | epoch=015 train_batch=110/392 running_loss=0.134194
2026-08-18 22:10:49 | INFO | epoch=015 train_batch=120/392 running_loss=0.134682
2026-08-18 22:10:50 | INFO | epoch=015 train_batch=130/392 running_loss=0.135001
2026-08-18 22:10:50 | INFO | epoch=015 train_batch=140/392 running_loss=0.134999
2026-08-18 22:10:50 | INFO | epoch=015 train_batch=150/392 running_loss=0.134550
2026-08-18 22:10:51 | INFO | epoch=015 train_batch=160/392 running_loss=0.134246
2026-08-18 22:10:51 | INFO | epoch=015 train_batch=170/392 running_loss=0.134352
2026-08-18 22:10:52 | INFO | epoch=015 train_batch=180/392 running_loss=0.134301
2026-08-18 22:10:52 | INFO | epoch=015 train_batch=190/392 running_loss=0.134288
2026-08-18 22:10:53 | INFO | epoch=015 train_batch=200/392 running_loss=0.134230
2026-08-18 22:10:53 | INFO | epoch=015 train_batch=210/392 running_loss=0.134808
2026-08-18 22:10:54 | INFO | epoch=015 train_batch=220/392 running_loss=0.134579
2026-08-18 22:10:54 | INFO | epoch=015 train_batch=230/392 running_loss=0.134366
2026-08-18 22:10:55 | INFO | epoch=015 train_batch=240/392 running_loss=0.134085
2026-08-18 22:10:55 | INFO | epoch=015 train_batch=250/392 running_loss=0.134223
2026-08-18 22:10:55 | INFO | epoch=015 train_batch=260/392 running_loss=0.133855
2026-08-18 22:10:56 | INFO | epoch=015 train_batch=270/392 running_loss=0.133795
2026-08-18 22:10:56 | INFO | epoch=015 train_batch=280/392 running_loss=0.133821
2026-08-18 22:10:57 | INFO | epoch=015 train_batch=290/392 running_loss=0.133941
2026-08-18 22:10:57 | INFO | epoch=015 train_batch=300/392 running_loss=0.133940
2026-08-18 22:10:58 | INFO | epoch=015 train_batch=310/392 running_loss=0.133735
2026-08-18 22:10:58 | INFO | epoch=015 train_batch=320/392 running_loss=0.133617
2026-08-18 22:10:59 | INFO | epoch=015 train_batch=330/392 running_loss=0.133865
2026-08-18 22:10:59 | INFO | epoch=015 train_batch=340/392 running_loss=0.133639
2026-08-18 22:11:00 | INFO | epoch=015 train_batch=350/392 running_loss=0.133607
2026-08-18 22:11:00 | INFO | epoch=015 train_batch=360/392 running_loss=0.133401
2026-08-18 22:11:00 | INFO | epoch=015 train_batch=370/392 running_loss=0.133215
2026-08-18 22:11:01 | INFO | epoch=015 train_batch=380/392 running_loss=0.133163
2026-08-18 22:11:01 | INFO | epoch=015 train_batch=390/392 running_loss=0.133289
2026-08-18 22:11:01 | INFO | epoch=015 train_batch=392/392 running_loss=0.133279
2026-08-18 22:11:03 | INFO | epoch=015 train_loss=0.133279 validation_loss=0.467106
2026-08-18 22:11:03 | INFO | epoch=016 train_batch=10/392 running_loss=0.138241
2026-08-18 22:11:04 | INFO | epoch=016 train_batch=20/392 running_loss=0.136205
2026-08-18 22:11:04 | INFO | epoch=016 train_batch=30/392 running_loss=0.137079
2026-08-18 22:11:05 | INFO | epoch=016 train_batch=40/392 running_loss=0.137454
2026-08-18 22:11:05 | INFO | epoch=016 train_batch=50/392 running_loss=0.135363
2026-08-18 22:11:05 | INFO | epoch=016 train_batch=60/392 running_loss=0.136120
2026-08-18 22:11:06 | INFO | epoch=016 train_batch=70/392 running_loss=0.135663
2026-08-18 22:11:06 | INFO | epoch=016 train_batch=80/392 running_loss=0.135991
2026-08-18 22:11:07 | INFO | epoch=016 train_batch=90/392 running_loss=0.135021
2026-08-18 22:11:07 | INFO | epoch=016 train_batch=100/392 running_loss=0.134665
2026-08-18 22:11:08 | INFO | epoch=016 train_batch=110/392 running_loss=0.134447
2026-08-18 22:11:08 | INFO | epoch=016 train_batch=120/392 running_loss=0.133562
2026-08-18 22:11:09 | INFO | epoch=016 train_batch=130/392 running_loss=0.133271
2026-08-18 22:11:09 | INFO | epoch=016 train_batch=140/392 running_loss=0.133318
2026-08-18 22:11:10 | INFO | epoch=016 train_batch=150/392 running_loss=0.132876
2026-08-18 22:11:10 | INFO | epoch=016 train_batch=160/392 running_loss=0.132094
2026-08-18 22:11:11 | INFO | epoch=016 train_batch=170/392 running_loss=0.131908
2026-08-18 22:11:11 | INFO | epoch=016 train_batch=180/392 running_loss=0.131868
2026-08-18 22:11:11 | INFO | epoch=016 train_batch=190/392 running_loss=0.131279
2026-08-18 22:11:12 | INFO | epoch=016 train_batch=200/392 running_loss=0.130762
2026-08-18 22:11:12 | INFO | epoch=016 train_batch=210/392 running_loss=0.130507
2026-08-18 22:11:13 | INFO | epoch=016 train_batch=220/392 running_loss=0.130424
2026-08-18 22:11:13 | INFO | epoch=016 train_batch=230/392 running_loss=0.130669
2026-08-18 22:11:14 | INFO | epoch=016 train_batch=240/392 running_loss=0.130533
2026-08-18 22:11:14 | INFO | epoch=016 train_batch=250/392 running_loss=0.130193
2026-08-18 22:11:15 | INFO | epoch=016 train_batch=260/392 running_loss=0.130294
2026-08-18 22:11:15 | INFO | epoch=016 train_batch=270/392 running_loss=0.130228
2026-08-18 22:11:16 | INFO | epoch=016 train_batch=280/392 running_loss=0.130142
2026-08-18 22:11:16 | INFO | epoch=016 train_batch=290/392 running_loss=0.130175
2026-08-18 22:11:16 | INFO | epoch=016 train_batch=300/392 running_loss=0.129929
2026-08-18 22:11:17 | INFO | epoch=016 train_batch=310/392 running_loss=0.129606
2026-08-18 22:11:17 | INFO | epoch=016 train_batch=320/392 running_loss=0.129366
2026-08-18 22:11:18 | INFO | epoch=016 train_batch=330/392 running_loss=0.129071
2026-08-18 22:11:18 | INFO | epoch=016 train_batch=340/392 running_loss=0.129318
2026-08-18 22:11:19 | INFO | epoch=016 train_batch=350/392 running_loss=0.129105
2026-08-18 22:11:19 | INFO | epoch=016 train_batch=360/392 running_loss=0.129017
2026-08-18 22:11:20 | INFO | epoch=016 train_batch=370/392 running_loss=0.129002
2026-08-18 22:11:20 | INFO | epoch=016 train_batch=380/392 running_loss=0.128738
2026-08-18 22:11:21 | INFO | epoch=016 train_batch=390/392 running_loss=0.128576
2026-08-18 22:11:21 | INFO | epoch=016 train_batch=392/392 running_loss=0.128558
2026-08-18 22:11:22 | INFO | epoch=016 train_loss=0.128558 validation_loss=0.466746
2026-08-18 22:11:22 | INFO | epoch=017 train_batch=10/392 running_loss=0.116268
2026-08-18 22:11:23 | INFO | epoch=017 train_batch=20/392 running_loss=0.124163
2026-08-18 22:11:23 | INFO | epoch=017 train_batch=30/392 running_loss=0.125337
2026-08-18 22:11:24 | INFO | epoch=017 train_batch=40/392 running_loss=0.126368
2026-08-18 22:11:24 | INFO | epoch=017 train_batch=50/392 running_loss=0.124523
2026-08-18 22:11:25 | INFO | epoch=017 train_batch=60/392 running_loss=0.123920
2026-08-18 22:11:25 | INFO | epoch=017 train_batch=70/392 running_loss=0.124916
2026-08-18 22:11:25 | INFO | epoch=017 train_batch=80/392 running_loss=0.124525
2026-08-18 22:11:26 | INFO | epoch=017 train_batch=90/392 running_loss=0.125579
2026-08-18 22:11:26 | INFO | epoch=017 train_batch=100/392 running_loss=0.125839
2026-08-18 22:11:27 | INFO | epoch=017 train_batch=110/392 running_loss=0.126007
2026-08-18 22:11:27 | INFO | epoch=017 train_batch=120/392 running_loss=0.126087
2026-08-18 22:11:28 | INFO | epoch=017 train_batch=130/392 running_loss=0.126199
2026-08-18 22:11:28 | INFO | epoch=017 train_batch=140/392 running_loss=0.126763
2026-08-18 22:11:29 | INFO | epoch=017 train_batch=150/392 running_loss=0.126537
2026-08-18 22:11:29 | INFO | epoch=017 train_batch=160/392 running_loss=0.126064
2026-08-18 22:11:30 | INFO | epoch=017 train_batch=170/392 running_loss=0.126147
2026-08-18 22:11:30 | INFO | epoch=017 train_batch=180/392 running_loss=0.126043
2026-08-18 22:11:30 | INFO | epoch=017 train_batch=190/392 running_loss=0.126488
2026-08-18 22:11:31 | INFO | epoch=017 train_batch=200/392 running_loss=0.127216
2026-08-18 22:11:31 | INFO | epoch=017 train_batch=210/392 running_loss=0.127447
2026-08-18 22:11:32 | INFO | epoch=017 train_batch=220/392 running_loss=0.127349
2026-08-18 22:11:32 | INFO | epoch=017 train_batch=230/392 running_loss=0.127576
2026-08-18 22:11:33 | INFO | epoch=017 train_batch=240/392 running_loss=0.127193
2026-08-18 22:11:33 | INFO | epoch=017 train_batch=250/392 running_loss=0.127335
2026-08-18 22:11:34 | INFO | epoch=017 train_batch=260/392 running_loss=0.127314
2026-08-18 22:11:34 | INFO | epoch=017 train_batch=270/392 running_loss=0.127419
2026-08-18 22:11:35 | INFO | epoch=017 train_batch=280/392 running_loss=0.127367
2026-08-18 22:11:35 | INFO | epoch=017 train_batch=290/392 running_loss=0.127624
2026-08-18 22:11:35 | INFO | epoch=017 train_batch=300/392 running_loss=0.127737
2026-08-18 22:11:36 | INFO | epoch=017 train_batch=310/392 running_loss=0.127763
2026-08-18 22:11:36 | INFO | epoch=017 train_batch=320/392 running_loss=0.127961
2026-08-18 22:11:37 | INFO | epoch=017 train_batch=330/392 running_loss=0.127947
2026-08-18 22:11:37 | INFO | epoch=017 train_batch=340/392 running_loss=0.127784
2026-08-18 22:11:38 | INFO | epoch=017 train_batch=350/392 running_loss=0.127740
2026-08-18 22:11:38 | INFO | epoch=017 train_batch=360/392 running_loss=0.127898
2026-08-18 22:11:39 | INFO | epoch=017 train_batch=370/392 running_loss=0.127684
2026-08-18 22:11:39 | INFO | epoch=017 train_batch=380/392 running_loss=0.127915
2026-08-18 22:11:39 | INFO | epoch=017 train_batch=390/392 running_loss=0.127828
2026-08-18 22:11:40 | INFO | epoch=017 train_batch=392/392 running_loss=0.127871
2026-08-18 22:11:41 | INFO | epoch=017 train_loss=0.127871 validation_loss=0.461483
2026-08-18 22:11:41 | INFO | epoch=018 train_batch=10/392 running_loss=0.126403
2026-08-18 22:11:42 | INFO | epoch=018 train_batch=20/392 running_loss=0.130785
2026-08-18 22:11:42 | INFO | epoch=018 train_batch=30/392 running_loss=0.128331
2026-08-18 22:11:42 | INFO | epoch=018 train_batch=40/392 running_loss=0.128768
2026-08-18 22:11:43 | INFO | epoch=018 train_batch=50/392 running_loss=0.127219
2026-08-18 22:11:43 | INFO | epoch=018 train_batch=60/392 running_loss=0.127435
2026-08-18 22:11:44 | INFO | epoch=018 train_batch=70/392 running_loss=0.127243
2026-08-18 22:11:44 | INFO | epoch=018 train_batch=80/392 running_loss=0.126876
2026-08-18 22:11:45 | INFO | epoch=018 train_batch=90/392 running_loss=0.126948
2026-08-18 22:11:45 | INFO | epoch=018 train_batch=100/392 running_loss=0.127252
2026-08-18 22:11:46 | INFO | epoch=018 train_batch=110/392 running_loss=0.127471
2026-08-18 22:11:46 | INFO | epoch=018 train_batch=120/392 running_loss=0.127891
2026-08-18 22:11:47 | INFO | epoch=018 train_batch=130/392 running_loss=0.127396
2026-08-18 22:11:47 | INFO | epoch=018 train_batch=140/392 running_loss=0.127734
2026-08-18 22:11:47 | INFO | epoch=018 train_batch=150/392 running_loss=0.127321
2026-08-18 22:11:48 | INFO | epoch=018 train_batch=160/392 running_loss=0.127633
2026-08-18 22:11:48 | INFO | epoch=018 train_batch=170/392 running_loss=0.127341
2026-08-18 22:11:49 | INFO | epoch=018 train_batch=180/392 running_loss=0.127103
2026-08-18 22:11:49 | INFO | epoch=018 train_batch=190/392 running_loss=0.127381
2026-08-18 22:11:50 | INFO | epoch=018 train_batch=200/392 running_loss=0.126912
2026-08-18 22:11:50 | INFO | epoch=018 train_batch=210/392 running_loss=0.126597
2026-08-18 22:11:51 | INFO | epoch=018 train_batch=220/392 running_loss=0.126325
2026-08-18 22:11:51 | INFO | epoch=018 train_batch=230/392 running_loss=0.125864
2026-08-18 22:11:52 | INFO | epoch=018 train_batch=240/392 running_loss=0.125545
2026-08-18 22:11:52 | INFO | epoch=018 train_batch=250/392 running_loss=0.125830
2026-08-18 22:11:52 | INFO | epoch=018 train_batch=260/392 running_loss=0.126153
2026-08-18 22:11:53 | INFO | epoch=018 train_batch=270/392 running_loss=0.126067
2026-08-18 22:11:53 | INFO | epoch=018 train_batch=280/392 running_loss=0.126013
2026-08-18 22:11:54 | INFO | epoch=018 train_batch=290/392 running_loss=0.125884
2026-08-18 22:11:54 | INFO | epoch=018 train_batch=300/392 running_loss=0.125716
2026-08-18 22:11:55 | INFO | epoch=018 train_batch=310/392 running_loss=0.125841
2026-08-18 22:11:55 | INFO | epoch=018 train_batch=320/392 running_loss=0.125589
2026-08-18 22:11:56 | INFO | epoch=018 train_batch=330/392 running_loss=0.125495
2026-08-18 22:11:56 | INFO | epoch=018 train_batch=340/392 running_loss=0.125655
2026-08-18 22:11:56 | INFO | epoch=018 train_batch=350/392 running_loss=0.125559
2026-08-18 22:11:57 | INFO | epoch=018 train_batch=360/392 running_loss=0.125723
2026-08-18 22:11:57 | INFO | epoch=018 train_batch=370/392 running_loss=0.125443
2026-08-18 22:11:58 | INFO | epoch=018 train_batch=380/392 running_loss=0.125493
2026-08-18 22:11:58 | INFO | epoch=018 train_batch=390/392 running_loss=0.125400
2026-08-18 22:11:58 | INFO | epoch=018 train_batch=392/392 running_loss=0.125302
2026-08-18 22:11:59 | INFO | epoch=018 train_loss=0.125302 validation_loss=0.450812
2026-08-18 22:12:00 | INFO | epoch=018 saved new best.pt
2026-08-18 22:12:00 | INFO | epoch=019 train_batch=10/392 running_loss=0.120855
2026-08-18 22:12:00 | INFO | epoch=019 train_batch=20/392 running_loss=0.128701
2026-08-18 22:12:01 | INFO | epoch=019 train_batch=30/392 running_loss=0.127739
2026-08-18 22:12:01 | INFO | epoch=019 train_batch=40/392 running_loss=0.126624
2026-08-18 22:12:02 | INFO | epoch=019 train_batch=50/392 running_loss=0.126291
2026-08-18 22:12:02 | INFO | epoch=019 train_batch=60/392 running_loss=0.126692
2026-08-18 22:12:03 | INFO | epoch=019 train_batch=70/392 running_loss=0.125298
2026-08-18 22:12:03 | INFO | epoch=019 train_batch=80/392 running_loss=0.125658
2026-08-18 22:12:04 | INFO | epoch=019 train_batch=90/392 running_loss=0.126537
2026-08-18 22:12:04 | INFO | epoch=019 train_batch=100/392 running_loss=0.126322
2026-08-18 22:12:05 | INFO | epoch=019 train_batch=110/392 running_loss=0.126352
2026-08-18 22:12:05 | INFO | epoch=019 train_batch=120/392 running_loss=0.126166
2026-08-18 22:12:05 | INFO | epoch=019 train_batch=130/392 running_loss=0.127086
2026-08-18 22:12:06 | INFO | epoch=019 train_batch=140/392 running_loss=0.126400
2026-08-18 22:12:06 | INFO | epoch=019 train_batch=150/392 running_loss=0.126333
2026-08-18 22:12:07 | INFO | epoch=019 train_batch=160/392 running_loss=0.126372
2026-08-18 22:12:07 | INFO | epoch=019 train_batch=170/392 running_loss=0.126582
2026-08-18 22:12:08 | INFO | epoch=019 train_batch=180/392 running_loss=0.126294
2026-08-18 22:12:08 | INFO | epoch=019 train_batch=190/392 running_loss=0.125863
2026-08-18 22:12:09 | INFO | epoch=019 train_batch=200/392 running_loss=0.125917
2026-08-18 22:12:09 | INFO | epoch=019 train_batch=210/392 running_loss=0.125884
2026-08-18 22:12:10 | INFO | epoch=019 train_batch=220/392 running_loss=0.126036
2026-08-18 22:12:10 | INFO | epoch=019 train_batch=230/392 running_loss=0.125589
2026-08-18 22:12:10 | INFO | epoch=019 train_batch=240/392 running_loss=0.125615
2026-08-18 22:12:11 | INFO | epoch=019 train_batch=250/392 running_loss=0.125676
2026-08-18 22:12:11 | INFO | epoch=019 train_batch=260/392 running_loss=0.126020
2026-08-18 22:12:12 | INFO | epoch=019 train_batch=270/392 running_loss=0.125821
2026-08-18 22:12:12 | INFO | epoch=019 train_batch=280/392 running_loss=0.125753
2026-08-18 22:12:13 | INFO | epoch=019 train_batch=290/392 running_loss=0.125644
2026-08-18 22:12:13 | INFO | epoch=019 train_batch=300/392 running_loss=0.125493
2026-08-18 22:12:14 | INFO | epoch=019 train_batch=310/392 running_loss=0.125624
2026-08-18 22:12:14 | INFO | epoch=019 train_batch=320/392 running_loss=0.125684
2026-08-18 22:12:15 | INFO | epoch=019 train_batch=330/392 running_loss=0.125840
2026-08-18 22:12:15 | INFO | epoch=019 train_batch=340/392 running_loss=0.125925
2026-08-18 22:12:16 | INFO | epoch=019 train_batch=350/392 running_loss=0.125982
2026-08-18 22:12:16 | INFO | epoch=019 train_batch=360/392 running_loss=0.126061
2026-08-18 22:12:16 | INFO | epoch=019 train_batch=370/392 running_loss=0.125748
2026-08-18 22:12:17 | INFO | epoch=019 train_batch=380/392 running_loss=0.125574
2026-08-18 22:12:17 | INFO | epoch=019 train_batch=390/392 running_loss=0.125402
2026-08-18 22:12:17 | INFO | epoch=019 train_batch=392/392 running_loss=0.125319
2026-08-18 22:12:19 | INFO | epoch=019 train_loss=0.125319 validation_loss=0.451237
2026-08-18 22:12:19 | INFO | epoch=020 train_batch=10/392 running_loss=0.122078
2026-08-18 22:12:19 | INFO | epoch=020 train_batch=20/392 running_loss=0.125398
2026-08-18 22:12:20 | INFO | epoch=020 train_batch=30/392 running_loss=0.126069
2026-08-18 22:12:20 | INFO | epoch=020 train_batch=40/392 running_loss=0.124017
2026-08-18 22:12:21 | INFO | epoch=020 train_batch=50/392 running_loss=0.125063
2026-08-18 22:12:21 | INFO | epoch=020 train_batch=60/392 running_loss=0.124544
2026-08-18 22:12:22 | INFO | epoch=020 train_batch=70/392 running_loss=0.124523
2026-08-18 22:12:22 | INFO | epoch=020 train_batch=80/392 running_loss=0.124762
2026-08-18 22:12:23 | INFO | epoch=020 train_batch=90/392 running_loss=0.125013
2026-08-18 22:12:23 | INFO | epoch=020 train_batch=100/392 running_loss=0.124926
2026-08-18 22:12:24 | INFO | epoch=020 train_batch=110/392 running_loss=0.125131
2026-08-18 22:12:24 | INFO | epoch=020 train_batch=120/392 running_loss=0.124496
2026-08-18 22:12:25 | INFO | epoch=020 train_batch=130/392 running_loss=0.124379
2026-08-18 22:12:25 | INFO | epoch=020 train_batch=140/392 running_loss=0.123844
2026-08-18 22:12:25 | INFO | epoch=020 train_batch=150/392 running_loss=0.123882
2026-08-18 22:12:26 | INFO | epoch=020 train_batch=160/392 running_loss=0.123397
2026-08-18 22:12:26 | INFO | epoch=020 train_batch=170/392 running_loss=0.123644
2026-08-18 22:12:27 | INFO | epoch=020 train_batch=180/392 running_loss=0.123537
2026-08-18 22:12:27 | INFO | epoch=020 train_batch=190/392 running_loss=0.124023
2026-08-18 22:12:28 | INFO | epoch=020 train_batch=200/392 running_loss=0.124044
2026-08-18 22:12:28 | INFO | epoch=020 train_batch=210/392 running_loss=0.123877
2026-08-18 22:12:29 | INFO | epoch=020 train_batch=220/392 running_loss=0.123927
2026-08-18 22:12:29 | INFO | epoch=020 train_batch=230/392 running_loss=0.123996
2026-08-18 22:12:29 | INFO | epoch=020 train_batch=240/392 running_loss=0.123773
2026-08-18 22:12:30 | INFO | epoch=020 train_batch=250/392 running_loss=0.123890
2026-08-18 22:12:30 | INFO | epoch=020 train_batch=260/392 running_loss=0.123525
2026-08-18 22:12:31 | INFO | epoch=020 train_batch=270/392 running_loss=0.123339
2026-08-18 22:12:31 | INFO | epoch=020 train_batch=280/392 running_loss=0.123184
2026-08-18 22:12:32 | INFO | epoch=020 train_batch=290/392 running_loss=0.123224
2026-08-18 22:12:32 | INFO | epoch=020 train_batch=300/392 running_loss=0.123076
2026-08-18 22:12:33 | INFO | epoch=020 train_batch=310/392 running_loss=0.122979
2026-08-18 22:12:33 | INFO | epoch=020 train_batch=320/392 running_loss=0.123133
2026-08-18 22:12:34 | INFO | epoch=020 train_batch=330/392 running_loss=0.123205
2026-08-18 22:12:34 | INFO | epoch=020 train_batch=340/392 running_loss=0.123430
2026-08-18 22:12:35 | INFO | epoch=020 train_batch=350/392 running_loss=0.123236
2026-08-18 22:12:35 | INFO | epoch=020 train_batch=360/392 running_loss=0.123146
2026-08-18 22:12:35 | INFO | epoch=020 train_batch=370/392 running_loss=0.123257
2026-08-18 22:12:36 | INFO | epoch=020 train_batch=380/392 running_loss=0.123338
2026-08-18 22:12:36 | INFO | epoch=020 train_batch=390/392 running_loss=0.123173
2026-08-18 22:12:36 | INFO | epoch=020 train_batch=392/392 running_loss=0.123055
2026-08-18 22:12:38 | INFO | epoch=020 train_loss=0.123055 validation_loss=0.447169
2026-08-18 22:12:38 | INFO | epoch=020 saved new best.pt
2026-08-18 22:12:38 | INFO | epoch=021 train_batch=10/392 running_loss=0.112408
2026-08-18 22:12:39 | INFO | epoch=021 train_batch=20/392 running_loss=0.112670
2026-08-18 22:12:39 | INFO | epoch=021 train_batch=30/392 running_loss=0.112749
2026-08-18 22:12:39 | INFO | epoch=021 train_batch=40/392 running_loss=0.114540
2026-08-18 22:12:40 | INFO | epoch=021 train_batch=50/392 running_loss=0.115618
2026-08-18 22:12:40 | INFO | epoch=021 train_batch=60/392 running_loss=0.116697
2026-08-18 22:12:41 | INFO | epoch=021 train_batch=70/392 running_loss=0.119344
2026-08-18 22:12:41 | INFO | epoch=021 train_batch=80/392 running_loss=0.119423
2026-08-18 22:12:42 | INFO | epoch=021 train_batch=90/392 running_loss=0.119201
2026-08-18 22:12:42 | INFO | epoch=021 train_batch=100/392 running_loss=0.118549
2026-08-18 22:12:43 | INFO | epoch=021 train_batch=110/392 running_loss=0.119302
2026-08-18 22:12:43 | INFO | epoch=021 train_batch=120/392 running_loss=0.119364
2026-08-18 22:12:44 | INFO | epoch=021 train_batch=130/392 running_loss=0.119342
2026-08-18 22:12:44 | INFO | epoch=021 train_batch=140/392 running_loss=0.118896
2026-08-18 22:12:44 | INFO | epoch=021 train_batch=150/392 running_loss=0.119042
2026-08-18 22:12:45 | INFO | epoch=021 train_batch=160/392 running_loss=0.119167
2026-08-18 22:12:45 | INFO | epoch=021 train_batch=170/392 running_loss=0.119543
2026-08-18 22:12:46 | INFO | epoch=021 train_batch=180/392 running_loss=0.119569
2026-08-18 22:12:46 | INFO | epoch=021 train_batch=190/392 running_loss=0.120059
2026-08-18 22:12:47 | INFO | epoch=021 train_batch=200/392 running_loss=0.119917
2026-08-18 22:12:47 | INFO | epoch=021 train_batch=210/392 running_loss=0.119632
2026-08-18 22:12:48 | INFO | epoch=021 train_batch=220/392 running_loss=0.119434
2026-08-18 22:12:48 | INFO | epoch=021 train_batch=230/392 running_loss=0.119725
2026-08-18 22:12:49 | INFO | epoch=021 train_batch=240/392 running_loss=0.119617
2026-08-18 22:12:49 | INFO | epoch=021 train_batch=250/392 running_loss=0.119484
2026-08-18 22:12:49 | INFO | epoch=021 train_batch=260/392 running_loss=0.119690
2026-08-18 22:12:50 | INFO | epoch=021 train_batch=270/392 running_loss=0.119755
2026-08-18 22:12:50 | INFO | epoch=021 train_batch=280/392 running_loss=0.119350
2026-08-18 22:12:51 | INFO | epoch=021 train_batch=290/392 running_loss=0.119689
2026-08-18 22:12:51 | INFO | epoch=021 train_batch=300/392 running_loss=0.120081
2026-08-18 22:12:52 | INFO | epoch=021 train_batch=310/392 running_loss=0.120229
2026-08-18 22:12:52 | INFO | epoch=021 train_batch=320/392 running_loss=0.120325
2026-08-18 22:12:53 | INFO | epoch=021 train_batch=330/392 running_loss=0.120261
2026-08-18 22:12:53 | INFO | epoch=021 train_batch=340/392 running_loss=0.120644
2026-08-18 22:12:54 | INFO | epoch=021 train_batch=350/392 running_loss=0.120717
2026-08-18 22:12:54 | INFO | epoch=021 train_batch=360/392 running_loss=0.120627
2026-08-18 22:12:54 | INFO | epoch=021 train_batch=370/392 running_loss=0.120932
2026-08-18 22:12:55 | INFO | epoch=021 train_batch=380/392 running_loss=0.120928
2026-08-18 22:12:55 | INFO | epoch=021 train_batch=390/392 running_loss=0.120991
2026-08-18 22:12:55 | INFO | epoch=021 train_batch=392/392 running_loss=0.120966
2026-08-18 22:12:57 | INFO | epoch=021 train_loss=0.120966 validation_loss=0.442576
2026-08-18 22:12:57 | INFO | epoch=021 saved new best.pt
2026-08-18 22:12:57 | INFO | epoch=022 train_batch=10/392 running_loss=0.123838
2026-08-18 22:12:58 | INFO | epoch=022 train_batch=20/392 running_loss=0.123669
2026-08-18 22:12:58 | INFO | epoch=022 train_batch=30/392 running_loss=0.124867
2026-08-18 22:12:58 | INFO | epoch=022 train_batch=40/392 running_loss=0.124278
2026-08-18 22:12:59 | INFO | epoch=022 train_batch=50/392 running_loss=0.123473
2026-08-18 22:12:59 | INFO | epoch=022 train_batch=60/392 running_loss=0.121895
2026-08-18 22:13:00 | INFO | epoch=022 train_batch=70/392 running_loss=0.122424
2026-08-18 22:13:00 | INFO | epoch=022 train_batch=80/392 running_loss=0.122195
2026-08-18 22:13:01 | INFO | epoch=022 train_batch=90/392 running_loss=0.122539
2026-08-18 22:13:01 | INFO | epoch=022 train_batch=100/392 running_loss=0.122874
2026-08-18 22:13:02 | INFO | epoch=022 train_batch=110/392 running_loss=0.122403
2026-08-18 22:13:02 | INFO | epoch=022 train_batch=120/392 running_loss=0.122119
2026-08-18 22:13:03 | INFO | epoch=022 train_batch=130/392 running_loss=0.121447
2026-08-18 22:13:03 | INFO | epoch=022 train_batch=140/392 running_loss=0.120974
2026-08-18 22:13:03 | INFO | epoch=022 train_batch=150/392 running_loss=0.120813
2026-08-18 22:13:04 | INFO | epoch=022 train_batch=160/392 running_loss=0.120765
2026-08-18 22:13:04 | INFO | epoch=022 train_batch=170/392 running_loss=0.120777
2026-08-18 22:13:05 | INFO | epoch=022 train_batch=180/392 running_loss=0.120883
2026-08-18 22:13:05 | INFO | epoch=022 train_batch=190/392 running_loss=0.120659
2026-08-18 22:13:06 | INFO | epoch=022 train_batch=200/392 running_loss=0.120588
2026-08-18 22:13:06 | INFO | epoch=022 train_batch=210/392 running_loss=0.120848
2026-08-18 22:13:07 | INFO | epoch=022 train_batch=220/392 running_loss=0.120903
2026-08-18 22:13:07 | INFO | epoch=022 train_batch=230/392 running_loss=0.120842
2026-08-18 22:13:08 | INFO | epoch=022 train_batch=240/392 running_loss=0.120552
2026-08-18 22:13:08 | INFO | epoch=022 train_batch=250/392 running_loss=0.120477
2026-08-18 22:13:08 | INFO | epoch=022 train_batch=260/392 running_loss=0.120378
2026-08-18 22:13:09 | INFO | epoch=022 train_batch=270/392 running_loss=0.120597
2026-08-18 22:13:09 | INFO | epoch=022 train_batch=280/392 running_loss=0.120432
2026-08-18 22:13:10 | INFO | epoch=022 train_batch=290/392 running_loss=0.120590
2026-08-18 22:13:10 | INFO | epoch=022 train_batch=300/392 running_loss=0.120398
2026-08-18 22:13:11 | INFO | epoch=022 train_batch=310/392 running_loss=0.120102
2026-08-18 22:13:11 | INFO | epoch=022 train_batch=320/392 running_loss=0.119984
2026-08-18 22:13:12 | INFO | epoch=022 train_batch=330/392 running_loss=0.120047
2026-08-18 22:13:12 | INFO | epoch=022 train_batch=340/392 running_loss=0.120039
2026-08-18 22:13:12 | INFO | epoch=022 train_batch=350/392 running_loss=0.119878
2026-08-18 22:13:13 | INFO | epoch=022 train_batch=360/392 running_loss=0.119715
2026-08-18 22:13:13 | INFO | epoch=022 train_batch=370/392 running_loss=0.119778
2026-08-18 22:13:14 | INFO | epoch=022 train_batch=380/392 running_loss=0.119670
2026-08-18 22:13:14 | INFO | epoch=022 train_batch=390/392 running_loss=0.119524
2026-08-18 22:13:14 | INFO | epoch=022 train_batch=392/392 running_loss=0.119450
2026-08-18 22:13:15 | INFO | epoch=022 train_loss=0.119450 validation_loss=0.433268
2026-08-18 22:13:16 | INFO | epoch=022 saved new best.pt
2026-08-18 22:13:16 | INFO | epoch=023 train_batch=10/392 running_loss=0.107827
2026-08-18 22:13:16 | INFO | epoch=023 train_batch=20/392 running_loss=0.116069
2026-08-18 22:13:17 | INFO | epoch=023 train_batch=30/392 running_loss=0.116455
2026-08-18 22:13:17 | INFO | epoch=023 train_batch=40/392 running_loss=0.115722
2026-08-18 22:13:18 | INFO | epoch=023 train_batch=50/392 running_loss=0.116554
2026-08-18 22:13:18 | INFO | epoch=023 train_batch=60/392 running_loss=0.117233
2026-08-18 22:13:19 | INFO | epoch=023 train_batch=70/392 running_loss=0.117225
2026-08-18 22:13:19 | INFO | epoch=023 train_batch=80/392 running_loss=0.116830
2026-08-18 22:13:20 | INFO | epoch=023 train_batch=90/392 running_loss=0.117618
2026-08-18 22:13:20 | INFO | epoch=023 train_batch=100/392 running_loss=0.116932
2026-08-18 22:13:20 | INFO | epoch=023 train_batch=110/392 running_loss=0.116185
2026-08-18 22:13:21 | INFO | epoch=023 train_batch=120/392 running_loss=0.116420
2026-08-18 22:13:21 | INFO | epoch=023 train_batch=130/392 running_loss=0.116845
2026-08-18 22:13:22 | INFO | epoch=023 train_batch=140/392 running_loss=0.116545
2026-08-18 22:13:22 | INFO | epoch=023 train_batch=150/392 running_loss=0.117005
2026-08-18 22:13:23 | INFO | epoch=023 train_batch=160/392 running_loss=0.117074
2026-08-18 22:13:23 | INFO | epoch=023 train_batch=170/392 running_loss=0.117277
2026-08-18 22:13:24 | INFO | epoch=023 train_batch=180/392 running_loss=0.117054
2026-08-18 22:13:24 | INFO | epoch=023 train_batch=190/392 running_loss=0.117183
2026-08-18 22:13:24 | INFO | epoch=023 train_batch=200/392 running_loss=0.117539
2026-08-18 22:13:25 | INFO | epoch=023 train_batch=210/392 running_loss=0.117315
2026-08-18 22:13:25 | INFO | epoch=023 train_batch=220/392 running_loss=0.117556
2026-08-18 22:13:26 | INFO | epoch=023 train_batch=230/392 running_loss=0.117429
2026-08-18 22:13:26 | INFO | epoch=023 train_batch=240/392 running_loss=0.117564
2026-08-18 22:13:27 | INFO | epoch=023 train_batch=250/392 running_loss=0.117595
2026-08-18 22:13:27 | INFO | epoch=023 train_batch=260/392 running_loss=0.117892
2026-08-18 22:13:28 | INFO | epoch=023 train_batch=270/392 running_loss=0.118024
2026-08-18 22:13:28 | INFO | epoch=023 train_batch=280/392 running_loss=0.118343
2026-08-18 22:13:28 | INFO | epoch=023 train_batch=290/392 running_loss=0.118485
2026-08-18 22:13:29 | INFO | epoch=023 train_batch=300/392 running_loss=0.118282
2026-08-18 22:13:29 | INFO | epoch=023 train_batch=310/392 running_loss=0.118450
2026-08-18 22:13:30 | INFO | epoch=023 train_batch=320/392 running_loss=0.118945
2026-08-18 22:13:30 | INFO | epoch=023 train_batch=330/392 running_loss=0.118855
2026-08-18 22:13:31 | INFO | epoch=023 train_batch=340/392 running_loss=0.119091
2026-08-18 22:13:31 | INFO | epoch=023 train_batch=350/392 running_loss=0.118727
2026-08-18 22:13:32 | INFO | epoch=023 train_batch=360/392 running_loss=0.118424
2026-08-18 22:13:32 | INFO | epoch=023 train_batch=370/392 running_loss=0.118302
2026-08-18 22:13:33 | INFO | epoch=023 train_batch=380/392 running_loss=0.118235
2026-08-18 22:13:33 | INFO | epoch=023 train_batch=390/392 running_loss=0.118300
2026-08-18 22:13:33 | INFO | epoch=023 train_batch=392/392 running_loss=0.118335
2026-08-18 22:13:34 | INFO | epoch=023 train_loss=0.118335 validation_loss=0.438183
2026-08-18 22:13:35 | INFO | epoch=024 train_batch=10/392 running_loss=0.122768
2026-08-18 22:13:35 | INFO | epoch=024 train_batch=20/392 running_loss=0.123237
2026-08-18 22:13:36 | INFO | epoch=024 train_batch=30/392 running_loss=0.122291
2026-08-18 22:13:36 | INFO | epoch=024 train_batch=40/392 running_loss=0.118337
2026-08-18 22:13:36 | INFO | epoch=024 train_batch=50/392 running_loss=0.119420
2026-08-18 22:13:37 | INFO | epoch=024 train_batch=60/392 running_loss=0.119283
2026-08-18 22:13:37 | INFO | epoch=024 train_batch=70/392 running_loss=0.119058
2026-08-18 22:13:38 | INFO | epoch=024 train_batch=80/392 running_loss=0.118924
2026-08-18 22:13:38 | INFO | epoch=024 train_batch=90/392 running_loss=0.118448
2026-08-18 22:13:39 | INFO | epoch=024 train_batch=100/392 running_loss=0.117909
2026-08-18 22:13:39 | INFO | epoch=024 train_batch=110/392 running_loss=0.117520
2026-08-18 22:13:40 | INFO | epoch=024 train_batch=120/392 running_loss=0.116806
2026-08-18 22:13:40 | INFO | epoch=024 train_batch=130/392 running_loss=0.117006
2026-08-18 22:13:40 | INFO | epoch=024 train_batch=140/392 running_loss=0.116742
2026-08-18 22:13:41 | INFO | epoch=024 train_batch=150/392 running_loss=0.117155
2026-08-18 22:13:41 | INFO | epoch=024 train_batch=160/392 running_loss=0.116714
2026-08-18 22:13:42 | INFO | epoch=024 train_batch=170/392 running_loss=0.116797
2026-08-18 22:13:42 | INFO | epoch=024 train_batch=180/392 running_loss=0.117075
2026-08-18 22:13:43 | INFO | epoch=024 train_batch=190/392 running_loss=0.117101
2026-08-18 22:13:43 | INFO | epoch=024 train_batch=200/392 running_loss=0.116501
2026-08-18 22:13:44 | INFO | epoch=024 train_batch=210/392 running_loss=0.116386
2026-08-18 22:13:44 | INFO | epoch=024 train_batch=220/392 running_loss=0.116093
2026-08-18 22:13:45 | INFO | epoch=024 train_batch=230/392 running_loss=0.116325
2026-08-18 22:13:45 | INFO | epoch=024 train_batch=240/392 running_loss=0.115765
2026-08-18 22:13:45 | INFO | epoch=024 train_batch=250/392 running_loss=0.115728
2026-08-18 22:13:46 | INFO | epoch=024 train_batch=260/392 running_loss=0.115730
2026-08-18 22:13:46 | INFO | epoch=024 train_batch=270/392 running_loss=0.115423
2026-08-18 22:13:47 | INFO | epoch=024 train_batch=280/392 running_loss=0.115626
2026-08-18 22:13:47 | INFO | epoch=024 train_batch=290/392 running_loss=0.115897
2026-08-18 22:13:48 | INFO | epoch=024 train_batch=300/392 running_loss=0.116026
2026-08-18 22:13:48 | INFO | epoch=024 train_batch=310/392 running_loss=0.116167
2026-08-18 22:13:49 | INFO | epoch=024 train_batch=320/392 running_loss=0.116131
2026-08-18 22:13:49 | INFO | epoch=024 train_batch=330/392 running_loss=0.116237
2026-08-18 22:13:50 | INFO | epoch=024 train_batch=340/392 running_loss=0.116204
2026-08-18 22:13:50 | INFO | epoch=024 train_batch=350/392 running_loss=0.116173
2026-08-18 22:13:50 | INFO | epoch=024 train_batch=360/392 running_loss=0.116471
2026-08-18 22:13:51 | INFO | epoch=024 train_batch=370/392 running_loss=0.116682
2026-08-18 22:13:51 | INFO | epoch=024 train_batch=380/392 running_loss=0.116475
2026-08-18 22:13:52 | INFO | epoch=024 train_batch=390/392 running_loss=0.116413
2026-08-18 22:13:52 | INFO | epoch=024 train_batch=392/392 running_loss=0.116358
2026-08-18 22:13:53 | INFO | epoch=024 train_loss=0.116358 validation_loss=0.450304
2026-08-18 22:13:53 | INFO | epoch=025 train_batch=10/392 running_loss=0.125527
2026-08-18 22:13:54 | INFO | epoch=025 train_batch=20/392 running_loss=0.119810
2026-08-18 22:13:54 | INFO | epoch=025 train_batch=30/392 running_loss=0.119062
2026-08-18 22:13:55 | INFO | epoch=025 train_batch=40/392 running_loss=0.121224
2026-08-18 22:13:55 | INFO | epoch=025 train_batch=50/392 running_loss=0.120957
2026-08-18 22:13:56 | INFO | epoch=025 train_batch=60/392 running_loss=0.120143
2026-08-18 22:13:56 | INFO | epoch=025 train_batch=70/392 running_loss=0.119409
2026-08-18 22:13:57 | INFO | epoch=025 train_batch=80/392 running_loss=0.120104
2026-08-18 22:13:57 | INFO | epoch=025 train_batch=90/392 running_loss=0.119211
2026-08-18 22:13:58 | INFO | epoch=025 train_batch=100/392 running_loss=0.119648
2026-08-18 22:13:58 | INFO | epoch=025 train_batch=110/392 running_loss=0.119770
2026-08-18 22:13:58 | INFO | epoch=025 train_batch=120/392 running_loss=0.119675
2026-08-18 22:13:59 | INFO | epoch=025 train_batch=130/392 running_loss=0.120063
2026-08-18 22:13:59 | INFO | epoch=025 train_batch=140/392 running_loss=0.119947
2026-08-18 22:14:00 | INFO | epoch=025 train_batch=150/392 running_loss=0.120352
2026-08-18 22:14:00 | INFO | epoch=025 train_batch=160/392 running_loss=0.120226
2026-08-18 22:14:01 | INFO | epoch=025 train_batch=170/392 running_loss=0.120118
2026-08-18 22:14:01 | INFO | epoch=025 train_batch=180/392 running_loss=0.119878
2026-08-18 22:14:02 | INFO | epoch=025 train_batch=190/392 running_loss=0.119689
2026-08-18 22:14:02 | INFO | epoch=025 train_batch=200/392 running_loss=0.119356
2026-08-18 22:14:02 | INFO | epoch=025 train_batch=210/392 running_loss=0.119283
2026-08-18 22:14:03 | INFO | epoch=025 train_batch=220/392 running_loss=0.119077
2026-08-18 22:14:03 | INFO | epoch=025 train_batch=230/392 running_loss=0.118740
2026-08-18 22:14:04 | INFO | epoch=025 train_batch=240/392 running_loss=0.118845
2026-08-18 22:14:04 | INFO | epoch=025 train_batch=250/392 running_loss=0.118718
2026-08-18 22:14:05 | INFO | epoch=025 train_batch=260/392 running_loss=0.118612
2026-08-18 22:14:05 | INFO | epoch=025 train_batch=270/392 running_loss=0.118520
2026-08-18 22:14:06 | INFO | epoch=025 train_batch=280/392 running_loss=0.118504
2026-08-18 22:14:06 | INFO | epoch=025 train_batch=290/392 running_loss=0.118477
2026-08-18 22:14:07 | INFO | epoch=025 train_batch=300/392 running_loss=0.118356
2026-08-18 22:14:07 | INFO | epoch=025 train_batch=310/392 running_loss=0.117936
2026-08-18 22:14:07 | INFO | epoch=025 train_batch=320/392 running_loss=0.117991
2026-08-18 22:14:08 | INFO | epoch=025 train_batch=330/392 running_loss=0.117925
2026-08-18 22:14:08 | INFO | epoch=025 train_batch=340/392 running_loss=0.117769
2026-08-18 22:14:09 | INFO | epoch=025 train_batch=350/392 running_loss=0.117771
2026-08-18 22:14:09 | INFO | epoch=025 train_batch=360/392 running_loss=0.117925
2026-08-18 22:14:10 | INFO | epoch=025 train_batch=370/392 running_loss=0.117870
2026-08-18 22:14:10 | INFO | epoch=025 train_batch=380/392 running_loss=0.117621
2026-08-18 22:14:11 | INFO | epoch=025 train_batch=390/392 running_loss=0.117442
2026-08-18 22:14:11 | INFO | epoch=025 train_batch=392/392 running_loss=0.117501
2026-08-18 22:14:12 | INFO | epoch=025 train_loss=0.117501 validation_loss=0.433955
2026-08-18 22:14:12 | INFO | epoch=026 train_batch=10/392 running_loss=0.105296
2026-08-18 22:14:13 | INFO | epoch=026 train_batch=20/392 running_loss=0.111759
2026-08-18 22:14:13 | INFO | epoch=026 train_batch=30/392 running_loss=0.113084
2026-08-18 22:14:14 | INFO | epoch=026 train_batch=40/392 running_loss=0.111076
2026-08-18 22:14:14 | INFO | epoch=026 train_batch=50/392 running_loss=0.111245
2026-08-18 22:14:15 | INFO | epoch=026 train_batch=60/392 running_loss=0.111361
2026-08-18 22:14:15 | INFO | epoch=026 train_batch=70/392 running_loss=0.111355
2026-08-18 22:14:16 | INFO | epoch=026 train_batch=80/392 running_loss=0.110899
2026-08-18 22:14:16 | INFO | epoch=026 train_batch=90/392 running_loss=0.111289
2026-08-18 22:14:16 | INFO | epoch=026 train_batch=100/392 running_loss=0.111223
2026-08-18 22:14:17 | INFO | epoch=026 train_batch=110/392 running_loss=0.111177
2026-08-18 22:14:17 | INFO | epoch=026 train_batch=120/392 running_loss=0.111318
2026-08-18 22:14:18 | INFO | epoch=026 train_batch=130/392 running_loss=0.111446
2026-08-18 22:14:18 | INFO | epoch=026 train_batch=140/392 running_loss=0.111618
2026-08-18 22:14:19 | INFO | epoch=026 train_batch=150/392 running_loss=0.111293
2026-08-18 22:14:19 | INFO | epoch=026 train_batch=160/392 running_loss=0.111042
2026-08-18 22:14:20 | INFO | epoch=026 train_batch=170/392 running_loss=0.111293
2026-08-18 22:14:20 | INFO | epoch=026 train_batch=180/392 running_loss=0.111119
2026-08-18 22:14:21 | INFO | epoch=026 train_batch=190/392 running_loss=0.111675
2026-08-18 22:14:21 | INFO | epoch=026 train_batch=200/392 running_loss=0.111922
2026-08-18 22:14:21 | INFO | epoch=026 train_batch=210/392 running_loss=0.112169
2026-08-18 22:14:22 | INFO | epoch=026 train_batch=220/392 running_loss=0.112814
2026-08-18 22:14:22 | INFO | epoch=026 train_batch=230/392 running_loss=0.113094
2026-08-18 22:14:23 | INFO | epoch=026 train_batch=240/392 running_loss=0.113127
2026-08-18 22:14:23 | INFO | epoch=026 train_batch=250/392 running_loss=0.113356
2026-08-18 22:14:24 | INFO | epoch=026 train_batch=260/392 running_loss=0.113614
2026-08-18 22:14:24 | INFO | epoch=026 train_batch=270/392 running_loss=0.113556
2026-08-18 22:14:25 | INFO | epoch=026 train_batch=280/392 running_loss=0.113943
2026-08-18 22:14:25 | INFO | epoch=026 train_batch=290/392 running_loss=0.113799
2026-08-18 22:14:26 | INFO | epoch=026 train_batch=300/392 running_loss=0.114145
2026-08-18 22:14:26 | INFO | epoch=026 train_batch=310/392 running_loss=0.114213
2026-08-18 22:14:26 | INFO | epoch=026 train_batch=320/392 running_loss=0.114378
2026-08-18 22:14:27 | INFO | epoch=026 train_batch=330/392 running_loss=0.114462
2026-08-18 22:14:27 | INFO | epoch=026 train_batch=340/392 running_loss=0.114474
2026-08-18 22:14:28 | INFO | epoch=026 train_batch=350/392 running_loss=0.114401
2026-08-18 22:14:28 | INFO | epoch=026 train_batch=360/392 running_loss=0.114664
2026-08-18 22:14:29 | INFO | epoch=026 train_batch=370/392 running_loss=0.114687
2026-08-18 22:14:29 | INFO | epoch=026 train_batch=380/392 running_loss=0.114676
2026-08-18 22:14:30 | INFO | epoch=026 train_batch=390/392 running_loss=0.114680
2026-08-18 22:14:30 | INFO | epoch=026 train_batch=392/392 running_loss=0.114671
2026-08-18 22:14:31 | INFO | epoch=026 train_loss=0.114671 validation_loss=0.428281
2026-08-18 22:14:31 | INFO | epoch=026 saved new best.pt
2026-08-18 22:14:31 | INFO | epoch=027 train_batch=10/392 running_loss=0.111129
2026-08-18 22:14:32 | INFO | epoch=027 train_batch=20/392 running_loss=0.109632
2026-08-18 22:14:32 | INFO | epoch=027 train_batch=30/392 running_loss=0.111252
2026-08-18 22:14:33 | INFO | epoch=027 train_batch=40/392 running_loss=0.111395
2026-08-18 22:14:33 | INFO | epoch=027 train_batch=50/392 running_loss=0.111122
2026-08-18 22:14:34 | INFO | epoch=027 train_batch=60/392 running_loss=0.111714
2026-08-18 22:14:34 | INFO | epoch=027 train_batch=70/392 running_loss=0.111933
2026-08-18 22:14:34 | INFO | epoch=027 train_batch=80/392 running_loss=0.112033
2026-08-18 22:14:35 | INFO | epoch=027 train_batch=90/392 running_loss=0.111412
2026-08-18 22:14:35 | INFO | epoch=027 train_batch=100/392 running_loss=0.111874
2026-08-18 22:14:36 | INFO | epoch=027 train_batch=110/392 running_loss=0.111437
2026-08-18 22:14:36 | INFO | epoch=027 train_batch=120/392 running_loss=0.111740
2026-08-18 22:14:37 | INFO | epoch=027 train_batch=130/392 running_loss=0.112234
2026-08-18 22:14:37 | INFO | epoch=027 train_batch=140/392 running_loss=0.112230
2026-08-18 22:14:38 | INFO | epoch=027 train_batch=150/392 running_loss=0.112367
2026-08-18 22:14:38 | INFO | epoch=027 train_batch=160/392 running_loss=0.111956
2026-08-18 22:14:39 | INFO | epoch=027 train_batch=170/392 running_loss=0.112058
2026-08-18 22:14:39 | INFO | epoch=027 train_batch=180/392 running_loss=0.111935
2026-08-18 22:14:39 | INFO | epoch=027 train_batch=190/392 running_loss=0.111735
2026-08-18 22:14:40 | INFO | epoch=027 train_batch=200/392 running_loss=0.111993
2026-08-18 22:14:40 | INFO | epoch=027 train_batch=210/392 running_loss=0.112467
2026-08-18 22:14:41 | INFO | epoch=027 train_batch=220/392 running_loss=0.112552
2026-08-18 22:14:41 | INFO | epoch=027 train_batch=230/392 running_loss=0.112532
2026-08-18 22:14:42 | INFO | epoch=027 train_batch=240/392 running_loss=0.112227
2026-08-18 22:14:42 | INFO | epoch=027 train_batch=250/392 running_loss=0.112373
2026-08-18 22:14:43 | INFO | epoch=027 train_batch=260/392 running_loss=0.112382
2026-08-18 22:14:43 | INFO | epoch=027 train_batch=270/392 running_loss=0.112612
2026-08-18 22:14:44 | INFO | epoch=027 train_batch=280/392 running_loss=0.112757
2026-08-18 22:14:44 | INFO | epoch=027 train_batch=290/392 running_loss=0.113093
2026-08-18 22:14:44 | INFO | epoch=027 train_batch=300/392 running_loss=0.113173
2026-08-18 22:14:45 | INFO | epoch=027 train_batch=310/392 running_loss=0.113339
2026-08-18 22:14:45 | INFO | epoch=027 train_batch=320/392 running_loss=0.113399
2026-08-18 22:14:46 | INFO | epoch=027 train_batch=330/392 running_loss=0.113707
2026-08-18 22:14:46 | INFO | epoch=027 train_batch=340/392 running_loss=0.113704
2026-08-18 22:14:47 | INFO | epoch=027 train_batch=350/392 running_loss=0.113598
2026-08-18 22:14:47 | INFO | epoch=027 train_batch=360/392 running_loss=0.113689
2026-08-18 22:14:48 | INFO | epoch=027 train_batch=370/392 running_loss=0.113654
2026-08-18 22:14:48 | INFO | epoch=027 train_batch=380/392 running_loss=0.113839
2026-08-18 22:14:49 | INFO | epoch=027 train_batch=390/392 running_loss=0.113881
2026-08-18 22:14:49 | INFO | epoch=027 train_batch=392/392 running_loss=0.113904
2026-08-18 22:14:50 | INFO | epoch=027 train_loss=0.113904 validation_loss=0.429823
2026-08-18 22:14:50 | INFO | epoch=028 train_batch=10/392 running_loss=0.116784
2026-08-18 22:14:51 | INFO | epoch=028 train_batch=20/392 running_loss=0.116949
2026-08-18 22:14:51 | INFO | epoch=028 train_batch=30/392 running_loss=0.114954
2026-08-18 22:14:52 | INFO | epoch=028 train_batch=40/392 running_loss=0.114818
2026-08-18 22:14:52 | INFO | epoch=028 train_batch=50/392 running_loss=0.115049
2026-08-18 22:14:53 | INFO | epoch=028 train_batch=60/392 running_loss=0.115222
2026-08-18 22:14:53 | INFO | epoch=028 train_batch=70/392 running_loss=0.114659
2026-08-18 22:14:53 | INFO | epoch=028 train_batch=80/392 running_loss=0.114479
2026-08-18 22:14:54 | INFO | epoch=028 train_batch=90/392 running_loss=0.114150
2026-08-18 22:14:54 | INFO | epoch=028 train_batch=100/392 running_loss=0.114361
2026-08-18 22:14:55 | INFO | epoch=028 train_batch=110/392 running_loss=0.114087
2026-08-18 22:14:55 | INFO | epoch=028 train_batch=120/392 running_loss=0.113325
2026-08-18 22:14:56 | INFO | epoch=028 train_batch=130/392 running_loss=0.113162
2026-08-18 22:14:56 | INFO | epoch=028 train_batch=140/392 running_loss=0.112906
2026-08-18 22:14:57 | INFO | epoch=028 train_batch=150/392 running_loss=0.112905
2026-08-18 22:14:57 | INFO | epoch=028 train_batch=160/392 running_loss=0.112770
2026-08-18 22:14:58 | INFO | epoch=028 train_batch=170/392 running_loss=0.112902
2026-08-18 22:14:58 | INFO | epoch=028 train_batch=180/392 running_loss=0.112606
2026-08-18 22:14:58 | INFO | epoch=028 train_batch=190/392 running_loss=0.112966
2026-08-18 22:14:59 | INFO | epoch=028 train_batch=200/392 running_loss=0.112484
2026-08-18 22:14:59 | INFO | epoch=028 train_batch=210/392 running_loss=0.112202
2026-08-18 22:15:00 | INFO | epoch=028 train_batch=220/392 running_loss=0.112281
2026-08-18 22:15:00 | INFO | epoch=028 train_batch=230/392 running_loss=0.112045
2026-08-18 22:15:01 | INFO | epoch=028 train_batch=240/392 running_loss=0.112027
2026-08-18 22:15:01 | INFO | epoch=028 train_batch=250/392 running_loss=0.111736
2026-08-18 22:15:02 | INFO | epoch=028 train_batch=260/392 running_loss=0.111657
2026-08-18 22:15:02 | INFO | epoch=028 train_batch=270/392 running_loss=0.111919
2026-08-18 22:15:03 | INFO | epoch=028 train_batch=280/392 running_loss=0.111464
2026-08-18 22:15:03 | INFO | epoch=028 train_batch=290/392 running_loss=0.111455
2026-08-18 22:15:03 | INFO | epoch=028 train_batch=300/392 running_loss=0.111487
2026-08-18 22:15:04 | INFO | epoch=028 train_batch=310/392 running_loss=0.111636
2026-08-18 22:15:04 | INFO | epoch=028 train_batch=320/392 running_loss=0.111886
2026-08-18 22:15:05 | INFO | epoch=028 train_batch=330/392 running_loss=0.111924
2026-08-18 22:15:05 | INFO | epoch=028 train_batch=340/392 running_loss=0.112237
2026-08-18 22:15:06 | INFO | epoch=028 train_batch=350/392 running_loss=0.112165
2026-08-18 22:15:06 | INFO | epoch=028 train_batch=360/392 running_loss=0.112372
2026-08-18 22:15:07 | INFO | epoch=028 train_batch=370/392 running_loss=0.112402
2026-08-18 22:15:07 | INFO | epoch=028 train_batch=380/392 running_loss=0.112574
2026-08-18 22:15:08 | INFO | epoch=028 train_batch=390/392 running_loss=0.112677
2026-08-18 22:15:08 | INFO | epoch=028 train_batch=392/392 running_loss=0.112638
2026-08-18 22:15:09 | INFO | epoch=028 train_loss=0.112638 validation_loss=0.431924
2026-08-18 22:15:09 | INFO | epoch=029 train_batch=10/392 running_loss=0.107141
2026-08-18 22:15:10 | INFO | epoch=029 train_batch=20/392 running_loss=0.104599
2026-08-18 22:15:10 | INFO | epoch=029 train_batch=30/392 running_loss=0.106215
2026-08-18 22:15:11 | INFO | epoch=029 train_batch=40/392 running_loss=0.108241
2026-08-18 22:15:11 | INFO | epoch=029 train_batch=50/392 running_loss=0.111114
2026-08-18 22:15:12 | INFO | epoch=029 train_batch=60/392 running_loss=0.112280
2026-08-18 22:15:12 | INFO | epoch=029 train_batch=70/392 running_loss=0.112074
2026-08-18 22:15:12 | INFO | epoch=029 train_batch=80/392 running_loss=0.112181
2026-08-18 22:15:13 | INFO | epoch=029 train_batch=90/392 running_loss=0.112869
2026-08-18 22:15:13 | INFO | epoch=029 train_batch=100/392 running_loss=0.112753
2026-08-18 22:15:14 | INFO | epoch=029 train_batch=110/392 running_loss=0.112788
2026-08-18 22:15:14 | INFO | epoch=029 train_batch=120/392 running_loss=0.112458
2026-08-18 22:15:15 | INFO | epoch=029 train_batch=130/392 running_loss=0.112498
2026-08-18 22:15:15 | INFO | epoch=029 train_batch=140/392 running_loss=0.112358
2026-08-18 22:15:16 | INFO | epoch=029 train_batch=150/392 running_loss=0.112168
2026-08-18 22:15:16 | INFO | epoch=029 train_batch=160/392 running_loss=0.111807
2026-08-18 22:15:17 | INFO | epoch=029 train_batch=170/392 running_loss=0.111691
2026-08-18 22:15:17 | INFO | epoch=029 train_batch=180/392 running_loss=0.111641
2026-08-18 22:15:17 | INFO | epoch=029 train_batch=190/392 running_loss=0.111155
2026-08-18 22:15:18 | INFO | epoch=029 train_batch=200/392 running_loss=0.111149
2026-08-18 22:15:18 | INFO | epoch=029 train_batch=210/392 running_loss=0.110679
2026-08-18 22:15:19 | INFO | epoch=029 train_batch=220/392 running_loss=0.110540
2026-08-18 22:15:19 | INFO | epoch=029 train_batch=230/392 running_loss=0.110375
2026-08-18 22:15:20 | INFO | epoch=029 train_batch=240/392 running_loss=0.110800
2026-08-18 22:15:20 | INFO | epoch=029 train_batch=250/392 running_loss=0.111212
2026-08-18 22:15:21 | INFO | epoch=029 train_batch=260/392 running_loss=0.111327
2026-08-18 22:15:21 | INFO | epoch=029 train_batch=270/392 running_loss=0.111821
2026-08-18 22:15:22 | INFO | epoch=029 train_batch=280/392 running_loss=0.111893
2026-08-18 22:15:22 | INFO | epoch=029 train_batch=290/392 running_loss=0.112460
2026-08-18 22:15:22 | INFO | epoch=029 train_batch=300/392 running_loss=0.112462
2026-08-18 22:15:23 | INFO | epoch=029 train_batch=310/392 running_loss=0.112623
2026-08-18 22:15:23 | INFO | epoch=029 train_batch=320/392 running_loss=0.112723
2026-08-18 22:15:24 | INFO | epoch=029 train_batch=330/392 running_loss=0.112894
2026-08-18 22:15:24 | INFO | epoch=029 train_batch=340/392 running_loss=0.112982
2026-08-18 22:15:25 | INFO | epoch=029 train_batch=350/392 running_loss=0.112703
2026-08-18 22:15:25 | INFO | epoch=029 train_batch=360/392 running_loss=0.112647
2026-08-18 22:15:26 | INFO | epoch=029 train_batch=370/392 running_loss=0.112673
2026-08-18 22:15:26 | INFO | epoch=029 train_batch=380/392 running_loss=0.112753
2026-08-18 22:15:27 | INFO | epoch=029 train_batch=390/392 running_loss=0.112848
2026-08-18 22:15:27 | INFO | epoch=029 train_batch=392/392 running_loss=0.112873
2026-08-18 22:15:28 | INFO | epoch=029 train_loss=0.112873 validation_loss=0.430666
2026-08-18 22:15:28 | INFO | epoch=030 train_batch=10/392 running_loss=0.113463
2026-08-18 22:15:29 | INFO | epoch=030 train_batch=20/392 running_loss=0.113993
2026-08-18 22:15:29 | INFO | epoch=030 train_batch=30/392 running_loss=0.114820
2026-08-18 22:15:30 | INFO | epoch=030 train_batch=40/392 running_loss=0.115729
2026-08-18 22:15:30 | INFO | epoch=030 train_batch=50/392 running_loss=0.113893
2026-08-18 22:15:31 | INFO | epoch=030 train_batch=60/392 running_loss=0.114642
2026-08-18 22:15:31 | INFO | epoch=030 train_batch=70/392 running_loss=0.113548
2026-08-18 22:15:31 | INFO | epoch=030 train_batch=80/392 running_loss=0.112702
2026-08-18 22:15:32 | INFO | epoch=030 train_batch=90/392 running_loss=0.112192
2026-08-18 22:15:32 | INFO | epoch=030 train_batch=100/392 running_loss=0.111780
2026-08-18 22:15:33 | INFO | epoch=030 train_batch=110/392 running_loss=0.112563
2026-08-18 22:15:33 | INFO | epoch=030 train_batch=120/392 running_loss=0.112298
2026-08-18 22:15:34 | INFO | epoch=030 train_batch=130/392 running_loss=0.111975
2026-08-18 22:15:34 | INFO | epoch=030 train_batch=140/392 running_loss=0.112092
2026-08-18 22:15:35 | INFO | epoch=030 train_batch=150/392 running_loss=0.112099
2026-08-18 22:15:35 | INFO | epoch=030 train_batch=160/392 running_loss=0.111916
2026-08-18 22:15:36 | INFO | epoch=030 train_batch=170/392 running_loss=0.111865
2026-08-18 22:15:36 | INFO | epoch=030 train_batch=180/392 running_loss=0.112225
2026-08-18 22:15:36 | INFO | epoch=030 train_batch=190/392 running_loss=0.111982
2026-08-18 22:15:37 | INFO | epoch=030 train_batch=200/392 running_loss=0.112261
2026-08-18 22:15:37 | INFO | epoch=030 train_batch=210/392 running_loss=0.112011
2026-08-18 22:15:38 | INFO | epoch=030 train_batch=220/392 running_loss=0.111895
2026-08-18 22:15:38 | INFO | epoch=030 train_batch=230/392 running_loss=0.111651
2026-08-18 22:15:39 | INFO | epoch=030 train_batch=240/392 running_loss=0.111149
2026-08-18 22:15:39 | INFO | epoch=030 train_batch=250/392 running_loss=0.111005
2026-08-18 22:15:40 | INFO | epoch=030 train_batch=260/392 running_loss=0.110840
2026-08-18 22:15:40 | INFO | epoch=030 train_batch=270/392 running_loss=0.110693
2026-08-18 22:15:40 | INFO | epoch=030 train_batch=280/392 running_loss=0.110781
2026-08-18 22:15:41 | INFO | epoch=030 train_batch=290/392 running_loss=0.110946
2026-08-18 22:15:41 | INFO | epoch=030 train_batch=300/392 running_loss=0.110783
2026-08-18 22:15:42 | INFO | epoch=030 train_batch=310/392 running_loss=0.110794
2026-08-18 22:15:42 | INFO | epoch=030 train_batch=320/392 running_loss=0.110542
2026-08-18 22:15:43 | INFO | epoch=030 train_batch=330/392 running_loss=0.110560
2026-08-18 22:15:43 | INFO | epoch=030 train_batch=340/392 running_loss=0.110652
2026-08-18 22:15:44 | INFO | epoch=030 train_batch=350/392 running_loss=0.110578
2026-08-18 22:15:44 | INFO | epoch=030 train_batch=360/392 running_loss=0.110502
2026-08-18 22:15:45 | INFO | epoch=030 train_batch=370/392 running_loss=0.110359
2026-08-18 22:15:45 | INFO | epoch=030 train_batch=380/392 running_loss=0.110309
2026-08-18 22:15:45 | INFO | epoch=030 train_batch=390/392 running_loss=0.110274
2026-08-18 22:15:46 | INFO | epoch=030 train_batch=392/392 running_loss=0.110259
2026-08-18 22:15:47 | INFO | epoch=030 train_loss=0.110259 validation_loss=0.432958
2026-08-18 22:15:47 | INFO | epoch=031 train_batch=10/392 running_loss=0.112643
2026-08-18 22:15:48 | INFO | epoch=031 train_batch=20/392 running_loss=0.110335
2026-08-18 22:15:48 | INFO | epoch=031 train_batch=30/392 running_loss=0.111059
2026-08-18 22:15:49 | INFO | epoch=031 train_batch=40/392 running_loss=0.109452
2026-08-18 22:15:49 | INFO | epoch=031 train_batch=50/392 running_loss=0.109628
2026-08-18 22:15:49 | INFO | epoch=031 train_batch=60/392 running_loss=0.109296
2026-08-18 22:15:50 | INFO | epoch=031 train_batch=70/392 running_loss=0.109005
2026-08-18 22:15:50 | INFO | epoch=031 train_batch=80/392 running_loss=0.108594
2026-08-18 22:15:51 | INFO | epoch=031 train_batch=90/392 running_loss=0.108537
2026-08-18 22:15:51 | INFO | epoch=031 train_batch=100/392 running_loss=0.108789
2026-08-18 22:15:52 | INFO | epoch=031 train_batch=110/392 running_loss=0.108384
2026-08-18 22:15:52 | INFO | epoch=031 train_batch=120/392 running_loss=0.107813
2026-08-18 22:15:53 | INFO | epoch=031 train_batch=130/392 running_loss=0.108175
2026-08-18 22:15:53 | INFO | epoch=031 train_batch=140/392 running_loss=0.108245
2026-08-18 22:15:54 | INFO | epoch=031 train_batch=150/392 running_loss=0.108209
2026-08-18 22:15:54 | INFO | epoch=031 train_batch=160/392 running_loss=0.107714
2026-08-18 22:15:54 | INFO | epoch=031 train_batch=170/392 running_loss=0.107853
2026-08-18 22:15:55 | INFO | epoch=031 train_batch=180/392 running_loss=0.108019
2026-08-18 22:15:55 | INFO | epoch=031 train_batch=190/392 running_loss=0.108231
2026-08-18 22:15:56 | INFO | epoch=031 train_batch=200/392 running_loss=0.108254
2026-08-18 22:15:56 | INFO | epoch=031 train_batch=210/392 running_loss=0.108493
2026-08-18 22:15:57 | INFO | epoch=031 train_batch=220/392 running_loss=0.108521
2026-08-18 22:15:57 | INFO | epoch=031 train_batch=230/392 running_loss=0.108573
2026-08-18 22:15:58 | INFO | epoch=031 train_batch=240/392 running_loss=0.108233
2026-08-18 22:15:58 | INFO | epoch=031 train_batch=250/392 running_loss=0.108394
2026-08-18 22:15:58 | INFO | epoch=031 train_batch=260/392 running_loss=0.108648
2026-08-18 22:15:59 | INFO | epoch=031 train_batch=270/392 running_loss=0.108960
2026-08-18 22:15:59 | INFO | epoch=031 train_batch=280/392 running_loss=0.109113
2026-08-18 22:16:00 | INFO | epoch=031 train_batch=290/392 running_loss=0.109311
2026-08-18 22:16:00 | INFO | epoch=031 train_batch=300/392 running_loss=0.109622
2026-08-18 22:16:01 | INFO | epoch=031 train_batch=310/392 running_loss=0.109526
2026-08-18 22:16:01 | INFO | epoch=031 train_batch=320/392 running_loss=0.109753
2026-08-18 22:16:02 | INFO | epoch=031 train_batch=330/392 running_loss=0.109824
2026-08-18 22:16:02 | INFO | epoch=031 train_batch=340/392 running_loss=0.109883
2026-08-18 22:16:03 | INFO | epoch=031 train_batch=350/392 running_loss=0.109960
2026-08-18 22:16:03 | INFO | epoch=031 train_batch=360/392 running_loss=0.109989
2026-08-18 22:16:04 | INFO | epoch=031 train_batch=370/392 running_loss=0.109838
2026-08-18 22:16:04 | INFO | epoch=031 train_batch=380/392 running_loss=0.109978
2026-08-18 22:16:04 | INFO | epoch=031 train_batch=390/392 running_loss=0.109758
2026-08-18 22:16:05 | INFO | epoch=031 train_batch=392/392 running_loss=0.109860
2026-08-18 22:16:06 | INFO | epoch=031 train_loss=0.109860 validation_loss=0.423808
2026-08-18 22:16:06 | INFO | epoch=031 saved new best.pt
2026-08-18 22:16:06 | INFO | epoch=032 train_batch=10/392 running_loss=0.113199
2026-08-18 22:16:07 | INFO | epoch=032 train_batch=20/392 running_loss=0.113037
2026-08-18 22:16:07 | INFO | epoch=032 train_batch=30/392 running_loss=0.110961
2026-08-18 22:16:08 | INFO | epoch=032 train_batch=40/392 running_loss=0.109861
2026-08-18 22:16:08 | INFO | epoch=032 train_batch=50/392 running_loss=0.110812
2026-08-18 22:16:09 | INFO | epoch=032 train_batch=60/392 running_loss=0.110604
2026-08-18 22:16:09 | INFO | epoch=032 train_batch=70/392 running_loss=0.111289
2026-08-18 22:16:09 | INFO | epoch=032 train_batch=80/392 running_loss=0.110510
2026-08-18 22:16:10 | INFO | epoch=032 train_batch=90/392 running_loss=0.111126
2026-08-18 22:16:10 | INFO | epoch=032 train_batch=100/392 running_loss=0.110807
2026-08-18 22:16:11 | INFO | epoch=032 train_batch=110/392 running_loss=0.110716
2026-08-18 22:16:11 | INFO | epoch=032 train_batch=120/392 running_loss=0.111971
2026-08-18 22:16:12 | INFO | epoch=032 train_batch=130/392 running_loss=0.112401
2026-08-18 22:16:12 | INFO | epoch=032 train_batch=140/392 running_loss=0.112191
2026-08-18 22:16:13 | INFO | epoch=032 train_batch=150/392 running_loss=0.111838
2026-08-18 22:16:13 | INFO | epoch=032 train_batch=160/392 running_loss=0.111839
2026-08-18 22:16:13 | INFO | epoch=032 train_batch=170/392 running_loss=0.111624
2026-08-18 22:16:14 | INFO | epoch=032 train_batch=180/392 running_loss=0.111831
2026-08-18 22:16:14 | INFO | epoch=032 train_batch=190/392 running_loss=0.111534
2026-08-18 22:16:15 | INFO | epoch=032 train_batch=200/392 running_loss=0.111347
2026-08-18 22:16:15 | INFO | epoch=032 train_batch=210/392 running_loss=0.110980
2026-08-18 22:16:16 | INFO | epoch=032 train_batch=220/392 running_loss=0.111504
2026-08-18 22:16:16 | INFO | epoch=032 train_batch=230/392 running_loss=0.111311
2026-08-18 22:16:17 | INFO | epoch=032 train_batch=240/392 running_loss=0.111453
2026-08-18 22:16:17 | INFO | epoch=032 train_batch=250/392 running_loss=0.111122
2026-08-18 22:16:18 | INFO | epoch=032 train_batch=260/392 running_loss=0.111108
2026-08-18 22:16:18 | INFO | epoch=032 train_batch=270/392 running_loss=0.110830
2026-08-18 22:16:18 | INFO | epoch=032 train_batch=280/392 running_loss=0.110508
2026-08-18 22:16:19 | INFO | epoch=032 train_batch=290/392 running_loss=0.110383
2026-08-18 22:16:19 | INFO | epoch=032 train_batch=300/392 running_loss=0.110470
2026-08-18 22:16:20 | INFO | epoch=032 train_batch=310/392 running_loss=0.110381
2026-08-18 22:16:20 | INFO | epoch=032 train_batch=320/392 running_loss=0.110491
2026-08-18 22:16:21 | INFO | epoch=032 train_batch=330/392 running_loss=0.110519
2026-08-18 22:16:21 | INFO | epoch=032 train_batch=340/392 running_loss=0.110802
2026-08-18 22:16:22 | INFO | epoch=032 train_batch=350/392 running_loss=0.110966
2026-08-18 22:16:22 | INFO | epoch=032 train_batch=360/392 running_loss=0.110712
2026-08-18 22:16:23 | INFO | epoch=032 train_batch=370/392 running_loss=0.110348
2026-08-18 22:16:23 | INFO | epoch=032 train_batch=380/392 running_loss=0.110313
2026-08-18 22:16:23 | INFO | epoch=032 train_batch=390/392 running_loss=0.110305
2026-08-18 22:16:24 | INFO | epoch=032 train_batch=392/392 running_loss=0.110341
2026-08-18 22:16:25 | INFO | epoch=032 train_loss=0.110341 validation_loss=0.423766
2026-08-18 22:16:25 | INFO | epoch=032 saved new best.pt
2026-08-18 22:16:25 | INFO | epoch=033 train_batch=10/392 running_loss=0.109097
2026-08-18 22:16:26 | INFO | epoch=033 train_batch=20/392 running_loss=0.110192
2026-08-18 22:16:26 | INFO | epoch=033 train_batch=30/392 running_loss=0.106776
2026-08-18 22:16:27 | INFO | epoch=033 train_batch=40/392 running_loss=0.107438
2026-08-18 22:16:27 | INFO | epoch=033 train_batch=50/392 running_loss=0.106631
2026-08-18 22:16:28 | INFO | epoch=033 train_batch=60/392 running_loss=0.106627
2026-08-18 22:16:28 | INFO | epoch=033 train_batch=70/392 running_loss=0.106618
2026-08-18 22:16:29 | INFO | epoch=033 train_batch=80/392 running_loss=0.106759
2026-08-18 22:16:29 | INFO | epoch=033 train_batch=90/392 running_loss=0.107185
2026-08-18 22:16:29 | INFO | epoch=033 train_batch=100/392 running_loss=0.106760
2026-08-18 22:16:30 | INFO | epoch=033 train_batch=110/392 running_loss=0.106674
2026-08-18 22:16:30 | INFO | epoch=033 train_batch=120/392 running_loss=0.106898
2026-08-18 22:16:31 | INFO | epoch=033 train_batch=130/392 running_loss=0.106768
2026-08-18 22:16:31 | INFO | epoch=033 train_batch=140/392 running_loss=0.106778
2026-08-18 22:16:32 | INFO | epoch=033 train_batch=150/392 running_loss=0.106761
2026-08-18 22:16:32 | INFO | epoch=033 train_batch=160/392 running_loss=0.106839
2026-08-18 22:16:33 | INFO | epoch=033 train_batch=170/392 running_loss=0.107145
2026-08-18 22:16:33 | INFO | epoch=033 train_batch=180/392 running_loss=0.106827
2026-08-18 22:16:34 | INFO | epoch=033 train_batch=190/392 running_loss=0.107017
2026-08-18 22:16:34 | INFO | epoch=033 train_batch=200/392 running_loss=0.107250
2026-08-18 22:16:34 | INFO | epoch=033 train_batch=210/392 running_loss=0.107076
2026-08-18 22:16:35 | INFO | epoch=033 train_batch=220/392 running_loss=0.107380
2026-08-18 22:16:35 | INFO | epoch=033 train_batch=230/392 running_loss=0.107883
2026-08-18 22:16:36 | INFO | epoch=033 train_batch=240/392 running_loss=0.107979
2026-08-18 22:16:36 | INFO | epoch=033 train_batch=250/392 running_loss=0.108316
2026-08-18 22:16:37 | INFO | epoch=033 train_batch=260/392 running_loss=0.108506
2026-08-18 22:16:37 | INFO | epoch=033 train_batch=270/392 running_loss=0.108569
2026-08-18 22:16:38 | INFO | epoch=033 train_batch=280/392 running_loss=0.108669
2026-08-18 22:16:38 | INFO | epoch=033 train_batch=290/392 running_loss=0.108631
2026-08-18 22:16:39 | INFO | epoch=033 train_batch=300/392 running_loss=0.108342
2026-08-18 22:16:39 | INFO | epoch=033 train_batch=310/392 running_loss=0.108066
2026-08-18 22:16:39 | INFO | epoch=033 train_batch=320/392 running_loss=0.108062
2026-08-18 22:16:40 | INFO | epoch=033 train_batch=330/392 running_loss=0.107934
2026-08-18 22:16:40 | INFO | epoch=033 train_batch=340/392 running_loss=0.107775
2026-08-18 22:16:41 | INFO | epoch=033 train_batch=350/392 running_loss=0.107742
2026-08-18 22:16:41 | INFO | epoch=033 train_batch=360/392 running_loss=0.107805
2026-08-18 22:16:42 | INFO | epoch=033 train_batch=370/392 running_loss=0.107880
2026-08-18 22:16:42 | INFO | epoch=033 train_batch=380/392 running_loss=0.107880
2026-08-18 22:16:43 | INFO | epoch=033 train_batch=390/392 running_loss=0.108287
2026-08-18 22:16:43 | INFO | epoch=033 train_batch=392/392 running_loss=0.108169
2026-08-18 22:16:44 | INFO | epoch=033 train_loss=0.108169 validation_loss=0.433758
2026-08-18 22:16:44 | INFO | epoch=034 train_batch=10/392 running_loss=0.106351
2026-08-18 22:16:45 | INFO | epoch=034 train_batch=20/392 running_loss=0.108073
2026-08-18 22:16:45 | INFO | epoch=034 train_batch=30/392 running_loss=0.107124
2026-08-18 22:16:46 | INFO | epoch=034 train_batch=40/392 running_loss=0.109317
2026-08-18 22:16:46 | INFO | epoch=034 train_batch=50/392 running_loss=0.109005
2026-08-18 22:16:47 | INFO | epoch=034 train_batch=60/392 running_loss=0.108470
2026-08-18 22:16:47 | INFO | epoch=034 train_batch=70/392 running_loss=0.108689
2026-08-18 22:16:48 | INFO | epoch=034 train_batch=80/392 running_loss=0.107659
2026-08-18 22:16:48 | INFO | epoch=034 train_batch=90/392 running_loss=0.108287
2026-08-18 22:16:48 | INFO | epoch=034 train_batch=100/392 running_loss=0.108782
2026-08-18 22:16:49 | INFO | epoch=034 train_batch=110/392 running_loss=0.108612
2026-08-18 22:16:49 | INFO | epoch=034 train_batch=120/392 running_loss=0.108510
2026-08-18 22:16:50 | INFO | epoch=034 train_batch=130/392 running_loss=0.108980
2026-08-18 22:16:50 | INFO | epoch=034 train_batch=140/392 running_loss=0.109211
2026-08-18 22:16:51 | INFO | epoch=034 train_batch=150/392 running_loss=0.108702
2026-08-18 22:16:51 | INFO | epoch=034 train_batch=160/392 running_loss=0.109181
2026-08-18 22:16:52 | INFO | epoch=034 train_batch=170/392 running_loss=0.109450
2026-08-18 22:16:52 | INFO | epoch=034 train_batch=180/392 running_loss=0.109431
2026-08-18 22:16:53 | INFO | epoch=034 train_batch=190/392 running_loss=0.109399
2026-08-18 22:16:53 | INFO | epoch=034 train_batch=200/392 running_loss=0.109536
2026-08-18 22:16:53 | INFO | epoch=034 train_batch=210/392 running_loss=0.109610
2026-08-18 22:16:54 | INFO | epoch=034 train_batch=220/392 running_loss=0.109560
2026-08-18 22:16:54 | INFO | epoch=034 train_batch=230/392 running_loss=0.109510
2026-08-18 22:16:55 | INFO | epoch=034 train_batch=240/392 running_loss=0.109482
2026-08-18 22:16:55 | INFO | epoch=034 train_batch=250/392 running_loss=0.109255
2026-08-18 22:16:56 | INFO | epoch=034 train_batch=260/392 running_loss=0.109242
2026-08-18 22:16:56 | INFO | epoch=034 train_batch=270/392 running_loss=0.109207
2026-08-18 22:16:57 | INFO | epoch=034 train_batch=280/392 running_loss=0.109046
2026-08-18 22:16:57 | INFO | epoch=034 train_batch=290/392 running_loss=0.108857
2026-08-18 22:16:58 | INFO | epoch=034 train_batch=300/392 running_loss=0.108488
2026-08-18 22:16:58 | INFO | epoch=034 train_batch=310/392 running_loss=0.108131
2026-08-18 22:16:58 | INFO | epoch=034 train_batch=320/392 running_loss=0.108023
2026-08-18 22:16:59 | INFO | epoch=034 train_batch=330/392 running_loss=0.108039
2026-08-18 22:16:59 | INFO | epoch=034 train_batch=340/392 running_loss=0.108231
2026-08-18 22:17:00 | INFO | epoch=034 train_batch=350/392 running_loss=0.108053
2026-08-18 22:17:00 | INFO | epoch=034 train_batch=360/392 running_loss=0.108010
2026-08-18 22:17:01 | INFO | epoch=034 train_batch=370/392 running_loss=0.107953
2026-08-18 22:17:01 | INFO | epoch=034 train_batch=380/392 running_loss=0.107925
2026-08-18 22:17:02 | INFO | epoch=034 train_batch=390/392 running_loss=0.107804
2026-08-18 22:17:02 | INFO | epoch=034 train_batch=392/392 running_loss=0.107778
2026-08-18 22:17:03 | INFO | epoch=034 train_loss=0.107778 validation_loss=0.417888
2026-08-18 22:17:03 | INFO | epoch=034 saved new best.pt
2026-08-18 22:17:03 | INFO | epoch=035 train_batch=10/392 running_loss=0.105968
2026-08-18 22:17:04 | INFO | epoch=035 train_batch=20/392 running_loss=0.107668
2026-08-18 22:17:04 | INFO | epoch=035 train_batch=30/392 running_loss=0.107926
2026-08-18 22:17:05 | INFO | epoch=035 train_batch=40/392 running_loss=0.107478
2026-08-18 22:17:05 | INFO | epoch=035 train_batch=50/392 running_loss=0.108183
2026-08-18 22:17:06 | INFO | epoch=035 train_batch=60/392 running_loss=0.106734
2026-08-18 22:17:06 | INFO | epoch=035 train_batch=70/392 running_loss=0.106037
2026-08-18 22:17:07 | INFO | epoch=035 train_batch=80/392 running_loss=0.105755
2026-08-18 22:17:07 | INFO | epoch=035 train_batch=90/392 running_loss=0.105398
2026-08-18 22:17:07 | INFO | epoch=035 train_batch=100/392 running_loss=0.106149
2026-08-18 22:17:08 | INFO | epoch=035 train_batch=110/392 running_loss=0.106005
2026-08-18 22:17:08 | INFO | epoch=035 train_batch=120/392 running_loss=0.105993
2026-08-18 22:17:09 | INFO | epoch=035 train_batch=130/392 running_loss=0.106195
2026-08-18 22:17:09 | INFO | epoch=035 train_batch=140/392 running_loss=0.105760
2026-08-18 22:17:10 | INFO | epoch=035 train_batch=150/392 running_loss=0.105483
2026-08-18 22:17:10 | INFO | epoch=035 train_batch=160/392 running_loss=0.105739
2026-08-18 22:17:11 | INFO | epoch=035 train_batch=170/392 running_loss=0.106009
2026-08-18 22:17:11 | INFO | epoch=035 train_batch=180/392 running_loss=0.106109
2026-08-18 22:17:11 | INFO | epoch=035 train_batch=190/392 running_loss=0.106138
2026-08-18 22:17:12 | INFO | epoch=035 train_batch=200/392 running_loss=0.106107
2026-08-18 22:17:12 | INFO | epoch=035 train_batch=210/392 running_loss=0.105842
2026-08-18 22:17:13 | INFO | epoch=035 train_batch=220/392 running_loss=0.105780
2026-08-18 22:17:13 | INFO | epoch=035 train_batch=230/392 running_loss=0.106014
2026-08-18 22:17:14 | INFO | epoch=035 train_batch=240/392 running_loss=0.106306
2026-08-18 22:17:14 | INFO | epoch=035 train_batch=250/392 running_loss=0.106363
2026-08-18 22:17:15 | INFO | epoch=035 train_batch=260/392 running_loss=0.107164
2026-08-18 22:17:15 | INFO | epoch=035 train_batch=270/392 running_loss=0.106945
2026-08-18 22:17:16 | INFO | epoch=035 train_batch=280/392 running_loss=0.106773
2026-08-18 22:17:16 | INFO | epoch=035 train_batch=290/392 running_loss=0.106762
2026-08-18 22:17:16 | INFO | epoch=035 train_batch=300/392 running_loss=0.106639
2026-08-18 22:17:17 | INFO | epoch=035 train_batch=310/392 running_loss=0.106369
2026-08-18 22:17:17 | INFO | epoch=035 train_batch=320/392 running_loss=0.106311
2026-08-18 22:17:18 | INFO | epoch=035 train_batch=330/392 running_loss=0.106277
2026-08-18 22:17:18 | INFO | epoch=035 train_batch=340/392 running_loss=0.106227
2026-08-18 22:17:19 | INFO | epoch=035 train_batch=350/392 running_loss=0.106235
2026-08-18 22:17:19 | INFO | epoch=035 train_batch=360/392 running_loss=0.106292
2026-08-18 22:17:20 | INFO | epoch=035 train_batch=370/392 running_loss=0.106301
2026-08-18 22:17:20 | INFO | epoch=035 train_batch=380/392 running_loss=0.106162
2026-08-18 22:17:21 | INFO | epoch=035 train_batch=390/392 running_loss=0.106090
2026-08-18 22:17:21 | INFO | epoch=035 train_batch=392/392 running_loss=0.105968
2026-08-18 22:17:22 | INFO | epoch=035 train_loss=0.105968 validation_loss=0.417322
2026-08-18 22:17:22 | INFO | epoch=035 saved new best.pt
2026-08-18 22:17:22 | INFO | epoch=036 train_batch=10/392 running_loss=0.102276
2026-08-18 22:17:23 | INFO | epoch=036 train_batch=20/392 running_loss=0.103306
2026-08-18 22:17:23 | INFO | epoch=036 train_batch=30/392 running_loss=0.104148
2026-08-18 22:17:24 | INFO | epoch=036 train_batch=40/392 running_loss=0.104120
2026-08-18 22:17:24 | INFO | epoch=036 train_batch=50/392 running_loss=0.105023
2026-08-18 22:17:25 | INFO | epoch=036 train_batch=60/392 running_loss=0.103431
2026-08-18 22:17:25 | INFO | epoch=036 train_batch=70/392 running_loss=0.103674
2026-08-18 22:17:25 | INFO | epoch=036 train_batch=80/392 running_loss=0.104798
2026-08-18 22:17:26 | INFO | epoch=036 train_batch=90/392 running_loss=0.105003
2026-08-18 22:17:26 | INFO | epoch=036 train_batch=100/392 running_loss=0.104298
2026-08-18 22:17:27 | INFO | epoch=036 train_batch=110/392 running_loss=0.104321
2026-08-18 22:17:27 | INFO | epoch=036 train_batch=120/392 running_loss=0.104436
2026-08-18 22:17:28 | INFO | epoch=036 train_batch=130/392 running_loss=0.104425
2026-08-18 22:17:28 | INFO | epoch=036 train_batch=140/392 running_loss=0.104534
2026-08-18 22:17:29 | INFO | epoch=036 train_batch=150/392 running_loss=0.104732
2026-08-18 22:17:29 | INFO | epoch=036 train_batch=160/392 running_loss=0.105131
2026-08-18 22:17:30 | INFO | epoch=036 train_batch=170/392 running_loss=0.105443
2026-08-18 22:17:30 | INFO | epoch=036 train_batch=180/392 running_loss=0.105249
2026-08-18 22:17:30 | INFO | epoch=036 train_batch=190/392 running_loss=0.105778
2026-08-18 22:17:31 | INFO | epoch=036 train_batch=200/392 running_loss=0.105907
2026-08-18 22:17:31 | INFO | epoch=036 train_batch=210/392 running_loss=0.106096
2026-08-18 22:17:32 | INFO | epoch=036 train_batch=220/392 running_loss=0.106292
2026-08-18 22:17:32 | INFO | epoch=036 train_batch=230/392 running_loss=0.106267
2026-08-18 22:17:33 | INFO | epoch=036 train_batch=240/392 running_loss=0.106196
2026-08-18 22:17:33 | INFO | epoch=036 train_batch=250/392 running_loss=0.106247
2026-08-18 22:17:34 | INFO | epoch=036 train_batch=260/392 running_loss=0.106264
2026-08-18 22:17:34 | INFO | epoch=036 train_batch=270/392 running_loss=0.106630
2026-08-18 22:17:34 | INFO | epoch=036 train_batch=280/392 running_loss=0.106863
2026-08-18 22:17:35 | INFO | epoch=036 train_batch=290/392 running_loss=0.106959
2026-08-18 22:17:35 | INFO | epoch=036 train_batch=300/392 running_loss=0.107191
2026-08-18 22:17:36 | INFO | epoch=036 train_batch=310/392 running_loss=0.107132
2026-08-18 22:17:36 | INFO | epoch=036 train_batch=320/392 running_loss=0.107526
2026-08-18 22:17:37 | INFO | epoch=036 train_batch=330/392 running_loss=0.107446
2026-08-18 22:17:37 | INFO | epoch=036 train_batch=340/392 running_loss=0.107440
2026-08-18 22:17:38 | INFO | epoch=036 train_batch=350/392 running_loss=0.107289
2026-08-18 22:17:38 | INFO | epoch=036 train_batch=360/392 running_loss=0.107056
2026-08-18 22:17:39 | INFO | epoch=036 train_batch=370/392 running_loss=0.107115
2026-08-18 22:17:39 | INFO | epoch=036 train_batch=380/392 running_loss=0.107248
2026-08-18 22:17:39 | INFO | epoch=036 train_batch=390/392 running_loss=0.107197
2026-08-18 22:17:40 | INFO | epoch=036 train_batch=392/392 running_loss=0.107026
2026-08-18 22:17:41 | INFO | epoch=036 train_loss=0.107026 validation_loss=0.420802
2026-08-18 22:17:41 | INFO | epoch=037 train_batch=10/392 running_loss=0.109088
2026-08-18 22:17:42 | INFO | epoch=037 train_batch=20/392 running_loss=0.102927
2026-08-18 22:17:42 | INFO | epoch=037 train_batch=30/392 running_loss=0.104506
2026-08-18 22:17:43 | INFO | epoch=037 train_batch=40/392 running_loss=0.103728
2026-08-18 22:17:43 | INFO | epoch=037 train_batch=50/392 running_loss=0.104012
2026-08-18 22:17:43 | INFO | epoch=037 train_batch=60/392 running_loss=0.103952
2026-08-18 22:17:44 | INFO | epoch=037 train_batch=70/392 running_loss=0.104535
2026-08-18 22:17:44 | INFO | epoch=037 train_batch=80/392 running_loss=0.105068
2026-08-18 22:17:45 | INFO | epoch=037 train_batch=90/392 running_loss=0.105152
2026-08-18 22:17:45 | INFO | epoch=037 train_batch=100/392 running_loss=0.105003
2026-08-18 22:17:46 | INFO | epoch=037 train_batch=110/392 running_loss=0.105628
2026-08-18 22:17:46 | INFO | epoch=037 train_batch=120/392 running_loss=0.106223
2026-08-18 22:17:47 | INFO | epoch=037 train_batch=130/392 running_loss=0.106328
2026-08-18 22:17:47 | INFO | epoch=037 train_batch=140/392 running_loss=0.105763
2026-08-18 22:17:48 | INFO | epoch=037 train_batch=150/392 running_loss=0.105942
2026-08-18 22:17:48 | INFO | epoch=037 train_batch=160/392 running_loss=0.105499
2026-08-18 22:17:48 | INFO | epoch=037 train_batch=170/392 running_loss=0.105453
2026-08-18 22:17:49 | INFO | epoch=037 train_batch=180/392 running_loss=0.105380
2026-08-18 22:17:49 | INFO | epoch=037 train_batch=190/392 running_loss=0.105691
2026-08-18 22:17:50 | INFO | epoch=037 train_batch=200/392 running_loss=0.105857
2026-08-18 22:17:50 | INFO | epoch=037 train_batch=210/392 running_loss=0.106067
2026-08-18 22:17:51 | INFO | epoch=037 train_batch=220/392 running_loss=0.106097
2026-08-18 22:17:51 | INFO | epoch=037 train_batch=230/392 running_loss=0.106240
2026-08-18 22:17:52 | INFO | epoch=037 train_batch=240/392 running_loss=0.106327
2026-08-18 22:17:52 | INFO | epoch=037 train_batch=250/392 running_loss=0.106159
2026-08-18 22:17:53 | INFO | epoch=037 train_batch=260/392 running_loss=0.106070
2026-08-18 22:17:53 | INFO | epoch=037 train_batch=270/392 running_loss=0.106023
2026-08-18 22:17:53 | INFO | epoch=037 train_batch=280/392 running_loss=0.106026
2026-08-18 22:17:54 | INFO | epoch=037 train_batch=290/392 running_loss=0.106248
2026-08-18 22:17:54 | INFO | epoch=037 train_batch=300/392 running_loss=0.106325
2026-08-18 22:17:55 | INFO | epoch=037 train_batch=310/392 running_loss=0.106186
2026-08-18 22:17:55 | INFO | epoch=037 train_batch=320/392 running_loss=0.106246
2026-08-18 22:17:56 | INFO | epoch=037 train_batch=330/392 running_loss=0.106389
2026-08-18 22:17:56 | INFO | epoch=037 train_batch=340/392 running_loss=0.106131
2026-08-18 22:17:57 | INFO | epoch=037 train_batch=350/392 running_loss=0.106122
2026-08-18 22:17:57 | INFO | epoch=037 train_batch=360/392 running_loss=0.105990
2026-08-18 22:17:58 | INFO | epoch=037 train_batch=370/392 running_loss=0.105883
2026-08-18 22:17:58 | INFO | epoch=037 train_batch=380/392 running_loss=0.105894
2026-08-18 22:17:58 | INFO | epoch=037 train_batch=390/392 running_loss=0.105840
2026-08-18 22:17:59 | INFO | epoch=037 train_batch=392/392 running_loss=0.105977
2026-08-18 22:18:00 | INFO | epoch=037 train_loss=0.105977 validation_loss=0.422400
2026-08-18 22:18:00 | INFO | epoch=038 train_batch=10/392 running_loss=0.103561
2026-08-18 22:18:01 | INFO | epoch=038 train_batch=20/392 running_loss=0.105731
2026-08-18 22:18:01 | INFO | epoch=038 train_batch=30/392 running_loss=0.105072
2026-08-18 22:18:02 | INFO | epoch=038 train_batch=40/392 running_loss=0.105163
2026-08-18 22:18:02 | INFO | epoch=038 train_batch=50/392 running_loss=0.104161
2026-08-18 22:18:02 | INFO | epoch=038 train_batch=60/392 running_loss=0.105294
2026-08-18 22:18:03 | INFO | epoch=038 train_batch=70/392 running_loss=0.105382
2026-08-18 22:18:03 | INFO | epoch=038 train_batch=80/392 running_loss=0.104801
2026-08-18 22:18:04 | INFO | epoch=038 train_batch=90/392 running_loss=0.104954
2026-08-18 22:18:04 | INFO | epoch=038 train_batch=100/392 running_loss=0.105664
2026-08-18 22:18:05 | INFO | epoch=038 train_batch=110/392 running_loss=0.105234
2026-08-18 22:18:05 | INFO | epoch=038 train_batch=120/392 running_loss=0.105409
2026-08-18 22:18:06 | INFO | epoch=038 train_batch=130/392 running_loss=0.105670
2026-08-18 22:18:06 | INFO | epoch=038 train_batch=140/392 running_loss=0.105753
2026-08-18 22:18:06 | INFO | epoch=038 train_batch=150/392 running_loss=0.105729
2026-08-18 22:18:07 | INFO | epoch=038 train_batch=160/392 running_loss=0.105823
2026-08-18 22:18:07 | INFO | epoch=038 train_batch=170/392 running_loss=0.106069
2026-08-18 22:18:08 | INFO | epoch=038 train_batch=180/392 running_loss=0.106092
2026-08-18 22:18:08 | INFO | epoch=038 train_batch=190/392 running_loss=0.106084
2026-08-18 22:18:09 | INFO | epoch=038 train_batch=200/392 running_loss=0.105983
2026-08-18 22:18:09 | INFO | epoch=038 train_batch=210/392 running_loss=0.106127
2026-08-18 22:18:10 | INFO | epoch=038 train_batch=220/392 running_loss=0.105950
2026-08-18 22:18:10 | INFO | epoch=038 train_batch=230/392 running_loss=0.105829
2026-08-18 22:18:10 | INFO | epoch=038 train_batch=240/392 running_loss=0.105737
2026-08-18 22:18:11 | INFO | epoch=038 train_batch=250/392 running_loss=0.105637
2026-08-18 22:18:11 | INFO | epoch=038 train_batch=260/392 running_loss=0.105535
2026-08-18 22:18:12 | INFO | epoch=038 train_batch=270/392 running_loss=0.105864
2026-08-18 22:18:12 | INFO | epoch=038 train_batch=280/392 running_loss=0.105702
2026-08-18 22:18:13 | INFO | epoch=038 train_batch=290/392 running_loss=0.105615
2026-08-18 22:18:13 | INFO | epoch=038 train_batch=300/392 running_loss=0.105553
2026-08-18 22:18:14 | INFO | epoch=038 train_batch=310/392 running_loss=0.105646
2026-08-18 22:18:14 | INFO | epoch=038 train_batch=320/392 running_loss=0.105360
2026-08-18 22:18:15 | INFO | epoch=038 train_batch=330/392 running_loss=0.105450
2026-08-18 22:18:15 | INFO | epoch=038 train_batch=340/392 running_loss=0.105305
2026-08-18 22:18:15 | INFO | epoch=038 train_batch=350/392 running_loss=0.105592
2026-08-18 22:18:16 | INFO | epoch=038 train_batch=360/392 running_loss=0.105636
2026-08-18 22:18:16 | INFO | epoch=038 train_batch=370/392 running_loss=0.105230
2026-08-18 22:18:17 | INFO | epoch=038 train_batch=380/392 running_loss=0.105255
2026-08-18 22:18:17 | INFO | epoch=038 train_batch=390/392 running_loss=0.105270
2026-08-18 22:18:17 | INFO | epoch=038 train_batch=392/392 running_loss=0.105270
2026-08-18 22:18:18 | INFO | epoch=038 train_loss=0.105270 validation_loss=0.414813
2026-08-18 22:18:19 | INFO | epoch=038 saved new best.pt
2026-08-18 22:18:19 | INFO | epoch=039 train_batch=10/392 running_loss=0.110156
2026-08-18 22:18:19 | INFO | epoch=039 train_batch=20/392 running_loss=0.103735
2026-08-18 22:18:20 | INFO | epoch=039 train_batch=30/392 running_loss=0.106782
2026-08-18 22:18:20 | INFO | epoch=039 train_batch=40/392 running_loss=0.104975
2026-08-18 22:18:21 | INFO | epoch=039 train_batch=50/392 running_loss=0.104039
2026-08-18 22:18:21 | INFO | epoch=039 train_batch=60/392 running_loss=0.103686
2026-08-18 22:18:22 | INFO | epoch=039 train_batch=70/392 running_loss=0.104863
2026-08-18 22:18:22 | INFO | epoch=039 train_batch=80/392 running_loss=0.103570
2026-08-18 22:18:23 | INFO | epoch=039 train_batch=90/392 running_loss=0.104333
2026-08-18 22:18:23 | INFO | epoch=039 train_batch=100/392 running_loss=0.104703
2026-08-18 22:18:24 | INFO | epoch=039 train_batch=110/392 running_loss=0.105129
2026-08-18 22:18:24 | INFO | epoch=039 train_batch=120/392 running_loss=0.105094
2026-08-18 22:18:24 | INFO | epoch=039 train_batch=130/392 running_loss=0.104763
2026-08-18 22:18:25 | INFO | epoch=039 train_batch=140/392 running_loss=0.104421
2026-08-18 22:18:25 | INFO | epoch=039 train_batch=150/392 running_loss=0.103974
2026-08-18 22:18:26 | INFO | epoch=039 train_batch=160/392 running_loss=0.104059
2026-08-18 22:18:26 | INFO | epoch=039 train_batch=170/392 running_loss=0.103860
2026-08-18 22:18:27 | INFO | epoch=039 train_batch=180/392 running_loss=0.104115
2026-08-18 22:18:27 | INFO | epoch=039 train_batch=190/392 running_loss=0.103958
2026-08-18 22:18:28 | INFO | epoch=039 train_batch=200/392 running_loss=0.103625
2026-08-18 22:18:28 | INFO | epoch=039 train_batch=210/392 running_loss=0.103746
2026-08-18 22:18:29 | INFO | epoch=039 train_batch=220/392 running_loss=0.103934
2026-08-18 22:18:29 | INFO | epoch=039 train_batch=230/392 running_loss=0.104139
2026-08-18 22:18:29 | INFO | epoch=039 train_batch=240/392 running_loss=0.104059
2026-08-18 22:18:30 | INFO | epoch=039 train_batch=250/392 running_loss=0.104111
2026-08-18 22:18:30 | INFO | epoch=039 train_batch=260/392 running_loss=0.104110
2026-08-18 22:18:31 | INFO | epoch=039 train_batch=270/392 running_loss=0.104046
2026-08-18 22:18:31 | INFO | epoch=039 train_batch=280/392 running_loss=0.104077
2026-08-18 22:18:32 | INFO | epoch=039 train_batch=290/392 running_loss=0.104221
2026-08-18 22:18:32 | INFO | epoch=039 train_batch=300/392 running_loss=0.104265
2026-08-18 22:18:33 | INFO | epoch=039 train_batch=310/392 running_loss=0.104308
2026-08-18 22:18:33 | INFO | epoch=039 train_batch=320/392 running_loss=0.104286
2026-08-18 22:18:34 | INFO | epoch=039 train_batch=330/392 running_loss=0.104309
2026-08-18 22:18:34 | INFO | epoch=039 train_batch=340/392 running_loss=0.104387
2026-08-18 22:18:34 | INFO | epoch=039 train_batch=350/392 running_loss=0.104382
2026-08-18 22:18:35 | INFO | epoch=039 train_batch=360/392 running_loss=0.104213
2026-08-18 22:18:35 | INFO | epoch=039 train_batch=370/392 running_loss=0.104133
2026-08-18 22:18:36 | INFO | epoch=039 train_batch=380/392 running_loss=0.104011
2026-08-18 22:18:36 | INFO | epoch=039 train_batch=390/392 running_loss=0.104108
2026-08-18 22:18:36 | INFO | epoch=039 train_batch=392/392 running_loss=0.104233
2026-08-18 22:18:38 | INFO | epoch=039 train_loss=0.104233 validation_loss=0.428575
2026-08-18 22:18:38 | INFO | epoch=040 train_batch=10/392 running_loss=0.100607
2026-08-18 22:18:39 | INFO | epoch=040 train_batch=20/392 running_loss=0.099984
2026-08-18 22:18:39 | INFO | epoch=040 train_batch=30/392 running_loss=0.098564
2026-08-18 22:18:39 | INFO | epoch=040 train_batch=40/392 running_loss=0.100079
2026-08-18 22:18:40 | INFO | epoch=040 train_batch=50/392 running_loss=0.099341
2026-08-18 22:18:40 | INFO | epoch=040 train_batch=60/392 running_loss=0.101040
2026-08-18 22:18:41 | INFO | epoch=040 train_batch=70/392 running_loss=0.101539
2026-08-18 22:18:41 | INFO | epoch=040 train_batch=80/392 running_loss=0.102338
2026-08-18 22:18:42 | INFO | epoch=040 train_batch=90/392 running_loss=0.102175
2026-08-18 22:18:42 | INFO | epoch=040 train_batch=100/392 running_loss=0.102595
2026-08-18 22:18:43 | INFO | epoch=040 train_batch=110/392 running_loss=0.102641
2026-08-18 22:18:43 | INFO | epoch=040 train_batch=120/392 running_loss=0.102043
2026-08-18 22:18:43 | INFO | epoch=040 train_batch=130/392 running_loss=0.101735
2026-08-18 22:18:44 | INFO | epoch=040 train_batch=140/392 running_loss=0.101932
2026-08-18 22:18:44 | INFO | epoch=040 train_batch=150/392 running_loss=0.101996
2026-08-18 22:18:45 | INFO | epoch=040 train_batch=160/392 running_loss=0.102460
2026-08-18 22:18:45 | INFO | epoch=040 train_batch=170/392 running_loss=0.102619
2026-08-18 22:18:46 | INFO | epoch=040 train_batch=180/392 running_loss=0.102658
2026-08-18 22:18:46 | INFO | epoch=040 train_batch=190/392 running_loss=0.102899
2026-08-18 22:18:47 | INFO | epoch=040 train_batch=200/392 running_loss=0.102814
2026-08-18 22:18:47 | INFO | epoch=040 train_batch=210/392 running_loss=0.102512
2026-08-18 22:18:48 | INFO | epoch=040 train_batch=220/392 running_loss=0.102457
2026-08-18 22:18:48 | INFO | epoch=040 train_batch=230/392 running_loss=0.102098
2026-08-18 22:18:48 | INFO | epoch=040 train_batch=240/392 running_loss=0.102110
2026-08-18 22:18:49 | INFO | epoch=040 train_batch=250/392 running_loss=0.102185
2026-08-18 22:18:49 | INFO | epoch=040 train_batch=260/392 running_loss=0.102086
2026-08-18 22:18:50 | INFO | epoch=040 train_batch=270/392 running_loss=0.102386
2026-08-18 22:18:50 | INFO | epoch=040 train_batch=280/392 running_loss=0.102649
2026-08-18 22:18:51 | INFO | epoch=040 train_batch=290/392 running_loss=0.102928
2026-08-18 22:18:51 | INFO | epoch=040 train_batch=300/392 running_loss=0.102898
2026-08-18 22:18:52 | INFO | epoch=040 train_batch=310/392 running_loss=0.102820
2026-08-18 22:18:52 | INFO | epoch=040 train_batch=320/392 running_loss=0.102868
2026-08-18 22:18:52 | INFO | epoch=040 train_batch=330/392 running_loss=0.102761
2026-08-18 22:18:53 | INFO | epoch=040 train_batch=340/392 running_loss=0.102923
2026-08-18 22:18:53 | INFO | epoch=040 train_batch=350/392 running_loss=0.102845
2026-08-18 22:18:54 | INFO | epoch=040 train_batch=360/392 running_loss=0.103201
2026-08-18 22:18:54 | INFO | epoch=040 train_batch=370/392 running_loss=0.103448
2026-08-18 22:18:55 | INFO | epoch=040 train_batch=380/392 running_loss=0.103733
2026-08-18 22:18:55 | INFO | epoch=040 train_batch=390/392 running_loss=0.103831
2026-08-18 22:18:55 | INFO | epoch=040 train_batch=392/392 running_loss=0.103859
2026-08-18 22:18:56 | INFO | epoch=040 train_loss=0.103859 validation_loss=0.415143
2026-08-18 22:18:57 | INFO | epoch=041 train_batch=10/392 running_loss=0.104857
2026-08-18 22:18:57 | INFO | epoch=041 train_batch=20/392 running_loss=0.108944
2026-08-18 22:18:58 | INFO | epoch=041 train_batch=30/392 running_loss=0.104232
2026-08-18 22:18:58 | INFO | epoch=041 train_batch=40/392 running_loss=0.104501
2026-08-18 22:18:59 | INFO | epoch=041 train_batch=50/392 running_loss=0.103827
2026-08-18 22:18:59 | INFO | epoch=041 train_batch=60/392 running_loss=0.103241
2026-08-18 22:19:00 | INFO | epoch=041 train_batch=70/392 running_loss=0.102855
2026-08-18 22:19:00 | INFO | epoch=041 train_batch=80/392 running_loss=0.102595
2026-08-18 22:19:00 | INFO | epoch=041 train_batch=90/392 running_loss=0.103124
2026-08-18 22:19:01 | INFO | epoch=041 train_batch=100/392 running_loss=0.103468
2026-08-18 22:19:01 | INFO | epoch=041 train_batch=110/392 running_loss=0.102600
2026-08-18 22:19:02 | INFO | epoch=041 train_batch=120/392 running_loss=0.102556
2026-08-18 22:19:02 | INFO | epoch=041 train_batch=130/392 running_loss=0.103317
2026-08-18 22:19:03 | INFO | epoch=041 train_batch=140/392 running_loss=0.102791
2026-08-18 22:19:03 | INFO | epoch=041 train_batch=150/392 running_loss=0.102946
2026-08-18 22:19:04 | INFO | epoch=041 train_batch=160/392 running_loss=0.102638
2026-08-18 22:19:04 | INFO | epoch=041 train_batch=170/392 running_loss=0.102681
2026-08-18 22:19:04 | INFO | epoch=041 train_batch=180/392 running_loss=0.102651
2026-08-18 22:19:05 | INFO | epoch=041 train_batch=190/392 running_loss=0.102511
2026-08-18 22:19:05 | INFO | epoch=041 train_batch=200/392 running_loss=0.102595
2026-08-18 22:19:06 | INFO | epoch=041 train_batch=210/392 running_loss=0.102720
2026-08-18 22:19:06 | INFO | epoch=041 train_batch=220/392 running_loss=0.102620
2026-08-18 22:19:07 | INFO | epoch=041 train_batch=230/392 running_loss=0.102428
2026-08-18 22:19:07 | INFO | epoch=041 train_batch=240/392 running_loss=0.102443
2026-08-18 22:19:08 | INFO | epoch=041 train_batch=250/392 running_loss=0.102616
2026-08-18 22:19:08 | INFO | epoch=041 train_batch=260/392 running_loss=0.103055
2026-08-18 22:19:09 | INFO | epoch=041 train_batch=270/392 running_loss=0.103086
2026-08-18 22:19:09 | INFO | epoch=041 train_batch=280/392 running_loss=0.103258
2026-08-18 22:19:09 | INFO | epoch=041 train_batch=290/392 running_loss=0.103341
2026-08-18 22:19:10 | INFO | epoch=041 train_batch=300/392 running_loss=0.103416
2026-08-18 22:19:10 | INFO | epoch=041 train_batch=310/392 running_loss=0.103531
2026-08-18 22:19:11 | INFO | epoch=041 train_batch=320/392 running_loss=0.103351
2026-08-18 22:19:11 | INFO | epoch=041 train_batch=330/392 running_loss=0.103314
2026-08-18 22:19:12 | INFO | epoch=041 train_batch=340/392 running_loss=0.103456
2026-08-18 22:19:12 | INFO | epoch=041 train_batch=350/392 running_loss=0.103467
2026-08-18 22:19:13 | INFO | epoch=041 train_batch=360/392 running_loss=0.103761
2026-08-18 22:19:13 | INFO | epoch=041 train_batch=370/392 running_loss=0.103822
2026-08-18 22:19:14 | INFO | epoch=041 train_batch=380/392 running_loss=0.103826
2026-08-18 22:19:14 | INFO | epoch=041 train_batch=390/392 running_loss=0.103713
2026-08-18 22:19:14 | INFO | epoch=041 train_batch=392/392 running_loss=0.103701
2026-08-18 22:19:15 | INFO | epoch=041 train_loss=0.103701 validation_loss=0.422147
2026-08-18 22:19:16 | INFO | epoch=042 train_batch=10/392 running_loss=0.094315
2026-08-18 22:19:16 | INFO | epoch=042 train_batch=20/392 running_loss=0.101843
2026-08-18 22:19:17 | INFO | epoch=042 train_batch=30/392 running_loss=0.103096
2026-08-18 22:19:17 | INFO | epoch=042 train_batch=40/392 running_loss=0.103643
2026-08-18 22:19:18 | INFO | epoch=042 train_batch=50/392 running_loss=0.102704
2026-08-18 22:19:18 | INFO | epoch=042 train_batch=60/392 running_loss=0.102409
2026-08-18 22:19:18 | INFO | epoch=042 train_batch=70/392 running_loss=0.102338
2026-08-18 22:19:19 | INFO | epoch=042 train_batch=80/392 running_loss=0.103009
2026-08-18 22:19:19 | INFO | epoch=042 train_batch=90/392 running_loss=0.103446
2026-08-18 22:19:20 | INFO | epoch=042 train_batch=100/392 running_loss=0.103325
2026-08-18 22:19:20 | INFO | epoch=042 train_batch=110/392 running_loss=0.103411
2026-08-18 22:19:21 | INFO | epoch=042 train_batch=120/392 running_loss=0.102891
2026-08-18 22:19:21 | INFO | epoch=042 train_batch=130/392 running_loss=0.102523
2026-08-18 22:19:22 | INFO | epoch=042 train_batch=140/392 running_loss=0.102852
2026-08-18 22:19:22 | INFO | epoch=042 train_batch=150/392 running_loss=0.103161
2026-08-18 22:19:23 | INFO | epoch=042 train_batch=160/392 running_loss=0.102986
2026-08-18 22:19:23 | INFO | epoch=042 train_batch=170/392 running_loss=0.103352
2026-08-18 22:19:23 | INFO | epoch=042 train_batch=180/392 running_loss=0.102888
2026-08-18 22:19:24 | INFO | epoch=042 train_batch=190/392 running_loss=0.102465
2026-08-18 22:19:24 | INFO | epoch=042 train_batch=200/392 running_loss=0.102739
2026-08-18 22:19:25 | INFO | epoch=042 train_batch=210/392 running_loss=0.102783
2026-08-18 22:19:25 | INFO | epoch=042 train_batch=220/392 running_loss=0.102879
2026-08-18 22:19:26 | INFO | epoch=042 train_batch=230/392 running_loss=0.102530
2026-08-18 22:19:26 | INFO | epoch=042 train_batch=240/392 running_loss=0.102468
2026-08-18 22:19:26 | INFO | epoch=042 train_batch=250/392 running_loss=0.102425
2026-08-18 22:19:27 | INFO | epoch=042 train_batch=260/392 running_loss=0.102313
2026-08-18 22:19:27 | INFO | epoch=042 train_batch=270/392 running_loss=0.102360
2026-08-18 22:19:28 | INFO | epoch=042 train_batch=280/392 running_loss=0.102410
2026-08-18 22:19:28 | INFO | epoch=042 train_batch=290/392 running_loss=0.102201
2026-08-18 22:19:29 | INFO | epoch=042 train_batch=300/392 running_loss=0.102212
2026-08-18 22:19:29 | INFO | epoch=042 train_batch=310/392 running_loss=0.101901
2026-08-18 22:19:30 | INFO | epoch=042 train_batch=320/392 running_loss=0.101789
2026-08-18 22:19:30 | INFO | epoch=042 train_batch=330/392 running_loss=0.101757
2026-08-18 22:19:31 | INFO | epoch=042 train_batch=340/392 running_loss=0.101855
2026-08-18 22:19:31 | INFO | epoch=042 train_batch=350/392 running_loss=0.101970
2026-08-18 22:19:31 | INFO | epoch=042 train_batch=360/392 running_loss=0.102217
2026-08-18 22:19:32 | INFO | epoch=042 train_batch=370/392 running_loss=0.102355
2026-08-18 22:19:32 | INFO | epoch=042 train_batch=380/392 running_loss=0.102240
2026-08-18 22:19:33 | INFO | epoch=042 train_batch=390/392 running_loss=0.102194
2026-08-18 22:19:33 | INFO | epoch=042 train_batch=392/392 running_loss=0.102382
2026-08-18 22:19:34 | INFO | epoch=042 train_loss=0.102382 validation_loss=0.415626
2026-08-18 22:19:34 | INFO | epoch=043 train_batch=10/392 running_loss=0.101894
2026-08-18 22:19:35 | INFO | epoch=043 train_batch=20/392 running_loss=0.098944
2026-08-18 22:19:35 | INFO | epoch=043 train_batch=30/392 running_loss=0.101839
2026-08-18 22:19:36 | INFO | epoch=043 train_batch=40/392 running_loss=0.102915
2026-08-18 22:19:36 | INFO | epoch=043 train_batch=50/392 running_loss=0.102607
2026-08-18 22:19:37 | INFO | epoch=043 train_batch=60/392 running_loss=0.102778
2026-08-18 22:19:37 | INFO | epoch=043 train_batch=70/392 running_loss=0.102309
2026-08-18 22:19:38 | INFO | epoch=043 train_batch=80/392 running_loss=0.102644
2026-08-18 22:19:38 | INFO | epoch=043 train_batch=90/392 running_loss=0.103565
2026-08-18 22:19:38 | INFO | epoch=043 train_batch=100/392 running_loss=0.103431
2026-08-18 22:19:39 | INFO | epoch=043 train_batch=110/392 running_loss=0.103056
2026-08-18 22:19:39 | INFO | epoch=043 train_batch=120/392 running_loss=0.103102
2026-08-18 22:19:40 | INFO | epoch=043 train_batch=130/392 running_loss=0.103037
2026-08-18 22:19:40 | INFO | epoch=043 train_batch=140/392 running_loss=0.103062
2026-08-18 22:19:41 | INFO | epoch=043 train_batch=150/392 running_loss=0.102247
2026-08-18 22:19:41 | INFO | epoch=043 train_batch=160/392 running_loss=0.102039
2026-08-18 22:19:42 | INFO | epoch=043 train_batch=170/392 running_loss=0.101790
2026-08-18 22:19:42 | INFO | epoch=043 train_batch=180/392 running_loss=0.101370
2026-08-18 22:19:42 | INFO | epoch=043 train_batch=190/392 running_loss=0.101251
2026-08-18 22:19:43 | INFO | epoch=043 train_batch=200/392 running_loss=0.101196
2026-08-18 22:19:43 | INFO | epoch=043 train_batch=210/392 running_loss=0.101135
2026-08-18 22:19:44 | INFO | epoch=043 train_batch=220/392 running_loss=0.101267
2026-08-18 22:19:44 | INFO | epoch=043 train_batch=230/392 running_loss=0.101145
2026-08-18 22:19:45 | INFO | epoch=043 train_batch=240/392 running_loss=0.101088
2026-08-18 22:19:45 | INFO | epoch=043 train_batch=250/392 running_loss=0.101108
2026-08-18 22:19:46 | INFO | epoch=043 train_batch=260/392 running_loss=0.101237
2026-08-18 22:19:46 | INFO | epoch=043 train_batch=270/392 running_loss=0.101559
2026-08-18 22:19:46 | INFO | epoch=043 train_batch=280/392 running_loss=0.101570
2026-08-18 22:19:47 | INFO | epoch=043 train_batch=290/392 running_loss=0.101681
2026-08-18 22:19:47 | INFO | epoch=043 train_batch=300/392 running_loss=0.101927
2026-08-18 22:19:48 | INFO | epoch=043 train_batch=310/392 running_loss=0.101907
2026-08-18 22:19:48 | INFO | epoch=043 train_batch=320/392 running_loss=0.101716
2026-08-18 22:19:49 | INFO | epoch=043 train_batch=330/392 running_loss=0.101665
2026-08-18 22:19:49 | INFO | epoch=043 train_batch=340/392 running_loss=0.101932
2026-08-18 22:19:50 | INFO | epoch=043 train_batch=350/392 running_loss=0.102074
2026-08-18 22:19:50 | INFO | epoch=043 train_batch=360/392 running_loss=0.101933
2026-08-18 22:19:50 | INFO | epoch=043 train_batch=370/392 running_loss=0.101993
2026-08-18 22:19:51 | INFO | epoch=043 train_batch=380/392 running_loss=0.101848
2026-08-18 22:19:51 | INFO | epoch=043 train_batch=390/392 running_loss=0.102228
2026-08-18 22:19:51 | INFO | epoch=043 train_batch=392/392 running_loss=0.102292
2026-08-18 22:19:52 | INFO | epoch=043 train_loss=0.102292 validation_loss=0.412887
2026-08-18 22:19:53 | INFO | epoch=043 saved new best.pt
2026-08-18 22:19:53 | INFO | epoch=044 train_batch=10/392 running_loss=0.102984
2026-08-18 22:19:53 | INFO | epoch=044 train_batch=20/392 running_loss=0.105681
2026-08-18 22:19:54 | INFO | epoch=044 train_batch=30/392 running_loss=0.101374
2026-08-18 22:19:54 | INFO | epoch=044 train_batch=40/392 running_loss=0.099712
2026-08-18 22:19:55 | INFO | epoch=044 train_batch=50/392 running_loss=0.099555
2026-08-18 22:19:55 | INFO | epoch=044 train_batch=60/392 running_loss=0.100900
2026-08-18 22:19:56 | INFO | epoch=044 train_batch=70/392 running_loss=0.101940
2026-08-18 22:19:56 | INFO | epoch=044 train_batch=80/392 running_loss=0.101450
2026-08-18 22:19:57 | INFO | epoch=044 train_batch=90/392 running_loss=0.101897
2026-08-18 22:19:57 | INFO | epoch=044 train_batch=100/392 running_loss=0.101449
2026-08-18 22:19:58 | INFO | epoch=044 train_batch=110/392 running_loss=0.100555
2026-08-18 22:19:58 | INFO | epoch=044 train_batch=120/392 running_loss=0.100769
2026-08-18 22:19:58 | INFO | epoch=044 train_batch=130/392 running_loss=0.100751
2026-08-18 22:19:59 | INFO | epoch=044 train_batch=140/392 running_loss=0.101038
2026-08-18 22:19:59 | INFO | epoch=044 train_batch=150/392 running_loss=0.100940
2026-08-18 22:20:00 | INFO | epoch=044 train_batch=160/392 running_loss=0.100222
2026-08-18 22:20:00 | INFO | epoch=044 train_batch=170/392 running_loss=0.100249
2026-08-18 22:20:01 | INFO | epoch=044 train_batch=180/392 running_loss=0.100100
2026-08-18 22:20:01 | INFO | epoch=044 train_batch=190/392 running_loss=0.099729
2026-08-18 22:20:02 | INFO | epoch=044 train_batch=200/392 running_loss=0.100110
2026-08-18 22:20:02 | INFO | epoch=044 train_batch=210/392 running_loss=0.100015
2026-08-18 22:20:02 | INFO | epoch=044 train_batch=220/392 running_loss=0.100004
2026-08-18 22:20:03 | INFO | epoch=044 train_batch=230/392 running_loss=0.099985
2026-08-18 22:20:03 | INFO | epoch=044 train_batch=240/392 running_loss=0.099878
2026-08-18 22:20:04 | INFO | epoch=044 train_batch=250/392 running_loss=0.099772
2026-08-18 22:20:04 | INFO | epoch=044 train_batch=260/392 running_loss=0.099655
2026-08-18 22:20:05 | INFO | epoch=044 train_batch=270/392 running_loss=0.100057
2026-08-18 22:20:05 | INFO | epoch=044 train_batch=280/392 running_loss=0.100036
2026-08-18 22:20:06 | INFO | epoch=044 train_batch=290/392 running_loss=0.100135
2026-08-18 22:20:06 | INFO | epoch=044 train_batch=300/392 running_loss=0.100143
2026-08-18 22:20:06 | INFO | epoch=044 train_batch=310/392 running_loss=0.100398
2026-08-18 22:20:07 | INFO | epoch=044 train_batch=320/392 running_loss=0.100553
2026-08-18 22:20:07 | INFO | epoch=044 train_batch=330/392 running_loss=0.100591
2026-08-18 22:20:08 | INFO | epoch=044 train_batch=340/392 running_loss=0.100781
2026-08-18 22:20:08 | INFO | epoch=044 train_batch=350/392 running_loss=0.101089
2026-08-18 22:20:09 | INFO | epoch=044 train_batch=360/392 running_loss=0.101101
2026-08-18 22:20:09 | INFO | epoch=044 train_batch=370/392 running_loss=0.101214
2026-08-18 22:20:10 | INFO | epoch=044 train_batch=380/392 running_loss=0.101261
2026-08-18 22:20:10 | INFO | epoch=044 train_batch=390/392 running_loss=0.101306
2026-08-18 22:20:10 | INFO | epoch=044 train_batch=392/392 running_loss=0.101400
2026-08-18 22:20:11 | INFO | epoch=044 train_loss=0.101400 validation_loss=0.413366
2026-08-18 22:20:12 | INFO | epoch=045 train_batch=10/392 running_loss=0.095733
2026-08-18 22:20:12 | INFO | epoch=045 train_batch=20/392 running_loss=0.095411
2026-08-18 22:20:13 | INFO | epoch=045 train_batch=30/392 running_loss=0.097437
2026-08-18 22:20:13 | INFO | epoch=045 train_batch=40/392 running_loss=0.098558
2026-08-18 22:20:13 | INFO | epoch=045 train_batch=50/392 running_loss=0.099324
2026-08-18 22:20:14 | INFO | epoch=045 train_batch=60/392 running_loss=0.098711
2026-08-18 22:20:14 | INFO | epoch=045 train_batch=70/392 running_loss=0.098804
2026-08-18 22:20:15 | INFO | epoch=045 train_batch=80/392 running_loss=0.099566
2026-08-18 22:20:15 | INFO | epoch=045 train_batch=90/392 running_loss=0.099260
2026-08-18 22:20:16 | INFO | epoch=045 train_batch=100/392 running_loss=0.099670
2026-08-18 22:20:16 | INFO | epoch=045 train_batch=110/392 running_loss=0.100373
2026-08-18 22:20:17 | INFO | epoch=045 train_batch=120/392 running_loss=0.100503
2026-08-18 22:20:17 | INFO | epoch=045 train_batch=130/392 running_loss=0.101135
2026-08-18 22:20:17 | INFO | epoch=045 train_batch=140/392 running_loss=0.100965
2026-08-18 22:20:18 | INFO | epoch=045 train_batch=150/392 running_loss=0.100791
2026-08-18 22:20:18 | INFO | epoch=045 train_batch=160/392 running_loss=0.100717
2026-08-18 22:20:19 | INFO | epoch=045 train_batch=170/392 running_loss=0.100558
2026-08-18 22:20:19 | INFO | epoch=045 train_batch=180/392 running_loss=0.100488
2026-08-18 22:20:20 | INFO | epoch=045 train_batch=190/392 running_loss=0.100374
2026-08-18 22:20:20 | INFO | epoch=045 train_batch=200/392 running_loss=0.100436
2026-08-18 22:20:21 | INFO | epoch=045 train_batch=210/392 running_loss=0.100246
2026-08-18 22:20:21 | INFO | epoch=045 train_batch=220/392 running_loss=0.100624
2026-08-18 22:20:22 | INFO | epoch=045 train_batch=230/392 running_loss=0.100754
2026-08-18 22:20:22 | INFO | epoch=045 train_batch=240/392 running_loss=0.100856
2026-08-18 22:20:22 | INFO | epoch=045 train_batch=250/392 running_loss=0.100587
2026-08-18 22:20:23 | INFO | epoch=045 train_batch=260/392 running_loss=0.100593
2026-08-18 22:20:23 | INFO | epoch=045 train_batch=270/392 running_loss=0.100585
2026-08-18 22:20:24 | INFO | epoch=045 train_batch=280/392 running_loss=0.100589
2026-08-18 22:20:24 | INFO | epoch=045 train_batch=290/392 running_loss=0.100633
2026-08-18 22:20:25 | INFO | epoch=045 train_batch=300/392 running_loss=0.100703
2026-08-18 22:20:25 | INFO | epoch=045 train_batch=310/392 running_loss=0.100624
2026-08-18 22:20:26 | INFO | epoch=045 train_batch=320/392 running_loss=0.100561
2026-08-18 22:20:26 | INFO | epoch=045 train_batch=330/392 running_loss=0.100534
2026-08-18 22:20:27 | INFO | epoch=045 train_batch=340/392 running_loss=0.100736
2026-08-18 22:20:27 | INFO | epoch=045 train_batch=350/392 running_loss=0.100724
2026-08-18 22:20:27 | INFO | epoch=045 train_batch=360/392 running_loss=0.100877
2026-08-18 22:20:28 | INFO | epoch=045 train_batch=370/392 running_loss=0.100903
2026-08-18 22:20:28 | INFO | epoch=045 train_batch=380/392 running_loss=0.100990
2026-08-18 22:20:29 | INFO | epoch=045 train_batch=390/392 running_loss=0.101083
2026-08-18 22:20:29 | INFO | epoch=045 train_batch=392/392 running_loss=0.101059
2026-08-18 22:20:30 | INFO | epoch=045 train_loss=0.101059 validation_loss=0.420489
2026-08-18 22:20:31 | INFO | epoch=046 train_batch=10/392 running_loss=0.104057
2026-08-18 22:20:31 | INFO | epoch=046 train_batch=20/392 running_loss=0.103408
2026-08-18 22:20:31 | INFO | epoch=046 train_batch=30/392 running_loss=0.102322
2026-08-18 22:20:32 | INFO | epoch=046 train_batch=40/392 running_loss=0.101708
2026-08-18 22:20:32 | INFO | epoch=046 train_batch=50/392 running_loss=0.101846
2026-08-18 22:20:33 | INFO | epoch=046 train_batch=60/392 running_loss=0.101585
2026-08-18 22:20:33 | INFO | epoch=046 train_batch=70/392 running_loss=0.100876
2026-08-18 22:20:34 | INFO | epoch=046 train_batch=80/392 running_loss=0.099887
2026-08-18 22:20:34 | INFO | epoch=046 train_batch=90/392 running_loss=0.099748
2026-08-18 22:20:35 | INFO | epoch=046 train_batch=100/392 running_loss=0.099682
2026-08-18 22:20:35 | INFO | epoch=046 train_batch=110/392 running_loss=0.098709
2026-08-18 22:20:35 | INFO | epoch=046 train_batch=120/392 running_loss=0.098947
2026-08-18 22:20:36 | INFO | epoch=046 train_batch=130/392 running_loss=0.098816
2026-08-18 22:20:36 | INFO | epoch=046 train_batch=140/392 running_loss=0.098814
2026-08-18 22:20:37 | INFO | epoch=046 train_batch=150/392 running_loss=0.098672
2026-08-18 22:20:37 | INFO | epoch=046 train_batch=160/392 running_loss=0.098846
2026-08-18 22:20:38 | INFO | epoch=046 train_batch=170/392 running_loss=0.098406
2026-08-18 22:20:38 | INFO | epoch=046 train_batch=180/392 running_loss=0.098459
2026-08-18 22:20:39 | INFO | epoch=046 train_batch=190/392 running_loss=0.098742
2026-08-18 22:20:39 | INFO | epoch=046 train_batch=200/392 running_loss=0.098871
2026-08-18 22:20:39 | INFO | epoch=046 train_batch=210/392 running_loss=0.098821
2026-08-18 22:20:40 | INFO | epoch=046 train_batch=220/392 running_loss=0.098770
2026-08-18 22:20:40 | INFO | epoch=046 train_batch=230/392 running_loss=0.098929
2026-08-18 22:20:41 | INFO | epoch=046 train_batch=240/392 running_loss=0.099071
2026-08-18 22:20:41 | INFO | epoch=046 train_batch=250/392 running_loss=0.098972
2026-08-18 22:20:42 | INFO | epoch=046 train_batch=260/392 running_loss=0.099213
2026-08-18 22:20:42 | INFO | epoch=046 train_batch=270/392 running_loss=0.099535
2026-08-18 22:20:43 | INFO | epoch=046 train_batch=280/392 running_loss=0.099409
2026-08-18 22:20:43 | INFO | epoch=046 train_batch=290/392 running_loss=0.099579
2026-08-18 22:20:43 | INFO | epoch=046 train_batch=300/392 running_loss=0.099582
2026-08-18 22:20:44 | INFO | epoch=046 train_batch=310/392 running_loss=0.099746
2026-08-18 22:20:44 | INFO | epoch=046 train_batch=320/392 running_loss=0.099887
2026-08-18 22:20:45 | INFO | epoch=046 train_batch=330/392 running_loss=0.100004
2026-08-18 22:20:45 | INFO | epoch=046 train_batch=340/392 running_loss=0.100137
2026-08-18 22:20:46 | INFO | epoch=046 train_batch=350/392 running_loss=0.100159
2026-08-18 22:20:46 | INFO | epoch=046 train_batch=360/392 running_loss=0.100070
2026-08-18 22:20:47 | INFO | epoch=046 train_batch=370/392 running_loss=0.100078
2026-08-18 22:20:47 | INFO | epoch=046 train_batch=380/392 running_loss=0.100152
2026-08-18 22:20:48 | INFO | epoch=046 train_batch=390/392 running_loss=0.100189
2026-08-18 22:20:48 | INFO | epoch=046 train_batch=392/392 running_loss=0.100143
2026-08-18 22:20:49 | INFO | epoch=046 train_loss=0.100143 validation_loss=0.410288
2026-08-18 22:20:49 | INFO | epoch=046 saved new best.pt
2026-08-18 22:20:49 | INFO | epoch=047 train_batch=10/392 running_loss=0.104220
2026-08-18 22:20:50 | INFO | epoch=047 train_batch=20/392 running_loss=0.100670
2026-08-18 22:20:50 | INFO | epoch=047 train_batch=30/392 running_loss=0.098720
2026-08-18 22:20:51 | INFO | epoch=047 train_batch=40/392 running_loss=0.099818
2026-08-18 22:20:51 | INFO | epoch=047 train_batch=50/392 running_loss=0.100888
2026-08-18 22:20:51 | INFO | epoch=047 train_batch=60/392 running_loss=0.101741
2026-08-18 22:20:52 | INFO | epoch=047 train_batch=70/392 running_loss=0.101845
2026-08-18 22:20:52 | INFO | epoch=047 train_batch=80/392 running_loss=0.101596
2026-08-18 22:20:53 | INFO | epoch=047 train_batch=90/392 running_loss=0.100642
2026-08-18 22:20:53 | INFO | epoch=047 train_batch=100/392 running_loss=0.100644
2026-08-18 22:20:54 | INFO | epoch=047 train_batch=110/392 running_loss=0.102158
2026-08-18 22:20:54 | INFO | epoch=047 train_batch=120/392 running_loss=0.102258
2026-08-18 22:20:55 | INFO | epoch=047 train_batch=130/392 running_loss=0.102288
2026-08-18 22:20:55 | INFO | epoch=047 train_batch=140/392 running_loss=0.101927
2026-08-18 22:20:56 | INFO | epoch=047 train_batch=150/392 running_loss=0.101930
2026-08-18 22:20:56 | INFO | epoch=047 train_batch=160/392 running_loss=0.101881
2026-08-18 22:20:56 | INFO | epoch=047 train_batch=170/392 running_loss=0.101700
2026-08-18 22:20:57 | INFO | epoch=047 train_batch=180/392 running_loss=0.101948
2026-08-18 22:20:57 | INFO | epoch=047 train_batch=190/392 running_loss=0.101649
2026-08-18 22:20:58 | INFO | epoch=047 train_batch=200/392 running_loss=0.101398
2026-08-18 22:20:58 | INFO | epoch=047 train_batch=210/392 running_loss=0.101313
2026-08-18 22:20:59 | INFO | epoch=047 train_batch=220/392 running_loss=0.101128
2026-08-18 22:20:59 | INFO | epoch=047 train_batch=230/392 running_loss=0.101103
2026-08-18 22:20:59 | INFO | epoch=047 train_batch=240/392 running_loss=0.101298
2026-08-18 22:21:00 | INFO | epoch=047 train_batch=250/392 running_loss=0.101407
2026-08-18 22:21:00 | INFO | epoch=047 train_batch=260/392 running_loss=0.101541
2026-08-18 22:21:01 | INFO | epoch=047 train_batch=270/392 running_loss=0.101510
2026-08-18 22:21:01 | INFO | epoch=047 train_batch=280/392 running_loss=0.101488
2026-08-18 22:21:02 | INFO | epoch=047 train_batch=290/392 running_loss=0.101766
2026-08-18 22:21:02 | INFO | epoch=047 train_batch=300/392 running_loss=0.101741
2026-08-18 22:21:03 | INFO | epoch=047 train_batch=310/392 running_loss=0.101698
2026-08-18 22:21:03 | INFO | epoch=047 train_batch=320/392 running_loss=0.101460
2026-08-18 22:21:04 | INFO | epoch=047 train_batch=330/392 running_loss=0.101433
2026-08-18 22:21:04 | INFO | epoch=047 train_batch=340/392 running_loss=0.101284
2026-08-18 22:21:04 | INFO | epoch=047 train_batch=350/392 running_loss=0.101228
2026-08-18 22:21:05 | INFO | epoch=047 train_batch=360/392 running_loss=0.101194
2026-08-18 22:21:05 | INFO | epoch=047 train_batch=370/392 running_loss=0.101115
2026-08-18 22:21:06 | INFO | epoch=047 train_batch=380/392 running_loss=0.101123
2026-08-18 22:21:06 | INFO | epoch=047 train_batch=390/392 running_loss=0.101068
2026-08-18 22:21:06 | INFO | epoch=047 train_batch=392/392 running_loss=0.101038
2026-08-18 22:21:07 | INFO | epoch=047 train_loss=0.101038 validation_loss=0.410791
2026-08-18 22:21:08 | INFO | epoch=048 train_batch=10/392 running_loss=0.099192
2026-08-18 22:21:08 | INFO | epoch=048 train_batch=20/392 running_loss=0.099971
2026-08-18 22:21:09 | INFO | epoch=048 train_batch=30/392 running_loss=0.101113
2026-08-18 22:21:09 | INFO | epoch=048 train_batch=40/392 running_loss=0.099803
2026-08-18 22:21:10 | INFO | epoch=048 train_batch=50/392 running_loss=0.099948
2026-08-18 22:21:10 | INFO | epoch=048 train_batch=60/392 running_loss=0.100419
2026-08-18 22:21:11 | INFO | epoch=048 train_batch=70/392 running_loss=0.099692
2026-08-18 22:21:11 | INFO | epoch=048 train_batch=80/392 running_loss=0.099372
2026-08-18 22:21:11 | INFO | epoch=048 train_batch=90/392 running_loss=0.098582
2026-08-18 22:21:12 | INFO | epoch=048 train_batch=100/392 running_loss=0.098942
2026-08-18 22:21:12 | INFO | epoch=048 train_batch=110/392 running_loss=0.099326
2026-08-18 22:21:13 | INFO | epoch=048 train_batch=120/392 running_loss=0.098815
2026-08-18 22:21:13 | INFO | epoch=048 train_batch=130/392 running_loss=0.099180
2026-08-18 22:21:14 | INFO | epoch=048 train_batch=140/392 running_loss=0.099388
2026-08-18 22:21:14 | INFO | epoch=048 train_batch=150/392 running_loss=0.099712
2026-08-18 22:21:15 | INFO | epoch=048 train_batch=160/392 running_loss=0.099730
2026-08-18 22:21:15 | INFO | epoch=048 train_batch=170/392 running_loss=0.100081
2026-08-18 22:21:16 | INFO | epoch=048 train_batch=180/392 running_loss=0.100124
2026-08-18 22:21:16 | INFO | epoch=048 train_batch=190/392 running_loss=0.099922
2026-08-18 22:21:16 | INFO | epoch=048 train_batch=200/392 running_loss=0.099538
2026-08-18 22:21:17 | INFO | epoch=048 train_batch=210/392 running_loss=0.099567
2026-08-18 22:21:17 | INFO | epoch=048 train_batch=220/392 running_loss=0.099337
2026-08-18 22:21:18 | INFO | epoch=048 train_batch=230/392 running_loss=0.099498
2026-08-18 22:21:18 | INFO | epoch=048 train_batch=240/392 running_loss=0.099740
2026-08-18 22:21:19 | INFO | epoch=048 train_batch=250/392 running_loss=0.099804
2026-08-18 22:21:19 | INFO | epoch=048 train_batch=260/392 running_loss=0.099682
2026-08-18 22:21:20 | INFO | epoch=048 train_batch=270/392 running_loss=0.099634
2026-08-18 22:21:20 | INFO | epoch=048 train_batch=280/392 running_loss=0.099670
2026-08-18 22:21:20 | INFO | epoch=048 train_batch=290/392 running_loss=0.099436
2026-08-18 22:21:21 | INFO | epoch=048 train_batch=300/392 running_loss=0.099327
2026-08-18 22:21:21 | INFO | epoch=048 train_batch=310/392 running_loss=0.099173
2026-08-18 22:21:22 | INFO | epoch=048 train_batch=320/392 running_loss=0.099148
2026-08-18 22:21:22 | INFO | epoch=048 train_batch=330/392 running_loss=0.099228
2026-08-18 22:21:23 | INFO | epoch=048 train_batch=340/392 running_loss=0.099205
2026-08-18 22:21:23 | INFO | epoch=048 train_batch=350/392 running_loss=0.099128
2026-08-18 22:21:24 | INFO | epoch=048 train_batch=360/392 running_loss=0.099229
2026-08-18 22:21:24 | INFO | epoch=048 train_batch=370/392 running_loss=0.098955
2026-08-18 22:21:25 | INFO | epoch=048 train_batch=380/392 running_loss=0.098898
2026-08-18 22:21:25 | INFO | epoch=048 train_batch=390/392 running_loss=0.099036
2026-08-18 22:21:25 | INFO | epoch=048 train_batch=392/392 running_loss=0.099054
2026-08-18 22:21:26 | INFO | epoch=048 train_loss=0.099054 validation_loss=0.413364
2026-08-18 22:21:27 | INFO | epoch=049 train_batch=10/392 running_loss=0.096851
2026-08-18 22:21:27 | INFO | epoch=049 train_batch=20/392 running_loss=0.102501
2026-08-18 22:21:28 | INFO | epoch=049 train_batch=30/392 running_loss=0.100838
2026-08-18 22:21:28 | INFO | epoch=049 train_batch=40/392 running_loss=0.102903
2026-08-18 22:21:29 | INFO | epoch=049 train_batch=50/392 running_loss=0.101588
2026-08-18 22:21:29 | INFO | epoch=049 train_batch=60/392 running_loss=0.100281
2026-08-18 22:21:29 | INFO | epoch=049 train_batch=70/392 running_loss=0.099620
2026-08-18 22:21:30 | INFO | epoch=049 train_batch=80/392 running_loss=0.099206
2026-08-18 22:21:30 | INFO | epoch=049 train_batch=90/392 running_loss=0.098270
2026-08-18 22:21:31 | INFO | epoch=049 train_batch=100/392 running_loss=0.098212
2026-08-18 22:21:31 | INFO | epoch=049 train_batch=110/392 running_loss=0.098198
2026-08-18 22:21:32 | INFO | epoch=049 train_batch=120/392 running_loss=0.098475
2026-08-18 22:21:32 | INFO | epoch=049 train_batch=130/392 running_loss=0.099214
2026-08-18 22:21:33 | INFO | epoch=049 train_batch=140/392 running_loss=0.099085
2026-08-18 22:21:33 | INFO | epoch=049 train_batch=150/392 running_loss=0.098511
2026-08-18 22:21:33 | INFO | epoch=049 train_batch=160/392 running_loss=0.098514
2026-08-18 22:21:34 | INFO | epoch=049 train_batch=170/392 running_loss=0.098350
2026-08-18 22:21:34 | INFO | epoch=049 train_batch=180/392 running_loss=0.098305
2026-08-18 22:21:35 | INFO | epoch=049 train_batch=190/392 running_loss=0.098416
2026-08-18 22:21:35 | INFO | epoch=049 train_batch=200/392 running_loss=0.098579
2026-08-18 22:21:36 | INFO | epoch=049 train_batch=210/392 running_loss=0.098487
2026-08-18 22:21:36 | INFO | epoch=049 train_batch=220/392 running_loss=0.098676
2026-08-18 22:21:37 | INFO | epoch=049 train_batch=230/392 running_loss=0.098702
2026-08-18 22:21:37 | INFO | epoch=049 train_batch=240/392 running_loss=0.098535
2026-08-18 22:21:38 | INFO | epoch=049 train_batch=250/392 running_loss=0.098469
2026-08-18 22:21:38 | INFO | epoch=049 train_batch=260/392 running_loss=0.098620
2026-08-18 22:21:38 | INFO | epoch=049 train_batch=270/392 running_loss=0.098449
2026-08-18 22:21:39 | INFO | epoch=049 train_batch=280/392 running_loss=0.098430
2026-08-18 22:21:39 | INFO | epoch=049 train_batch=290/392 running_loss=0.098533
2026-08-18 22:21:40 | INFO | epoch=049 train_batch=300/392 running_loss=0.098403
2026-08-18 22:21:40 | INFO | epoch=049 train_batch=310/392 running_loss=0.098425
2026-08-18 22:21:41 | INFO | epoch=049 train_batch=320/392 running_loss=0.098499
2026-08-18 22:21:41 | INFO | epoch=049 train_batch=330/392 running_loss=0.098348
2026-08-18 22:21:42 | INFO | epoch=049 train_batch=340/392 running_loss=0.098803
2026-08-18 22:21:42 | INFO | epoch=049 train_batch=350/392 running_loss=0.098702
2026-08-18 22:21:42 | INFO | epoch=049 train_batch=360/392 running_loss=0.098838
2026-08-18 22:21:43 | INFO | epoch=049 train_batch=370/392 running_loss=0.098853
2026-08-18 22:21:43 | INFO | epoch=049 train_batch=380/392 running_loss=0.098748
2026-08-18 22:21:44 | INFO | epoch=049 train_batch=390/392 running_loss=0.098836
2026-08-18 22:21:44 | INFO | epoch=049 train_batch=392/392 running_loss=0.098795
2026-08-18 22:21:45 | INFO | epoch=049 train_loss=0.098795 validation_loss=0.409957
2026-08-18 22:21:45 | INFO | epoch=049 saved new best.pt
2026-08-18 22:21:46 | INFO | epoch=050 train_batch=10/392 running_loss=0.092786
2026-08-18 22:21:46 | INFO | epoch=050 train_batch=20/392 running_loss=0.095703
2026-08-18 22:21:46 | INFO | epoch=050 train_batch=30/392 running_loss=0.097891
2026-08-18 22:21:47 | INFO | epoch=050 train_batch=40/392 running_loss=0.097638
2026-08-18 22:21:47 | INFO | epoch=050 train_batch=50/392 running_loss=0.096472
2026-08-18 22:21:48 | INFO | epoch=050 train_batch=60/392 running_loss=0.097422
2026-08-18 22:21:48 | INFO | epoch=050 train_batch=70/392 running_loss=0.096883
2026-08-18 22:21:49 | INFO | epoch=050 train_batch=80/392 running_loss=0.097044
2026-08-18 22:21:49 | INFO | epoch=050 train_batch=90/392 running_loss=0.097059
2026-08-18 22:21:50 | INFO | epoch=050 train_batch=100/392 running_loss=0.097064
2026-08-18 22:21:50 | INFO | epoch=050 train_batch=110/392 running_loss=0.097552
2026-08-18 22:21:50 | INFO | epoch=050 train_batch=120/392 running_loss=0.097741
2026-08-18 22:21:51 | INFO | epoch=050 train_batch=130/392 running_loss=0.097891
2026-08-18 22:21:51 | INFO | epoch=050 train_batch=140/392 running_loss=0.097883
2026-08-18 22:21:52 | INFO | epoch=050 train_batch=150/392 running_loss=0.097611
2026-08-18 22:21:52 | INFO | epoch=050 train_batch=160/392 running_loss=0.097395
2026-08-18 22:21:53 | INFO | epoch=050 train_batch=170/392 running_loss=0.097322
2026-08-18 22:21:53 | INFO | epoch=050 train_batch=180/392 running_loss=0.097126
2026-08-18 22:21:54 | INFO | epoch=050 train_batch=190/392 running_loss=0.096944
2026-08-18 22:21:54 | INFO | epoch=050 train_batch=200/392 running_loss=0.097306
2026-08-18 22:21:55 | INFO | epoch=050 train_batch=210/392 running_loss=0.097396
2026-08-18 22:21:55 | INFO | epoch=050 train_batch=220/392 running_loss=0.097477
2026-08-18 22:21:55 | INFO | epoch=050 train_batch=230/392 running_loss=0.098131
2026-08-18 22:21:56 | INFO | epoch=050 train_batch=240/392 running_loss=0.098014
2026-08-18 22:21:56 | INFO | epoch=050 train_batch=250/392 running_loss=0.098457
2026-08-18 22:21:57 | INFO | epoch=050 train_batch=260/392 running_loss=0.098572
2026-08-18 22:21:57 | INFO | epoch=050 train_batch=270/392 running_loss=0.098375
2026-08-18 22:21:58 | INFO | epoch=050 train_batch=280/392 running_loss=0.098369
2026-08-18 22:21:58 | INFO | epoch=050 train_batch=290/392 running_loss=0.098386
2026-08-18 22:21:59 | INFO | epoch=050 train_batch=300/392 running_loss=0.098506
2026-08-18 22:21:59 | INFO | epoch=050 train_batch=310/392 running_loss=0.098258
2026-08-18 22:22:00 | INFO | epoch=050 train_batch=320/392 running_loss=0.098284
2026-08-18 22:22:00 | INFO | epoch=050 train_batch=330/392 running_loss=0.098231
2026-08-18 22:22:00 | INFO | epoch=050 train_batch=340/392 running_loss=0.098343
2026-08-18 22:22:01 | INFO | epoch=050 train_batch=350/392 running_loss=0.098492
2026-08-18 22:22:01 | INFO | epoch=050 train_batch=360/392 running_loss=0.098355
2026-08-18 22:22:02 | INFO | epoch=050 train_batch=370/392 running_loss=0.098242
2026-08-18 22:22:02 | INFO | epoch=050 train_batch=380/392 running_loss=0.098528
2026-08-18 22:22:03 | INFO | epoch=050 train_batch=390/392 running_loss=0.098437
2026-08-18 22:22:03 | INFO | epoch=050 train_batch=392/392 running_loss=0.098463
2026-08-18 22:22:04 | INFO | epoch=050 train_loss=0.098463 validation_loss=0.408797
2026-08-18 22:22:04 | INFO | epoch=050 saved new best.pt
2026-08-18 22:22:04 | INFO | Best validation loss: 0.408797; checkpoints saved in /bigdata/users/90967055/fuzzyDynamics/NeurIPS_Fuzzy_Dynamics_code/results/fuzzy_dynamics_20260818_220457_481605/checkpoint
