2026-08-19 19:39:15 | INFO | Log file: /bigdata/users/90967055/fuzzyDynamics/NeurIPS_Fuzzy_Dynamics_code/logs/fuzzy_dynamics_20260819_193911_669122/train_fuzzy_dynamics_20260819_193915_320302.log
2026-08-19 19:39:15 | INFO | Arguments: {'activations': '/bigdata/users/90967055/fuzzyDynamics/NeurIPS_Fuzzy_Dynamics_code/cache/socrates_llama3_8b_tuned_full.pt', 'results_root': '/bigdata/users/90967055/fuzzyDynamics/NeurIPS_Fuzzy_Dynamics_code/results', 'experiment_time': '20260819_193911_669122', 'config': '/bigdata/users/90967055/fuzzyDynamics/NeurIPS_Fuzzy_Dynamics_code/configs/fuzzy_dynamics_layer.json', 'device': 'cuda', 'seed': 43, 'log_dir': '/bigdata/users/90967055/fuzzyDynamics/NeurIPS_Fuzzy_Dynamics_code/logs', 'log_every_batches': 10}
2026-08-19 19:39:15 | INFO | experiment_time=20260819_193911_669122
2026-08-19 19:39:42 | INFO | split_by=category train=6959 validation=273
2026-08-19 19:39:42 | INFO | Fitting shared frozen PCA projectors on 8192 training states across all layers
2026-08-19 19:39:45 | INFO | Fitted block-balanced delta scales: min=0.114565 median=0.610125 max=0.99716
2026-08-19 19:39:50 | INFO | Checkpoints: /bigdata/users/90967055/fuzzyDynamics/NeurIPS_Fuzzy_Dynamics_code/results/fuzzy_dynamics_20260819_193911_669122/checkpoint
2026-08-19 19:39:50 | INFO | Training results: /bigdata/users/90967055/fuzzyDynamics/NeurIPS_Fuzzy_Dynamics_code/results/fuzzy_dynamics_20260819_193911_669122/training
2026-08-19 19:39:51 | INFO | epoch=001 train_batch=10/435 running_loss=1.060037
2026-08-19 19:39:52 | INFO | epoch=001 train_batch=20/435 running_loss=0.961576
2026-08-19 19:39:52 | INFO | epoch=001 train_batch=30/435 running_loss=0.897757
2026-08-19 19:39:52 | INFO | epoch=001 train_batch=40/435 running_loss=0.847558
2026-08-19 19:39:52 | INFO | epoch=001 train_batch=50/435 running_loss=0.801665
2026-08-19 19:39:53 | INFO | epoch=001 train_batch=60/435 running_loss=0.765364
2026-08-19 19:39:53 | INFO | epoch=001 train_batch=70/435 running_loss=0.732523
2026-08-19 19:39:53 | INFO | epoch=001 train_batch=80/435 running_loss=0.703479
2026-08-19 19:39:53 | INFO | epoch=001 train_batch=90/435 running_loss=0.678901
2026-08-19 19:39:54 | INFO | epoch=001 train_batch=100/435 running_loss=0.654204
2026-08-19 19:39:54 | INFO | epoch=001 train_batch=110/435 running_loss=0.633680
2026-08-19 19:39:54 | INFO | epoch=001 train_batch=120/435 running_loss=0.614092
2026-08-19 19:39:54 | INFO | epoch=001 train_batch=130/435 running_loss=0.595972
2026-08-19 19:39:55 | INFO | epoch=001 train_batch=140/435 running_loss=0.579537
2026-08-19 19:39:55 | INFO | epoch=001 train_batch=150/435 running_loss=0.562176
2026-08-19 19:39:55 | INFO | epoch=001 train_batch=160/435 running_loss=0.548280
2026-08-19 19:39:55 | INFO | epoch=001 train_batch=170/435 running_loss=0.534000
2026-08-19 19:39:55 | INFO | epoch=001 train_batch=180/435 running_loss=0.521169
2026-08-19 19:39:56 | INFO | epoch=001 train_batch=190/435 running_loss=0.508853
2026-08-19 19:39:56 | INFO | epoch=001 train_batch=200/435 running_loss=0.498296
2026-08-19 19:39:56 | INFO | epoch=001 train_batch=210/435 running_loss=0.487900
2026-08-19 19:39:56 | INFO | epoch=001 train_batch=220/435 running_loss=0.478173
2026-08-19 19:39:57 | INFO | epoch=001 train_batch=230/435 running_loss=0.468443
2026-08-19 19:39:57 | INFO | epoch=001 train_batch=240/435 running_loss=0.459664
2026-08-19 19:39:57 | INFO | epoch=001 train_batch=250/435 running_loss=0.451237
2026-08-19 19:39:57 | INFO | epoch=001 train_batch=260/435 running_loss=0.443266
2026-08-19 19:39:58 | INFO | epoch=001 train_batch=270/435 running_loss=0.435725
2026-08-19 19:39:58 | INFO | epoch=001 train_batch=280/435 running_loss=0.428380
2026-08-19 19:39:58 | INFO | epoch=001 train_batch=290/435 running_loss=0.421538
2026-08-19 19:39:58 | INFO | epoch=001 train_batch=300/435 running_loss=0.415058
2026-08-19 19:39:59 | INFO | epoch=001 train_batch=310/435 running_loss=0.408859
2026-08-19 19:39:59 | INFO | epoch=001 train_batch=320/435 running_loss=0.403095
2026-08-19 19:39:59 | INFO | epoch=001 train_batch=330/435 running_loss=0.398312
2026-08-19 19:39:59 | INFO | epoch=001 train_batch=340/435 running_loss=0.392499
2026-08-19 19:40:00 | INFO | epoch=001 train_batch=350/435 running_loss=0.387090
2026-08-19 19:40:00 | INFO | epoch=001 train_batch=360/435 running_loss=0.382256
2026-08-19 19:40:00 | INFO | epoch=001 train_batch=370/435 running_loss=0.377357
2026-08-19 19:40:00 | INFO | epoch=001 train_batch=380/435 running_loss=0.372755
2026-08-19 19:40:01 | INFO | epoch=001 train_batch=390/435 running_loss=0.368704
2026-08-19 19:40:01 | INFO | epoch=001 train_batch=400/435 running_loss=0.364391
2026-08-19 19:40:01 | INFO | epoch=001 train_batch=410/435 running_loss=0.360198
2026-08-19 19:40:01 | INFO | epoch=001 train_batch=420/435 running_loss=0.356385
2026-08-19 19:40:02 | INFO | epoch=001 train_batch=430/435 running_loss=0.352374
2026-08-19 19:40:02 | INFO | epoch=001 train_batch=435/435 running_loss=0.350470
2026-08-19 19:40:02 | INFO | epoch=001 train_loss=0.350470 validation_loss=0.283837
2026-08-19 19:40:02 | INFO | epoch=001 saved new best.pt
2026-08-19 19:40:02 | INFO | epoch=002 train_batch=10/435 running_loss=0.174056
2026-08-19 19:40:03 | INFO | epoch=002 train_batch=20/435 running_loss=0.180258
2026-08-19 19:40:03 | INFO | epoch=002 train_batch=30/435 running_loss=0.176844
2026-08-19 19:40:03 | INFO | epoch=002 train_batch=40/435 running_loss=0.179597
2026-08-19 19:40:03 | INFO | epoch=002 train_batch=50/435 running_loss=0.178194
2026-08-19 19:40:04 | INFO | epoch=002 train_batch=60/435 running_loss=0.177063
2026-08-19 19:40:04 | INFO | epoch=002 train_batch=70/435 running_loss=0.178561
2026-08-19 19:40:04 | INFO | epoch=002 train_batch=80/435 running_loss=0.178273
2026-08-19 19:40:04 | INFO | epoch=002 train_batch=90/435 running_loss=0.177043
2026-08-19 19:40:05 | INFO | epoch=002 train_batch=100/435 running_loss=0.176272
2026-08-19 19:40:05 | INFO | epoch=002 train_batch=110/435 running_loss=0.175628
2026-08-19 19:40:05 | INFO | epoch=002 train_batch=120/435 running_loss=0.174665
2026-08-19 19:40:05 | INFO | epoch=002 train_batch=130/435 running_loss=0.173733
2026-08-19 19:40:06 | INFO | epoch=002 train_batch=140/435 running_loss=0.173151
2026-08-19 19:40:06 | INFO | epoch=002 train_batch=150/435 running_loss=0.172429
2026-08-19 19:40:06 | INFO | epoch=002 train_batch=160/435 running_loss=0.171394
2026-08-19 19:40:06 | INFO | epoch=002 train_batch=170/435 running_loss=0.171337
2026-08-19 19:40:07 | INFO | epoch=002 train_batch=180/435 running_loss=0.170490
2026-08-19 19:40:07 | INFO | epoch=002 train_batch=190/435 running_loss=0.169842
2026-08-19 19:40:07 | INFO | epoch=002 train_batch=200/435 running_loss=0.169169
2026-08-19 19:40:07 | INFO | epoch=002 train_batch=210/435 running_loss=0.168546
2026-08-19 19:40:08 | INFO | epoch=002 train_batch=220/435 running_loss=0.168146
2026-08-19 19:40:08 | INFO | epoch=002 train_batch=230/435 running_loss=0.167729
2026-08-19 19:40:08 | INFO | epoch=002 train_batch=240/435 running_loss=0.167149
2026-08-19 19:40:08 | INFO | epoch=002 train_batch=250/435 running_loss=0.166524
2026-08-19 19:40:08 | INFO | epoch=002 train_batch=260/435 running_loss=0.165670
2026-08-19 19:40:09 | INFO | epoch=002 train_batch=270/435 running_loss=0.164902
2026-08-19 19:40:09 | INFO | epoch=002 train_batch=280/435 running_loss=0.164629
2026-08-19 19:40:09 | INFO | epoch=002 train_batch=290/435 running_loss=0.164034
2026-08-19 19:40:09 | INFO | epoch=002 train_batch=300/435 running_loss=0.163683
2026-08-19 19:40:10 | INFO | epoch=002 train_batch=310/435 running_loss=0.162858
2026-08-19 19:40:10 | INFO | epoch=002 train_batch=320/435 running_loss=0.162153
2026-08-19 19:40:10 | INFO | epoch=002 train_batch=330/435 running_loss=0.161658
2026-08-19 19:40:10 | INFO | epoch=002 train_batch=340/435 running_loss=0.160975
2026-08-19 19:40:11 | INFO | epoch=002 train_batch=350/435 running_loss=0.160520
2026-08-19 19:40:11 | INFO | epoch=002 train_batch=360/435 running_loss=0.159967
2026-08-19 19:40:11 | INFO | epoch=002 train_batch=370/435 running_loss=0.159412
2026-08-19 19:40:11 | INFO | epoch=002 train_batch=380/435 running_loss=0.158914
2026-08-19 19:40:12 | INFO | epoch=002 train_batch=390/435 running_loss=0.158416
2026-08-19 19:40:12 | INFO | epoch=002 train_batch=400/435 running_loss=0.157920
2026-08-19 19:40:12 | INFO | epoch=002 train_batch=410/435 running_loss=0.157181
2026-08-19 19:40:12 | INFO | epoch=002 train_batch=420/435 running_loss=0.156551
2026-08-19 19:40:13 | INFO | epoch=002 train_batch=430/435 running_loss=0.156072
2026-08-19 19:40:13 | INFO | epoch=002 train_batch=435/435 running_loss=0.155895
2026-08-19 19:40:13 | INFO | epoch=002 train_loss=0.155895 validation_loss=0.224851
2026-08-19 19:40:13 | INFO | epoch=002 saved new best.pt
2026-08-19 19:40:13 | INFO | epoch=003 train_batch=10/435 running_loss=0.146671
2026-08-19 19:40:13 | INFO | epoch=003 train_batch=20/435 running_loss=0.141446
2026-08-19 19:40:14 | INFO | epoch=003 train_batch=30/435 running_loss=0.135980
2026-08-19 19:40:14 | INFO | epoch=003 train_batch=40/435 running_loss=0.133807
2026-08-19 19:40:14 | INFO | epoch=003 train_batch=50/435 running_loss=0.133632
2026-08-19 19:40:14 | INFO | epoch=003 train_batch=60/435 running_loss=0.132401
2026-08-19 19:40:15 | INFO | epoch=003 train_batch=70/435 running_loss=0.131010
2026-08-19 19:40:15 | INFO | epoch=003 train_batch=80/435 running_loss=0.130724
2026-08-19 19:40:15 | INFO | epoch=003 train_batch=90/435 running_loss=0.129905
2026-08-19 19:40:15 | INFO | epoch=003 train_batch=100/435 running_loss=0.129891
2026-08-19 19:40:16 | INFO | epoch=003 train_batch=110/435 running_loss=0.129503
2026-08-19 19:40:16 | INFO | epoch=003 train_batch=120/435 running_loss=0.129733
2026-08-19 19:40:16 | INFO | epoch=003 train_batch=130/435 running_loss=0.128528
2026-08-19 19:40:16 | INFO | epoch=003 train_batch=140/435 running_loss=0.128192
2026-08-19 19:40:17 | INFO | epoch=003 train_batch=150/435 running_loss=0.127663
2026-08-19 19:40:17 | INFO | epoch=003 train_batch=160/435 running_loss=0.127213
2026-08-19 19:40:17 | INFO | epoch=003 train_batch=170/435 running_loss=0.126770
2026-08-19 19:40:17 | INFO | epoch=003 train_batch=180/435 running_loss=0.126466
2026-08-19 19:40:18 | INFO | epoch=003 train_batch=190/435 running_loss=0.126832
2026-08-19 19:40:18 | INFO | epoch=003 train_batch=200/435 running_loss=0.126700
2026-08-19 19:40:18 | INFO | epoch=003 train_batch=210/435 running_loss=0.126575
2026-08-19 19:40:18 | INFO | epoch=003 train_batch=220/435 running_loss=0.126477
2026-08-19 19:40:19 | INFO | epoch=003 train_batch=230/435 running_loss=0.126004
2026-08-19 19:40:19 | INFO | epoch=003 train_batch=240/435 running_loss=0.125592
2026-08-19 19:40:19 | INFO | epoch=003 train_batch=250/435 running_loss=0.125734
2026-08-19 19:40:19 | INFO | epoch=003 train_batch=260/435 running_loss=0.125546
2026-08-19 19:40:20 | INFO | epoch=003 train_batch=270/435 running_loss=0.125140
2026-08-19 19:40:20 | INFO | epoch=003 train_batch=280/435 running_loss=0.125034
2026-08-19 19:40:20 | INFO | epoch=003 train_batch=290/435 running_loss=0.124851
2026-08-19 19:40:20 | INFO | epoch=003 train_batch=300/435 running_loss=0.124247
2026-08-19 19:40:21 | INFO | epoch=003 train_batch=310/435 running_loss=0.123952
2026-08-19 19:40:21 | INFO | epoch=003 train_batch=320/435 running_loss=0.123984
2026-08-19 19:40:21 | INFO | epoch=003 train_batch=330/435 running_loss=0.124070
2026-08-19 19:40:21 | INFO | epoch=003 train_batch=340/435 running_loss=0.123809
2026-08-19 19:40:22 | INFO | epoch=003 train_batch=350/435 running_loss=0.123630
2026-08-19 19:40:22 | INFO | epoch=003 train_batch=360/435 running_loss=0.123409
2026-08-19 19:40:22 | INFO | epoch=003 train_batch=370/435 running_loss=0.123220
2026-08-19 19:40:22 | INFO | epoch=003 train_batch=380/435 running_loss=0.122910
2026-08-19 19:40:23 | INFO | epoch=003 train_batch=390/435 running_loss=0.122522
2026-08-19 19:40:23 | INFO | epoch=003 train_batch=400/435 running_loss=0.122238
2026-08-19 19:40:23 | INFO | epoch=003 train_batch=410/435 running_loss=0.121926
2026-08-19 19:40:23 | INFO | epoch=003 train_batch=420/435 running_loss=0.121662
2026-08-19 19:40:24 | INFO | epoch=003 train_batch=430/435 running_loss=0.121277
2026-08-19 19:40:24 | INFO | epoch=003 train_batch=435/435 running_loss=0.121034
2026-08-19 19:40:24 | INFO | epoch=003 train_loss=0.121034 validation_loss=0.199890
2026-08-19 19:40:24 | INFO | epoch=003 saved new best.pt
2026-08-19 19:40:24 | INFO | epoch=004 train_batch=10/435 running_loss=0.113665
2026-08-19 19:40:25 | INFO | epoch=004 train_batch=20/435 running_loss=0.108910
2026-08-19 19:40:25 | INFO | epoch=004 train_batch=30/435 running_loss=0.110116
2026-08-19 19:40:25 | INFO | epoch=004 train_batch=40/435 running_loss=0.106198
2026-08-19 19:40:25 | INFO | epoch=004 train_batch=50/435 running_loss=0.107274
2026-08-19 19:40:26 | INFO | epoch=004 train_batch=60/435 running_loss=0.107442
2026-08-19 19:40:26 | INFO | epoch=004 train_batch=70/435 running_loss=0.106783
2026-08-19 19:40:26 | INFO | epoch=004 train_batch=80/435 running_loss=0.107002
2026-08-19 19:40:26 | INFO | epoch=004 train_batch=90/435 running_loss=0.106345
2026-08-19 19:40:26 | INFO | epoch=004 train_batch=100/435 running_loss=0.106014
2026-08-19 19:40:27 | INFO | epoch=004 train_batch=110/435 running_loss=0.106247
2026-08-19 19:40:27 | INFO | epoch=004 train_batch=120/435 running_loss=0.106172
2026-08-19 19:40:27 | INFO | epoch=004 train_batch=130/435 running_loss=0.106314
2026-08-19 19:40:27 | INFO | epoch=004 train_batch=140/435 running_loss=0.106115
2026-08-19 19:40:28 | INFO | epoch=004 train_batch=150/435 running_loss=0.106351
2026-08-19 19:40:28 | INFO | epoch=004 train_batch=160/435 running_loss=0.106388
2026-08-19 19:40:28 | INFO | epoch=004 train_batch=170/435 running_loss=0.106930
2026-08-19 19:40:28 | INFO | epoch=004 train_batch=180/435 running_loss=0.106458
2026-08-19 19:40:29 | INFO | epoch=004 train_batch=190/435 running_loss=0.106264
2026-08-19 19:40:29 | INFO | epoch=004 train_batch=200/435 running_loss=0.105733
2026-08-19 19:40:29 | INFO | epoch=004 train_batch=210/435 running_loss=0.105646
2026-08-19 19:40:29 | INFO | epoch=004 train_batch=220/435 running_loss=0.105339
2026-08-19 19:40:30 | INFO | epoch=004 train_batch=230/435 running_loss=0.105404
2026-08-19 19:40:30 | INFO | epoch=004 train_batch=240/435 running_loss=0.104941
2026-08-19 19:40:30 | INFO | epoch=004 train_batch=250/435 running_loss=0.104747
2026-08-19 19:40:30 | INFO | epoch=004 train_batch=260/435 running_loss=0.104826
2026-08-19 19:40:31 | INFO | epoch=004 train_batch=270/435 running_loss=0.104643
2026-08-19 19:40:31 | INFO | epoch=004 train_batch=280/435 running_loss=0.104470
2026-08-19 19:40:31 | INFO | epoch=004 train_batch=290/435 running_loss=0.104602
2026-08-19 19:40:31 | INFO | epoch=004 train_batch=300/435 running_loss=0.104706
2026-08-19 19:40:32 | INFO | epoch=004 train_batch=310/435 running_loss=0.104696
2026-08-19 19:40:32 | INFO | epoch=004 train_batch=320/435 running_loss=0.104580
2026-08-19 19:40:32 | INFO | epoch=004 train_batch=330/435 running_loss=0.104492
2026-08-19 19:40:32 | INFO | epoch=004 train_batch=340/435 running_loss=0.104558
2026-08-19 19:40:32 | INFO | epoch=004 train_batch=350/435 running_loss=0.104501
2026-08-19 19:40:33 | INFO | epoch=004 train_batch=360/435 running_loss=0.104430
2026-08-19 19:40:33 | INFO | epoch=004 train_batch=370/435 running_loss=0.104262
2026-08-19 19:40:33 | INFO | epoch=004 train_batch=380/435 running_loss=0.104265
2026-08-19 19:40:33 | INFO | epoch=004 train_batch=390/435 running_loss=0.103987
2026-08-19 19:40:34 | INFO | epoch=004 train_batch=400/435 running_loss=0.103844
2026-08-19 19:40:34 | INFO | epoch=004 train_batch=410/435 running_loss=0.103787
2026-08-19 19:40:34 | INFO | epoch=004 train_batch=420/435 running_loss=0.103749
2026-08-19 19:40:34 | INFO | epoch=004 train_batch=430/435 running_loss=0.103644
2026-08-19 19:40:34 | INFO | epoch=004 train_batch=435/435 running_loss=0.103605
2026-08-19 19:40:35 | INFO | epoch=004 train_loss=0.103605 validation_loss=0.185146
2026-08-19 19:40:35 | INFO | epoch=004 saved new best.pt
2026-08-19 19:40:35 | INFO | epoch=005 train_batch=10/435 running_loss=0.087627
2026-08-19 19:40:35 | INFO | epoch=005 train_batch=20/435 running_loss=0.093555
2026-08-19 19:40:36 | INFO | epoch=005 train_batch=30/435 running_loss=0.096059
2026-08-19 19:40:36 | INFO | epoch=005 train_batch=40/435 running_loss=0.096080
2026-08-19 19:40:36 | INFO | epoch=005 train_batch=50/435 running_loss=0.096385
2026-08-19 19:40:36 | INFO | epoch=005 train_batch=60/435 running_loss=0.096910
2026-08-19 19:40:37 | INFO | epoch=005 train_batch=70/435 running_loss=0.097137
2026-08-19 19:40:37 | INFO | epoch=005 train_batch=80/435 running_loss=0.096162
2026-08-19 19:40:37 | INFO | epoch=005 train_batch=90/435 running_loss=0.095947
2026-08-19 19:40:37 | INFO | epoch=005 train_batch=100/435 running_loss=0.095860
2026-08-19 19:40:37 | INFO | epoch=005 train_batch=110/435 running_loss=0.095726
2026-08-19 19:40:38 | INFO | epoch=005 train_batch=120/435 running_loss=0.095811
2026-08-19 19:40:38 | INFO | epoch=005 train_batch=130/435 running_loss=0.096014
2026-08-19 19:40:38 | INFO | epoch=005 train_batch=140/435 running_loss=0.095927
2026-08-19 19:40:38 | INFO | epoch=005 train_batch=150/435 running_loss=0.096251
2026-08-19 19:40:39 | INFO | epoch=005 train_batch=160/435 running_loss=0.096093
2026-08-19 19:40:39 | INFO | epoch=005 train_batch=170/435 running_loss=0.096213
2026-08-19 19:40:39 | INFO | epoch=005 train_batch=180/435 running_loss=0.096117
2026-08-19 19:40:39 | INFO | epoch=005 train_batch=190/435 running_loss=0.095979
2026-08-19 19:40:40 | INFO | epoch=005 train_batch=200/435 running_loss=0.095668
2026-08-19 19:40:40 | INFO | epoch=005 train_batch=210/435 running_loss=0.095776
2026-08-19 19:40:40 | INFO | epoch=005 train_batch=220/435 running_loss=0.095748
2026-08-19 19:40:40 | INFO | epoch=005 train_batch=230/435 running_loss=0.095855
2026-08-19 19:40:41 | INFO | epoch=005 train_batch=240/435 running_loss=0.095557
2026-08-19 19:40:41 | INFO | epoch=005 train_batch=250/435 running_loss=0.095360
2026-08-19 19:40:41 | INFO | epoch=005 train_batch=260/435 running_loss=0.095063
2026-08-19 19:40:41 | INFO | epoch=005 train_batch=270/435 running_loss=0.094989
2026-08-19 19:40:42 | INFO | epoch=005 train_batch=280/435 running_loss=0.094869
2026-08-19 19:40:42 | INFO | epoch=005 train_batch=290/435 running_loss=0.094776
2026-08-19 19:40:42 | INFO | epoch=005 train_batch=300/435 running_loss=0.094580
2026-08-19 19:40:42 | INFO | epoch=005 train_batch=310/435 running_loss=0.094303
2026-08-19 19:40:42 | INFO | epoch=005 train_batch=320/435 running_loss=0.094359
2026-08-19 19:40:43 | INFO | epoch=005 train_batch=330/435 running_loss=0.094247
2026-08-19 19:40:43 | INFO | epoch=005 train_batch=340/435 running_loss=0.094058
2026-08-19 19:40:43 | INFO | epoch=005 train_batch=350/435 running_loss=0.093987
2026-08-19 19:40:43 | INFO | epoch=005 train_batch=360/435 running_loss=0.093850
2026-08-19 19:40:44 | INFO | epoch=005 train_batch=370/435 running_loss=0.093697
2026-08-19 19:40:44 | INFO | epoch=005 train_batch=380/435 running_loss=0.093545
2026-08-19 19:40:44 | INFO | epoch=005 train_batch=390/435 running_loss=0.093357
2026-08-19 19:40:44 | INFO | epoch=005 train_batch=400/435 running_loss=0.093140
2026-08-19 19:40:45 | INFO | epoch=005 train_batch=410/435 running_loss=0.092912
2026-08-19 19:40:45 | INFO | epoch=005 train_batch=420/435 running_loss=0.092812
2026-08-19 19:40:45 | INFO | epoch=005 train_batch=430/435 running_loss=0.092751
2026-08-19 19:40:45 | INFO | epoch=005 train_batch=435/435 running_loss=0.092660
2026-08-19 19:40:45 | INFO | epoch=005 train_loss=0.092660 validation_loss=0.175088
2026-08-19 19:40:45 | INFO | epoch=005 saved new best.pt
2026-08-19 19:40:46 | INFO | epoch=006 train_batch=10/435 running_loss=0.081621
2026-08-19 19:40:46 | INFO | epoch=006 train_batch=20/435 running_loss=0.084974
2026-08-19 19:40:46 | INFO | epoch=006 train_batch=30/435 running_loss=0.085868
2026-08-19 19:40:46 | INFO | epoch=006 train_batch=40/435 running_loss=0.084906
2026-08-19 19:40:47 | INFO | epoch=006 train_batch=50/435 running_loss=0.085962
2026-08-19 19:40:47 | INFO | epoch=006 train_batch=60/435 running_loss=0.085397
2026-08-19 19:40:47 | INFO | epoch=006 train_batch=70/435 running_loss=0.085237
2026-08-19 19:40:47 | INFO | epoch=006 train_batch=80/435 running_loss=0.085523
2026-08-19 19:40:48 | INFO | epoch=006 train_batch=90/435 running_loss=0.086094
2026-08-19 19:40:48 | INFO | epoch=006 train_batch=100/435 running_loss=0.086202
2026-08-19 19:40:48 | INFO | epoch=006 train_batch=110/435 running_loss=0.086219
2026-08-19 19:40:48 | INFO | epoch=006 train_batch=120/435 running_loss=0.086252
2026-08-19 19:40:49 | INFO | epoch=006 train_batch=130/435 running_loss=0.086720
2026-08-19 19:40:49 | INFO | epoch=006 train_batch=140/435 running_loss=0.086888
2026-08-19 19:40:49 | INFO | epoch=006 train_batch=150/435 running_loss=0.086691
2026-08-19 19:40:49 | INFO | epoch=006 train_batch=160/435 running_loss=0.086652
2026-08-19 19:40:49 | INFO | epoch=006 train_batch=170/435 running_loss=0.086077
2026-08-19 19:40:50 | INFO | epoch=006 train_batch=180/435 running_loss=0.085941
2026-08-19 19:40:50 | INFO | epoch=006 train_batch=190/435 running_loss=0.085862
2026-08-19 19:40:50 | INFO | epoch=006 train_batch=200/435 running_loss=0.085859
2026-08-19 19:40:50 | INFO | epoch=006 train_batch=210/435 running_loss=0.085907
2026-08-19 19:40:51 | INFO | epoch=006 train_batch=220/435 running_loss=0.086137
2026-08-19 19:40:51 | INFO | epoch=006 train_batch=230/435 running_loss=0.085978
2026-08-19 19:40:51 | INFO | epoch=006 train_batch=240/435 running_loss=0.085850
2026-08-19 19:40:51 | INFO | epoch=006 train_batch=250/435 running_loss=0.085825
2026-08-19 19:40:52 | INFO | epoch=006 train_batch=260/435 running_loss=0.085935
2026-08-19 19:40:52 | INFO | epoch=006 train_batch=270/435 running_loss=0.086047
2026-08-19 19:40:52 | INFO | epoch=006 train_batch=280/435 running_loss=0.085966
2026-08-19 19:40:52 | INFO | epoch=006 train_batch=290/435 running_loss=0.085763
2026-08-19 19:40:53 | INFO | epoch=006 train_batch=300/435 running_loss=0.085625
2026-08-19 19:40:53 | INFO | epoch=006 train_batch=310/435 running_loss=0.085602
2026-08-19 19:40:53 | INFO | epoch=006 train_batch=320/435 running_loss=0.085586
2026-08-19 19:40:53 | INFO | epoch=006 train_batch=330/435 running_loss=0.085556
2026-08-19 19:40:53 | INFO | epoch=006 train_batch=340/435 running_loss=0.085608
2026-08-19 19:40:54 | INFO | epoch=006 train_batch=350/435 running_loss=0.085641
2026-08-19 19:40:54 | INFO | epoch=006 train_batch=360/435 running_loss=0.085766
2026-08-19 19:40:54 | INFO | epoch=006 train_batch=370/435 running_loss=0.085776
2026-08-19 19:40:54 | INFO | epoch=006 train_batch=380/435 running_loss=0.085646
2026-08-19 19:40:55 | INFO | epoch=006 train_batch=390/435 running_loss=0.085457
2026-08-19 19:40:55 | INFO | epoch=006 train_batch=400/435 running_loss=0.085450
2026-08-19 19:40:55 | INFO | epoch=006 train_batch=410/435 running_loss=0.085359
2026-08-19 19:40:55 | INFO | epoch=006 train_batch=420/435 running_loss=0.085200
2026-08-19 19:40:56 | INFO | epoch=006 train_batch=430/435 running_loss=0.085063
2026-08-19 19:40:56 | INFO | epoch=006 train_batch=435/435 running_loss=0.085104
2026-08-19 19:40:56 | INFO | epoch=006 train_loss=0.085104 validation_loss=0.162952
2026-08-19 19:40:56 | INFO | epoch=006 saved new best.pt
2026-08-19 19:40:56 | INFO | epoch=007 train_batch=10/435 running_loss=0.080698
2026-08-19 19:40:56 | INFO | epoch=007 train_batch=20/435 running_loss=0.078046
2026-08-19 19:40:57 | INFO | epoch=007 train_batch=30/435 running_loss=0.078855
2026-08-19 19:40:57 | INFO | epoch=007 train_batch=40/435 running_loss=0.080177
2026-08-19 19:40:57 | INFO | epoch=007 train_batch=50/435 running_loss=0.080250
2026-08-19 19:40:57 | INFO | epoch=007 train_batch=60/435 running_loss=0.080923
2026-08-19 19:40:58 | INFO | epoch=007 train_batch=70/435 running_loss=0.080278
2026-08-19 19:40:58 | INFO | epoch=007 train_batch=80/435 running_loss=0.079934
2026-08-19 19:40:58 | INFO | epoch=007 train_batch=90/435 running_loss=0.079843
2026-08-19 19:40:58 | INFO | epoch=007 train_batch=100/435 running_loss=0.079739
2026-08-19 19:40:59 | INFO | epoch=007 train_batch=110/435 running_loss=0.079808
2026-08-19 19:40:59 | INFO | epoch=007 train_batch=120/435 running_loss=0.080144
2026-08-19 19:40:59 | INFO | epoch=007 train_batch=130/435 running_loss=0.080192
2026-08-19 19:40:59 | INFO | epoch=007 train_batch=140/435 running_loss=0.080204
2026-08-19 19:40:59 | INFO | epoch=007 train_batch=150/435 running_loss=0.080166
2026-08-19 19:41:00 | INFO | epoch=007 train_batch=160/435 running_loss=0.079905
2026-08-19 19:41:00 | INFO | epoch=007 train_batch=170/435 running_loss=0.079771
2026-08-19 19:41:00 | INFO | epoch=007 train_batch=180/435 running_loss=0.079690
2026-08-19 19:41:00 | INFO | epoch=007 train_batch=190/435 running_loss=0.079585
2026-08-19 19:41:01 | INFO | epoch=007 train_batch=200/435 running_loss=0.079660
2026-08-19 19:41:01 | INFO | epoch=007 train_batch=210/435 running_loss=0.079844
2026-08-19 19:41:01 | INFO | epoch=007 train_batch=220/435 running_loss=0.079865
2026-08-19 19:41:01 | INFO | epoch=007 train_batch=230/435 running_loss=0.079914
2026-08-19 19:41:02 | INFO | epoch=007 train_batch=240/435 running_loss=0.080067
2026-08-19 19:41:02 | INFO | epoch=007 train_batch=250/435 running_loss=0.080081
2026-08-19 19:41:02 | INFO | epoch=007 train_batch=260/435 running_loss=0.080167
2026-08-19 19:41:02 | INFO | epoch=007 train_batch=270/435 running_loss=0.080170
2026-08-19 19:41:03 | INFO | epoch=007 train_batch=280/435 running_loss=0.080300
2026-08-19 19:41:03 | INFO | epoch=007 train_batch=290/435 running_loss=0.080194
2026-08-19 19:41:03 | INFO | epoch=007 train_batch=300/435 running_loss=0.080009
2026-08-19 19:41:03 | INFO | epoch=007 train_batch=310/435 running_loss=0.079855
2026-08-19 19:41:04 | INFO | epoch=007 train_batch=320/435 running_loss=0.079648
2026-08-19 19:41:04 | INFO | epoch=007 train_batch=330/435 running_loss=0.079546
2026-08-19 19:41:04 | INFO | epoch=007 train_batch=340/435 running_loss=0.079295
2026-08-19 19:41:04 | INFO | epoch=007 train_batch=350/435 running_loss=0.079132
2026-08-19 19:41:05 | INFO | epoch=007 train_batch=360/435 running_loss=0.079074
2026-08-19 19:41:05 | INFO | epoch=007 train_batch=370/435 running_loss=0.078869
2026-08-19 19:41:05 | INFO | epoch=007 train_batch=380/435 running_loss=0.078879
2026-08-19 19:41:05 | INFO | epoch=007 train_batch=390/435 running_loss=0.078858
2026-08-19 19:41:06 | INFO | epoch=007 train_batch=400/435 running_loss=0.078726
2026-08-19 19:41:06 | INFO | epoch=007 train_batch=410/435 running_loss=0.078921
2026-08-19 19:41:06 | INFO | epoch=007 train_batch=420/435 running_loss=0.078844
2026-08-19 19:41:06 | INFO | epoch=007 train_batch=430/435 running_loss=0.078913
2026-08-19 19:41:07 | INFO | epoch=007 train_batch=435/435 running_loss=0.078881
2026-08-19 19:41:07 | INFO | epoch=007 train_loss=0.078881 validation_loss=0.159811
2026-08-19 19:41:07 | INFO | epoch=007 saved new best.pt
2026-08-19 19:41:07 | INFO | epoch=008 train_batch=10/435 running_loss=0.075015
2026-08-19 19:41:07 | INFO | epoch=008 train_batch=20/435 running_loss=0.079471
2026-08-19 19:41:08 | INFO | epoch=008 train_batch=30/435 running_loss=0.078398
2026-08-19 19:41:08 | INFO | epoch=008 train_batch=40/435 running_loss=0.077245
2026-08-19 19:41:08 | INFO | epoch=008 train_batch=50/435 running_loss=0.076583
2026-08-19 19:41:08 | INFO | epoch=008 train_batch=60/435 running_loss=0.076145
2026-08-19 19:41:09 | INFO | epoch=008 train_batch=70/435 running_loss=0.075746
2026-08-19 19:41:09 | INFO | epoch=008 train_batch=80/435 running_loss=0.075904
2026-08-19 19:41:09 | INFO | epoch=008 train_batch=90/435 running_loss=0.075921
2026-08-19 19:41:09 | INFO | epoch=008 train_batch=100/435 running_loss=0.075543
2026-08-19 19:41:10 | INFO | epoch=008 train_batch=110/435 running_loss=0.075887
2026-08-19 19:41:10 | INFO | epoch=008 train_batch=120/435 running_loss=0.075740
2026-08-19 19:41:10 | INFO | epoch=008 train_batch=130/435 running_loss=0.075418
2026-08-19 19:41:10 | INFO | epoch=008 train_batch=140/435 running_loss=0.075248
2026-08-19 19:41:11 | INFO | epoch=008 train_batch=150/435 running_loss=0.075269
2026-08-19 19:41:11 | INFO | epoch=008 train_batch=160/435 running_loss=0.075251
2026-08-19 19:41:11 | INFO | epoch=008 train_batch=170/435 running_loss=0.075094
2026-08-19 19:41:11 | INFO | epoch=008 train_batch=180/435 running_loss=0.075215
2026-08-19 19:41:12 | INFO | epoch=008 train_batch=190/435 running_loss=0.074974
2026-08-19 19:41:12 | INFO | epoch=008 train_batch=200/435 running_loss=0.074937
2026-08-19 19:41:12 | INFO | epoch=008 train_batch=210/435 running_loss=0.074975
2026-08-19 19:41:12 | INFO | epoch=008 train_batch=220/435 running_loss=0.074667
2026-08-19 19:41:13 | INFO | epoch=008 train_batch=230/435 running_loss=0.074298
2026-08-19 19:41:13 | INFO | epoch=008 train_batch=240/435 running_loss=0.074224
2026-08-19 19:41:13 | INFO | epoch=008 train_batch=250/435 running_loss=0.074316
2026-08-19 19:41:13 | INFO | epoch=008 train_batch=260/435 running_loss=0.074502
2026-08-19 19:41:14 | INFO | epoch=008 train_batch=270/435 running_loss=0.074521
2026-08-19 19:41:14 | INFO | epoch=008 train_batch=280/435 running_loss=0.074751
2026-08-19 19:41:14 | INFO | epoch=008 train_batch=290/435 running_loss=0.074841
2026-08-19 19:41:14 | INFO | epoch=008 train_batch=300/435 running_loss=0.074641
2026-08-19 19:41:15 | INFO | epoch=008 train_batch=310/435 running_loss=0.074616
2026-08-19 19:41:15 | INFO | epoch=008 train_batch=320/435 running_loss=0.074777
2026-08-19 19:41:15 | INFO | epoch=008 train_batch=330/435 running_loss=0.074627
2026-08-19 19:41:15 | INFO | epoch=008 train_batch=340/435 running_loss=0.074636
2026-08-19 19:41:15 | INFO | epoch=008 train_batch=350/435 running_loss=0.074633
2026-08-19 19:41:16 | INFO | epoch=008 train_batch=360/435 running_loss=0.074583
2026-08-19 19:41:16 | INFO | epoch=008 train_batch=370/435 running_loss=0.074590
2026-08-19 19:41:16 | INFO | epoch=008 train_batch=380/435 running_loss=0.074476
2026-08-19 19:41:16 | INFO | epoch=008 train_batch=390/435 running_loss=0.074543
2026-08-19 19:41:17 | INFO | epoch=008 train_batch=400/435 running_loss=0.074540
2026-08-19 19:41:17 | INFO | epoch=008 train_batch=410/435 running_loss=0.074532
2026-08-19 19:41:17 | INFO | epoch=008 train_batch=420/435 running_loss=0.074525
2026-08-19 19:41:17 | INFO | epoch=008 train_batch=430/435 running_loss=0.074527
2026-08-19 19:41:18 | INFO | epoch=008 train_batch=435/435 running_loss=0.074482
2026-08-19 19:41:18 | INFO | epoch=008 train_loss=0.074482 validation_loss=0.154742
2026-08-19 19:41:18 | INFO | epoch=008 saved new best.pt
2026-08-19 19:41:18 | INFO | epoch=009 train_batch=10/435 running_loss=0.069475
2026-08-19 19:41:18 | INFO | epoch=009 train_batch=20/435 running_loss=0.069078
2026-08-19 19:41:19 | INFO | epoch=009 train_batch=30/435 running_loss=0.068978
2026-08-19 19:41:19 | INFO | epoch=009 train_batch=40/435 running_loss=0.070178
2026-08-19 19:41:19 | INFO | epoch=009 train_batch=50/435 running_loss=0.070940
2026-08-19 19:41:19 | INFO | epoch=009 train_batch=60/435 running_loss=0.071050
2026-08-19 19:41:20 | INFO | epoch=009 train_batch=70/435 running_loss=0.071043
2026-08-19 19:41:20 | INFO | epoch=009 train_batch=80/435 running_loss=0.070846
2026-08-19 19:41:20 | INFO | epoch=009 train_batch=90/435 running_loss=0.071328
2026-08-19 19:41:20 | INFO | epoch=009 train_batch=100/435 running_loss=0.071292
2026-08-19 19:41:20 | INFO | epoch=009 train_batch=110/435 running_loss=0.070963
2026-08-19 19:41:21 | INFO | epoch=009 train_batch=120/435 running_loss=0.071373
2026-08-19 19:41:21 | INFO | epoch=009 train_batch=130/435 running_loss=0.071427
2026-08-19 19:41:21 | INFO | epoch=009 train_batch=140/435 running_loss=0.071881
2026-08-19 19:41:21 | INFO | epoch=009 train_batch=150/435 running_loss=0.071703
2026-08-19 19:41:22 | INFO | epoch=009 train_batch=160/435 running_loss=0.071506
2026-08-19 19:41:22 | INFO | epoch=009 train_batch=170/435 running_loss=0.071294
2026-08-19 19:41:22 | INFO | epoch=009 train_batch=180/435 running_loss=0.071440
2026-08-19 19:41:22 | INFO | epoch=009 train_batch=190/435 running_loss=0.071413
2026-08-19 19:41:23 | INFO | epoch=009 train_batch=200/435 running_loss=0.071160
2026-08-19 19:41:23 | INFO | epoch=009 train_batch=210/435 running_loss=0.071130
2026-08-19 19:41:23 | INFO | epoch=009 train_batch=220/435 running_loss=0.071265
2026-08-19 19:41:23 | INFO | epoch=009 train_batch=230/435 running_loss=0.071299
2026-08-19 19:41:24 | INFO | epoch=009 train_batch=240/435 running_loss=0.071082
2026-08-19 19:41:24 | INFO | epoch=009 train_batch=250/435 running_loss=0.071018
2026-08-19 19:41:24 | INFO | epoch=009 train_batch=260/435 running_loss=0.071108
2026-08-19 19:41:24 | INFO | epoch=009 train_batch=270/435 running_loss=0.071274
2026-08-19 19:41:25 | INFO | epoch=009 train_batch=280/435 running_loss=0.071228
2026-08-19 19:41:25 | INFO | epoch=009 train_batch=290/435 running_loss=0.071040
2026-08-19 19:41:25 | INFO | epoch=009 train_batch=300/435 running_loss=0.071090
2026-08-19 19:41:25 | INFO | epoch=009 train_batch=310/435 running_loss=0.070988
2026-08-19 19:41:25 | INFO | epoch=009 train_batch=320/435 running_loss=0.070933
2026-08-19 19:41:26 | INFO | epoch=009 train_batch=330/435 running_loss=0.071015
2026-08-19 19:41:26 | INFO | epoch=009 train_batch=340/435 running_loss=0.070891
2026-08-19 19:41:26 | INFO | epoch=009 train_batch=350/435 running_loss=0.070877
2026-08-19 19:41:26 | INFO | epoch=009 train_batch=360/435 running_loss=0.070737
2026-08-19 19:41:27 | INFO | epoch=009 train_batch=370/435 running_loss=0.070785
2026-08-19 19:41:27 | INFO | epoch=009 train_batch=380/435 running_loss=0.070554
2026-08-19 19:41:27 | INFO | epoch=009 train_batch=390/435 running_loss=0.070586
2026-08-19 19:41:27 | INFO | epoch=009 train_batch=400/435 running_loss=0.070603
2026-08-19 19:41:28 | INFO | epoch=009 train_batch=410/435 running_loss=0.070604
2026-08-19 19:41:28 | INFO | epoch=009 train_batch=420/435 running_loss=0.070555
2026-08-19 19:41:28 | INFO | epoch=009 train_batch=430/435 running_loss=0.070429
2026-08-19 19:41:28 | INFO | epoch=009 train_batch=435/435 running_loss=0.070375
2026-08-19 19:41:29 | INFO | epoch=009 train_loss=0.070375 validation_loss=0.152044
2026-08-19 19:41:29 | INFO | epoch=009 saved new best.pt
2026-08-19 19:41:29 | INFO | epoch=010 train_batch=10/435 running_loss=0.061964
2026-08-19 19:41:29 | INFO | epoch=010 train_batch=20/435 running_loss=0.070799
2026-08-19 19:41:29 | INFO | epoch=010 train_batch=30/435 running_loss=0.068681
2026-08-19 19:41:30 | INFO | epoch=010 train_batch=40/435 running_loss=0.068935
2026-08-19 19:41:30 | INFO | epoch=010 train_batch=50/435 running_loss=0.068120
2026-08-19 19:41:30 | INFO | epoch=010 train_batch=60/435 running_loss=0.068560
2026-08-19 19:41:30 | INFO | epoch=010 train_batch=70/435 running_loss=0.067689
2026-08-19 19:41:31 | INFO | epoch=010 train_batch=80/435 running_loss=0.067365
2026-08-19 19:41:31 | INFO | epoch=010 train_batch=90/435 running_loss=0.066893
2026-08-19 19:41:31 | INFO | epoch=010 train_batch=100/435 running_loss=0.066377
2026-08-19 19:41:31 | INFO | epoch=010 train_batch=110/435 running_loss=0.066497
2026-08-19 19:41:32 | INFO | epoch=010 train_batch=120/435 running_loss=0.066073
2026-08-19 19:41:32 | INFO | epoch=010 train_batch=130/435 running_loss=0.066414
2026-08-19 19:41:32 | INFO | epoch=010 train_batch=140/435 running_loss=0.066393
2026-08-19 19:41:32 | INFO | epoch=010 train_batch=150/435 running_loss=0.066749
2026-08-19 19:41:33 | INFO | epoch=010 train_batch=160/435 running_loss=0.066917
2026-08-19 19:41:33 | INFO | epoch=010 train_batch=170/435 running_loss=0.066700
2026-08-19 19:41:33 | INFO | epoch=010 train_batch=180/435 running_loss=0.066955
2026-08-19 19:41:33 | INFO | epoch=010 train_batch=190/435 running_loss=0.066972
2026-08-19 19:41:34 | INFO | epoch=010 train_batch=200/435 running_loss=0.066907
2026-08-19 19:41:34 | INFO | epoch=010 train_batch=210/435 running_loss=0.066896
2026-08-19 19:41:34 | INFO | epoch=010 train_batch=220/435 running_loss=0.066755
2026-08-19 19:41:34 | INFO | epoch=010 train_batch=230/435 running_loss=0.066881
2026-08-19 19:41:35 | INFO | epoch=010 train_batch=240/435 running_loss=0.066869
2026-08-19 19:41:35 | INFO | epoch=010 train_batch=250/435 running_loss=0.066813
2026-08-19 19:41:35 | INFO | epoch=010 train_batch=260/435 running_loss=0.066815
2026-08-19 19:41:35 | INFO | epoch=010 train_batch=270/435 running_loss=0.066988
2026-08-19 19:41:36 | INFO | epoch=010 train_batch=280/435 running_loss=0.067137
2026-08-19 19:41:36 | INFO | epoch=010 train_batch=290/435 running_loss=0.067098
2026-08-19 19:41:36 | INFO | epoch=010 train_batch=300/435 running_loss=0.067328
2026-08-19 19:41:36 | INFO | epoch=010 train_batch=310/435 running_loss=0.067333
2026-08-19 19:41:37 | INFO | epoch=010 train_batch=320/435 running_loss=0.067342
2026-08-19 19:41:37 | INFO | epoch=010 train_batch=330/435 running_loss=0.067355
2026-08-19 19:41:37 | INFO | epoch=010 train_batch=340/435 running_loss=0.067443
2026-08-19 19:41:37 | INFO | epoch=010 train_batch=350/435 running_loss=0.067583
2026-08-19 19:41:38 | INFO | epoch=010 train_batch=360/435 running_loss=0.067779
2026-08-19 19:41:38 | INFO | epoch=010 train_batch=370/435 running_loss=0.067709
2026-08-19 19:41:38 | INFO | epoch=010 train_batch=380/435 running_loss=0.067927
2026-08-19 19:41:38 | INFO | epoch=010 train_batch=390/435 running_loss=0.067927
2026-08-19 19:41:39 | INFO | epoch=010 train_batch=400/435 running_loss=0.067793
2026-08-19 19:41:39 | INFO | epoch=010 train_batch=410/435 running_loss=0.067772
2026-08-19 19:41:39 | INFO | epoch=010 train_batch=420/435 running_loss=0.067872
2026-08-19 19:41:39 | INFO | epoch=010 train_batch=430/435 running_loss=0.067784
2026-08-19 19:41:40 | INFO | epoch=010 train_batch=435/435 running_loss=0.067847
2026-08-19 19:41:40 | INFO | epoch=010 train_loss=0.067847 validation_loss=0.146787
2026-08-19 19:41:40 | INFO | epoch=010 saved new best.pt
2026-08-19 19:41:40 | INFO | epoch=011 train_batch=10/435 running_loss=0.068156
2026-08-19 19:41:40 | INFO | epoch=011 train_batch=20/435 running_loss=0.064192
2026-08-19 19:41:41 | INFO | epoch=011 train_batch=30/435 running_loss=0.064249
2026-08-19 19:41:41 | INFO | epoch=011 train_batch=40/435 running_loss=0.064827
2026-08-19 19:41:41 | INFO | epoch=011 train_batch=50/435 running_loss=0.063580
2026-08-19 19:41:41 | INFO | epoch=011 train_batch=60/435 running_loss=0.063842
2026-08-19 19:41:42 | INFO | epoch=011 train_batch=70/435 running_loss=0.063836
2026-08-19 19:41:42 | INFO | epoch=011 train_batch=80/435 running_loss=0.063704
2026-08-19 19:41:42 | INFO | epoch=011 train_batch=90/435 running_loss=0.064026
2026-08-19 19:41:42 | INFO | epoch=011 train_batch=100/435 running_loss=0.064286
2026-08-19 19:41:43 | INFO | epoch=011 train_batch=110/435 running_loss=0.064521
2026-08-19 19:41:43 | INFO | epoch=011 train_batch=120/435 running_loss=0.064456
2026-08-19 19:41:43 | INFO | epoch=011 train_batch=130/435 running_loss=0.064785
2026-08-19 19:41:43 | INFO | epoch=011 train_batch=140/435 running_loss=0.064542
2026-08-19 19:41:44 | INFO | epoch=011 train_batch=150/435 running_loss=0.064284
2026-08-19 19:41:44 | INFO | epoch=011 train_batch=160/435 running_loss=0.064343
2026-08-19 19:41:44 | INFO | epoch=011 train_batch=170/435 running_loss=0.064304
2026-08-19 19:41:44 | INFO | epoch=011 train_batch=180/435 running_loss=0.064467
2026-08-19 19:41:45 | INFO | epoch=011 train_batch=190/435 running_loss=0.064501
2026-08-19 19:41:45 | INFO | epoch=011 train_batch=200/435 running_loss=0.064433
2026-08-19 19:41:45 | INFO | epoch=011 train_batch=210/435 running_loss=0.064445
2026-08-19 19:41:45 | INFO | epoch=011 train_batch=220/435 running_loss=0.064448
2026-08-19 19:41:46 | INFO | epoch=011 train_batch=230/435 running_loss=0.064646
2026-08-19 19:41:46 | INFO | epoch=011 train_batch=240/435 running_loss=0.064649
2026-08-19 19:41:46 | INFO | epoch=011 train_batch=250/435 running_loss=0.064615
2026-08-19 19:41:46 | INFO | epoch=011 train_batch=260/435 running_loss=0.064649
2026-08-19 19:41:47 | INFO | epoch=011 train_batch=270/435 running_loss=0.064686
2026-08-19 19:41:47 | INFO | epoch=011 train_batch=280/435 running_loss=0.064797
2026-08-19 19:41:47 | INFO | epoch=011 train_batch=290/435 running_loss=0.065001
2026-08-19 19:41:47 | INFO | epoch=011 train_batch=300/435 running_loss=0.065018
2026-08-19 19:41:48 | INFO | epoch=011 train_batch=310/435 running_loss=0.065013
2026-08-19 19:41:48 | INFO | epoch=011 train_batch=320/435 running_loss=0.065046
2026-08-19 19:41:48 | INFO | epoch=011 train_batch=330/435 running_loss=0.065027
2026-08-19 19:41:48 | INFO | epoch=011 train_batch=340/435 running_loss=0.065081
2026-08-19 19:41:49 | INFO | epoch=011 train_batch=350/435 running_loss=0.065213
2026-08-19 19:41:49 | INFO | epoch=011 train_batch=360/435 running_loss=0.065187
2026-08-19 19:41:49 | INFO | epoch=011 train_batch=370/435 running_loss=0.065320
2026-08-19 19:41:49 | INFO | epoch=011 train_batch=380/435 running_loss=0.065217
2026-08-19 19:41:50 | INFO | epoch=011 train_batch=390/435 running_loss=0.065195
2026-08-19 19:41:50 | INFO | epoch=011 train_batch=400/435 running_loss=0.065147
2026-08-19 19:41:50 | INFO | epoch=011 train_batch=410/435 running_loss=0.065120
2026-08-19 19:41:50 | INFO | epoch=011 train_batch=420/435 running_loss=0.065102
2026-08-19 19:41:51 | INFO | epoch=011 train_batch=430/435 running_loss=0.065027
2026-08-19 19:41:51 | INFO | epoch=011 train_batch=435/435 running_loss=0.064956
2026-08-19 19:41:51 | INFO | epoch=011 train_loss=0.064956 validation_loss=0.144479
2026-08-19 19:41:51 | INFO | epoch=011 saved new best.pt
2026-08-19 19:41:51 | INFO | epoch=012 train_batch=10/435 running_loss=0.061376
2026-08-19 19:41:51 | INFO | epoch=012 train_batch=20/435 running_loss=0.060928
2026-08-19 19:41:52 | INFO | epoch=012 train_batch=30/435 running_loss=0.061603
2026-08-19 19:41:52 | INFO | epoch=012 train_batch=40/435 running_loss=0.061852
2026-08-19 19:41:52 | INFO | epoch=012 train_batch=50/435 running_loss=0.061766
2026-08-19 19:41:52 | INFO | epoch=012 train_batch=60/435 running_loss=0.062826
2026-08-19 19:41:53 | INFO | epoch=012 train_batch=70/435 running_loss=0.063195
2026-08-19 19:41:53 | INFO | epoch=012 train_batch=80/435 running_loss=0.063640
2026-08-19 19:41:53 | INFO | epoch=012 train_batch=90/435 running_loss=0.063464
2026-08-19 19:41:53 | INFO | epoch=012 train_batch=100/435 running_loss=0.063003
2026-08-19 19:41:54 | INFO | epoch=012 train_batch=110/435 running_loss=0.063427
2026-08-19 19:41:54 | INFO | epoch=012 train_batch=120/435 running_loss=0.063155
2026-08-19 19:41:54 | INFO | epoch=012 train_batch=130/435 running_loss=0.063329
2026-08-19 19:41:54 | INFO | epoch=012 train_batch=140/435 running_loss=0.063363
2026-08-19 19:41:55 | INFO | epoch=012 train_batch=150/435 running_loss=0.063328
2026-08-19 19:41:55 | INFO | epoch=012 train_batch=160/435 running_loss=0.063133
2026-08-19 19:41:55 | INFO | epoch=012 train_batch=170/435 running_loss=0.063197
2026-08-19 19:41:55 | INFO | epoch=012 train_batch=180/435 running_loss=0.063287
2026-08-19 19:41:56 | INFO | epoch=012 train_batch=190/435 running_loss=0.063220
2026-08-19 19:41:56 | INFO | epoch=012 train_batch=200/435 running_loss=0.063086
2026-08-19 19:41:56 | INFO | epoch=012 train_batch=210/435 running_loss=0.063133
2026-08-19 19:41:56 | INFO | epoch=012 train_batch=220/435 running_loss=0.062969
2026-08-19 19:41:57 | INFO | epoch=012 train_batch=230/435 running_loss=0.063252
2026-08-19 19:41:57 | INFO | epoch=012 train_batch=240/435 running_loss=0.063436
2026-08-19 19:41:57 | INFO | epoch=012 train_batch=250/435 running_loss=0.063612
2026-08-19 19:41:57 | INFO | epoch=012 train_batch=260/435 running_loss=0.063550
2026-08-19 19:41:58 | INFO | epoch=012 train_batch=270/435 running_loss=0.063600
2026-08-19 19:41:58 | INFO | epoch=012 train_batch=280/435 running_loss=0.063413
2026-08-19 19:41:58 | INFO | epoch=012 train_batch=290/435 running_loss=0.063405
2026-08-19 19:41:58 | INFO | epoch=012 train_batch=300/435 running_loss=0.063307
2026-08-19 19:41:59 | INFO | epoch=012 train_batch=310/435 running_loss=0.063298
2026-08-19 19:41:59 | INFO | epoch=012 train_batch=320/435 running_loss=0.063202
2026-08-19 19:41:59 | INFO | epoch=012 train_batch=330/435 running_loss=0.063175
2026-08-19 19:41:59 | INFO | epoch=012 train_batch=340/435 running_loss=0.063148
2026-08-19 19:42:00 | INFO | epoch=012 train_batch=350/435 running_loss=0.063140
2026-08-19 19:42:00 | INFO | epoch=012 train_batch=360/435 running_loss=0.063239
2026-08-19 19:42:00 | INFO | epoch=012 train_batch=370/435 running_loss=0.063368
2026-08-19 19:42:00 | INFO | epoch=012 train_batch=380/435 running_loss=0.063331
2026-08-19 19:42:01 | INFO | epoch=012 train_batch=390/435 running_loss=0.063223
2026-08-19 19:42:01 | INFO | epoch=012 train_batch=400/435 running_loss=0.063169
2026-08-19 19:42:01 | INFO | epoch=012 train_batch=410/435 running_loss=0.063261
2026-08-19 19:42:01 | INFO | epoch=012 train_batch=420/435 running_loss=0.063224
2026-08-19 19:42:02 | INFO | epoch=012 train_batch=430/435 running_loss=0.063139
2026-08-19 19:42:02 | INFO | epoch=012 train_batch=435/435 running_loss=0.063129
2026-08-19 19:42:02 | INFO | epoch=012 train_loss=0.063129 validation_loss=0.142558
2026-08-19 19:42:02 | INFO | epoch=012 saved new best.pt
2026-08-19 19:42:02 | INFO | epoch=013 train_batch=10/435 running_loss=0.058882
2026-08-19 19:42:03 | INFO | epoch=013 train_batch=20/435 running_loss=0.059125
2026-08-19 19:42:03 | INFO | epoch=013 train_batch=30/435 running_loss=0.061398
2026-08-19 19:42:03 | INFO | epoch=013 train_batch=40/435 running_loss=0.061767
2026-08-19 19:42:03 | INFO | epoch=013 train_batch=50/435 running_loss=0.061323
2026-08-19 19:42:04 | INFO | epoch=013 train_batch=60/435 running_loss=0.060150
2026-08-19 19:42:04 | INFO | epoch=013 train_batch=70/435 running_loss=0.059880
2026-08-19 19:42:04 | INFO | epoch=013 train_batch=80/435 running_loss=0.060283
2026-08-19 19:42:04 | INFO | epoch=013 train_batch=90/435 running_loss=0.060468
2026-08-19 19:42:05 | INFO | epoch=013 train_batch=100/435 running_loss=0.060357
2026-08-19 19:42:05 | INFO | epoch=013 train_batch=110/435 running_loss=0.060397
2026-08-19 19:42:05 | INFO | epoch=013 train_batch=120/435 running_loss=0.060343
2026-08-19 19:42:05 | INFO | epoch=013 train_batch=130/435 running_loss=0.060603
2026-08-19 19:42:06 | INFO | epoch=013 train_batch=140/435 running_loss=0.060843
2026-08-19 19:42:06 | INFO | epoch=013 train_batch=150/435 running_loss=0.060635
2026-08-19 19:42:06 | INFO | epoch=013 train_batch=160/435 running_loss=0.060613
2026-08-19 19:42:06 | INFO | epoch=013 train_batch=170/435 running_loss=0.060543
2026-08-19 19:42:07 | INFO | epoch=013 train_batch=180/435 running_loss=0.060414
2026-08-19 19:42:07 | INFO | epoch=013 train_batch=190/435 running_loss=0.060392
2026-08-19 19:42:07 | INFO | epoch=013 train_batch=200/435 running_loss=0.060448
2026-08-19 19:42:07 | INFO | epoch=013 train_batch=210/435 running_loss=0.060466
2026-08-19 19:42:08 | INFO | epoch=013 train_batch=220/435 running_loss=0.060345
2026-08-19 19:42:08 | INFO | epoch=013 train_batch=230/435 running_loss=0.060332
2026-08-19 19:42:08 | INFO | epoch=013 train_batch=240/435 running_loss=0.060508
2026-08-19 19:42:08 | INFO | epoch=013 train_batch=250/435 running_loss=0.060436
2026-08-19 19:42:09 | INFO | epoch=013 train_batch=260/435 running_loss=0.060554
2026-08-19 19:42:09 | INFO | epoch=013 train_batch=270/435 running_loss=0.060695
2026-08-19 19:42:09 | INFO | epoch=013 train_batch=280/435 running_loss=0.060729
2026-08-19 19:42:10 | INFO | epoch=013 train_batch=290/435 running_loss=0.060765
2026-08-19 19:42:10 | INFO | epoch=013 train_batch=300/435 running_loss=0.060766
2026-08-19 19:42:10 | INFO | epoch=013 train_batch=310/435 running_loss=0.060844
2026-08-19 19:42:10 | INFO | epoch=013 train_batch=320/435 running_loss=0.060875
2026-08-19 19:42:11 | INFO | epoch=013 train_batch=330/435 running_loss=0.060914
2026-08-19 19:42:11 | INFO | epoch=013 train_batch=340/435 running_loss=0.060902
2026-08-19 19:42:11 | INFO | epoch=013 train_batch=350/435 running_loss=0.060825
2026-08-19 19:42:11 | INFO | epoch=013 train_batch=360/435 running_loss=0.060785
2026-08-19 19:42:12 | INFO | epoch=013 train_batch=370/435 running_loss=0.060737
2026-08-19 19:42:12 | INFO | epoch=013 train_batch=380/435 running_loss=0.060951
2026-08-19 19:42:12 | INFO | epoch=013 train_batch=390/435 running_loss=0.060767
2026-08-19 19:42:12 | INFO | epoch=013 train_batch=400/435 running_loss=0.060791
2026-08-19 19:42:13 | INFO | epoch=013 train_batch=410/435 running_loss=0.060848
2026-08-19 19:42:13 | INFO | epoch=013 train_batch=420/435 running_loss=0.060960
2026-08-19 19:42:13 | INFO | epoch=013 train_batch=430/435 running_loss=0.060991
2026-08-19 19:42:13 | INFO | epoch=013 train_batch=435/435 running_loss=0.060984
2026-08-19 19:42:14 | INFO | epoch=013 train_loss=0.060984 validation_loss=0.137708
2026-08-19 19:42:14 | INFO | epoch=013 saved new best.pt
2026-08-19 19:42:14 | INFO | epoch=014 train_batch=10/435 running_loss=0.061061
2026-08-19 19:42:14 | INFO | epoch=014 train_batch=20/435 running_loss=0.060619
2026-08-19 19:42:14 | INFO | epoch=014 train_batch=30/435 running_loss=0.062061
2026-08-19 19:42:15 | INFO | epoch=014 train_batch=40/435 running_loss=0.060506
2026-08-19 19:42:15 | INFO | epoch=014 train_batch=50/435 running_loss=0.059341
2026-08-19 19:42:15 | INFO | epoch=014 train_batch=60/435 running_loss=0.058660
2026-08-19 19:42:15 | INFO | epoch=014 train_batch=70/435 running_loss=0.058180
2026-08-19 19:42:16 | INFO | epoch=014 train_batch=80/435 running_loss=0.058624
2026-08-19 19:42:16 | INFO | epoch=014 train_batch=90/435 running_loss=0.058950
2026-08-19 19:42:16 | INFO | epoch=014 train_batch=100/435 running_loss=0.059075
2026-08-19 19:42:16 | INFO | epoch=014 train_batch=110/435 running_loss=0.059614
2026-08-19 19:42:17 | INFO | epoch=014 train_batch=120/435 running_loss=0.059406
2026-08-19 19:42:17 | INFO | epoch=014 train_batch=130/435 running_loss=0.059330
2026-08-19 19:42:17 | INFO | epoch=014 train_batch=140/435 running_loss=0.059301
2026-08-19 19:42:17 | INFO | epoch=014 train_batch=150/435 running_loss=0.059519
2026-08-19 19:42:18 | INFO | epoch=014 train_batch=160/435 running_loss=0.059586
2026-08-19 19:42:18 | INFO | epoch=014 train_batch=170/435 running_loss=0.059614
2026-08-19 19:42:18 | INFO | epoch=014 train_batch=180/435 running_loss=0.059929
2026-08-19 19:42:18 | INFO | epoch=014 train_batch=190/435 running_loss=0.059801
2026-08-19 19:42:19 | INFO | epoch=014 train_batch=200/435 running_loss=0.059855
2026-08-19 19:42:19 | INFO | epoch=014 train_batch=210/435 running_loss=0.059808
2026-08-19 19:42:19 | INFO | epoch=014 train_batch=220/435 running_loss=0.059760
2026-08-19 19:42:19 | INFO | epoch=014 train_batch=230/435 running_loss=0.059857
2026-08-19 19:42:20 | INFO | epoch=014 train_batch=240/435 running_loss=0.059619
2026-08-19 19:42:20 | INFO | epoch=014 train_batch=250/435 running_loss=0.059564
2026-08-19 19:42:20 | INFO | epoch=014 train_batch=260/435 running_loss=0.059526
2026-08-19 19:42:20 | INFO | epoch=014 train_batch=270/435 running_loss=0.059635
2026-08-19 19:42:21 | INFO | epoch=014 train_batch=280/435 running_loss=0.059630
2026-08-19 19:42:21 | INFO | epoch=014 train_batch=290/435 running_loss=0.059571
2026-08-19 19:42:21 | INFO | epoch=014 train_batch=300/435 running_loss=0.059623
2026-08-19 19:42:21 | INFO | epoch=014 train_batch=310/435 running_loss=0.059394
2026-08-19 19:42:22 | INFO | epoch=014 train_batch=320/435 running_loss=0.059566
2026-08-19 19:42:22 | INFO | epoch=014 train_batch=330/435 running_loss=0.059654
2026-08-19 19:42:22 | INFO | epoch=014 train_batch=340/435 running_loss=0.059708
2026-08-19 19:42:22 | INFO | epoch=014 train_batch=350/435 running_loss=0.059765
2026-08-19 19:42:23 | INFO | epoch=014 train_batch=360/435 running_loss=0.059939
2026-08-19 19:42:23 | INFO | epoch=014 train_batch=370/435 running_loss=0.059869
2026-08-19 19:42:23 | INFO | epoch=014 train_batch=380/435 running_loss=0.059901
2026-08-19 19:42:23 | INFO | epoch=014 train_batch=390/435 running_loss=0.059938
2026-08-19 19:42:24 | INFO | epoch=014 train_batch=400/435 running_loss=0.059881
2026-08-19 19:42:24 | INFO | epoch=014 train_batch=410/435 running_loss=0.059801
2026-08-19 19:42:24 | INFO | epoch=014 train_batch=420/435 running_loss=0.059878
2026-08-19 19:42:24 | INFO | epoch=014 train_batch=430/435 running_loss=0.059844
2026-08-19 19:42:25 | INFO | epoch=014 train_batch=435/435 running_loss=0.059804
2026-08-19 19:42:25 | INFO | epoch=014 train_loss=0.059804 validation_loss=0.136416
2026-08-19 19:42:25 | INFO | epoch=014 saved new best.pt
2026-08-19 19:42:25 | INFO | epoch=015 train_batch=10/435 running_loss=0.054476
2026-08-19 19:42:25 | INFO | epoch=015 train_batch=20/435 running_loss=0.055433
2026-08-19 19:42:26 | INFO | epoch=015 train_batch=30/435 running_loss=0.055728
2026-08-19 19:42:26 | INFO | epoch=015 train_batch=40/435 running_loss=0.057096
2026-08-19 19:42:26 | INFO | epoch=015 train_batch=50/435 running_loss=0.056905
2026-08-19 19:42:26 | INFO | epoch=015 train_batch=60/435 running_loss=0.056832
2026-08-19 19:42:27 | INFO | epoch=015 train_batch=70/435 running_loss=0.056301
2026-08-19 19:42:27 | INFO | epoch=015 train_batch=80/435 running_loss=0.056358
2026-08-19 19:42:27 | INFO | epoch=015 train_batch=90/435 running_loss=0.056136
2026-08-19 19:42:27 | INFO | epoch=015 train_batch=100/435 running_loss=0.056154
2026-08-19 19:42:28 | INFO | epoch=015 train_batch=110/435 running_loss=0.056373
2026-08-19 19:42:28 | INFO | epoch=015 train_batch=120/435 running_loss=0.056447
2026-08-19 19:42:28 | INFO | epoch=015 train_batch=130/435 running_loss=0.056455
2026-08-19 19:42:29 | INFO | epoch=015 train_batch=140/435 running_loss=0.056731
2026-08-19 19:42:29 | INFO | epoch=015 train_batch=150/435 running_loss=0.057146
2026-08-19 19:42:29 | INFO | epoch=015 train_batch=160/435 running_loss=0.057507
2026-08-19 19:42:29 | INFO | epoch=015 train_batch=170/435 running_loss=0.057737
2026-08-19 19:42:30 | INFO | epoch=015 train_batch=180/435 running_loss=0.057992
2026-08-19 19:42:30 | INFO | epoch=015 train_batch=190/435 running_loss=0.057884
2026-08-19 19:42:30 | INFO | epoch=015 train_batch=200/435 running_loss=0.057660
2026-08-19 19:42:30 | INFO | epoch=015 train_batch=210/435 running_loss=0.057668
2026-08-19 19:42:31 | INFO | epoch=015 train_batch=220/435 running_loss=0.057699
2026-08-19 19:42:31 | INFO | epoch=015 train_batch=230/435 running_loss=0.057702
2026-08-19 19:42:31 | INFO | epoch=015 train_batch=240/435 running_loss=0.058010
2026-08-19 19:42:31 | INFO | epoch=015 train_batch=250/435 running_loss=0.058046
2026-08-19 19:42:32 | INFO | epoch=015 train_batch=260/435 running_loss=0.058128
2026-08-19 19:42:32 | INFO | epoch=015 train_batch=270/435 running_loss=0.058044
2026-08-19 19:42:32 | INFO | epoch=015 train_batch=280/435 running_loss=0.057966
2026-08-19 19:42:32 | INFO | epoch=015 train_batch=290/435 running_loss=0.058042
2026-08-19 19:42:33 | INFO | epoch=015 train_batch=300/435 running_loss=0.058022
2026-08-19 19:42:33 | INFO | epoch=015 train_batch=310/435 running_loss=0.058023
2026-08-19 19:42:33 | INFO | epoch=015 train_batch=320/435 running_loss=0.057973
2026-08-19 19:42:33 | INFO | epoch=015 train_batch=330/435 running_loss=0.058024
2026-08-19 19:42:34 | INFO | epoch=015 train_batch=340/435 running_loss=0.057974
2026-08-19 19:42:34 | INFO | epoch=015 train_batch=350/435 running_loss=0.057894
2026-08-19 19:42:34 | INFO | epoch=015 train_batch=360/435 running_loss=0.058025
2026-08-19 19:42:34 | INFO | epoch=015 train_batch=370/435 running_loss=0.058041
2026-08-19 19:42:35 | INFO | epoch=015 train_batch=380/435 running_loss=0.058159
2026-08-19 19:42:35 | INFO | epoch=015 train_batch=390/435 running_loss=0.058275
2026-08-19 19:42:35 | INFO | epoch=015 train_batch=400/435 running_loss=0.058361
2026-08-19 19:42:35 | INFO | epoch=015 train_batch=410/435 running_loss=0.058432
2026-08-19 19:42:36 | INFO | epoch=015 train_batch=420/435 running_loss=0.058421
2026-08-19 19:42:36 | INFO | epoch=015 train_batch=430/435 running_loss=0.058387
2026-08-19 19:42:36 | INFO | epoch=015 train_batch=435/435 running_loss=0.058368
2026-08-19 19:42:36 | INFO | epoch=015 train_loss=0.058368 validation_loss=0.135346
2026-08-19 19:42:36 | INFO | epoch=015 saved new best.pt
2026-08-19 19:42:37 | INFO | epoch=016 train_batch=10/435 running_loss=0.059987
2026-08-19 19:42:37 | INFO | epoch=016 train_batch=20/435 running_loss=0.059534
2026-08-19 19:42:37 | INFO | epoch=016 train_batch=30/435 running_loss=0.057967
2026-08-19 19:42:37 | INFO | epoch=016 train_batch=40/435 running_loss=0.057959
2026-08-19 19:42:38 | INFO | epoch=016 train_batch=50/435 running_loss=0.057420
2026-08-19 19:42:38 | INFO | epoch=016 train_batch=60/435 running_loss=0.057889
2026-08-19 19:42:38 | INFO | epoch=016 train_batch=70/435 running_loss=0.057169
2026-08-19 19:42:38 | INFO | epoch=016 train_batch=80/435 running_loss=0.057223
2026-08-19 19:42:39 | INFO | epoch=016 train_batch=90/435 running_loss=0.056882
2026-08-19 19:42:39 | INFO | epoch=016 train_batch=100/435 running_loss=0.057087
2026-08-19 19:42:39 | INFO | epoch=016 train_batch=110/435 running_loss=0.056737
2026-08-19 19:42:39 | INFO | epoch=016 train_batch=120/435 running_loss=0.056886
2026-08-19 19:42:40 | INFO | epoch=016 train_batch=130/435 running_loss=0.056868
2026-08-19 19:42:40 | INFO | epoch=016 train_batch=140/435 running_loss=0.056953
2026-08-19 19:42:40 | INFO | epoch=016 train_batch=150/435 running_loss=0.056494
2026-08-19 19:42:41 | INFO | epoch=016 train_batch=160/435 running_loss=0.056627
2026-08-19 19:42:41 | INFO | epoch=016 train_batch=170/435 running_loss=0.056984
2026-08-19 19:42:41 | INFO | epoch=016 train_batch=180/435 running_loss=0.056947
2026-08-19 19:42:41 | INFO | epoch=016 train_batch=190/435 running_loss=0.056756
2026-08-19 19:42:42 | INFO | epoch=016 train_batch=200/435 running_loss=0.056626
2026-08-19 19:42:42 | INFO | epoch=016 train_batch=210/435 running_loss=0.056624
2026-08-19 19:42:42 | INFO | epoch=016 train_batch=220/435 running_loss=0.056502
2026-08-19 19:42:42 | INFO | epoch=016 train_batch=230/435 running_loss=0.056427
2026-08-19 19:42:43 | INFO | epoch=016 train_batch=240/435 running_loss=0.056453
2026-08-19 19:42:43 | INFO | epoch=016 train_batch=250/435 running_loss=0.056517
2026-08-19 19:42:43 | INFO | epoch=016 train_batch=260/435 running_loss=0.056404
2026-08-19 19:42:43 | INFO | epoch=016 train_batch=270/435 running_loss=0.056582
2026-08-19 19:42:44 | INFO | epoch=016 train_batch=280/435 running_loss=0.056454
2026-08-19 19:42:44 | INFO | epoch=016 train_batch=290/435 running_loss=0.056479
2026-08-19 19:42:44 | INFO | epoch=016 train_batch=300/435 running_loss=0.056496
2026-08-19 19:42:44 | INFO | epoch=016 train_batch=310/435 running_loss=0.056429
2026-08-19 19:42:45 | INFO | epoch=016 train_batch=320/435 running_loss=0.056352
2026-08-19 19:42:45 | INFO | epoch=016 train_batch=330/435 running_loss=0.056310
2026-08-19 19:42:45 | INFO | epoch=016 train_batch=340/435 running_loss=0.056397
2026-08-19 19:42:45 | INFO | epoch=016 train_batch=350/435 running_loss=0.056479
2026-08-19 19:42:46 | INFO | epoch=016 train_batch=360/435 running_loss=0.056555
2026-08-19 19:42:46 | INFO | epoch=016 train_batch=370/435 running_loss=0.056512
2026-08-19 19:42:46 | INFO | epoch=016 train_batch=380/435 running_loss=0.056495
2026-08-19 19:42:46 | INFO | epoch=016 train_batch=390/435 running_loss=0.056480
2026-08-19 19:42:47 | INFO | epoch=016 train_batch=400/435 running_loss=0.056500
2026-08-19 19:42:47 | INFO | epoch=016 train_batch=410/435 running_loss=0.056526
2026-08-19 19:42:47 | INFO | epoch=016 train_batch=420/435 running_loss=0.056574
2026-08-19 19:42:47 | INFO | epoch=016 train_batch=430/435 running_loss=0.056558
2026-08-19 19:42:48 | INFO | epoch=016 train_batch=435/435 running_loss=0.056564
2026-08-19 19:42:48 | INFO | epoch=016 train_loss=0.056564 validation_loss=0.137486
2026-08-19 19:42:48 | INFO | epoch=017 train_batch=10/435 running_loss=0.058842
2026-08-19 19:42:48 | INFO | epoch=017 train_batch=20/435 running_loss=0.059377
2026-08-19 19:42:49 | INFO | epoch=017 train_batch=30/435 running_loss=0.056882
2026-08-19 19:42:49 | INFO | epoch=017 train_batch=40/435 running_loss=0.056529
2026-08-19 19:42:49 | INFO | epoch=017 train_batch=50/435 running_loss=0.055336
2026-08-19 19:42:49 | INFO | epoch=017 train_batch=60/435 running_loss=0.055329
2026-08-19 19:42:50 | INFO | epoch=017 train_batch=70/435 running_loss=0.055554
2026-08-19 19:42:50 | INFO | epoch=017 train_batch=80/435 running_loss=0.055411
2026-08-19 19:42:50 | INFO | epoch=017 train_batch=90/435 running_loss=0.055422
2026-08-19 19:42:50 | INFO | epoch=017 train_batch=100/435 running_loss=0.055313
2026-08-19 19:42:51 | INFO | epoch=017 train_batch=110/435 running_loss=0.055687
2026-08-19 19:42:51 | INFO | epoch=017 train_batch=120/435 running_loss=0.055615
2026-08-19 19:42:51 | INFO | epoch=017 train_batch=130/435 running_loss=0.055800
2026-08-19 19:42:51 | INFO | epoch=017 train_batch=140/435 running_loss=0.055967
2026-08-19 19:42:52 | INFO | epoch=017 train_batch=150/435 running_loss=0.055957
2026-08-19 19:42:52 | INFO | epoch=017 train_batch=160/435 running_loss=0.056175
2026-08-19 19:42:52 | INFO | epoch=017 train_batch=170/435 running_loss=0.056121
2026-08-19 19:42:52 | INFO | epoch=017 train_batch=180/435 running_loss=0.056088
2026-08-19 19:42:53 | INFO | epoch=017 train_batch=190/435 running_loss=0.055921
2026-08-19 19:42:53 | INFO | epoch=017 train_batch=200/435 running_loss=0.056003
2026-08-19 19:42:53 | INFO | epoch=017 train_batch=210/435 running_loss=0.055981
2026-08-19 19:42:53 | INFO | epoch=017 train_batch=220/435 running_loss=0.056108
2026-08-19 19:42:54 | INFO | epoch=017 train_batch=230/435 running_loss=0.056122
2026-08-19 19:42:54 | INFO | epoch=017 train_batch=240/435 running_loss=0.056131
2026-08-19 19:42:54 | INFO | epoch=017 train_batch=250/435 running_loss=0.056266
2026-08-19 19:42:54 | INFO | epoch=017 train_batch=260/435 running_loss=0.056217
2026-08-19 19:42:55 | INFO | epoch=017 train_batch=270/435 running_loss=0.056416
2026-08-19 19:42:55 | INFO | epoch=017 train_batch=280/435 running_loss=0.056464
2026-08-19 19:42:55 | INFO | epoch=017 train_batch=290/435 running_loss=0.056591
2026-08-19 19:42:55 | INFO | epoch=017 train_batch=300/435 running_loss=0.056638
2026-08-19 19:42:56 | INFO | epoch=017 train_batch=310/435 running_loss=0.056549
2026-08-19 19:42:56 | INFO | epoch=017 train_batch=320/435 running_loss=0.056371
2026-08-19 19:42:56 | INFO | epoch=017 train_batch=330/435 running_loss=0.056417
2026-08-19 19:42:56 | INFO | epoch=017 train_batch=340/435 running_loss=0.056525
2026-08-19 19:42:57 | INFO | epoch=017 train_batch=350/435 running_loss=0.056591
2026-08-19 19:42:57 | INFO | epoch=017 train_batch=360/435 running_loss=0.056578
2026-08-19 19:42:57 | INFO | epoch=017 train_batch=370/435 running_loss=0.056503
2026-08-19 19:42:57 | INFO | epoch=017 train_batch=380/435 running_loss=0.056413
2026-08-19 19:42:58 | INFO | epoch=017 train_batch=390/435 running_loss=0.056426
2026-08-19 19:42:58 | INFO | epoch=017 train_batch=400/435 running_loss=0.056269
2026-08-19 19:42:58 | INFO | epoch=017 train_batch=410/435 running_loss=0.056154
2026-08-19 19:42:58 | INFO | epoch=017 train_batch=420/435 running_loss=0.056152
2026-08-19 19:42:59 | INFO | epoch=017 train_batch=430/435 running_loss=0.056027
2026-08-19 19:42:59 | INFO | epoch=017 train_batch=435/435 running_loss=0.055979
2026-08-19 19:42:59 | INFO | epoch=017 train_loss=0.055979 validation_loss=0.131920
2026-08-19 19:42:59 | INFO | epoch=017 saved new best.pt
2026-08-19 19:42:59 | INFO | epoch=018 train_batch=10/435 running_loss=0.053409
2026-08-19 19:43:00 | INFO | epoch=018 train_batch=20/435 running_loss=0.052996
2026-08-19 19:43:00 | INFO | epoch=018 train_batch=30/435 running_loss=0.053246
2026-08-19 19:43:00 | INFO | epoch=018 train_batch=40/435 running_loss=0.053771
2026-08-19 19:43:00 | INFO | epoch=018 train_batch=50/435 running_loss=0.054168
2026-08-19 19:43:01 | INFO | epoch=018 train_batch=60/435 running_loss=0.053168
2026-08-19 19:43:01 | INFO | epoch=018 train_batch=70/435 running_loss=0.053571
2026-08-19 19:43:01 | INFO | epoch=018 train_batch=80/435 running_loss=0.053996
2026-08-19 19:43:01 | INFO | epoch=018 train_batch=90/435 running_loss=0.053778
2026-08-19 19:43:02 | INFO | epoch=018 train_batch=100/435 running_loss=0.053740
2026-08-19 19:43:02 | INFO | epoch=018 train_batch=110/435 running_loss=0.053346
2026-08-19 19:43:02 | INFO | epoch=018 train_batch=120/435 running_loss=0.053558
2026-08-19 19:43:02 | INFO | epoch=018 train_batch=130/435 running_loss=0.054023
2026-08-19 19:43:03 | INFO | epoch=018 train_batch=140/435 running_loss=0.053884
2026-08-19 19:43:03 | INFO | epoch=018 train_batch=150/435 running_loss=0.053785
2026-08-19 19:43:03 | INFO | epoch=018 train_batch=160/435 running_loss=0.053692
2026-08-19 19:43:03 | INFO | epoch=018 train_batch=170/435 running_loss=0.053955
2026-08-19 19:43:04 | INFO | epoch=018 train_batch=180/435 running_loss=0.054039
2026-08-19 19:43:04 | INFO | epoch=018 train_batch=190/435 running_loss=0.054132
2026-08-19 19:43:04 | INFO | epoch=018 train_batch=200/435 running_loss=0.054054
2026-08-19 19:43:04 | INFO | epoch=018 train_batch=210/435 running_loss=0.053956
2026-08-19 19:43:05 | INFO | epoch=018 train_batch=220/435 running_loss=0.054081
2026-08-19 19:43:05 | INFO | epoch=018 train_batch=230/435 running_loss=0.054064
2026-08-19 19:43:05 | INFO | epoch=018 train_batch=240/435 running_loss=0.054336
2026-08-19 19:43:05 | INFO | epoch=018 train_batch=250/435 running_loss=0.054403
2026-08-19 19:43:06 | INFO | epoch=018 train_batch=260/435 running_loss=0.054396
2026-08-19 19:43:06 | INFO | epoch=018 train_batch=270/435 running_loss=0.054529
2026-08-19 19:43:06 | INFO | epoch=018 train_batch=280/435 running_loss=0.054530
2026-08-19 19:43:06 | INFO | epoch=018 train_batch=290/435 running_loss=0.054424
2026-08-19 19:43:07 | INFO | epoch=018 train_batch=300/435 running_loss=0.054547
2026-08-19 19:43:07 | INFO | epoch=018 train_batch=310/435 running_loss=0.054631
2026-08-19 19:43:07 | INFO | epoch=018 train_batch=320/435 running_loss=0.054661
2026-08-19 19:43:07 | INFO | epoch=018 train_batch=330/435 running_loss=0.054649
2026-08-19 19:43:08 | INFO | epoch=018 train_batch=340/435 running_loss=0.054625
2026-08-19 19:43:08 | INFO | epoch=018 train_batch=350/435 running_loss=0.054697
2026-08-19 19:43:08 | INFO | epoch=018 train_batch=360/435 running_loss=0.054826
2026-08-19 19:43:08 | INFO | epoch=018 train_batch=370/435 running_loss=0.054906
2026-08-19 19:43:09 | INFO | epoch=018 train_batch=380/435 running_loss=0.054805
2026-08-19 19:43:09 | INFO | epoch=018 train_batch=390/435 running_loss=0.054798
2026-08-19 19:43:09 | INFO | epoch=018 train_batch=400/435 running_loss=0.054779
2026-08-19 19:43:09 | INFO | epoch=018 train_batch=410/435 running_loss=0.054817
2026-08-19 19:43:10 | INFO | epoch=018 train_batch=420/435 running_loss=0.054765
2026-08-19 19:43:10 | INFO | epoch=018 train_batch=430/435 running_loss=0.054830
2026-08-19 19:43:10 | INFO | epoch=018 train_batch=435/435 running_loss=0.054788
2026-08-19 19:43:10 | INFO | epoch=018 train_loss=0.054788 validation_loss=0.132584
2026-08-19 19:43:10 | INFO | epoch=019 train_batch=10/435 running_loss=0.051856
2026-08-19 19:43:11 | INFO | epoch=019 train_batch=20/435 running_loss=0.051211
2026-08-19 19:43:11 | INFO | epoch=019 train_batch=30/435 running_loss=0.051758
2026-08-19 19:43:11 | INFO | epoch=019 train_batch=40/435 running_loss=0.053422
2026-08-19 19:43:11 | INFO | epoch=019 train_batch=50/435 running_loss=0.053335
2026-08-19 19:43:12 | INFO | epoch=019 train_batch=60/435 running_loss=0.053376
2026-08-19 19:43:12 | INFO | epoch=019 train_batch=70/435 running_loss=0.053298
2026-08-19 19:43:12 | INFO | epoch=019 train_batch=80/435 running_loss=0.053456
2026-08-19 19:43:12 | INFO | epoch=019 train_batch=90/435 running_loss=0.053230
2026-08-19 19:43:13 | INFO | epoch=019 train_batch=100/435 running_loss=0.052804
2026-08-19 19:43:13 | INFO | epoch=019 train_batch=110/435 running_loss=0.053065
2026-08-19 19:43:13 | INFO | epoch=019 train_batch=120/435 running_loss=0.053044
2026-08-19 19:43:13 | INFO | epoch=019 train_batch=130/435 running_loss=0.053363
2026-08-19 19:43:14 | INFO | epoch=019 train_batch=140/435 running_loss=0.053269
2026-08-19 19:43:14 | INFO | epoch=019 train_batch=150/435 running_loss=0.053255
2026-08-19 19:43:14 | INFO | epoch=019 train_batch=160/435 running_loss=0.053246
2026-08-19 19:43:14 | INFO | epoch=019 train_batch=170/435 running_loss=0.053168
2026-08-19 19:43:15 | INFO | epoch=019 train_batch=180/435 running_loss=0.053262
2026-08-19 19:43:15 | INFO | epoch=019 train_batch=190/435 running_loss=0.053489
2026-08-19 19:43:15 | INFO | epoch=019 train_batch=200/435 running_loss=0.053476
2026-08-19 19:43:15 | INFO | epoch=019 train_batch=210/435 running_loss=0.053358
2026-08-19 19:43:16 | INFO | epoch=019 train_batch=220/435 running_loss=0.053353
2026-08-19 19:43:16 | INFO | epoch=019 train_batch=230/435 running_loss=0.053329
2026-08-19 19:43:16 | INFO | epoch=019 train_batch=240/435 running_loss=0.053451
2026-08-19 19:43:16 | INFO | epoch=019 train_batch=250/435 running_loss=0.053490
2026-08-19 19:43:17 | INFO | epoch=019 train_batch=260/435 running_loss=0.053405
2026-08-19 19:43:17 | INFO | epoch=019 train_batch=270/435 running_loss=0.053488
2026-08-19 19:43:17 | INFO | epoch=019 train_batch=280/435 running_loss=0.053422
2026-08-19 19:43:17 | INFO | epoch=019 train_batch=290/435 running_loss=0.053449
2026-08-19 19:43:18 | INFO | epoch=019 train_batch=300/435 running_loss=0.053500
2026-08-19 19:43:18 | INFO | epoch=019 train_batch=310/435 running_loss=0.053562
2026-08-19 19:43:18 | INFO | epoch=019 train_batch=320/435 running_loss=0.053669
2026-08-19 19:43:18 | INFO | epoch=019 train_batch=330/435 running_loss=0.053823
2026-08-19 19:43:19 | INFO | epoch=019 train_batch=340/435 running_loss=0.054108
2026-08-19 19:43:19 | INFO | epoch=019 train_batch=350/435 running_loss=0.054023
2026-08-19 19:43:19 | INFO | epoch=019 train_batch=360/435 running_loss=0.054040
2026-08-19 19:43:19 | INFO | epoch=019 train_batch=370/435 running_loss=0.054053
2026-08-19 19:43:20 | INFO | epoch=019 train_batch=380/435 running_loss=0.053982
2026-08-19 19:43:20 | INFO | epoch=019 train_batch=390/435 running_loss=0.053959
2026-08-19 19:43:20 | INFO | epoch=019 train_batch=400/435 running_loss=0.054031
2026-08-19 19:43:20 | INFO | epoch=019 train_batch=410/435 running_loss=0.054016
2026-08-19 19:43:21 | INFO | epoch=019 train_batch=420/435 running_loss=0.053913
2026-08-19 19:43:21 | INFO | epoch=019 train_batch=430/435 running_loss=0.053871
2026-08-19 19:43:21 | INFO | epoch=019 train_batch=435/435 running_loss=0.053823
2026-08-19 19:43:21 | INFO | epoch=019 train_loss=0.053823 validation_loss=0.130558
2026-08-19 19:43:21 | INFO | epoch=019 saved new best.pt
2026-08-19 19:43:22 | INFO | epoch=020 train_batch=10/435 running_loss=0.049163
2026-08-19 19:43:22 | INFO | epoch=020 train_batch=20/435 running_loss=0.051622
2026-08-19 19:43:22 | INFO | epoch=020 train_batch=30/435 running_loss=0.051274
2026-08-19 19:43:22 | INFO | epoch=020 train_batch=40/435 running_loss=0.051445
2026-08-19 19:43:23 | INFO | epoch=020 train_batch=50/435 running_loss=0.052073
2026-08-19 19:43:23 | INFO | epoch=020 train_batch=60/435 running_loss=0.052431
2026-08-19 19:43:23 | INFO | epoch=020 train_batch=70/435 running_loss=0.052567
2026-08-19 19:43:23 | INFO | epoch=020 train_batch=80/435 running_loss=0.052529
2026-08-19 19:43:24 | INFO | epoch=020 train_batch=90/435 running_loss=0.052182
2026-08-19 19:43:24 | INFO | epoch=020 train_batch=100/435 running_loss=0.052004
2026-08-19 19:43:24 | INFO | epoch=020 train_batch=110/435 running_loss=0.052042
2026-08-19 19:43:24 | INFO | epoch=020 train_batch=120/435 running_loss=0.052064
2026-08-19 19:43:25 | INFO | epoch=020 train_batch=130/435 running_loss=0.052020
2026-08-19 19:43:25 | INFO | epoch=020 train_batch=140/435 running_loss=0.052133
2026-08-19 19:43:25 | INFO | epoch=020 train_batch=150/435 running_loss=0.052344
2026-08-19 19:43:25 | INFO | epoch=020 train_batch=160/435 running_loss=0.052311
2026-08-19 19:43:26 | INFO | epoch=020 train_batch=170/435 running_loss=0.052411
2026-08-19 19:43:26 | INFO | epoch=020 train_batch=180/435 running_loss=0.052483
2026-08-19 19:43:26 | INFO | epoch=020 train_batch=190/435 running_loss=0.052398
2026-08-19 19:43:26 | INFO | epoch=020 train_batch=200/435 running_loss=0.052424
2026-08-19 19:43:26 | INFO | epoch=020 train_batch=210/435 running_loss=0.052494
2026-08-19 19:43:27 | INFO | epoch=020 train_batch=220/435 running_loss=0.052723
2026-08-19 19:43:27 | INFO | epoch=020 train_batch=230/435 running_loss=0.052726
2026-08-19 19:43:27 | INFO | epoch=020 train_batch=240/435 running_loss=0.052875
2026-08-19 19:43:27 | INFO | epoch=020 train_batch=250/435 running_loss=0.052876
2026-08-19 19:43:28 | INFO | epoch=020 train_batch=260/435 running_loss=0.052889
2026-08-19 19:43:28 | INFO | epoch=020 train_batch=270/435 running_loss=0.052964
2026-08-19 19:43:28 | INFO | epoch=020 train_batch=280/435 running_loss=0.052912
2026-08-19 19:43:28 | INFO | epoch=020 train_batch=290/435 running_loss=0.053010
2026-08-19 19:43:29 | INFO | epoch=020 train_batch=300/435 running_loss=0.053030
2026-08-19 19:43:29 | INFO | epoch=020 train_batch=310/435 running_loss=0.052932
2026-08-19 19:43:29 | INFO | epoch=020 train_batch=320/435 running_loss=0.052957
2026-08-19 19:43:29 | INFO | epoch=020 train_batch=330/435 running_loss=0.053040
2026-08-19 19:43:30 | INFO | epoch=020 train_batch=340/435 running_loss=0.053024
2026-08-19 19:43:30 | INFO | epoch=020 train_batch=350/435 running_loss=0.053102
2026-08-19 19:43:30 | INFO | epoch=020 train_batch=360/435 running_loss=0.053087
2026-08-19 19:43:30 | INFO | epoch=020 train_batch=370/435 running_loss=0.053133
2026-08-19 19:43:31 | INFO | epoch=020 train_batch=380/435 running_loss=0.053089
2026-08-19 19:43:31 | INFO | epoch=020 train_batch=390/435 running_loss=0.053071
2026-08-19 19:43:31 | INFO | epoch=020 train_batch=400/435 running_loss=0.053028
2026-08-19 19:43:31 | INFO | epoch=020 train_batch=410/435 running_loss=0.053099
2026-08-19 19:43:32 | INFO | epoch=020 train_batch=420/435 running_loss=0.053173
2026-08-19 19:43:32 | INFO | epoch=020 train_batch=430/435 running_loss=0.053171
2026-08-19 19:43:32 | INFO | epoch=020 train_batch=435/435 running_loss=0.053253
2026-08-19 19:43:32 | INFO | epoch=020 train_loss=0.053253 validation_loss=0.128189
2026-08-19 19:43:32 | INFO | epoch=020 saved new best.pt
2026-08-19 19:43:33 | INFO | epoch=021 train_batch=10/435 running_loss=0.049143
2026-08-19 19:43:33 | INFO | epoch=021 train_batch=20/435 running_loss=0.052417
2026-08-19 19:43:33 | INFO | epoch=021 train_batch=30/435 running_loss=0.051205
2026-08-19 19:43:33 | INFO | epoch=021 train_batch=40/435 running_loss=0.051946
2026-08-19 19:43:34 | INFO | epoch=021 train_batch=50/435 running_loss=0.051969
2026-08-19 19:43:34 | INFO | epoch=021 train_batch=60/435 running_loss=0.051712
2026-08-19 19:43:34 | INFO | epoch=021 train_batch=70/435 running_loss=0.051724
2026-08-19 19:43:34 | INFO | epoch=021 train_batch=80/435 running_loss=0.052024
2026-08-19 19:43:35 | INFO | epoch=021 train_batch=90/435 running_loss=0.051768
2026-08-19 19:43:35 | INFO | epoch=021 train_batch=100/435 running_loss=0.051816
2026-08-19 19:43:35 | INFO | epoch=021 train_batch=110/435 running_loss=0.052002
2026-08-19 19:43:35 | INFO | epoch=021 train_batch=120/435 running_loss=0.052055
2026-08-19 19:43:36 | INFO | epoch=021 train_batch=130/435 running_loss=0.052099
2026-08-19 19:43:36 | INFO | epoch=021 train_batch=140/435 running_loss=0.051978
2026-08-19 19:43:36 | INFO | epoch=021 train_batch=150/435 running_loss=0.051874
2026-08-19 19:43:36 | INFO | epoch=021 train_batch=160/435 running_loss=0.051687
2026-08-19 19:43:37 | INFO | epoch=021 train_batch=170/435 running_loss=0.052080
2026-08-19 19:43:37 | INFO | epoch=021 train_batch=180/435 running_loss=0.052005
2026-08-19 19:43:37 | INFO | epoch=021 train_batch=190/435 running_loss=0.052136
2026-08-19 19:43:37 | INFO | epoch=021 train_batch=200/435 running_loss=0.052243
2026-08-19 19:43:38 | INFO | epoch=021 train_batch=210/435 running_loss=0.052211
2026-08-19 19:43:38 | INFO | epoch=021 train_batch=220/435 running_loss=0.052169
2026-08-19 19:43:38 | INFO | epoch=021 train_batch=230/435 running_loss=0.052452
2026-08-19 19:43:38 | INFO | epoch=021 train_batch=240/435 running_loss=0.052513
2026-08-19 19:43:39 | INFO | epoch=021 train_batch=250/435 running_loss=0.052416
2026-08-19 19:43:39 | INFO | epoch=021 train_batch=260/435 running_loss=0.052389
2026-08-19 19:43:39 | INFO | epoch=021 train_batch=270/435 running_loss=0.052405
2026-08-19 19:43:39 | INFO | epoch=021 train_batch=280/435 running_loss=0.052450
2026-08-19 19:43:40 | INFO | epoch=021 train_batch=290/435 running_loss=0.052415
2026-08-19 19:43:40 | INFO | epoch=021 train_batch=300/435 running_loss=0.052373
2026-08-19 19:43:40 | INFO | epoch=021 train_batch=310/435 running_loss=0.052330
2026-08-19 19:43:40 | INFO | epoch=021 train_batch=320/435 running_loss=0.052527
2026-08-19 19:43:41 | INFO | epoch=021 train_batch=330/435 running_loss=0.052543
2026-08-19 19:43:41 | INFO | epoch=021 train_batch=340/435 running_loss=0.052572
2026-08-19 19:43:41 | INFO | epoch=021 train_batch=350/435 running_loss=0.052478
2026-08-19 19:43:41 | INFO | epoch=021 train_batch=360/435 running_loss=0.052491
2026-08-19 19:43:42 | INFO | epoch=021 train_batch=370/435 running_loss=0.052475
2026-08-19 19:43:42 | INFO | epoch=021 train_batch=380/435 running_loss=0.052343
2026-08-19 19:43:42 | INFO | epoch=021 train_batch=390/435 running_loss=0.052377
2026-08-19 19:43:42 | INFO | epoch=021 train_batch=400/435 running_loss=0.052293
2026-08-19 19:43:43 | INFO | epoch=021 train_batch=410/435 running_loss=0.052219
2026-08-19 19:43:43 | INFO | epoch=021 train_batch=420/435 running_loss=0.052221
2026-08-19 19:43:43 | INFO | epoch=021 train_batch=430/435 running_loss=0.052203
2026-08-19 19:43:43 | INFO | epoch=021 train_batch=435/435 running_loss=0.052231
2026-08-19 19:43:43 | INFO | epoch=021 train_loss=0.052231 validation_loss=0.127389
2026-08-19 19:43:44 | INFO | epoch=021 saved new best.pt
2026-08-19 19:43:44 | INFO | epoch=022 train_batch=10/435 running_loss=0.044614
2026-08-19 19:43:44 | INFO | epoch=022 train_batch=20/435 running_loss=0.045282
2026-08-19 19:43:44 | INFO | epoch=022 train_batch=30/435 running_loss=0.048707
2026-08-19 19:43:45 | INFO | epoch=022 train_batch=40/435 running_loss=0.049193
2026-08-19 19:43:45 | INFO | epoch=022 train_batch=50/435 running_loss=0.049142
2026-08-19 19:43:45 | INFO | epoch=022 train_batch=60/435 running_loss=0.049404
2026-08-19 19:43:45 | INFO | epoch=022 train_batch=70/435 running_loss=0.049960
2026-08-19 19:43:46 | INFO | epoch=022 train_batch=80/435 running_loss=0.049949
2026-08-19 19:43:46 | INFO | epoch=022 train_batch=90/435 running_loss=0.049636
2026-08-19 19:43:46 | INFO | epoch=022 train_batch=100/435 running_loss=0.050148
2026-08-19 19:43:46 | INFO | epoch=022 train_batch=110/435 running_loss=0.050382
2026-08-19 19:43:47 | INFO | epoch=022 train_batch=120/435 running_loss=0.050587
2026-08-19 19:43:47 | INFO | epoch=022 train_batch=130/435 running_loss=0.050537
2026-08-19 19:43:47 | INFO | epoch=022 train_batch=140/435 running_loss=0.050754
2026-08-19 19:43:47 | INFO | epoch=022 train_batch=150/435 running_loss=0.050811
2026-08-19 19:43:48 | INFO | epoch=022 train_batch=160/435 running_loss=0.050670
2026-08-19 19:43:48 | INFO | epoch=022 train_batch=170/435 running_loss=0.050808
2026-08-19 19:43:48 | INFO | epoch=022 train_batch=180/435 running_loss=0.050826
2026-08-19 19:43:48 | INFO | epoch=022 train_batch=190/435 running_loss=0.050871
2026-08-19 19:43:49 | INFO | epoch=022 train_batch=200/435 running_loss=0.051014
2026-08-19 19:43:49 | INFO | epoch=022 train_batch=210/435 running_loss=0.051046
2026-08-19 19:43:49 | INFO | epoch=022 train_batch=220/435 running_loss=0.051150
2026-08-19 19:43:49 | INFO | epoch=022 train_batch=230/435 running_loss=0.051179
2026-08-19 19:43:50 | INFO | epoch=022 train_batch=240/435 running_loss=0.051231
2026-08-19 19:43:50 | INFO | epoch=022 train_batch=250/435 running_loss=0.051474
2026-08-19 19:43:50 | INFO | epoch=022 train_batch=260/435 running_loss=0.051402
2026-08-19 19:43:50 | INFO | epoch=022 train_batch=270/435 running_loss=0.051521
2026-08-19 19:43:51 | INFO | epoch=022 train_batch=280/435 running_loss=0.051593
2026-08-19 19:43:51 | INFO | epoch=022 train_batch=290/435 running_loss=0.051633
2026-08-19 19:43:51 | INFO | epoch=022 train_batch=300/435 running_loss=0.051625
2026-08-19 19:43:51 | INFO | epoch=022 train_batch=310/435 running_loss=0.051666
2026-08-19 19:43:52 | INFO | epoch=022 train_batch=320/435 running_loss=0.051696
2026-08-19 19:43:52 | INFO | epoch=022 train_batch=330/435 running_loss=0.051738
2026-08-19 19:43:52 | INFO | epoch=022 train_batch=340/435 running_loss=0.051788
2026-08-19 19:43:52 | INFO | epoch=022 train_batch=350/435 running_loss=0.051890
2026-08-19 19:43:53 | INFO | epoch=022 train_batch=360/435 running_loss=0.051902
2026-08-19 19:43:53 | INFO | epoch=022 train_batch=370/435 running_loss=0.051977
2026-08-19 19:43:53 | INFO | epoch=022 train_batch=380/435 running_loss=0.052024
2026-08-19 19:43:53 | INFO | epoch=022 train_batch=390/435 running_loss=0.051962
2026-08-19 19:43:54 | INFO | epoch=022 train_batch=400/435 running_loss=0.051937
2026-08-19 19:43:54 | INFO | epoch=022 train_batch=410/435 running_loss=0.051940
2026-08-19 19:43:54 | INFO | epoch=022 train_batch=420/435 running_loss=0.051831
2026-08-19 19:43:54 | INFO | epoch=022 train_batch=430/435 running_loss=0.051762
2026-08-19 19:43:54 | INFO | epoch=022 train_batch=435/435 running_loss=0.051773
2026-08-19 19:43:55 | INFO | epoch=022 train_loss=0.051773 validation_loss=0.124585
2026-08-19 19:43:55 | INFO | epoch=022 saved new best.pt
2026-08-19 19:43:55 | INFO | epoch=023 train_batch=10/435 running_loss=0.054947
2026-08-19 19:43:55 | INFO | epoch=023 train_batch=20/435 running_loss=0.053148
2026-08-19 19:43:55 | INFO | epoch=023 train_batch=30/435 running_loss=0.051778
2026-08-19 19:43:56 | INFO | epoch=023 train_batch=40/435 running_loss=0.051813
2026-08-19 19:43:56 | INFO | epoch=023 train_batch=50/435 running_loss=0.051836
2026-08-19 19:43:56 | INFO | epoch=023 train_batch=60/435 running_loss=0.051266
2026-08-19 19:43:56 | INFO | epoch=023 train_batch=70/435 running_loss=0.050846
2026-08-19 19:43:57 | INFO | epoch=023 train_batch=80/435 running_loss=0.050795
2026-08-19 19:43:57 | INFO | epoch=023 train_batch=90/435 running_loss=0.050937
2026-08-19 19:43:57 | INFO | epoch=023 train_batch=100/435 running_loss=0.050756
2026-08-19 19:43:57 | INFO | epoch=023 train_batch=110/435 running_loss=0.050892
2026-08-19 19:43:58 | INFO | epoch=023 train_batch=120/435 running_loss=0.051234
2026-08-19 19:43:58 | INFO | epoch=023 train_batch=130/435 running_loss=0.051117
2026-08-19 19:43:58 | INFO | epoch=023 train_batch=140/435 running_loss=0.051054
2026-08-19 19:43:58 | INFO | epoch=023 train_batch=150/435 running_loss=0.050854
2026-08-19 19:43:59 | INFO | epoch=023 train_batch=160/435 running_loss=0.050763
2026-08-19 19:43:59 | INFO | epoch=023 train_batch=170/435 running_loss=0.050936
2026-08-19 19:43:59 | INFO | epoch=023 train_batch=180/435 running_loss=0.051064
2026-08-19 19:43:59 | INFO | epoch=023 train_batch=190/435 running_loss=0.051007
2026-08-19 19:44:00 | INFO | epoch=023 train_batch=200/435 running_loss=0.050978
2026-08-19 19:44:00 | INFO | epoch=023 train_batch=210/435 running_loss=0.051091
2026-08-19 19:44:00 | INFO | epoch=023 train_batch=220/435 running_loss=0.051237
2026-08-19 19:44:00 | INFO | epoch=023 train_batch=230/435 running_loss=0.051372
2026-08-19 19:44:01 | INFO | epoch=023 train_batch=240/435 running_loss=0.051284
2026-08-19 19:44:01 | INFO | epoch=023 train_batch=250/435 running_loss=0.051171
2026-08-19 19:44:01 | INFO | epoch=023 train_batch=260/435 running_loss=0.051234
2026-08-19 19:44:01 | INFO | epoch=023 train_batch=270/435 running_loss=0.051220
2026-08-19 19:44:02 | INFO | epoch=023 train_batch=280/435 running_loss=0.051178
2026-08-19 19:44:02 | INFO | epoch=023 train_batch=290/435 running_loss=0.051262
2026-08-19 19:44:02 | INFO | epoch=023 train_batch=300/435 running_loss=0.051392
2026-08-19 19:44:02 | INFO | epoch=023 train_batch=310/435 running_loss=0.051337
2026-08-19 19:44:03 | INFO | epoch=023 train_batch=320/435 running_loss=0.051245
2026-08-19 19:44:03 | INFO | epoch=023 train_batch=330/435 running_loss=0.051359
2026-08-19 19:44:03 | INFO | epoch=023 train_batch=340/435 running_loss=0.051272
2026-08-19 19:44:03 | INFO | epoch=023 train_batch=350/435 running_loss=0.051224
2026-08-19 19:44:04 | INFO | epoch=023 train_batch=360/435 running_loss=0.051232
2026-08-19 19:44:04 | INFO | epoch=023 train_batch=370/435 running_loss=0.051140
2026-08-19 19:44:04 | INFO | epoch=023 train_batch=380/435 running_loss=0.051111
2026-08-19 19:44:04 | INFO | epoch=023 train_batch=390/435 running_loss=0.051192
2026-08-19 19:44:05 | INFO | epoch=023 train_batch=400/435 running_loss=0.051175
2026-08-19 19:44:05 | INFO | epoch=023 train_batch=410/435 running_loss=0.051120
2026-08-19 19:44:05 | INFO | epoch=023 train_batch=420/435 running_loss=0.051104
2026-08-19 19:44:05 | INFO | epoch=023 train_batch=430/435 running_loss=0.051034
2026-08-19 19:44:06 | INFO | epoch=023 train_batch=435/435 running_loss=0.051067
2026-08-19 19:44:06 | INFO | epoch=023 train_loss=0.051067 validation_loss=0.124434
2026-08-19 19:44:06 | INFO | epoch=023 saved new best.pt
2026-08-19 19:44:06 | INFO | epoch=024 train_batch=10/435 running_loss=0.048167
2026-08-19 19:44:06 | INFO | epoch=024 train_batch=20/435 running_loss=0.048405
2026-08-19 19:44:07 | INFO | epoch=024 train_batch=30/435 running_loss=0.048046
2026-08-19 19:44:07 | INFO | epoch=024 train_batch=40/435 running_loss=0.047559
2026-08-19 19:44:07 | INFO | epoch=024 train_batch=50/435 running_loss=0.048075
2026-08-19 19:44:07 | INFO | epoch=024 train_batch=60/435 running_loss=0.047954
2026-08-19 19:44:08 | INFO | epoch=024 train_batch=70/435 running_loss=0.047851
2026-08-19 19:44:08 | INFO | epoch=024 train_batch=80/435 running_loss=0.048691
2026-08-19 19:44:08 | INFO | epoch=024 train_batch=90/435 running_loss=0.048733
2026-08-19 19:44:08 | INFO | epoch=024 train_batch=100/435 running_loss=0.048509
2026-08-19 19:44:09 | INFO | epoch=024 train_batch=110/435 running_loss=0.048677
2026-08-19 19:44:09 | INFO | epoch=024 train_batch=120/435 running_loss=0.048897
2026-08-19 19:44:09 | INFO | epoch=024 train_batch=130/435 running_loss=0.049029
2026-08-19 19:44:09 | INFO | epoch=024 train_batch=140/435 running_loss=0.049133
2026-08-19 19:44:10 | INFO | epoch=024 train_batch=150/435 running_loss=0.048986
2026-08-19 19:44:10 | INFO | epoch=024 train_batch=160/435 running_loss=0.049094
2026-08-19 19:44:10 | INFO | epoch=024 train_batch=170/435 running_loss=0.049054
2026-08-19 19:44:10 | INFO | epoch=024 train_batch=180/435 running_loss=0.049239
2026-08-19 19:44:11 | INFO | epoch=024 train_batch=190/435 running_loss=0.049469
2026-08-19 19:44:11 | INFO | epoch=024 train_batch=200/435 running_loss=0.049594
2026-08-19 19:44:11 | INFO | epoch=024 train_batch=210/435 running_loss=0.049706
2026-08-19 19:44:11 | INFO | epoch=024 train_batch=220/435 running_loss=0.049774
2026-08-19 19:44:12 | INFO | epoch=024 train_batch=230/435 running_loss=0.049619
2026-08-19 19:44:12 | INFO | epoch=024 train_batch=240/435 running_loss=0.049716
2026-08-19 19:44:12 | INFO | epoch=024 train_batch=250/435 running_loss=0.049549
2026-08-19 19:44:12 | INFO | epoch=024 train_batch=260/435 running_loss=0.049607
2026-08-19 19:44:13 | INFO | epoch=024 train_batch=270/435 running_loss=0.049769
2026-08-19 19:44:13 | INFO | epoch=024 train_batch=280/435 running_loss=0.049839
2026-08-19 19:44:13 | INFO | epoch=024 train_batch=290/435 running_loss=0.049888
2026-08-19 19:44:13 | INFO | epoch=024 train_batch=300/435 running_loss=0.049794
2026-08-19 19:44:14 | INFO | epoch=024 train_batch=310/435 running_loss=0.049862
2026-08-19 19:44:14 | INFO | epoch=024 train_batch=320/435 running_loss=0.049979
2026-08-19 19:44:14 | INFO | epoch=024 train_batch=330/435 running_loss=0.049951
2026-08-19 19:44:14 | INFO | epoch=024 train_batch=340/435 running_loss=0.050024
2026-08-19 19:44:15 | INFO | epoch=024 train_batch=350/435 running_loss=0.050067
2026-08-19 19:44:15 | INFO | epoch=024 train_batch=360/435 running_loss=0.050200
2026-08-19 19:44:15 | INFO | epoch=024 train_batch=370/435 running_loss=0.050215
2026-08-19 19:44:15 | INFO | epoch=024 train_batch=380/435 running_loss=0.050286
2026-08-19 19:44:16 | INFO | epoch=024 train_batch=390/435 running_loss=0.050269
2026-08-19 19:44:16 | INFO | epoch=024 train_batch=400/435 running_loss=0.050330
2026-08-19 19:44:16 | INFO | epoch=024 train_batch=410/435 running_loss=0.050302
2026-08-19 19:44:16 | INFO | epoch=024 train_batch=420/435 running_loss=0.050333
2026-08-19 19:44:17 | INFO | epoch=024 train_batch=430/435 running_loss=0.050279
2026-08-19 19:44:17 | INFO | epoch=024 train_batch=435/435 running_loss=0.050239
2026-08-19 19:44:17 | INFO | epoch=024 train_loss=0.050239 validation_loss=0.126126
2026-08-19 19:44:17 | INFO | epoch=025 train_batch=10/435 running_loss=0.051001
2026-08-19 19:44:18 | INFO | epoch=025 train_batch=20/435 running_loss=0.047955
2026-08-19 19:44:18 | INFO | epoch=025 train_batch=30/435 running_loss=0.048663
2026-08-19 19:44:18 | INFO | epoch=025 train_batch=40/435 running_loss=0.048499
2026-08-19 19:44:18 | INFO | epoch=025 train_batch=50/435 running_loss=0.049295
2026-08-19 19:44:19 | INFO | epoch=025 train_batch=60/435 running_loss=0.049012
2026-08-19 19:44:19 | INFO | epoch=025 train_batch=70/435 running_loss=0.049387
2026-08-19 19:44:19 | INFO | epoch=025 train_batch=80/435 running_loss=0.049046
2026-08-19 19:44:19 | INFO | epoch=025 train_batch=90/435 running_loss=0.049336
2026-08-19 19:44:20 | INFO | epoch=025 train_batch=100/435 running_loss=0.049161
2026-08-19 19:44:20 | INFO | epoch=025 train_batch=110/435 running_loss=0.049475
2026-08-19 19:44:20 | INFO | epoch=025 train_batch=120/435 running_loss=0.049642
2026-08-19 19:44:20 | INFO | epoch=025 train_batch=130/435 running_loss=0.049530
2026-08-19 19:44:21 | INFO | epoch=025 train_batch=140/435 running_loss=0.049624
2026-08-19 19:44:21 | INFO | epoch=025 train_batch=150/435 running_loss=0.049601
2026-08-19 19:44:21 | INFO | epoch=025 train_batch=160/435 running_loss=0.049843
2026-08-19 19:44:21 | INFO | epoch=025 train_batch=170/435 running_loss=0.049996
2026-08-19 19:44:22 | INFO | epoch=025 train_batch=180/435 running_loss=0.049979
2026-08-19 19:44:22 | INFO | epoch=025 train_batch=190/435 running_loss=0.050097
2026-08-19 19:44:22 | INFO | epoch=025 train_batch=200/435 running_loss=0.050009
2026-08-19 19:44:22 | INFO | epoch=025 train_batch=210/435 running_loss=0.049979
2026-08-19 19:44:23 | INFO | epoch=025 train_batch=220/435 running_loss=0.050032
2026-08-19 19:44:23 | INFO | epoch=025 train_batch=230/435 running_loss=0.049987
2026-08-19 19:44:23 | INFO | epoch=025 train_batch=240/435 running_loss=0.049991
2026-08-19 19:44:23 | INFO | epoch=025 train_batch=250/435 running_loss=0.049872
2026-08-19 19:44:24 | INFO | epoch=025 train_batch=260/435 running_loss=0.049849
2026-08-19 19:44:24 | INFO | epoch=025 train_batch=270/435 running_loss=0.050044
2026-08-19 19:44:24 | INFO | epoch=025 train_batch=280/435 running_loss=0.050095
2026-08-19 19:44:24 | INFO | epoch=025 train_batch=290/435 running_loss=0.050329
2026-08-19 19:44:25 | INFO | epoch=025 train_batch=300/435 running_loss=0.050368
2026-08-19 19:44:25 | INFO | epoch=025 train_batch=310/435 running_loss=0.050375
2026-08-19 19:44:25 | INFO | epoch=025 train_batch=320/435 running_loss=0.050349
2026-08-19 19:44:25 | INFO | epoch=025 train_batch=330/435 running_loss=0.050481
2026-08-19 19:44:26 | INFO | epoch=025 train_batch=340/435 running_loss=0.050446
2026-08-19 19:44:26 | INFO | epoch=025 train_batch=350/435 running_loss=0.050411
2026-08-19 19:44:26 | INFO | epoch=025 train_batch=360/435 running_loss=0.050338
2026-08-19 19:44:26 | INFO | epoch=025 train_batch=370/435 running_loss=0.050285
2026-08-19 19:44:27 | INFO | epoch=025 train_batch=380/435 running_loss=0.050347
2026-08-19 19:44:27 | INFO | epoch=025 train_batch=390/435 running_loss=0.050329
2026-08-19 19:44:27 | INFO | epoch=025 train_batch=400/435 running_loss=0.050276
2026-08-19 19:44:27 | INFO | epoch=025 train_batch=410/435 running_loss=0.050298
2026-08-19 19:44:28 | INFO | epoch=025 train_batch=420/435 running_loss=0.050172
2026-08-19 19:44:28 | INFO | epoch=025 train_batch=430/435 running_loss=0.050116
2026-08-19 19:44:28 | INFO | epoch=025 train_batch=435/435 running_loss=0.050068
2026-08-19 19:44:28 | INFO | epoch=025 train_loss=0.050068 validation_loss=0.125051
2026-08-19 19:44:29 | INFO | epoch=026 train_batch=10/435 running_loss=0.048036
2026-08-19 19:44:29 | INFO | epoch=026 train_batch=20/435 running_loss=0.047082
2026-08-19 19:44:29 | INFO | epoch=026 train_batch=30/435 running_loss=0.047831
2026-08-19 19:44:29 | INFO | epoch=026 train_batch=40/435 running_loss=0.048187
2026-08-19 19:44:30 | INFO | epoch=026 train_batch=50/435 running_loss=0.048512
2026-08-19 19:44:30 | INFO | epoch=026 train_batch=60/435 running_loss=0.048456
2026-08-19 19:44:30 | INFO | epoch=026 train_batch=70/435 running_loss=0.048823
2026-08-19 19:44:30 | INFO | epoch=026 train_batch=80/435 running_loss=0.049195
2026-08-19 19:44:31 | INFO | epoch=026 train_batch=90/435 running_loss=0.049128
2026-08-19 19:44:31 | INFO | epoch=026 train_batch=100/435 running_loss=0.049222
2026-08-19 19:44:31 | INFO | epoch=026 train_batch=110/435 running_loss=0.048834
2026-08-19 19:44:31 | INFO | epoch=026 train_batch=120/435 running_loss=0.048861
2026-08-19 19:44:32 | INFO | epoch=026 train_batch=130/435 running_loss=0.048897
2026-08-19 19:44:32 | INFO | epoch=026 train_batch=140/435 running_loss=0.049165
2026-08-19 19:44:32 | INFO | epoch=026 train_batch=150/435 running_loss=0.049204
2026-08-19 19:44:32 | INFO | epoch=026 train_batch=160/435 running_loss=0.049290
2026-08-19 19:44:33 | INFO | epoch=026 train_batch=170/435 running_loss=0.049473
2026-08-19 19:44:33 | INFO | epoch=026 train_batch=180/435 running_loss=0.049689
2026-08-19 19:44:33 | INFO | epoch=026 train_batch=190/435 running_loss=0.049516
2026-08-19 19:44:33 | INFO | epoch=026 train_batch=200/435 running_loss=0.049829
2026-08-19 19:44:34 | INFO | epoch=026 train_batch=210/435 running_loss=0.049879
2026-08-19 19:44:34 | INFO | epoch=026 train_batch=220/435 running_loss=0.049800
2026-08-19 19:44:34 | INFO | epoch=026 train_batch=230/435 running_loss=0.049740
2026-08-19 19:44:34 | INFO | epoch=026 train_batch=240/435 running_loss=0.049646
2026-08-19 19:44:35 | INFO | epoch=026 train_batch=250/435 running_loss=0.049766
2026-08-19 19:44:35 | INFO | epoch=026 train_batch=260/435 running_loss=0.049684
2026-08-19 19:44:35 | INFO | epoch=026 train_batch=270/435 running_loss=0.049932
2026-08-19 19:44:35 | INFO | epoch=026 train_batch=280/435 running_loss=0.049957
2026-08-19 19:44:36 | INFO | epoch=026 train_batch=290/435 running_loss=0.049885
2026-08-19 19:44:36 | INFO | epoch=026 train_batch=300/435 running_loss=0.049772
2026-08-19 19:44:36 | INFO | epoch=026 train_batch=310/435 running_loss=0.049785
2026-08-19 19:44:36 | INFO | epoch=026 train_batch=320/435 running_loss=0.049734
2026-08-19 19:44:37 | INFO | epoch=026 train_batch=330/435 running_loss=0.049609
2026-08-19 19:44:37 | INFO | epoch=026 train_batch=340/435 running_loss=0.049608
2026-08-19 19:44:37 | INFO | epoch=026 train_batch=350/435 running_loss=0.049595
2026-08-19 19:44:37 | INFO | epoch=026 train_batch=360/435 running_loss=0.049482
2026-08-19 19:44:38 | INFO | epoch=026 train_batch=370/435 running_loss=0.049401
2026-08-19 19:44:38 | INFO | epoch=026 train_batch=380/435 running_loss=0.049236
2026-08-19 19:44:38 | INFO | epoch=026 train_batch=390/435 running_loss=0.049303
2026-08-19 19:44:38 | INFO | epoch=026 train_batch=400/435 running_loss=0.049296
2026-08-19 19:44:39 | INFO | epoch=026 train_batch=410/435 running_loss=0.049321
2026-08-19 19:44:39 | INFO | epoch=026 train_batch=420/435 running_loss=0.049404
2026-08-19 19:44:39 | INFO | epoch=026 train_batch=430/435 running_loss=0.049362
2026-08-19 19:44:39 | INFO | epoch=026 train_batch=435/435 running_loss=0.049354
2026-08-19 19:44:39 | INFO | epoch=026 train_loss=0.049354 validation_loss=0.127391
2026-08-19 19:44:40 | INFO | epoch=027 train_batch=10/435 running_loss=0.044545
2026-08-19 19:44:40 | INFO | epoch=027 train_batch=20/435 running_loss=0.046920
2026-08-19 19:44:40 | INFO | epoch=027 train_batch=30/435 running_loss=0.046770
2026-08-19 19:44:41 | INFO | epoch=027 train_batch=40/435 running_loss=0.046927
2026-08-19 19:44:41 | INFO | epoch=027 train_batch=50/435 running_loss=0.047367
2026-08-19 19:44:41 | INFO | epoch=027 train_batch=60/435 running_loss=0.048364
2026-08-19 19:44:41 | INFO | epoch=027 train_batch=70/435 running_loss=0.048803
2026-08-19 19:44:41 | INFO | epoch=027 train_batch=80/435 running_loss=0.048559
2026-08-19 19:44:42 | INFO | epoch=027 train_batch=90/435 running_loss=0.048687
2026-08-19 19:44:42 | INFO | epoch=027 train_batch=100/435 running_loss=0.048627
2026-08-19 19:44:42 | INFO | epoch=027 train_batch=110/435 running_loss=0.048474
2026-08-19 19:44:42 | INFO | epoch=027 train_batch=120/435 running_loss=0.048423
2026-08-19 19:44:43 | INFO | epoch=027 train_batch=130/435 running_loss=0.048145
2026-08-19 19:44:43 | INFO | epoch=027 train_batch=140/435 running_loss=0.048222
2026-08-19 19:44:43 | INFO | epoch=027 train_batch=150/435 running_loss=0.048088
2026-08-19 19:44:43 | INFO | epoch=027 train_batch=160/435 running_loss=0.048128
2026-08-19 19:44:44 | INFO | epoch=027 train_batch=170/435 running_loss=0.048326
2026-08-19 19:44:44 | INFO | epoch=027 train_batch=180/435 running_loss=0.048605
2026-08-19 19:44:44 | INFO | epoch=027 train_batch=190/435 running_loss=0.048385
2026-08-19 19:44:44 | INFO | epoch=027 train_batch=200/435 running_loss=0.048605
2026-08-19 19:44:45 | INFO | epoch=027 train_batch=210/435 running_loss=0.048657
2026-08-19 19:44:45 | INFO | epoch=027 train_batch=220/435 running_loss=0.048820
2026-08-19 19:44:45 | INFO | epoch=027 train_batch=230/435 running_loss=0.048910
2026-08-19 19:44:45 | INFO | epoch=027 train_batch=240/435 running_loss=0.048978
2026-08-19 19:44:46 | INFO | epoch=027 train_batch=250/435 running_loss=0.048928
2026-08-19 19:44:46 | INFO | epoch=027 train_batch=260/435 running_loss=0.048832
2026-08-19 19:44:46 | INFO | epoch=027 train_batch=270/435 running_loss=0.048913
2026-08-19 19:44:46 | INFO | epoch=027 train_batch=280/435 running_loss=0.048903
2026-08-19 19:44:47 | INFO | epoch=027 train_batch=290/435 running_loss=0.048801
2026-08-19 19:44:47 | INFO | epoch=027 train_batch=300/435 running_loss=0.048816
2026-08-19 19:44:47 | INFO | epoch=027 train_batch=310/435 running_loss=0.048845
2026-08-19 19:44:47 | INFO | epoch=027 train_batch=320/435 running_loss=0.048826
2026-08-19 19:44:48 | INFO | epoch=027 train_batch=330/435 running_loss=0.048923
2026-08-19 19:44:48 | INFO | epoch=027 train_batch=340/435 running_loss=0.048868
2026-08-19 19:44:48 | INFO | epoch=027 train_batch=350/435 running_loss=0.048900
2026-08-19 19:44:48 | INFO | epoch=027 train_batch=360/435 running_loss=0.048869
2026-08-19 19:44:49 | INFO | epoch=027 train_batch=370/435 running_loss=0.048841
2026-08-19 19:44:49 | INFO | epoch=027 train_batch=380/435 running_loss=0.048853
2026-08-19 19:44:49 | INFO | epoch=027 train_batch=390/435 running_loss=0.048774
2026-08-19 19:44:49 | INFO | epoch=027 train_batch=400/435 running_loss=0.048805
2026-08-19 19:44:50 | INFO | epoch=027 train_batch=410/435 running_loss=0.048809
2026-08-19 19:44:50 | INFO | epoch=027 train_batch=420/435 running_loss=0.048826
2026-08-19 19:44:50 | INFO | epoch=027 train_batch=430/435 running_loss=0.048871
2026-08-19 19:44:50 | INFO | epoch=027 train_batch=435/435 running_loss=0.048880
2026-08-19 19:44:50 | INFO | epoch=027 train_loss=0.048880 validation_loss=0.125428
2026-08-19 19:44:51 | INFO | epoch=028 train_batch=10/435 running_loss=0.050429
2026-08-19 19:44:51 | INFO | epoch=028 train_batch=20/435 running_loss=0.049130
2026-08-19 19:44:51 | INFO | epoch=028 train_batch=30/435 running_loss=0.050027
2026-08-19 19:44:52 | INFO | epoch=028 train_batch=40/435 running_loss=0.050562
2026-08-19 19:44:52 | INFO | epoch=028 train_batch=50/435 running_loss=0.049506
2026-08-19 19:44:52 | INFO | epoch=028 train_batch=60/435 running_loss=0.049809
2026-08-19 19:44:52 | INFO | epoch=028 train_batch=70/435 running_loss=0.049839
2026-08-19 19:44:53 | INFO | epoch=028 train_batch=80/435 running_loss=0.049513
2026-08-19 19:44:53 | INFO | epoch=028 train_batch=90/435 running_loss=0.049277
2026-08-19 19:44:53 | INFO | epoch=028 train_batch=100/435 running_loss=0.049381
2026-08-19 19:44:53 | INFO | epoch=028 train_batch=110/435 running_loss=0.049142
2026-08-19 19:44:54 | INFO | epoch=028 train_batch=120/435 running_loss=0.048843
2026-08-19 19:44:54 | INFO | epoch=028 train_batch=130/435 running_loss=0.048760
2026-08-19 19:44:54 | INFO | epoch=028 train_batch=140/435 running_loss=0.048603
2026-08-19 19:44:54 | INFO | epoch=028 train_batch=150/435 running_loss=0.048613
2026-08-19 19:44:55 | INFO | epoch=028 train_batch=160/435 running_loss=0.048707
2026-08-19 19:44:55 | INFO | epoch=028 train_batch=170/435 running_loss=0.048911
2026-08-19 19:44:55 | INFO | epoch=028 train_batch=180/435 running_loss=0.048935
2026-08-19 19:44:55 | INFO | epoch=028 train_batch=190/435 running_loss=0.048976
2026-08-19 19:44:56 | INFO | epoch=028 train_batch=200/435 running_loss=0.048738
2026-08-19 19:44:56 | INFO | epoch=028 train_batch=210/435 running_loss=0.048588
2026-08-19 19:44:56 | INFO | epoch=028 train_batch=220/435 running_loss=0.048597
2026-08-19 19:44:56 | INFO | epoch=028 train_batch=230/435 running_loss=0.048595
2026-08-19 19:44:56 | INFO | epoch=028 train_batch=240/435 running_loss=0.048475
2026-08-19 19:44:57 | INFO | epoch=028 train_batch=250/435 running_loss=0.048397
2026-08-19 19:44:57 | INFO | epoch=028 train_batch=260/435 running_loss=0.048397
2026-08-19 19:44:57 | INFO | epoch=028 train_batch=270/435 running_loss=0.048314
2026-08-19 19:44:57 | INFO | epoch=028 train_batch=280/435 running_loss=0.048440
2026-08-19 19:44:58 | INFO | epoch=028 train_batch=290/435 running_loss=0.048346
2026-08-19 19:44:58 | INFO | epoch=028 train_batch=300/435 running_loss=0.048420
2026-08-19 19:44:58 | INFO | epoch=028 train_batch=310/435 running_loss=0.048520
2026-08-19 19:44:58 | INFO | epoch=028 train_batch=320/435 running_loss=0.048520
2026-08-19 19:44:59 | INFO | epoch=028 train_batch=330/435 running_loss=0.048636
2026-08-19 19:44:59 | INFO | epoch=028 train_batch=340/435 running_loss=0.048836
2026-08-19 19:44:59 | INFO | epoch=028 train_batch=350/435 running_loss=0.048825
2026-08-19 19:45:00 | INFO | epoch=028 train_batch=360/435 running_loss=0.048835
2026-08-19 19:45:00 | INFO | epoch=028 train_batch=370/435 running_loss=0.048854
2026-08-19 19:45:00 | INFO | epoch=028 train_batch=380/435 running_loss=0.048785
2026-08-19 19:45:00 | INFO | epoch=028 train_batch=390/435 running_loss=0.048732
2026-08-19 19:45:01 | INFO | epoch=028 train_batch=400/435 running_loss=0.048750
2026-08-19 19:45:01 | INFO | epoch=028 train_batch=410/435 running_loss=0.048623
2026-08-19 19:45:01 | INFO | epoch=028 train_batch=420/435 running_loss=0.048633
2026-08-19 19:45:01 | INFO | epoch=028 train_batch=430/435 running_loss=0.048606
2026-08-19 19:45:01 | INFO | epoch=028 train_batch=435/435 running_loss=0.048566
2026-08-19 19:45:02 | INFO | epoch=028 train_loss=0.048566 validation_loss=0.124622
2026-08-19 19:45:02 | INFO | epoch=029 train_batch=10/435 running_loss=0.046931
2026-08-19 19:45:02 | INFO | epoch=029 train_batch=20/435 running_loss=0.044712
2026-08-19 19:45:02 | INFO | epoch=029 train_batch=30/435 running_loss=0.046990
2026-08-19 19:45:03 | INFO | epoch=029 train_batch=40/435 running_loss=0.046628
2026-08-19 19:45:03 | INFO | epoch=029 train_batch=50/435 running_loss=0.047050
2026-08-19 19:45:03 | INFO | epoch=029 train_batch=60/435 running_loss=0.047627
2026-08-19 19:45:03 | INFO | epoch=029 train_batch=70/435 running_loss=0.047897
2026-08-19 19:45:04 | INFO | epoch=029 train_batch=80/435 running_loss=0.047839
2026-08-19 19:45:04 | INFO | epoch=029 train_batch=90/435 running_loss=0.047826
2026-08-19 19:45:04 | INFO | epoch=029 train_batch=100/435 running_loss=0.048002
2026-08-19 19:45:04 | INFO | epoch=029 train_batch=110/435 running_loss=0.048080
2026-08-19 19:45:05 | INFO | epoch=029 train_batch=120/435 running_loss=0.048177
2026-08-19 19:45:05 | INFO | epoch=029 train_batch=130/435 running_loss=0.048005
2026-08-19 19:45:05 | INFO | epoch=029 train_batch=140/435 running_loss=0.047743
2026-08-19 19:45:05 | INFO | epoch=029 train_batch=150/435 running_loss=0.047812
2026-08-19 19:45:06 | INFO | epoch=029 train_batch=160/435 running_loss=0.047869
2026-08-19 19:45:06 | INFO | epoch=029 train_batch=170/435 running_loss=0.047723
2026-08-19 19:45:06 | INFO | epoch=029 train_batch=180/435 running_loss=0.047754
2026-08-19 19:45:06 | INFO | epoch=029 train_batch=190/435 running_loss=0.047674
2026-08-19 19:45:07 | INFO | epoch=029 train_batch=200/435 running_loss=0.047707
2026-08-19 19:45:07 | INFO | epoch=029 train_batch=210/435 running_loss=0.047648
2026-08-19 19:45:07 | INFO | epoch=029 train_batch=220/435 running_loss=0.047566
2026-08-19 19:45:07 | INFO | epoch=029 train_batch=230/435 running_loss=0.047757
2026-08-19 19:45:08 | INFO | epoch=029 train_batch=240/435 running_loss=0.047880
2026-08-19 19:45:08 | INFO | epoch=029 train_batch=250/435 running_loss=0.047716
2026-08-19 19:45:08 | INFO | epoch=029 train_batch=260/435 running_loss=0.047763
2026-08-19 19:45:08 | INFO | epoch=029 train_batch=270/435 running_loss=0.047732
2026-08-19 19:45:09 | INFO | epoch=029 train_batch=280/435 running_loss=0.047704
2026-08-19 19:45:09 | INFO | epoch=029 train_batch=290/435 running_loss=0.047771
2026-08-19 19:45:09 | INFO | epoch=029 train_batch=300/435 running_loss=0.047764
2026-08-19 19:45:09 | INFO | epoch=029 train_batch=310/435 running_loss=0.047748
2026-08-19 19:45:10 | INFO | epoch=029 train_batch=320/435 running_loss=0.047818
2026-08-19 19:45:10 | INFO | epoch=029 train_batch=330/435 running_loss=0.047726
2026-08-19 19:45:10 | INFO | epoch=029 train_batch=340/435 running_loss=0.047582
2026-08-19 19:45:10 | INFO | epoch=029 train_batch=350/435 running_loss=0.047658
2026-08-19 19:45:11 | INFO | epoch=029 train_batch=360/435 running_loss=0.047772
2026-08-19 19:45:11 | INFO | epoch=029 train_batch=370/435 running_loss=0.047807
2026-08-19 19:45:11 | INFO | epoch=029 train_batch=380/435 running_loss=0.047845
2026-08-19 19:45:11 | INFO | epoch=029 train_batch=390/435 running_loss=0.047842
2026-08-19 19:45:12 | INFO | epoch=029 train_batch=400/435 running_loss=0.047811
2026-08-19 19:45:12 | INFO | epoch=029 train_batch=410/435 running_loss=0.047799
2026-08-19 19:45:12 | INFO | epoch=029 train_batch=420/435 running_loss=0.047755
2026-08-19 19:45:12 | INFO | epoch=029 train_batch=430/435 running_loss=0.047832
2026-08-19 19:45:12 | INFO | epoch=029 train_batch=435/435 running_loss=0.047886
2026-08-19 19:45:13 | INFO | epoch=029 train_loss=0.047886 validation_loss=0.123457
2026-08-19 19:45:13 | INFO | epoch=029 saved new best.pt
2026-08-19 19:45:13 | INFO | epoch=030 train_batch=10/435 running_loss=0.051937
2026-08-19 19:45:13 | INFO | epoch=030 train_batch=20/435 running_loss=0.049678
2026-08-19 19:45:14 | INFO | epoch=030 train_batch=30/435 running_loss=0.048621
2026-08-19 19:45:14 | INFO | epoch=030 train_batch=40/435 running_loss=0.048108
2026-08-19 19:45:14 | INFO | epoch=030 train_batch=50/435 running_loss=0.047945
2026-08-19 19:45:14 | INFO | epoch=030 train_batch=60/435 running_loss=0.047387
2026-08-19 19:45:15 | INFO | epoch=030 train_batch=70/435 running_loss=0.047554
2026-08-19 19:45:15 | INFO | epoch=030 train_batch=80/435 running_loss=0.047833
2026-08-19 19:45:15 | INFO | epoch=030 train_batch=90/435 running_loss=0.047749
2026-08-19 19:45:15 | INFO | epoch=030 train_batch=100/435 running_loss=0.047736
2026-08-19 19:45:16 | INFO | epoch=030 train_batch=110/435 running_loss=0.047711
2026-08-19 19:45:16 | INFO | epoch=030 train_batch=120/435 running_loss=0.047768
2026-08-19 19:45:16 | INFO | epoch=030 train_batch=130/435 running_loss=0.047837
2026-08-19 19:45:16 | INFO | epoch=030 train_batch=140/435 running_loss=0.047923
2026-08-19 19:45:16 | INFO | epoch=030 train_batch=150/435 running_loss=0.048011
2026-08-19 19:45:17 | INFO | epoch=030 train_batch=160/435 running_loss=0.047863
2026-08-19 19:45:17 | INFO | epoch=030 train_batch=170/435 running_loss=0.047852
2026-08-19 19:45:17 | INFO | epoch=030 train_batch=180/435 running_loss=0.047923
2026-08-19 19:45:17 | INFO | epoch=030 train_batch=190/435 running_loss=0.047809
2026-08-19 19:45:18 | INFO | epoch=030 train_batch=200/435 running_loss=0.047682
2026-08-19 19:45:18 | INFO | epoch=030 train_batch=210/435 running_loss=0.047588
2026-08-19 19:45:18 | INFO | epoch=030 train_batch=220/435 running_loss=0.047713
2026-08-19 19:45:18 | INFO | epoch=030 train_batch=230/435 running_loss=0.047799
2026-08-19 19:45:19 | INFO | epoch=030 train_batch=240/435 running_loss=0.047833
2026-08-19 19:45:19 | INFO | epoch=030 train_batch=250/435 running_loss=0.047940
2026-08-19 19:45:19 | INFO | epoch=030 train_batch=260/435 running_loss=0.047972
2026-08-19 19:45:19 | INFO | epoch=030 train_batch=270/435 running_loss=0.047970
2026-08-19 19:45:20 | INFO | epoch=030 train_batch=280/435 running_loss=0.047976
2026-08-19 19:45:20 | INFO | epoch=030 train_batch=290/435 running_loss=0.048086
2026-08-19 19:45:20 | INFO | epoch=030 train_batch=300/435 running_loss=0.048011
2026-08-19 19:45:20 | INFO | epoch=030 train_batch=310/435 running_loss=0.047973
2026-08-19 19:45:21 | INFO | epoch=030 train_batch=320/435 running_loss=0.048011
2026-08-19 19:45:21 | INFO | epoch=030 train_batch=330/435 running_loss=0.047987
2026-08-19 19:45:21 | INFO | epoch=030 train_batch=340/435 running_loss=0.047987
2026-08-19 19:45:21 | INFO | epoch=030 train_batch=350/435 running_loss=0.047896
2026-08-19 19:45:22 | INFO | epoch=030 train_batch=360/435 running_loss=0.047862
2026-08-19 19:45:22 | INFO | epoch=030 train_batch=370/435 running_loss=0.047731
2026-08-19 19:45:22 | INFO | epoch=030 train_batch=380/435 running_loss=0.047720
2026-08-19 19:45:22 | INFO | epoch=030 train_batch=390/435 running_loss=0.047675
2026-08-19 19:45:23 | INFO | epoch=030 train_batch=400/435 running_loss=0.047684
2026-08-19 19:45:23 | INFO | epoch=030 train_batch=410/435 running_loss=0.047671
2026-08-19 19:45:23 | INFO | epoch=030 train_batch=420/435 running_loss=0.047674
2026-08-19 19:45:23 | INFO | epoch=030 train_batch=430/435 running_loss=0.047622
2026-08-19 19:45:24 | INFO | epoch=030 train_batch=435/435 running_loss=0.047569
2026-08-19 19:45:24 | INFO | epoch=030 train_loss=0.047569 validation_loss=0.124847
2026-08-19 19:45:24 | INFO | epoch=031 train_batch=10/435 running_loss=0.047490
2026-08-19 19:45:24 | INFO | epoch=031 train_batch=20/435 running_loss=0.047630
2026-08-19 19:45:25 | INFO | epoch=031 train_batch=30/435 running_loss=0.047833
2026-08-19 19:45:25 | INFO | epoch=031 train_batch=40/435 running_loss=0.047864
2026-08-19 19:45:25 | INFO | epoch=031 train_batch=50/435 running_loss=0.047972
2026-08-19 19:45:25 | INFO | epoch=031 train_batch=60/435 running_loss=0.047645
2026-08-19 19:45:26 | INFO | epoch=031 train_batch=70/435 running_loss=0.047851
2026-08-19 19:45:26 | INFO | epoch=031 train_batch=80/435 running_loss=0.047579
2026-08-19 19:45:26 | INFO | epoch=031 train_batch=90/435 running_loss=0.047774
2026-08-19 19:45:26 | INFO | epoch=031 train_batch=100/435 running_loss=0.047861
2026-08-19 19:45:27 | INFO | epoch=031 train_batch=110/435 running_loss=0.047327
2026-08-19 19:45:27 | INFO | epoch=031 train_batch=120/435 running_loss=0.047455
2026-08-19 19:45:27 | INFO | epoch=031 train_batch=130/435 running_loss=0.047280
2026-08-19 19:45:27 | INFO | epoch=031 train_batch=140/435 running_loss=0.047305
2026-08-19 19:45:28 | INFO | epoch=031 train_batch=150/435 running_loss=0.047295
2026-08-19 19:45:28 | INFO | epoch=031 train_batch=160/435 running_loss=0.047222
2026-08-19 19:45:28 | INFO | epoch=031 train_batch=170/435 running_loss=0.047040
2026-08-19 19:45:28 | INFO | epoch=031 train_batch=180/435 running_loss=0.046744
2026-08-19 19:45:29 | INFO | epoch=031 train_batch=190/435 running_loss=0.046719
2026-08-19 19:45:29 | INFO | epoch=031 train_batch=200/435 running_loss=0.046613
2026-08-19 19:45:29 | INFO | epoch=031 train_batch=210/435 running_loss=0.046691
2026-08-19 19:45:29 | INFO | epoch=031 train_batch=220/435 running_loss=0.046736
2026-08-19 19:45:30 | INFO | epoch=031 train_batch=230/435 running_loss=0.046740
2026-08-19 19:45:30 | INFO | epoch=031 train_batch=240/435 running_loss=0.046692
2026-08-19 19:45:30 | INFO | epoch=031 train_batch=250/435 running_loss=0.046775
2026-08-19 19:45:30 | INFO | epoch=031 train_batch=260/435 running_loss=0.046806
2026-08-19 19:45:31 | INFO | epoch=031 train_batch=270/435 running_loss=0.046825
2026-08-19 19:45:31 | INFO | epoch=031 train_batch=280/435 running_loss=0.046828
2026-08-19 19:45:31 | INFO | epoch=031 train_batch=290/435 running_loss=0.046941
2026-08-19 19:45:31 | INFO | epoch=031 train_batch=300/435 running_loss=0.046956
2026-08-19 19:45:32 | INFO | epoch=031 train_batch=310/435 running_loss=0.047094
2026-08-19 19:45:32 | INFO | epoch=031 train_batch=320/435 running_loss=0.047105
2026-08-19 19:45:32 | INFO | epoch=031 train_batch=330/435 running_loss=0.047155
2026-08-19 19:45:32 | INFO | epoch=031 train_batch=340/435 running_loss=0.047226
2026-08-19 19:45:33 | INFO | epoch=031 train_batch=350/435 running_loss=0.047195
2026-08-19 19:45:33 | INFO | epoch=031 train_batch=360/435 running_loss=0.047199
2026-08-19 19:45:33 | INFO | epoch=031 train_batch=370/435 running_loss=0.047196
2026-08-19 19:45:33 | INFO | epoch=031 train_batch=380/435 running_loss=0.047139
2026-08-19 19:45:34 | INFO | epoch=031 train_batch=390/435 running_loss=0.047116
2026-08-19 19:45:34 | INFO | epoch=031 train_batch=400/435 running_loss=0.047231
2026-08-19 19:45:34 | INFO | epoch=031 train_batch=410/435 running_loss=0.047293
2026-08-19 19:45:34 | INFO | epoch=031 train_batch=420/435 running_loss=0.047306
2026-08-19 19:45:35 | INFO | epoch=031 train_batch=430/435 running_loss=0.047332
2026-08-19 19:45:35 | INFO | epoch=031 train_batch=435/435 running_loss=0.047264
2026-08-19 19:45:35 | INFO | epoch=031 train_loss=0.047264 validation_loss=0.123658
2026-08-19 19:45:35 | INFO | epoch=032 train_batch=10/435 running_loss=0.047773
2026-08-19 19:45:35 | INFO | epoch=032 train_batch=20/435 running_loss=0.049667
2026-08-19 19:45:36 | INFO | epoch=032 train_batch=30/435 running_loss=0.047339
2026-08-19 19:45:36 | INFO | epoch=032 train_batch=40/435 running_loss=0.048299
2026-08-19 19:45:36 | INFO | epoch=032 train_batch=50/435 running_loss=0.047474
2026-08-19 19:45:36 | INFO | epoch=032 train_batch=60/435 running_loss=0.047021
2026-08-19 19:45:37 | INFO | epoch=032 train_batch=70/435 running_loss=0.046624
2026-08-19 19:45:37 | INFO | epoch=032 train_batch=80/435 running_loss=0.046357
2026-08-19 19:45:37 | INFO | epoch=032 train_batch=90/435 running_loss=0.046851
2026-08-19 19:45:37 | INFO | epoch=032 train_batch=100/435 running_loss=0.047174
2026-08-19 19:45:38 | INFO | epoch=032 train_batch=110/435 running_loss=0.046706
2026-08-19 19:45:38 | INFO | epoch=032 train_batch=120/435 running_loss=0.046542
2026-08-19 19:45:38 | INFO | epoch=032 train_batch=130/435 running_loss=0.046601
2026-08-19 19:45:39 | INFO | epoch=032 train_batch=140/435 running_loss=0.046698
2026-08-19 19:45:39 | INFO | epoch=032 train_batch=150/435 running_loss=0.046880
2026-08-19 19:45:39 | INFO | epoch=032 train_batch=160/435 running_loss=0.046875
2026-08-19 19:45:39 | INFO | epoch=032 train_batch=170/435 running_loss=0.047067
2026-08-19 19:45:40 | INFO | epoch=032 train_batch=180/435 running_loss=0.046869
2026-08-19 19:45:40 | INFO | epoch=032 train_batch=190/435 running_loss=0.046862
2026-08-19 19:45:40 | INFO | epoch=032 train_batch=200/435 running_loss=0.046923
2026-08-19 19:45:40 | INFO | epoch=032 train_batch=210/435 running_loss=0.046871
2026-08-19 19:45:41 | INFO | epoch=032 train_batch=220/435 running_loss=0.046726
2026-08-19 19:45:41 | INFO | epoch=032 train_batch=230/435 running_loss=0.046792
2026-08-19 19:45:41 | INFO | epoch=032 train_batch=240/435 running_loss=0.046817
2026-08-19 19:45:41 | INFO | epoch=032 train_batch=250/435 running_loss=0.046868
2026-08-19 19:45:42 | INFO | epoch=032 train_batch=260/435 running_loss=0.046911
2026-08-19 19:45:42 | INFO | epoch=032 train_batch=270/435 running_loss=0.046950
2026-08-19 19:45:42 | INFO | epoch=032 train_batch=280/435 running_loss=0.046969
2026-08-19 19:45:42 | INFO | epoch=032 train_batch=290/435 running_loss=0.046924
2026-08-19 19:45:43 | INFO | epoch=032 train_batch=300/435 running_loss=0.046959
2026-08-19 19:45:43 | INFO | epoch=032 train_batch=310/435 running_loss=0.046890
2026-08-19 19:45:43 | INFO | epoch=032 train_batch=320/435 running_loss=0.046822
2026-08-19 19:45:43 | INFO | epoch=032 train_batch=330/435 running_loss=0.046803
2026-08-19 19:45:44 | INFO | epoch=032 train_batch=340/435 running_loss=0.046795
2026-08-19 19:45:44 | INFO | epoch=032 train_batch=350/435 running_loss=0.046918
2026-08-19 19:45:44 | INFO | epoch=032 train_batch=360/435 running_loss=0.046968
2026-08-19 19:45:44 | INFO | epoch=032 train_batch=370/435 running_loss=0.046933
2026-08-19 19:45:45 | INFO | epoch=032 train_batch=380/435 running_loss=0.046932
2026-08-19 19:45:45 | INFO | epoch=032 train_batch=390/435 running_loss=0.046964
2026-08-19 19:45:45 | INFO | epoch=032 train_batch=400/435 running_loss=0.046935
2026-08-19 19:45:45 | INFO | epoch=032 train_batch=410/435 running_loss=0.046988
2026-08-19 19:45:46 | INFO | epoch=032 train_batch=420/435 running_loss=0.047034
2026-08-19 19:45:46 | INFO | epoch=032 train_batch=430/435 running_loss=0.047004
2026-08-19 19:45:46 | INFO | epoch=032 train_batch=435/435 running_loss=0.047035
2026-08-19 19:45:46 | INFO | epoch=032 train_loss=0.047035 validation_loss=0.122153
2026-08-19 19:45:46 | INFO | epoch=032 saved new best.pt
2026-08-19 19:45:47 | INFO | epoch=033 train_batch=10/435 running_loss=0.045163
2026-08-19 19:45:47 | INFO | epoch=033 train_batch=20/435 running_loss=0.044618
2026-08-19 19:45:47 | INFO | epoch=033 train_batch=30/435 running_loss=0.044866
2026-08-19 19:45:47 | INFO | epoch=033 train_batch=40/435 running_loss=0.044854
2026-08-19 19:45:48 | INFO | epoch=033 train_batch=50/435 running_loss=0.045439
2026-08-19 19:45:48 | INFO | epoch=033 train_batch=60/435 running_loss=0.045178
2026-08-19 19:45:48 | INFO | epoch=033 train_batch=70/435 running_loss=0.045630
2026-08-19 19:45:48 | INFO | epoch=033 train_batch=80/435 running_loss=0.044971
2026-08-19 19:45:49 | INFO | epoch=033 train_batch=90/435 running_loss=0.045149
2026-08-19 19:45:49 | INFO | epoch=033 train_batch=100/435 running_loss=0.045711
2026-08-19 19:45:49 | INFO | epoch=033 train_batch=110/435 running_loss=0.045956
2026-08-19 19:45:49 | INFO | epoch=033 train_batch=120/435 running_loss=0.046075
2026-08-19 19:45:50 | INFO | epoch=033 train_batch=130/435 running_loss=0.046090
2026-08-19 19:45:50 | INFO | epoch=033 train_batch=140/435 running_loss=0.046116
2026-08-19 19:45:50 | INFO | epoch=033 train_batch=150/435 running_loss=0.045889
2026-08-19 19:45:50 | INFO | epoch=033 train_batch=160/435 running_loss=0.045855
2026-08-19 19:45:51 | INFO | epoch=033 train_batch=170/435 running_loss=0.045931
2026-08-19 19:45:51 | INFO | epoch=033 train_batch=180/435 running_loss=0.045987
2026-08-19 19:45:51 | INFO | epoch=033 train_batch=190/435 running_loss=0.046056
2026-08-19 19:45:51 | INFO | epoch=033 train_batch=200/435 running_loss=0.046000
2026-08-19 19:45:52 | INFO | epoch=033 train_batch=210/435 running_loss=0.045898
2026-08-19 19:45:52 | INFO | epoch=033 train_batch=220/435 running_loss=0.045912
2026-08-19 19:45:52 | INFO | epoch=033 train_batch=230/435 running_loss=0.045935
2026-08-19 19:45:52 | INFO | epoch=033 train_batch=240/435 running_loss=0.045970
2026-08-19 19:45:53 | INFO | epoch=033 train_batch=250/435 running_loss=0.045919
2026-08-19 19:45:53 | INFO | epoch=033 train_batch=260/435 running_loss=0.046192
2026-08-19 19:45:53 | INFO | epoch=033 train_batch=270/435 running_loss=0.046239
2026-08-19 19:45:53 | INFO | epoch=033 train_batch=280/435 running_loss=0.046360
2026-08-19 19:45:54 | INFO | epoch=033 train_batch=290/435 running_loss=0.046349
2026-08-19 19:45:54 | INFO | epoch=033 train_batch=300/435 running_loss=0.046305
2026-08-19 19:45:54 | INFO | epoch=033 train_batch=310/435 running_loss=0.046513
2026-08-19 19:45:54 | INFO | epoch=033 train_batch=320/435 running_loss=0.046562
2026-08-19 19:45:55 | INFO | epoch=033 train_batch=330/435 running_loss=0.046620
2026-08-19 19:45:55 | INFO | epoch=033 train_batch=340/435 running_loss=0.046642
2026-08-19 19:45:55 | INFO | epoch=033 train_batch=350/435 running_loss=0.046550
2026-08-19 19:45:55 | INFO | epoch=033 train_batch=360/435 running_loss=0.046466
2026-08-19 19:45:56 | INFO | epoch=033 train_batch=370/435 running_loss=0.046469
2026-08-19 19:45:56 | INFO | epoch=033 train_batch=380/435 running_loss=0.046458
2026-08-19 19:45:56 | INFO | epoch=033 train_batch=390/435 running_loss=0.046525
2026-08-19 19:45:56 | INFO | epoch=033 train_batch=400/435 running_loss=0.046423
2026-08-19 19:45:57 | INFO | epoch=033 train_batch=410/435 running_loss=0.046472
2026-08-19 19:45:57 | INFO | epoch=033 train_batch=420/435 running_loss=0.046445
2026-08-19 19:45:57 | INFO | epoch=033 train_batch=430/435 running_loss=0.046411
2026-08-19 19:45:57 | INFO | epoch=033 train_batch=435/435 running_loss=0.046438
2026-08-19 19:45:57 | INFO | epoch=033 train_loss=0.046438 validation_loss=0.123950
2026-08-19 19:45:58 | INFO | epoch=034 train_batch=10/435 running_loss=0.046712
2026-08-19 19:45:58 | INFO | epoch=034 train_batch=20/435 running_loss=0.044840
2026-08-19 19:45:58 | INFO | epoch=034 train_batch=30/435 running_loss=0.043184
2026-08-19 19:45:58 | INFO | epoch=034 train_batch=40/435 running_loss=0.043955
2026-08-19 19:45:59 | INFO | epoch=034 train_batch=50/435 running_loss=0.044465
2026-08-19 19:45:59 | INFO | epoch=034 train_batch=60/435 running_loss=0.044238
2026-08-19 19:45:59 | INFO | epoch=034 train_batch=70/435 running_loss=0.044455
2026-08-19 19:45:59 | INFO | epoch=034 train_batch=80/435 running_loss=0.044954
2026-08-19 19:46:00 | INFO | epoch=034 train_batch=90/435 running_loss=0.044618
2026-08-19 19:46:00 | INFO | epoch=034 train_batch=100/435 running_loss=0.044781
2026-08-19 19:46:00 | INFO | epoch=034 train_batch=110/435 running_loss=0.044783
2026-08-19 19:46:01 | INFO | epoch=034 train_batch=120/435 running_loss=0.044855
2026-08-19 19:46:01 | INFO | epoch=034 train_batch=130/435 running_loss=0.045296
2026-08-19 19:46:01 | INFO | epoch=034 train_batch=140/435 running_loss=0.045330
2026-08-19 19:46:01 | INFO | epoch=034 train_batch=150/435 running_loss=0.045663
2026-08-19 19:46:02 | INFO | epoch=034 train_batch=160/435 running_loss=0.045702
2026-08-19 19:46:02 | INFO | epoch=034 train_batch=170/435 running_loss=0.045638
2026-08-19 19:46:02 | INFO | epoch=034 train_batch=180/435 running_loss=0.045776
2026-08-19 19:46:02 | INFO | epoch=034 train_batch=190/435 running_loss=0.045749
2026-08-19 19:46:03 | INFO | epoch=034 train_batch=200/435 running_loss=0.045638
2026-08-19 19:46:03 | INFO | epoch=034 train_batch=210/435 running_loss=0.045645
2026-08-19 19:46:03 | INFO | epoch=034 train_batch=220/435 running_loss=0.045661
2026-08-19 19:46:03 | INFO | epoch=034 train_batch=230/435 running_loss=0.045742
2026-08-19 19:46:04 | INFO | epoch=034 train_batch=240/435 running_loss=0.045848
2026-08-19 19:46:04 | INFO | epoch=034 train_batch=250/435 running_loss=0.045817
2026-08-19 19:46:04 | INFO | epoch=034 train_batch=260/435 running_loss=0.045864
2026-08-19 19:46:04 | INFO | epoch=034 train_batch=270/435 running_loss=0.045923
2026-08-19 19:46:05 | INFO | epoch=034 train_batch=280/435 running_loss=0.045968
2026-08-19 19:46:05 | INFO | epoch=034 train_batch=290/435 running_loss=0.045950
2026-08-19 19:46:05 | INFO | epoch=034 train_batch=300/435 running_loss=0.045930
2026-08-19 19:46:05 | INFO | epoch=034 train_batch=310/435 running_loss=0.045924
2026-08-19 19:46:06 | INFO | epoch=034 train_batch=320/435 running_loss=0.046018
2026-08-19 19:46:06 | INFO | epoch=034 train_batch=330/435 running_loss=0.046128
2026-08-19 19:46:06 | INFO | epoch=034 train_batch=340/435 running_loss=0.046111
2026-08-19 19:46:06 | INFO | epoch=034 train_batch=350/435 running_loss=0.046098
2026-08-19 19:46:07 | INFO | epoch=034 train_batch=360/435 running_loss=0.046061
2026-08-19 19:46:07 | INFO | epoch=034 train_batch=370/435 running_loss=0.046059
2026-08-19 19:46:07 | INFO | epoch=034 train_batch=380/435 running_loss=0.046122
2026-08-19 19:46:07 | INFO | epoch=034 train_batch=390/435 running_loss=0.046142
2026-08-19 19:46:08 | INFO | epoch=034 train_batch=400/435 running_loss=0.046103
2026-08-19 19:46:08 | INFO | epoch=034 train_batch=410/435 running_loss=0.046083
2026-08-19 19:46:08 | INFO | epoch=034 train_batch=420/435 running_loss=0.046073
2026-08-19 19:46:08 | INFO | epoch=034 train_batch=430/435 running_loss=0.046074
2026-08-19 19:46:08 | INFO | epoch=034 train_batch=435/435 running_loss=0.046058
2026-08-19 19:46:09 | INFO | epoch=034 train_loss=0.046058 validation_loss=0.125009
2026-08-19 19:46:09 | INFO | epoch=035 train_batch=10/435 running_loss=0.042461
2026-08-19 19:46:09 | INFO | epoch=035 train_batch=20/435 running_loss=0.044856
2026-08-19 19:46:09 | INFO | epoch=035 train_batch=30/435 running_loss=0.046026
2026-08-19 19:46:10 | INFO | epoch=035 train_batch=40/435 running_loss=0.046665
2026-08-19 19:46:10 | INFO | epoch=035 train_batch=50/435 running_loss=0.046696
2026-08-19 19:46:10 | INFO | epoch=035 train_batch=60/435 running_loss=0.047240
2026-08-19 19:46:10 | INFO | epoch=035 train_batch=70/435 running_loss=0.046718
2026-08-19 19:46:11 | INFO | epoch=035 train_batch=80/435 running_loss=0.046787
2026-08-19 19:46:11 | INFO | epoch=035 train_batch=90/435 running_loss=0.046933
2026-08-19 19:46:11 | INFO | epoch=035 train_batch=100/435 running_loss=0.046873
2026-08-19 19:46:11 | INFO | epoch=035 train_batch=110/435 running_loss=0.046835
2026-08-19 19:46:12 | INFO | epoch=035 train_batch=120/435 running_loss=0.046567
2026-08-19 19:46:12 | INFO | epoch=035 train_batch=130/435 running_loss=0.046516
2026-08-19 19:46:12 | INFO | epoch=035 train_batch=140/435 running_loss=0.046413
2026-08-19 19:46:12 | INFO | epoch=035 train_batch=150/435 running_loss=0.046436
2026-08-19 19:46:13 | INFO | epoch=035 train_batch=160/435 running_loss=0.046284
2026-08-19 19:46:13 | INFO | epoch=035 train_batch=170/435 running_loss=0.046316
2026-08-19 19:46:13 | INFO | epoch=035 train_batch=180/435 running_loss=0.046353
2026-08-19 19:46:13 | INFO | epoch=035 train_batch=190/435 running_loss=0.046364
2026-08-19 19:46:13 | INFO | epoch=035 train_batch=200/435 running_loss=0.046265
2026-08-19 19:46:14 | INFO | epoch=035 train_batch=210/435 running_loss=0.046429
2026-08-19 19:46:14 | INFO | epoch=035 train_batch=220/435 running_loss=0.046414
2026-08-19 19:46:14 | INFO | epoch=035 train_batch=230/435 running_loss=0.046245
2026-08-19 19:46:14 | INFO | epoch=035 train_batch=240/435 running_loss=0.046381
2026-08-19 19:46:15 | INFO | epoch=035 train_batch=250/435 running_loss=0.046254
2026-08-19 19:46:15 | INFO | epoch=035 train_batch=260/435 running_loss=0.046289
2026-08-19 19:46:15 | INFO | epoch=035 train_batch=270/435 running_loss=0.046323
2026-08-19 19:46:15 | INFO | epoch=035 train_batch=280/435 running_loss=0.046225
2026-08-19 19:46:16 | INFO | epoch=035 train_batch=290/435 running_loss=0.046342
2026-08-19 19:46:16 | INFO | epoch=035 train_batch=300/435 running_loss=0.046418
2026-08-19 19:46:16 | INFO | epoch=035 train_batch=310/435 running_loss=0.046358
2026-08-19 19:46:16 | INFO | epoch=035 train_batch=320/435 running_loss=0.046347
2026-08-19 19:46:17 | INFO | epoch=035 train_batch=330/435 running_loss=0.046326
2026-08-19 19:46:17 | INFO | epoch=035 train_batch=340/435 running_loss=0.046388
2026-08-19 19:46:17 | INFO | epoch=035 train_batch=350/435 running_loss=0.046288
2026-08-19 19:46:17 | INFO | epoch=035 train_batch=360/435 running_loss=0.046286
2026-08-19 19:46:17 | INFO | epoch=035 train_batch=370/435 running_loss=0.046180
2026-08-19 19:46:18 | INFO | epoch=035 train_batch=380/435 running_loss=0.046161
2026-08-19 19:46:18 | INFO | epoch=035 train_batch=390/435 running_loss=0.046188
2026-08-19 19:46:18 | INFO | epoch=035 train_batch=400/435 running_loss=0.046187
2026-08-19 19:46:18 | INFO | epoch=035 train_batch=410/435 running_loss=0.046166
2026-08-19 19:46:19 | INFO | epoch=035 train_batch=420/435 running_loss=0.046210
2026-08-19 19:46:19 | INFO | epoch=035 train_batch=430/435 running_loss=0.046120
2026-08-19 19:46:19 | INFO | epoch=035 train_batch=435/435 running_loss=0.046106
2026-08-19 19:46:19 | INFO | epoch=035 train_loss=0.046106 validation_loss=0.120201
2026-08-19 19:46:19 | INFO | epoch=035 saved new best.pt
2026-08-19 19:46:20 | INFO | epoch=036 train_batch=10/435 running_loss=0.047196
2026-08-19 19:46:20 | INFO | epoch=036 train_batch=20/435 running_loss=0.045414
2026-08-19 19:46:20 | INFO | epoch=036 train_batch=30/435 running_loss=0.045403
2026-08-19 19:46:20 | INFO | epoch=036 train_batch=40/435 running_loss=0.045960
2026-08-19 19:46:21 | INFO | epoch=036 train_batch=50/435 running_loss=0.045922
2026-08-19 19:46:21 | INFO | epoch=036 train_batch=60/435 running_loss=0.045961
2026-08-19 19:46:21 | INFO | epoch=036 train_batch=70/435 running_loss=0.046275
2026-08-19 19:46:21 | INFO | epoch=036 train_batch=80/435 running_loss=0.045993
2026-08-19 19:46:22 | INFO | epoch=036 train_batch=90/435 running_loss=0.045526
2026-08-19 19:46:22 | INFO | epoch=036 train_batch=100/435 running_loss=0.045637
2026-08-19 19:46:22 | INFO | epoch=036 train_batch=110/435 running_loss=0.045521
2026-08-19 19:46:22 | INFO | epoch=036 train_batch=120/435 running_loss=0.045628
2026-08-19 19:46:23 | INFO | epoch=036 train_batch=130/435 running_loss=0.045679
2026-08-19 19:46:23 | INFO | epoch=036 train_batch=140/435 running_loss=0.045726
2026-08-19 19:46:23 | INFO | epoch=036 train_batch=150/435 running_loss=0.045997
2026-08-19 19:46:23 | INFO | epoch=036 train_batch=160/435 running_loss=0.045931
2026-08-19 19:46:24 | INFO | epoch=036 train_batch=170/435 running_loss=0.045974
2026-08-19 19:46:24 | INFO | epoch=036 train_batch=180/435 running_loss=0.045800
2026-08-19 19:46:24 | INFO | epoch=036 train_batch=190/435 running_loss=0.045795
2026-08-19 19:46:25 | INFO | epoch=036 train_batch=200/435 running_loss=0.045723
2026-08-19 19:46:25 | INFO | epoch=036 train_batch=210/435 running_loss=0.045706
2026-08-19 19:46:25 | INFO | epoch=036 train_batch=220/435 running_loss=0.045689
2026-08-19 19:46:25 | INFO | epoch=036 train_batch=230/435 running_loss=0.045551
2026-08-19 19:46:26 | INFO | epoch=036 train_batch=240/435 running_loss=0.045543
2026-08-19 19:46:26 | INFO | epoch=036 train_batch=250/435 running_loss=0.045666
2026-08-19 19:46:26 | INFO | epoch=036 train_batch=260/435 running_loss=0.045736
2026-08-19 19:46:26 | INFO | epoch=036 train_batch=270/435 running_loss=0.045768
2026-08-19 19:46:27 | INFO | epoch=036 train_batch=280/435 running_loss=0.045773
2026-08-19 19:46:27 | INFO | epoch=036 train_batch=290/435 running_loss=0.045838
2026-08-19 19:46:27 | INFO | epoch=036 train_batch=300/435 running_loss=0.045852
2026-08-19 19:46:27 | INFO | epoch=036 train_batch=310/435 running_loss=0.045763
2026-08-19 19:46:28 | INFO | epoch=036 train_batch=320/435 running_loss=0.045747
2026-08-19 19:46:28 | INFO | epoch=036 train_batch=330/435 running_loss=0.045625
2026-08-19 19:46:28 | INFO | epoch=036 train_batch=340/435 running_loss=0.045532
2026-08-19 19:46:28 | INFO | epoch=036 train_batch=350/435 running_loss=0.045555
2026-08-19 19:46:29 | INFO | epoch=036 train_batch=360/435 running_loss=0.045696
2026-08-19 19:46:29 | INFO | epoch=036 train_batch=370/435 running_loss=0.045586
2026-08-19 19:46:29 | INFO | epoch=036 train_batch=380/435 running_loss=0.045552
2026-08-19 19:46:29 | INFO | epoch=036 train_batch=390/435 running_loss=0.045534
2026-08-19 19:46:30 | INFO | epoch=036 train_batch=400/435 running_loss=0.045651
2026-08-19 19:46:30 | INFO | epoch=036 train_batch=410/435 running_loss=0.045627
2026-08-19 19:46:30 | INFO | epoch=036 train_batch=420/435 running_loss=0.045664
2026-08-19 19:46:30 | INFO | epoch=036 train_batch=430/435 running_loss=0.045647
2026-08-19 19:46:31 | INFO | epoch=036 train_batch=435/435 running_loss=0.045605
2026-08-19 19:46:31 | INFO | epoch=036 train_loss=0.045605 validation_loss=0.120698
2026-08-19 19:46:31 | INFO | epoch=037 train_batch=10/435 running_loss=0.041881
2026-08-19 19:46:31 | INFO | epoch=037 train_batch=20/435 running_loss=0.043005
2026-08-19 19:46:32 | INFO | epoch=037 train_batch=30/435 running_loss=0.043390
2026-08-19 19:46:32 | INFO | epoch=037 train_batch=40/435 running_loss=0.043721
2026-08-19 19:46:32 | INFO | epoch=037 train_batch=50/435 running_loss=0.043522
2026-08-19 19:46:32 | INFO | epoch=037 train_batch=60/435 running_loss=0.043935
2026-08-19 19:46:33 | INFO | epoch=037 train_batch=70/435 running_loss=0.044511
2026-08-19 19:46:33 | INFO | epoch=037 train_batch=80/435 running_loss=0.044620
2026-08-19 19:46:33 | INFO | epoch=037 train_batch=90/435 running_loss=0.044566
2026-08-19 19:46:33 | INFO | epoch=037 train_batch=100/435 running_loss=0.044879
2026-08-19 19:46:34 | INFO | epoch=037 train_batch=110/435 running_loss=0.045033
2026-08-19 19:46:34 | INFO | epoch=037 train_batch=120/435 running_loss=0.044994
2026-08-19 19:46:34 | INFO | epoch=037 train_batch=130/435 running_loss=0.044851
2026-08-19 19:46:34 | INFO | epoch=037 train_batch=140/435 running_loss=0.044686
2026-08-19 19:46:35 | INFO | epoch=037 train_batch=150/435 running_loss=0.044626
2026-08-19 19:46:35 | INFO | epoch=037 train_batch=160/435 running_loss=0.044696
2026-08-19 19:46:35 | INFO | epoch=037 train_batch=170/435 running_loss=0.044798
2026-08-19 19:46:35 | INFO | epoch=037 train_batch=180/435 running_loss=0.044798
2026-08-19 19:46:36 | INFO | epoch=037 train_batch=190/435 running_loss=0.044907
2026-08-19 19:46:36 | INFO | epoch=037 train_batch=200/435 running_loss=0.044745
2026-08-19 19:46:36 | INFO | epoch=037 train_batch=210/435 running_loss=0.044873
2026-08-19 19:46:36 | INFO | epoch=037 train_batch=220/435 running_loss=0.045045
2026-08-19 19:46:37 | INFO | epoch=037 train_batch=230/435 running_loss=0.045042
2026-08-19 19:46:37 | INFO | epoch=037 train_batch=240/435 running_loss=0.044951
2026-08-19 19:46:37 | INFO | epoch=037 train_batch=250/435 running_loss=0.044962
2026-08-19 19:46:37 | INFO | epoch=037 train_batch=260/435 running_loss=0.045028
2026-08-19 19:46:38 | INFO | epoch=037 train_batch=270/435 running_loss=0.045004
2026-08-19 19:46:38 | INFO | epoch=037 train_batch=280/435 running_loss=0.045015
2026-08-19 19:46:38 | INFO | epoch=037 train_batch=290/435 running_loss=0.045049
2026-08-19 19:46:38 | INFO | epoch=037 train_batch=300/435 running_loss=0.044957
2026-08-19 19:46:39 | INFO | epoch=037 train_batch=310/435 running_loss=0.044934
2026-08-19 19:46:39 | INFO | epoch=037 train_batch=320/435 running_loss=0.045044
2026-08-19 19:46:39 | INFO | epoch=037 train_batch=330/435 running_loss=0.045064
2026-08-19 19:46:39 | INFO | epoch=037 train_batch=340/435 running_loss=0.045074
2026-08-19 19:46:40 | INFO | epoch=037 train_batch=350/435 running_loss=0.045074
2026-08-19 19:46:40 | INFO | epoch=037 train_batch=360/435 running_loss=0.045088
2026-08-19 19:46:40 | INFO | epoch=037 train_batch=370/435 running_loss=0.045032
2026-08-19 19:46:40 | INFO | epoch=037 train_batch=380/435 running_loss=0.045073
2026-08-19 19:46:41 | INFO | epoch=037 train_batch=390/435 running_loss=0.045120
2026-08-19 19:46:41 | INFO | epoch=037 train_batch=400/435 running_loss=0.045130
2026-08-19 19:46:41 | INFO | epoch=037 train_batch=410/435 running_loss=0.045215
2026-08-19 19:46:42 | INFO | epoch=037 train_batch=420/435 running_loss=0.045229
2026-08-19 19:46:42 | INFO | epoch=037 train_batch=430/435 running_loss=0.045205
2026-08-19 19:46:42 | INFO | epoch=037 train_batch=435/435 running_loss=0.045241
2026-08-19 19:46:42 | INFO | epoch=037 train_loss=0.045241 validation_loss=0.121342
2026-08-19 19:46:42 | INFO | epoch=038 train_batch=10/435 running_loss=0.043959
2026-08-19 19:46:43 | INFO | epoch=038 train_batch=20/435 running_loss=0.046178
2026-08-19 19:46:43 | INFO | epoch=038 train_batch=30/435 running_loss=0.045735
2026-08-19 19:46:43 | INFO | epoch=038 train_batch=40/435 running_loss=0.045341
2026-08-19 19:46:43 | INFO | epoch=038 train_batch=50/435 running_loss=0.044932
2026-08-19 19:46:44 | INFO | epoch=038 train_batch=60/435 running_loss=0.044801
2026-08-19 19:46:44 | INFO | epoch=038 train_batch=70/435 running_loss=0.044898
2026-08-19 19:46:44 | INFO | epoch=038 train_batch=80/435 running_loss=0.044914
2026-08-19 19:46:44 | INFO | epoch=038 train_batch=90/435 running_loss=0.044657
2026-08-19 19:46:45 | INFO | epoch=038 train_batch=100/435 running_loss=0.044706
2026-08-19 19:46:45 | INFO | epoch=038 train_batch=110/435 running_loss=0.044776
2026-08-19 19:46:45 | INFO | epoch=038 train_batch=120/435 running_loss=0.044435
2026-08-19 19:46:45 | INFO | epoch=038 train_batch=130/435 running_loss=0.044558
2026-08-19 19:46:46 | INFO | epoch=038 train_batch=140/435 running_loss=0.044363
2026-08-19 19:46:46 | INFO | epoch=038 train_batch=150/435 running_loss=0.044366
2026-08-19 19:46:46 | INFO | epoch=038 train_batch=160/435 running_loss=0.044317
2026-08-19 19:46:47 | INFO | epoch=038 train_batch=170/435 running_loss=0.044444
2026-08-19 19:46:47 | INFO | epoch=038 train_batch=180/435 running_loss=0.044469
2026-08-19 19:46:47 | INFO | epoch=038 train_batch=190/435 running_loss=0.044689
2026-08-19 19:46:47 | INFO | epoch=038 train_batch=200/435 running_loss=0.044669
2026-08-19 19:46:47 | INFO | epoch=038 train_batch=210/435 running_loss=0.044685
2026-08-19 19:46:48 | INFO | epoch=038 train_batch=220/435 running_loss=0.044709
2026-08-19 19:46:48 | INFO | epoch=038 train_batch=230/435 running_loss=0.044892
2026-08-19 19:46:48 | INFO | epoch=038 train_batch=240/435 running_loss=0.045015
2026-08-19 19:46:48 | INFO | epoch=038 train_batch=250/435 running_loss=0.045146
2026-08-19 19:46:49 | INFO | epoch=038 train_batch=260/435 running_loss=0.045190
2026-08-19 19:46:49 | INFO | epoch=038 train_batch=270/435 running_loss=0.045343
2026-08-19 19:46:49 | INFO | epoch=038 train_batch=280/435 running_loss=0.045331
2026-08-19 19:46:49 | INFO | epoch=038 train_batch=290/435 running_loss=0.045335
2026-08-19 19:46:50 | INFO | epoch=038 train_batch=300/435 running_loss=0.045258
2026-08-19 19:46:50 | INFO | epoch=038 train_batch=310/435 running_loss=0.045257
2026-08-19 19:46:50 | INFO | epoch=038 train_batch=320/435 running_loss=0.045293
2026-08-19 19:46:50 | INFO | epoch=038 train_batch=330/435 running_loss=0.045285
2026-08-19 19:46:51 | INFO | epoch=038 train_batch=340/435 running_loss=0.045301
2026-08-19 19:46:51 | INFO | epoch=038 train_batch=350/435 running_loss=0.045352
2026-08-19 19:46:51 | INFO | epoch=038 train_batch=360/435 running_loss=0.045340
2026-08-19 19:46:51 | INFO | epoch=038 train_batch=370/435 running_loss=0.045296
2026-08-19 19:46:52 | INFO | epoch=038 train_batch=380/435 running_loss=0.045274
2026-08-19 19:46:52 | INFO | epoch=038 train_batch=390/435 running_loss=0.045293
2026-08-19 19:46:52 | INFO | epoch=038 train_batch=400/435 running_loss=0.045175
2026-08-19 19:46:53 | INFO | epoch=038 train_batch=410/435 running_loss=0.045193
2026-08-19 19:46:53 | INFO | epoch=038 train_batch=420/435 running_loss=0.045220
2026-08-19 19:46:53 | INFO | epoch=038 train_batch=430/435 running_loss=0.045293
2026-08-19 19:46:53 | INFO | epoch=038 train_batch=435/435 running_loss=0.045311
2026-08-19 19:46:53 | INFO | epoch=038 train_loss=0.045311 validation_loss=0.122301
2026-08-19 19:46:54 | INFO | epoch=039 train_batch=10/435 running_loss=0.045652
2026-08-19 19:46:54 | INFO | epoch=039 train_batch=20/435 running_loss=0.045185
2026-08-19 19:46:54 | INFO | epoch=039 train_batch=30/435 running_loss=0.045021
2026-08-19 19:46:54 | INFO | epoch=039 train_batch=40/435 running_loss=0.044508
2026-08-19 19:46:55 | INFO | epoch=039 train_batch=50/435 running_loss=0.044649
2026-08-19 19:46:55 | INFO | epoch=039 train_batch=60/435 running_loss=0.044402
2026-08-19 19:46:55 | INFO | epoch=039 train_batch=70/435 running_loss=0.044097
2026-08-19 19:46:55 | INFO | epoch=039 train_batch=80/435 running_loss=0.043590
2026-08-19 19:46:56 | INFO | epoch=039 train_batch=90/435 running_loss=0.043771
2026-08-19 19:46:56 | INFO | epoch=039 train_batch=100/435 running_loss=0.043608
2026-08-19 19:46:56 | INFO | epoch=039 train_batch=110/435 running_loss=0.043533
2026-08-19 19:46:56 | INFO | epoch=039 train_batch=120/435 running_loss=0.043336
2026-08-19 19:46:57 | INFO | epoch=039 train_batch=130/435 running_loss=0.043817
2026-08-19 19:46:57 | INFO | epoch=039 train_batch=140/435 running_loss=0.043921
2026-08-19 19:46:57 | INFO | epoch=039 train_batch=150/435 running_loss=0.044133
2026-08-19 19:46:57 | INFO | epoch=039 train_batch=160/435 running_loss=0.043973
2026-08-19 19:46:57 | INFO | epoch=039 train_batch=170/435 running_loss=0.044121
2026-08-19 19:46:58 | INFO | epoch=039 train_batch=180/435 running_loss=0.044130
2026-08-19 19:46:58 | INFO | epoch=039 train_batch=190/435 running_loss=0.044145
2026-08-19 19:46:58 | INFO | epoch=039 train_batch=200/435 running_loss=0.044181
2026-08-19 19:46:58 | INFO | epoch=039 train_batch=210/435 running_loss=0.044326
2026-08-19 19:46:59 | INFO | epoch=039 train_batch=220/435 running_loss=0.044208
2026-08-19 19:46:59 | INFO | epoch=039 train_batch=230/435 running_loss=0.044250
2026-08-19 19:46:59 | INFO | epoch=039 train_batch=240/435 running_loss=0.044210
2026-08-19 19:46:59 | INFO | epoch=039 train_batch=250/435 running_loss=0.044038
2026-08-19 19:47:00 | INFO | epoch=039 train_batch=260/435 running_loss=0.044085
2026-08-19 19:47:00 | INFO | epoch=039 train_batch=270/435 running_loss=0.044048
2026-08-19 19:47:00 | INFO | epoch=039 train_batch=280/435 running_loss=0.044157
2026-08-19 19:47:00 | INFO | epoch=039 train_batch=290/435 running_loss=0.044122
2026-08-19 19:47:01 | INFO | epoch=039 train_batch=300/435 running_loss=0.044285
2026-08-19 19:47:01 | INFO | epoch=039 train_batch=310/435 running_loss=0.044369
2026-08-19 19:47:01 | INFO | epoch=039 train_batch=320/435 running_loss=0.044498
2026-08-19 19:47:01 | INFO | epoch=039 train_batch=330/435 running_loss=0.044512
2026-08-19 19:47:01 | INFO | epoch=039 train_batch=340/435 running_loss=0.044642
2026-08-19 19:47:02 | INFO | epoch=039 train_batch=350/435 running_loss=0.044724
2026-08-19 19:47:02 | INFO | epoch=039 train_batch=360/435 running_loss=0.044750
2026-08-19 19:47:02 | INFO | epoch=039 train_batch=370/435 running_loss=0.044850
2026-08-19 19:47:02 | INFO | epoch=039 train_batch=380/435 running_loss=0.044718
2026-08-19 19:47:03 | INFO | epoch=039 train_batch=390/435 running_loss=0.044681
2026-08-19 19:47:03 | INFO | epoch=039 train_batch=400/435 running_loss=0.044724
2026-08-19 19:47:03 | INFO | epoch=039 train_batch=410/435 running_loss=0.044651
2026-08-19 19:47:03 | INFO | epoch=039 train_batch=420/435 running_loss=0.044617
2026-08-19 19:47:04 | INFO | epoch=039 train_batch=430/435 running_loss=0.044597
2026-08-19 19:47:04 | INFO | epoch=039 train_batch=435/435 running_loss=0.044607
2026-08-19 19:47:04 | INFO | epoch=039 train_loss=0.044607 validation_loss=0.126416
2026-08-19 19:47:04 | INFO | epoch=040 train_batch=10/435 running_loss=0.046554
2026-08-19 19:47:05 | INFO | epoch=040 train_batch=20/435 running_loss=0.044946
2026-08-19 19:47:05 | INFO | epoch=040 train_batch=30/435 running_loss=0.043940
2026-08-19 19:47:05 | INFO | epoch=040 train_batch=40/435 running_loss=0.044050
2026-08-19 19:47:05 | INFO | epoch=040 train_batch=50/435 running_loss=0.043993
2026-08-19 19:47:05 | INFO | epoch=040 train_batch=60/435 running_loss=0.043806
2026-08-19 19:47:06 | INFO | epoch=040 train_batch=70/435 running_loss=0.044059
2026-08-19 19:47:06 | INFO | epoch=040 train_batch=80/435 running_loss=0.044317
2026-08-19 19:47:06 | INFO | epoch=040 train_batch=90/435 running_loss=0.043895
2026-08-19 19:47:07 | INFO | epoch=040 train_batch=100/435 running_loss=0.044139
2026-08-19 19:47:07 | INFO | epoch=040 train_batch=110/435 running_loss=0.044286
2026-08-19 19:47:07 | INFO | epoch=040 train_batch=120/435 running_loss=0.044565
2026-08-19 19:47:07 | INFO | epoch=040 train_batch=130/435 running_loss=0.044477
2026-08-19 19:47:08 | INFO | epoch=040 train_batch=140/435 running_loss=0.044466
2026-08-19 19:47:08 | INFO | epoch=040 train_batch=150/435 running_loss=0.044593
2026-08-19 19:47:08 | INFO | epoch=040 train_batch=160/435 running_loss=0.044591
2026-08-19 19:47:08 | INFO | epoch=040 train_batch=170/435 running_loss=0.044473
2026-08-19 19:47:09 | INFO | epoch=040 train_batch=180/435 running_loss=0.044499
2026-08-19 19:47:09 | INFO | epoch=040 train_batch=190/435 running_loss=0.044576
2026-08-19 19:47:09 | INFO | epoch=040 train_batch=200/435 running_loss=0.044785
2026-08-19 19:47:09 | INFO | epoch=040 train_batch=210/435 running_loss=0.044797
2026-08-19 19:47:10 | INFO | epoch=040 train_batch=220/435 running_loss=0.044770
2026-08-19 19:47:10 | INFO | epoch=040 train_batch=230/435 running_loss=0.044879
2026-08-19 19:47:10 | INFO | epoch=040 train_batch=240/435 running_loss=0.044958
2026-08-19 19:47:10 | INFO | epoch=040 train_batch=250/435 running_loss=0.044894
2026-08-19 19:47:11 | INFO | epoch=040 train_batch=260/435 running_loss=0.044887
2026-08-19 19:47:11 | INFO | epoch=040 train_batch=270/435 running_loss=0.044926
2026-08-19 19:47:11 | INFO | epoch=040 train_batch=280/435 running_loss=0.044873
2026-08-19 19:47:11 | INFO | epoch=040 train_batch=290/435 running_loss=0.044852
2026-08-19 19:47:12 | INFO | epoch=040 train_batch=300/435 running_loss=0.044789
2026-08-19 19:47:12 | INFO | epoch=040 train_batch=310/435 running_loss=0.044717
2026-08-19 19:47:12 | INFO | epoch=040 train_batch=320/435 running_loss=0.044679
2026-08-19 19:47:12 | INFO | epoch=040 train_batch=330/435 running_loss=0.044794
2026-08-19 19:47:12 | INFO | epoch=040 train_batch=340/435 running_loss=0.044799
2026-08-19 19:47:13 | INFO | epoch=040 train_batch=350/435 running_loss=0.044780
2026-08-19 19:47:13 | INFO | epoch=040 train_batch=360/435 running_loss=0.044816
2026-08-19 19:47:13 | INFO | epoch=040 train_batch=370/435 running_loss=0.044761
2026-08-19 19:47:13 | INFO | epoch=040 train_batch=380/435 running_loss=0.044789
2026-08-19 19:47:14 | INFO | epoch=040 train_batch=390/435 running_loss=0.044787
2026-08-19 19:47:14 | INFO | epoch=040 train_batch=400/435 running_loss=0.044731
2026-08-19 19:47:14 | INFO | epoch=040 train_batch=410/435 running_loss=0.044734
2026-08-19 19:47:14 | INFO | epoch=040 train_batch=420/435 running_loss=0.044779
2026-08-19 19:47:15 | INFO | epoch=040 train_batch=430/435 running_loss=0.044764
2026-08-19 19:47:15 | INFO | epoch=040 train_batch=435/435 running_loss=0.044844
2026-08-19 19:47:15 | INFO | epoch=040 train_loss=0.044844 validation_loss=0.120291
2026-08-19 19:47:15 | INFO | epoch=041 train_batch=10/435 running_loss=0.045643
2026-08-19 19:47:16 | INFO | epoch=041 train_batch=20/435 running_loss=0.043920
2026-08-19 19:47:16 | INFO | epoch=041 train_batch=30/435 running_loss=0.043622
2026-08-19 19:47:16 | INFO | epoch=041 train_batch=40/435 running_loss=0.042728
2026-08-19 19:47:16 | INFO | epoch=041 train_batch=50/435 running_loss=0.042701
2026-08-19 19:47:17 | INFO | epoch=041 train_batch=60/435 running_loss=0.042929
2026-08-19 19:47:17 | INFO | epoch=041 train_batch=70/435 running_loss=0.042825
2026-08-19 19:47:17 | INFO | epoch=041 train_batch=80/435 running_loss=0.043114
2026-08-19 19:47:17 | INFO | epoch=041 train_batch=90/435 running_loss=0.043371
2026-08-19 19:47:18 | INFO | epoch=041 train_batch=100/435 running_loss=0.043067
2026-08-19 19:47:18 | INFO | epoch=041 train_batch=110/435 running_loss=0.043255
2026-08-19 19:47:18 | INFO | epoch=041 train_batch=120/435 running_loss=0.043598
2026-08-19 19:47:18 | INFO | epoch=041 train_batch=130/435 running_loss=0.043587
2026-08-19 19:47:19 | INFO | epoch=041 train_batch=140/435 running_loss=0.043534
2026-08-19 19:47:19 | INFO | epoch=041 train_batch=150/435 running_loss=0.043647
2026-08-19 19:47:19 | INFO | epoch=041 train_batch=160/435 running_loss=0.043640
2026-08-19 19:47:19 | INFO | epoch=041 train_batch=170/435 running_loss=0.043629
2026-08-19 19:47:20 | INFO | epoch=041 train_batch=180/435 running_loss=0.043606
2026-08-19 19:47:20 | INFO | epoch=041 train_batch=190/435 running_loss=0.043709
2026-08-19 19:47:20 | INFO | epoch=041 train_batch=200/435 running_loss=0.043902
2026-08-19 19:47:20 | INFO | epoch=041 train_batch=210/435 running_loss=0.043829
2026-08-19 19:47:20 | INFO | epoch=041 train_batch=220/435 running_loss=0.043951
2026-08-19 19:47:21 | INFO | epoch=041 train_batch=230/435 running_loss=0.043997
2026-08-19 19:47:21 | INFO | epoch=041 train_batch=240/435 running_loss=0.044215
2026-08-19 19:47:21 | INFO | epoch=041 train_batch=250/435 running_loss=0.044145
2026-08-19 19:47:21 | INFO | epoch=041 train_batch=260/435 running_loss=0.044081
2026-08-19 19:47:22 | INFO | epoch=041 train_batch=270/435 running_loss=0.044235
2026-08-19 19:47:22 | INFO | epoch=041 train_batch=280/435 running_loss=0.044306
2026-08-19 19:47:22 | INFO | epoch=041 train_batch=290/435 running_loss=0.044332
2026-08-19 19:47:22 | INFO | epoch=041 train_batch=300/435 running_loss=0.044281
2026-08-19 19:47:23 | INFO | epoch=041 train_batch=310/435 running_loss=0.044267
2026-08-19 19:47:23 | INFO | epoch=041 train_batch=320/435 running_loss=0.044335
2026-08-19 19:47:23 | INFO | epoch=041 train_batch=330/435 running_loss=0.044280
2026-08-19 19:47:23 | INFO | epoch=041 train_batch=340/435 running_loss=0.044251
2026-08-19 19:47:24 | INFO | epoch=041 train_batch=350/435 running_loss=0.044153
2026-08-19 19:47:24 | INFO | epoch=041 train_batch=360/435 running_loss=0.044221
2026-08-19 19:47:24 | INFO | epoch=041 train_batch=370/435 running_loss=0.044266
2026-08-19 19:47:24 | INFO | epoch=041 train_batch=380/435 running_loss=0.044236
2026-08-19 19:47:25 | INFO | epoch=041 train_batch=390/435 running_loss=0.044242
2026-08-19 19:47:25 | INFO | epoch=041 train_batch=400/435 running_loss=0.044202
2026-08-19 19:47:25 | INFO | epoch=041 train_batch=410/435 running_loss=0.044220
2026-08-19 19:47:25 | INFO | epoch=041 train_batch=420/435 running_loss=0.044190
2026-08-19 19:47:26 | INFO | epoch=041 train_batch=430/435 running_loss=0.044159
2026-08-19 19:47:26 | INFO | epoch=041 train_batch=435/435 running_loss=0.044196
2026-08-19 19:47:26 | INFO | epoch=041 train_loss=0.044196 validation_loss=0.122381
2026-08-19 19:47:26 | INFO | epoch=042 train_batch=10/435 running_loss=0.044666
2026-08-19 19:47:27 | INFO | epoch=042 train_batch=20/435 running_loss=0.043629
2026-08-19 19:47:27 | INFO | epoch=042 train_batch=30/435 running_loss=0.045166
2026-08-19 19:47:27 | INFO | epoch=042 train_batch=40/435 running_loss=0.045004
2026-08-19 19:47:27 | INFO | epoch=042 train_batch=50/435 running_loss=0.044658
2026-08-19 19:47:28 | INFO | epoch=042 train_batch=60/435 running_loss=0.044372
2026-08-19 19:47:28 | INFO | epoch=042 train_batch=70/435 running_loss=0.043917
2026-08-19 19:47:28 | INFO | epoch=042 train_batch=80/435 running_loss=0.043876
2026-08-19 19:47:28 | INFO | epoch=042 train_batch=90/435 running_loss=0.043798
2026-08-19 19:47:29 | INFO | epoch=042 train_batch=100/435 running_loss=0.043674
2026-08-19 19:47:29 | INFO | epoch=042 train_batch=110/435 running_loss=0.043966
2026-08-19 19:47:29 | INFO | epoch=042 train_batch=120/435 running_loss=0.043736
2026-08-19 19:47:29 | INFO | epoch=042 train_batch=130/435 running_loss=0.043736
2026-08-19 19:47:30 | INFO | epoch=042 train_batch=140/435 running_loss=0.043935
2026-08-19 19:47:30 | INFO | epoch=042 train_batch=150/435 running_loss=0.044056
2026-08-19 19:47:30 | INFO | epoch=042 train_batch=160/435 running_loss=0.044082
2026-08-19 19:47:30 | INFO | epoch=042 train_batch=170/435 running_loss=0.043898
2026-08-19 19:47:30 | INFO | epoch=042 train_batch=180/435 running_loss=0.043896
2026-08-19 19:47:31 | INFO | epoch=042 train_batch=190/435 running_loss=0.043672
2026-08-19 19:47:31 | INFO | epoch=042 train_batch=200/435 running_loss=0.043581
2026-08-19 19:47:31 | INFO | epoch=042 train_batch=210/435 running_loss=0.043707
2026-08-19 19:47:31 | INFO | epoch=042 train_batch=220/435 running_loss=0.043713
2026-08-19 19:47:32 | INFO | epoch=042 train_batch=230/435 running_loss=0.043668
2026-08-19 19:47:32 | INFO | epoch=042 train_batch=240/435 running_loss=0.043778
2026-08-19 19:47:32 | INFO | epoch=042 train_batch=250/435 running_loss=0.043854
2026-08-19 19:47:32 | INFO | epoch=042 train_batch=260/435 running_loss=0.043800
2026-08-19 19:47:33 | INFO | epoch=042 train_batch=270/435 running_loss=0.043742
2026-08-19 19:47:33 | INFO | epoch=042 train_batch=280/435 running_loss=0.043554
2026-08-19 19:47:33 | INFO | epoch=042 train_batch=290/435 running_loss=0.043598
2026-08-19 19:47:33 | INFO | epoch=042 train_batch=300/435 running_loss=0.043640
2026-08-19 19:47:34 | INFO | epoch=042 train_batch=310/435 running_loss=0.043702
2026-08-19 19:47:34 | INFO | epoch=042 train_batch=320/435 running_loss=0.043644
2026-08-19 19:47:34 | INFO | epoch=042 train_batch=330/435 running_loss=0.043703
2026-08-19 19:47:34 | INFO | epoch=042 train_batch=340/435 running_loss=0.043686
2026-08-19 19:47:35 | INFO | epoch=042 train_batch=350/435 running_loss=0.043728
2026-08-19 19:47:35 | INFO | epoch=042 train_batch=360/435 running_loss=0.043680
2026-08-19 19:47:35 | INFO | epoch=042 train_batch=370/435 running_loss=0.043755
2026-08-19 19:47:35 | INFO | epoch=042 train_batch=380/435 running_loss=0.043772
2026-08-19 19:47:36 | INFO | epoch=042 train_batch=390/435 running_loss=0.043846
2026-08-19 19:47:36 | INFO | epoch=042 train_batch=400/435 running_loss=0.044003
2026-08-19 19:47:36 | INFO | epoch=042 train_batch=410/435 running_loss=0.044010
2026-08-19 19:47:36 | INFO | epoch=042 train_batch=420/435 running_loss=0.043987
2026-08-19 19:47:37 | INFO | epoch=042 train_batch=430/435 running_loss=0.043935
2026-08-19 19:47:37 | INFO | epoch=042 train_batch=435/435 running_loss=0.044013
2026-08-19 19:47:37 | INFO | epoch=042 train_loss=0.044013 validation_loss=0.119651
2026-08-19 19:47:37 | INFO | epoch=042 saved new best.pt
2026-08-19 19:47:37 | INFO | epoch=043 train_batch=10/435 running_loss=0.046148
2026-08-19 19:47:37 | INFO | epoch=043 train_batch=20/435 running_loss=0.044512
2026-08-19 19:47:38 | INFO | epoch=043 train_batch=30/435 running_loss=0.043672
2026-08-19 19:47:38 | INFO | epoch=043 train_batch=40/435 running_loss=0.043856
2026-08-19 19:47:38 | INFO | epoch=043 train_batch=50/435 running_loss=0.043660
2026-08-19 19:47:38 | INFO | epoch=043 train_batch=60/435 running_loss=0.043943
2026-08-19 19:47:39 | INFO | epoch=043 train_batch=70/435 running_loss=0.043802
2026-08-19 19:47:39 | INFO | epoch=043 train_batch=80/435 running_loss=0.043855
2026-08-19 19:47:39 | INFO | epoch=043 train_batch=90/435 running_loss=0.043682
2026-08-19 19:47:40 | INFO | epoch=043 train_batch=100/435 running_loss=0.043502
2026-08-19 19:47:40 | INFO | epoch=043 train_batch=110/435 running_loss=0.043490
2026-08-19 19:47:40 | INFO | epoch=043 train_batch=120/435 running_loss=0.043313
2026-08-19 19:47:40 | INFO | epoch=043 train_batch=130/435 running_loss=0.043325
2026-08-19 19:47:41 | INFO | epoch=043 train_batch=140/435 running_loss=0.043291
2026-08-19 19:47:41 | INFO | epoch=043 train_batch=150/435 running_loss=0.043357
2026-08-19 19:47:41 | INFO | epoch=043 train_batch=160/435 running_loss=0.043396
2026-08-19 19:47:41 | INFO | epoch=043 train_batch=170/435 running_loss=0.043324
2026-08-19 19:47:41 | INFO | epoch=043 train_batch=180/435 running_loss=0.043542
2026-08-19 19:47:42 | INFO | epoch=043 train_batch=190/435 running_loss=0.043549
2026-08-19 19:47:42 | INFO | epoch=043 train_batch=200/435 running_loss=0.043679
2026-08-19 19:47:42 | INFO | epoch=043 train_batch=210/435 running_loss=0.043666
2026-08-19 19:47:42 | INFO | epoch=043 train_batch=220/435 running_loss=0.043688
2026-08-19 19:47:43 | INFO | epoch=043 train_batch=230/435 running_loss=0.043704
2026-08-19 19:47:43 | INFO | epoch=043 train_batch=240/435 running_loss=0.043602
2026-08-19 19:47:43 | INFO | epoch=043 train_batch=250/435 running_loss=0.043604
2026-08-19 19:47:43 | INFO | epoch=043 train_batch=260/435 running_loss=0.043570
2026-08-19 19:47:44 | INFO | epoch=043 train_batch=270/435 running_loss=0.043624
2026-08-19 19:47:44 | INFO | epoch=043 train_batch=280/435 running_loss=0.043675
2026-08-19 19:47:44 | INFO | epoch=043 train_batch=290/435 running_loss=0.043785
2026-08-19 19:47:44 | INFO | epoch=043 train_batch=300/435 running_loss=0.043779
2026-08-19 19:47:45 | INFO | epoch=043 train_batch=310/435 running_loss=0.043769
2026-08-19 19:47:45 | INFO | epoch=043 train_batch=320/435 running_loss=0.043852
2026-08-19 19:47:45 | INFO | epoch=043 train_batch=330/435 running_loss=0.043799
2026-08-19 19:47:45 | INFO | epoch=043 train_batch=340/435 running_loss=0.043803
2026-08-19 19:47:45 | INFO | epoch=043 train_batch=350/435 running_loss=0.043861
2026-08-19 19:47:46 | INFO | epoch=043 train_batch=360/435 running_loss=0.043824
2026-08-19 19:47:46 | INFO | epoch=043 train_batch=370/435 running_loss=0.043867
2026-08-19 19:47:46 | INFO | epoch=043 train_batch=380/435 running_loss=0.043797
2026-08-19 19:47:46 | INFO | epoch=043 train_batch=390/435 running_loss=0.043819
2026-08-19 19:47:47 | INFO | epoch=043 train_batch=400/435 running_loss=0.043905
2026-08-19 19:47:47 | INFO | epoch=043 train_batch=410/435 running_loss=0.043825
2026-08-19 19:47:47 | INFO | epoch=043 train_batch=420/435 running_loss=0.043837
2026-08-19 19:47:47 | INFO | epoch=043 train_batch=430/435 running_loss=0.043785
2026-08-19 19:47:47 | INFO | epoch=043 train_batch=435/435 running_loss=0.043791
2026-08-19 19:47:48 | INFO | epoch=043 train_loss=0.043791 validation_loss=0.119948
2026-08-19 19:47:48 | INFO | epoch=044 train_batch=10/435 running_loss=0.043491
2026-08-19 19:47:48 | INFO | epoch=044 train_batch=20/435 running_loss=0.042011
2026-08-19 19:47:48 | INFO | epoch=044 train_batch=30/435 running_loss=0.041216
2026-08-19 19:47:49 | INFO | epoch=044 train_batch=40/435 running_loss=0.041702
2026-08-19 19:47:49 | INFO | epoch=044 train_batch=50/435 running_loss=0.042462
2026-08-19 19:47:49 | INFO | epoch=044 train_batch=60/435 running_loss=0.042354
2026-08-19 19:47:49 | INFO | epoch=044 train_batch=70/435 running_loss=0.042505
2026-08-19 19:47:50 | INFO | epoch=044 train_batch=80/435 running_loss=0.042315
2026-08-19 19:47:50 | INFO | epoch=044 train_batch=90/435 running_loss=0.042292
2026-08-19 19:47:50 | INFO | epoch=044 train_batch=100/435 running_loss=0.042567
2026-08-19 19:47:50 | INFO | epoch=044 train_batch=110/435 running_loss=0.042170
2026-08-19 19:47:51 | INFO | epoch=044 train_batch=120/435 running_loss=0.042375
2026-08-19 19:47:51 | INFO | epoch=044 train_batch=130/435 running_loss=0.042329
2026-08-19 19:47:51 | INFO | epoch=044 train_batch=140/435 running_loss=0.042627
2026-08-19 19:47:51 | INFO | epoch=044 train_batch=150/435 running_loss=0.042821
2026-08-19 19:47:52 | INFO | epoch=044 train_batch=160/435 running_loss=0.043121
2026-08-19 19:47:52 | INFO | epoch=044 train_batch=170/435 running_loss=0.043101
2026-08-19 19:47:52 | INFO | epoch=044 train_batch=180/435 running_loss=0.043025
2026-08-19 19:47:52 | INFO | epoch=044 train_batch=190/435 running_loss=0.043035
2026-08-19 19:47:53 | INFO | epoch=044 train_batch=200/435 running_loss=0.042966
2026-08-19 19:47:53 | INFO | epoch=044 train_batch=210/435 running_loss=0.042863
2026-08-19 19:47:53 | INFO | epoch=044 train_batch=220/435 running_loss=0.043025
2026-08-19 19:47:53 | INFO | epoch=044 train_batch=230/435 running_loss=0.043103
2026-08-19 19:47:54 | INFO | epoch=044 train_batch=240/435 running_loss=0.043165
2026-08-19 19:47:54 | INFO | epoch=044 train_batch=250/435 running_loss=0.043201
2026-08-19 19:47:54 | INFO | epoch=044 train_batch=260/435 running_loss=0.043176
2026-08-19 19:47:54 | INFO | epoch=044 train_batch=270/435 running_loss=0.043299
2026-08-19 19:47:55 | INFO | epoch=044 train_batch=280/435 running_loss=0.043289
2026-08-19 19:47:55 | INFO | epoch=044 train_batch=290/435 running_loss=0.043445
2026-08-19 19:47:55 | INFO | epoch=044 train_batch=300/435 running_loss=0.043450
2026-08-19 19:47:55 | INFO | epoch=044 train_batch=310/435 running_loss=0.043578
2026-08-19 19:47:56 | INFO | epoch=044 train_batch=320/435 running_loss=0.043694
2026-08-19 19:47:56 | INFO | epoch=044 train_batch=330/435 running_loss=0.043734
2026-08-19 19:47:56 | INFO | epoch=044 train_batch=340/435 running_loss=0.043710
2026-08-19 19:47:56 | INFO | epoch=044 train_batch=350/435 running_loss=0.043738
2026-08-19 19:47:57 | INFO | epoch=044 train_batch=360/435 running_loss=0.043804
2026-08-19 19:47:57 | INFO | epoch=044 train_batch=370/435 running_loss=0.043827
2026-08-19 19:47:57 | INFO | epoch=044 train_batch=380/435 running_loss=0.043843
2026-08-19 19:47:57 | INFO | epoch=044 train_batch=390/435 running_loss=0.043775
2026-08-19 19:47:58 | INFO | epoch=044 train_batch=400/435 running_loss=0.043833
2026-08-19 19:47:58 | INFO | epoch=044 train_batch=410/435 running_loss=0.043766
2026-08-19 19:47:58 | INFO | epoch=044 train_batch=420/435 running_loss=0.043716
2026-08-19 19:47:58 | INFO | epoch=044 train_batch=430/435 running_loss=0.043830
2026-08-19 19:47:58 | INFO | epoch=044 train_batch=435/435 running_loss=0.043827
2026-08-19 19:47:59 | INFO | epoch=044 train_loss=0.043827 validation_loss=0.117768
2026-08-19 19:47:59 | INFO | epoch=044 saved new best.pt
2026-08-19 19:47:59 | INFO | epoch=045 train_batch=10/435 running_loss=0.042820
2026-08-19 19:47:59 | INFO | epoch=045 train_batch=20/435 running_loss=0.042890
2026-08-19 19:47:59 | INFO | epoch=045 train_batch=30/435 running_loss=0.043735
2026-08-19 19:48:00 | INFO | epoch=045 train_batch=40/435 running_loss=0.043277
2026-08-19 19:48:00 | INFO | epoch=045 train_batch=50/435 running_loss=0.043648
2026-08-19 19:48:00 | INFO | epoch=045 train_batch=60/435 running_loss=0.043248
2026-08-19 19:48:01 | INFO | epoch=045 train_batch=70/435 running_loss=0.043195
2026-08-19 19:48:01 | INFO | epoch=045 train_batch=80/435 running_loss=0.043388
2026-08-19 19:48:01 | INFO | epoch=045 train_batch=90/435 running_loss=0.043428
2026-08-19 19:48:01 | INFO | epoch=045 train_batch=100/435 running_loss=0.043392
2026-08-19 19:48:02 | INFO | epoch=045 train_batch=110/435 running_loss=0.043560
2026-08-19 19:48:02 | INFO | epoch=045 train_batch=120/435 running_loss=0.043302
2026-08-19 19:48:02 | INFO | epoch=045 train_batch=130/435 running_loss=0.043383
2026-08-19 19:48:02 | INFO | epoch=045 train_batch=140/435 running_loss=0.043479
2026-08-19 19:48:03 | INFO | epoch=045 train_batch=150/435 running_loss=0.043500
2026-08-19 19:48:03 | INFO | epoch=045 train_batch=160/435 running_loss=0.043729
2026-08-19 19:48:03 | INFO | epoch=045 train_batch=170/435 running_loss=0.043643
2026-08-19 19:48:03 | INFO | epoch=045 train_batch=180/435 running_loss=0.043335
2026-08-19 19:48:03 | INFO | epoch=045 train_batch=190/435 running_loss=0.043185
2026-08-19 19:48:04 | INFO | epoch=045 train_batch=200/435 running_loss=0.043066
2026-08-19 19:48:04 | INFO | epoch=045 train_batch=210/435 running_loss=0.043211
2026-08-19 19:48:04 | INFO | epoch=045 train_batch=220/435 running_loss=0.043166
2026-08-19 19:48:04 | INFO | epoch=045 train_batch=230/435 running_loss=0.043156
2026-08-19 19:48:05 | INFO | epoch=045 train_batch=240/435 running_loss=0.043109
2026-08-19 19:48:05 | INFO | epoch=045 train_batch=250/435 running_loss=0.043096
2026-08-19 19:48:05 | INFO | epoch=045 train_batch=260/435 running_loss=0.043197
2026-08-19 19:48:05 | INFO | epoch=045 train_batch=270/435 running_loss=0.043274
2026-08-19 19:48:06 | INFO | epoch=045 train_batch=280/435 running_loss=0.043174
2026-08-19 19:48:06 | INFO | epoch=045 train_batch=290/435 running_loss=0.043217
2026-08-19 19:48:06 | INFO | epoch=045 train_batch=300/435 running_loss=0.043273
2026-08-19 19:48:06 | INFO | epoch=045 train_batch=310/435 running_loss=0.043284
2026-08-19 19:48:07 | INFO | epoch=045 train_batch=320/435 running_loss=0.043279
2026-08-19 19:48:07 | INFO | epoch=045 train_batch=330/435 running_loss=0.043281
2026-08-19 19:48:07 | INFO | epoch=045 train_batch=340/435 running_loss=0.043332
2026-08-19 19:48:07 | INFO | epoch=045 train_batch=350/435 running_loss=0.043325
2026-08-19 19:48:08 | INFO | epoch=045 train_batch=360/435 running_loss=0.043245
2026-08-19 19:48:08 | INFO | epoch=045 train_batch=370/435 running_loss=0.043325
2026-08-19 19:48:08 | INFO | epoch=045 train_batch=380/435 running_loss=0.043371
2026-08-19 19:48:08 | INFO | epoch=045 train_batch=390/435 running_loss=0.043428
2026-08-19 19:48:09 | INFO | epoch=045 train_batch=400/435 running_loss=0.043446
2026-08-19 19:48:09 | INFO | epoch=045 train_batch=410/435 running_loss=0.043448
2026-08-19 19:48:09 | INFO | epoch=045 train_batch=420/435 running_loss=0.043434
2026-08-19 19:48:09 | INFO | epoch=045 train_batch=430/435 running_loss=0.043419
2026-08-19 19:48:10 | INFO | epoch=045 train_batch=435/435 running_loss=0.043450
2026-08-19 19:48:10 | INFO | epoch=045 train_loss=0.043450 validation_loss=0.118250
2026-08-19 19:48:10 | INFO | epoch=046 train_batch=10/435 running_loss=0.040027
2026-08-19 19:48:10 | INFO | epoch=046 train_batch=20/435 running_loss=0.041134
2026-08-19 19:48:11 | INFO | epoch=046 train_batch=30/435 running_loss=0.041148
2026-08-19 19:48:11 | INFO | epoch=046 train_batch=40/435 running_loss=0.041356
2026-08-19 19:48:11 | INFO | epoch=046 train_batch=50/435 running_loss=0.041736
2026-08-19 19:48:11 | INFO | epoch=046 train_batch=60/435 running_loss=0.042362
2026-08-19 19:48:12 | INFO | epoch=046 train_batch=70/435 running_loss=0.042034
2026-08-19 19:48:12 | INFO | epoch=046 train_batch=80/435 running_loss=0.042428
2026-08-19 19:48:12 | INFO | epoch=046 train_batch=90/435 running_loss=0.042506
2026-08-19 19:48:12 | INFO | epoch=046 train_batch=100/435 running_loss=0.042546
2026-08-19 19:48:13 | INFO | epoch=046 train_batch=110/435 running_loss=0.042700
2026-08-19 19:48:13 | INFO | epoch=046 train_batch=120/435 running_loss=0.042427
2026-08-19 19:48:13 | INFO | epoch=046 train_batch=130/435 running_loss=0.042319
2026-08-19 19:48:13 | INFO | epoch=046 train_batch=140/435 running_loss=0.042587
2026-08-19 19:48:14 | INFO | epoch=046 train_batch=150/435 running_loss=0.042597
2026-08-19 19:48:14 | INFO | epoch=046 train_batch=160/435 running_loss=0.042718
2026-08-19 19:48:14 | INFO | epoch=046 train_batch=170/435 running_loss=0.042787
2026-08-19 19:48:14 | INFO | epoch=046 train_batch=180/435 running_loss=0.042655
2026-08-19 19:48:15 | INFO | epoch=046 train_batch=190/435 running_loss=0.042570
2026-08-19 19:48:15 | INFO | epoch=046 train_batch=200/435 running_loss=0.042470
2026-08-19 19:48:15 | INFO | epoch=046 train_batch=210/435 running_loss=0.042416
2026-08-19 19:48:15 | INFO | epoch=046 train_batch=220/435 running_loss=0.042479
2026-08-19 19:48:16 | INFO | epoch=046 train_batch=230/435 running_loss=0.042568
2026-08-19 19:48:16 | INFO | epoch=046 train_batch=240/435 running_loss=0.042521
2026-08-19 19:48:16 | INFO | epoch=046 train_batch=250/435 running_loss=0.042635
2026-08-19 19:48:16 | INFO | epoch=046 train_batch=260/435 running_loss=0.042719
2026-08-19 19:48:17 | INFO | epoch=046 train_batch=270/435 running_loss=0.042655
2026-08-19 19:48:17 | INFO | epoch=046 train_batch=280/435 running_loss=0.042685
2026-08-19 19:48:17 | INFO | epoch=046 train_batch=290/435 running_loss=0.042683
2026-08-19 19:48:17 | INFO | epoch=046 train_batch=300/435 running_loss=0.042783
2026-08-19 19:48:18 | INFO | epoch=046 train_batch=310/435 running_loss=0.042761
2026-08-19 19:48:18 | INFO | epoch=046 train_batch=320/435 running_loss=0.042700
2026-08-19 19:48:18 | INFO | epoch=046 train_batch=330/435 running_loss=0.042639
2026-08-19 19:48:18 | INFO | epoch=046 train_batch=340/435 running_loss=0.042810
2026-08-19 19:48:19 | INFO | epoch=046 train_batch=350/435 running_loss=0.042931
2026-08-19 19:48:19 | INFO | epoch=046 train_batch=360/435 running_loss=0.043121
2026-08-19 19:48:19 | INFO | epoch=046 train_batch=370/435 running_loss=0.043189
2026-08-19 19:48:19 | INFO | epoch=046 train_batch=380/435 running_loss=0.043155
2026-08-19 19:48:20 | INFO | epoch=046 train_batch=390/435 running_loss=0.043124
2026-08-19 19:48:20 | INFO | epoch=046 train_batch=400/435 running_loss=0.043115
2026-08-19 19:48:20 | INFO | epoch=046 train_batch=410/435 running_loss=0.043134
2026-08-19 19:48:20 | INFO | epoch=046 train_batch=420/435 running_loss=0.043193
2026-08-19 19:48:21 | INFO | epoch=046 train_batch=430/435 running_loss=0.043210
2026-08-19 19:48:21 | INFO | epoch=046 train_batch=435/435 running_loss=0.043204
2026-08-19 19:48:21 | INFO | epoch=046 train_loss=0.043204 validation_loss=0.117887
2026-08-19 19:48:21 | INFO | epoch=047 train_batch=10/435 running_loss=0.040300
2026-08-19 19:48:21 | INFO | epoch=047 train_batch=20/435 running_loss=0.040668
2026-08-19 19:48:22 | INFO | epoch=047 train_batch=30/435 running_loss=0.041090
2026-08-19 19:48:22 | INFO | epoch=047 train_batch=40/435 running_loss=0.041760
2026-08-19 19:48:22 | INFO | epoch=047 train_batch=50/435 running_loss=0.041648
2026-08-19 19:48:22 | INFO | epoch=047 train_batch=60/435 running_loss=0.041911
2026-08-19 19:48:23 | INFO | epoch=047 train_batch=70/435 running_loss=0.041826
2026-08-19 19:48:23 | INFO | epoch=047 train_batch=80/435 running_loss=0.042423
2026-08-19 19:48:23 | INFO | epoch=047 train_batch=90/435 running_loss=0.042417
2026-08-19 19:48:23 | INFO | epoch=047 train_batch=100/435 running_loss=0.042509
2026-08-19 19:48:24 | INFO | epoch=047 train_batch=110/435 running_loss=0.042502
2026-08-19 19:48:24 | INFO | epoch=047 train_batch=120/435 running_loss=0.042560
2026-08-19 19:48:24 | INFO | epoch=047 train_batch=130/435 running_loss=0.042720
2026-08-19 19:48:24 | INFO | epoch=047 train_batch=140/435 running_loss=0.042843
2026-08-19 19:48:25 | INFO | epoch=047 train_batch=150/435 running_loss=0.042570
2026-08-19 19:48:25 | INFO | epoch=047 train_batch=160/435 running_loss=0.042484
2026-08-19 19:48:25 | INFO | epoch=047 train_batch=170/435 running_loss=0.042433
2026-08-19 19:48:25 | INFO | epoch=047 train_batch=180/435 running_loss=0.042280
2026-08-19 19:48:26 | INFO | epoch=047 train_batch=190/435 running_loss=0.042335
2026-08-19 19:48:26 | INFO | epoch=047 train_batch=200/435 running_loss=0.042330
2026-08-19 19:48:26 | INFO | epoch=047 train_batch=210/435 running_loss=0.042511
2026-08-19 19:48:26 | INFO | epoch=047 train_batch=220/435 running_loss=0.042577
2026-08-19 19:48:27 | INFO | epoch=047 train_batch=230/435 running_loss=0.042679
2026-08-19 19:48:27 | INFO | epoch=047 train_batch=240/435 running_loss=0.042710
2026-08-19 19:48:27 | INFO | epoch=047 train_batch=250/435 running_loss=0.042682
2026-08-19 19:48:27 | INFO | epoch=047 train_batch=260/435 running_loss=0.042700
2026-08-19 19:48:28 | INFO | epoch=047 train_batch=270/435 running_loss=0.042615
2026-08-19 19:48:28 | INFO | epoch=047 train_batch=280/435 running_loss=0.042749
2026-08-19 19:48:28 | INFO | epoch=047 train_batch=290/435 running_loss=0.042635
2026-08-19 19:48:28 | INFO | epoch=047 train_batch=300/435 running_loss=0.042670
2026-08-19 19:48:29 | INFO | epoch=047 train_batch=310/435 running_loss=0.042626
2026-08-19 19:48:29 | INFO | epoch=047 train_batch=320/435 running_loss=0.042658
2026-08-19 19:48:29 | INFO | epoch=047 train_batch=330/435 running_loss=0.042796
2026-08-19 19:48:29 | INFO | epoch=047 train_batch=340/435 running_loss=0.042843
2026-08-19 19:48:30 | INFO | epoch=047 train_batch=350/435 running_loss=0.042868
2026-08-19 19:48:30 | INFO | epoch=047 train_batch=360/435 running_loss=0.042855
2026-08-19 19:48:30 | INFO | epoch=047 train_batch=370/435 running_loss=0.042884
2026-08-19 19:48:30 | INFO | epoch=047 train_batch=380/435 running_loss=0.042960
2026-08-19 19:48:31 | INFO | epoch=047 train_batch=390/435 running_loss=0.043000
2026-08-19 19:48:31 | INFO | epoch=047 train_batch=400/435 running_loss=0.043071
2026-08-19 19:48:31 | INFO | epoch=047 train_batch=410/435 running_loss=0.043039
2026-08-19 19:48:31 | INFO | epoch=047 train_batch=420/435 running_loss=0.043058
2026-08-19 19:48:32 | INFO | epoch=047 train_batch=430/435 running_loss=0.043072
2026-08-19 19:48:32 | INFO | epoch=047 train_batch=435/435 running_loss=0.043038
2026-08-19 19:48:32 | INFO | epoch=047 train_loss=0.043038 validation_loss=0.118370
2026-08-19 19:48:32 | INFO | epoch=048 train_batch=10/435 running_loss=0.043387
2026-08-19 19:48:33 | INFO | epoch=048 train_batch=20/435 running_loss=0.042453
2026-08-19 19:48:33 | INFO | epoch=048 train_batch=30/435 running_loss=0.043736
2026-08-19 19:48:33 | INFO | epoch=048 train_batch=40/435 running_loss=0.043886
2026-08-19 19:48:33 | INFO | epoch=048 train_batch=50/435 running_loss=0.043966
2026-08-19 19:48:34 | INFO | epoch=048 train_batch=60/435 running_loss=0.043846
2026-08-19 19:48:34 | INFO | epoch=048 train_batch=70/435 running_loss=0.043453
2026-08-19 19:48:34 | INFO | epoch=048 train_batch=80/435 running_loss=0.043333
2026-08-19 19:48:34 | INFO | epoch=048 train_batch=90/435 running_loss=0.043749
2026-08-19 19:48:34 | INFO | epoch=048 train_batch=100/435 running_loss=0.043876
2026-08-19 19:48:35 | INFO | epoch=048 train_batch=110/435 running_loss=0.043611
2026-08-19 19:48:35 | INFO | epoch=048 train_batch=120/435 running_loss=0.043318
2026-08-19 19:48:35 | INFO | epoch=048 train_batch=130/435 running_loss=0.043204
2026-08-19 19:48:35 | INFO | epoch=048 train_batch=140/435 running_loss=0.042958
2026-08-19 19:48:36 | INFO | epoch=048 train_batch=150/435 running_loss=0.042882
2026-08-19 19:48:36 | INFO | epoch=048 train_batch=160/435 running_loss=0.042821
2026-08-19 19:48:36 | INFO | epoch=048 train_batch=170/435 running_loss=0.042801
2026-08-19 19:48:36 | INFO | epoch=048 train_batch=180/435 running_loss=0.042771
2026-08-19 19:48:37 | INFO | epoch=048 train_batch=190/435 running_loss=0.042713
2026-08-19 19:48:37 | INFO | epoch=048 train_batch=200/435 running_loss=0.042643
2026-08-19 19:48:37 | INFO | epoch=048 train_batch=210/435 running_loss=0.042542
2026-08-19 19:48:37 | INFO | epoch=048 train_batch=220/435 running_loss=0.042604
2026-08-19 19:48:38 | INFO | epoch=048 train_batch=230/435 running_loss=0.042631
2026-08-19 19:48:38 | INFO | epoch=048 train_batch=240/435 running_loss=0.042665
2026-08-19 19:48:38 | INFO | epoch=048 train_batch=250/435 running_loss=0.042622
2026-08-19 19:48:38 | INFO | epoch=048 train_batch=260/435 running_loss=0.042535
2026-08-19 19:48:39 | INFO | epoch=048 train_batch=270/435 running_loss=0.042405
2026-08-19 19:48:39 | INFO | epoch=048 train_batch=280/435 running_loss=0.042511
2026-08-19 19:48:39 | INFO | epoch=048 train_batch=290/435 running_loss=0.042553
2026-08-19 19:48:39 | INFO | epoch=048 train_batch=300/435 running_loss=0.042623
2026-08-19 19:48:40 | INFO | epoch=048 train_batch=310/435 running_loss=0.042670
2026-08-19 19:48:40 | INFO | epoch=048 train_batch=320/435 running_loss=0.042695
2026-08-19 19:48:40 | INFO | epoch=048 train_batch=330/435 running_loss=0.042762
2026-08-19 19:48:40 | INFO | epoch=048 train_batch=340/435 running_loss=0.042733
2026-08-19 19:48:41 | INFO | epoch=048 train_batch=350/435 running_loss=0.042826
2026-08-19 19:48:41 | INFO | epoch=048 train_batch=360/435 running_loss=0.042872
2026-08-19 19:48:41 | INFO | epoch=048 train_batch=370/435 running_loss=0.042855
2026-08-19 19:48:41 | INFO | epoch=048 train_batch=380/435 running_loss=0.042892
2026-08-19 19:48:42 | INFO | epoch=048 train_batch=390/435 running_loss=0.042845
2026-08-19 19:48:42 | INFO | epoch=048 train_batch=400/435 running_loss=0.042849
2026-08-19 19:48:42 | INFO | epoch=048 train_batch=410/435 running_loss=0.042852
2026-08-19 19:48:42 | INFO | epoch=048 train_batch=420/435 running_loss=0.042762
2026-08-19 19:48:43 | INFO | epoch=048 train_batch=430/435 running_loss=0.042737
2026-08-19 19:48:43 | INFO | epoch=048 train_batch=435/435 running_loss=0.042714
2026-08-19 19:48:43 | INFO | epoch=048 train_loss=0.042714 validation_loss=0.118031
2026-08-19 19:48:43 | INFO | epoch=049 train_batch=10/435 running_loss=0.040806
2026-08-19 19:48:43 | INFO | epoch=049 train_batch=20/435 running_loss=0.042403
2026-08-19 19:48:44 | INFO | epoch=049 train_batch=30/435 running_loss=0.041424
2026-08-19 19:48:44 | INFO | epoch=049 train_batch=40/435 running_loss=0.042274
2026-08-19 19:48:44 | INFO | epoch=049 train_batch=50/435 running_loss=0.042229
2026-08-19 19:48:44 | INFO | epoch=049 train_batch=60/435 running_loss=0.041802
2026-08-19 19:48:45 | INFO | epoch=049 train_batch=70/435 running_loss=0.042048
2026-08-19 19:48:45 | INFO | epoch=049 train_batch=80/435 running_loss=0.042273
2026-08-19 19:48:45 | INFO | epoch=049 train_batch=90/435 running_loss=0.042087
2026-08-19 19:48:45 | INFO | epoch=049 train_batch=100/435 running_loss=0.042069
2026-08-19 19:48:46 | INFO | epoch=049 train_batch=110/435 running_loss=0.042042
2026-08-19 19:48:46 | INFO | epoch=049 train_batch=120/435 running_loss=0.041727
2026-08-19 19:48:46 | INFO | epoch=049 train_batch=130/435 running_loss=0.042005
2026-08-19 19:48:46 | INFO | epoch=049 train_batch=140/435 running_loss=0.042078
2026-08-19 19:48:47 | INFO | epoch=049 train_batch=150/435 running_loss=0.041967
2026-08-19 19:48:47 | INFO | epoch=049 train_batch=160/435 running_loss=0.041738
2026-08-19 19:48:47 | INFO | epoch=049 train_batch=170/435 running_loss=0.041786
2026-08-19 19:48:47 | INFO | epoch=049 train_batch=180/435 running_loss=0.041854
2026-08-19 19:48:48 | INFO | epoch=049 train_batch=190/435 running_loss=0.041913
2026-08-19 19:48:48 | INFO | epoch=049 train_batch=200/435 running_loss=0.041997
2026-08-19 19:48:48 | INFO | epoch=049 train_batch=210/435 running_loss=0.042147
2026-08-19 19:48:48 | INFO | epoch=049 train_batch=220/435 running_loss=0.042048
2026-08-19 19:48:49 | INFO | epoch=049 train_batch=230/435 running_loss=0.042146
2026-08-19 19:48:49 | INFO | epoch=049 train_batch=240/435 running_loss=0.042298
2026-08-19 19:48:49 | INFO | epoch=049 train_batch=250/435 running_loss=0.042287
2026-08-19 19:48:49 | INFO | epoch=049 train_batch=260/435 running_loss=0.042325
2026-08-19 19:48:50 | INFO | epoch=049 train_batch=270/435 running_loss=0.042209
2026-08-19 19:48:50 | INFO | epoch=049 train_batch=280/435 running_loss=0.042245
2026-08-19 19:48:50 | INFO | epoch=049 train_batch=290/435 running_loss=0.042284
2026-08-19 19:48:50 | INFO | epoch=049 train_batch=300/435 running_loss=0.042382
2026-08-19 19:48:51 | INFO | epoch=049 train_batch=310/435 running_loss=0.042406
2026-08-19 19:48:51 | INFO | epoch=049 train_batch=320/435 running_loss=0.042397
2026-08-19 19:48:51 | INFO | epoch=049 train_batch=330/435 running_loss=0.042463
2026-08-19 19:48:51 | INFO | epoch=049 train_batch=340/435 running_loss=0.042427
2026-08-19 19:48:52 | INFO | epoch=049 train_batch=350/435 running_loss=0.042461
2026-08-19 19:48:52 | INFO | epoch=049 train_batch=360/435 running_loss=0.042466
2026-08-19 19:48:52 | INFO | epoch=049 train_batch=370/435 running_loss=0.042515
2026-08-19 19:48:52 | INFO | epoch=049 train_batch=380/435 running_loss=0.042576
2026-08-19 19:48:53 | INFO | epoch=049 train_batch=390/435 running_loss=0.042600
2026-08-19 19:48:53 | INFO | epoch=049 train_batch=400/435 running_loss=0.042692
2026-08-19 19:48:53 | INFO | epoch=049 train_batch=410/435 running_loss=0.042697
2026-08-19 19:48:53 | INFO | epoch=049 train_batch=420/435 running_loss=0.042682
2026-08-19 19:48:53 | INFO | epoch=049 train_batch=430/435 running_loss=0.042662
2026-08-19 19:48:54 | INFO | epoch=049 train_batch=435/435 running_loss=0.042675
2026-08-19 19:48:54 | INFO | epoch=049 train_loss=0.042675 validation_loss=0.117477
2026-08-19 19:48:54 | INFO | epoch=049 saved new best.pt
2026-08-19 19:48:54 | INFO | epoch=050 train_batch=10/435 running_loss=0.043336
2026-08-19 19:48:54 | INFO | epoch=050 train_batch=20/435 running_loss=0.043662
2026-08-19 19:48:55 | INFO | epoch=050 train_batch=30/435 running_loss=0.041895
2026-08-19 19:48:55 | INFO | epoch=050 train_batch=40/435 running_loss=0.041981
2026-08-19 19:48:55 | INFO | epoch=050 train_batch=50/435 running_loss=0.042102
2026-08-19 19:48:55 | INFO | epoch=050 train_batch=60/435 running_loss=0.042431
2026-08-19 19:48:56 | INFO | epoch=050 train_batch=70/435 running_loss=0.042204
2026-08-19 19:48:56 | INFO | epoch=050 train_batch=80/435 running_loss=0.041993
2026-08-19 19:48:56 | INFO | epoch=050 train_batch=90/435 running_loss=0.042067
2026-08-19 19:48:56 | INFO | epoch=050 train_batch=100/435 running_loss=0.042222
2026-08-19 19:48:57 | INFO | epoch=050 train_batch=110/435 running_loss=0.042394
2026-08-19 19:48:57 | INFO | epoch=050 train_batch=120/435 running_loss=0.042258
2026-08-19 19:48:57 | INFO | epoch=050 train_batch=130/435 running_loss=0.042131
2026-08-19 19:48:57 | INFO | epoch=050 train_batch=140/435 running_loss=0.042198
2026-08-19 19:48:58 | INFO | epoch=050 train_batch=150/435 running_loss=0.042140
2026-08-19 19:48:58 | INFO | epoch=050 train_batch=160/435 running_loss=0.041980
2026-08-19 19:48:58 | INFO | epoch=050 train_batch=170/435 running_loss=0.042077
2026-08-19 19:48:58 | INFO | epoch=050 train_batch=180/435 running_loss=0.042239
2026-08-19 19:48:59 | INFO | epoch=050 train_batch=190/435 running_loss=0.042201
2026-08-19 19:48:59 | INFO | epoch=050 train_batch=200/435 running_loss=0.042202
2026-08-19 19:48:59 | INFO | epoch=050 train_batch=210/435 running_loss=0.042161
2026-08-19 19:48:59 | INFO | epoch=050 train_batch=220/435 running_loss=0.042131
2026-08-19 19:49:00 | INFO | epoch=050 train_batch=230/435 running_loss=0.042234
2026-08-19 19:49:00 | INFO | epoch=050 train_batch=240/435 running_loss=0.042220
2026-08-19 19:49:00 | INFO | epoch=050 train_batch=250/435 running_loss=0.042107
2026-08-19 19:49:00 | INFO | epoch=050 train_batch=260/435 running_loss=0.042102
2026-08-19 19:49:01 | INFO | epoch=050 train_batch=270/435 running_loss=0.042150
2026-08-19 19:49:01 | INFO | epoch=050 train_batch=280/435 running_loss=0.042155
2026-08-19 19:49:01 | INFO | epoch=050 train_batch=290/435 running_loss=0.042312
2026-08-19 19:49:01 | INFO | epoch=050 train_batch=300/435 running_loss=0.042342
2026-08-19 19:49:02 | INFO | epoch=050 train_batch=310/435 running_loss=0.042295
2026-08-19 19:49:02 | INFO | epoch=050 train_batch=320/435 running_loss=0.042300
2026-08-19 19:49:02 | INFO | epoch=050 train_batch=330/435 running_loss=0.042376
2026-08-19 19:49:02 | INFO | epoch=050 train_batch=340/435 running_loss=0.042339
2026-08-19 19:49:03 | INFO | epoch=050 train_batch=350/435 running_loss=0.042346
2026-08-19 19:49:03 | INFO | epoch=050 train_batch=360/435 running_loss=0.042361
2026-08-19 19:49:03 | INFO | epoch=050 train_batch=370/435 running_loss=0.042394
2026-08-19 19:49:03 | INFO | epoch=050 train_batch=380/435 running_loss=0.042464
2026-08-19 19:49:04 | INFO | epoch=050 train_batch=390/435 running_loss=0.042433
2026-08-19 19:49:04 | INFO | epoch=050 train_batch=400/435 running_loss=0.042458
2026-08-19 19:49:04 | INFO | epoch=050 train_batch=410/435 running_loss=0.042514
2026-08-19 19:49:04 | INFO | epoch=050 train_batch=420/435 running_loss=0.042546
2026-08-19 19:49:05 | INFO | epoch=050 train_batch=430/435 running_loss=0.042506
2026-08-19 19:49:05 | INFO | epoch=050 train_batch=435/435 running_loss=0.042498
2026-08-19 19:49:05 | INFO | epoch=050 train_loss=0.042498 validation_loss=0.116578
2026-08-19 19:49:05 | INFO | epoch=050 saved new best.pt
2026-08-19 19:49:05 | INFO | epoch=051 train_batch=10/435 running_loss=0.039557
2026-08-19 19:49:05 | INFO | epoch=051 train_batch=20/435 running_loss=0.040305
2026-08-19 19:49:06 | INFO | epoch=051 train_batch=30/435 running_loss=0.039444
2026-08-19 19:49:06 | INFO | epoch=051 train_batch=40/435 running_loss=0.039857
2026-08-19 19:49:06 | INFO | epoch=051 train_batch=50/435 running_loss=0.040394
2026-08-19 19:49:06 | INFO | epoch=051 train_batch=60/435 running_loss=0.040794
2026-08-19 19:49:07 | INFO | epoch=051 train_batch=70/435 running_loss=0.041176
2026-08-19 19:49:07 | INFO | epoch=051 train_batch=80/435 running_loss=0.041497
2026-08-19 19:49:07 | INFO | epoch=051 train_batch=90/435 running_loss=0.041332
2026-08-19 19:49:07 | INFO | epoch=051 train_batch=100/435 running_loss=0.041292
2026-08-19 19:49:08 | INFO | epoch=051 train_batch=110/435 running_loss=0.041529
2026-08-19 19:49:08 | INFO | epoch=051 train_batch=120/435 running_loss=0.041786
2026-08-19 19:49:08 | INFO | epoch=051 train_batch=130/435 running_loss=0.041796
2026-08-19 19:49:08 | INFO | epoch=051 train_batch=140/435 running_loss=0.041990
2026-08-19 19:49:09 | INFO | epoch=051 train_batch=150/435 running_loss=0.042023
2026-08-19 19:49:09 | INFO | epoch=051 train_batch=160/435 running_loss=0.041863
2026-08-19 19:49:09 | INFO | epoch=051 train_batch=170/435 running_loss=0.041828
2026-08-19 19:49:09 | INFO | epoch=051 train_batch=180/435 running_loss=0.041760
2026-08-19 19:49:10 | INFO | epoch=051 train_batch=190/435 running_loss=0.041819
2026-08-19 19:49:10 | INFO | epoch=051 train_batch=200/435 running_loss=0.041879
2026-08-19 19:49:10 | INFO | epoch=051 train_batch=210/435 running_loss=0.041948
2026-08-19 19:49:10 | INFO | epoch=051 train_batch=220/435 running_loss=0.042020
2026-08-19 19:49:11 | INFO | epoch=051 train_batch=230/435 running_loss=0.042103
2026-08-19 19:49:11 | INFO | epoch=051 train_batch=240/435 running_loss=0.042056
2026-08-19 19:49:11 | INFO | epoch=051 train_batch=250/435 running_loss=0.042162
2026-08-19 19:49:11 | INFO | epoch=051 train_batch=260/435 running_loss=0.042138
2026-08-19 19:49:12 | INFO | epoch=051 train_batch=270/435 running_loss=0.042009
2026-08-19 19:49:12 | INFO | epoch=051 train_batch=280/435 running_loss=0.042304
2026-08-19 19:49:12 | INFO | epoch=051 train_batch=290/435 running_loss=0.042342
2026-08-19 19:49:12 | INFO | epoch=051 train_batch=300/435 running_loss=0.042285
2026-08-19 19:49:13 | INFO | epoch=051 train_batch=310/435 running_loss=0.042220
2026-08-19 19:49:13 | INFO | epoch=051 train_batch=320/435 running_loss=0.042317
2026-08-19 19:49:13 | INFO | epoch=051 train_batch=330/435 running_loss=0.042317
2026-08-19 19:49:13 | INFO | epoch=051 train_batch=340/435 running_loss=0.042276
2026-08-19 19:49:14 | INFO | epoch=051 train_batch=350/435 running_loss=0.042328
2026-08-19 19:49:14 | INFO | epoch=051 train_batch=360/435 running_loss=0.042419
2026-08-19 19:49:14 | INFO | epoch=051 train_batch=370/435 running_loss=0.042351
2026-08-19 19:49:14 | INFO | epoch=051 train_batch=380/435 running_loss=0.042444
2026-08-19 19:49:15 | INFO | epoch=051 train_batch=390/435 running_loss=0.042477
2026-08-19 19:49:15 | INFO | epoch=051 train_batch=400/435 running_loss=0.042462
2026-08-19 19:49:15 | INFO | epoch=051 train_batch=410/435 running_loss=0.042412
2026-08-19 19:49:15 | INFO | epoch=051 train_batch=420/435 running_loss=0.042364
2026-08-19 19:49:16 | INFO | epoch=051 train_batch=430/435 running_loss=0.042356
2026-08-19 19:49:16 | INFO | epoch=051 train_batch=435/435 running_loss=0.042285
2026-08-19 19:49:16 | INFO | epoch=051 train_loss=0.042285 validation_loss=0.120315
2026-08-19 19:49:16 | INFO | epoch=052 train_batch=10/435 running_loss=0.043777
2026-08-19 19:49:17 | INFO | epoch=052 train_batch=20/435 running_loss=0.042425
2026-08-19 19:49:17 | INFO | epoch=052 train_batch=30/435 running_loss=0.042598
2026-08-19 19:49:17 | INFO | epoch=052 train_batch=40/435 running_loss=0.042796
2026-08-19 19:49:17 | INFO | epoch=052 train_batch=50/435 running_loss=0.041783
2026-08-19 19:49:18 | INFO | epoch=052 train_batch=60/435 running_loss=0.042217
2026-08-19 19:49:18 | INFO | epoch=052 train_batch=70/435 running_loss=0.041744
2026-08-19 19:49:18 | INFO | epoch=052 train_batch=80/435 running_loss=0.041924
2026-08-19 19:49:18 | INFO | epoch=052 train_batch=90/435 running_loss=0.041583
2026-08-19 19:49:19 | INFO | epoch=052 train_batch=100/435 running_loss=0.042026
2026-08-19 19:49:19 | INFO | epoch=052 train_batch=110/435 running_loss=0.041787
2026-08-19 19:49:19 | INFO | epoch=052 train_batch=120/435 running_loss=0.041806
2026-08-19 19:49:19 | INFO | epoch=052 train_batch=130/435 running_loss=0.041707
2026-08-19 19:49:20 | INFO | epoch=052 train_batch=140/435 running_loss=0.041665
2026-08-19 19:49:20 | INFO | epoch=052 train_batch=150/435 running_loss=0.041783
2026-08-19 19:49:20 | INFO | epoch=052 train_batch=160/435 running_loss=0.042068
2026-08-19 19:49:20 | INFO | epoch=052 train_batch=170/435 running_loss=0.042189
2026-08-19 19:49:21 | INFO | epoch=052 train_batch=180/435 running_loss=0.042196
2026-08-19 19:49:21 | INFO | epoch=052 train_batch=190/435 running_loss=0.042269
2026-08-19 19:49:21 | INFO | epoch=052 train_batch=200/435 running_loss=0.042320
2026-08-19 19:49:21 | INFO | epoch=052 train_batch=210/435 running_loss=0.042392
2026-08-19 19:49:22 | INFO | epoch=052 train_batch=220/435 running_loss=0.042366
2026-08-19 19:49:22 | INFO | epoch=052 train_batch=230/435 running_loss=0.042352
2026-08-19 19:49:22 | INFO | epoch=052 train_batch=240/435 running_loss=0.042455
2026-08-19 19:49:22 | INFO | epoch=052 train_batch=250/435 running_loss=0.042395
2026-08-19 19:49:23 | INFO | epoch=052 train_batch=260/435 running_loss=0.042310
2026-08-19 19:49:23 | INFO | epoch=052 train_batch=270/435 running_loss=0.042264
2026-08-19 19:49:23 | INFO | epoch=052 train_batch=280/435 running_loss=0.042216
2026-08-19 19:49:23 | INFO | epoch=052 train_batch=290/435 running_loss=0.042217
2026-08-19 19:49:24 | INFO | epoch=052 train_batch=300/435 running_loss=0.042180
2026-08-19 19:49:24 | INFO | epoch=052 train_batch=310/435 running_loss=0.042114
2026-08-19 19:49:24 | INFO | epoch=052 train_batch=320/435 running_loss=0.042023
2026-08-19 19:49:24 | INFO | epoch=052 train_batch=330/435 running_loss=0.042143
2026-08-19 19:49:25 | INFO | epoch=052 train_batch=340/435 running_loss=0.042115
2026-08-19 19:49:25 | INFO | epoch=052 train_batch=350/435 running_loss=0.042170
2026-08-19 19:49:25 | INFO | epoch=052 train_batch=360/435 running_loss=0.042261
2026-08-19 19:49:25 | INFO | epoch=052 train_batch=370/435 running_loss=0.042234
2026-08-19 19:49:26 | INFO | epoch=052 train_batch=380/435 running_loss=0.042244
2026-08-19 19:49:26 | INFO | epoch=052 train_batch=390/435 running_loss=0.042222
2026-08-19 19:49:26 | INFO | epoch=052 train_batch=400/435 running_loss=0.042226
2026-08-19 19:49:26 | INFO | epoch=052 train_batch=410/435 running_loss=0.042280
2026-08-19 19:49:27 | INFO | epoch=052 train_batch=420/435 running_loss=0.042318
2026-08-19 19:49:27 | INFO | epoch=052 train_batch=430/435 running_loss=0.042267
2026-08-19 19:49:27 | INFO | epoch=052 train_batch=435/435 running_loss=0.042292
2026-08-19 19:49:27 | INFO | epoch=052 train_loss=0.042292 validation_loss=0.118173
2026-08-19 19:49:27 | INFO | epoch=053 train_batch=10/435 running_loss=0.042115
2026-08-19 19:49:28 | INFO | epoch=053 train_batch=20/435 running_loss=0.042643
2026-08-19 19:49:28 | INFO | epoch=053 train_batch=30/435 running_loss=0.042423
2026-08-19 19:49:28 | INFO | epoch=053 train_batch=40/435 running_loss=0.042101
2026-08-19 19:49:28 | INFO | epoch=053 train_batch=50/435 running_loss=0.042222
2026-08-19 19:49:29 | INFO | epoch=053 train_batch=60/435 running_loss=0.042199
2026-08-19 19:49:29 | INFO | epoch=053 train_batch=70/435 running_loss=0.042071
2026-08-19 19:49:29 | INFO | epoch=053 train_batch=80/435 running_loss=0.042285
2026-08-19 19:49:29 | INFO | epoch=053 train_batch=90/435 running_loss=0.042336
2026-08-19 19:49:30 | INFO | epoch=053 train_batch=100/435 running_loss=0.042446
2026-08-19 19:49:30 | INFO | epoch=053 train_batch=110/435 running_loss=0.042364
2026-08-19 19:49:30 | INFO | epoch=053 train_batch=120/435 running_loss=0.042213
2026-08-19 19:49:30 | INFO | epoch=053 train_batch=130/435 running_loss=0.042059
2026-08-19 19:49:31 | INFO | epoch=053 train_batch=140/435 running_loss=0.042064
2026-08-19 19:49:31 | INFO | epoch=053 train_batch=150/435 running_loss=0.041912
2026-08-19 19:49:31 | INFO | epoch=053 train_batch=160/435 running_loss=0.041800
2026-08-19 19:49:31 | INFO | epoch=053 train_batch=170/435 running_loss=0.041735
2026-08-19 19:49:32 | INFO | epoch=053 train_batch=180/435 running_loss=0.041552
2026-08-19 19:49:32 | INFO | epoch=053 train_batch=190/435 running_loss=0.041589
2026-08-19 19:49:32 | INFO | epoch=053 train_batch=200/435 running_loss=0.041549
2026-08-19 19:49:32 | INFO | epoch=053 train_batch=210/435 running_loss=0.041395
2026-08-19 19:49:33 | INFO | epoch=053 train_batch=220/435 running_loss=0.041399
2026-08-19 19:49:33 | INFO | epoch=053 train_batch=230/435 running_loss=0.041504
2026-08-19 19:49:33 | INFO | epoch=053 train_batch=240/435 running_loss=0.041573
2026-08-19 19:49:33 | INFO | epoch=053 train_batch=250/435 running_loss=0.041530
2026-08-19 19:49:34 | INFO | epoch=053 train_batch=260/435 running_loss=0.041584
2026-08-19 19:49:34 | INFO | epoch=053 train_batch=270/435 running_loss=0.041597
2026-08-19 19:49:34 | INFO | epoch=053 train_batch=280/435 running_loss=0.041697
2026-08-19 19:49:34 | INFO | epoch=053 train_batch=290/435 running_loss=0.041746
2026-08-19 19:49:35 | INFO | epoch=053 train_batch=300/435 running_loss=0.041839
2026-08-19 19:49:35 | INFO | epoch=053 train_batch=310/435 running_loss=0.041820
2026-08-19 19:49:35 | INFO | epoch=053 train_batch=320/435 running_loss=0.041846
2026-08-19 19:49:35 | INFO | epoch=053 train_batch=330/435 running_loss=0.041892
2026-08-19 19:49:36 | INFO | epoch=053 train_batch=340/435 running_loss=0.041881
2026-08-19 19:49:36 | INFO | epoch=053 train_batch=350/435 running_loss=0.041884
2026-08-19 19:49:36 | INFO | epoch=053 train_batch=360/435 running_loss=0.041939
2026-08-19 19:49:36 | INFO | epoch=053 train_batch=370/435 running_loss=0.041975
2026-08-19 19:49:37 | INFO | epoch=053 train_batch=380/435 running_loss=0.041994
2026-08-19 19:49:37 | INFO | epoch=053 train_batch=390/435 running_loss=0.041976
2026-08-19 19:49:37 | INFO | epoch=053 train_batch=400/435 running_loss=0.041888
2026-08-19 19:49:37 | INFO | epoch=053 train_batch=410/435 running_loss=0.041841
2026-08-19 19:49:38 | INFO | epoch=053 train_batch=420/435 running_loss=0.041804
2026-08-19 19:49:38 | INFO | epoch=053 train_batch=430/435 running_loss=0.041712
2026-08-19 19:49:38 | INFO | epoch=053 train_batch=435/435 running_loss=0.041780
2026-08-19 19:49:38 | INFO | epoch=053 train_loss=0.041780 validation_loss=0.117817
2026-08-19 19:49:39 | INFO | epoch=054 train_batch=10/435 running_loss=0.040476
2026-08-19 19:49:39 | INFO | epoch=054 train_batch=20/435 running_loss=0.041011
2026-08-19 19:49:39 | INFO | epoch=054 train_batch=30/435 running_loss=0.042100
2026-08-19 19:49:39 | INFO | epoch=054 train_batch=40/435 running_loss=0.042121
2026-08-19 19:49:40 | INFO | epoch=054 train_batch=50/435 running_loss=0.042217
2026-08-19 19:49:40 | INFO | epoch=054 train_batch=60/435 running_loss=0.042344
2026-08-19 19:49:40 | INFO | epoch=054 train_batch=70/435 running_loss=0.042310
2026-08-19 19:49:40 | INFO | epoch=054 train_batch=80/435 running_loss=0.041772
2026-08-19 19:49:41 | INFO | epoch=054 train_batch=90/435 running_loss=0.041447
2026-08-19 19:49:41 | INFO | epoch=054 train_batch=100/435 running_loss=0.041315
2026-08-19 19:49:41 | INFO | epoch=054 train_batch=110/435 running_loss=0.041500
2026-08-19 19:49:41 | INFO | epoch=054 train_batch=120/435 running_loss=0.041523
2026-08-19 19:49:42 | INFO | epoch=054 train_batch=130/435 running_loss=0.041526
2026-08-19 19:49:42 | INFO | epoch=054 train_batch=140/435 running_loss=0.041657
2026-08-19 19:49:42 | INFO | epoch=054 train_batch=150/435 running_loss=0.041804
2026-08-19 19:49:42 | INFO | epoch=054 train_batch=160/435 running_loss=0.041820
2026-08-19 19:49:43 | INFO | epoch=054 train_batch=170/435 running_loss=0.041903
2026-08-19 19:49:43 | INFO | epoch=054 train_batch=180/435 running_loss=0.041945
2026-08-19 19:49:43 | INFO | epoch=054 train_batch=190/435 running_loss=0.041999
2026-08-19 19:49:43 | INFO | epoch=054 train_batch=200/435 running_loss=0.041842
2026-08-19 19:49:43 | INFO | epoch=054 train_batch=210/435 running_loss=0.041996
2026-08-19 19:49:44 | INFO | epoch=054 train_batch=220/435 running_loss=0.041901
2026-08-19 19:49:44 | INFO | epoch=054 train_batch=230/435 running_loss=0.041973
2026-08-19 19:49:44 | INFO | epoch=054 train_batch=240/435 running_loss=0.041879
2026-08-19 19:49:44 | INFO | epoch=054 train_batch=250/435 running_loss=0.041910
2026-08-19 19:49:45 | INFO | epoch=054 train_batch=260/435 running_loss=0.041786
2026-08-19 19:49:45 | INFO | epoch=054 train_batch=270/435 running_loss=0.041691
2026-08-19 19:49:45 | INFO | epoch=054 train_batch=280/435 running_loss=0.041625
2026-08-19 19:49:45 | INFO | epoch=054 train_batch=290/435 running_loss=0.041616
2026-08-19 19:49:46 | INFO | epoch=054 train_batch=300/435 running_loss=0.041592
2026-08-19 19:49:46 | INFO | epoch=054 train_batch=310/435 running_loss=0.041589
2026-08-19 19:49:46 | INFO | epoch=054 train_batch=320/435 running_loss=0.041571
2026-08-19 19:49:46 | INFO | epoch=054 train_batch=330/435 running_loss=0.041579
2026-08-19 19:49:47 | INFO | epoch=054 train_batch=340/435 running_loss=0.041548
2026-08-19 19:49:47 | INFO | epoch=054 train_batch=350/435 running_loss=0.041625
2026-08-19 19:49:47 | INFO | epoch=054 train_batch=360/435 running_loss=0.041693
2026-08-19 19:49:47 | INFO | epoch=054 train_batch=370/435 running_loss=0.041710
2026-08-19 19:49:48 | INFO | epoch=054 train_batch=380/435 running_loss=0.041784
2026-08-19 19:49:48 | INFO | epoch=054 train_batch=390/435 running_loss=0.041721
2026-08-19 19:49:48 | INFO | epoch=054 train_batch=400/435 running_loss=0.041773
2026-08-19 19:49:48 | INFO | epoch=054 train_batch=410/435 running_loss=0.041815
2026-08-19 19:49:49 | INFO | epoch=054 train_batch=420/435 running_loss=0.041789
2026-08-19 19:49:49 | INFO | epoch=054 train_batch=430/435 running_loss=0.041747
2026-08-19 19:49:49 | INFO | epoch=054 train_batch=435/435 running_loss=0.041772
2026-08-19 19:49:49 | INFO | epoch=054 train_loss=0.041772 validation_loss=0.119913
2026-08-19 19:49:50 | INFO | epoch=055 train_batch=10/435 running_loss=0.041200
2026-08-19 19:49:50 | INFO | epoch=055 train_batch=20/435 running_loss=0.040362
2026-08-19 19:49:50 | INFO | epoch=055 train_batch=30/435 running_loss=0.040886
2026-08-19 19:49:50 | INFO | epoch=055 train_batch=40/435 running_loss=0.040938
2026-08-19 19:49:51 | INFO | epoch=055 train_batch=50/435 running_loss=0.041353
2026-08-19 19:49:51 | INFO | epoch=055 train_batch=60/435 running_loss=0.041509
2026-08-19 19:49:51 | INFO | epoch=055 train_batch=70/435 running_loss=0.041486
2026-08-19 19:49:51 | INFO | epoch=055 train_batch=80/435 running_loss=0.041867
2026-08-19 19:49:52 | INFO | epoch=055 train_batch=90/435 running_loss=0.042074
2026-08-19 19:49:52 | INFO | epoch=055 train_batch=100/435 running_loss=0.042112
2026-08-19 19:49:52 | INFO | epoch=055 train_batch=110/435 running_loss=0.041917
2026-08-19 19:49:52 | INFO | epoch=055 train_batch=120/435 running_loss=0.041639
2026-08-19 19:49:53 | INFO | epoch=055 train_batch=130/435 running_loss=0.041444
2026-08-19 19:49:53 | INFO | epoch=055 train_batch=140/435 running_loss=0.041826
2026-08-19 19:49:53 | INFO | epoch=055 train_batch=150/435 running_loss=0.041868
2026-08-19 19:49:53 | INFO | epoch=055 train_batch=160/435 running_loss=0.041773
2026-08-19 19:49:53 | INFO | epoch=055 train_batch=170/435 running_loss=0.041867
2026-08-19 19:49:54 | INFO | epoch=055 train_batch=180/435 running_loss=0.042046
2026-08-19 19:49:54 | INFO | epoch=055 train_batch=190/435 running_loss=0.042198
2026-08-19 19:49:54 | INFO | epoch=055 train_batch=200/435 running_loss=0.042285
2026-08-19 19:49:54 | INFO | epoch=055 train_batch=210/435 running_loss=0.042400
2026-08-19 19:49:55 | INFO | epoch=055 train_batch=220/435 running_loss=0.042389
2026-08-19 19:49:55 | INFO | epoch=055 train_batch=230/435 running_loss=0.042330
2026-08-19 19:49:55 | INFO | epoch=055 train_batch=240/435 running_loss=0.042318
2026-08-19 19:49:55 | INFO | epoch=055 train_batch=250/435 running_loss=0.042196
2026-08-19 19:49:56 | INFO | epoch=055 train_batch=260/435 running_loss=0.042127
2026-08-19 19:49:56 | INFO | epoch=055 train_batch=270/435 running_loss=0.042100
2026-08-19 19:49:56 | INFO | epoch=055 train_batch=280/435 running_loss=0.041903
2026-08-19 19:49:56 | INFO | epoch=055 train_batch=290/435 running_loss=0.041855
2026-08-19 19:49:57 | INFO | epoch=055 train_batch=300/435 running_loss=0.041761
2026-08-19 19:49:57 | INFO | epoch=055 train_batch=310/435 running_loss=0.041767
2026-08-19 19:49:57 | INFO | epoch=055 train_batch=320/435 running_loss=0.041714
2026-08-19 19:49:57 | INFO | epoch=055 train_batch=330/435 running_loss=0.041821
2026-08-19 19:49:58 | INFO | epoch=055 train_batch=340/435 running_loss=0.041834
2026-08-19 19:49:58 | INFO | epoch=055 train_batch=350/435 running_loss=0.041772
2026-08-19 19:49:58 | INFO | epoch=055 train_batch=360/435 running_loss=0.041721
2026-08-19 19:49:58 | INFO | epoch=055 train_batch=370/435 running_loss=0.041691
2026-08-19 19:49:59 | INFO | epoch=055 train_batch=380/435 running_loss=0.041764
2026-08-19 19:49:59 | INFO | epoch=055 train_batch=390/435 running_loss=0.041839
2026-08-19 19:49:59 | INFO | epoch=055 train_batch=400/435 running_loss=0.041826
2026-08-19 19:49:59 | INFO | epoch=055 train_batch=410/435 running_loss=0.041905
2026-08-19 19:50:00 | INFO | epoch=055 train_batch=420/435 running_loss=0.041902
2026-08-19 19:50:00 | INFO | epoch=055 train_batch=430/435 running_loss=0.041881
2026-08-19 19:50:00 | INFO | epoch=055 train_batch=435/435 running_loss=0.041854
2026-08-19 19:50:00 | INFO | epoch=055 train_loss=0.041854 validation_loss=0.117942
2026-08-19 19:50:00 | INFO | epoch=056 train_batch=10/435 running_loss=0.038754
2026-08-19 19:50:01 | INFO | epoch=056 train_batch=20/435 running_loss=0.039626
2026-08-19 19:50:01 | INFO | epoch=056 train_batch=30/435 running_loss=0.040449
2026-08-19 19:50:01 | INFO | epoch=056 train_batch=40/435 running_loss=0.039914
2026-08-19 19:50:01 | INFO | epoch=056 train_batch=50/435 running_loss=0.040011
2026-08-19 19:50:02 | INFO | epoch=056 train_batch=60/435 running_loss=0.040456
2026-08-19 19:50:02 | INFO | epoch=056 train_batch=70/435 running_loss=0.040151
2026-08-19 19:50:02 | INFO | epoch=056 train_batch=80/435 running_loss=0.039895
2026-08-19 19:50:02 | INFO | epoch=056 train_batch=90/435 running_loss=0.040029
2026-08-19 19:50:03 | INFO | epoch=056 train_batch=100/435 running_loss=0.040056
2026-08-19 19:50:03 | INFO | epoch=056 train_batch=110/435 running_loss=0.040112
2026-08-19 19:50:03 | INFO | epoch=056 train_batch=120/435 running_loss=0.040369
2026-08-19 19:50:03 | INFO | epoch=056 train_batch=130/435 running_loss=0.040347
2026-08-19 19:50:04 | INFO | epoch=056 train_batch=140/435 running_loss=0.040698
2026-08-19 19:50:04 | INFO | epoch=056 train_batch=150/435 running_loss=0.040603
2026-08-19 19:50:04 | INFO | epoch=056 train_batch=160/435 running_loss=0.040616
2026-08-19 19:50:04 | INFO | epoch=056 train_batch=170/435 running_loss=0.040633
2026-08-19 19:50:05 | INFO | epoch=056 train_batch=180/435 running_loss=0.040692
2026-08-19 19:50:05 | INFO | epoch=056 train_batch=190/435 running_loss=0.040760
2026-08-19 19:50:05 | INFO | epoch=056 train_batch=200/435 running_loss=0.040843
2026-08-19 19:50:05 | INFO | epoch=056 train_batch=210/435 running_loss=0.040901
2026-08-19 19:50:06 | INFO | epoch=056 train_batch=220/435 running_loss=0.040952
2026-08-19 19:50:06 | INFO | epoch=056 train_batch=230/435 running_loss=0.040867
2026-08-19 19:50:06 | INFO | epoch=056 train_batch=240/435 running_loss=0.040906
2026-08-19 19:50:06 | INFO | epoch=056 train_batch=250/435 running_loss=0.040862
2026-08-19 19:50:07 | INFO | epoch=056 train_batch=260/435 running_loss=0.040914
2026-08-19 19:50:07 | INFO | epoch=056 train_batch=270/435 running_loss=0.040887
2026-08-19 19:50:07 | INFO | epoch=056 train_batch=280/435 running_loss=0.040947
2026-08-19 19:50:07 | INFO | epoch=056 train_batch=290/435 running_loss=0.041099
2026-08-19 19:50:07 | INFO | epoch=056 train_batch=300/435 running_loss=0.041114
2026-08-19 19:50:08 | INFO | epoch=056 train_batch=310/435 running_loss=0.041036
2026-08-19 19:50:08 | INFO | epoch=056 train_batch=320/435 running_loss=0.041120
2026-08-19 19:50:08 | INFO | epoch=056 train_batch=330/435 running_loss=0.041121
2026-08-19 19:50:08 | INFO | epoch=056 train_batch=340/435 running_loss=0.041153
2026-08-19 19:50:09 | INFO | epoch=056 train_batch=350/435 running_loss=0.041189
2026-08-19 19:50:09 | INFO | epoch=056 train_batch=360/435 running_loss=0.041236
2026-08-19 19:50:09 | INFO | epoch=056 train_batch=370/435 running_loss=0.041315
2026-08-19 19:50:09 | INFO | epoch=056 train_batch=380/435 running_loss=0.041228
2026-08-19 19:50:10 | INFO | epoch=056 train_batch=390/435 running_loss=0.041245
2026-08-19 19:50:10 | INFO | epoch=056 train_batch=400/435 running_loss=0.041306
2026-08-19 19:50:10 | INFO | epoch=056 train_batch=410/435 running_loss=0.041321
2026-08-19 19:50:10 | INFO | epoch=056 train_batch=420/435 running_loss=0.041431
2026-08-19 19:50:10 | INFO | epoch=056 train_batch=430/435 running_loss=0.041419
2026-08-19 19:50:11 | INFO | epoch=056 train_batch=435/435 running_loss=0.041488
2026-08-19 19:50:11 | INFO | epoch=056 train_loss=0.041488 validation_loss=0.118589
2026-08-19 19:50:11 | INFO | epoch=057 train_batch=10/435 running_loss=0.041649
2026-08-19 19:50:11 | INFO | epoch=057 train_batch=20/435 running_loss=0.040721
2026-08-19 19:50:12 | INFO | epoch=057 train_batch=30/435 running_loss=0.039117
2026-08-19 19:50:12 | INFO | epoch=057 train_batch=40/435 running_loss=0.039017
2026-08-19 19:50:12 | INFO | epoch=057 train_batch=50/435 running_loss=0.039732
2026-08-19 19:50:12 | INFO | epoch=057 train_batch=60/435 running_loss=0.039514
2026-08-19 19:50:13 | INFO | epoch=057 train_batch=70/435 running_loss=0.040175
2026-08-19 19:50:13 | INFO | epoch=057 train_batch=80/435 running_loss=0.040448
2026-08-19 19:50:13 | INFO | epoch=057 train_batch=90/435 running_loss=0.040114
2026-08-19 19:50:13 | INFO | epoch=057 train_batch=100/435 running_loss=0.040414
2026-08-19 19:50:14 | INFO | epoch=057 train_batch=110/435 running_loss=0.040236
2026-08-19 19:50:14 | INFO | epoch=057 train_batch=120/435 running_loss=0.040180
2026-08-19 19:50:14 | INFO | epoch=057 train_batch=130/435 running_loss=0.039949
2026-08-19 19:50:14 | INFO | epoch=057 train_batch=140/435 running_loss=0.040111
2026-08-19 19:50:14 | INFO | epoch=057 train_batch=150/435 running_loss=0.040439
2026-08-19 19:50:15 | INFO | epoch=057 train_batch=160/435 running_loss=0.040451
2026-08-19 19:50:15 | INFO | epoch=057 train_batch=170/435 running_loss=0.040545
2026-08-19 19:50:15 | INFO | epoch=057 train_batch=180/435 running_loss=0.040624
2026-08-19 19:50:15 | INFO | epoch=057 train_batch=190/435 running_loss=0.040478
2026-08-19 19:50:16 | INFO | epoch=057 train_batch=200/435 running_loss=0.040529
2026-08-19 19:50:16 | INFO | epoch=057 train_batch=210/435 running_loss=0.040523
2026-08-19 19:50:16 | INFO | epoch=057 train_batch=220/435 running_loss=0.040852
2026-08-19 19:50:16 | INFO | epoch=057 train_batch=230/435 running_loss=0.040882
2026-08-19 19:50:17 | INFO | epoch=057 train_batch=240/435 running_loss=0.040858
2026-08-19 19:50:17 | INFO | epoch=057 train_batch=250/435 running_loss=0.041015
2026-08-19 19:50:17 | INFO | epoch=057 train_batch=260/435 running_loss=0.041076
2026-08-19 19:50:17 | INFO | epoch=057 train_batch=270/435 running_loss=0.041047
2026-08-19 19:50:17 | INFO | epoch=057 train_batch=280/435 running_loss=0.041077
2026-08-19 19:50:18 | INFO | epoch=057 train_batch=290/435 running_loss=0.041103
2026-08-19 19:50:18 | INFO | epoch=057 train_batch=300/435 running_loss=0.041039
2026-08-19 19:50:18 | INFO | epoch=057 train_batch=310/435 running_loss=0.041007
2026-08-19 19:50:18 | INFO | epoch=057 train_batch=320/435 running_loss=0.041033
2026-08-19 19:50:19 | INFO | epoch=057 train_batch=330/435 running_loss=0.041045
2026-08-19 19:50:19 | INFO | epoch=057 train_batch=340/435 running_loss=0.041069
2026-08-19 19:50:19 | INFO | epoch=057 train_batch=350/435 running_loss=0.041090
2026-08-19 19:50:19 | INFO | epoch=057 train_batch=360/435 running_loss=0.041094
2026-08-19 19:50:20 | INFO | epoch=057 train_batch=370/435 running_loss=0.041148
2026-08-19 19:50:20 | INFO | epoch=057 train_batch=380/435 running_loss=0.041119
2026-08-19 19:50:20 | INFO | epoch=057 train_batch=390/435 running_loss=0.041187
2026-08-19 19:50:20 | INFO | epoch=057 train_batch=400/435 running_loss=0.041238
2026-08-19 19:50:20 | INFO | epoch=057 train_batch=410/435 running_loss=0.041274
2026-08-19 19:50:21 | INFO | epoch=057 train_batch=420/435 running_loss=0.041297
2026-08-19 19:50:21 | INFO | epoch=057 train_batch=430/435 running_loss=0.041301
2026-08-19 19:50:21 | INFO | epoch=057 train_batch=435/435 running_loss=0.041286
2026-08-19 19:50:21 | INFO | epoch=057 train_loss=0.041286 validation_loss=0.118449
2026-08-19 19:50:22 | INFO | epoch=058 train_batch=10/435 running_loss=0.039300
2026-08-19 19:50:22 | INFO | epoch=058 train_batch=20/435 running_loss=0.041475
2026-08-19 19:50:22 | INFO | epoch=058 train_batch=30/435 running_loss=0.040994
2026-08-19 19:50:22 | INFO | epoch=058 train_batch=40/435 running_loss=0.041119
2026-08-19 19:50:22 | INFO | epoch=058 train_batch=50/435 running_loss=0.040932
2026-08-19 19:50:23 | INFO | epoch=058 train_batch=60/435 running_loss=0.040728
2026-08-19 19:50:23 | INFO | epoch=058 train_batch=70/435 running_loss=0.040963
2026-08-19 19:50:23 | INFO | epoch=058 train_batch=80/435 running_loss=0.041035
2026-08-19 19:50:23 | INFO | epoch=058 train_batch=90/435 running_loss=0.041167
2026-08-19 19:50:24 | INFO | epoch=058 train_batch=100/435 running_loss=0.041641
2026-08-19 19:50:24 | INFO | epoch=058 train_batch=110/435 running_loss=0.041527
2026-08-19 19:50:24 | INFO | epoch=058 train_batch=120/435 running_loss=0.041522
2026-08-19 19:50:24 | INFO | epoch=058 train_batch=130/435 running_loss=0.041573
2026-08-19 19:50:25 | INFO | epoch=058 train_batch=140/435 running_loss=0.041474
2026-08-19 19:50:25 | INFO | epoch=058 train_batch=150/435 running_loss=0.041309
2026-08-19 19:50:25 | INFO | epoch=058 train_batch=160/435 running_loss=0.041079
2026-08-19 19:50:25 | INFO | epoch=058 train_batch=170/435 running_loss=0.041016
2026-08-19 19:50:26 | INFO | epoch=058 train_batch=180/435 running_loss=0.041135
2026-08-19 19:50:26 | INFO | epoch=058 train_batch=190/435 running_loss=0.041067
2026-08-19 19:50:26 | INFO | epoch=058 train_batch=200/435 running_loss=0.040906
2026-08-19 19:50:26 | INFO | epoch=058 train_batch=210/435 running_loss=0.040995
2026-08-19 19:50:26 | INFO | epoch=058 train_batch=220/435 running_loss=0.041077
2026-08-19 19:50:27 | INFO | epoch=058 train_batch=230/435 running_loss=0.040963
2026-08-19 19:50:27 | INFO | epoch=058 train_batch=240/435 running_loss=0.040818
2026-08-19 19:50:27 | INFO | epoch=058 train_batch=250/435 running_loss=0.040921
2026-08-19 19:50:27 | INFO | epoch=058 train_batch=260/435 running_loss=0.040965
2026-08-19 19:50:28 | INFO | epoch=058 train_batch=270/435 running_loss=0.040946
2026-08-19 19:50:28 | INFO | epoch=058 train_batch=280/435 running_loss=0.040925
2026-08-19 19:50:28 | INFO | epoch=058 train_batch=290/435 running_loss=0.040834
2026-08-19 19:50:28 | INFO | epoch=058 train_batch=300/435 running_loss=0.040750
2026-08-19 19:50:29 | INFO | epoch=058 train_batch=310/435 running_loss=0.040940
2026-08-19 19:50:29 | INFO | epoch=058 train_batch=320/435 running_loss=0.040917
2026-08-19 19:50:29 | INFO | epoch=058 train_batch=330/435 running_loss=0.040967
2026-08-19 19:50:29 | INFO | epoch=058 train_batch=340/435 running_loss=0.040851
2026-08-19 19:50:29 | INFO | epoch=058 train_batch=350/435 running_loss=0.040920
2026-08-19 19:50:30 | INFO | epoch=058 train_batch=360/435 running_loss=0.040931
2026-08-19 19:50:30 | INFO | epoch=058 train_batch=370/435 running_loss=0.041028
2026-08-19 19:50:30 | INFO | epoch=058 train_batch=380/435 running_loss=0.040921
2026-08-19 19:50:30 | INFO | epoch=058 train_batch=390/435 running_loss=0.040953
2026-08-19 19:50:31 | INFO | epoch=058 train_batch=400/435 running_loss=0.041046
2026-08-19 19:50:31 | INFO | epoch=058 train_batch=410/435 running_loss=0.041051
2026-08-19 19:50:31 | INFO | epoch=058 train_batch=420/435 running_loss=0.041039
2026-08-19 19:50:31 | INFO | epoch=058 train_batch=430/435 running_loss=0.041112
2026-08-19 19:50:31 | INFO | epoch=058 train_batch=435/435 running_loss=0.041166
2026-08-19 19:50:32 | INFO | epoch=058 train_loss=0.041166 validation_loss=0.116001
2026-08-19 19:50:32 | INFO | epoch=058 saved new best.pt
2026-08-19 19:50:32 | INFO | epoch=059 train_batch=10/435 running_loss=0.036817
2026-08-19 19:50:32 | INFO | epoch=059 train_batch=20/435 running_loss=0.037308
2026-08-19 19:50:32 | INFO | epoch=059 train_batch=30/435 running_loss=0.037739
2026-08-19 19:50:33 | INFO | epoch=059 train_batch=40/435 running_loss=0.038701
2026-08-19 19:50:33 | INFO | epoch=059 train_batch=50/435 running_loss=0.039244
2026-08-19 19:50:33 | INFO | epoch=059 train_batch=60/435 running_loss=0.039734
2026-08-19 19:50:33 | INFO | epoch=059 train_batch=70/435 running_loss=0.039602
2026-08-19 19:50:34 | INFO | epoch=059 train_batch=80/435 running_loss=0.040020
2026-08-19 19:50:34 | INFO | epoch=059 train_batch=90/435 running_loss=0.040124
2026-08-19 19:50:34 | INFO | epoch=059 train_batch=100/435 running_loss=0.039859
2026-08-19 19:50:34 | INFO | epoch=059 train_batch=110/435 running_loss=0.040281
2026-08-19 19:50:35 | INFO | epoch=059 train_batch=120/435 running_loss=0.040303
2026-08-19 19:50:35 | INFO | epoch=059 train_batch=130/435 running_loss=0.040276
2026-08-19 19:50:35 | INFO | epoch=059 train_batch=140/435 running_loss=0.040297
2026-08-19 19:50:35 | INFO | epoch=059 train_batch=150/435 running_loss=0.040433
2026-08-19 19:50:35 | INFO | epoch=059 train_batch=160/435 running_loss=0.040417
2026-08-19 19:50:36 | INFO | epoch=059 train_batch=170/435 running_loss=0.040232
2026-08-19 19:50:36 | INFO | epoch=059 train_batch=180/435 running_loss=0.040305
2026-08-19 19:50:36 | INFO | epoch=059 train_batch=190/435 running_loss=0.040342
2026-08-19 19:50:36 | INFO | epoch=059 train_batch=200/435 running_loss=0.040394
2026-08-19 19:50:37 | INFO | epoch=059 train_batch=210/435 running_loss=0.040373
2026-08-19 19:50:37 | INFO | epoch=059 train_batch=220/435 running_loss=0.040338
2026-08-19 19:50:37 | INFO | epoch=059 train_batch=230/435 running_loss=0.040452
2026-08-19 19:50:37 | INFO | epoch=059 train_batch=240/435 running_loss=0.040535
2026-08-19 19:50:37 | INFO | epoch=059 train_batch=250/435 running_loss=0.040654
2026-08-19 19:50:38 | INFO | epoch=059 train_batch=260/435 running_loss=0.040745
2026-08-19 19:50:38 | INFO | epoch=059 train_batch=270/435 running_loss=0.040705
2026-08-19 19:50:38 | INFO | epoch=059 train_batch=280/435 running_loss=0.040763
2026-08-19 19:50:38 | INFO | epoch=059 train_batch=290/435 running_loss=0.040808
2026-08-19 19:50:39 | INFO | epoch=059 train_batch=300/435 running_loss=0.040814
2026-08-19 19:50:39 | INFO | epoch=059 train_batch=310/435 running_loss=0.040843
2026-08-19 19:50:39 | INFO | epoch=059 train_batch=320/435 running_loss=0.040820
2026-08-19 19:50:39 | INFO | epoch=059 train_batch=330/435 running_loss=0.040779
2026-08-19 19:50:40 | INFO | epoch=059 train_batch=340/435 running_loss=0.040736
2026-08-19 19:50:40 | INFO | epoch=059 train_batch=350/435 running_loss=0.040856
2026-08-19 19:50:40 | INFO | epoch=059 train_batch=360/435 running_loss=0.040965
2026-08-19 19:50:40 | INFO | epoch=059 train_batch=370/435 running_loss=0.041093
2026-08-19 19:50:41 | INFO | epoch=059 train_batch=380/435 running_loss=0.041140
2026-08-19 19:50:41 | INFO | epoch=059 train_batch=390/435 running_loss=0.041173
2026-08-19 19:50:41 | INFO | epoch=059 train_batch=400/435 running_loss=0.041181
2026-08-19 19:50:41 | INFO | epoch=059 train_batch=410/435 running_loss=0.041180
2026-08-19 19:50:41 | INFO | epoch=059 train_batch=420/435 running_loss=0.041168
2026-08-19 19:50:42 | INFO | epoch=059 train_batch=430/435 running_loss=0.041131
2026-08-19 19:50:42 | INFO | epoch=059 train_batch=435/435 running_loss=0.041180
2026-08-19 19:50:42 | INFO | epoch=059 train_loss=0.041180 validation_loss=0.115430
2026-08-19 19:50:42 | INFO | epoch=059 saved new best.pt
2026-08-19 19:50:42 | INFO | epoch=060 train_batch=10/435 running_loss=0.038943
2026-08-19 19:50:43 | INFO | epoch=060 train_batch=20/435 running_loss=0.038889
2026-08-19 19:50:43 | INFO | epoch=060 train_batch=30/435 running_loss=0.039103
2026-08-19 19:50:43 | INFO | epoch=060 train_batch=40/435 running_loss=0.039558
2026-08-19 19:50:43 | INFO | epoch=060 train_batch=50/435 running_loss=0.039814
2026-08-19 19:50:43 | INFO | epoch=060 train_batch=60/435 running_loss=0.039781
2026-08-19 19:50:44 | INFO | epoch=060 train_batch=70/435 running_loss=0.040358
2026-08-19 19:50:44 | INFO | epoch=060 train_batch=80/435 running_loss=0.040746
2026-08-19 19:50:44 | INFO | epoch=060 train_batch=90/435 running_loss=0.040694
2026-08-19 19:50:44 | INFO | epoch=060 train_batch=100/435 running_loss=0.040751
2026-08-19 19:50:45 | INFO | epoch=060 train_batch=110/435 running_loss=0.040843
2026-08-19 19:50:45 | INFO | epoch=060 train_batch=120/435 running_loss=0.040669
2026-08-19 19:50:45 | INFO | epoch=060 train_batch=130/435 running_loss=0.040793
2026-08-19 19:50:45 | INFO | epoch=060 train_batch=140/435 running_loss=0.041010
2026-08-19 19:50:46 | INFO | epoch=060 train_batch=150/435 running_loss=0.040997
2026-08-19 19:50:46 | INFO | epoch=060 train_batch=160/435 running_loss=0.040997
2026-08-19 19:50:46 | INFO | epoch=060 train_batch=170/435 running_loss=0.041068
2026-08-19 19:50:46 | INFO | epoch=060 train_batch=180/435 running_loss=0.041046
2026-08-19 19:50:46 | INFO | epoch=060 train_batch=190/435 running_loss=0.040991
2026-08-19 19:50:47 | INFO | epoch=060 train_batch=200/435 running_loss=0.041142
2026-08-19 19:50:47 | INFO | epoch=060 train_batch=210/435 running_loss=0.041204
2026-08-19 19:50:47 | INFO | epoch=060 train_batch=220/435 running_loss=0.041207
2026-08-19 19:50:47 | INFO | epoch=060 train_batch=230/435 running_loss=0.041154
2026-08-19 19:50:48 | INFO | epoch=060 train_batch=240/435 running_loss=0.041124
2026-08-19 19:50:48 | INFO | epoch=060 train_batch=250/435 running_loss=0.041091
2026-08-19 19:50:48 | INFO | epoch=060 train_batch=260/435 running_loss=0.041045
2026-08-19 19:50:48 | INFO | epoch=060 train_batch=270/435 running_loss=0.040906
2026-08-19 19:50:49 | INFO | epoch=060 train_batch=280/435 running_loss=0.040885
2026-08-19 19:50:49 | INFO | epoch=060 train_batch=290/435 running_loss=0.040947
2026-08-19 19:50:49 | INFO | epoch=060 train_batch=300/435 running_loss=0.040899
2026-08-19 19:50:49 | INFO | epoch=060 train_batch=310/435 running_loss=0.040973
2026-08-19 19:50:50 | INFO | epoch=060 train_batch=320/435 running_loss=0.040969
2026-08-19 19:50:50 | INFO | epoch=060 train_batch=330/435 running_loss=0.040920
2026-08-19 19:50:50 | INFO | epoch=060 train_batch=340/435 running_loss=0.040890
2026-08-19 19:50:50 | INFO | epoch=060 train_batch=350/435 running_loss=0.040889
2026-08-19 19:50:50 | INFO | epoch=060 train_batch=360/435 running_loss=0.040968
2026-08-19 19:50:51 | INFO | epoch=060 train_batch=370/435 running_loss=0.040900
2026-08-19 19:50:51 | INFO | epoch=060 train_batch=380/435 running_loss=0.040885
2026-08-19 19:50:51 | INFO | epoch=060 train_batch=390/435 running_loss=0.040925
2026-08-19 19:50:51 | INFO | epoch=060 train_batch=400/435 running_loss=0.040932
2026-08-19 19:50:52 | INFO | epoch=060 train_batch=410/435 running_loss=0.040917
2026-08-19 19:50:52 | INFO | epoch=060 train_batch=420/435 running_loss=0.040996
2026-08-19 19:50:52 | INFO | epoch=060 train_batch=430/435 running_loss=0.040963
2026-08-19 19:50:52 | INFO | epoch=060 train_batch=435/435 running_loss=0.041045
2026-08-19 19:50:52 | INFO | epoch=060 train_loss=0.041045 validation_loss=0.117451
2026-08-19 19:50:53 | INFO | epoch=061 train_batch=10/435 running_loss=0.044030
2026-08-19 19:50:53 | INFO | epoch=061 train_batch=20/435 running_loss=0.043338
2026-08-19 19:50:53 | INFO | epoch=061 train_batch=30/435 running_loss=0.043115
2026-08-19 19:50:53 | INFO | epoch=061 train_batch=40/435 running_loss=0.042596
2026-08-19 19:50:54 | INFO | epoch=061 train_batch=50/435 running_loss=0.042347
2026-08-19 19:50:54 | INFO | epoch=061 train_batch=60/435 running_loss=0.042551
2026-08-19 19:50:54 | INFO | epoch=061 train_batch=70/435 running_loss=0.042298
2026-08-19 19:50:54 | INFO | epoch=061 train_batch=80/435 running_loss=0.041960
2026-08-19 19:50:55 | INFO | epoch=061 train_batch=90/435 running_loss=0.041844
2026-08-19 19:50:55 | INFO | epoch=061 train_batch=100/435 running_loss=0.041686
2026-08-19 19:50:55 | INFO | epoch=061 train_batch=110/435 running_loss=0.041282
2026-08-19 19:50:55 | INFO | epoch=061 train_batch=120/435 running_loss=0.041550
2026-08-19 19:50:55 | INFO | epoch=061 train_batch=130/435 running_loss=0.041532
2026-08-19 19:50:56 | INFO | epoch=061 train_batch=140/435 running_loss=0.041455
2026-08-19 19:50:56 | INFO | epoch=061 train_batch=150/435 running_loss=0.041511
2026-08-19 19:50:56 | INFO | epoch=061 train_batch=160/435 running_loss=0.041276
2026-08-19 19:50:56 | INFO | epoch=061 train_batch=170/435 running_loss=0.041249
2026-08-19 19:50:57 | INFO | epoch=061 train_batch=180/435 running_loss=0.041344
2026-08-19 19:50:57 | INFO | epoch=061 train_batch=190/435 running_loss=0.041272
2026-08-19 19:50:57 | INFO | epoch=061 train_batch=200/435 running_loss=0.041202
2026-08-19 19:50:57 | INFO | epoch=061 train_batch=210/435 running_loss=0.041245
2026-08-19 19:50:58 | INFO | epoch=061 train_batch=220/435 running_loss=0.041251
2026-08-19 19:50:58 | INFO | epoch=061 train_batch=230/435 running_loss=0.041344
2026-08-19 19:50:58 | INFO | epoch=061 train_batch=240/435 running_loss=0.041297
2026-08-19 19:50:58 | INFO | epoch=061 train_batch=250/435 running_loss=0.041216
2026-08-19 19:50:58 | INFO | epoch=061 train_batch=260/435 running_loss=0.041166
2026-08-19 19:50:59 | INFO | epoch=061 train_batch=270/435 running_loss=0.041130
2026-08-19 19:50:59 | INFO | epoch=061 train_batch=280/435 running_loss=0.041156
2026-08-19 19:50:59 | INFO | epoch=061 train_batch=290/435 running_loss=0.041019
2026-08-19 19:50:59 | INFO | epoch=061 train_batch=300/435 running_loss=0.041047
2026-08-19 19:51:00 | INFO | epoch=061 train_batch=310/435 running_loss=0.041139
2026-08-19 19:51:00 | INFO | epoch=061 train_batch=320/435 running_loss=0.041142
2026-08-19 19:51:00 | INFO | epoch=061 train_batch=330/435 running_loss=0.041152
2026-08-19 19:51:00 | INFO | epoch=061 train_batch=340/435 running_loss=0.041119
2026-08-19 19:51:01 | INFO | epoch=061 train_batch=350/435 running_loss=0.041208
2026-08-19 19:51:01 | INFO | epoch=061 train_batch=360/435 running_loss=0.041171
2026-08-19 19:51:01 | INFO | epoch=061 train_batch=370/435 running_loss=0.041011
2026-08-19 19:51:01 | INFO | epoch=061 train_batch=380/435 running_loss=0.041012
2026-08-19 19:51:01 | INFO | epoch=061 train_batch=390/435 running_loss=0.041015
2026-08-19 19:51:02 | INFO | epoch=061 train_batch=400/435 running_loss=0.041050
2026-08-19 19:51:02 | INFO | epoch=061 train_batch=410/435 running_loss=0.041039
2026-08-19 19:51:02 | INFO | epoch=061 train_batch=420/435 running_loss=0.041068
2026-08-19 19:51:02 | INFO | epoch=061 train_batch=430/435 running_loss=0.041029
2026-08-19 19:51:03 | INFO | epoch=061 train_batch=435/435 running_loss=0.041007
2026-08-19 19:51:03 | INFO | epoch=061 train_loss=0.041007 validation_loss=0.115806
2026-08-19 19:51:03 | INFO | epoch=062 train_batch=10/435 running_loss=0.035864
2026-08-19 19:51:03 | INFO | epoch=062 train_batch=20/435 running_loss=0.039763
2026-08-19 19:51:03 | INFO | epoch=062 train_batch=30/435 running_loss=0.040592
2026-08-19 19:51:04 | INFO | epoch=062 train_batch=40/435 running_loss=0.040559
2026-08-19 19:51:04 | INFO | epoch=062 train_batch=50/435 running_loss=0.040054
2026-08-19 19:51:04 | INFO | epoch=062 train_batch=60/435 running_loss=0.039741
2026-08-19 19:51:04 | INFO | epoch=062 train_batch=70/435 running_loss=0.039869
2026-08-19 19:51:05 | INFO | epoch=062 train_batch=80/435 running_loss=0.040233
2026-08-19 19:51:05 | INFO | epoch=062 train_batch=90/435 running_loss=0.040138
2026-08-19 19:51:05 | INFO | epoch=062 train_batch=100/435 running_loss=0.040289
2026-08-19 19:51:05 | INFO | epoch=062 train_batch=110/435 running_loss=0.040350
2026-08-19 19:51:06 | INFO | epoch=062 train_batch=120/435 running_loss=0.040480
2026-08-19 19:51:06 | INFO | epoch=062 train_batch=130/435 running_loss=0.040513
2026-08-19 19:51:06 | INFO | epoch=062 train_batch=140/435 running_loss=0.040465
2026-08-19 19:51:06 | INFO | epoch=062 train_batch=150/435 running_loss=0.040576
2026-08-19 19:51:06 | INFO | epoch=062 train_batch=160/435 running_loss=0.040566
2026-08-19 19:51:07 | INFO | epoch=062 train_batch=170/435 running_loss=0.040515
2026-08-19 19:51:07 | INFO | epoch=062 train_batch=180/435 running_loss=0.040554
2026-08-19 19:51:07 | INFO | epoch=062 train_batch=190/435 running_loss=0.040558
2026-08-19 19:51:07 | INFO | epoch=062 train_batch=200/435 running_loss=0.040409
2026-08-19 19:51:08 | INFO | epoch=062 train_batch=210/435 running_loss=0.040478
2026-08-19 19:51:08 | INFO | epoch=062 train_batch=220/435 running_loss=0.040479
2026-08-19 19:51:08 | INFO | epoch=062 train_batch=230/435 running_loss=0.040567
2026-08-19 19:51:08 | INFO | epoch=062 train_batch=240/435 running_loss=0.040553
2026-08-19 19:51:08 | INFO | epoch=062 train_batch=250/435 running_loss=0.040535
2026-08-19 19:51:09 | INFO | epoch=062 train_batch=260/435 running_loss=0.040632
2026-08-19 19:51:09 | INFO | epoch=062 train_batch=270/435 running_loss=0.040651
2026-08-19 19:51:09 | INFO | epoch=062 train_batch=280/435 running_loss=0.040614
2026-08-19 19:51:09 | INFO | epoch=062 train_batch=290/435 running_loss=0.040586
2026-08-19 19:51:10 | INFO | epoch=062 train_batch=300/435 running_loss=0.040613
2026-08-19 19:51:10 | INFO | epoch=062 train_batch=310/435 running_loss=0.040506
2026-08-19 19:51:10 | INFO | epoch=062 train_batch=320/435 running_loss=0.040415
2026-08-19 19:51:10 | INFO | epoch=062 train_batch=330/435 running_loss=0.040472
2026-08-19 19:51:11 | INFO | epoch=062 train_batch=340/435 running_loss=0.040653
2026-08-19 19:51:11 | INFO | epoch=062 train_batch=350/435 running_loss=0.040637
2026-08-19 19:51:11 | INFO | epoch=062 train_batch=360/435 running_loss=0.040669
2026-08-19 19:51:11 | INFO | epoch=062 train_batch=370/435 running_loss=0.040620
2026-08-19 19:51:12 | INFO | epoch=062 train_batch=380/435 running_loss=0.040631
2026-08-19 19:51:12 | INFO | epoch=062 train_batch=390/435 running_loss=0.040661
2026-08-19 19:51:12 | INFO | epoch=062 train_batch=400/435 running_loss=0.040648
2026-08-19 19:51:12 | INFO | epoch=062 train_batch=410/435 running_loss=0.040623
2026-08-19 19:51:13 | INFO | epoch=062 train_batch=420/435 running_loss=0.040606
2026-08-19 19:51:13 | INFO | epoch=062 train_batch=430/435 running_loss=0.040654
2026-08-19 19:51:13 | INFO | epoch=062 train_batch=435/435 running_loss=0.040707
2026-08-19 19:51:13 | INFO | epoch=062 train_loss=0.040707 validation_loss=0.119853
2026-08-19 19:51:14 | INFO | epoch=063 train_batch=10/435 running_loss=0.040909
2026-08-19 19:51:14 | INFO | epoch=063 train_batch=20/435 running_loss=0.038848
2026-08-19 19:51:14 | INFO | epoch=063 train_batch=30/435 running_loss=0.039321
2026-08-19 19:51:14 | INFO | epoch=063 train_batch=40/435 running_loss=0.039026
2026-08-19 19:51:15 | INFO | epoch=063 train_batch=50/435 running_loss=0.039212
2026-08-19 19:51:15 | INFO | epoch=063 train_batch=60/435 running_loss=0.039541
2026-08-19 19:51:15 | INFO | epoch=063 train_batch=70/435 running_loss=0.039627
2026-08-19 19:51:15 | INFO | epoch=063 train_batch=80/435 running_loss=0.039574
2026-08-19 19:51:16 | INFO | epoch=063 train_batch=90/435 running_loss=0.039596
2026-08-19 19:51:16 | INFO | epoch=063 train_batch=100/435 running_loss=0.039597
2026-08-19 19:51:16 | INFO | epoch=063 train_batch=110/435 running_loss=0.039534
2026-08-19 19:51:16 | INFO | epoch=063 train_batch=120/435 running_loss=0.039591
2026-08-19 19:51:17 | INFO | epoch=063 train_batch=130/435 running_loss=0.039483
2026-08-19 19:51:17 | INFO | epoch=063 train_batch=140/435 running_loss=0.039513
2026-08-19 19:51:17 | INFO | epoch=063 train_batch=150/435 running_loss=0.039705
2026-08-19 19:51:17 | INFO | epoch=063 train_batch=160/435 running_loss=0.039629
2026-08-19 19:51:18 | INFO | epoch=063 train_batch=170/435 running_loss=0.039521
2026-08-19 19:51:18 | INFO | epoch=063 train_batch=180/435 running_loss=0.039508
2026-08-19 19:51:18 | INFO | epoch=063 train_batch=190/435 running_loss=0.039572
2026-08-19 19:51:18 | INFO | epoch=063 train_batch=200/435 running_loss=0.039683
2026-08-19 19:51:19 | INFO | epoch=063 train_batch=210/435 running_loss=0.039757
2026-08-19 19:51:19 | INFO | epoch=063 train_batch=220/435 running_loss=0.039762
2026-08-19 19:51:19 | INFO | epoch=063 train_batch=230/435 running_loss=0.039823
2026-08-19 19:51:19 | INFO | epoch=063 train_batch=240/435 running_loss=0.039880
2026-08-19 19:51:20 | INFO | epoch=063 train_batch=250/435 running_loss=0.040150
2026-08-19 19:51:20 | INFO | epoch=063 train_batch=260/435 running_loss=0.040216
2026-08-19 19:51:20 | INFO | epoch=063 train_batch=270/435 running_loss=0.040191
2026-08-19 19:51:20 | INFO | epoch=063 train_batch=280/435 running_loss=0.040292
2026-08-19 19:51:21 | INFO | epoch=063 train_batch=290/435 running_loss=0.040391
2026-08-19 19:51:21 | INFO | epoch=063 train_batch=300/435 running_loss=0.040338
2026-08-19 19:51:21 | INFO | epoch=063 train_batch=310/435 running_loss=0.040351
2026-08-19 19:51:21 | INFO | epoch=063 train_batch=320/435 running_loss=0.040450
2026-08-19 19:51:21 | INFO | epoch=063 train_batch=330/435 running_loss=0.040446
2026-08-19 19:51:22 | INFO | epoch=063 train_batch=340/435 running_loss=0.040414
2026-08-19 19:51:22 | INFO | epoch=063 train_batch=350/435 running_loss=0.040434
2026-08-19 19:51:22 | INFO | epoch=063 train_batch=360/435 running_loss=0.040410
2026-08-19 19:51:22 | INFO | epoch=063 train_batch=370/435 running_loss=0.040475
2026-08-19 19:51:23 | INFO | epoch=063 train_batch=380/435 running_loss=0.040597
2026-08-19 19:51:23 | INFO | epoch=063 train_batch=390/435 running_loss=0.040609
2026-08-19 19:51:23 | INFO | epoch=063 train_batch=400/435 running_loss=0.040606
2026-08-19 19:51:23 | INFO | epoch=063 train_batch=410/435 running_loss=0.040625
2026-08-19 19:51:24 | INFO | epoch=063 train_batch=420/435 running_loss=0.040655
2026-08-19 19:51:24 | INFO | epoch=063 train_batch=430/435 running_loss=0.040756
2026-08-19 19:51:24 | INFO | epoch=063 train_batch=435/435 running_loss=0.040721
2026-08-19 19:51:24 | INFO | epoch=063 train_loss=0.040721 validation_loss=0.116884
2026-08-19 19:51:25 | INFO | epoch=064 train_batch=10/435 running_loss=0.041748
2026-08-19 19:51:25 | INFO | epoch=064 train_batch=20/435 running_loss=0.040390
2026-08-19 19:51:25 | INFO | epoch=064 train_batch=30/435 running_loss=0.040013
2026-08-19 19:51:25 | INFO | epoch=064 train_batch=40/435 running_loss=0.039760
2026-08-19 19:51:26 | INFO | epoch=064 train_batch=50/435 running_loss=0.039753
2026-08-19 19:51:26 | INFO | epoch=064 train_batch=60/435 running_loss=0.039710
2026-08-19 19:51:26 | INFO | epoch=064 train_batch=70/435 running_loss=0.040140
2026-08-19 19:51:26 | INFO | epoch=064 train_batch=80/435 running_loss=0.040373
2026-08-19 19:51:27 | INFO | epoch=064 train_batch=90/435 running_loss=0.040568
2026-08-19 19:51:27 | INFO | epoch=064 train_batch=100/435 running_loss=0.040720
2026-08-19 19:51:27 | INFO | epoch=064 train_batch=110/435 running_loss=0.040527
2026-08-19 19:51:27 | INFO | epoch=064 train_batch=120/435 running_loss=0.040367
2026-08-19 19:51:28 | INFO | epoch=064 train_batch=130/435 running_loss=0.040344
2026-08-19 19:51:28 | INFO | epoch=064 train_batch=140/435 running_loss=0.040610
2026-08-19 19:51:28 | INFO | epoch=064 train_batch=150/435 running_loss=0.040509
2026-08-19 19:51:28 | INFO | epoch=064 train_batch=160/435 running_loss=0.040452
2026-08-19 19:51:29 | INFO | epoch=064 train_batch=170/435 running_loss=0.040201
2026-08-19 19:51:29 | INFO | epoch=064 train_batch=180/435 running_loss=0.040107
2026-08-19 19:51:29 | INFO | epoch=064 train_batch=190/435 running_loss=0.040176
2026-08-19 19:51:29 | INFO | epoch=064 train_batch=200/435 running_loss=0.040149
2026-08-19 19:51:30 | INFO | epoch=064 train_batch=210/435 running_loss=0.040093
2026-08-19 19:51:30 | INFO | epoch=064 train_batch=220/435 running_loss=0.040179
2026-08-19 19:51:30 | INFO | epoch=064 train_batch=230/435 running_loss=0.040224
2026-08-19 19:51:30 | INFO | epoch=064 train_batch=240/435 running_loss=0.040266
2026-08-19 19:51:31 | INFO | epoch=064 train_batch=250/435 running_loss=0.040347
2026-08-19 19:51:31 | INFO | epoch=064 train_batch=260/435 running_loss=0.040271
2026-08-19 19:51:31 | INFO | epoch=064 train_batch=270/435 running_loss=0.040332
2026-08-19 19:51:31 | INFO | epoch=064 train_batch=280/435 running_loss=0.040369
2026-08-19 19:51:32 | INFO | epoch=064 train_batch=290/435 running_loss=0.040486
2026-08-19 19:51:32 | INFO | epoch=064 train_batch=300/435 running_loss=0.040538
2026-08-19 19:51:32 | INFO | epoch=064 train_batch=310/435 running_loss=0.040582
2026-08-19 19:51:32 | INFO | epoch=064 train_batch=320/435 running_loss=0.040601
2026-08-19 19:51:33 | INFO | epoch=064 train_batch=330/435 running_loss=0.040604
2026-08-19 19:51:33 | INFO | epoch=064 train_batch=340/435 running_loss=0.040478
2026-08-19 19:51:33 | INFO | epoch=064 train_batch=350/435 running_loss=0.040546
2026-08-19 19:51:33 | INFO | epoch=064 train_batch=360/435 running_loss=0.040533
2026-08-19 19:51:34 | INFO | epoch=064 train_batch=370/435 running_loss=0.040501
2026-08-19 19:51:34 | INFO | epoch=064 train_batch=380/435 running_loss=0.040493
2026-08-19 19:51:34 | INFO | epoch=064 train_batch=390/435 running_loss=0.040467
2026-08-19 19:51:34 | INFO | epoch=064 train_batch=400/435 running_loss=0.040422
2026-08-19 19:51:35 | INFO | epoch=064 train_batch=410/435 running_loss=0.040474
2026-08-19 19:51:35 | INFO | epoch=064 train_batch=420/435 running_loss=0.040499
2026-08-19 19:51:35 | INFO | epoch=064 train_batch=430/435 running_loss=0.040498
2026-08-19 19:51:35 | INFO | epoch=064 train_batch=435/435 running_loss=0.040503
2026-08-19 19:51:35 | INFO | epoch=064 train_loss=0.040503 validation_loss=0.115600
2026-08-19 19:51:36 | INFO | epoch=065 train_batch=10/435 running_loss=0.038772
2026-08-19 19:51:36 | INFO | epoch=065 train_batch=20/435 running_loss=0.041163
2026-08-19 19:51:36 | INFO | epoch=065 train_batch=30/435 running_loss=0.041236
2026-08-19 19:51:36 | INFO | epoch=065 train_batch=40/435 running_loss=0.040666
2026-08-19 19:51:37 | INFO | epoch=065 train_batch=50/435 running_loss=0.040479
2026-08-19 19:51:37 | INFO | epoch=065 train_batch=60/435 running_loss=0.040644
2026-08-19 19:51:37 | INFO | epoch=065 train_batch=70/435 running_loss=0.040039
2026-08-19 19:51:37 | INFO | epoch=065 train_batch=80/435 running_loss=0.040065
2026-08-19 19:51:38 | INFO | epoch=065 train_batch=90/435 running_loss=0.039655
2026-08-19 19:51:38 | INFO | epoch=065 train_batch=100/435 running_loss=0.039713
2026-08-19 19:51:38 | INFO | epoch=065 train_batch=110/435 running_loss=0.039928
2026-08-19 19:51:38 | INFO | epoch=065 train_batch=120/435 running_loss=0.040166
2026-08-19 19:51:39 | INFO | epoch=065 train_batch=130/435 running_loss=0.040083
2026-08-19 19:51:39 | INFO | epoch=065 train_batch=140/435 running_loss=0.039934
2026-08-19 19:51:39 | INFO | epoch=065 train_batch=150/435 running_loss=0.040037
2026-08-19 19:51:39 | INFO | epoch=065 train_batch=160/435 running_loss=0.040064
2026-08-19 19:51:40 | INFO | epoch=065 train_batch=170/435 running_loss=0.040206
2026-08-19 19:51:40 | INFO | epoch=065 train_batch=180/435 running_loss=0.040061
2026-08-19 19:51:40 | INFO | epoch=065 train_batch=190/435 running_loss=0.040189
2026-08-19 19:51:40 | INFO | epoch=065 train_batch=200/435 running_loss=0.040252
2026-08-19 19:51:41 | INFO | epoch=065 train_batch=210/435 running_loss=0.040140
2026-08-19 19:51:41 | INFO | epoch=065 train_batch=220/435 running_loss=0.040130
2026-08-19 19:51:41 | INFO | epoch=065 train_batch=230/435 running_loss=0.040254
2026-08-19 19:51:41 | INFO | epoch=065 train_batch=240/435 running_loss=0.040359
2026-08-19 19:51:42 | INFO | epoch=065 train_batch=250/435 running_loss=0.040354
2026-08-19 19:51:42 | INFO | epoch=065 train_batch=260/435 running_loss=0.040334
2026-08-19 19:51:42 | INFO | epoch=065 train_batch=270/435 running_loss=0.040319
2026-08-19 19:51:42 | INFO | epoch=065 train_batch=280/435 running_loss=0.040223
2026-08-19 19:51:43 | INFO | epoch=065 train_batch=290/435 running_loss=0.040263
2026-08-19 19:51:43 | INFO | epoch=065 train_batch=300/435 running_loss=0.040281
2026-08-19 19:51:43 | INFO | epoch=065 train_batch=310/435 running_loss=0.040308
2026-08-19 19:51:44 | INFO | epoch=065 train_batch=320/435 running_loss=0.040315
2026-08-19 19:51:44 | INFO | epoch=065 train_batch=330/435 running_loss=0.040243
2026-08-19 19:51:44 | INFO | epoch=065 train_batch=340/435 running_loss=0.040318
2026-08-19 19:51:44 | INFO | epoch=065 train_batch=350/435 running_loss=0.040257
2026-08-19 19:51:45 | INFO | epoch=065 train_batch=360/435 running_loss=0.040229
2026-08-19 19:51:45 | INFO | epoch=065 train_batch=370/435 running_loss=0.040286
2026-08-19 19:51:45 | INFO | epoch=065 train_batch=380/435 running_loss=0.040260
2026-08-19 19:51:45 | INFO | epoch=065 train_batch=390/435 running_loss=0.040261
2026-08-19 19:51:46 | INFO | epoch=065 train_batch=400/435 running_loss=0.040243
2026-08-19 19:51:46 | INFO | epoch=065 train_batch=410/435 running_loss=0.040205
2026-08-19 19:51:46 | INFO | epoch=065 train_batch=420/435 running_loss=0.040182
2026-08-19 19:51:46 | INFO | epoch=065 train_batch=430/435 running_loss=0.040237
2026-08-19 19:51:46 | INFO | epoch=065 train_batch=435/435 running_loss=0.040219
2026-08-19 19:51:47 | INFO | epoch=065 train_loss=0.040219 validation_loss=0.115847
2026-08-19 19:51:47 | INFO | epoch=066 train_batch=10/435 running_loss=0.041535
2026-08-19 19:51:47 | INFO | epoch=066 train_batch=20/435 running_loss=0.041223
2026-08-19 19:51:47 | INFO | epoch=066 train_batch=30/435 running_loss=0.040456
2026-08-19 19:51:48 | INFO | epoch=066 train_batch=40/435 running_loss=0.040055
2026-08-19 19:51:48 | INFO | epoch=066 train_batch=50/435 running_loss=0.040343
2026-08-19 19:51:48 | INFO | epoch=066 train_batch=60/435 running_loss=0.040069
2026-08-19 19:51:48 | INFO | epoch=066 train_batch=70/435 running_loss=0.040775
2026-08-19 19:51:49 | INFO | epoch=066 train_batch=80/435 running_loss=0.040716
2026-08-19 19:51:49 | INFO | epoch=066 train_batch=90/435 running_loss=0.040934
2026-08-19 19:51:49 | INFO | epoch=066 train_batch=100/435 running_loss=0.040477
2026-08-19 19:51:50 | INFO | epoch=066 train_batch=110/435 running_loss=0.040279
2026-08-19 19:51:50 | INFO | epoch=066 train_batch=120/435 running_loss=0.040142
2026-08-19 19:51:50 | INFO | epoch=066 train_batch=130/435 running_loss=0.040339
2026-08-19 19:51:50 | INFO | epoch=066 train_batch=140/435 running_loss=0.040269
2026-08-19 19:51:51 | INFO | epoch=066 train_batch=150/435 running_loss=0.040099
2026-08-19 19:51:51 | INFO | epoch=066 train_batch=160/435 running_loss=0.040077
2026-08-19 19:51:51 | INFO | epoch=066 train_batch=170/435 running_loss=0.040055
2026-08-19 19:51:51 | INFO | epoch=066 train_batch=180/435 running_loss=0.040116
2026-08-19 19:51:52 | INFO | epoch=066 train_batch=190/435 running_loss=0.040148
2026-08-19 19:51:52 | INFO | epoch=066 train_batch=200/435 running_loss=0.040220
2026-08-19 19:51:52 | INFO | epoch=066 train_batch=210/435 running_loss=0.040270
2026-08-19 19:51:52 | INFO | epoch=066 train_batch=220/435 running_loss=0.040370
2026-08-19 19:51:53 | INFO | epoch=066 train_batch=230/435 running_loss=0.040380
2026-08-19 19:51:53 | INFO | epoch=066 train_batch=240/435 running_loss=0.040391
2026-08-19 19:51:53 | INFO | epoch=066 train_batch=250/435 running_loss=0.040355
2026-08-19 19:51:53 | INFO | epoch=066 train_batch=260/435 running_loss=0.040309
2026-08-19 19:51:54 | INFO | epoch=066 train_batch=270/435 running_loss=0.040281
2026-08-19 19:51:54 | INFO | epoch=066 train_batch=280/435 running_loss=0.040342
2026-08-19 19:51:54 | INFO | epoch=066 train_batch=290/435 running_loss=0.040392
2026-08-19 19:51:54 | INFO | epoch=066 train_batch=300/435 running_loss=0.040456
2026-08-19 19:51:55 | INFO | epoch=066 train_batch=310/435 running_loss=0.040441
2026-08-19 19:51:55 | INFO | epoch=066 train_batch=320/435 running_loss=0.040408
2026-08-19 19:51:55 | INFO | epoch=066 train_batch=330/435 running_loss=0.040324
2026-08-19 19:51:56 | INFO | epoch=066 train_batch=340/435 running_loss=0.040309
2026-08-19 19:51:56 | INFO | epoch=066 train_batch=350/435 running_loss=0.040304
2026-08-19 19:51:56 | INFO | epoch=066 train_batch=360/435 running_loss=0.040342
2026-08-19 19:51:56 | INFO | epoch=066 train_batch=370/435 running_loss=0.040460
2026-08-19 19:51:57 | INFO | epoch=066 train_batch=380/435 running_loss=0.040465
2026-08-19 19:51:57 | INFO | epoch=066 train_batch=390/435 running_loss=0.040486
2026-08-19 19:51:57 | INFO | epoch=066 train_batch=400/435 running_loss=0.040417
2026-08-19 19:51:57 | INFO | epoch=066 train_batch=410/435 running_loss=0.040509
2026-08-19 19:51:58 | INFO | epoch=066 train_batch=420/435 running_loss=0.040527
2026-08-19 19:51:58 | INFO | epoch=066 train_batch=430/435 running_loss=0.040563
2026-08-19 19:51:58 | INFO | epoch=066 train_batch=435/435 running_loss=0.040570
2026-08-19 19:51:58 | INFO | epoch=066 train_loss=0.040570 validation_loss=0.115201
2026-08-19 19:51:58 | INFO | epoch=066 saved new best.pt
2026-08-19 19:51:59 | INFO | epoch=067 train_batch=10/435 running_loss=0.039272
2026-08-19 19:51:59 | INFO | epoch=067 train_batch=20/435 running_loss=0.039994
2026-08-19 19:51:59 | INFO | epoch=067 train_batch=30/435 running_loss=0.040729
2026-08-19 19:51:59 | INFO | epoch=067 train_batch=40/435 running_loss=0.040683
2026-08-19 19:52:00 | INFO | epoch=067 train_batch=50/435 running_loss=0.040282
2026-08-19 19:52:00 | INFO | epoch=067 train_batch=60/435 running_loss=0.040645
2026-08-19 19:52:00 | INFO | epoch=067 train_batch=70/435 running_loss=0.040679
2026-08-19 19:52:00 | INFO | epoch=067 train_batch=80/435 running_loss=0.040445
2026-08-19 19:52:01 | INFO | epoch=067 train_batch=90/435 running_loss=0.040417
2026-08-19 19:52:01 | INFO | epoch=067 train_batch=100/435 running_loss=0.040222
2026-08-19 19:52:01 | INFO | epoch=067 train_batch=110/435 running_loss=0.040033
2026-08-19 19:52:01 | INFO | epoch=067 train_batch=120/435 running_loss=0.040201
2026-08-19 19:52:02 | INFO | epoch=067 train_batch=130/435 running_loss=0.040397
2026-08-19 19:52:02 | INFO | epoch=067 train_batch=140/435 running_loss=0.040341
2026-08-19 19:52:02 | INFO | epoch=067 train_batch=150/435 running_loss=0.040528
2026-08-19 19:52:02 | INFO | epoch=067 train_batch=160/435 running_loss=0.040376
2026-08-19 19:52:03 | INFO | epoch=067 train_batch=170/435 running_loss=0.040281
2026-08-19 19:52:03 | INFO | epoch=067 train_batch=180/435 running_loss=0.040419
2026-08-19 19:52:03 | INFO | epoch=067 train_batch=190/435 running_loss=0.040269
2026-08-19 19:52:03 | INFO | epoch=067 train_batch=200/435 running_loss=0.040119
2026-08-19 19:52:04 | INFO | epoch=067 train_batch=210/435 running_loss=0.040078
2026-08-19 19:52:04 | INFO | epoch=067 train_batch=220/435 running_loss=0.040073
2026-08-19 19:52:04 | INFO | epoch=067 train_batch=230/435 running_loss=0.040096
2026-08-19 19:52:04 | INFO | epoch=067 train_batch=240/435 running_loss=0.040119
2026-08-19 19:52:05 | INFO | epoch=067 train_batch=250/435 running_loss=0.040135
2026-08-19 19:52:05 | INFO | epoch=067 train_batch=260/435 running_loss=0.040139
2026-08-19 19:52:05 | INFO | epoch=067 train_batch=270/435 running_loss=0.040179
2026-08-19 19:52:05 | INFO | epoch=067 train_batch=280/435 running_loss=0.040157
2026-08-19 19:52:06 | INFO | epoch=067 train_batch=290/435 running_loss=0.040125
2026-08-19 19:52:06 | INFO | epoch=067 train_batch=300/435 running_loss=0.040179
2026-08-19 19:52:06 | INFO | epoch=067 train_batch=310/435 running_loss=0.040242
2026-08-19 19:52:06 | INFO | epoch=067 train_batch=320/435 running_loss=0.040258
2026-08-19 19:52:07 | INFO | epoch=067 train_batch=330/435 running_loss=0.040283
2026-08-19 19:52:07 | INFO | epoch=067 train_batch=340/435 running_loss=0.040215
2026-08-19 19:52:07 | INFO | epoch=067 train_batch=350/435 running_loss=0.040245
2026-08-19 19:52:07 | INFO | epoch=067 train_batch=360/435 running_loss=0.040256
2026-08-19 19:52:08 | INFO | epoch=067 train_batch=370/435 running_loss=0.040209
2026-08-19 19:52:08 | INFO | epoch=067 train_batch=380/435 running_loss=0.040286
2026-08-19 19:52:08 | INFO | epoch=067 train_batch=390/435 running_loss=0.040332
2026-08-19 19:52:08 | INFO | epoch=067 train_batch=400/435 running_loss=0.040399
2026-08-19 19:52:09 | INFO | epoch=067 train_batch=410/435 running_loss=0.040320
2026-08-19 19:52:09 | INFO | epoch=067 train_batch=420/435 running_loss=0.040236
2026-08-19 19:52:09 | INFO | epoch=067 train_batch=430/435 running_loss=0.040235
2026-08-19 19:52:09 | INFO | epoch=067 train_batch=435/435 running_loss=0.040204
2026-08-19 19:52:09 | INFO | epoch=067 train_loss=0.040204 validation_loss=0.114517
2026-08-19 19:52:09 | INFO | epoch=067 saved new best.pt
2026-08-19 19:52:10 | INFO | epoch=068 train_batch=10/435 running_loss=0.036352
2026-08-19 19:52:10 | INFO | epoch=068 train_batch=20/435 running_loss=0.038805
2026-08-19 19:52:10 | INFO | epoch=068 train_batch=30/435 running_loss=0.037396
2026-08-19 19:52:10 | INFO | epoch=068 train_batch=40/435 running_loss=0.037981
2026-08-19 19:52:11 | INFO | epoch=068 train_batch=50/435 running_loss=0.038970
2026-08-19 19:52:11 | INFO | epoch=068 train_batch=60/435 running_loss=0.038917
2026-08-19 19:52:11 | INFO | epoch=068 train_batch=70/435 running_loss=0.039129
2026-08-19 19:52:12 | INFO | epoch=068 train_batch=80/435 running_loss=0.038910
2026-08-19 19:52:12 | INFO | epoch=068 train_batch=90/435 running_loss=0.038750
2026-08-19 19:52:12 | INFO | epoch=068 train_batch=100/435 running_loss=0.038929
2026-08-19 19:52:12 | INFO | epoch=068 train_batch=110/435 running_loss=0.038896
2026-08-19 19:52:13 | INFO | epoch=068 train_batch=120/435 running_loss=0.038526
2026-08-19 19:52:13 | INFO | epoch=068 train_batch=130/435 running_loss=0.038740
2026-08-19 19:52:13 | INFO | epoch=068 train_batch=140/435 running_loss=0.038806
2026-08-19 19:52:13 | INFO | epoch=068 train_batch=150/435 running_loss=0.038881
2026-08-19 19:52:14 | INFO | epoch=068 train_batch=160/435 running_loss=0.039007
2026-08-19 19:52:14 | INFO | epoch=068 train_batch=170/435 running_loss=0.039276
2026-08-19 19:52:14 | INFO | epoch=068 train_batch=180/435 running_loss=0.039491
2026-08-19 19:52:14 | INFO | epoch=068 train_batch=190/435 running_loss=0.039647
2026-08-19 19:52:15 | INFO | epoch=068 train_batch=200/435 running_loss=0.039703
2026-08-19 19:52:15 | INFO | epoch=068 train_batch=210/435 running_loss=0.039679
2026-08-19 19:52:15 | INFO | epoch=068 train_batch=220/435 running_loss=0.039671
2026-08-19 19:52:15 | INFO | epoch=068 train_batch=230/435 running_loss=0.039798
2026-08-19 19:52:16 | INFO | epoch=068 train_batch=240/435 running_loss=0.039936
2026-08-19 19:52:16 | INFO | epoch=068 train_batch=250/435 running_loss=0.040011
2026-08-19 19:52:16 | INFO | epoch=068 train_batch=260/435 running_loss=0.040052
2026-08-19 19:52:16 | INFO | epoch=068 train_batch=270/435 running_loss=0.040056
2026-08-19 19:52:17 | INFO | epoch=068 train_batch=280/435 running_loss=0.040240
2026-08-19 19:52:17 | INFO | epoch=068 train_batch=290/435 running_loss=0.040165
2026-08-19 19:52:17 | INFO | epoch=068 train_batch=300/435 running_loss=0.040153
2026-08-19 19:52:17 | INFO | epoch=068 train_batch=310/435 running_loss=0.040074
2026-08-19 19:52:18 | INFO | epoch=068 train_batch=320/435 running_loss=0.040171
2026-08-19 19:52:18 | INFO | epoch=068 train_batch=330/435 running_loss=0.040205
2026-08-19 19:52:18 | INFO | epoch=068 train_batch=340/435 running_loss=0.040232
2026-08-19 19:52:18 | INFO | epoch=068 train_batch=350/435 running_loss=0.040250
2026-08-19 19:52:19 | INFO | epoch=068 train_batch=360/435 running_loss=0.040254
2026-08-19 19:52:19 | INFO | epoch=068 train_batch=370/435 running_loss=0.040252
2026-08-19 19:52:19 | INFO | epoch=068 train_batch=380/435 running_loss=0.040275
2026-08-19 19:52:19 | INFO | epoch=068 train_batch=390/435 running_loss=0.040242
2026-08-19 19:52:20 | INFO | epoch=068 train_batch=400/435 running_loss=0.040201
2026-08-19 19:52:20 | INFO | epoch=068 train_batch=410/435 running_loss=0.040133
2026-08-19 19:52:20 | INFO | epoch=068 train_batch=420/435 running_loss=0.040128
2026-08-19 19:52:20 | INFO | epoch=068 train_batch=430/435 running_loss=0.040145
2026-08-19 19:52:20 | INFO | epoch=068 train_batch=435/435 running_loss=0.040170
2026-08-19 19:52:21 | INFO | epoch=068 train_loss=0.040170 validation_loss=0.115769
2026-08-19 19:52:21 | INFO | epoch=069 train_batch=10/435 running_loss=0.039998
2026-08-19 19:52:21 | INFO | epoch=069 train_batch=20/435 running_loss=0.041801
2026-08-19 19:52:21 | INFO | epoch=069 train_batch=30/435 running_loss=0.040927
2026-08-19 19:52:22 | INFO | epoch=069 train_batch=40/435 running_loss=0.040307
2026-08-19 19:52:22 | INFO | epoch=069 train_batch=50/435 running_loss=0.040336
2026-08-19 19:52:22 | INFO | epoch=069 train_batch=60/435 running_loss=0.040096
2026-08-19 19:52:22 | INFO | epoch=069 train_batch=70/435 running_loss=0.039680
2026-08-19 19:52:23 | INFO | epoch=069 train_batch=80/435 running_loss=0.039636
2026-08-19 19:52:23 | INFO | epoch=069 train_batch=90/435 running_loss=0.039728
2026-08-19 19:52:23 | INFO | epoch=069 train_batch=100/435 running_loss=0.039698
2026-08-19 19:52:23 | INFO | epoch=069 train_batch=110/435 running_loss=0.039926
2026-08-19 19:52:24 | INFO | epoch=069 train_batch=120/435 running_loss=0.040048
2026-08-19 19:52:24 | INFO | epoch=069 train_batch=130/435 running_loss=0.039851
2026-08-19 19:52:24 | INFO | epoch=069 train_batch=140/435 running_loss=0.039656
2026-08-19 19:52:24 | INFO | epoch=069 train_batch=150/435 running_loss=0.039508
2026-08-19 19:52:25 | INFO | epoch=069 train_batch=160/435 running_loss=0.039442
2026-08-19 19:52:25 | INFO | epoch=069 train_batch=170/435 running_loss=0.039469
2026-08-19 19:52:25 | INFO | epoch=069 train_batch=180/435 running_loss=0.039545
2026-08-19 19:52:25 | INFO | epoch=069 train_batch=190/435 running_loss=0.039618
2026-08-19 19:52:26 | INFO | epoch=069 train_batch=200/435 running_loss=0.039520
2026-08-19 19:52:26 | INFO | epoch=069 train_batch=210/435 running_loss=0.039562
2026-08-19 19:52:26 | INFO | epoch=069 train_batch=220/435 running_loss=0.039635
2026-08-19 19:52:26 | INFO | epoch=069 train_batch=230/435 running_loss=0.039673
2026-08-19 19:52:27 | INFO | epoch=069 train_batch=240/435 running_loss=0.039797
2026-08-19 19:52:27 | INFO | epoch=069 train_batch=250/435 running_loss=0.039883
2026-08-19 19:52:27 | INFO | epoch=069 train_batch=260/435 running_loss=0.039984
2026-08-19 19:52:27 | INFO | epoch=069 train_batch=270/435 running_loss=0.039928
2026-08-19 19:52:28 | INFO | epoch=069 train_batch=280/435 running_loss=0.039986
2026-08-19 19:52:28 | INFO | epoch=069 train_batch=290/435 running_loss=0.039962
2026-08-19 19:52:28 | INFO | epoch=069 train_batch=300/435 running_loss=0.039913
2026-08-19 19:52:28 | INFO | epoch=069 train_batch=310/435 running_loss=0.039947
2026-08-19 19:52:29 | INFO | epoch=069 train_batch=320/435 running_loss=0.039808
2026-08-19 19:52:29 | INFO | epoch=069 train_batch=330/435 running_loss=0.039806
2026-08-19 19:52:29 | INFO | epoch=069 train_batch=340/435 running_loss=0.039871
2026-08-19 19:52:29 | INFO | epoch=069 train_batch=350/435 running_loss=0.039859
2026-08-19 19:52:30 | INFO | epoch=069 train_batch=360/435 running_loss=0.039862
2026-08-19 19:52:30 | INFO | epoch=069 train_batch=370/435 running_loss=0.039913
2026-08-19 19:52:30 | INFO | epoch=069 train_batch=380/435 running_loss=0.039944
2026-08-19 19:52:30 | INFO | epoch=069 train_batch=390/435 running_loss=0.039970
2026-08-19 19:52:31 | INFO | epoch=069 train_batch=400/435 running_loss=0.039969
2026-08-19 19:52:31 | INFO | epoch=069 train_batch=410/435 running_loss=0.039987
2026-08-19 19:52:31 | INFO | epoch=069 train_batch=420/435 running_loss=0.039899
2026-08-19 19:52:31 | INFO | epoch=069 train_batch=430/435 running_loss=0.039927
2026-08-19 19:52:31 | INFO | epoch=069 train_batch=435/435 running_loss=0.039918
2026-08-19 19:52:32 | INFO | epoch=069 train_loss=0.039918 validation_loss=0.116428
2026-08-19 19:52:32 | INFO | epoch=070 train_batch=10/435 running_loss=0.038382
2026-08-19 19:52:32 | INFO | epoch=070 train_batch=20/435 running_loss=0.038656
2026-08-19 19:52:32 | INFO | epoch=070 train_batch=30/435 running_loss=0.037950
2026-08-19 19:52:33 | INFO | epoch=070 train_batch=40/435 running_loss=0.038349
2026-08-19 19:52:33 | INFO | epoch=070 train_batch=50/435 running_loss=0.038578
2026-08-19 19:52:33 | INFO | epoch=070 train_batch=60/435 running_loss=0.038759
2026-08-19 19:52:33 | INFO | epoch=070 train_batch=70/435 running_loss=0.039432
2026-08-19 19:52:34 | INFO | epoch=070 train_batch=80/435 running_loss=0.039388
2026-08-19 19:52:34 | INFO | epoch=070 train_batch=90/435 running_loss=0.039508
2026-08-19 19:52:34 | INFO | epoch=070 train_batch=100/435 running_loss=0.039090
2026-08-19 19:52:34 | INFO | epoch=070 train_batch=110/435 running_loss=0.039546
2026-08-19 19:52:35 | INFO | epoch=070 train_batch=120/435 running_loss=0.039518
2026-08-19 19:52:35 | INFO | epoch=070 train_batch=130/435 running_loss=0.039554
2026-08-19 19:52:35 | INFO | epoch=070 train_batch=140/435 running_loss=0.039348
2026-08-19 19:52:35 | INFO | epoch=070 train_batch=150/435 running_loss=0.039483
2026-08-19 19:52:36 | INFO | epoch=070 train_batch=160/435 running_loss=0.039413
2026-08-19 19:52:36 | INFO | epoch=070 train_batch=170/435 running_loss=0.039497
2026-08-19 19:52:36 | INFO | epoch=070 train_batch=180/435 running_loss=0.039486
2026-08-19 19:52:37 | INFO | epoch=070 train_batch=190/435 running_loss=0.039528
2026-08-19 19:52:37 | INFO | epoch=070 train_batch=200/435 running_loss=0.039648
2026-08-19 19:52:37 | INFO | epoch=070 train_batch=210/435 running_loss=0.039481
2026-08-19 19:52:37 | INFO | epoch=070 train_batch=220/435 running_loss=0.039492
2026-08-19 19:52:38 | INFO | epoch=070 train_batch=230/435 running_loss=0.039564
2026-08-19 19:52:38 | INFO | epoch=070 train_batch=240/435 running_loss=0.039631
2026-08-19 19:52:38 | INFO | epoch=070 train_batch=250/435 running_loss=0.039704
2026-08-19 19:52:38 | INFO | epoch=070 train_batch=260/435 running_loss=0.039591
2026-08-19 19:52:39 | INFO | epoch=070 train_batch=270/435 running_loss=0.039642
2026-08-19 19:52:39 | INFO | epoch=070 train_batch=280/435 running_loss=0.039729
2026-08-19 19:52:39 | INFO | epoch=070 train_batch=290/435 running_loss=0.039652
2026-08-19 19:52:39 | INFO | epoch=070 train_batch=300/435 running_loss=0.039617
2026-08-19 19:52:40 | INFO | epoch=070 train_batch=310/435 running_loss=0.039668
2026-08-19 19:52:40 | INFO | epoch=070 train_batch=320/435 running_loss=0.039740
2026-08-19 19:52:40 | INFO | epoch=070 train_batch=330/435 running_loss=0.039796
2026-08-19 19:52:40 | INFO | epoch=070 train_batch=340/435 running_loss=0.039830
2026-08-19 19:52:41 | INFO | epoch=070 train_batch=350/435 running_loss=0.039849
2026-08-19 19:52:41 | INFO | epoch=070 train_batch=360/435 running_loss=0.039896
2026-08-19 19:52:41 | INFO | epoch=070 train_batch=370/435 running_loss=0.039996
2026-08-19 19:52:41 | INFO | epoch=070 train_batch=380/435 running_loss=0.039968
2026-08-19 19:52:42 | INFO | epoch=070 train_batch=390/435 running_loss=0.040016
2026-08-19 19:52:42 | INFO | epoch=070 train_batch=400/435 running_loss=0.040033
2026-08-19 19:52:42 | INFO | epoch=070 train_batch=410/435 running_loss=0.040063
2026-08-19 19:52:42 | INFO | epoch=070 train_batch=420/435 running_loss=0.040113
2026-08-19 19:52:42 | INFO | epoch=070 train_batch=430/435 running_loss=0.040061
2026-08-19 19:52:43 | INFO | epoch=070 train_batch=435/435 running_loss=0.040012
2026-08-19 19:52:43 | INFO | epoch=070 train_loss=0.040012 validation_loss=0.116102
2026-08-19 19:52:43 | INFO | epoch=071 train_batch=10/435 running_loss=0.038956
2026-08-19 19:52:43 | INFO | epoch=071 train_batch=20/435 running_loss=0.039151
2026-08-19 19:52:44 | INFO | epoch=071 train_batch=30/435 running_loss=0.040072
2026-08-19 19:52:44 | INFO | epoch=071 train_batch=40/435 running_loss=0.040432
2026-08-19 19:52:44 | INFO | epoch=071 train_batch=50/435 running_loss=0.041174
2026-08-19 19:52:44 | INFO | epoch=071 train_batch=60/435 running_loss=0.040691
2026-08-19 19:52:45 | INFO | epoch=071 train_batch=70/435 running_loss=0.040634
2026-08-19 19:52:45 | INFO | epoch=071 train_batch=80/435 running_loss=0.040279
2026-08-19 19:52:45 | INFO | epoch=071 train_batch=90/435 running_loss=0.040069
2026-08-19 19:52:45 | INFO | epoch=071 train_batch=100/435 running_loss=0.040118
2026-08-19 19:52:46 | INFO | epoch=071 train_batch=110/435 running_loss=0.039874
2026-08-19 19:52:46 | INFO | epoch=071 train_batch=120/435 running_loss=0.039587
2026-08-19 19:52:46 | INFO | epoch=071 train_batch=130/435 running_loss=0.039652
2026-08-19 19:52:46 | INFO | epoch=071 train_batch=140/435 running_loss=0.039697
2026-08-19 19:52:47 | INFO | epoch=071 train_batch=150/435 running_loss=0.039821
2026-08-19 19:52:47 | INFO | epoch=071 train_batch=160/435 running_loss=0.040010
2026-08-19 19:52:47 | INFO | epoch=071 train_batch=170/435 running_loss=0.039959
2026-08-19 19:52:47 | INFO | epoch=071 train_batch=180/435 running_loss=0.039652
2026-08-19 19:52:48 | INFO | epoch=071 train_batch=190/435 running_loss=0.039737
2026-08-19 19:52:48 | INFO | epoch=071 train_batch=200/435 running_loss=0.039713
2026-08-19 19:52:48 | INFO | epoch=071 train_batch=210/435 running_loss=0.039643
2026-08-19 19:52:48 | INFO | epoch=071 train_batch=220/435 running_loss=0.039537
2026-08-19 19:52:49 | INFO | epoch=071 train_batch=230/435 running_loss=0.039703
2026-08-19 19:52:49 | INFO | epoch=071 train_batch=240/435 running_loss=0.039693
2026-08-19 19:52:49 | INFO | epoch=071 train_batch=250/435 running_loss=0.039732
2026-08-19 19:52:49 | INFO | epoch=071 train_batch=260/435 running_loss=0.039776
2026-08-19 19:52:50 | INFO | epoch=071 train_batch=270/435 running_loss=0.039706
2026-08-19 19:52:50 | INFO | epoch=071 train_batch=280/435 running_loss=0.039727
2026-08-19 19:52:50 | INFO | epoch=071 train_batch=290/435 running_loss=0.039669
2026-08-19 19:52:50 | INFO | epoch=071 train_batch=300/435 running_loss=0.039633
2026-08-19 19:52:51 | INFO | epoch=071 train_batch=310/435 running_loss=0.039614
2026-08-19 19:52:51 | INFO | epoch=071 train_batch=320/435 running_loss=0.039560
2026-08-19 19:52:51 | INFO | epoch=071 train_batch=330/435 running_loss=0.039537
2026-08-19 19:52:51 | INFO | epoch=071 train_batch=340/435 running_loss=0.039520
2026-08-19 19:52:52 | INFO | epoch=071 train_batch=350/435 running_loss=0.039531
2026-08-19 19:52:52 | INFO | epoch=071 train_batch=360/435 running_loss=0.039446
2026-08-19 19:52:52 | INFO | epoch=071 train_batch=370/435 running_loss=0.039429
2026-08-19 19:52:52 | INFO | epoch=071 train_batch=380/435 running_loss=0.039463
2026-08-19 19:52:53 | INFO | epoch=071 train_batch=390/435 running_loss=0.039522
2026-08-19 19:52:53 | INFO | epoch=071 train_batch=400/435 running_loss=0.039507
2026-08-19 19:52:53 | INFO | epoch=071 train_batch=410/435 running_loss=0.039628
2026-08-19 19:52:53 | INFO | epoch=071 train_batch=420/435 running_loss=0.039654
2026-08-19 19:52:53 | INFO | epoch=071 train_batch=430/435 running_loss=0.039625
2026-08-19 19:52:54 | INFO | epoch=071 train_batch=435/435 running_loss=0.039617
2026-08-19 19:52:54 | INFO | epoch=071 train_loss=0.039617 validation_loss=0.116301
2026-08-19 19:52:54 | INFO | epoch=072 train_batch=10/435 running_loss=0.040010
2026-08-19 19:52:54 | INFO | epoch=072 train_batch=20/435 running_loss=0.041164
2026-08-19 19:52:55 | INFO | epoch=072 train_batch=30/435 running_loss=0.040191
2026-08-19 19:52:55 | INFO | epoch=072 train_batch=40/435 running_loss=0.039686
2026-08-19 19:52:55 | INFO | epoch=072 train_batch=50/435 running_loss=0.039425
2026-08-19 19:52:55 | INFO | epoch=072 train_batch=60/435 running_loss=0.039471
2026-08-19 19:52:56 | INFO | epoch=072 train_batch=70/435 running_loss=0.039495
2026-08-19 19:52:56 | INFO | epoch=072 train_batch=80/435 running_loss=0.039329
2026-08-19 19:52:56 | INFO | epoch=072 train_batch=90/435 running_loss=0.039631
2026-08-19 19:52:56 | INFO | epoch=072 train_batch=100/435 running_loss=0.039531
2026-08-19 19:52:57 | INFO | epoch=072 train_batch=110/435 running_loss=0.039319
2026-08-19 19:52:57 | INFO | epoch=072 train_batch=120/435 running_loss=0.039348
2026-08-19 19:52:57 | INFO | epoch=072 train_batch=130/435 running_loss=0.039164
2026-08-19 19:52:57 | INFO | epoch=072 train_batch=140/435 running_loss=0.039060
2026-08-19 19:52:58 | INFO | epoch=072 train_batch=150/435 running_loss=0.039384
2026-08-19 19:52:58 | INFO | epoch=072 train_batch=160/435 running_loss=0.039310
2026-08-19 19:52:58 | INFO | epoch=072 train_batch=170/435 running_loss=0.039237
2026-08-19 19:52:58 | INFO | epoch=072 train_batch=180/435 running_loss=0.039146
2026-08-19 19:52:58 | INFO | epoch=072 train_batch=190/435 running_loss=0.039222
2026-08-19 19:52:59 | INFO | epoch=072 train_batch=200/435 running_loss=0.039395
2026-08-19 19:52:59 | INFO | epoch=072 train_batch=210/435 running_loss=0.039479
2026-08-19 19:52:59 | INFO | epoch=072 train_batch=220/435 running_loss=0.039409
2026-08-19 19:52:59 | INFO | epoch=072 train_batch=230/435 running_loss=0.039444
2026-08-19 19:53:00 | INFO | epoch=072 train_batch=240/435 running_loss=0.039442
2026-08-19 19:53:00 | INFO | epoch=072 train_batch=250/435 running_loss=0.039513
2026-08-19 19:53:00 | INFO | epoch=072 train_batch=260/435 running_loss=0.039551
2026-08-19 19:53:00 | INFO | epoch=072 train_batch=270/435 running_loss=0.039585
2026-08-19 19:53:01 | INFO | epoch=072 train_batch=280/435 running_loss=0.039511
2026-08-19 19:53:01 | INFO | epoch=072 train_batch=290/435 running_loss=0.039428
2026-08-19 19:53:01 | INFO | epoch=072 train_batch=300/435 running_loss=0.039472
2026-08-19 19:53:01 | INFO | epoch=072 train_batch=310/435 running_loss=0.039674
2026-08-19 19:53:02 | INFO | epoch=072 train_batch=320/435 running_loss=0.039754
2026-08-19 19:53:02 | INFO | epoch=072 train_batch=330/435 running_loss=0.039682
2026-08-19 19:53:02 | INFO | epoch=072 train_batch=340/435 running_loss=0.039621
2026-08-19 19:53:02 | INFO | epoch=072 train_batch=350/435 running_loss=0.039577
2026-08-19 19:53:03 | INFO | epoch=072 train_batch=360/435 running_loss=0.039608
2026-08-19 19:53:03 | INFO | epoch=072 train_batch=370/435 running_loss=0.039581
2026-08-19 19:53:03 | INFO | epoch=072 train_batch=380/435 running_loss=0.039580
2026-08-19 19:53:03 | INFO | epoch=072 train_batch=390/435 running_loss=0.039638
2026-08-19 19:53:04 | INFO | epoch=072 train_batch=400/435 running_loss=0.039632
2026-08-19 19:53:04 | INFO | epoch=072 train_batch=410/435 running_loss=0.039720
2026-08-19 19:53:04 | INFO | epoch=072 train_batch=420/435 running_loss=0.039643
2026-08-19 19:53:04 | INFO | epoch=072 train_batch=430/435 running_loss=0.039604
2026-08-19 19:53:05 | INFO | epoch=072 train_batch=435/435 running_loss=0.039631
2026-08-19 19:53:05 | INFO | epoch=072 train_loss=0.039631 validation_loss=0.116122
2026-08-19 19:53:05 | INFO | epoch=073 train_batch=10/435 running_loss=0.040739
2026-08-19 19:53:05 | INFO | epoch=073 train_batch=20/435 running_loss=0.039574
2026-08-19 19:53:06 | INFO | epoch=073 train_batch=30/435 running_loss=0.039434
2026-08-19 19:53:06 | INFO | epoch=073 train_batch=40/435 running_loss=0.039193
2026-08-19 19:53:06 | INFO | epoch=073 train_batch=50/435 running_loss=0.038790
2026-08-19 19:53:06 | INFO | epoch=073 train_batch=60/435 running_loss=0.038964
2026-08-19 19:53:06 | INFO | epoch=073 train_batch=70/435 running_loss=0.038993
2026-08-19 19:53:07 | INFO | epoch=073 train_batch=80/435 running_loss=0.038961
2026-08-19 19:53:07 | INFO | epoch=073 train_batch=90/435 running_loss=0.038756
2026-08-19 19:53:07 | INFO | epoch=073 train_batch=100/435 running_loss=0.038800
2026-08-19 19:53:07 | INFO | epoch=073 train_batch=110/435 running_loss=0.038984
2026-08-19 19:53:08 | INFO | epoch=073 train_batch=120/435 running_loss=0.038963
2026-08-19 19:53:08 | INFO | epoch=073 train_batch=130/435 running_loss=0.039135
2026-08-19 19:53:08 | INFO | epoch=073 train_batch=140/435 running_loss=0.039223
2026-08-19 19:53:08 | INFO | epoch=073 train_batch=150/435 running_loss=0.039260
2026-08-19 19:53:09 | INFO | epoch=073 train_batch=160/435 running_loss=0.039353
2026-08-19 19:53:09 | INFO | epoch=073 train_batch=170/435 running_loss=0.039312
2026-08-19 19:53:09 | INFO | epoch=073 train_batch=180/435 running_loss=0.039485
2026-08-19 19:53:10 | INFO | epoch=073 train_batch=190/435 running_loss=0.039646
2026-08-19 19:53:10 | INFO | epoch=073 train_batch=200/435 running_loss=0.039785
2026-08-19 19:53:10 | INFO | epoch=073 train_batch=210/435 running_loss=0.039776
2026-08-19 19:53:10 | INFO | epoch=073 train_batch=220/435 running_loss=0.039763
2026-08-19 19:53:11 | INFO | epoch=073 train_batch=230/435 running_loss=0.039684
2026-08-19 19:53:11 | INFO | epoch=073 train_batch=240/435 running_loss=0.039721
2026-08-19 19:53:11 | INFO | epoch=073 train_batch=250/435 running_loss=0.039679
2026-08-19 19:53:11 | INFO | epoch=073 train_batch=260/435 running_loss=0.039734
2026-08-19 19:53:12 | INFO | epoch=073 train_batch=270/435 running_loss=0.039823
2026-08-19 19:53:12 | INFO | epoch=073 train_batch=280/435 running_loss=0.039805
2026-08-19 19:53:12 | INFO | epoch=073 train_batch=290/435 running_loss=0.039889
2026-08-19 19:53:12 | INFO | epoch=073 train_batch=300/435 running_loss=0.039934
2026-08-19 19:53:13 | INFO | epoch=073 train_batch=310/435 running_loss=0.039893
2026-08-19 19:53:13 | INFO | epoch=073 train_batch=320/435 running_loss=0.039853
2026-08-19 19:53:13 | INFO | epoch=073 train_batch=330/435 running_loss=0.039836
2026-08-19 19:53:13 | INFO | epoch=073 train_batch=340/435 running_loss=0.039790
2026-08-19 19:53:14 | INFO | epoch=073 train_batch=350/435 running_loss=0.039769
2026-08-19 19:53:14 | INFO | epoch=073 train_batch=360/435 running_loss=0.039848
2026-08-19 19:53:14 | INFO | epoch=073 train_batch=370/435 running_loss=0.039872
2026-08-19 19:53:14 | INFO | epoch=073 train_batch=380/435 running_loss=0.039852
2026-08-19 19:53:14 | INFO | epoch=073 train_batch=390/435 running_loss=0.039858
2026-08-19 19:53:15 | INFO | epoch=073 train_batch=400/435 running_loss=0.039887
2026-08-19 19:53:15 | INFO | epoch=073 train_batch=410/435 running_loss=0.039811
2026-08-19 19:53:15 | INFO | epoch=073 train_batch=420/435 running_loss=0.039756
2026-08-19 19:53:15 | INFO | epoch=073 train_batch=430/435 running_loss=0.039769
2026-08-19 19:53:16 | INFO | epoch=073 train_batch=435/435 running_loss=0.039791
2026-08-19 19:53:16 | INFO | epoch=073 train_loss=0.039791 validation_loss=0.115984
2026-08-19 19:53:16 | INFO | epoch=074 train_batch=10/435 running_loss=0.038408
2026-08-19 19:53:16 | INFO | epoch=074 train_batch=20/435 running_loss=0.038973
2026-08-19 19:53:17 | INFO | epoch=074 train_batch=30/435 running_loss=0.039123
2026-08-19 19:53:17 | INFO | epoch=074 train_batch=40/435 running_loss=0.038709
2026-08-19 19:53:17 | INFO | epoch=074 train_batch=50/435 running_loss=0.038630
2026-08-19 19:53:17 | INFO | epoch=074 train_batch=60/435 running_loss=0.038826
2026-08-19 19:53:17 | INFO | epoch=074 train_batch=70/435 running_loss=0.039094
2026-08-19 19:53:18 | INFO | epoch=074 train_batch=80/435 running_loss=0.039089
2026-08-19 19:53:18 | INFO | epoch=074 train_batch=90/435 running_loss=0.039534
2026-08-19 19:53:18 | INFO | epoch=074 train_batch=100/435 running_loss=0.039504
2026-08-19 19:53:18 | INFO | epoch=074 train_batch=110/435 running_loss=0.039638
2026-08-19 19:53:19 | INFO | epoch=074 train_batch=120/435 running_loss=0.039571
2026-08-19 19:53:19 | INFO | epoch=074 train_batch=130/435 running_loss=0.039508
2026-08-19 19:53:19 | INFO | epoch=074 train_batch=140/435 running_loss=0.039538
2026-08-19 19:53:19 | INFO | epoch=074 train_batch=150/435 running_loss=0.039554
2026-08-19 19:53:20 | INFO | epoch=074 train_batch=160/435 running_loss=0.039577
2026-08-19 19:53:20 | INFO | epoch=074 train_batch=170/435 running_loss=0.039411
2026-08-19 19:53:20 | INFO | epoch=074 train_batch=180/435 running_loss=0.039516
2026-08-19 19:53:20 | INFO | epoch=074 train_batch=190/435 running_loss=0.039590
2026-08-19 19:53:20 | INFO | epoch=074 train_batch=200/435 running_loss=0.039557
2026-08-19 19:53:21 | INFO | epoch=074 train_batch=210/435 running_loss=0.039424
2026-08-19 19:53:21 | INFO | epoch=074 train_batch=220/435 running_loss=0.039658
2026-08-19 19:53:21 | INFO | epoch=074 train_batch=230/435 running_loss=0.039654
2026-08-19 19:53:21 | INFO | epoch=074 train_batch=240/435 running_loss=0.039606
2026-08-19 19:53:22 | INFO | epoch=074 train_batch=250/435 running_loss=0.039718
2026-08-19 19:53:22 | INFO | epoch=074 train_batch=260/435 running_loss=0.039648
2026-08-19 19:53:22 | INFO | epoch=074 train_batch=270/435 running_loss=0.039444
2026-08-19 19:53:22 | INFO | epoch=074 train_batch=280/435 running_loss=0.039459
2026-08-19 19:53:23 | INFO | epoch=074 train_batch=290/435 running_loss=0.039406
2026-08-19 19:53:23 | INFO | epoch=074 train_batch=300/435 running_loss=0.039373
2026-08-19 19:53:23 | INFO | epoch=074 train_batch=310/435 running_loss=0.039420
2026-08-19 19:53:23 | INFO | epoch=074 train_batch=320/435 running_loss=0.039512
2026-08-19 19:53:23 | INFO | epoch=074 train_batch=330/435 running_loss=0.039495
2026-08-19 19:53:24 | INFO | epoch=074 train_batch=340/435 running_loss=0.039529
2026-08-19 19:53:24 | INFO | epoch=074 train_batch=350/435 running_loss=0.039570
2026-08-19 19:53:24 | INFO | epoch=074 train_batch=360/435 running_loss=0.039528
2026-08-19 19:53:24 | INFO | epoch=074 train_batch=370/435 running_loss=0.039615
2026-08-19 19:53:25 | INFO | epoch=074 train_batch=380/435 running_loss=0.039579
2026-08-19 19:53:25 | INFO | epoch=074 train_batch=390/435 running_loss=0.039581
2026-08-19 19:53:25 | INFO | epoch=074 train_batch=400/435 running_loss=0.039526
2026-08-19 19:53:25 | INFO | epoch=074 train_batch=410/435 running_loss=0.039499
2026-08-19 19:53:26 | INFO | epoch=074 train_batch=420/435 running_loss=0.039490
2026-08-19 19:53:26 | INFO | epoch=074 train_batch=430/435 running_loss=0.039586
2026-08-19 19:53:26 | INFO | epoch=074 train_batch=435/435 running_loss=0.039591
2026-08-19 19:53:26 | INFO | epoch=074 train_loss=0.039591 validation_loss=0.116120
2026-08-19 19:53:26 | INFO | epoch=075 train_batch=10/435 running_loss=0.038214
2026-08-19 19:53:27 | INFO | epoch=075 train_batch=20/435 running_loss=0.037468
2026-08-19 19:53:27 | INFO | epoch=075 train_batch=30/435 running_loss=0.037053
2026-08-19 19:53:27 | INFO | epoch=075 train_batch=40/435 running_loss=0.037784
2026-08-19 19:53:27 | INFO | epoch=075 train_batch=50/435 running_loss=0.037868
2026-08-19 19:53:27 | INFO | epoch=075 train_batch=60/435 running_loss=0.038714
2026-08-19 19:53:28 | INFO | epoch=075 train_batch=70/435 running_loss=0.038220
2026-08-19 19:53:28 | INFO | epoch=075 train_batch=80/435 running_loss=0.038480
2026-08-19 19:53:28 | INFO | epoch=075 train_batch=90/435 running_loss=0.038532
2026-08-19 19:53:28 | INFO | epoch=075 train_batch=100/435 running_loss=0.038383
2026-08-19 19:53:29 | INFO | epoch=075 train_batch=110/435 running_loss=0.038709
2026-08-19 19:53:29 | INFO | epoch=075 train_batch=120/435 running_loss=0.038595
2026-08-19 19:53:29 | INFO | epoch=075 train_batch=130/435 running_loss=0.038532
2026-08-19 19:53:29 | INFO | epoch=075 train_batch=140/435 running_loss=0.038444
2026-08-19 19:53:30 | INFO | epoch=075 train_batch=150/435 running_loss=0.038657
2026-08-19 19:53:30 | INFO | epoch=075 train_batch=160/435 running_loss=0.038801
2026-08-19 19:53:30 | INFO | epoch=075 train_batch=170/435 running_loss=0.038893
2026-08-19 19:53:30 | INFO | epoch=075 train_batch=180/435 running_loss=0.039184
2026-08-19 19:53:30 | INFO | epoch=075 train_batch=190/435 running_loss=0.039242
2026-08-19 19:53:31 | INFO | epoch=075 train_batch=200/435 running_loss=0.039295
2026-08-19 19:53:31 | INFO | epoch=075 train_batch=210/435 running_loss=0.039476
2026-08-19 19:53:31 | INFO | epoch=075 train_batch=220/435 running_loss=0.039382
2026-08-19 19:53:31 | INFO | epoch=075 train_batch=230/435 running_loss=0.039387
2026-08-19 19:53:32 | INFO | epoch=075 train_batch=240/435 running_loss=0.039537
2026-08-19 19:53:32 | INFO | epoch=075 train_batch=250/435 running_loss=0.039482
2026-08-19 19:53:32 | INFO | epoch=075 train_batch=260/435 running_loss=0.039376
2026-08-19 19:53:32 | INFO | epoch=075 train_batch=270/435 running_loss=0.039345
2026-08-19 19:53:32 | INFO | epoch=075 train_batch=280/435 running_loss=0.039380
2026-08-19 19:53:33 | INFO | epoch=075 train_batch=290/435 running_loss=0.039413
2026-08-19 19:53:33 | INFO | epoch=075 train_batch=300/435 running_loss=0.039367
2026-08-19 19:53:33 | INFO | epoch=075 train_batch=310/435 running_loss=0.039276
2026-08-19 19:53:33 | INFO | epoch=075 train_batch=320/435 running_loss=0.039270
2026-08-19 19:53:34 | INFO | epoch=075 train_batch=330/435 running_loss=0.039232
2026-08-19 19:53:34 | INFO | epoch=075 train_batch=340/435 running_loss=0.039229
2026-08-19 19:53:34 | INFO | epoch=075 train_batch=350/435 running_loss=0.039206
2026-08-19 19:53:34 | INFO | epoch=075 train_batch=360/435 running_loss=0.039232
2026-08-19 19:53:34 | INFO | epoch=075 train_batch=370/435 running_loss=0.039228
2026-08-19 19:53:35 | INFO | epoch=075 train_batch=380/435 running_loss=0.039249
2026-08-19 19:53:35 | INFO | epoch=075 train_batch=390/435 running_loss=0.039233
2026-08-19 19:53:35 | INFO | epoch=075 train_batch=400/435 running_loss=0.039231
2026-08-19 19:53:35 | INFO | epoch=075 train_batch=410/435 running_loss=0.039304
2026-08-19 19:53:36 | INFO | epoch=075 train_batch=420/435 running_loss=0.039259
2026-08-19 19:53:36 | INFO | epoch=075 train_batch=430/435 running_loss=0.039339
2026-08-19 19:53:36 | INFO | epoch=075 train_batch=435/435 running_loss=0.039333
2026-08-19 19:53:36 | INFO | epoch=075 train_loss=0.039333 validation_loss=0.117168
2026-08-19 19:53:36 | INFO | epoch=076 train_batch=10/435 running_loss=0.040155
2026-08-19 19:53:37 | INFO | epoch=076 train_batch=20/435 running_loss=0.039404
2026-08-19 19:53:37 | INFO | epoch=076 train_batch=30/435 running_loss=0.039573
2026-08-19 19:53:37 | INFO | epoch=076 train_batch=40/435 running_loss=0.040273
2026-08-19 19:53:37 | INFO | epoch=076 train_batch=50/435 running_loss=0.040173
2026-08-19 19:53:38 | INFO | epoch=076 train_batch=60/435 running_loss=0.039756
2026-08-19 19:53:38 | INFO | epoch=076 train_batch=70/435 running_loss=0.039567
2026-08-19 19:53:38 | INFO | epoch=076 train_batch=80/435 running_loss=0.038930
2026-08-19 19:53:38 | INFO | epoch=076 train_batch=90/435 running_loss=0.038758
2026-08-19 19:53:39 | INFO | epoch=076 train_batch=100/435 running_loss=0.038445
2026-08-19 19:53:39 | INFO | epoch=076 train_batch=110/435 running_loss=0.038441
2026-08-19 19:53:39 | INFO | epoch=076 train_batch=120/435 running_loss=0.038759
2026-08-19 19:53:39 | INFO | epoch=076 train_batch=130/435 running_loss=0.038569
2026-08-19 19:53:39 | INFO | epoch=076 train_batch=140/435 running_loss=0.038658
2026-08-19 19:53:40 | INFO | epoch=076 train_batch=150/435 running_loss=0.038780
2026-08-19 19:53:40 | INFO | epoch=076 train_batch=160/435 running_loss=0.038971
2026-08-19 19:53:40 | INFO | epoch=076 train_batch=170/435 running_loss=0.039216
2026-08-19 19:53:40 | INFO | epoch=076 train_batch=180/435 running_loss=0.038985
2026-08-19 19:53:41 | INFO | epoch=076 train_batch=190/435 running_loss=0.038872
2026-08-19 19:53:41 | INFO | epoch=076 train_batch=200/435 running_loss=0.038812
2026-08-19 19:53:41 | INFO | epoch=076 train_batch=210/435 running_loss=0.038850
2026-08-19 19:53:41 | INFO | epoch=076 train_batch=220/435 running_loss=0.038850
2026-08-19 19:53:42 | INFO | epoch=076 train_batch=230/435 running_loss=0.038898
2026-08-19 19:53:42 | INFO | epoch=076 train_batch=240/435 running_loss=0.038868
2026-08-19 19:53:42 | INFO | epoch=076 train_batch=250/435 running_loss=0.039048
2026-08-19 19:53:42 | INFO | epoch=076 train_batch=260/435 running_loss=0.038922
2026-08-19 19:53:42 | INFO | epoch=076 train_batch=270/435 running_loss=0.039018
2026-08-19 19:53:43 | INFO | epoch=076 train_batch=280/435 running_loss=0.039095
2026-08-19 19:53:43 | INFO | epoch=076 train_batch=290/435 running_loss=0.039140
2026-08-19 19:53:43 | INFO | epoch=076 train_batch=300/435 running_loss=0.039127
2026-08-19 19:53:43 | INFO | epoch=076 train_batch=310/435 running_loss=0.039250
2026-08-19 19:53:44 | INFO | epoch=076 train_batch=320/435 running_loss=0.039257
2026-08-19 19:53:44 | INFO | epoch=076 train_batch=330/435 running_loss=0.039259
2026-08-19 19:53:44 | INFO | epoch=076 train_batch=340/435 running_loss=0.039266
2026-08-19 19:53:44 | INFO | epoch=076 train_batch=350/435 running_loss=0.039339
2026-08-19 19:53:44 | INFO | epoch=076 train_batch=360/435 running_loss=0.039399
2026-08-19 19:53:45 | INFO | epoch=076 train_batch=370/435 running_loss=0.039369
2026-08-19 19:53:45 | INFO | epoch=076 train_batch=380/435 running_loss=0.039386
2026-08-19 19:53:45 | INFO | epoch=076 train_batch=390/435 running_loss=0.039327
2026-08-19 19:53:45 | INFO | epoch=076 train_batch=400/435 running_loss=0.039330
2026-08-19 19:53:46 | INFO | epoch=076 train_batch=410/435 running_loss=0.039320
2026-08-19 19:53:46 | INFO | epoch=076 train_batch=420/435 running_loss=0.039304
2026-08-19 19:53:46 | INFO | epoch=076 train_batch=430/435 running_loss=0.039364
2026-08-19 19:53:46 | INFO | epoch=076 train_batch=435/435 running_loss=0.039366
2026-08-19 19:53:46 | INFO | epoch=076 train_loss=0.039366 validation_loss=0.115248
2026-08-19 19:53:47 | INFO | epoch=077 train_batch=10/435 running_loss=0.037398
2026-08-19 19:53:47 | INFO | epoch=077 train_batch=20/435 running_loss=0.039119
2026-08-19 19:53:47 | INFO | epoch=077 train_batch=30/435 running_loss=0.038725
2026-08-19 19:53:47 | INFO | epoch=077 train_batch=40/435 running_loss=0.039336
2026-08-19 19:53:48 | INFO | epoch=077 train_batch=50/435 running_loss=0.039325
2026-08-19 19:53:48 | INFO | epoch=077 train_batch=60/435 running_loss=0.039356
2026-08-19 19:53:48 | INFO | epoch=077 train_batch=70/435 running_loss=0.039380
2026-08-19 19:53:48 | INFO | epoch=077 train_batch=80/435 running_loss=0.039251
2026-08-19 19:53:49 | INFO | epoch=077 train_batch=90/435 running_loss=0.039079
2026-08-19 19:53:49 | INFO | epoch=077 train_batch=100/435 running_loss=0.038711
2026-08-19 19:53:49 | INFO | epoch=077 train_batch=110/435 running_loss=0.038988
2026-08-19 19:53:49 | INFO | epoch=077 train_batch=120/435 running_loss=0.039024
2026-08-19 19:53:50 | INFO | epoch=077 train_batch=130/435 running_loss=0.039341
2026-08-19 19:53:50 | INFO | epoch=077 train_batch=140/435 running_loss=0.039081
2026-08-19 19:53:50 | INFO | epoch=077 train_batch=150/435 running_loss=0.039045
2026-08-19 19:53:50 | INFO | epoch=077 train_batch=160/435 running_loss=0.039235
2026-08-19 19:53:51 | INFO | epoch=077 train_batch=170/435 running_loss=0.039105
2026-08-19 19:53:51 | INFO | epoch=077 train_batch=180/435 running_loss=0.038970
2026-08-19 19:53:51 | INFO | epoch=077 train_batch=190/435 running_loss=0.038969
2026-08-19 19:53:51 | INFO | epoch=077 train_batch=200/435 running_loss=0.038923
2026-08-19 19:53:51 | INFO | epoch=077 train_batch=210/435 running_loss=0.039018
2026-08-19 19:53:52 | INFO | epoch=077 train_batch=220/435 running_loss=0.038892
2026-08-19 19:53:52 | INFO | epoch=077 train_batch=230/435 running_loss=0.038957
2026-08-19 19:53:52 | INFO | epoch=077 train_batch=240/435 running_loss=0.039040
2026-08-19 19:53:52 | INFO | epoch=077 train_batch=250/435 running_loss=0.039108
2026-08-19 19:53:53 | INFO | epoch=077 train_batch=260/435 running_loss=0.039226
2026-08-19 19:53:53 | INFO | epoch=077 train_batch=270/435 running_loss=0.039248
2026-08-19 19:53:53 | INFO | epoch=077 train_batch=280/435 running_loss=0.039174
2026-08-19 19:53:53 | INFO | epoch=077 train_batch=290/435 running_loss=0.039167
2026-08-19 19:53:54 | INFO | epoch=077 train_batch=300/435 running_loss=0.039264
2026-08-19 19:53:54 | INFO | epoch=077 train_batch=310/435 running_loss=0.039253
2026-08-19 19:53:54 | INFO | epoch=077 train_batch=320/435 running_loss=0.039156
2026-08-19 19:53:54 | INFO | epoch=077 train_batch=330/435 running_loss=0.039255
2026-08-19 19:53:55 | INFO | epoch=077 train_batch=340/435 running_loss=0.039253
2026-08-19 19:53:55 | INFO | epoch=077 train_batch=350/435 running_loss=0.039145
2026-08-19 19:53:55 | INFO | epoch=077 train_batch=360/435 running_loss=0.039119
2026-08-19 19:53:55 | INFO | epoch=077 train_batch=370/435 running_loss=0.039087
2026-08-19 19:53:56 | INFO | epoch=077 train_batch=380/435 running_loss=0.039125
2026-08-19 19:53:56 | INFO | epoch=077 train_batch=390/435 running_loss=0.039241
2026-08-19 19:53:56 | INFO | epoch=077 train_batch=400/435 running_loss=0.039280
2026-08-19 19:53:56 | INFO | epoch=077 train_batch=410/435 running_loss=0.039355
2026-08-19 19:53:57 | INFO | epoch=077 train_batch=420/435 running_loss=0.039271
2026-08-19 19:53:57 | INFO | epoch=077 train_batch=430/435 running_loss=0.039268
2026-08-19 19:53:57 | INFO | epoch=077 train_batch=435/435 running_loss=0.039260
2026-08-19 19:53:57 | INFO | epoch=077 train_loss=0.039260 validation_loss=0.115408
2026-08-19 19:53:58 | INFO | epoch=078 train_batch=10/435 running_loss=0.039667
2026-08-19 19:53:58 | INFO | epoch=078 train_batch=20/435 running_loss=0.039599
2026-08-19 19:53:58 | INFO | epoch=078 train_batch=30/435 running_loss=0.039328
2026-08-19 19:53:58 | INFO | epoch=078 train_batch=40/435 running_loss=0.038470
2026-08-19 19:53:59 | INFO | epoch=078 train_batch=50/435 running_loss=0.038940
2026-08-19 19:53:59 | INFO | epoch=078 train_batch=60/435 running_loss=0.039061
2026-08-19 19:53:59 | INFO | epoch=078 train_batch=70/435 running_loss=0.039053
2026-08-19 19:53:59 | INFO | epoch=078 train_batch=80/435 running_loss=0.039087
2026-08-19 19:54:00 | INFO | epoch=078 train_batch=90/435 running_loss=0.038837
2026-08-19 19:54:00 | INFO | epoch=078 train_batch=100/435 running_loss=0.039035
2026-08-19 19:54:00 | INFO | epoch=078 train_batch=110/435 running_loss=0.039108
2026-08-19 19:54:00 | INFO | epoch=078 train_batch=120/435 running_loss=0.039060
2026-08-19 19:54:01 | INFO | epoch=078 train_batch=130/435 running_loss=0.038890
2026-08-19 19:54:01 | INFO | epoch=078 train_batch=140/435 running_loss=0.038865
2026-08-19 19:54:01 | INFO | epoch=078 train_batch=150/435 running_loss=0.039011
2026-08-19 19:54:01 | INFO | epoch=078 train_batch=160/435 running_loss=0.039047
2026-08-19 19:54:02 | INFO | epoch=078 train_batch=170/435 running_loss=0.039188
2026-08-19 19:54:02 | INFO | epoch=078 train_batch=180/435 running_loss=0.039209
2026-08-19 19:54:02 | INFO | epoch=078 train_batch=190/435 running_loss=0.039025
2026-08-19 19:54:02 | INFO | epoch=078 train_batch=200/435 running_loss=0.039021
2026-08-19 19:54:03 | INFO | epoch=078 train_batch=210/435 running_loss=0.039066
2026-08-19 19:54:03 | INFO | epoch=078 train_batch=220/435 running_loss=0.039205
2026-08-19 19:54:03 | INFO | epoch=078 train_batch=230/435 running_loss=0.039085
2026-08-19 19:54:03 | INFO | epoch=078 train_batch=240/435 running_loss=0.039107
2026-08-19 19:54:04 | INFO | epoch=078 train_batch=250/435 running_loss=0.039215
2026-08-19 19:54:04 | INFO | epoch=078 train_batch=260/435 running_loss=0.039322
2026-08-19 19:54:04 | INFO | epoch=078 train_batch=270/435 running_loss=0.039218
2026-08-19 19:54:04 | INFO | epoch=078 train_batch=280/435 running_loss=0.039237
2026-08-19 19:54:05 | INFO | epoch=078 train_batch=290/435 running_loss=0.039175
2026-08-19 19:54:05 | INFO | epoch=078 train_batch=300/435 running_loss=0.039180
2026-08-19 19:54:05 | INFO | epoch=078 train_batch=310/435 running_loss=0.039175
2026-08-19 19:54:05 | INFO | epoch=078 train_batch=320/435 running_loss=0.039138
2026-08-19 19:54:06 | INFO | epoch=078 train_batch=330/435 running_loss=0.039175
2026-08-19 19:54:06 | INFO | epoch=078 train_batch=340/435 running_loss=0.039145
2026-08-19 19:54:06 | INFO | epoch=078 train_batch=350/435 running_loss=0.039148
2026-08-19 19:54:06 | INFO | epoch=078 train_batch=360/435 running_loss=0.039209
2026-08-19 19:54:07 | INFO | epoch=078 train_batch=370/435 running_loss=0.039209
2026-08-19 19:54:07 | INFO | epoch=078 train_batch=380/435 running_loss=0.039261
2026-08-19 19:54:07 | INFO | epoch=078 train_batch=390/435 running_loss=0.039239
2026-08-19 19:54:07 | INFO | epoch=078 train_batch=400/435 running_loss=0.039323
2026-08-19 19:54:08 | INFO | epoch=078 train_batch=410/435 running_loss=0.039256
2026-08-19 19:54:08 | INFO | epoch=078 train_batch=420/435 running_loss=0.039252
2026-08-19 19:54:08 | INFO | epoch=078 train_batch=430/435 running_loss=0.039268
2026-08-19 19:54:08 | INFO | epoch=078 train_batch=435/435 running_loss=0.039220
2026-08-19 19:54:08 | INFO | epoch=078 train_loss=0.039220 validation_loss=0.114980
2026-08-19 19:54:09 | INFO | epoch=079 train_batch=10/435 running_loss=0.037463
2026-08-19 19:54:09 | INFO | epoch=079 train_batch=20/435 running_loss=0.037596
2026-08-19 19:54:09 | INFO | epoch=079 train_batch=30/435 running_loss=0.038921
2026-08-19 19:54:09 | INFO | epoch=079 train_batch=40/435 running_loss=0.039658
2026-08-19 19:54:10 | INFO | epoch=079 train_batch=50/435 running_loss=0.039191
2026-08-19 19:54:10 | INFO | epoch=079 train_batch=60/435 running_loss=0.039064
2026-08-19 19:54:10 | INFO | epoch=079 train_batch=70/435 running_loss=0.038793
2026-08-19 19:54:10 | INFO | epoch=079 train_batch=80/435 running_loss=0.038488
2026-08-19 19:54:11 | INFO | epoch=079 train_batch=90/435 running_loss=0.038510
2026-08-19 19:54:11 | INFO | epoch=079 train_batch=100/435 running_loss=0.038499
2026-08-19 19:54:11 | INFO | epoch=079 train_batch=110/435 running_loss=0.038591
2026-08-19 19:54:11 | INFO | epoch=079 train_batch=120/435 running_loss=0.038609
2026-08-19 19:54:12 | INFO | epoch=079 train_batch=130/435 running_loss=0.038800
2026-08-19 19:54:12 | INFO | epoch=079 train_batch=140/435 running_loss=0.038794
2026-08-19 19:54:12 | INFO | epoch=079 train_batch=150/435 running_loss=0.038785
2026-08-19 19:54:12 | INFO | epoch=079 train_batch=160/435 running_loss=0.038906
2026-08-19 19:54:13 | INFO | epoch=079 train_batch=170/435 running_loss=0.039013
2026-08-19 19:54:13 | INFO | epoch=079 train_batch=180/435 running_loss=0.039105
2026-08-19 19:54:13 | INFO | epoch=079 train_batch=190/435 running_loss=0.039259
2026-08-19 19:54:13 | INFO | epoch=079 train_batch=200/435 running_loss=0.039256
2026-08-19 19:54:14 | INFO | epoch=079 train_batch=210/435 running_loss=0.038995
2026-08-19 19:54:14 | INFO | epoch=079 train_batch=220/435 running_loss=0.038780
2026-08-19 19:54:14 | INFO | epoch=079 train_batch=230/435 running_loss=0.038770
2026-08-19 19:54:14 | INFO | epoch=079 train_batch=240/435 running_loss=0.038794
2026-08-19 19:54:15 | INFO | epoch=079 train_batch=250/435 running_loss=0.038708
2026-08-19 19:54:15 | INFO | epoch=079 train_batch=260/435 running_loss=0.038873
2026-08-19 19:54:15 | INFO | epoch=079 train_batch=270/435 running_loss=0.039006
2026-08-19 19:54:15 | INFO | epoch=079 train_batch=280/435 running_loss=0.039040
2026-08-19 19:54:16 | INFO | epoch=079 train_batch=290/435 running_loss=0.038908
2026-08-19 19:54:16 | INFO | epoch=079 train_batch=300/435 running_loss=0.038852
2026-08-19 19:54:16 | INFO | epoch=079 train_batch=310/435 running_loss=0.038872
2026-08-19 19:54:16 | INFO | epoch=079 train_batch=320/435 running_loss=0.038835
2026-08-19 19:54:17 | INFO | epoch=079 train_batch=330/435 running_loss=0.038897
2026-08-19 19:54:17 | INFO | epoch=079 train_batch=340/435 running_loss=0.038927
2026-08-19 19:54:17 | INFO | epoch=079 train_batch=350/435 running_loss=0.038933
2026-08-19 19:54:17 | INFO | epoch=079 train_batch=360/435 running_loss=0.038839
2026-08-19 19:54:18 | INFO | epoch=079 train_batch=370/435 running_loss=0.038810
2026-08-19 19:54:18 | INFO | epoch=079 train_batch=380/435 running_loss=0.038910
2026-08-19 19:54:18 | INFO | epoch=079 train_batch=390/435 running_loss=0.038971
2026-08-19 19:54:18 | INFO | epoch=079 train_batch=400/435 running_loss=0.038954
2026-08-19 19:54:19 | INFO | epoch=079 train_batch=410/435 running_loss=0.038998
2026-08-19 19:54:19 | INFO | epoch=079 train_batch=420/435 running_loss=0.039027
2026-08-19 19:54:19 | INFO | epoch=079 train_batch=430/435 running_loss=0.039039
2026-08-19 19:54:19 | INFO | epoch=079 train_batch=435/435 running_loss=0.039091
2026-08-19 19:54:19 | INFO | epoch=079 train_loss=0.039091 validation_loss=0.114961
2026-08-19 19:54:20 | INFO | epoch=080 train_batch=10/435 running_loss=0.037078
2026-08-19 19:54:20 | INFO | epoch=080 train_batch=20/435 running_loss=0.037782
2026-08-19 19:54:20 | INFO | epoch=080 train_batch=30/435 running_loss=0.038070
2026-08-19 19:54:21 | INFO | epoch=080 train_batch=40/435 running_loss=0.038385
2026-08-19 19:54:21 | INFO | epoch=080 train_batch=50/435 running_loss=0.038410
2026-08-19 19:54:21 | INFO | epoch=080 train_batch=60/435 running_loss=0.038269
2026-08-19 19:54:21 | INFO | epoch=080 train_batch=70/435 running_loss=0.038212
2026-08-19 19:54:22 | INFO | epoch=080 train_batch=80/435 running_loss=0.038160
2026-08-19 19:54:22 | INFO | epoch=080 train_batch=90/435 running_loss=0.038542
2026-08-19 19:54:22 | INFO | epoch=080 train_batch=100/435 running_loss=0.038676
2026-08-19 19:54:22 | INFO | epoch=080 train_batch=110/435 running_loss=0.038658
2026-08-19 19:54:23 | INFO | epoch=080 train_batch=120/435 running_loss=0.038717
2026-08-19 19:54:23 | INFO | epoch=080 train_batch=130/435 running_loss=0.038780
2026-08-19 19:54:23 | INFO | epoch=080 train_batch=140/435 running_loss=0.038795
2026-08-19 19:54:23 | INFO | epoch=080 train_batch=150/435 running_loss=0.038766
2026-08-19 19:54:24 | INFO | epoch=080 train_batch=160/435 running_loss=0.038648
2026-08-19 19:54:24 | INFO | epoch=080 train_batch=170/435 running_loss=0.038596
2026-08-19 19:54:24 | INFO | epoch=080 train_batch=180/435 running_loss=0.038754
2026-08-19 19:54:24 | INFO | epoch=080 train_batch=190/435 running_loss=0.038785
2026-08-19 19:54:25 | INFO | epoch=080 train_batch=200/435 running_loss=0.038942
2026-08-19 19:54:25 | INFO | epoch=080 train_batch=210/435 running_loss=0.038880
2026-08-19 19:54:25 | INFO | epoch=080 train_batch=220/435 running_loss=0.038810
2026-08-19 19:54:25 | INFO | epoch=080 train_batch=230/435 running_loss=0.038939
2026-08-19 19:54:26 | INFO | epoch=080 train_batch=240/435 running_loss=0.038995
2026-08-19 19:54:26 | INFO | epoch=080 train_batch=250/435 running_loss=0.039159
2026-08-19 19:54:26 | INFO | epoch=080 train_batch=260/435 running_loss=0.039105
2026-08-19 19:54:26 | INFO | epoch=080 train_batch=270/435 running_loss=0.039083
2026-08-19 19:54:26 | INFO | epoch=080 train_batch=280/435 running_loss=0.039097
2026-08-19 19:54:27 | INFO | epoch=080 train_batch=290/435 running_loss=0.039125
2026-08-19 19:54:27 | INFO | epoch=080 train_batch=300/435 running_loss=0.039101
2026-08-19 19:54:27 | INFO | epoch=080 train_batch=310/435 running_loss=0.039076
2026-08-19 19:54:27 | INFO | epoch=080 train_batch=320/435 running_loss=0.039063
2026-08-19 19:54:28 | INFO | epoch=080 train_batch=330/435 running_loss=0.039075
2026-08-19 19:54:28 | INFO | epoch=080 train_batch=340/435 running_loss=0.038933
2026-08-19 19:54:28 | INFO | epoch=080 train_batch=350/435 running_loss=0.038968
2026-08-19 19:54:28 | INFO | epoch=080 train_batch=360/435 running_loss=0.038980
2026-08-19 19:54:29 | INFO | epoch=080 train_batch=370/435 running_loss=0.038922
2026-08-19 19:54:29 | INFO | epoch=080 train_batch=380/435 running_loss=0.038974
2026-08-19 19:54:29 | INFO | epoch=080 train_batch=390/435 running_loss=0.038958
2026-08-19 19:54:29 | INFO | epoch=080 train_batch=400/435 running_loss=0.038999
2026-08-19 19:54:30 | INFO | epoch=080 train_batch=410/435 running_loss=0.038952
2026-08-19 19:54:30 | INFO | epoch=080 train_batch=420/435 running_loss=0.038981
2026-08-19 19:54:30 | INFO | epoch=080 train_batch=430/435 running_loss=0.039022
2026-08-19 19:54:30 | INFO | epoch=080 train_batch=435/435 running_loss=0.039046
2026-08-19 19:54:30 | INFO | epoch=080 train_loss=0.039046 validation_loss=0.114733
2026-08-19 19:54:31 | INFO | epoch=081 train_batch=10/435 running_loss=0.040202
2026-08-19 19:54:31 | INFO | epoch=081 train_batch=20/435 running_loss=0.037094
2026-08-19 19:54:31 | INFO | epoch=081 train_batch=30/435 running_loss=0.036491
2026-08-19 19:54:32 | INFO | epoch=081 train_batch=40/435 running_loss=0.036820
2026-08-19 19:54:32 | INFO | epoch=081 train_batch=50/435 running_loss=0.037000
2026-08-19 19:54:32 | INFO | epoch=081 train_batch=60/435 running_loss=0.037435
2026-08-19 19:54:32 | INFO | epoch=081 train_batch=70/435 running_loss=0.037691
2026-08-19 19:54:33 | INFO | epoch=081 train_batch=80/435 running_loss=0.037767
2026-08-19 19:54:33 | INFO | epoch=081 train_batch=90/435 running_loss=0.037652
2026-08-19 19:54:33 | INFO | epoch=081 train_batch=100/435 running_loss=0.037692
2026-08-19 19:54:33 | INFO | epoch=081 train_batch=110/435 running_loss=0.037831
2026-08-19 19:54:33 | INFO | epoch=081 train_batch=120/435 running_loss=0.037826
2026-08-19 19:54:34 | INFO | epoch=081 train_batch=130/435 running_loss=0.038151
2026-08-19 19:54:34 | INFO | epoch=081 train_batch=140/435 running_loss=0.038236
2026-08-19 19:54:34 | INFO | epoch=081 train_batch=150/435 running_loss=0.038220
2026-08-19 19:54:35 | INFO | epoch=081 train_batch=160/435 running_loss=0.038156
2026-08-19 19:54:35 | INFO | epoch=081 train_batch=170/435 running_loss=0.038222
2026-08-19 19:54:35 | INFO | epoch=081 train_batch=180/435 running_loss=0.038158
2026-08-19 19:54:35 | INFO | epoch=081 train_batch=190/435 running_loss=0.038054
2026-08-19 19:54:35 | INFO | epoch=081 train_batch=200/435 running_loss=0.038044
2026-08-19 19:54:36 | INFO | epoch=081 train_batch=210/435 running_loss=0.038124
2026-08-19 19:54:36 | INFO | epoch=081 train_batch=220/435 running_loss=0.038165
2026-08-19 19:54:36 | INFO | epoch=081 train_batch=230/435 running_loss=0.038240
2026-08-19 19:54:36 | INFO | epoch=081 train_batch=240/435 running_loss=0.038415
2026-08-19 19:54:37 | INFO | epoch=081 train_batch=250/435 running_loss=0.038367
2026-08-19 19:54:37 | INFO | epoch=081 train_batch=260/435 running_loss=0.038433
2026-08-19 19:54:37 | INFO | epoch=081 train_batch=270/435 running_loss=0.038521
2026-08-19 19:54:37 | INFO | epoch=081 train_batch=280/435 running_loss=0.038598
2026-08-19 19:54:38 | INFO | epoch=081 train_batch=290/435 running_loss=0.038537
2026-08-19 19:54:38 | INFO | epoch=081 train_batch=300/435 running_loss=0.038602
2026-08-19 19:54:38 | INFO | epoch=081 train_batch=310/435 running_loss=0.038584
2026-08-19 19:54:38 | INFO | epoch=081 train_batch=320/435 running_loss=0.038619
2026-08-19 19:54:39 | INFO | epoch=081 train_batch=330/435 running_loss=0.038784
2026-08-19 19:54:39 | INFO | epoch=081 train_batch=340/435 running_loss=0.038850
2026-08-19 19:54:39 | INFO | epoch=081 train_batch=350/435 running_loss=0.038826
2026-08-19 19:54:39 | INFO | epoch=081 train_batch=360/435 running_loss=0.038934
2026-08-19 19:54:40 | INFO | epoch=081 train_batch=370/435 running_loss=0.038916
2026-08-19 19:54:40 | INFO | epoch=081 train_batch=380/435 running_loss=0.038997
2026-08-19 19:54:40 | INFO | epoch=081 train_batch=390/435 running_loss=0.039033
2026-08-19 19:54:40 | INFO | epoch=081 train_batch=400/435 running_loss=0.039035
2026-08-19 19:54:41 | INFO | epoch=081 train_batch=410/435 running_loss=0.039014
2026-08-19 19:54:41 | INFO | epoch=081 train_batch=420/435 running_loss=0.038978
2026-08-19 19:54:41 | INFO | epoch=081 train_batch=430/435 running_loss=0.038957
2026-08-19 19:54:41 | INFO | epoch=081 train_batch=435/435 running_loss=0.038922
2026-08-19 19:54:41 | INFO | epoch=081 train_loss=0.038922 validation_loss=0.116378
2026-08-19 19:54:42 | INFO | epoch=082 train_batch=10/435 running_loss=0.034771
2026-08-19 19:54:42 | INFO | epoch=082 train_batch=20/435 running_loss=0.038350
2026-08-19 19:54:42 | INFO | epoch=082 train_batch=30/435 running_loss=0.038828
2026-08-19 19:54:43 | INFO | epoch=082 train_batch=40/435 running_loss=0.038733
2026-08-19 19:54:43 | INFO | epoch=082 train_batch=50/435 running_loss=0.038768
2026-08-19 19:54:43 | INFO | epoch=082 train_batch=60/435 running_loss=0.039146
2026-08-19 19:54:43 | INFO | epoch=082 train_batch=70/435 running_loss=0.039077
2026-08-19 19:54:44 | INFO | epoch=082 train_batch=80/435 running_loss=0.039193
2026-08-19 19:54:44 | INFO | epoch=082 train_batch=90/435 running_loss=0.039127
2026-08-19 19:54:44 | INFO | epoch=082 train_batch=100/435 running_loss=0.039204
2026-08-19 19:54:44 | INFO | epoch=082 train_batch=110/435 running_loss=0.039316
2026-08-19 19:54:45 | INFO | epoch=082 train_batch=120/435 running_loss=0.039262
2026-08-19 19:54:45 | INFO | epoch=082 train_batch=130/435 running_loss=0.039105
2026-08-19 19:54:45 | INFO | epoch=082 train_batch=140/435 running_loss=0.039348
2026-08-19 19:54:45 | INFO | epoch=082 train_batch=150/435 running_loss=0.039139
2026-08-19 19:54:45 | INFO | epoch=082 train_batch=160/435 running_loss=0.039236
2026-08-19 19:54:46 | INFO | epoch=082 train_batch=170/435 running_loss=0.039096
2026-08-19 19:54:46 | INFO | epoch=082 train_batch=180/435 running_loss=0.039149
2026-08-19 19:54:46 | INFO | epoch=082 train_batch=190/435 running_loss=0.039249
2026-08-19 19:54:46 | INFO | epoch=082 train_batch=200/435 running_loss=0.039232
2026-08-19 19:54:47 | INFO | epoch=082 train_batch=210/435 running_loss=0.039323
2026-08-19 19:54:47 | INFO | epoch=082 train_batch=220/435 running_loss=0.039282
2026-08-19 19:54:47 | INFO | epoch=082 train_batch=230/435 running_loss=0.039399
2026-08-19 19:54:47 | INFO | epoch=082 train_batch=240/435 running_loss=0.039256
2026-08-19 19:54:48 | INFO | epoch=082 train_batch=250/435 running_loss=0.039232
2026-08-19 19:54:48 | INFO | epoch=082 train_batch=260/435 running_loss=0.039202
2026-08-19 19:54:48 | INFO | epoch=082 train_batch=270/435 running_loss=0.039196
2026-08-19 19:54:48 | INFO | epoch=082 train_batch=280/435 running_loss=0.039166
2026-08-19 19:54:49 | INFO | epoch=082 train_batch=290/435 running_loss=0.039168
2026-08-19 19:54:49 | INFO | epoch=082 train_batch=300/435 running_loss=0.039184
2026-08-19 19:54:49 | INFO | epoch=082 train_batch=310/435 running_loss=0.039131
2026-08-19 19:54:49 | INFO | epoch=082 train_batch=320/435 running_loss=0.039147
2026-08-19 19:54:50 | INFO | epoch=082 train_batch=330/435 running_loss=0.039092
2026-08-19 19:54:50 | INFO | epoch=082 train_batch=340/435 running_loss=0.039031
2026-08-19 19:54:50 | INFO | epoch=082 train_batch=350/435 running_loss=0.039111
2026-08-19 19:54:50 | INFO | epoch=082 train_batch=360/435 running_loss=0.039081
2026-08-19 19:54:51 | INFO | epoch=082 train_batch=370/435 running_loss=0.039057
2026-08-19 19:54:51 | INFO | epoch=082 train_batch=380/435 running_loss=0.039013
2026-08-19 19:54:51 | INFO | epoch=082 train_batch=390/435 running_loss=0.038998
2026-08-19 19:54:51 | INFO | epoch=082 train_batch=400/435 running_loss=0.038999
2026-08-19 19:54:52 | INFO | epoch=082 train_batch=410/435 running_loss=0.038952
2026-08-19 19:54:52 | INFO | epoch=082 train_batch=420/435 running_loss=0.038969
2026-08-19 19:54:52 | INFO | epoch=082 train_batch=430/435 running_loss=0.038981
2026-08-19 19:54:52 | INFO | epoch=082 train_batch=435/435 running_loss=0.039000
2026-08-19 19:54:52 | INFO | epoch=082 train_loss=0.039000 validation_loss=0.114889
2026-08-19 19:54:53 | INFO | epoch=083 train_batch=10/435 running_loss=0.036655
2026-08-19 19:54:53 | INFO | epoch=083 train_batch=20/435 running_loss=0.037664
2026-08-19 19:54:53 | INFO | epoch=083 train_batch=30/435 running_loss=0.037063
2026-08-19 19:54:53 | INFO | epoch=083 train_batch=40/435 running_loss=0.037043
2026-08-19 19:54:54 | INFO | epoch=083 train_batch=50/435 running_loss=0.037570
2026-08-19 19:54:54 | INFO | epoch=083 train_batch=60/435 running_loss=0.037039
2026-08-19 19:54:54 | INFO | epoch=083 train_batch=70/435 running_loss=0.036753
2026-08-19 19:54:54 | INFO | epoch=083 train_batch=80/435 running_loss=0.037236
2026-08-19 19:54:55 | INFO | epoch=083 train_batch=90/435 running_loss=0.037428
2026-08-19 19:54:55 | INFO | epoch=083 train_batch=100/435 running_loss=0.037469
2026-08-19 19:54:55 | INFO | epoch=083 train_batch=110/435 running_loss=0.037941
2026-08-19 19:54:55 | INFO | epoch=083 train_batch=120/435 running_loss=0.037965
2026-08-19 19:54:56 | INFO | epoch=083 train_batch=130/435 running_loss=0.038207
2026-08-19 19:54:56 | INFO | epoch=083 train_batch=140/435 running_loss=0.038500
2026-08-19 19:54:56 | INFO | epoch=083 train_batch=150/435 running_loss=0.038296
2026-08-19 19:54:56 | INFO | epoch=083 train_batch=160/435 running_loss=0.038185
2026-08-19 19:54:57 | INFO | epoch=083 train_batch=170/435 running_loss=0.038283
2026-08-19 19:54:57 | INFO | epoch=083 train_batch=180/435 running_loss=0.038351
2026-08-19 19:54:57 | INFO | epoch=083 train_batch=190/435 running_loss=0.038310
2026-08-19 19:54:57 | INFO | epoch=083 train_batch=200/435 running_loss=0.038425
2026-08-19 19:54:58 | INFO | epoch=083 train_batch=210/435 running_loss=0.038384
2026-08-19 19:54:58 | INFO | epoch=083 train_batch=220/435 running_loss=0.038311
2026-08-19 19:54:58 | INFO | epoch=083 train_batch=230/435 running_loss=0.038324
2026-08-19 19:54:59 | INFO | epoch=083 train_batch=240/435 running_loss=0.038241
2026-08-19 19:54:59 | INFO | epoch=083 train_batch=250/435 running_loss=0.038250
2026-08-19 19:54:59 | INFO | epoch=083 train_batch=260/435 running_loss=0.038193
2026-08-19 19:54:59 | INFO | epoch=083 train_batch=270/435 running_loss=0.038295
2026-08-19 19:54:59 | INFO | epoch=083 train_batch=280/435 running_loss=0.038297
2026-08-19 19:55:00 | INFO | epoch=083 train_batch=290/435 running_loss=0.038424
2026-08-19 19:55:00 | INFO | epoch=083 train_batch=300/435 running_loss=0.038534
2026-08-19 19:55:00 | INFO | epoch=083 train_batch=310/435 running_loss=0.038522
2026-08-19 19:55:01 | INFO | epoch=083 train_batch=320/435 running_loss=0.038416
2026-08-19 19:55:01 | INFO | epoch=083 train_batch=330/435 running_loss=0.038361
2026-08-19 19:55:01 | INFO | epoch=083 train_batch=340/435 running_loss=0.038485
2026-08-19 19:55:01 | INFO | epoch=083 train_batch=350/435 running_loss=0.038449
2026-08-19 19:55:01 | INFO | epoch=083 train_batch=360/435 running_loss=0.038438
2026-08-19 19:55:02 | INFO | epoch=083 train_batch=370/435 running_loss=0.038455
2026-08-19 19:55:02 | INFO | epoch=083 train_batch=380/435 running_loss=0.038528
2026-08-19 19:55:02 | INFO | epoch=083 train_batch=390/435 running_loss=0.038485
2026-08-19 19:55:02 | INFO | epoch=083 train_batch=400/435 running_loss=0.038558
2026-08-19 19:55:03 | INFO | epoch=083 train_batch=410/435 running_loss=0.038516
2026-08-19 19:55:03 | INFO | epoch=083 train_batch=420/435 running_loss=0.038648
2026-08-19 19:55:03 | INFO | epoch=083 train_batch=430/435 running_loss=0.038629
2026-08-19 19:55:03 | INFO | epoch=083 train_batch=435/435 running_loss=0.038657
2026-08-19 19:55:04 | INFO | epoch=083 train_loss=0.038657 validation_loss=0.117210
2026-08-19 19:55:04 | INFO | epoch=084 train_batch=10/435 running_loss=0.040050
2026-08-19 19:55:04 | INFO | epoch=084 train_batch=20/435 running_loss=0.039135
2026-08-19 19:55:04 | INFO | epoch=084 train_batch=30/435 running_loss=0.038947
2026-08-19 19:55:05 | INFO | epoch=084 train_batch=40/435 running_loss=0.037833
2026-08-19 19:55:05 | INFO | epoch=084 train_batch=50/435 running_loss=0.037857
2026-08-19 19:55:05 | INFO | epoch=084 train_batch=60/435 running_loss=0.038028
2026-08-19 19:55:05 | INFO | epoch=084 train_batch=70/435 running_loss=0.038294
2026-08-19 19:55:06 | INFO | epoch=084 train_batch=80/435 running_loss=0.038756
2026-08-19 19:55:06 | INFO | epoch=084 train_batch=90/435 running_loss=0.038448
2026-08-19 19:55:06 | INFO | epoch=084 train_batch=100/435 running_loss=0.038622
2026-08-19 19:55:06 | INFO | epoch=084 train_batch=110/435 running_loss=0.038553
2026-08-19 19:55:07 | INFO | epoch=084 train_batch=120/435 running_loss=0.038911
2026-08-19 19:55:07 | INFO | epoch=084 train_batch=130/435 running_loss=0.038703
2026-08-19 19:55:07 | INFO | epoch=084 train_batch=140/435 running_loss=0.038538
2026-08-19 19:55:07 | INFO | epoch=084 train_batch=150/435 running_loss=0.038622
2026-08-19 19:55:08 | INFO | epoch=084 train_batch=160/435 running_loss=0.038624
2026-08-19 19:55:08 | INFO | epoch=084 train_batch=170/435 running_loss=0.038531
2026-08-19 19:55:08 | INFO | epoch=084 train_batch=180/435 running_loss=0.038566
2026-08-19 19:55:08 | INFO | epoch=084 train_batch=190/435 running_loss=0.038541
2026-08-19 19:55:09 | INFO | epoch=084 train_batch=200/435 running_loss=0.038523
2026-08-19 19:55:09 | INFO | epoch=084 train_batch=210/435 running_loss=0.038468
2026-08-19 19:55:09 | INFO | epoch=084 train_batch=220/435 running_loss=0.038428
2026-08-19 19:55:09 | INFO | epoch=084 train_batch=230/435 running_loss=0.038561
2026-08-19 19:55:10 | INFO | epoch=084 train_batch=240/435 running_loss=0.038668
2026-08-19 19:55:10 | INFO | epoch=084 train_batch=250/435 running_loss=0.038637
2026-08-19 19:55:10 | INFO | epoch=084 train_batch=260/435 running_loss=0.038668
2026-08-19 19:55:10 | INFO | epoch=084 train_batch=270/435 running_loss=0.038736
2026-08-19 19:55:11 | INFO | epoch=084 train_batch=280/435 running_loss=0.038733
2026-08-19 19:55:11 | INFO | epoch=084 train_batch=290/435 running_loss=0.038775
2026-08-19 19:55:11 | INFO | epoch=084 train_batch=300/435 running_loss=0.038885
2026-08-19 19:55:11 | INFO | epoch=084 train_batch=310/435 running_loss=0.038898
2026-08-19 19:55:12 | INFO | epoch=084 train_batch=320/435 running_loss=0.038920
2026-08-19 19:55:12 | INFO | epoch=084 train_batch=330/435 running_loss=0.038943
2026-08-19 19:55:12 | INFO | epoch=084 train_batch=340/435 running_loss=0.038942
2026-08-19 19:55:12 | INFO | epoch=084 train_batch=350/435 running_loss=0.038909
2026-08-19 19:55:13 | INFO | epoch=084 train_batch=360/435 running_loss=0.038873
2026-08-19 19:55:13 | INFO | epoch=084 train_batch=370/435 running_loss=0.038839
2026-08-19 19:55:13 | INFO | epoch=084 train_batch=380/435 running_loss=0.038830
2026-08-19 19:55:13 | INFO | epoch=084 train_batch=390/435 running_loss=0.038847
2026-08-19 19:55:14 | INFO | epoch=084 train_batch=400/435 running_loss=0.038875
2026-08-19 19:55:14 | INFO | epoch=084 train_batch=410/435 running_loss=0.038845
2026-08-19 19:55:14 | INFO | epoch=084 train_batch=420/435 running_loss=0.038847
2026-08-19 19:55:14 | INFO | epoch=084 train_batch=430/435 running_loss=0.038834
2026-08-19 19:55:15 | INFO | epoch=084 train_batch=435/435 running_loss=0.038845
2026-08-19 19:55:15 | INFO | epoch=084 train_loss=0.038845 validation_loss=0.116726
2026-08-19 19:55:15 | INFO | epoch=085 train_batch=10/435 running_loss=0.039609
2026-08-19 19:55:15 | INFO | epoch=085 train_batch=20/435 running_loss=0.038832
2026-08-19 19:55:16 | INFO | epoch=085 train_batch=30/435 running_loss=0.038538
2026-08-19 19:55:16 | INFO | epoch=085 train_batch=40/435 running_loss=0.037890
2026-08-19 19:55:16 | INFO | epoch=085 train_batch=50/435 running_loss=0.037901
2026-08-19 19:55:16 | INFO | epoch=085 train_batch=60/435 running_loss=0.037519
2026-08-19 19:55:17 | INFO | epoch=085 train_batch=70/435 running_loss=0.038038
2026-08-19 19:55:17 | INFO | epoch=085 train_batch=80/435 running_loss=0.038086
2026-08-19 19:55:17 | INFO | epoch=085 train_batch=90/435 running_loss=0.038160
2026-08-19 19:55:17 | INFO | epoch=085 train_batch=100/435 running_loss=0.038384
2026-08-19 19:55:18 | INFO | epoch=085 train_batch=110/435 running_loss=0.038351
2026-08-19 19:55:18 | INFO | epoch=085 train_batch=120/435 running_loss=0.038130
2026-08-19 19:55:18 | INFO | epoch=085 train_batch=130/435 running_loss=0.038017
2026-08-19 19:55:18 | INFO | epoch=085 train_batch=140/435 running_loss=0.038098
2026-08-19 19:55:19 | INFO | epoch=085 train_batch=150/435 running_loss=0.038012
2026-08-19 19:55:19 | INFO | epoch=085 train_batch=160/435 running_loss=0.038092
2026-08-19 19:55:19 | INFO | epoch=085 train_batch=170/435 running_loss=0.037959
2026-08-19 19:55:19 | INFO | epoch=085 train_batch=180/435 running_loss=0.037857
2026-08-19 19:55:20 | INFO | epoch=085 train_batch=190/435 running_loss=0.037846
2026-08-19 19:55:20 | INFO | epoch=085 train_batch=200/435 running_loss=0.037681
2026-08-19 19:55:20 | INFO | epoch=085 train_batch=210/435 running_loss=0.037811
2026-08-19 19:55:20 | INFO | epoch=085 train_batch=220/435 running_loss=0.037956
2026-08-19 19:55:20 | INFO | epoch=085 train_batch=230/435 running_loss=0.037924
2026-08-19 19:55:21 | INFO | epoch=085 train_batch=240/435 running_loss=0.037903
2026-08-19 19:55:21 | INFO | epoch=085 train_batch=250/435 running_loss=0.038110
2026-08-19 19:55:21 | INFO | epoch=085 train_batch=260/435 running_loss=0.038110
2026-08-19 19:55:21 | INFO | epoch=085 train_batch=270/435 running_loss=0.038112
2026-08-19 19:55:22 | INFO | epoch=085 train_batch=280/435 running_loss=0.038095
2026-08-19 19:55:22 | INFO | epoch=085 train_batch=290/435 running_loss=0.038174
2026-08-19 19:55:22 | INFO | epoch=085 train_batch=300/435 running_loss=0.038269
2026-08-19 19:55:22 | INFO | epoch=085 train_batch=310/435 running_loss=0.038216
2026-08-19 19:55:23 | INFO | epoch=085 train_batch=320/435 running_loss=0.038279
2026-08-19 19:55:23 | INFO | epoch=085 train_batch=330/435 running_loss=0.038298
2026-08-19 19:55:23 | INFO | epoch=085 train_batch=340/435 running_loss=0.038368
2026-08-19 19:55:23 | INFO | epoch=085 train_batch=350/435 running_loss=0.038448
2026-08-19 19:55:24 | INFO | epoch=085 train_batch=360/435 running_loss=0.038468
2026-08-19 19:55:24 | INFO | epoch=085 train_batch=370/435 running_loss=0.038475
2026-08-19 19:55:24 | INFO | epoch=085 train_batch=380/435 running_loss=0.038446
2026-08-19 19:55:24 | INFO | epoch=085 train_batch=390/435 running_loss=0.038437
2026-08-19 19:55:25 | INFO | epoch=085 train_batch=400/435 running_loss=0.038415
2026-08-19 19:55:25 | INFO | epoch=085 train_batch=410/435 running_loss=0.038439
2026-08-19 19:55:25 | INFO | epoch=085 train_batch=420/435 running_loss=0.038425
2026-08-19 19:55:25 | INFO | epoch=085 train_batch=430/435 running_loss=0.038491
2026-08-19 19:55:26 | INFO | epoch=085 train_batch=435/435 running_loss=0.038474
2026-08-19 19:55:26 | INFO | epoch=085 train_loss=0.038474 validation_loss=0.114623
2026-08-19 19:55:26 | INFO | epoch=086 train_batch=10/435 running_loss=0.038762
2026-08-19 19:55:26 | INFO | epoch=086 train_batch=20/435 running_loss=0.037822
2026-08-19 19:55:27 | INFO | epoch=086 train_batch=30/435 running_loss=0.038448
2026-08-19 19:55:27 | INFO | epoch=086 train_batch=40/435 running_loss=0.038886
2026-08-19 19:55:27 | INFO | epoch=086 train_batch=50/435 running_loss=0.038760
2026-08-19 19:55:27 | INFO | epoch=086 train_batch=60/435 running_loss=0.038456
2026-08-19 19:55:28 | INFO | epoch=086 train_batch=70/435 running_loss=0.037942
2026-08-19 19:55:28 | INFO | epoch=086 train_batch=80/435 running_loss=0.038413
2026-08-19 19:55:28 | INFO | epoch=086 train_batch=90/435 running_loss=0.038614
2026-08-19 19:55:28 | INFO | epoch=086 train_batch=100/435 running_loss=0.038488
2026-08-19 19:55:29 | INFO | epoch=086 train_batch=110/435 running_loss=0.038475
2026-08-19 19:55:29 | INFO | epoch=086 train_batch=120/435 running_loss=0.038377
2026-08-19 19:55:29 | INFO | epoch=086 train_batch=130/435 running_loss=0.038259
2026-08-19 19:55:29 | INFO | epoch=086 train_batch=140/435 running_loss=0.038263
2026-08-19 19:55:30 | INFO | epoch=086 train_batch=150/435 running_loss=0.038449
2026-08-19 19:55:30 | INFO | epoch=086 train_batch=160/435 running_loss=0.038270
2026-08-19 19:55:30 | INFO | epoch=086 train_batch=170/435 running_loss=0.038041
2026-08-19 19:55:30 | INFO | epoch=086 train_batch=180/435 running_loss=0.037985
2026-08-19 19:55:31 | INFO | epoch=086 train_batch=190/435 running_loss=0.038127
2026-08-19 19:55:31 | INFO | epoch=086 train_batch=200/435 running_loss=0.038256
2026-08-19 19:55:31 | INFO | epoch=086 train_batch=210/435 running_loss=0.038306
2026-08-19 19:55:31 | INFO | epoch=086 train_batch=220/435 running_loss=0.038270
2026-08-19 19:55:32 | INFO | epoch=086 train_batch=230/435 running_loss=0.038355
2026-08-19 19:55:32 | INFO | epoch=086 train_batch=240/435 running_loss=0.038489
2026-08-19 19:55:32 | INFO | epoch=086 train_batch=250/435 running_loss=0.038464
2026-08-19 19:55:32 | INFO | epoch=086 train_batch=260/435 running_loss=0.038314
2026-08-19 19:55:33 | INFO | epoch=086 train_batch=270/435 running_loss=0.038243
2026-08-19 19:55:33 | INFO | epoch=086 train_batch=280/435 running_loss=0.038280
2026-08-19 19:55:33 | INFO | epoch=086 train_batch=290/435 running_loss=0.038269
2026-08-19 19:55:33 | INFO | epoch=086 train_batch=300/435 running_loss=0.038273
2026-08-19 19:55:33 | INFO | epoch=086 train_batch=310/435 running_loss=0.038352
2026-08-19 19:55:34 | INFO | epoch=086 train_batch=320/435 running_loss=0.038299
2026-08-19 19:55:34 | INFO | epoch=086 train_batch=330/435 running_loss=0.038281
2026-08-19 19:55:34 | INFO | epoch=086 train_batch=340/435 running_loss=0.038304
2026-08-19 19:55:34 | INFO | epoch=086 train_batch=350/435 running_loss=0.038381
2026-08-19 19:55:35 | INFO | epoch=086 train_batch=360/435 running_loss=0.038397
2026-08-19 19:55:35 | INFO | epoch=086 train_batch=370/435 running_loss=0.038476
2026-08-19 19:55:35 | INFO | epoch=086 train_batch=380/435 running_loss=0.038458
2026-08-19 19:55:35 | INFO | epoch=086 train_batch=390/435 running_loss=0.038456
2026-08-19 19:55:36 | INFO | epoch=086 train_batch=400/435 running_loss=0.038395
2026-08-19 19:55:36 | INFO | epoch=086 train_batch=410/435 running_loss=0.038366
2026-08-19 19:55:36 | INFO | epoch=086 train_batch=420/435 running_loss=0.038325
2026-08-19 19:55:36 | INFO | epoch=086 train_batch=430/435 running_loss=0.038381
2026-08-19 19:55:37 | INFO | epoch=086 train_batch=435/435 running_loss=0.038358
2026-08-19 19:55:37 | INFO | epoch=086 train_loss=0.038358 validation_loss=0.116212
2026-08-19 19:55:37 | INFO | epoch=087 train_batch=10/435 running_loss=0.038944
2026-08-19 19:55:37 | INFO | epoch=087 train_batch=20/435 running_loss=0.038551
2026-08-19 19:55:38 | INFO | epoch=087 train_batch=30/435 running_loss=0.038783
2026-08-19 19:55:38 | INFO | epoch=087 train_batch=40/435 running_loss=0.038178
2026-08-19 19:55:38 | INFO | epoch=087 train_batch=50/435 running_loss=0.037749
2026-08-19 19:55:38 | INFO | epoch=087 train_batch=60/435 running_loss=0.037752
2026-08-19 19:55:39 | INFO | epoch=087 train_batch=70/435 running_loss=0.038048
2026-08-19 19:55:39 | INFO | epoch=087 train_batch=80/435 running_loss=0.037999
2026-08-19 19:55:39 | INFO | epoch=087 train_batch=90/435 running_loss=0.038191
2026-08-19 19:55:39 | INFO | epoch=087 train_batch=100/435 running_loss=0.038124
2026-08-19 19:55:40 | INFO | epoch=087 train_batch=110/435 running_loss=0.038643
2026-08-19 19:55:40 | INFO | epoch=087 train_batch=120/435 running_loss=0.038692
2026-08-19 19:55:40 | INFO | epoch=087 train_batch=130/435 running_loss=0.038618
2026-08-19 19:55:40 | INFO | epoch=087 train_batch=140/435 running_loss=0.038695
2026-08-19 19:55:41 | INFO | epoch=087 train_batch=150/435 running_loss=0.038866
2026-08-19 19:55:41 | INFO | epoch=087 train_batch=160/435 running_loss=0.038958
2026-08-19 19:55:41 | INFO | epoch=087 train_batch=170/435 running_loss=0.038730
2026-08-19 19:55:41 | INFO | epoch=087 train_batch=180/435 running_loss=0.038492
2026-08-19 19:55:41 | INFO | epoch=087 train_batch=190/435 running_loss=0.038323
2026-08-19 19:55:42 | INFO | epoch=087 train_batch=200/435 running_loss=0.038306
2026-08-19 19:55:42 | INFO | epoch=087 train_batch=210/435 running_loss=0.038346
2026-08-19 19:55:42 | INFO | epoch=087 train_batch=220/435 running_loss=0.038291
2026-08-19 19:55:42 | INFO | epoch=087 train_batch=230/435 running_loss=0.038354
2026-08-19 19:55:43 | INFO | epoch=087 train_batch=240/435 running_loss=0.038261
2026-08-19 19:55:43 | INFO | epoch=087 train_batch=250/435 running_loss=0.038338
2026-08-19 19:55:43 | INFO | epoch=087 train_batch=260/435 running_loss=0.038502
2026-08-19 19:55:43 | INFO | epoch=087 train_batch=270/435 running_loss=0.038510
2026-08-19 19:55:44 | INFO | epoch=087 train_batch=280/435 running_loss=0.038513
2026-08-19 19:55:44 | INFO | epoch=087 train_batch=290/435 running_loss=0.038542
2026-08-19 19:55:44 | INFO | epoch=087 train_batch=300/435 running_loss=0.038574
2026-08-19 19:55:44 | INFO | epoch=087 train_batch=310/435 running_loss=0.038515
2026-08-19 19:55:45 | INFO | epoch=087 train_batch=320/435 running_loss=0.038512
2026-08-19 19:55:45 | INFO | epoch=087 train_batch=330/435 running_loss=0.038541
2026-08-19 19:55:45 | INFO | epoch=087 train_batch=340/435 running_loss=0.038535
2026-08-19 19:55:45 | INFO | epoch=087 train_batch=350/435 running_loss=0.038544
2026-08-19 19:55:46 | INFO | epoch=087 train_batch=360/435 running_loss=0.038505
2026-08-19 19:55:46 | INFO | epoch=087 train_batch=370/435 running_loss=0.038440
2026-08-19 19:55:46 | INFO | epoch=087 train_batch=380/435 running_loss=0.038413
2026-08-19 19:55:46 | INFO | epoch=087 train_batch=390/435 running_loss=0.038367
2026-08-19 19:55:47 | INFO | epoch=087 train_batch=400/435 running_loss=0.038326
2026-08-19 19:55:47 | INFO | epoch=087 train_batch=410/435 running_loss=0.038460
2026-08-19 19:55:47 | INFO | epoch=087 train_batch=420/435 running_loss=0.038490
2026-08-19 19:55:47 | INFO | epoch=087 train_batch=430/435 running_loss=0.038505
2026-08-19 19:55:47 | INFO | epoch=087 train_batch=435/435 running_loss=0.038507
2026-08-19 19:55:48 | INFO | epoch=087 train_loss=0.038507 validation_loss=0.116457
2026-08-19 19:55:48 | INFO | epoch=088 train_batch=10/435 running_loss=0.040178
2026-08-19 19:55:48 | INFO | epoch=088 train_batch=20/435 running_loss=0.040517
2026-08-19 19:55:48 | INFO | epoch=088 train_batch=30/435 running_loss=0.039880
2026-08-19 19:55:49 | INFO | epoch=088 train_batch=40/435 running_loss=0.039709
2026-08-19 19:55:49 | INFO | epoch=088 train_batch=50/435 running_loss=0.039138
2026-08-19 19:55:49 | INFO | epoch=088 train_batch=60/435 running_loss=0.038535
2026-08-19 19:55:49 | INFO | epoch=088 train_batch=70/435 running_loss=0.038644
2026-08-19 19:55:50 | INFO | epoch=088 train_batch=80/435 running_loss=0.038293
2026-08-19 19:55:50 | INFO | epoch=088 train_batch=90/435 running_loss=0.038322
2026-08-19 19:55:50 | INFO | epoch=088 train_batch=100/435 running_loss=0.038126
2026-08-19 19:55:50 | INFO | epoch=088 train_batch=110/435 running_loss=0.038166
2026-08-19 19:55:51 | INFO | epoch=088 train_batch=120/435 running_loss=0.037890
2026-08-19 19:55:51 | INFO | epoch=088 train_batch=130/435 running_loss=0.037843
2026-08-19 19:55:51 | INFO | epoch=088 train_batch=140/435 running_loss=0.037766
2026-08-19 19:55:51 | INFO | epoch=088 train_batch=150/435 running_loss=0.037891
2026-08-19 19:55:52 | INFO | epoch=088 train_batch=160/435 running_loss=0.037893
2026-08-19 19:55:52 | INFO | epoch=088 train_batch=170/435 running_loss=0.037830
2026-08-19 19:55:52 | INFO | epoch=088 train_batch=180/435 running_loss=0.037953
2026-08-19 19:55:52 | INFO | epoch=088 train_batch=190/435 running_loss=0.038114
2026-08-19 19:55:53 | INFO | epoch=088 train_batch=200/435 running_loss=0.037984
2026-08-19 19:55:53 | INFO | epoch=088 train_batch=210/435 running_loss=0.038070
2026-08-19 19:55:53 | INFO | epoch=088 train_batch=220/435 running_loss=0.037971
2026-08-19 19:55:53 | INFO | epoch=088 train_batch=230/435 running_loss=0.037998
2026-08-19 19:55:54 | INFO | epoch=088 train_batch=240/435 running_loss=0.038016
2026-08-19 19:55:54 | INFO | epoch=088 train_batch=250/435 running_loss=0.037936
2026-08-19 19:55:54 | INFO | epoch=088 train_batch=260/435 running_loss=0.037909
2026-08-19 19:55:54 | INFO | epoch=088 train_batch=270/435 running_loss=0.037914
2026-08-19 19:55:55 | INFO | epoch=088 train_batch=280/435 running_loss=0.037759
2026-08-19 19:55:55 | INFO | epoch=088 train_batch=290/435 running_loss=0.037793
2026-08-19 19:55:55 | INFO | epoch=088 train_batch=300/435 running_loss=0.037727
2026-08-19 19:55:55 | INFO | epoch=088 train_batch=310/435 running_loss=0.037747
2026-08-19 19:55:56 | INFO | epoch=088 train_batch=320/435 running_loss=0.037741
2026-08-19 19:55:56 | INFO | epoch=088 train_batch=330/435 running_loss=0.037817
2026-08-19 19:55:56 | INFO | epoch=088 train_batch=340/435 running_loss=0.037857
2026-08-19 19:55:56 | INFO | epoch=088 train_batch=350/435 running_loss=0.037987
2026-08-19 19:55:57 | INFO | epoch=088 train_batch=360/435 running_loss=0.038098
2026-08-19 19:55:57 | INFO | epoch=088 train_batch=370/435 running_loss=0.038112
2026-08-19 19:55:57 | INFO | epoch=088 train_batch=380/435 running_loss=0.038174
2026-08-19 19:55:57 | INFO | epoch=088 train_batch=390/435 running_loss=0.038244
2026-08-19 19:55:58 | INFO | epoch=088 train_batch=400/435 running_loss=0.038191
2026-08-19 19:55:58 | INFO | epoch=088 train_batch=410/435 running_loss=0.038110
2026-08-19 19:55:58 | INFO | epoch=088 train_batch=420/435 running_loss=0.038124
2026-08-19 19:55:58 | INFO | epoch=088 train_batch=430/435 running_loss=0.038243
2026-08-19 19:55:59 | INFO | epoch=088 train_batch=435/435 running_loss=0.038221
2026-08-19 19:55:59 | INFO | epoch=088 train_loss=0.038221 validation_loss=0.114842
2026-08-19 19:55:59 | INFO | epoch=089 train_batch=10/435 running_loss=0.038370
2026-08-19 19:55:59 | INFO | epoch=089 train_batch=20/435 running_loss=0.037089
2026-08-19 19:56:00 | INFO | epoch=089 train_batch=30/435 running_loss=0.038609
2026-08-19 19:56:00 | INFO | epoch=089 train_batch=40/435 running_loss=0.038773
2026-08-19 19:56:00 | INFO | epoch=089 train_batch=50/435 running_loss=0.038403
2026-08-19 19:56:00 | INFO | epoch=089 train_batch=60/435 running_loss=0.037671
2026-08-19 19:56:01 | INFO | epoch=089 train_batch=70/435 running_loss=0.037640
2026-08-19 19:56:01 | INFO | epoch=089 train_batch=80/435 running_loss=0.037874
2026-08-19 19:56:01 | INFO | epoch=089 train_batch=90/435 running_loss=0.037863
2026-08-19 19:56:01 | INFO | epoch=089 train_batch=100/435 running_loss=0.037879
2026-08-19 19:56:02 | INFO | epoch=089 train_batch=110/435 running_loss=0.037883
2026-08-19 19:56:02 | INFO | epoch=089 train_batch=120/435 running_loss=0.037817
2026-08-19 19:56:02 | INFO | epoch=089 train_batch=130/435 running_loss=0.037588
2026-08-19 19:56:02 | INFO | epoch=089 train_batch=140/435 running_loss=0.037580
2026-08-19 19:56:03 | INFO | epoch=089 train_batch=150/435 running_loss=0.037344
2026-08-19 19:56:03 | INFO | epoch=089 train_batch=160/435 running_loss=0.037216
2026-08-19 19:56:03 | INFO | epoch=089 train_batch=170/435 running_loss=0.037489
2026-08-19 19:56:03 | INFO | epoch=089 train_batch=180/435 running_loss=0.037444
2026-08-19 19:56:04 | INFO | epoch=089 train_batch=190/435 running_loss=0.037507
2026-08-19 19:56:04 | INFO | epoch=089 train_batch=200/435 running_loss=0.037516
2026-08-19 19:56:04 | INFO | epoch=089 train_batch=210/435 running_loss=0.037700
2026-08-19 19:56:04 | INFO | epoch=089 train_batch=220/435 running_loss=0.037772
2026-08-19 19:56:05 | INFO | epoch=089 train_batch=230/435 running_loss=0.037934
2026-08-19 19:56:05 | INFO | epoch=089 train_batch=240/435 running_loss=0.037934
2026-08-19 19:56:05 | INFO | epoch=089 train_batch=250/435 running_loss=0.038114
2026-08-19 19:56:05 | INFO | epoch=089 train_batch=260/435 running_loss=0.038164
2026-08-19 19:56:06 | INFO | epoch=089 train_batch=270/435 running_loss=0.038306
2026-08-19 19:56:06 | INFO | epoch=089 train_batch=280/435 running_loss=0.038308
2026-08-19 19:56:06 | INFO | epoch=089 train_batch=290/435 running_loss=0.038261
2026-08-19 19:56:06 | INFO | epoch=089 train_batch=300/435 running_loss=0.038262
2026-08-19 19:56:07 | INFO | epoch=089 train_batch=310/435 running_loss=0.038231
2026-08-19 19:56:07 | INFO | epoch=089 train_batch=320/435 running_loss=0.038231
2026-08-19 19:56:07 | INFO | epoch=089 train_batch=330/435 running_loss=0.038214
2026-08-19 19:56:07 | INFO | epoch=089 train_batch=340/435 running_loss=0.038251
2026-08-19 19:56:08 | INFO | epoch=089 train_batch=350/435 running_loss=0.038352
2026-08-19 19:56:08 | INFO | epoch=089 train_batch=360/435 running_loss=0.038348
2026-08-19 19:56:08 | INFO | epoch=089 train_batch=370/435 running_loss=0.038316
2026-08-19 19:56:08 | INFO | epoch=089 train_batch=380/435 running_loss=0.038264
2026-08-19 19:56:09 | INFO | epoch=089 train_batch=390/435 running_loss=0.038238
2026-08-19 19:56:09 | INFO | epoch=089 train_batch=400/435 running_loss=0.038251
2026-08-19 19:56:09 | INFO | epoch=089 train_batch=410/435 running_loss=0.038361
2026-08-19 19:56:09 | INFO | epoch=089 train_batch=420/435 running_loss=0.038331
2026-08-19 19:56:10 | INFO | epoch=089 train_batch=430/435 running_loss=0.038335
2026-08-19 19:56:10 | INFO | epoch=089 train_batch=435/435 running_loss=0.038304
2026-08-19 19:56:10 | INFO | epoch=089 train_loss=0.038304 validation_loss=0.117463
2026-08-19 19:56:10 | INFO | epoch=090 train_batch=10/435 running_loss=0.039072
2026-08-19 19:56:10 | INFO | epoch=090 train_batch=20/435 running_loss=0.038966
2026-08-19 19:56:11 | INFO | epoch=090 train_batch=30/435 running_loss=0.039462
2026-08-19 19:56:11 | INFO | epoch=090 train_batch=40/435 running_loss=0.039171
2026-08-19 19:56:11 | INFO | epoch=090 train_batch=50/435 running_loss=0.039631
2026-08-19 19:56:11 | INFO | epoch=090 train_batch=60/435 running_loss=0.039088
2026-08-19 19:56:12 | INFO | epoch=090 train_batch=70/435 running_loss=0.039234
2026-08-19 19:56:12 | INFO | epoch=090 train_batch=80/435 running_loss=0.039399
2026-08-19 19:56:12 | INFO | epoch=090 train_batch=90/435 running_loss=0.039213
2026-08-19 19:56:13 | INFO | epoch=090 train_batch=100/435 running_loss=0.039042
2026-08-19 19:56:13 | INFO | epoch=090 train_batch=110/435 running_loss=0.038948
2026-08-19 19:56:13 | INFO | epoch=090 train_batch=120/435 running_loss=0.038619
2026-08-19 19:56:13 | INFO | epoch=090 train_batch=130/435 running_loss=0.038619
2026-08-19 19:56:14 | INFO | epoch=090 train_batch=140/435 running_loss=0.038474
2026-08-19 19:56:14 | INFO | epoch=090 train_batch=150/435 running_loss=0.038358
2026-08-19 19:56:14 | INFO | epoch=090 train_batch=160/435 running_loss=0.038185
2026-08-19 19:56:14 | INFO | epoch=090 train_batch=170/435 running_loss=0.037966
2026-08-19 19:56:15 | INFO | epoch=090 train_batch=180/435 running_loss=0.037925
2026-08-19 19:56:15 | INFO | epoch=090 train_batch=190/435 running_loss=0.037823
2026-08-19 19:56:15 | INFO | epoch=090 train_batch=200/435 running_loss=0.037850
2026-08-19 19:56:15 | INFO | epoch=090 train_batch=210/435 running_loss=0.037873
2026-08-19 19:56:16 | INFO | epoch=090 train_batch=220/435 running_loss=0.038098
2026-08-19 19:56:16 | INFO | epoch=090 train_batch=230/435 running_loss=0.038154
2026-08-19 19:56:16 | INFO | epoch=090 train_batch=240/435 running_loss=0.038252
2026-08-19 19:56:16 | INFO | epoch=090 train_batch=250/435 running_loss=0.038262
2026-08-19 19:56:17 | INFO | epoch=090 train_batch=260/435 running_loss=0.038248
2026-08-19 19:56:17 | INFO | epoch=090 train_batch=270/435 running_loss=0.038270
2026-08-19 19:56:17 | INFO | epoch=090 train_batch=280/435 running_loss=0.038201
2026-08-19 19:56:17 | INFO | epoch=090 train_batch=290/435 running_loss=0.038318
2026-08-19 19:56:18 | INFO | epoch=090 train_batch=300/435 running_loss=0.038383
2026-08-19 19:56:18 | INFO | epoch=090 train_batch=310/435 running_loss=0.038336
2026-08-19 19:56:18 | INFO | epoch=090 train_batch=320/435 running_loss=0.038365
2026-08-19 19:56:18 | INFO | epoch=090 train_batch=330/435 running_loss=0.038460
2026-08-19 19:56:19 | INFO | epoch=090 train_batch=340/435 running_loss=0.038428
2026-08-19 19:56:19 | INFO | epoch=090 train_batch=350/435 running_loss=0.038310
2026-08-19 19:56:19 | INFO | epoch=090 train_batch=360/435 running_loss=0.038286
2026-08-19 19:56:19 | INFO | epoch=090 train_batch=370/435 running_loss=0.038249
2026-08-19 19:56:20 | INFO | epoch=090 train_batch=380/435 running_loss=0.038237
2026-08-19 19:56:20 | INFO | epoch=090 train_batch=390/435 running_loss=0.038255
2026-08-19 19:56:20 | INFO | epoch=090 train_batch=400/435 running_loss=0.038207
2026-08-19 19:56:20 | INFO | epoch=090 train_batch=410/435 running_loss=0.038325
2026-08-19 19:56:21 | INFO | epoch=090 train_batch=420/435 running_loss=0.038305
2026-08-19 19:56:21 | INFO | epoch=090 train_batch=430/435 running_loss=0.038285
2026-08-19 19:56:21 | INFO | epoch=090 train_batch=435/435 running_loss=0.038283
2026-08-19 19:56:21 | INFO | epoch=090 train_loss=0.038283 validation_loss=0.114411
2026-08-19 19:56:21 | INFO | epoch=090 saved new best.pt
2026-08-19 19:56:22 | INFO | epoch=091 train_batch=10/435 running_loss=0.038848
2026-08-19 19:56:22 | INFO | epoch=091 train_batch=20/435 running_loss=0.037803
2026-08-19 19:56:22 | INFO | epoch=091 train_batch=30/435 running_loss=0.038068
2026-08-19 19:56:22 | INFO | epoch=091 train_batch=40/435 running_loss=0.037291
2026-08-19 19:56:23 | INFO | epoch=091 train_batch=50/435 running_loss=0.037360
2026-08-19 19:56:23 | INFO | epoch=091 train_batch=60/435 running_loss=0.036932
2026-08-19 19:56:23 | INFO | epoch=091 train_batch=70/435 running_loss=0.036713
2026-08-19 19:56:23 | INFO | epoch=091 train_batch=80/435 running_loss=0.036456
2026-08-19 19:56:24 | INFO | epoch=091 train_batch=90/435 running_loss=0.036680
2026-08-19 19:56:24 | INFO | epoch=091 train_batch=100/435 running_loss=0.036898
2026-08-19 19:56:24 | INFO | epoch=091 train_batch=110/435 running_loss=0.037299
2026-08-19 19:56:24 | INFO | epoch=091 train_batch=120/435 running_loss=0.037481
2026-08-19 19:56:25 | INFO | epoch=091 train_batch=130/435 running_loss=0.037556
2026-08-19 19:56:25 | INFO | epoch=091 train_batch=140/435 running_loss=0.037413
2026-08-19 19:56:25 | INFO | epoch=091 train_batch=150/435 running_loss=0.037333
2026-08-19 19:56:25 | INFO | epoch=091 train_batch=160/435 running_loss=0.037437
2026-08-19 19:56:26 | INFO | epoch=091 train_batch=170/435 running_loss=0.037320
2026-08-19 19:56:26 | INFO | epoch=091 train_batch=180/435 running_loss=0.037665
2026-08-19 19:56:26 | INFO | epoch=091 train_batch=190/435 running_loss=0.037639
2026-08-19 19:56:26 | INFO | epoch=091 train_batch=200/435 running_loss=0.037695
2026-08-19 19:56:27 | INFO | epoch=091 train_batch=210/435 running_loss=0.037640
2026-08-19 19:56:27 | INFO | epoch=091 train_batch=220/435 running_loss=0.037799
2026-08-19 19:56:27 | INFO | epoch=091 train_batch=230/435 running_loss=0.037772
2026-08-19 19:56:27 | INFO | epoch=091 train_batch=240/435 running_loss=0.037836
2026-08-19 19:56:28 | INFO | epoch=091 train_batch=250/435 running_loss=0.037833
2026-08-19 19:56:28 | INFO | epoch=091 train_batch=260/435 running_loss=0.037834
2026-08-19 19:56:28 | INFO | epoch=091 train_batch=270/435 running_loss=0.037917
2026-08-19 19:56:28 | INFO | epoch=091 train_batch=280/435 running_loss=0.038036
2026-08-19 19:56:29 | INFO | epoch=091 train_batch=290/435 running_loss=0.038121
2026-08-19 19:56:29 | INFO | epoch=091 train_batch=300/435 running_loss=0.038185
2026-08-19 19:56:29 | INFO | epoch=091 train_batch=310/435 running_loss=0.038157
2026-08-19 19:56:29 | INFO | epoch=091 train_batch=320/435 running_loss=0.038128
2026-08-19 19:56:30 | INFO | epoch=091 train_batch=330/435 running_loss=0.038105
2026-08-19 19:56:30 | INFO | epoch=091 train_batch=340/435 running_loss=0.038096
2026-08-19 19:56:30 | INFO | epoch=091 train_batch=350/435 running_loss=0.038075
2026-08-19 19:56:30 | INFO | epoch=091 train_batch=360/435 running_loss=0.038055
2026-08-19 19:56:31 | INFO | epoch=091 train_batch=370/435 running_loss=0.038150
2026-08-19 19:56:31 | INFO | epoch=091 train_batch=380/435 running_loss=0.038249
2026-08-19 19:56:31 | INFO | epoch=091 train_batch=390/435 running_loss=0.038290
2026-08-19 19:56:31 | INFO | epoch=091 train_batch=400/435 running_loss=0.038283
2026-08-19 19:56:32 | INFO | epoch=091 train_batch=410/435 running_loss=0.038361
2026-08-19 19:56:32 | INFO | epoch=091 train_batch=420/435 running_loss=0.038370
2026-08-19 19:56:32 | INFO | epoch=091 train_batch=430/435 running_loss=0.038386
2026-08-19 19:56:32 | INFO | epoch=091 train_batch=435/435 running_loss=0.038423
2026-08-19 19:56:32 | INFO | epoch=091 train_loss=0.038423 validation_loss=0.114023
2026-08-19 19:56:32 | INFO | epoch=091 saved new best.pt
2026-08-19 19:56:33 | INFO | epoch=092 train_batch=10/435 running_loss=0.036733
2026-08-19 19:56:33 | INFO | epoch=092 train_batch=20/435 running_loss=0.036125
2026-08-19 19:56:33 | INFO | epoch=092 train_batch=30/435 running_loss=0.036482
2026-08-19 19:56:34 | INFO | epoch=092 train_batch=40/435 running_loss=0.036870
2026-08-19 19:56:34 | INFO | epoch=092 train_batch=50/435 running_loss=0.037296
2026-08-19 19:56:34 | INFO | epoch=092 train_batch=60/435 running_loss=0.036992
2026-08-19 19:56:34 | INFO | epoch=092 train_batch=70/435 running_loss=0.037461
2026-08-19 19:56:35 | INFO | epoch=092 train_batch=80/435 running_loss=0.037541
2026-08-19 19:56:35 | INFO | epoch=092 train_batch=90/435 running_loss=0.037682
2026-08-19 19:56:35 | INFO | epoch=092 train_batch=100/435 running_loss=0.037562
2026-08-19 19:56:35 | INFO | epoch=092 train_batch=110/435 running_loss=0.037523
2026-08-19 19:56:36 | INFO | epoch=092 train_batch=120/435 running_loss=0.037522
2026-08-19 19:56:36 | INFO | epoch=092 train_batch=130/435 running_loss=0.037409
2026-08-19 19:56:36 | INFO | epoch=092 train_batch=140/435 running_loss=0.037458
2026-08-19 19:56:36 | INFO | epoch=092 train_batch=150/435 running_loss=0.037588
2026-08-19 19:56:37 | INFO | epoch=092 train_batch=160/435 running_loss=0.037693
2026-08-19 19:56:37 | INFO | epoch=092 train_batch=170/435 running_loss=0.037649
2026-08-19 19:56:37 | INFO | epoch=092 train_batch=180/435 running_loss=0.037614
2026-08-19 19:56:37 | INFO | epoch=092 train_batch=190/435 running_loss=0.037627
2026-08-19 19:56:38 | INFO | epoch=092 train_batch=200/435 running_loss=0.037618
2026-08-19 19:56:38 | INFO | epoch=092 train_batch=210/435 running_loss=0.037690
2026-08-19 19:56:38 | INFO | epoch=092 train_batch=220/435 running_loss=0.037733
2026-08-19 19:56:38 | INFO | epoch=092 train_batch=230/435 running_loss=0.037651
2026-08-19 19:56:39 | INFO | epoch=092 train_batch=240/435 running_loss=0.037600
2026-08-19 19:56:39 | INFO | epoch=092 train_batch=250/435 running_loss=0.037656
2026-08-19 19:56:39 | INFO | epoch=092 train_batch=260/435 running_loss=0.037794
2026-08-19 19:56:39 | INFO | epoch=092 train_batch=270/435 running_loss=0.037816
2026-08-19 19:56:40 | INFO | epoch=092 train_batch=280/435 running_loss=0.037922
2026-08-19 19:56:40 | INFO | epoch=092 train_batch=290/435 running_loss=0.037899
2026-08-19 19:56:40 | INFO | epoch=092 train_batch=300/435 running_loss=0.037935
2026-08-19 19:56:40 | INFO | epoch=092 train_batch=310/435 running_loss=0.037968
2026-08-19 19:56:41 | INFO | epoch=092 train_batch=320/435 running_loss=0.037955
2026-08-19 19:56:41 | INFO | epoch=092 train_batch=330/435 running_loss=0.037994
2026-08-19 19:56:41 | INFO | epoch=092 train_batch=340/435 running_loss=0.037895
2026-08-19 19:56:41 | INFO | epoch=092 train_batch=350/435 running_loss=0.038054
2026-08-19 19:56:42 | INFO | epoch=092 train_batch=360/435 running_loss=0.038154
2026-08-19 19:56:42 | INFO | epoch=092 train_batch=370/435 running_loss=0.038196
2026-08-19 19:56:42 | INFO | epoch=092 train_batch=380/435 running_loss=0.038150
2026-08-19 19:56:42 | INFO | epoch=092 train_batch=390/435 running_loss=0.038177
2026-08-19 19:56:43 | INFO | epoch=092 train_batch=400/435 running_loss=0.038199
2026-08-19 19:56:43 | INFO | epoch=092 train_batch=410/435 running_loss=0.038198
2026-08-19 19:56:43 | INFO | epoch=092 train_batch=420/435 running_loss=0.038198
2026-08-19 19:56:43 | INFO | epoch=092 train_batch=430/435 running_loss=0.038274
2026-08-19 19:56:43 | INFO | epoch=092 train_batch=435/435 running_loss=0.038197
2026-08-19 19:56:44 | INFO | epoch=092 train_loss=0.038197 validation_loss=0.114963
2026-08-19 19:56:44 | INFO | epoch=093 train_batch=10/435 running_loss=0.035764
2026-08-19 19:56:44 | INFO | epoch=093 train_batch=20/435 running_loss=0.036611
2026-08-19 19:56:44 | INFO | epoch=093 train_batch=30/435 running_loss=0.038271
2026-08-19 19:56:45 | INFO | epoch=093 train_batch=40/435 running_loss=0.037671
2026-08-19 19:56:45 | INFO | epoch=093 train_batch=50/435 running_loss=0.038226
2026-08-19 19:56:45 | INFO | epoch=093 train_batch=60/435 running_loss=0.037919
2026-08-19 19:56:45 | INFO | epoch=093 train_batch=70/435 running_loss=0.037824
2026-08-19 19:56:46 | INFO | epoch=093 train_batch=80/435 running_loss=0.038031
2026-08-19 19:56:46 | INFO | epoch=093 train_batch=90/435 running_loss=0.037808
2026-08-19 19:56:46 | INFO | epoch=093 train_batch=100/435 running_loss=0.037699
2026-08-19 19:56:46 | INFO | epoch=093 train_batch=110/435 running_loss=0.037719
2026-08-19 19:56:47 | INFO | epoch=093 train_batch=120/435 running_loss=0.037570
2026-08-19 19:56:47 | INFO | epoch=093 train_batch=130/435 running_loss=0.037472
2026-08-19 19:56:47 | INFO | epoch=093 train_batch=140/435 running_loss=0.037688
2026-08-19 19:56:47 | INFO | epoch=093 train_batch=150/435 running_loss=0.037581
2026-08-19 19:56:48 | INFO | epoch=093 train_batch=160/435 running_loss=0.037669
2026-08-19 19:56:48 | INFO | epoch=093 train_batch=170/435 running_loss=0.037729
2026-08-19 19:56:48 | INFO | epoch=093 train_batch=180/435 running_loss=0.037713
2026-08-19 19:56:48 | INFO | epoch=093 train_batch=190/435 running_loss=0.037805
2026-08-19 19:56:49 | INFO | epoch=093 train_batch=200/435 running_loss=0.037783
2026-08-19 19:56:49 | INFO | epoch=093 train_batch=210/435 running_loss=0.037922
2026-08-19 19:56:49 | INFO | epoch=093 train_batch=220/435 running_loss=0.037998
2026-08-19 19:56:49 | INFO | epoch=093 train_batch=230/435 running_loss=0.038113
2026-08-19 19:56:50 | INFO | epoch=093 train_batch=240/435 running_loss=0.038112
2026-08-19 19:56:50 | INFO | epoch=093 train_batch=250/435 running_loss=0.038068
2026-08-19 19:56:50 | INFO | epoch=093 train_batch=260/435 running_loss=0.038032
2026-08-19 19:56:50 | INFO | epoch=093 train_batch=270/435 running_loss=0.038066
2026-08-19 19:56:51 | INFO | epoch=093 train_batch=280/435 running_loss=0.038058
2026-08-19 19:56:51 | INFO | epoch=093 train_batch=290/435 running_loss=0.038054
2026-08-19 19:56:51 | INFO | epoch=093 train_batch=300/435 running_loss=0.038073
2026-08-19 19:56:51 | INFO | epoch=093 train_batch=310/435 running_loss=0.037969
2026-08-19 19:56:52 | INFO | epoch=093 train_batch=320/435 running_loss=0.038021
2026-08-19 19:56:52 | INFO | epoch=093 train_batch=330/435 running_loss=0.038056
2026-08-19 19:56:52 | INFO | epoch=093 train_batch=340/435 running_loss=0.038089
2026-08-19 19:56:52 | INFO | epoch=093 train_batch=350/435 running_loss=0.038083
2026-08-19 19:56:53 | INFO | epoch=093 train_batch=360/435 running_loss=0.038208
2026-08-19 19:56:53 | INFO | epoch=093 train_batch=370/435 running_loss=0.038208
2026-08-19 19:56:53 | INFO | epoch=093 train_batch=380/435 running_loss=0.038168
2026-08-19 19:56:53 | INFO | epoch=093 train_batch=390/435 running_loss=0.038132
2026-08-19 19:56:54 | INFO | epoch=093 train_batch=400/435 running_loss=0.038111
2026-08-19 19:56:54 | INFO | epoch=093 train_batch=410/435 running_loss=0.038106
2026-08-19 19:56:54 | INFO | epoch=093 train_batch=420/435 running_loss=0.038181
2026-08-19 19:56:54 | INFO | epoch=093 train_batch=430/435 running_loss=0.038131
2026-08-19 19:56:55 | INFO | epoch=093 train_batch=435/435 running_loss=0.038144
2026-08-19 19:56:55 | INFO | epoch=093 train_loss=0.038144 validation_loss=0.115115
2026-08-19 19:56:55 | INFO | epoch=094 train_batch=10/435 running_loss=0.037684
2026-08-19 19:56:55 | INFO | epoch=094 train_batch=20/435 running_loss=0.037122
2026-08-19 19:56:56 | INFO | epoch=094 train_batch=30/435 running_loss=0.037981
2026-08-19 19:56:56 | INFO | epoch=094 train_batch=40/435 running_loss=0.038815
2026-08-19 19:56:56 | INFO | epoch=094 train_batch=50/435 running_loss=0.038175
2026-08-19 19:56:56 | INFO | epoch=094 train_batch=60/435 running_loss=0.038130
2026-08-19 19:56:57 | INFO | epoch=094 train_batch=70/435 running_loss=0.037706
2026-08-19 19:56:57 | INFO | epoch=094 train_batch=80/435 running_loss=0.037727
2026-08-19 19:56:57 | INFO | epoch=094 train_batch=90/435 running_loss=0.037528
2026-08-19 19:56:57 | INFO | epoch=094 train_batch=100/435 running_loss=0.037674
2026-08-19 19:56:58 | INFO | epoch=094 train_batch=110/435 running_loss=0.037941
2026-08-19 19:56:58 | INFO | epoch=094 train_batch=120/435 running_loss=0.037957
2026-08-19 19:56:58 | INFO | epoch=094 train_batch=130/435 running_loss=0.037983
2026-08-19 19:56:58 | INFO | epoch=094 train_batch=140/435 running_loss=0.037973
2026-08-19 19:56:59 | INFO | epoch=094 train_batch=150/435 running_loss=0.038164
2026-08-19 19:56:59 | INFO | epoch=094 train_batch=160/435 running_loss=0.038057
2026-08-19 19:56:59 | INFO | epoch=094 train_batch=170/435 running_loss=0.038097
2026-08-19 19:56:59 | INFO | epoch=094 train_batch=180/435 running_loss=0.038178
2026-08-19 19:57:00 | INFO | epoch=094 train_batch=190/435 running_loss=0.038071
2026-08-19 19:57:00 | INFO | epoch=094 train_batch=200/435 running_loss=0.038059
2026-08-19 19:57:00 | INFO | epoch=094 train_batch=210/435 running_loss=0.038083
2026-08-19 19:57:00 | INFO | epoch=094 train_batch=220/435 running_loss=0.038209
2026-08-19 19:57:01 | INFO | epoch=094 train_batch=230/435 running_loss=0.038182
2026-08-19 19:57:01 | INFO | epoch=094 train_batch=240/435 running_loss=0.038033
2026-08-19 19:57:01 | INFO | epoch=094 train_batch=250/435 running_loss=0.037971
2026-08-19 19:57:01 | INFO | epoch=094 train_batch=260/435 running_loss=0.038063
2026-08-19 19:57:02 | INFO | epoch=094 train_batch=270/435 running_loss=0.038054
2026-08-19 19:57:02 | INFO | epoch=094 train_batch=280/435 running_loss=0.038022
2026-08-19 19:57:02 | INFO | epoch=094 train_batch=290/435 running_loss=0.037986
2026-08-19 19:57:02 | INFO | epoch=094 train_batch=300/435 running_loss=0.038092
2026-08-19 19:57:03 | INFO | epoch=094 train_batch=310/435 running_loss=0.038063
2026-08-19 19:57:03 | INFO | epoch=094 train_batch=320/435 running_loss=0.038151
2026-08-19 19:57:03 | INFO | epoch=094 train_batch=330/435 running_loss=0.038131
2026-08-19 19:57:03 | INFO | epoch=094 train_batch=340/435 running_loss=0.038165
2026-08-19 19:57:04 | INFO | epoch=094 train_batch=350/435 running_loss=0.038098
2026-08-19 19:57:04 | INFO | epoch=094 train_batch=360/435 running_loss=0.038090
2026-08-19 19:57:04 | INFO | epoch=094 train_batch=370/435 running_loss=0.038098
2026-08-19 19:57:04 | INFO | epoch=094 train_batch=380/435 running_loss=0.038073
2026-08-19 19:57:05 | INFO | epoch=094 train_batch=390/435 running_loss=0.038033
2026-08-19 19:57:05 | INFO | epoch=094 train_batch=400/435 running_loss=0.037996
2026-08-19 19:57:05 | INFO | epoch=094 train_batch=410/435 running_loss=0.038033
2026-08-19 19:57:05 | INFO | epoch=094 train_batch=420/435 running_loss=0.038052
2026-08-19 19:57:06 | INFO | epoch=094 train_batch=430/435 running_loss=0.037963
2026-08-19 19:57:06 | INFO | epoch=094 train_batch=435/435 running_loss=0.037997
2026-08-19 19:57:06 | INFO | epoch=094 train_loss=0.037997 validation_loss=0.112747
2026-08-19 19:57:06 | INFO | epoch=094 saved new best.pt
2026-08-19 19:57:06 | INFO | epoch=095 train_batch=10/435 running_loss=0.038607
2026-08-19 19:57:07 | INFO | epoch=095 train_batch=20/435 running_loss=0.038233
2026-08-19 19:57:07 | INFO | epoch=095 train_batch=30/435 running_loss=0.037601
2026-08-19 19:57:07 | INFO | epoch=095 train_batch=40/435 running_loss=0.038132
2026-08-19 19:57:07 | INFO | epoch=095 train_batch=50/435 running_loss=0.037145
2026-08-19 19:57:08 | INFO | epoch=095 train_batch=60/435 running_loss=0.037389
2026-08-19 19:57:08 | INFO | epoch=095 train_batch=70/435 running_loss=0.037247
2026-08-19 19:57:08 | INFO | epoch=095 train_batch=80/435 running_loss=0.036964
2026-08-19 19:57:08 | INFO | epoch=095 train_batch=90/435 running_loss=0.036902
2026-08-19 19:57:09 | INFO | epoch=095 train_batch=100/435 running_loss=0.036703
2026-08-19 19:57:09 | INFO | epoch=095 train_batch=110/435 running_loss=0.036803
2026-08-19 19:57:09 | INFO | epoch=095 train_batch=120/435 running_loss=0.037139
2026-08-19 19:57:09 | INFO | epoch=095 train_batch=130/435 running_loss=0.037264
2026-08-19 19:57:10 | INFO | epoch=095 train_batch=140/435 running_loss=0.037455
2026-08-19 19:57:10 | INFO | epoch=095 train_batch=150/435 running_loss=0.037672
2026-08-19 19:57:10 | INFO | epoch=095 train_batch=160/435 running_loss=0.037728
2026-08-19 19:57:10 | INFO | epoch=095 train_batch=170/435 running_loss=0.037618
2026-08-19 19:57:11 | INFO | epoch=095 train_batch=180/435 running_loss=0.037655
2026-08-19 19:57:11 | INFO | epoch=095 train_batch=190/435 running_loss=0.037739
2026-08-19 19:57:11 | INFO | epoch=095 train_batch=200/435 running_loss=0.037803
2026-08-19 19:57:11 | INFO | epoch=095 train_batch=210/435 running_loss=0.037795
2026-08-19 19:57:12 | INFO | epoch=095 train_batch=220/435 running_loss=0.037711
2026-08-19 19:57:12 | INFO | epoch=095 train_batch=230/435 running_loss=0.037689
2026-08-19 19:57:12 | INFO | epoch=095 train_batch=240/435 running_loss=0.037738
2026-08-19 19:57:12 | INFO | epoch=095 train_batch=250/435 running_loss=0.037704
2026-08-19 19:57:13 | INFO | epoch=095 train_batch=260/435 running_loss=0.037587
2026-08-19 19:57:13 | INFO | epoch=095 train_batch=270/435 running_loss=0.037621
2026-08-19 19:57:13 | INFO | epoch=095 train_batch=280/435 running_loss=0.037689
2026-08-19 19:57:13 | INFO | epoch=095 train_batch=290/435 running_loss=0.037639
2026-08-19 19:57:14 | INFO | epoch=095 train_batch=300/435 running_loss=0.037615
2026-08-19 19:57:14 | INFO | epoch=095 train_batch=310/435 running_loss=0.037584
2026-08-19 19:57:14 | INFO | epoch=095 train_batch=320/435 running_loss=0.037610
2026-08-19 19:57:14 | INFO | epoch=095 train_batch=330/435 running_loss=0.037628
2026-08-19 19:57:15 | INFO | epoch=095 train_batch=340/435 running_loss=0.037678
2026-08-19 19:57:15 | INFO | epoch=095 train_batch=350/435 running_loss=0.037699
2026-08-19 19:57:15 | INFO | epoch=095 train_batch=360/435 running_loss=0.037768
2026-08-19 19:57:15 | INFO | epoch=095 train_batch=370/435 running_loss=0.037763
2026-08-19 19:57:16 | INFO | epoch=095 train_batch=380/435 running_loss=0.037807
2026-08-19 19:57:16 | INFO | epoch=095 train_batch=390/435 running_loss=0.037881
2026-08-19 19:57:16 | INFO | epoch=095 train_batch=400/435 running_loss=0.037940
2026-08-19 19:57:16 | INFO | epoch=095 train_batch=410/435 running_loss=0.038039
2026-08-19 19:57:17 | INFO | epoch=095 train_batch=420/435 running_loss=0.038035
2026-08-19 19:57:17 | INFO | epoch=095 train_batch=430/435 running_loss=0.038001
2026-08-19 19:57:17 | INFO | epoch=095 train_batch=435/435 running_loss=0.037994
2026-08-19 19:57:17 | INFO | epoch=095 train_loss=0.037994 validation_loss=0.114913
2026-08-19 19:57:18 | INFO | epoch=096 train_batch=10/435 running_loss=0.034374
2026-08-19 19:57:18 | INFO | epoch=096 train_batch=20/435 running_loss=0.035671
2026-08-19 19:57:18 | INFO | epoch=096 train_batch=30/435 running_loss=0.035267
2026-08-19 19:57:18 | INFO | epoch=096 train_batch=40/435 running_loss=0.036421
2026-08-19 19:57:19 | INFO | epoch=096 train_batch=50/435 running_loss=0.036459
2026-08-19 19:57:19 | INFO | epoch=096 train_batch=60/435 running_loss=0.037292
2026-08-19 19:57:19 | INFO | epoch=096 train_batch=70/435 running_loss=0.037448
2026-08-19 19:57:19 | INFO | epoch=096 train_batch=80/435 running_loss=0.037447
2026-08-19 19:57:20 | INFO | epoch=096 train_batch=90/435 running_loss=0.037868
2026-08-19 19:57:20 | INFO | epoch=096 train_batch=100/435 running_loss=0.037464
2026-08-19 19:57:20 | INFO | epoch=096 train_batch=110/435 running_loss=0.037493
2026-08-19 19:57:20 | INFO | epoch=096 train_batch=120/435 running_loss=0.037817
2026-08-19 19:57:21 | INFO | epoch=096 train_batch=130/435 running_loss=0.037814
2026-08-19 19:57:21 | INFO | epoch=096 train_batch=140/435 running_loss=0.037639
2026-08-19 19:57:21 | INFO | epoch=096 train_batch=150/435 running_loss=0.038045
2026-08-19 19:57:21 | INFO | epoch=096 train_batch=160/435 running_loss=0.038116
2026-08-19 19:57:22 | INFO | epoch=096 train_batch=170/435 running_loss=0.038198
2026-08-19 19:57:22 | INFO | epoch=096 train_batch=180/435 running_loss=0.038218
2026-08-19 19:57:22 | INFO | epoch=096 train_batch=190/435 running_loss=0.038226
2026-08-19 19:57:22 | INFO | epoch=096 train_batch=200/435 running_loss=0.038253
2026-08-19 19:57:23 | INFO | epoch=096 train_batch=210/435 running_loss=0.038372
2026-08-19 19:57:23 | INFO | epoch=096 train_batch=220/435 running_loss=0.038252
2026-08-19 19:57:23 | INFO | epoch=096 train_batch=230/435 running_loss=0.038158
2026-08-19 19:57:23 | INFO | epoch=096 train_batch=240/435 running_loss=0.038206
2026-08-19 19:57:24 | INFO | epoch=096 train_batch=250/435 running_loss=0.038112
2026-08-19 19:57:24 | INFO | epoch=096 train_batch=260/435 running_loss=0.038078
2026-08-19 19:57:24 | INFO | epoch=096 train_batch=270/435 running_loss=0.038039
2026-08-19 19:57:24 | INFO | epoch=096 train_batch=280/435 running_loss=0.037933
2026-08-19 19:57:25 | INFO | epoch=096 train_batch=290/435 running_loss=0.038013
2026-08-19 19:57:25 | INFO | epoch=096 train_batch=300/435 running_loss=0.038018
2026-08-19 19:57:25 | INFO | epoch=096 train_batch=310/435 running_loss=0.038050
2026-08-19 19:57:25 | INFO | epoch=096 train_batch=320/435 running_loss=0.037997
2026-08-19 19:57:26 | INFO | epoch=096 train_batch=330/435 running_loss=0.038051
2026-08-19 19:57:26 | INFO | epoch=096 train_batch=340/435 running_loss=0.038015
2026-08-19 19:57:26 | INFO | epoch=096 train_batch=350/435 running_loss=0.038052
2026-08-19 19:57:26 | INFO | epoch=096 train_batch=360/435 running_loss=0.037984
2026-08-19 19:57:27 | INFO | epoch=096 train_batch=370/435 running_loss=0.037950
2026-08-19 19:57:27 | INFO | epoch=096 train_batch=380/435 running_loss=0.037974
2026-08-19 19:57:27 | INFO | epoch=096 train_batch=390/435 running_loss=0.037988
2026-08-19 19:57:27 | INFO | epoch=096 train_batch=400/435 running_loss=0.037982
2026-08-19 19:57:28 | INFO | epoch=096 train_batch=410/435 running_loss=0.037967
2026-08-19 19:57:28 | INFO | epoch=096 train_batch=420/435 running_loss=0.037975
2026-08-19 19:57:28 | INFO | epoch=096 train_batch=430/435 running_loss=0.037975
2026-08-19 19:57:28 | INFO | epoch=096 train_batch=435/435 running_loss=0.037936
2026-08-19 19:57:29 | INFO | epoch=096 train_loss=0.037936 validation_loss=0.114418
2026-08-19 19:57:29 | INFO | epoch=097 train_batch=10/435 running_loss=0.039892
2026-08-19 19:57:29 | INFO | epoch=097 train_batch=20/435 running_loss=0.037406
2026-08-19 19:57:29 | INFO | epoch=097 train_batch=30/435 running_loss=0.037624
2026-08-19 19:57:30 | INFO | epoch=097 train_batch=40/435 running_loss=0.037674
2026-08-19 19:57:30 | INFO | epoch=097 train_batch=50/435 running_loss=0.036886
2026-08-19 19:57:30 | INFO | epoch=097 train_batch=60/435 running_loss=0.036941
2026-08-19 19:57:30 | INFO | epoch=097 train_batch=70/435 running_loss=0.037223
2026-08-19 19:57:31 | INFO | epoch=097 train_batch=80/435 running_loss=0.037066
2026-08-19 19:57:31 | INFO | epoch=097 train_batch=90/435 running_loss=0.037255
2026-08-19 19:57:31 | INFO | epoch=097 train_batch=100/435 running_loss=0.037201
2026-08-19 19:57:31 | INFO | epoch=097 train_batch=110/435 running_loss=0.037349
2026-08-19 19:57:32 | INFO | epoch=097 train_batch=120/435 running_loss=0.037375
2026-08-19 19:57:32 | INFO | epoch=097 train_batch=130/435 running_loss=0.037536
2026-08-19 19:57:32 | INFO | epoch=097 train_batch=140/435 running_loss=0.037527
2026-08-19 19:57:32 | INFO | epoch=097 train_batch=150/435 running_loss=0.037544
2026-08-19 19:57:33 | INFO | epoch=097 train_batch=160/435 running_loss=0.037534
2026-08-19 19:57:33 | INFO | epoch=097 train_batch=170/435 running_loss=0.037535
2026-08-19 19:57:33 | INFO | epoch=097 train_batch=180/435 running_loss=0.037566
2026-08-19 19:57:33 | INFO | epoch=097 train_batch=190/435 running_loss=0.037540
2026-08-19 19:57:34 | INFO | epoch=097 train_batch=200/435 running_loss=0.037450
2026-08-19 19:57:34 | INFO | epoch=097 train_batch=210/435 running_loss=0.037451
2026-08-19 19:57:34 | INFO | epoch=097 train_batch=220/435 running_loss=0.037592
2026-08-19 19:57:34 | INFO | epoch=097 train_batch=230/435 running_loss=0.037529
2026-08-19 19:57:35 | INFO | epoch=097 train_batch=240/435 running_loss=0.037654
2026-08-19 19:57:35 | INFO | epoch=097 train_batch=250/435 running_loss=0.037582
2026-08-19 19:57:35 | INFO | epoch=097 train_batch=260/435 running_loss=0.037690
2026-08-19 19:57:35 | INFO | epoch=097 train_batch=270/435 running_loss=0.037808
2026-08-19 19:57:36 | INFO | epoch=097 train_batch=280/435 running_loss=0.037837
2026-08-19 19:57:36 | INFO | epoch=097 train_batch=290/435 running_loss=0.037882
2026-08-19 19:57:36 | INFO | epoch=097 train_batch=300/435 running_loss=0.037929
2026-08-19 19:57:36 | INFO | epoch=097 train_batch=310/435 running_loss=0.037872
2026-08-19 19:57:37 | INFO | epoch=097 train_batch=320/435 running_loss=0.037915
2026-08-19 19:57:37 | INFO | epoch=097 train_batch=330/435 running_loss=0.037916
2026-08-19 19:57:37 | INFO | epoch=097 train_batch=340/435 running_loss=0.037866
2026-08-19 19:57:37 | INFO | epoch=097 train_batch=350/435 running_loss=0.037767
2026-08-19 19:57:38 | INFO | epoch=097 train_batch=360/435 running_loss=0.037827
2026-08-19 19:57:38 | INFO | epoch=097 train_batch=370/435 running_loss=0.037778
2026-08-19 19:57:38 | INFO | epoch=097 train_batch=380/435 running_loss=0.037823
2026-08-19 19:57:38 | INFO | epoch=097 train_batch=390/435 running_loss=0.037831
2026-08-19 19:57:39 | INFO | epoch=097 train_batch=400/435 running_loss=0.037872
2026-08-19 19:57:39 | INFO | epoch=097 train_batch=410/435 running_loss=0.037845
2026-08-19 19:57:39 | INFO | epoch=097 train_batch=420/435 running_loss=0.037833
2026-08-19 19:57:39 | INFO | epoch=097 train_batch=430/435 running_loss=0.037817
2026-08-19 19:57:40 | INFO | epoch=097 train_batch=435/435 running_loss=0.037794
2026-08-19 19:57:40 | INFO | epoch=097 train_loss=0.037794 validation_loss=0.115221
2026-08-19 19:57:40 | INFO | epoch=098 train_batch=10/435 running_loss=0.035799
2026-08-19 19:57:40 | INFO | epoch=098 train_batch=20/435 running_loss=0.036222
2026-08-19 19:57:41 | INFO | epoch=098 train_batch=30/435 running_loss=0.036586
2026-08-19 19:57:41 | INFO | epoch=098 train_batch=40/435 running_loss=0.036447
2026-08-19 19:57:41 | INFO | epoch=098 train_batch=50/435 running_loss=0.037141
2026-08-19 19:57:41 | INFO | epoch=098 train_batch=60/435 running_loss=0.037557
2026-08-19 19:57:42 | INFO | epoch=098 train_batch=70/435 running_loss=0.037274
2026-08-19 19:57:42 | INFO | epoch=098 train_batch=80/435 running_loss=0.037521
2026-08-19 19:57:42 | INFO | epoch=098 train_batch=90/435 running_loss=0.037496
2026-08-19 19:57:42 | INFO | epoch=098 train_batch=100/435 running_loss=0.037609
2026-08-19 19:57:43 | INFO | epoch=098 train_batch=110/435 running_loss=0.037512
2026-08-19 19:57:43 | INFO | epoch=098 train_batch=120/435 running_loss=0.037769
2026-08-19 19:57:43 | INFO | epoch=098 train_batch=130/435 running_loss=0.037712
2026-08-19 19:57:43 | INFO | epoch=098 train_batch=140/435 running_loss=0.037814
2026-08-19 19:57:44 | INFO | epoch=098 train_batch=150/435 running_loss=0.037916
2026-08-19 19:57:44 | INFO | epoch=098 train_batch=160/435 running_loss=0.037707
2026-08-19 19:57:44 | INFO | epoch=098 train_batch=170/435 running_loss=0.037769
2026-08-19 19:57:44 | INFO | epoch=098 train_batch=180/435 running_loss=0.037653
2026-08-19 19:57:45 | INFO | epoch=098 train_batch=190/435 running_loss=0.037676
2026-08-19 19:57:45 | INFO | epoch=098 train_batch=200/435 running_loss=0.037614
2026-08-19 19:57:45 | INFO | epoch=098 train_batch=210/435 running_loss=0.037521
2026-08-19 19:57:45 | INFO | epoch=098 train_batch=220/435 running_loss=0.037569
2026-08-19 19:57:46 | INFO | epoch=098 train_batch=230/435 running_loss=0.037512
2026-08-19 19:57:46 | INFO | epoch=098 train_batch=240/435 running_loss=0.037507
2026-08-19 19:57:46 | INFO | epoch=098 train_batch=250/435 running_loss=0.037613
2026-08-19 19:57:46 | INFO | epoch=098 train_batch=260/435 running_loss=0.037625
2026-08-19 19:57:46 | INFO | epoch=098 train_batch=270/435 running_loss=0.037660
2026-08-19 19:57:47 | INFO | epoch=098 train_batch=280/435 running_loss=0.037685
2026-08-19 19:57:47 | INFO | epoch=098 train_batch=290/435 running_loss=0.037646
2026-08-19 19:57:47 | INFO | epoch=098 train_batch=300/435 running_loss=0.037707
2026-08-19 19:57:47 | INFO | epoch=098 train_batch=310/435 running_loss=0.037765
2026-08-19 19:57:48 | INFO | epoch=098 train_batch=320/435 running_loss=0.037795
2026-08-19 19:57:48 | INFO | epoch=098 train_batch=330/435 running_loss=0.037741
2026-08-19 19:57:48 | INFO | epoch=098 train_batch=340/435 running_loss=0.037828
2026-08-19 19:57:48 | INFO | epoch=098 train_batch=350/435 running_loss=0.037836
2026-08-19 19:57:49 | INFO | epoch=098 train_batch=360/435 running_loss=0.037882
2026-08-19 19:57:49 | INFO | epoch=098 train_batch=370/435 running_loss=0.037885
2026-08-19 19:57:49 | INFO | epoch=098 train_batch=380/435 running_loss=0.037908
2026-08-19 19:57:49 | INFO | epoch=098 train_batch=390/435 running_loss=0.037929
2026-08-19 19:57:50 | INFO | epoch=098 train_batch=400/435 running_loss=0.037925
2026-08-19 19:57:50 | INFO | epoch=098 train_batch=410/435 running_loss=0.037900
2026-08-19 19:57:50 | INFO | epoch=098 train_batch=420/435 running_loss=0.037859
2026-08-19 19:57:50 | INFO | epoch=098 train_batch=430/435 running_loss=0.037806
2026-08-19 19:57:51 | INFO | epoch=098 train_batch=435/435 running_loss=0.037802
2026-08-19 19:57:51 | INFO | epoch=098 train_loss=0.037802 validation_loss=0.113746
2026-08-19 19:57:51 | INFO | epoch=099 train_batch=10/435 running_loss=0.037096
2026-08-19 19:57:51 | INFO | epoch=099 train_batch=20/435 running_loss=0.037575
2026-08-19 19:57:52 | INFO | epoch=099 train_batch=30/435 running_loss=0.037748
2026-08-19 19:57:52 | INFO | epoch=099 train_batch=40/435 running_loss=0.036970
2026-08-19 19:57:52 | INFO | epoch=099 train_batch=50/435 running_loss=0.037268
2026-08-19 19:57:52 | INFO | epoch=099 train_batch=60/435 running_loss=0.037676
2026-08-19 19:57:53 | INFO | epoch=099 train_batch=70/435 running_loss=0.037760
2026-08-19 19:57:53 | INFO | epoch=099 train_batch=80/435 running_loss=0.037386
2026-08-19 19:57:53 | INFO | epoch=099 train_batch=90/435 running_loss=0.037253
2026-08-19 19:57:53 | INFO | epoch=099 train_batch=100/435 running_loss=0.036972
2026-08-19 19:57:54 | INFO | epoch=099 train_batch=110/435 running_loss=0.036984
2026-08-19 19:57:54 | INFO | epoch=099 train_batch=120/435 running_loss=0.036907
2026-08-19 19:57:54 | INFO | epoch=099 train_batch=130/435 running_loss=0.037028
2026-08-19 19:57:54 | INFO | epoch=099 train_batch=140/435 running_loss=0.037025
2026-08-19 19:57:55 | INFO | epoch=099 train_batch=150/435 running_loss=0.037312
2026-08-19 19:57:55 | INFO | epoch=099 train_batch=160/435 running_loss=0.037222
2026-08-19 19:57:55 | INFO | epoch=099 train_batch=170/435 running_loss=0.037303
2026-08-19 19:57:55 | INFO | epoch=099 train_batch=180/435 running_loss=0.037430
2026-08-19 19:57:56 | INFO | epoch=099 train_batch=190/435 running_loss=0.037483
2026-08-19 19:57:56 | INFO | epoch=099 train_batch=200/435 running_loss=0.037455
2026-08-19 19:57:56 | INFO | epoch=099 train_batch=210/435 running_loss=0.037401
2026-08-19 19:57:56 | INFO | epoch=099 train_batch=220/435 running_loss=0.037375
2026-08-19 19:57:57 | INFO | epoch=099 train_batch=230/435 running_loss=0.037248
2026-08-19 19:57:57 | INFO | epoch=099 train_batch=240/435 running_loss=0.037305
2026-08-19 19:57:57 | INFO | epoch=099 train_batch=250/435 running_loss=0.037466
2026-08-19 19:57:57 | INFO | epoch=099 train_batch=260/435 running_loss=0.037471
2026-08-19 19:57:57 | INFO | epoch=099 train_batch=270/435 running_loss=0.037413
2026-08-19 19:57:58 | INFO | epoch=099 train_batch=280/435 running_loss=0.037548
2026-08-19 19:57:58 | INFO | epoch=099 train_batch=290/435 running_loss=0.037617
2026-08-19 19:57:58 | INFO | epoch=099 train_batch=300/435 running_loss=0.037637
2026-08-19 19:57:58 | INFO | epoch=099 train_batch=310/435 running_loss=0.037545
2026-08-19 19:57:59 | INFO | epoch=099 train_batch=320/435 running_loss=0.037572
2026-08-19 19:57:59 | INFO | epoch=099 train_batch=330/435 running_loss=0.037599
2026-08-19 19:57:59 | INFO | epoch=099 train_batch=340/435 running_loss=0.037714
2026-08-19 19:57:59 | INFO | epoch=099 train_batch=350/435 running_loss=0.037732
2026-08-19 19:58:00 | INFO | epoch=099 train_batch=360/435 running_loss=0.037755
2026-08-19 19:58:00 | INFO | epoch=099 train_batch=370/435 running_loss=0.037793
2026-08-19 19:58:00 | INFO | epoch=099 train_batch=380/435 running_loss=0.037772
2026-08-19 19:58:00 | INFO | epoch=099 train_batch=390/435 running_loss=0.037814
2026-08-19 19:58:01 | INFO | epoch=099 train_batch=400/435 running_loss=0.037848
2026-08-19 19:58:01 | INFO | epoch=099 train_batch=410/435 running_loss=0.037865
2026-08-19 19:58:01 | INFO | epoch=099 train_batch=420/435 running_loss=0.037835
2026-08-19 19:58:01 | INFO | epoch=099 train_batch=430/435 running_loss=0.037855
2026-08-19 19:58:02 | INFO | epoch=099 train_batch=435/435 running_loss=0.037832
2026-08-19 19:58:02 | INFO | epoch=099 train_loss=0.037832 validation_loss=0.113866
2026-08-19 19:58:02 | INFO | epoch=100 train_batch=10/435 running_loss=0.035015
2026-08-19 19:58:02 | INFO | epoch=100 train_batch=20/435 running_loss=0.035991
2026-08-19 19:58:03 | INFO | epoch=100 train_batch=30/435 running_loss=0.034836
2026-08-19 19:58:03 | INFO | epoch=100 train_batch=40/435 running_loss=0.036236
2026-08-19 19:58:03 | INFO | epoch=100 train_batch=50/435 running_loss=0.036116
2026-08-19 19:58:03 | INFO | epoch=100 train_batch=60/435 running_loss=0.035927
2026-08-19 19:58:04 | INFO | epoch=100 train_batch=70/435 running_loss=0.036076
2026-08-19 19:58:04 | INFO | epoch=100 train_batch=80/435 running_loss=0.036185
2026-08-19 19:58:04 | INFO | epoch=100 train_batch=90/435 running_loss=0.036610
2026-08-19 19:58:04 | INFO | epoch=100 train_batch=100/435 running_loss=0.036678
2026-08-19 19:58:05 | INFO | epoch=100 train_batch=110/435 running_loss=0.037037
2026-08-19 19:58:05 | INFO | epoch=100 train_batch=120/435 running_loss=0.037576
2026-08-19 19:58:05 | INFO | epoch=100 train_batch=130/435 running_loss=0.037556
2026-08-19 19:58:05 | INFO | epoch=100 train_batch=140/435 running_loss=0.037645
2026-08-19 19:58:06 | INFO | epoch=100 train_batch=150/435 running_loss=0.037535
2026-08-19 19:58:06 | INFO | epoch=100 train_batch=160/435 running_loss=0.037431
2026-08-19 19:58:06 | INFO | epoch=100 train_batch=170/435 running_loss=0.037431
2026-08-19 19:58:06 | INFO | epoch=100 train_batch=180/435 running_loss=0.037254
2026-08-19 19:58:07 | INFO | epoch=100 train_batch=190/435 running_loss=0.037190
2026-08-19 19:58:07 | INFO | epoch=100 train_batch=200/435 running_loss=0.037257
2026-08-19 19:58:07 | INFO | epoch=100 train_batch=210/435 running_loss=0.037170
2026-08-19 19:58:07 | INFO | epoch=100 train_batch=220/435 running_loss=0.037277
2026-08-19 19:58:08 | INFO | epoch=100 train_batch=230/435 running_loss=0.037289
2026-08-19 19:58:08 | INFO | epoch=100 train_batch=240/435 running_loss=0.037370
2026-08-19 19:58:08 | INFO | epoch=100 train_batch=250/435 running_loss=0.037466
2026-08-19 19:58:08 | INFO | epoch=100 train_batch=260/435 running_loss=0.037469
2026-08-19 19:58:09 | INFO | epoch=100 train_batch=270/435 running_loss=0.037499
2026-08-19 19:58:09 | INFO | epoch=100 train_batch=280/435 running_loss=0.037551
2026-08-19 19:58:09 | INFO | epoch=100 train_batch=290/435 running_loss=0.037555
2026-08-19 19:58:09 | INFO | epoch=100 train_batch=300/435 running_loss=0.037498
2026-08-19 19:58:10 | INFO | epoch=100 train_batch=310/435 running_loss=0.037494
2026-08-19 19:58:10 | INFO | epoch=100 train_batch=320/435 running_loss=0.037474
2026-08-19 19:58:10 | INFO | epoch=100 train_batch=330/435 running_loss=0.037416
2026-08-19 19:58:10 | INFO | epoch=100 train_batch=340/435 running_loss=0.037431
2026-08-19 19:58:11 | INFO | epoch=100 train_batch=350/435 running_loss=0.037469
2026-08-19 19:58:11 | INFO | epoch=100 train_batch=360/435 running_loss=0.037551
2026-08-19 19:58:11 | INFO | epoch=100 train_batch=370/435 running_loss=0.037518
2026-08-19 19:58:11 | INFO | epoch=100 train_batch=380/435 running_loss=0.037577
2026-08-19 19:58:12 | INFO | epoch=100 train_batch=390/435 running_loss=0.037627
2026-08-19 19:58:12 | INFO | epoch=100 train_batch=400/435 running_loss=0.037649
2026-08-19 19:58:12 | INFO | epoch=100 train_batch=410/435 running_loss=0.037691
2026-08-19 19:58:12 | INFO | epoch=100 train_batch=420/435 running_loss=0.037634
2026-08-19 19:58:13 | INFO | epoch=100 train_batch=430/435 running_loss=0.037681
2026-08-19 19:58:13 | INFO | epoch=100 train_batch=435/435 running_loss=0.037694
2026-08-19 19:58:13 | INFO | epoch=100 train_loss=0.037694 validation_loss=0.114099
2026-08-19 19:58:13 | INFO | Best validation loss: 0.112747; checkpoints saved in /bigdata/users/90967055/fuzzyDynamics/NeurIPS_Fuzzy_Dynamics_code/results/fuzzy_dynamics_20260819_193911_669122/checkpoint
