2026-08-20 21:14:35 | INFO | Log file: /bigdata/users/90967055/fuzzyDynamics/NeurIPS_Fuzzy_Dynamics_code/logs/fuzzy_dynamics_20260820_211428_168522/train_fuzzy_dynamics_20260820_211435_864094.log
2026-08-20 21:14:35 | INFO | Arguments: {'activations': '/bigdata/users/90967055/fuzzyDynamics/NeurIPS_Fuzzy_Dynamics_code/cache/socrates_llama3_8b_tuned_full.pt', 'results_root': '/bigdata/users/90967055/fuzzyDynamics/NeurIPS_Fuzzy_Dynamics_code/results', 'experiment_time': '20260820_211428_168522', 'config': '/bigdata/users/90967055/fuzzyDynamics/NeurIPS_Fuzzy_Dynamics_code/configs/fuzzy_dynamics_autonomous.json', 'device': 'cuda', 'seed': 42, 'log_dir': '/bigdata/users/90967055/fuzzyDynamics/NeurIPS_Fuzzy_Dynamics_code/logs', 'log_every_batches': 10}
2026-08-20 21:14:35 | INFO | experiment_time=20260820_211428_168522
2026-08-20 21:15:45 | INFO | split_by=category train=6264 validation=968
2026-08-20 21:15:46 | INFO | Fitting shared frozen PCA projectors on 8192 training states across all layers
2026-08-20 21:15:46 | INFO | Fitting frozen operation PCA projectors on 8192 aligned transitions
2026-08-20 21:15:55 | INFO | Fitted block-balanced delta scales: min=0.115523 median=0.608833 max=1.03053
2026-08-20 21:16:02 | INFO | Checkpoints: /bigdata/users/90967055/fuzzyDynamics/NeurIPS_Fuzzy_Dynamics_code/results/fuzzy_dynamics_20260820_211428_168522/checkpoint
2026-08-20 21:16:02 | INFO | Training results: /bigdata/users/90967055/fuzzyDynamics/NeurIPS_Fuzzy_Dynamics_code/results/fuzzy_dynamics_20260820_211428_168522/training
2026-08-20 21:16:02 | INFO | epoch=001 rollout_horizon=2 operation_teacher_probability=1.0000
2026-08-20 21:16:06 | INFO | epoch=001 train_batch=10/392 running_loss=3.296387
2026-08-20 21:16:07 | INFO | epoch=001 train_batch=20/392 running_loss=2.967069
2026-08-20 21:16:07 | INFO | epoch=001 train_batch=30/392 running_loss=2.760131
2026-08-20 21:16:07 | INFO | epoch=001 train_batch=40/392 running_loss=2.648398
2026-08-20 21:16:08 | INFO | epoch=001 train_batch=50/392 running_loss=2.533515
2026-08-20 21:16:08 | INFO | epoch=001 train_batch=60/392 running_loss=2.431937
2026-08-20 21:16:09 | INFO | epoch=001 train_batch=70/392 running_loss=2.330210
2026-08-20 21:16:09 | INFO | epoch=001 train_batch=80/392 running_loss=2.238605
2026-08-20 21:16:09 | INFO | epoch=001 train_batch=90/392 running_loss=2.178057
2026-08-20 21:16:10 | INFO | epoch=001 train_batch=100/392 running_loss=2.111960
2026-08-20 21:16:10 | INFO | epoch=001 train_batch=110/392 running_loss=2.053977
2026-08-20 21:16:11 | INFO | epoch=001 train_batch=120/392 running_loss=1.993939
2026-08-20 21:16:11 | INFO | epoch=001 train_batch=130/392 running_loss=1.938761
2026-08-20 21:16:11 | INFO | epoch=001 train_batch=140/392 running_loss=1.890396
2026-08-20 21:16:12 | INFO | epoch=001 train_batch=150/392 running_loss=1.849841
2026-08-20 21:16:12 | INFO | epoch=001 train_batch=160/392 running_loss=1.805320
2026-08-20 21:16:12 | INFO | epoch=001 train_batch=170/392 running_loss=1.762630
2026-08-20 21:16:13 | INFO | epoch=001 train_batch=180/392 running_loss=1.718921
2026-08-20 21:16:13 | INFO | epoch=001 train_batch=190/392 running_loss=1.684680
2026-08-20 21:16:14 | INFO | epoch=001 train_batch=200/392 running_loss=1.649927
2026-08-20 21:16:14 | INFO | epoch=001 train_batch=210/392 running_loss=1.620247
2026-08-20 21:16:14 | INFO | epoch=001 train_batch=220/392 running_loss=1.588649
2026-08-20 21:16:15 | INFO | epoch=001 train_batch=230/392 running_loss=1.557091
2026-08-20 21:16:15 | INFO | epoch=001 train_batch=240/392 running_loss=1.533962
2026-08-20 21:16:15 | INFO | epoch=001 train_batch=250/392 running_loss=1.505952
2026-08-20 21:16:16 | INFO | epoch=001 train_batch=260/392 running_loss=1.482188
2026-08-20 21:16:16 | INFO | epoch=001 train_batch=270/392 running_loss=1.458330
2026-08-20 21:16:17 | INFO | epoch=001 train_batch=280/392 running_loss=1.433981
2026-08-20 21:16:17 | INFO | epoch=001 train_batch=290/392 running_loss=1.411579
2026-08-20 21:16:17 | INFO | epoch=001 train_batch=300/392 running_loss=1.389864
2026-08-20 21:16:18 | INFO | epoch=001 train_batch=310/392 running_loss=1.370149
2026-08-20 21:16:18 | INFO | epoch=001 train_batch=320/392 running_loss=1.350685
2026-08-20 21:16:18 | INFO | epoch=001 train_batch=330/392 running_loss=1.332687
2026-08-20 21:16:19 | INFO | epoch=001 train_batch=340/392 running_loss=1.315409
2026-08-20 21:16:19 | INFO | epoch=001 train_batch=350/392 running_loss=1.300567
2026-08-20 21:16:20 | INFO | epoch=001 train_batch=360/392 running_loss=1.284351
2026-08-20 21:16:20 | INFO | epoch=001 train_batch=370/392 running_loss=1.267595
2026-08-20 21:16:20 | INFO | epoch=001 train_batch=380/392 running_loss=1.252044
2026-08-20 21:16:21 | INFO | epoch=001 train_batch=390/392 running_loss=1.239026
2026-08-20 21:16:21 | INFO | epoch=001 train_batch=392/392 running_loss=1.236515
2026-08-20 21:16:24 | INFO | epoch=001 train_loss=1.236515 validation_loss=6.928461
2026-08-20 21:16:24 | INFO | epoch=001 saved new best.pt
2026-08-20 21:16:24 | INFO | epoch=002 rollout_horizon=2 operation_teacher_probability=0.9873
2026-08-20 21:16:24 | INFO | epoch=002 train_batch=10/392 running_loss=0.680896
2026-08-20 21:16:25 | INFO | epoch=002 train_batch=20/392 running_loss=0.701553
2026-08-20 21:16:25 | INFO | epoch=002 train_batch=30/392 running_loss=0.700025
2026-08-20 21:16:26 | INFO | epoch=002 train_batch=40/392 running_loss=0.695533
2026-08-20 21:16:26 | INFO | epoch=002 train_batch=50/392 running_loss=0.688975
2026-08-20 21:16:27 | INFO | epoch=002 train_batch=60/392 running_loss=0.700249
2026-08-20 21:16:27 | INFO | epoch=002 train_batch=70/392 running_loss=0.697575
2026-08-20 21:16:27 | INFO | epoch=002 train_batch=80/392 running_loss=0.706630
2026-08-20 21:16:28 | INFO | epoch=002 train_batch=90/392 running_loss=0.703275
2026-08-20 21:16:28 | INFO | epoch=002 train_batch=100/392 running_loss=0.698107
2026-08-20 21:16:29 | INFO | epoch=002 train_batch=110/392 running_loss=0.689950
2026-08-20 21:16:29 | INFO | epoch=002 train_batch=120/392 running_loss=0.686588
2026-08-20 21:16:30 | INFO | epoch=002 train_batch=130/392 running_loss=0.680073
2026-08-20 21:16:30 | INFO | epoch=002 train_batch=140/392 running_loss=0.675099
2026-08-20 21:16:31 | INFO | epoch=002 train_batch=150/392 running_loss=0.668269
2026-08-20 21:16:31 | INFO | epoch=002 train_batch=160/392 running_loss=0.660488
2026-08-20 21:16:31 | INFO | epoch=002 train_batch=170/392 running_loss=0.656874
2026-08-20 21:16:32 | INFO | epoch=002 train_batch=180/392 running_loss=0.660331
2026-08-20 21:16:32 | INFO | epoch=002 train_batch=190/392 running_loss=0.656598
2026-08-20 21:16:33 | INFO | epoch=002 train_batch=200/392 running_loss=0.653440
2026-08-20 21:16:33 | INFO | epoch=002 train_batch=210/392 running_loss=0.653283
2026-08-20 21:16:34 | INFO | epoch=002 train_batch=220/392 running_loss=0.651842
2026-08-20 21:16:34 | INFO | epoch=002 train_batch=230/392 running_loss=0.650838
2026-08-20 21:16:34 | INFO | epoch=002 train_batch=240/392 running_loss=0.648156
2026-08-20 21:16:35 | INFO | epoch=002 train_batch=250/392 running_loss=0.644663
2026-08-20 21:16:35 | INFO | epoch=002 train_batch=260/392 running_loss=0.643033
2026-08-20 21:16:36 | INFO | epoch=002 train_batch=270/392 running_loss=0.638688
2026-08-20 21:16:36 | INFO | epoch=002 train_batch=280/392 running_loss=0.636469
2026-08-20 21:16:37 | INFO | epoch=002 train_batch=290/392 running_loss=0.633912
2026-08-20 21:16:37 | INFO | epoch=002 train_batch=300/392 running_loss=0.632755
2026-08-20 21:16:38 | INFO | epoch=002 train_batch=310/392 running_loss=0.630136
2026-08-20 21:16:38 | INFO | epoch=002 train_batch=320/392 running_loss=0.625643
2026-08-20 21:16:38 | INFO | epoch=002 train_batch=330/392 running_loss=0.625454
2026-08-20 21:16:39 | INFO | epoch=002 train_batch=340/392 running_loss=0.623042
2026-08-20 21:16:39 | INFO | epoch=002 train_batch=350/392 running_loss=0.620985
2026-08-20 21:16:40 | INFO | epoch=002 train_batch=360/392 running_loss=0.618606
2026-08-20 21:16:40 | INFO | epoch=002 train_batch=370/392 running_loss=0.616207
2026-08-20 21:16:41 | INFO | epoch=002 train_batch=380/392 running_loss=0.614148
2026-08-20 21:16:41 | INFO | epoch=002 train_batch=390/392 running_loss=0.612114
2026-08-20 21:16:41 | INFO | epoch=002 train_batch=392/392 running_loss=0.611720
2026-08-20 21:16:44 | INFO | epoch=002 train_loss=0.611720 validation_loss=6.445618
2026-08-20 21:16:44 | INFO | epoch=002 saved new best.pt
2026-08-20 21:16:44 | INFO | epoch=003 rollout_horizon=2 operation_teacher_probability=0.9747
2026-08-20 21:16:45 | INFO | epoch=003 train_batch=10/392 running_loss=0.512619
2026-08-20 21:16:45 | INFO | epoch=003 train_batch=20/392 running_loss=0.501105
2026-08-20 21:16:45 | INFO | epoch=003 train_batch=30/392 running_loss=0.503206
2026-08-20 21:16:46 | INFO | epoch=003 train_batch=40/392 running_loss=0.506743
2026-08-20 21:16:46 | INFO | epoch=003 train_batch=50/392 running_loss=0.510324
2026-08-20 21:16:47 | INFO | epoch=003 train_batch=60/392 running_loss=0.516878
2026-08-20 21:16:47 | INFO | epoch=003 train_batch=70/392 running_loss=0.518167
2026-08-20 21:16:47 | INFO | epoch=003 train_batch=80/392 running_loss=0.519445
2026-08-20 21:16:48 | INFO | epoch=003 train_batch=90/392 running_loss=0.517708
2026-08-20 21:16:48 | INFO | epoch=003 train_batch=100/392 running_loss=0.515283
2026-08-20 21:16:49 | INFO | epoch=003 train_batch=110/392 running_loss=0.519103
2026-08-20 21:16:49 | INFO | epoch=003 train_batch=120/392 running_loss=0.518860
2026-08-20 21:16:49 | INFO | epoch=003 train_batch=130/392 running_loss=0.516400
2026-08-20 21:16:50 | INFO | epoch=003 train_batch=140/392 running_loss=0.511732
2026-08-20 21:16:50 | INFO | epoch=003 train_batch=150/392 running_loss=0.508965
2026-08-20 21:16:51 | INFO | epoch=003 train_batch=160/392 running_loss=0.508497
2026-08-20 21:16:51 | INFO | epoch=003 train_batch=170/392 running_loss=0.509267
2026-08-20 21:16:51 | INFO | epoch=003 train_batch=180/392 running_loss=0.512342
2026-08-20 21:16:52 | INFO | epoch=003 train_batch=190/392 running_loss=0.510752
2026-08-20 21:16:52 | INFO | epoch=003 train_batch=200/392 running_loss=0.510922
2026-08-20 21:16:52 | INFO | epoch=003 train_batch=210/392 running_loss=0.509110
2026-08-20 21:16:53 | INFO | epoch=003 train_batch=220/392 running_loss=0.510259
2026-08-20 21:16:53 | INFO | epoch=003 train_batch=230/392 running_loss=0.507526
2026-08-20 21:16:54 | INFO | epoch=003 train_batch=240/392 running_loss=0.506745
2026-08-20 21:16:54 | INFO | epoch=003 train_batch=250/392 running_loss=0.504692
2026-08-20 21:16:54 | INFO | epoch=003 train_batch=260/392 running_loss=0.503049
2026-08-20 21:16:55 | INFO | epoch=003 train_batch=270/392 running_loss=0.501170
2026-08-20 21:16:55 | INFO | epoch=003 train_batch=280/392 running_loss=0.500015
2026-08-20 21:16:56 | INFO | epoch=003 train_batch=290/392 running_loss=0.498554
2026-08-20 21:16:56 | INFO | epoch=003 train_batch=300/392 running_loss=0.497440
2026-08-20 21:16:56 | INFO | epoch=003 train_batch=310/392 running_loss=0.496444
2026-08-20 21:16:57 | INFO | epoch=003 train_batch=320/392 running_loss=0.494728
2026-08-20 21:16:57 | INFO | epoch=003 train_batch=330/392 running_loss=0.492781
2026-08-20 21:16:58 | INFO | epoch=003 train_batch=340/392 running_loss=0.492549
2026-08-20 21:16:58 | INFO | epoch=003 train_batch=350/392 running_loss=0.492181
2026-08-20 21:16:58 | INFO | epoch=003 train_batch=360/392 running_loss=0.491596
2026-08-20 21:16:59 | INFO | epoch=003 train_batch=370/392 running_loss=0.490990
2026-08-20 21:16:59 | INFO | epoch=003 train_batch=380/392 running_loss=0.490420
2026-08-20 21:16:59 | INFO | epoch=003 train_batch=390/392 running_loss=0.489435
2026-08-20 21:17:00 | INFO | epoch=003 train_batch=392/392 running_loss=0.489481
2026-08-20 21:17:03 | INFO | epoch=003 train_loss=0.489481 validation_loss=11.514215
2026-08-20 21:17:03 | INFO | epoch=004 rollout_horizon=2 operation_teacher_probability=0.9620
2026-08-20 21:17:03 | INFO | epoch=004 train_batch=10/392 running_loss=0.470926
2026-08-20 21:17:04 | INFO | epoch=004 train_batch=20/392 running_loss=0.459546
2026-08-20 21:17:04 | INFO | epoch=004 train_batch=30/392 running_loss=0.459065
2026-08-20 21:17:04 | INFO | epoch=004 train_batch=40/392 running_loss=0.457337
2026-08-20 21:17:05 | INFO | epoch=004 train_batch=50/392 running_loss=0.454388
2026-08-20 21:17:05 | INFO | epoch=004 train_batch=60/392 running_loss=0.449857
2026-08-20 21:17:06 | INFO | epoch=004 train_batch=70/392 running_loss=0.452420
2026-08-20 21:17:06 | INFO | epoch=004 train_batch=80/392 running_loss=0.449778
2026-08-20 21:17:06 | INFO | epoch=004 train_batch=90/392 running_loss=0.449995
2026-08-20 21:17:07 | INFO | epoch=004 train_batch=100/392 running_loss=0.450229
2026-08-20 21:17:07 | INFO | epoch=004 train_batch=110/392 running_loss=0.451209
2026-08-20 21:17:08 | INFO | epoch=004 train_batch=120/392 running_loss=0.453848
2026-08-20 21:17:08 | INFO | epoch=004 train_batch=130/392 running_loss=0.454862
2026-08-20 21:17:08 | INFO | epoch=004 train_batch=140/392 running_loss=0.454485
2026-08-20 21:17:09 | INFO | epoch=004 train_batch=150/392 running_loss=0.453291
2026-08-20 21:17:09 | INFO | epoch=004 train_batch=160/392 running_loss=0.451680
2026-08-20 21:17:10 | INFO | epoch=004 train_batch=170/392 running_loss=0.452000
2026-08-20 21:17:10 | INFO | epoch=004 train_batch=180/392 running_loss=0.450213
2026-08-20 21:17:10 | INFO | epoch=004 train_batch=190/392 running_loss=0.450506
2026-08-20 21:17:11 | INFO | epoch=004 train_batch=200/392 running_loss=0.449173
2026-08-20 21:17:11 | INFO | epoch=004 train_batch=210/392 running_loss=0.447647
2026-08-20 21:17:12 | INFO | epoch=004 train_batch=220/392 running_loss=0.447435
2026-08-20 21:17:12 | INFO | epoch=004 train_batch=230/392 running_loss=0.445666
2026-08-20 21:17:12 | INFO | epoch=004 train_batch=240/392 running_loss=0.445187
2026-08-20 21:17:13 | INFO | epoch=004 train_batch=250/392 running_loss=0.442940
2026-08-20 21:17:13 | INFO | epoch=004 train_batch=260/392 running_loss=0.444147
2026-08-20 21:17:14 | INFO | epoch=004 train_batch=270/392 running_loss=0.444916
2026-08-20 21:17:14 | INFO | epoch=004 train_batch=280/392 running_loss=0.444113
2026-08-20 21:17:14 | INFO | epoch=004 train_batch=290/392 running_loss=0.442695
2026-08-20 21:17:15 | INFO | epoch=004 train_batch=300/392 running_loss=0.442197
2026-08-20 21:17:15 | INFO | epoch=004 train_batch=310/392 running_loss=0.441262
2026-08-20 21:17:15 | INFO | epoch=004 train_batch=320/392 running_loss=0.440312
2026-08-20 21:17:16 | INFO | epoch=004 train_batch=330/392 running_loss=0.439651
2026-08-20 21:17:16 | INFO | epoch=004 train_batch=340/392 running_loss=0.438341
2026-08-20 21:17:17 | INFO | epoch=004 train_batch=350/392 running_loss=0.437414
2026-08-20 21:17:17 | INFO | epoch=004 train_batch=360/392 running_loss=0.436329
2026-08-20 21:17:17 | INFO | epoch=004 train_batch=370/392 running_loss=0.435746
2026-08-20 21:17:18 | INFO | epoch=004 train_batch=380/392 running_loss=0.436155
2026-08-20 21:17:18 | INFO | epoch=004 train_batch=390/392 running_loss=0.435636
2026-08-20 21:17:18 | INFO | epoch=004 train_batch=392/392 running_loss=0.436228
2026-08-20 21:17:21 | INFO | epoch=004 train_loss=0.436228 validation_loss=29.780377
2026-08-20 21:17:21 | INFO | epoch=005 rollout_horizon=2 operation_teacher_probability=0.9494
2026-08-20 21:17:22 | INFO | epoch=005 train_batch=10/392 running_loss=0.410016
2026-08-20 21:17:22 | INFO | epoch=005 train_batch=20/392 running_loss=0.404782
2026-08-20 21:17:22 | INFO | epoch=005 train_batch=30/392 running_loss=0.412419
2026-08-20 21:17:23 | INFO | epoch=005 train_batch=40/392 running_loss=0.410443
2026-08-20 21:17:23 | INFO | epoch=005 train_batch=50/392 running_loss=0.415636
2026-08-20 21:17:24 | INFO | epoch=005 train_batch=60/392 running_loss=0.416721
2026-08-20 21:17:24 | INFO | epoch=005 train_batch=70/392 running_loss=0.418168
2026-08-20 21:17:24 | INFO | epoch=005 train_batch=80/392 running_loss=0.413047
2026-08-20 21:17:25 | INFO | epoch=005 train_batch=90/392 running_loss=0.410628
2026-08-20 21:17:25 | INFO | epoch=005 train_batch=100/392 running_loss=0.410146
2026-08-20 21:17:26 | INFO | epoch=005 train_batch=110/392 running_loss=0.409260
2026-08-20 21:17:26 | INFO | epoch=005 train_batch=120/392 running_loss=0.409804
2026-08-20 21:17:26 | INFO | epoch=005 train_batch=130/392 running_loss=0.409734
2026-08-20 21:17:27 | INFO | epoch=005 train_batch=140/392 running_loss=0.409744
2026-08-20 21:17:27 | INFO | epoch=005 train_batch=150/392 running_loss=0.409645
2026-08-20 21:17:27 | INFO | epoch=005 train_batch=160/392 running_loss=0.410238
2026-08-20 21:17:28 | INFO | epoch=005 train_batch=170/392 running_loss=0.410491
2026-08-20 21:17:28 | INFO | epoch=005 train_batch=180/392 running_loss=0.410482
2026-08-20 21:17:29 | INFO | epoch=005 train_batch=190/392 running_loss=0.410979
2026-08-20 21:17:29 | INFO | epoch=005 train_batch=200/392 running_loss=0.411959
2026-08-20 21:17:29 | INFO | epoch=005 train_batch=210/392 running_loss=0.412136
2026-08-20 21:17:30 | INFO | epoch=005 train_batch=220/392 running_loss=0.411583
2026-08-20 21:17:30 | INFO | epoch=005 train_batch=230/392 running_loss=0.412151
2026-08-20 21:17:30 | INFO | epoch=005 train_batch=240/392 running_loss=0.409990
2026-08-20 21:17:31 | INFO | epoch=005 train_batch=250/392 running_loss=0.408738
2026-08-20 21:17:31 | INFO | epoch=005 train_batch=260/392 running_loss=0.407160
2026-08-20 21:17:32 | INFO | epoch=005 train_batch=270/392 running_loss=0.408871
2026-08-20 21:17:32 | INFO | epoch=005 train_batch=280/392 running_loss=0.408404
2026-08-20 21:17:32 | INFO | epoch=005 train_batch=290/392 running_loss=0.407627
2026-08-20 21:17:33 | INFO | epoch=005 train_batch=300/392 running_loss=0.406988
2026-08-20 21:17:33 | INFO | epoch=005 train_batch=310/392 running_loss=0.407564
2026-08-20 21:17:33 | INFO | epoch=005 train_batch=320/392 running_loss=0.407494
2026-08-20 21:17:34 | INFO | epoch=005 train_batch=330/392 running_loss=0.407185
2026-08-20 21:17:34 | INFO | epoch=005 train_batch=340/392 running_loss=0.406557
2026-08-20 21:17:35 | INFO | epoch=005 train_batch=350/392 running_loss=0.404960
2026-08-20 21:17:35 | INFO | epoch=005 train_batch=360/392 running_loss=0.405121
2026-08-20 21:17:35 | INFO | epoch=005 train_batch=370/392 running_loss=0.406123
2026-08-20 21:17:36 | INFO | epoch=005 train_batch=380/392 running_loss=0.405074
2026-08-20 21:17:36 | INFO | epoch=005 train_batch=390/392 running_loss=0.404444
2026-08-20 21:17:36 | INFO | epoch=005 train_batch=392/392 running_loss=0.404386
2026-08-20 21:17:39 | INFO | epoch=005 train_loss=0.404386 validation_loss=17.789504
2026-08-20 21:17:39 | INFO | epoch=006 rollout_horizon=2 operation_teacher_probability=0.9367
2026-08-20 21:17:40 | INFO | epoch=006 train_batch=10/392 running_loss=0.403511
2026-08-20 21:17:40 | INFO | epoch=006 train_batch=20/392 running_loss=0.388885
2026-08-20 21:17:40 | INFO | epoch=006 train_batch=30/392 running_loss=0.384418
2026-08-20 21:17:41 | INFO | epoch=006 train_batch=40/392 running_loss=0.392706
2026-08-20 21:17:41 | INFO | epoch=006 train_batch=50/392 running_loss=0.385539
2026-08-20 21:17:41 | INFO | epoch=006 train_batch=60/392 running_loss=0.380391
2026-08-20 21:17:42 | INFO | epoch=006 train_batch=70/392 running_loss=0.379188
2026-08-20 21:17:42 | INFO | epoch=006 train_batch=80/392 running_loss=0.381871
2026-08-20 21:17:43 | INFO | epoch=006 train_batch=90/392 running_loss=0.386011
2026-08-20 21:17:43 | INFO | epoch=006 train_batch=100/392 running_loss=0.383248
2026-08-20 21:17:43 | INFO | epoch=006 train_batch=110/392 running_loss=0.386088
2026-08-20 21:17:44 | INFO | epoch=006 train_batch=120/392 running_loss=0.385000
2026-08-20 21:17:44 | INFO | epoch=006 train_batch=130/392 running_loss=0.386331
2026-08-20 21:17:45 | INFO | epoch=006 train_batch=140/392 running_loss=0.385198
2026-08-20 21:17:45 | INFO | epoch=006 train_batch=150/392 running_loss=0.386824
2026-08-20 21:17:45 | INFO | epoch=006 train_batch=160/392 running_loss=0.386470
2026-08-20 21:17:46 | INFO | epoch=006 train_batch=170/392 running_loss=0.385699
2026-08-20 21:17:46 | INFO | epoch=006 train_batch=180/392 running_loss=0.385140
2026-08-20 21:17:46 | INFO | epoch=006 train_batch=190/392 running_loss=0.384322
2026-08-20 21:17:47 | INFO | epoch=006 train_batch=200/392 running_loss=0.383648
2026-08-20 21:17:47 | INFO | epoch=006 train_batch=210/392 running_loss=0.383344
2026-08-20 21:17:48 | INFO | epoch=006 train_batch=220/392 running_loss=0.383043
2026-08-20 21:17:48 | INFO | epoch=006 train_batch=230/392 running_loss=0.381821
2026-08-20 21:17:48 | INFO | epoch=006 train_batch=240/392 running_loss=0.382709
2026-08-20 21:17:49 | INFO | epoch=006 train_batch=250/392 running_loss=0.384219
2026-08-20 21:17:49 | INFO | epoch=006 train_batch=260/392 running_loss=0.385893
2026-08-20 21:17:50 | INFO | epoch=006 train_batch=270/392 running_loss=0.384773
2026-08-20 21:17:50 | INFO | epoch=006 train_batch=280/392 running_loss=0.384228
2026-08-20 21:17:50 | INFO | epoch=006 train_batch=290/392 running_loss=0.384396
2026-08-20 21:17:51 | INFO | epoch=006 train_batch=300/392 running_loss=0.383837
2026-08-20 21:17:51 | INFO | epoch=006 train_batch=310/392 running_loss=0.382938
2026-08-20 21:17:51 | INFO | epoch=006 train_batch=320/392 running_loss=0.382966
2026-08-20 21:17:52 | INFO | epoch=006 train_batch=330/392 running_loss=0.382299
2026-08-20 21:17:52 | INFO | epoch=006 train_batch=340/392 running_loss=0.382528
2026-08-20 21:17:53 | INFO | epoch=006 train_batch=350/392 running_loss=0.381086
2026-08-20 21:17:53 | INFO | epoch=006 train_batch=360/392 running_loss=0.379880
2026-08-20 21:17:53 | INFO | epoch=006 train_batch=370/392 running_loss=0.379562
2026-08-20 21:17:54 | INFO | epoch=006 train_batch=380/392 running_loss=0.379214
2026-08-20 21:17:54 | INFO | epoch=006 train_batch=390/392 running_loss=0.379218
2026-08-20 21:17:54 | INFO | epoch=006 train_batch=392/392 running_loss=0.378756
2026-08-20 21:17:57 | INFO | epoch=006 train_loss=0.378756 validation_loss=56.729580
2026-08-20 21:17:57 | INFO | epoch=007 rollout_horizon=2 operation_teacher_probability=0.9241
2026-08-20 21:17:58 | INFO | epoch=007 train_batch=10/392 running_loss=0.381594
2026-08-20 21:17:58 | INFO | epoch=007 train_batch=20/392 running_loss=0.372413
2026-08-20 21:17:59 | INFO | epoch=007 train_batch=30/392 running_loss=0.381628
2026-08-20 21:17:59 | INFO | epoch=007 train_batch=40/392 running_loss=0.379318
2026-08-20 21:17:59 | INFO | epoch=007 train_batch=50/392 running_loss=0.373642
2026-08-20 21:18:00 | INFO | epoch=007 train_batch=60/392 running_loss=0.371852
2026-08-20 21:18:00 | INFO | epoch=007 train_batch=70/392 running_loss=0.372168
2026-08-20 21:18:00 | INFO | epoch=007 train_batch=80/392 running_loss=0.366897
2026-08-20 21:18:01 | INFO | epoch=007 train_batch=90/392 running_loss=0.362688
2026-08-20 21:18:01 | INFO | epoch=007 train_batch=100/392 running_loss=0.362805
2026-08-20 21:18:02 | INFO | epoch=007 train_batch=110/392 running_loss=0.364890
2026-08-20 21:18:02 | INFO | epoch=007 train_batch=120/392 running_loss=0.364854
2026-08-20 21:18:02 | INFO | epoch=007 train_batch=130/392 running_loss=0.366230
2026-08-20 21:18:03 | INFO | epoch=007 train_batch=140/392 running_loss=0.363599
2026-08-20 21:18:03 | INFO | epoch=007 train_batch=150/392 running_loss=0.364850
2026-08-20 21:18:03 | INFO | epoch=007 train_batch=160/392 running_loss=0.364326
2026-08-20 21:18:04 | INFO | epoch=007 train_batch=170/392 running_loss=0.362741
2026-08-20 21:18:04 | INFO | epoch=007 train_batch=180/392 running_loss=0.362178
2026-08-20 21:18:05 | INFO | epoch=007 train_batch=190/392 running_loss=0.363290
2026-08-20 21:18:05 | INFO | epoch=007 train_batch=200/392 running_loss=0.361510
2026-08-20 21:18:05 | INFO | epoch=007 train_batch=210/392 running_loss=0.362684
2026-08-20 21:18:06 | INFO | epoch=007 train_batch=220/392 running_loss=0.362192
2026-08-20 21:18:06 | INFO | epoch=007 train_batch=230/392 running_loss=0.360150
2026-08-20 21:18:06 | INFO | epoch=007 train_batch=240/392 running_loss=0.359820
2026-08-20 21:18:07 | INFO | epoch=007 train_batch=250/392 running_loss=0.358405
2026-08-20 21:18:07 | INFO | epoch=007 train_batch=260/392 running_loss=0.357728
2026-08-20 21:18:08 | INFO | epoch=007 train_batch=270/392 running_loss=0.358189
2026-08-20 21:18:08 | INFO | epoch=007 train_batch=280/392 running_loss=0.357677
2026-08-20 21:18:08 | INFO | epoch=007 train_batch=290/392 running_loss=0.357569
2026-08-20 21:18:09 | INFO | epoch=007 train_batch=300/392 running_loss=0.358265
2026-08-20 21:18:09 | INFO | epoch=007 train_batch=310/392 running_loss=0.358524
2026-08-20 21:18:09 | INFO | epoch=007 train_batch=320/392 running_loss=0.359248
2026-08-20 21:18:10 | INFO | epoch=007 train_batch=330/392 running_loss=0.359317
2026-08-20 21:18:10 | INFO | epoch=007 train_batch=340/392 running_loss=0.360350
2026-08-20 21:18:10 | INFO | epoch=007 train_batch=350/392 running_loss=0.360371
2026-08-20 21:18:11 | INFO | epoch=007 train_batch=360/392 running_loss=0.359776
2026-08-20 21:18:11 | INFO | epoch=007 train_batch=370/392 running_loss=0.360228
2026-08-20 21:18:12 | INFO | epoch=007 train_batch=380/392 running_loss=0.360857
2026-08-20 21:18:12 | INFO | epoch=007 train_batch=390/392 running_loss=0.361294
2026-08-20 21:18:12 | INFO | epoch=007 train_batch=392/392 running_loss=0.361521
2026-08-20 21:18:15 | INFO | epoch=007 train_loss=0.361521 validation_loss=67.113218
2026-08-20 21:18:15 | INFO | epoch=008 rollout_horizon=2 operation_teacher_probability=0.9114
2026-08-20 21:18:15 | INFO | epoch=008 train_batch=10/392 running_loss=0.387536
2026-08-20 21:18:16 | INFO | epoch=008 train_batch=20/392 running_loss=0.367417
2026-08-20 21:18:16 | INFO | epoch=008 train_batch=30/392 running_loss=0.360397
2026-08-20 21:18:17 | INFO | epoch=008 train_batch=40/392 running_loss=0.364484
2026-08-20 21:18:17 | INFO | epoch=008 train_batch=50/392 running_loss=0.360398
2026-08-20 21:18:17 | INFO | epoch=008 train_batch=60/392 running_loss=0.355591
2026-08-20 21:18:18 | INFO | epoch=008 train_batch=70/392 running_loss=0.359517
2026-08-20 21:18:18 | INFO | epoch=008 train_batch=80/392 running_loss=0.357518
2026-08-20 21:18:18 | INFO | epoch=008 train_batch=90/392 running_loss=0.355775
2026-08-20 21:18:19 | INFO | epoch=008 train_batch=100/392 running_loss=0.357030
2026-08-20 21:18:19 | INFO | epoch=008 train_batch=110/392 running_loss=0.357556
2026-08-20 21:18:20 | INFO | epoch=008 train_batch=120/392 running_loss=0.357176
2026-08-20 21:18:20 | INFO | epoch=008 train_batch=130/392 running_loss=0.355963
2026-08-20 21:18:20 | INFO | epoch=008 train_batch=140/392 running_loss=0.357046
2026-08-20 21:18:21 | INFO | epoch=008 train_batch=150/392 running_loss=0.356257
2026-08-20 21:18:21 | INFO | epoch=008 train_batch=160/392 running_loss=0.353837
2026-08-20 21:18:21 | INFO | epoch=008 train_batch=170/392 running_loss=0.353441
2026-08-20 21:18:22 | INFO | epoch=008 train_batch=180/392 running_loss=0.353450
2026-08-20 21:18:22 | INFO | epoch=008 train_batch=190/392 running_loss=0.353403
2026-08-20 21:18:23 | INFO | epoch=008 train_batch=200/392 running_loss=0.355020
2026-08-20 21:18:23 | INFO | epoch=008 train_batch=210/392 running_loss=0.353479
2026-08-20 21:18:23 | INFO | epoch=008 train_batch=220/392 running_loss=0.354616
2026-08-20 21:18:24 | INFO | epoch=008 train_batch=230/392 running_loss=0.356684
2026-08-20 21:18:24 | INFO | epoch=008 train_batch=240/392 running_loss=0.355499
2026-08-20 21:18:24 | INFO | epoch=008 train_batch=250/392 running_loss=0.355863
2026-08-20 21:18:25 | INFO | epoch=008 train_batch=260/392 running_loss=0.354890
2026-08-20 21:18:25 | INFO | epoch=008 train_batch=270/392 running_loss=0.353110
2026-08-20 21:18:25 | INFO | epoch=008 train_batch=280/392 running_loss=0.353369
2026-08-20 21:18:26 | INFO | epoch=008 train_batch=290/392 running_loss=0.353109
2026-08-20 21:18:26 | INFO | epoch=008 train_batch=300/392 running_loss=0.354199
2026-08-20 21:18:27 | INFO | epoch=008 train_batch=310/392 running_loss=0.353948
2026-08-20 21:18:27 | INFO | epoch=008 train_batch=320/392 running_loss=0.353396
2026-08-20 21:18:27 | INFO | epoch=008 train_batch=330/392 running_loss=0.352826
2026-08-20 21:18:28 | INFO | epoch=008 train_batch=340/392 running_loss=0.352183
2026-08-20 21:18:28 | INFO | epoch=008 train_batch=350/392 running_loss=0.352150
2026-08-20 21:18:28 | INFO | epoch=008 train_batch=360/392 running_loss=0.350986
2026-08-20 21:18:29 | INFO | epoch=008 train_batch=370/392 running_loss=0.350471
2026-08-20 21:18:29 | INFO | epoch=008 train_batch=380/392 running_loss=0.350487
2026-08-20 21:18:30 | INFO | epoch=008 train_batch=390/392 running_loss=0.351105
2026-08-20 21:18:30 | INFO | epoch=008 train_batch=392/392 running_loss=0.350858
2026-08-20 21:18:33 | INFO | epoch=008 train_loss=0.350858 validation_loss=97.420132
2026-08-20 21:18:33 | INFO | epoch=009 rollout_horizon=2 operation_teacher_probability=0.8987
2026-08-20 21:18:33 | INFO | epoch=009 train_batch=10/392 running_loss=0.316353
2026-08-20 21:18:34 | INFO | epoch=009 train_batch=20/392 running_loss=0.311429
2026-08-20 21:18:34 | INFO | epoch=009 train_batch=30/392 running_loss=0.318873
2026-08-20 21:18:35 | INFO | epoch=009 train_batch=40/392 running_loss=0.324308
2026-08-20 21:18:35 | INFO | epoch=009 train_batch=50/392 running_loss=0.320806
2026-08-20 21:18:36 | INFO | epoch=009 train_batch=60/392 running_loss=0.327228
2026-08-20 21:18:36 | INFO | epoch=009 train_batch=70/392 running_loss=0.325289
2026-08-20 21:18:36 | INFO | epoch=009 train_batch=80/392 running_loss=0.325541
2026-08-20 21:18:37 | INFO | epoch=009 train_batch=90/392 running_loss=0.323452
2026-08-20 21:18:37 | INFO | epoch=009 train_batch=100/392 running_loss=0.321661
2026-08-20 21:18:38 | INFO | epoch=009 train_batch=110/392 running_loss=0.322339
2026-08-20 21:18:38 | INFO | epoch=009 train_batch=120/392 running_loss=0.321124
2026-08-20 21:18:39 | INFO | epoch=009 train_batch=130/392 running_loss=0.327627
2026-08-20 21:18:39 | INFO | epoch=009 train_batch=140/392 running_loss=0.327230
2026-08-20 21:18:40 | INFO | epoch=009 train_batch=150/392 running_loss=0.328795
2026-08-20 21:18:40 | INFO | epoch=009 train_batch=160/392 running_loss=0.328433
2026-08-20 21:18:40 | INFO | epoch=009 train_batch=170/392 running_loss=0.328593
2026-08-20 21:18:41 | INFO | epoch=009 train_batch=180/392 running_loss=0.328466
2026-08-20 21:18:41 | INFO | epoch=009 train_batch=190/392 running_loss=0.328899
2026-08-20 21:18:42 | INFO | epoch=009 train_batch=200/392 running_loss=0.329085
2026-08-20 21:18:42 | INFO | epoch=009 train_batch=210/392 running_loss=0.328569
2026-08-20 21:18:43 | INFO | epoch=009 train_batch=220/392 running_loss=0.327950
2026-08-20 21:18:43 | INFO | epoch=009 train_batch=230/392 running_loss=0.328539
2026-08-20 21:18:43 | INFO | epoch=009 train_batch=240/392 running_loss=0.330253
2026-08-20 21:18:44 | INFO | epoch=009 train_batch=250/392 running_loss=0.330316
2026-08-20 21:18:44 | INFO | epoch=009 train_batch=260/392 running_loss=0.330534
2026-08-20 21:18:45 | INFO | epoch=009 train_batch=270/392 running_loss=0.332489
2026-08-20 21:18:45 | INFO | epoch=009 train_batch=280/392 running_loss=0.332894
2026-08-20 21:18:46 | INFO | epoch=009 train_batch=290/392 running_loss=0.332061
2026-08-20 21:18:46 | INFO | epoch=009 train_batch=300/392 running_loss=0.332355
2026-08-20 21:18:47 | INFO | epoch=009 train_batch=310/392 running_loss=0.332673
2026-08-20 21:18:47 | INFO | epoch=009 train_batch=320/392 running_loss=0.332845
2026-08-20 21:18:47 | INFO | epoch=009 train_batch=330/392 running_loss=0.333862
2026-08-20 21:18:48 | INFO | epoch=009 train_batch=340/392 running_loss=0.333097
2026-08-20 21:18:48 | INFO | epoch=009 train_batch=350/392 running_loss=0.333509
2026-08-20 21:18:49 | INFO | epoch=009 train_batch=360/392 running_loss=0.333100
2026-08-20 21:18:49 | INFO | epoch=009 train_batch=370/392 running_loss=0.333311
2026-08-20 21:18:49 | INFO | epoch=009 train_batch=380/392 running_loss=0.334082
2026-08-20 21:18:50 | INFO | epoch=009 train_batch=390/392 running_loss=0.334163
2026-08-20 21:18:50 | INFO | epoch=009 train_batch=392/392 running_loss=0.333952
2026-08-20 21:18:53 | INFO | epoch=009 train_loss=0.333952 validation_loss=147.890850
2026-08-20 21:18:53 | INFO | epoch=010 rollout_horizon=2 operation_teacher_probability=0.8861
2026-08-20 21:18:53 | INFO | epoch=010 train_batch=10/392 running_loss=0.313402
2026-08-20 21:18:54 | INFO | epoch=010 train_batch=20/392 running_loss=0.331338
2026-08-20 21:18:54 | INFO | epoch=010 train_batch=30/392 running_loss=0.331551
2026-08-20 21:18:54 | INFO | epoch=010 train_batch=40/392 running_loss=0.326146
2026-08-20 21:18:55 | INFO | epoch=010 train_batch=50/392 running_loss=0.326285
2026-08-20 21:18:55 | INFO | epoch=010 train_batch=60/392 running_loss=0.325035
2026-08-20 21:18:55 | INFO | epoch=010 train_batch=70/392 running_loss=0.324195
2026-08-20 21:18:56 | INFO | epoch=010 train_batch=80/392 running_loss=0.323833
2026-08-20 21:18:56 | INFO | epoch=010 train_batch=90/392 running_loss=0.321073
2026-08-20 21:18:57 | INFO | epoch=010 train_batch=100/392 running_loss=0.323385
2026-08-20 21:18:57 | INFO | epoch=010 train_batch=110/392 running_loss=0.323810
2026-08-20 21:18:57 | INFO | epoch=010 train_batch=120/392 running_loss=0.324013
2026-08-20 21:18:58 | INFO | epoch=010 train_batch=130/392 running_loss=0.324128
2026-08-20 21:18:58 | INFO | epoch=010 train_batch=140/392 running_loss=0.324292
2026-08-20 21:18:58 | INFO | epoch=010 train_batch=150/392 running_loss=0.326538
2026-08-20 21:18:59 | INFO | epoch=010 train_batch=160/392 running_loss=0.326966
2026-08-20 21:18:59 | INFO | epoch=010 train_batch=170/392 running_loss=0.325758
2026-08-20 21:19:00 | INFO | epoch=010 train_batch=180/392 running_loss=0.325218
2026-08-20 21:19:00 | INFO | epoch=010 train_batch=190/392 running_loss=0.326224
2026-08-20 21:19:00 | INFO | epoch=010 train_batch=200/392 running_loss=0.325204
2026-08-20 21:19:01 | INFO | epoch=010 train_batch=210/392 running_loss=0.325373
2026-08-20 21:19:01 | INFO | epoch=010 train_batch=220/392 running_loss=0.325909
2026-08-20 21:19:01 | INFO | epoch=010 train_batch=230/392 running_loss=0.324871
2026-08-20 21:19:02 | INFO | epoch=010 train_batch=240/392 running_loss=0.325221
2026-08-20 21:19:02 | INFO | epoch=010 train_batch=250/392 running_loss=0.325140
2026-08-20 21:19:03 | INFO | epoch=010 train_batch=260/392 running_loss=0.323695
2026-08-20 21:19:03 | INFO | epoch=010 train_batch=270/392 running_loss=0.322967
2026-08-20 21:19:03 | INFO | epoch=010 train_batch=280/392 running_loss=0.322335
2026-08-20 21:19:04 | INFO | epoch=010 train_batch=290/392 running_loss=0.322172
2026-08-20 21:19:04 | INFO | epoch=010 train_batch=300/392 running_loss=0.322137
2026-08-20 21:19:04 | INFO | epoch=010 train_batch=310/392 running_loss=0.322450
2026-08-20 21:19:05 | INFO | epoch=010 train_batch=320/392 running_loss=0.322417
2026-08-20 21:19:05 | INFO | epoch=010 train_batch=330/392 running_loss=0.323552
2026-08-20 21:19:06 | INFO | epoch=010 train_batch=340/392 running_loss=0.324362
2026-08-20 21:19:06 | INFO | epoch=010 train_batch=350/392 running_loss=0.324556
2026-08-20 21:19:06 | INFO | epoch=010 train_batch=360/392 running_loss=0.324870
2026-08-20 21:19:07 | INFO | epoch=010 train_batch=370/392 running_loss=0.323962
2026-08-20 21:19:07 | INFO | epoch=010 train_batch=380/392 running_loss=0.324079
2026-08-20 21:19:07 | INFO | epoch=010 train_batch=390/392 running_loss=0.324991
2026-08-20 21:19:07 | INFO | epoch=010 train_batch=392/392 running_loss=0.324828
2026-08-20 21:19:10 | INFO | epoch=010 train_loss=0.324828 validation_loss=162.561845
2026-08-20 21:19:10 | INFO | epoch=011 rollout_horizon=2 operation_teacher_probability=0.8734
2026-08-20 21:19:11 | INFO | epoch=011 train_batch=10/392 running_loss=0.322920
2026-08-20 21:19:11 | INFO | epoch=011 train_batch=20/392 running_loss=0.320396
2026-08-20 21:19:12 | INFO | epoch=011 train_batch=30/392 running_loss=0.323113
2026-08-20 21:19:12 | INFO | epoch=011 train_batch=40/392 running_loss=0.316693
2026-08-20 21:19:12 | INFO | epoch=011 train_batch=50/392 running_loss=0.318347
2026-08-20 21:19:13 | INFO | epoch=011 train_batch=60/392 running_loss=0.320384
2026-08-20 21:19:13 | INFO | epoch=011 train_batch=70/392 running_loss=0.320157
2026-08-20 21:19:13 | INFO | epoch=011 train_batch=80/392 running_loss=0.319434
2026-08-20 21:19:14 | INFO | epoch=011 train_batch=90/392 running_loss=0.318756
2026-08-20 21:19:14 | INFO | epoch=011 train_batch=100/392 running_loss=0.317085
2026-08-20 21:19:15 | INFO | epoch=011 train_batch=110/392 running_loss=0.319291
2026-08-20 21:19:15 | INFO | epoch=011 train_batch=120/392 running_loss=0.318015
2026-08-20 21:19:15 | INFO | epoch=011 train_batch=130/392 running_loss=0.317045
2026-08-20 21:19:16 | INFO | epoch=011 train_batch=140/392 running_loss=0.317114
2026-08-20 21:19:16 | INFO | epoch=011 train_batch=150/392 running_loss=0.316868
2026-08-20 21:19:16 | INFO | epoch=011 train_batch=160/392 running_loss=0.316626
2026-08-20 21:19:17 | INFO | epoch=011 train_batch=170/392 running_loss=0.315516
2026-08-20 21:19:17 | INFO | epoch=011 train_batch=180/392 running_loss=0.318214
2026-08-20 21:19:18 | INFO | epoch=011 train_batch=190/392 running_loss=0.319703
2026-08-20 21:19:18 | INFO | epoch=011 train_batch=200/392 running_loss=0.321384
2026-08-20 21:19:18 | INFO | epoch=011 train_batch=210/392 running_loss=0.324027
2026-08-20 21:19:19 | INFO | epoch=011 train_batch=220/392 running_loss=0.323356
2026-08-20 21:19:19 | INFO | epoch=011 train_batch=230/392 running_loss=0.322223
2026-08-20 21:19:19 | INFO | epoch=011 train_batch=240/392 running_loss=0.321924
2026-08-20 21:19:20 | INFO | epoch=011 train_batch=250/392 running_loss=0.321192
2026-08-20 21:19:20 | INFO | epoch=011 train_batch=260/392 running_loss=0.321965
2026-08-20 21:19:21 | INFO | epoch=011 train_batch=270/392 running_loss=0.321732
2026-08-20 21:19:21 | INFO | epoch=011 train_batch=280/392 running_loss=0.322345
2026-08-20 21:19:22 | INFO | epoch=011 train_batch=290/392 running_loss=0.322507
2026-08-20 21:19:22 | INFO | epoch=011 train_batch=300/392 running_loss=0.321917
2026-08-20 21:19:22 | INFO | epoch=011 train_batch=310/392 running_loss=0.321589
2026-08-20 21:19:23 | INFO | epoch=011 train_batch=320/392 running_loss=0.321166
2026-08-20 21:19:23 | INFO | epoch=011 train_batch=330/392 running_loss=0.320418
2026-08-20 21:19:24 | INFO | epoch=011 train_batch=340/392 running_loss=0.319878
2026-08-20 21:19:24 | INFO | epoch=011 train_batch=350/392 running_loss=0.319584
2026-08-20 21:19:25 | INFO | epoch=011 train_batch=360/392 running_loss=0.319529
2026-08-20 21:19:25 | INFO | epoch=011 train_batch=370/392 running_loss=0.319153
2026-08-20 21:19:25 | INFO | epoch=011 train_batch=380/392 running_loss=0.319462
2026-08-20 21:19:26 | INFO | epoch=011 train_batch=390/392 running_loss=0.319440
2026-08-20 21:19:26 | INFO | epoch=011 train_batch=392/392 running_loss=0.319330
2026-08-20 21:19:29 | INFO | epoch=011 train_loss=0.319330 validation_loss=278.843474
2026-08-20 21:19:29 | INFO | epoch=012 rollout_horizon=2 operation_teacher_probability=0.8608
2026-08-20 21:19:30 | INFO | epoch=012 train_batch=10/392 running_loss=0.289452
2026-08-20 21:19:30 | INFO | epoch=012 train_batch=20/392 running_loss=0.296030
2026-08-20 21:19:30 | INFO | epoch=012 train_batch=30/392 running_loss=0.298228
2026-08-20 21:19:31 | INFO | epoch=012 train_batch=40/392 running_loss=0.299357
2026-08-20 21:19:31 | INFO | epoch=012 train_batch=50/392 running_loss=0.299910
2026-08-20 21:19:32 | INFO | epoch=012 train_batch=60/392 running_loss=0.302162
2026-08-20 21:19:32 | INFO | epoch=012 train_batch=70/392 running_loss=0.305248
2026-08-20 21:19:33 | INFO | epoch=012 train_batch=80/392 running_loss=0.304635
2026-08-20 21:19:33 | INFO | epoch=012 train_batch=90/392 running_loss=0.304041
2026-08-20 21:19:33 | INFO | epoch=012 train_batch=100/392 running_loss=0.304965
2026-08-20 21:19:34 | INFO | epoch=012 train_batch=110/392 running_loss=0.304791
2026-08-20 21:19:34 | INFO | epoch=012 train_batch=120/392 running_loss=0.305433
2026-08-20 21:19:35 | INFO | epoch=012 train_batch=130/392 running_loss=0.304171
2026-08-20 21:19:35 | INFO | epoch=012 train_batch=140/392 running_loss=0.303585
2026-08-20 21:19:35 | INFO | epoch=012 train_batch=150/392 running_loss=0.302974
2026-08-20 21:19:36 | INFO | epoch=012 train_batch=160/392 running_loss=0.303985
2026-08-20 21:19:36 | INFO | epoch=012 train_batch=170/392 running_loss=0.303544
2026-08-20 21:19:37 | INFO | epoch=012 train_batch=180/392 running_loss=0.304691
2026-08-20 21:19:37 | INFO | epoch=012 train_batch=190/392 running_loss=0.304263
2026-08-20 21:19:38 | INFO | epoch=012 train_batch=200/392 running_loss=0.304088
2026-08-20 21:19:38 | INFO | epoch=012 train_batch=210/392 running_loss=0.304005
2026-08-20 21:19:38 | INFO | epoch=012 train_batch=220/392 running_loss=0.306255
2026-08-20 21:19:39 | INFO | epoch=012 train_batch=230/392 running_loss=0.307250
2026-08-20 21:19:39 | INFO | epoch=012 train_batch=240/392 running_loss=0.307789
2026-08-20 21:19:40 | INFO | epoch=012 train_batch=250/392 running_loss=0.308205
2026-08-20 21:19:40 | INFO | epoch=012 train_batch=260/392 running_loss=0.309573
2026-08-20 21:19:41 | INFO | epoch=012 train_batch=270/392 running_loss=0.310371
2026-08-20 21:19:41 | INFO | epoch=012 train_batch=280/392 running_loss=0.310078
2026-08-20 21:19:41 | INFO | epoch=012 train_batch=290/392 running_loss=0.310108
2026-08-20 21:19:42 | INFO | epoch=012 train_batch=300/392 running_loss=0.309504
2026-08-20 21:19:42 | INFO | epoch=012 train_batch=310/392 running_loss=0.310044
2026-08-20 21:19:43 | INFO | epoch=012 train_batch=320/392 running_loss=0.311452
2026-08-20 21:19:43 | INFO | epoch=012 train_batch=330/392 running_loss=0.312411
2026-08-20 21:19:44 | INFO | epoch=012 train_batch=340/392 running_loss=0.312286
2026-08-20 21:19:44 | INFO | epoch=012 train_batch=350/392 running_loss=0.311340
2026-08-20 21:19:44 | INFO | epoch=012 train_batch=360/392 running_loss=0.311555
2026-08-20 21:19:45 | INFO | epoch=012 train_batch=370/392 running_loss=0.311666
2026-08-20 21:19:45 | INFO | epoch=012 train_batch=380/392 running_loss=0.311500
2026-08-20 21:19:46 | INFO | epoch=012 train_batch=390/392 running_loss=0.311672
2026-08-20 21:19:46 | INFO | epoch=012 train_batch=392/392 running_loss=0.311549
2026-08-20 21:19:49 | INFO | epoch=012 train_loss=0.311549 validation_loss=295.060565
2026-08-20 21:19:49 | INFO | epoch=013 rollout_horizon=2 operation_teacher_probability=0.8481
2026-08-20 21:19:49 | INFO | epoch=013 train_batch=10/392 running_loss=0.293408
2026-08-20 21:19:50 | INFO | epoch=013 train_batch=20/392 running_loss=0.295988
2026-08-20 21:19:50 | INFO | epoch=013 train_batch=30/392 running_loss=0.287810
2026-08-20 21:19:51 | INFO | epoch=013 train_batch=40/392 running_loss=0.301301
2026-08-20 21:19:51 | INFO | epoch=013 train_batch=50/392 running_loss=0.307496
2026-08-20 21:19:51 | INFO | epoch=013 train_batch=60/392 running_loss=0.307601
2026-08-20 21:19:52 | INFO | epoch=013 train_batch=70/392 running_loss=0.307026
2026-08-20 21:19:52 | INFO | epoch=013 train_batch=80/392 running_loss=0.311807
2026-08-20 21:19:53 | INFO | epoch=013 train_batch=90/392 running_loss=0.310019
2026-08-20 21:19:53 | INFO | epoch=013 train_batch=100/392 running_loss=0.310771
2026-08-20 21:19:54 | INFO | epoch=013 train_batch=110/392 running_loss=0.312580
2026-08-20 21:19:54 | INFO | epoch=013 train_batch=120/392 running_loss=0.312041
2026-08-20 21:19:54 | INFO | epoch=013 train_batch=130/392 running_loss=0.312402
2026-08-20 21:19:55 | INFO | epoch=013 train_batch=140/392 running_loss=0.311942
2026-08-20 21:19:55 | INFO | epoch=013 train_batch=150/392 running_loss=0.310408
2026-08-20 21:19:56 | INFO | epoch=013 train_batch=160/392 running_loss=0.310336
2026-08-20 21:19:56 | INFO | epoch=013 train_batch=170/392 running_loss=0.310111
2026-08-20 21:19:57 | INFO | epoch=013 train_batch=180/392 running_loss=0.310109
2026-08-20 21:19:57 | INFO | epoch=013 train_batch=190/392 running_loss=0.310992
2026-08-20 21:19:57 | INFO | epoch=013 train_batch=200/392 running_loss=0.309849
2026-08-20 21:19:58 | INFO | epoch=013 train_batch=210/392 running_loss=0.309595
2026-08-20 21:19:58 | INFO | epoch=013 train_batch=220/392 running_loss=0.309121
2026-08-20 21:19:59 | INFO | epoch=013 train_batch=230/392 running_loss=0.309163
2026-08-20 21:19:59 | INFO | epoch=013 train_batch=240/392 running_loss=0.309625
2026-08-20 21:20:00 | INFO | epoch=013 train_batch=250/392 running_loss=0.308806
2026-08-20 21:20:00 | INFO | epoch=013 train_batch=260/392 running_loss=0.309709
2026-08-20 21:20:00 | INFO | epoch=013 train_batch=270/392 running_loss=0.309423
2026-08-20 21:20:01 | INFO | epoch=013 train_batch=280/392 running_loss=0.309052
2026-08-20 21:20:01 | INFO | epoch=013 train_batch=290/392 running_loss=0.307932
2026-08-20 21:20:02 | INFO | epoch=013 train_batch=300/392 running_loss=0.307359
2026-08-20 21:20:02 | INFO | epoch=013 train_batch=310/392 running_loss=0.306859
2026-08-20 21:20:03 | INFO | epoch=013 train_batch=320/392 running_loss=0.307204
2026-08-20 21:20:03 | INFO | epoch=013 train_batch=330/392 running_loss=0.306932
2026-08-20 21:20:03 | INFO | epoch=013 train_batch=340/392 running_loss=0.306998
2026-08-20 21:20:04 | INFO | epoch=013 train_batch=350/392 running_loss=0.307013
2026-08-20 21:20:04 | INFO | epoch=013 train_batch=360/392 running_loss=0.306591
2026-08-20 21:20:05 | INFO | epoch=013 train_batch=370/392 running_loss=0.306503
2026-08-20 21:20:05 | INFO | epoch=013 train_batch=380/392 running_loss=0.305958
2026-08-20 21:20:06 | INFO | epoch=013 train_batch=390/392 running_loss=0.305496
2026-08-20 21:20:06 | INFO | epoch=013 train_batch=392/392 running_loss=0.305602
2026-08-20 21:20:09 | INFO | epoch=013 train_loss=0.305602 validation_loss=145.724065
2026-08-20 21:20:09 | INFO | epoch=014 rollout_horizon=2 operation_teacher_probability=0.8354
2026-08-20 21:20:09 | INFO | epoch=014 train_batch=10/392 running_loss=0.307222
2026-08-20 21:20:10 | INFO | epoch=014 train_batch=20/392 running_loss=0.291619
2026-08-20 21:20:10 | INFO | epoch=014 train_batch=30/392 running_loss=0.287804
2026-08-20 21:20:10 | INFO | epoch=014 train_batch=40/392 running_loss=0.292248
2026-08-20 21:20:11 | INFO | epoch=014 train_batch=50/392 running_loss=0.301846
2026-08-20 21:20:11 | INFO | epoch=014 train_batch=60/392 running_loss=0.303640
2026-08-20 21:20:12 | INFO | epoch=014 train_batch=70/392 running_loss=0.307619
2026-08-20 21:20:12 | INFO | epoch=014 train_batch=80/392 running_loss=0.309557
2026-08-20 21:20:13 | INFO | epoch=014 train_batch=90/392 running_loss=0.308711
2026-08-20 21:20:13 | INFO | epoch=014 train_batch=100/392 running_loss=0.308059
2026-08-20 21:20:13 | INFO | epoch=014 train_batch=110/392 running_loss=0.308228
2026-08-20 21:20:14 | INFO | epoch=014 train_batch=120/392 running_loss=0.307063
2026-08-20 21:20:14 | INFO | epoch=014 train_batch=130/392 running_loss=0.306299
2026-08-20 21:20:15 | INFO | epoch=014 train_batch=140/392 running_loss=0.306465
2026-08-20 21:20:15 | INFO | epoch=014 train_batch=150/392 running_loss=0.305500
2026-08-20 21:20:16 | INFO | epoch=014 train_batch=160/392 running_loss=0.304847
2026-08-20 21:20:16 | INFO | epoch=014 train_batch=170/392 running_loss=0.305424
2026-08-20 21:20:16 | INFO | epoch=014 train_batch=180/392 running_loss=0.305775
2026-08-20 21:20:17 | INFO | epoch=014 train_batch=190/392 running_loss=0.304057
2026-08-20 21:20:17 | INFO | epoch=014 train_batch=200/392 running_loss=0.302695
2026-08-20 21:20:18 | INFO | epoch=014 train_batch=210/392 running_loss=0.302935
2026-08-20 21:20:18 | INFO | epoch=014 train_batch=220/392 running_loss=0.302042
2026-08-20 21:20:19 | INFO | epoch=014 train_batch=230/392 running_loss=0.302820
2026-08-20 21:20:19 | INFO | epoch=014 train_batch=240/392 running_loss=0.303791
2026-08-20 21:20:19 | INFO | epoch=014 train_batch=250/392 running_loss=0.303464
2026-08-20 21:20:20 | INFO | epoch=014 train_batch=260/392 running_loss=0.303132
2026-08-20 21:20:20 | INFO | epoch=014 train_batch=270/392 running_loss=0.303180
2026-08-20 21:20:20 | INFO | epoch=014 train_batch=280/392 running_loss=0.303231
2026-08-20 21:20:21 | INFO | epoch=014 train_batch=290/392 running_loss=0.303147
2026-08-20 21:20:21 | INFO | epoch=014 train_batch=300/392 running_loss=0.302474
2026-08-20 21:20:22 | INFO | epoch=014 train_batch=310/392 running_loss=0.303541
2026-08-20 21:20:22 | INFO | epoch=014 train_batch=320/392 running_loss=0.303223
2026-08-20 21:20:22 | INFO | epoch=014 train_batch=330/392 running_loss=0.303646
2026-08-20 21:20:23 | INFO | epoch=014 train_batch=340/392 running_loss=0.302867
2026-08-20 21:20:23 | INFO | epoch=014 train_batch=350/392 running_loss=0.302748
2026-08-20 21:20:24 | INFO | epoch=014 train_batch=360/392 running_loss=0.302071
2026-08-20 21:20:24 | INFO | epoch=014 train_batch=370/392 running_loss=0.302127
2026-08-20 21:20:24 | INFO | epoch=014 train_batch=380/392 running_loss=0.301857
2026-08-20 21:20:25 | INFO | epoch=014 train_batch=390/392 running_loss=0.301314
2026-08-20 21:20:25 | INFO | epoch=014 train_batch=392/392 running_loss=0.301231
2026-08-20 21:20:28 | INFO | epoch=014 train_loss=0.301231 validation_loss=147.223759
2026-08-20 21:20:28 | INFO | epoch=015 rollout_horizon=2 operation_teacher_probability=0.8228
2026-08-20 21:20:28 | INFO | epoch=015 train_batch=10/392 running_loss=0.328327
2026-08-20 21:20:29 | INFO | epoch=015 train_batch=20/392 running_loss=0.305173
2026-08-20 21:20:29 | INFO | epoch=015 train_batch=30/392 running_loss=0.298003
2026-08-20 21:20:29 | INFO | epoch=015 train_batch=40/392 running_loss=0.299410
2026-08-20 21:20:30 | INFO | epoch=015 train_batch=50/392 running_loss=0.298918
2026-08-20 21:20:30 | INFO | epoch=015 train_batch=60/392 running_loss=0.299026
2026-08-20 21:20:31 | INFO | epoch=015 train_batch=70/392 running_loss=0.304015
2026-08-20 21:20:31 | INFO | epoch=015 train_batch=80/392 running_loss=0.305313
2026-08-20 21:20:31 | INFO | epoch=015 train_batch=90/392 running_loss=0.305634
2026-08-20 21:20:32 | INFO | epoch=015 train_batch=100/392 running_loss=0.305263
2026-08-20 21:20:32 | INFO | epoch=015 train_batch=110/392 running_loss=0.304840
2026-08-20 21:20:32 | INFO | epoch=015 train_batch=120/392 running_loss=0.302870
2026-08-20 21:20:33 | INFO | epoch=015 train_batch=130/392 running_loss=0.303012
2026-08-20 21:20:33 | INFO | epoch=015 train_batch=140/392 running_loss=0.301147
2026-08-20 21:20:34 | INFO | epoch=015 train_batch=150/392 running_loss=0.299399
2026-08-20 21:20:34 | INFO | epoch=015 train_batch=160/392 running_loss=0.298955
2026-08-20 21:20:34 | INFO | epoch=015 train_batch=170/392 running_loss=0.300308
2026-08-20 21:20:35 | INFO | epoch=015 train_batch=180/392 running_loss=0.300523
2026-08-20 21:20:35 | INFO | epoch=015 train_batch=190/392 running_loss=0.300219
2026-08-20 21:20:36 | INFO | epoch=015 train_batch=200/392 running_loss=0.299797
2026-08-20 21:20:36 | INFO | epoch=015 train_batch=210/392 running_loss=0.301134
2026-08-20 21:20:36 | INFO | epoch=015 train_batch=220/392 running_loss=0.300205
2026-08-20 21:20:37 | INFO | epoch=015 train_batch=230/392 running_loss=0.299654
2026-08-20 21:20:37 | INFO | epoch=015 train_batch=240/392 running_loss=0.299897
2026-08-20 21:20:38 | INFO | epoch=015 train_batch=250/392 running_loss=0.299430
2026-08-20 21:20:38 | INFO | epoch=015 train_batch=260/392 running_loss=0.298308
2026-08-20 21:20:38 | INFO | epoch=015 train_batch=270/392 running_loss=0.298306
2026-08-20 21:20:39 | INFO | epoch=015 train_batch=280/392 running_loss=0.298477
2026-08-20 21:20:39 | INFO | epoch=015 train_batch=290/392 running_loss=0.298282
2026-08-20 21:20:40 | INFO | epoch=015 train_batch=300/392 running_loss=0.299603
2026-08-20 21:20:40 | INFO | epoch=015 train_batch=310/392 running_loss=0.300066
2026-08-20 21:20:40 | INFO | epoch=015 train_batch=320/392 running_loss=0.301900
2026-08-20 21:20:41 | INFO | epoch=015 train_batch=330/392 running_loss=0.301930
2026-08-20 21:20:41 | INFO | epoch=015 train_batch=340/392 running_loss=0.302671
2026-08-20 21:20:42 | INFO | epoch=015 train_batch=350/392 running_loss=0.302890
2026-08-20 21:20:42 | INFO | epoch=015 train_batch=360/392 running_loss=0.302886
2026-08-20 21:20:42 | INFO | epoch=015 train_batch=370/392 running_loss=0.302460
2026-08-20 21:20:43 | INFO | epoch=015 train_batch=380/392 running_loss=0.301803
2026-08-20 21:20:43 | INFO | epoch=015 train_batch=390/392 running_loss=0.301379
2026-08-20 21:20:43 | INFO | epoch=015 train_batch=392/392 running_loss=0.301204
2026-08-20 21:20:46 | INFO | epoch=015 train_loss=0.301204 validation_loss=262.601577
2026-08-20 21:20:46 | INFO | epoch=016 rollout_horizon=2 operation_teacher_probability=0.8101
2026-08-20 21:20:47 | INFO | epoch=016 train_batch=10/392 running_loss=0.286190
2026-08-20 21:20:47 | INFO | epoch=016 train_batch=20/392 running_loss=0.291127
2026-08-20 21:20:48 | INFO | epoch=016 train_batch=30/392 running_loss=0.302888
2026-08-20 21:20:48 | INFO | epoch=016 train_batch=40/392 running_loss=0.301112
2026-08-20 21:20:48 | INFO | epoch=016 train_batch=50/392 running_loss=0.296872
2026-08-20 21:20:49 | INFO | epoch=016 train_batch=60/392 running_loss=0.294207
2026-08-20 21:20:49 | INFO | epoch=016 train_batch=70/392 running_loss=0.298443
2026-08-20 21:20:49 | INFO | epoch=016 train_batch=80/392 running_loss=0.296441
2026-08-20 21:20:50 | INFO | epoch=016 train_batch=90/392 running_loss=0.297827
2026-08-20 21:20:50 | INFO | epoch=016 train_batch=100/392 running_loss=0.298353
2026-08-20 21:20:51 | INFO | epoch=016 train_batch=110/392 running_loss=0.298560
2026-08-20 21:20:51 | INFO | epoch=016 train_batch=120/392 running_loss=0.299444
2026-08-20 21:20:51 | INFO | epoch=016 train_batch=130/392 running_loss=0.297719
2026-08-20 21:20:52 | INFO | epoch=016 train_batch=140/392 running_loss=0.296929
2026-08-20 21:20:52 | INFO | epoch=016 train_batch=150/392 running_loss=0.296180
2026-08-20 21:20:53 | INFO | epoch=016 train_batch=160/392 running_loss=0.296286
2026-08-20 21:20:53 | INFO | epoch=016 train_batch=170/392 running_loss=0.296483
2026-08-20 21:20:53 | INFO | epoch=016 train_batch=180/392 running_loss=0.296793
2026-08-20 21:20:54 | INFO | epoch=016 train_batch=190/392 running_loss=0.296814
2026-08-20 21:20:54 | INFO | epoch=016 train_batch=200/392 running_loss=0.296401
2026-08-20 21:20:55 | INFO | epoch=016 train_batch=210/392 running_loss=0.295716
2026-08-20 21:20:55 | INFO | epoch=016 train_batch=220/392 running_loss=0.297030
2026-08-20 21:20:55 | INFO | epoch=016 train_batch=230/392 running_loss=0.296267
2026-08-20 21:20:56 | INFO | epoch=016 train_batch=240/392 running_loss=0.296273
2026-08-20 21:20:56 | INFO | epoch=016 train_batch=250/392 running_loss=0.296722
2026-08-20 21:20:56 | INFO | epoch=016 train_batch=260/392 running_loss=0.295680
2026-08-20 21:20:57 | INFO | epoch=016 train_batch=270/392 running_loss=0.295790
2026-08-20 21:20:57 | INFO | epoch=016 train_batch=280/392 running_loss=0.295424
2026-08-20 21:20:58 | INFO | epoch=016 train_batch=290/392 running_loss=0.295206
2026-08-20 21:20:58 | INFO | epoch=016 train_batch=300/392 running_loss=0.295232
2026-08-20 21:20:58 | INFO | epoch=016 train_batch=310/392 running_loss=0.295464
2026-08-20 21:20:59 | INFO | epoch=016 train_batch=320/392 running_loss=0.294337
2026-08-20 21:20:59 | INFO | epoch=016 train_batch=330/392 running_loss=0.294138
2026-08-20 21:21:00 | INFO | epoch=016 train_batch=340/392 running_loss=0.292676
2026-08-20 21:21:00 | INFO | epoch=016 train_batch=350/392 running_loss=0.292333
2026-08-20 21:21:00 | INFO | epoch=016 train_batch=360/392 running_loss=0.291859
2026-08-20 21:21:01 | INFO | epoch=016 train_batch=370/392 running_loss=0.292295
2026-08-20 21:21:01 | INFO | epoch=016 train_batch=380/392 running_loss=0.293029
2026-08-20 21:21:02 | INFO | epoch=016 train_batch=390/392 running_loss=0.292907
2026-08-20 21:21:02 | INFO | epoch=016 train_batch=392/392 running_loss=0.292602
2026-08-20 21:21:05 | INFO | epoch=016 train_loss=0.292602 validation_loss=203.689899
2026-08-20 21:21:05 | INFO | epoch=017 rollout_horizon=2 operation_teacher_probability=0.7975
2026-08-20 21:21:05 | INFO | epoch=017 train_batch=10/392 running_loss=0.274199
2026-08-20 21:21:06 | INFO | epoch=017 train_batch=20/392 running_loss=0.281849
2026-08-20 21:21:06 | INFO | epoch=017 train_batch=30/392 running_loss=0.279978
2026-08-20 21:21:06 | INFO | epoch=017 train_batch=40/392 running_loss=0.287392
2026-08-20 21:21:07 | INFO | epoch=017 train_batch=50/392 running_loss=0.287360
2026-08-20 21:21:07 | INFO | epoch=017 train_batch=60/392 running_loss=0.286909
2026-08-20 21:21:08 | INFO | epoch=017 train_batch=70/392 running_loss=0.285758
2026-08-20 21:21:08 | INFO | epoch=017 train_batch=80/392 running_loss=0.286512
2026-08-20 21:21:08 | INFO | epoch=017 train_batch=90/392 running_loss=0.290112
2026-08-20 21:21:09 | INFO | epoch=017 train_batch=100/392 running_loss=0.295120
2026-08-20 21:21:09 | INFO | epoch=017 train_batch=110/392 running_loss=0.295707
2026-08-20 21:21:09 | INFO | epoch=017 train_batch=120/392 running_loss=0.295883
2026-08-20 21:21:10 | INFO | epoch=017 train_batch=130/392 running_loss=0.296050
2026-08-20 21:21:10 | INFO | epoch=017 train_batch=140/392 running_loss=0.294002
2026-08-20 21:21:11 | INFO | epoch=017 train_batch=150/392 running_loss=0.292842
2026-08-20 21:21:11 | INFO | epoch=017 train_batch=160/392 running_loss=0.291646
2026-08-20 21:21:12 | INFO | epoch=017 train_batch=170/392 running_loss=0.291547
2026-08-20 21:21:12 | INFO | epoch=017 train_batch=180/392 running_loss=0.291328
2026-08-20 21:21:12 | INFO | epoch=017 train_batch=190/392 running_loss=0.292468
2026-08-20 21:21:13 | INFO | epoch=017 train_batch=200/392 running_loss=0.292052
2026-08-20 21:21:13 | INFO | epoch=017 train_batch=210/392 running_loss=0.291538
2026-08-20 21:21:14 | INFO | epoch=017 train_batch=220/392 running_loss=0.291368
2026-08-20 21:21:14 | INFO | epoch=017 train_batch=230/392 running_loss=0.291980
2026-08-20 21:21:15 | INFO | epoch=017 train_batch=240/392 running_loss=0.291064
2026-08-20 21:21:15 | INFO | epoch=017 train_batch=250/392 running_loss=0.291116
2026-08-20 21:21:16 | INFO | epoch=017 train_batch=260/392 running_loss=0.290602
2026-08-20 21:21:16 | INFO | epoch=017 train_batch=270/392 running_loss=0.291364
2026-08-20 21:21:16 | INFO | epoch=017 train_batch=280/392 running_loss=0.290927
2026-08-20 21:21:17 | INFO | epoch=017 train_batch=290/392 running_loss=0.290617
2026-08-20 21:21:17 | INFO | epoch=017 train_batch=300/392 running_loss=0.291625
2026-08-20 21:21:18 | INFO | epoch=017 train_batch=310/392 running_loss=0.291042
2026-08-20 21:21:18 | INFO | epoch=017 train_batch=320/392 running_loss=0.291045
2026-08-20 21:21:19 | INFO | epoch=017 train_batch=330/392 running_loss=0.291462
2026-08-20 21:21:19 | INFO | epoch=017 train_batch=340/392 running_loss=0.290571
2026-08-20 21:21:20 | INFO | epoch=017 train_batch=350/392 running_loss=0.290575
2026-08-20 21:21:20 | INFO | epoch=017 train_batch=360/392 running_loss=0.290601
2026-08-20 21:21:20 | INFO | epoch=017 train_batch=370/392 running_loss=0.290943
2026-08-20 21:21:21 | INFO | epoch=017 train_batch=380/392 running_loss=0.289876
2026-08-20 21:21:21 | INFO | epoch=017 train_batch=390/392 running_loss=0.289585
2026-08-20 21:21:21 | INFO | epoch=017 train_batch=392/392 running_loss=0.289594
2026-08-20 21:21:25 | INFO | epoch=017 train_loss=0.289594 validation_loss=178.626214
2026-08-20 21:21:25 | INFO | epoch=018 rollout_horizon=2 operation_teacher_probability=0.7848
2026-08-20 21:21:25 | INFO | epoch=018 train_batch=10/392 running_loss=0.302376
2026-08-20 21:21:26 | INFO | epoch=018 train_batch=20/392 running_loss=0.290634
2026-08-20 21:21:26 | INFO | epoch=018 train_batch=30/392 running_loss=0.287834
2026-08-20 21:21:27 | INFO | epoch=018 train_batch=40/392 running_loss=0.289547
2026-08-20 21:21:27 | INFO | epoch=018 train_batch=50/392 running_loss=0.287073
2026-08-20 21:21:28 | INFO | epoch=018 train_batch=60/392 running_loss=0.290178
2026-08-20 21:21:28 | INFO | epoch=018 train_batch=70/392 running_loss=0.289161
2026-08-20 21:21:28 | INFO | epoch=018 train_batch=80/392 running_loss=0.288577
2026-08-20 21:21:29 | INFO | epoch=018 train_batch=90/392 running_loss=0.286988
2026-08-20 21:21:29 | INFO | epoch=018 train_batch=100/392 running_loss=0.291294
2026-08-20 21:21:30 | INFO | epoch=018 train_batch=110/392 running_loss=0.292490
2026-08-20 21:21:30 | INFO | epoch=018 train_batch=120/392 running_loss=0.292217
2026-08-20 21:21:31 | INFO | epoch=018 train_batch=130/392 running_loss=0.293837
2026-08-20 21:21:31 | INFO | epoch=018 train_batch=140/392 running_loss=0.296020
2026-08-20 21:21:31 | INFO | epoch=018 train_batch=150/392 running_loss=0.295865
2026-08-20 21:21:32 | INFO | epoch=018 train_batch=160/392 running_loss=0.295847
2026-08-20 21:21:32 | INFO | epoch=018 train_batch=170/392 running_loss=0.295570
2026-08-20 21:21:33 | INFO | epoch=018 train_batch=180/392 running_loss=0.295759
2026-08-20 21:21:33 | INFO | epoch=018 train_batch=190/392 running_loss=0.296177
2026-08-20 21:21:34 | INFO | epoch=018 train_batch=200/392 running_loss=0.294466
2026-08-20 21:21:34 | INFO | epoch=018 train_batch=210/392 running_loss=0.293604
2026-08-20 21:21:35 | INFO | epoch=018 train_batch=220/392 running_loss=0.292979
2026-08-20 21:21:35 | INFO | epoch=018 train_batch=230/392 running_loss=0.292618
2026-08-20 21:21:35 | INFO | epoch=018 train_batch=240/392 running_loss=0.293054
2026-08-20 21:21:36 | INFO | epoch=018 train_batch=250/392 running_loss=0.292848
2026-08-20 21:21:36 | INFO | epoch=018 train_batch=260/392 running_loss=0.292942
2026-08-20 21:21:37 | INFO | epoch=018 train_batch=270/392 running_loss=0.292686
2026-08-20 21:21:37 | INFO | epoch=018 train_batch=280/392 running_loss=0.292409
2026-08-20 21:21:38 | INFO | epoch=018 train_batch=290/392 running_loss=0.290941
2026-08-20 21:21:38 | INFO | epoch=018 train_batch=300/392 running_loss=0.290983
2026-08-20 21:21:39 | INFO | epoch=018 train_batch=310/392 running_loss=0.291577
2026-08-20 21:21:39 | INFO | epoch=018 train_batch=320/392 running_loss=0.292006
2026-08-20 21:21:39 | INFO | epoch=018 train_batch=330/392 running_loss=0.291855
2026-08-20 21:21:40 | INFO | epoch=018 train_batch=340/392 running_loss=0.291996
2026-08-20 21:21:40 | INFO | epoch=018 train_batch=350/392 running_loss=0.292342
2026-08-20 21:21:41 | INFO | epoch=018 train_batch=360/392 running_loss=0.292265
2026-08-20 21:21:41 | INFO | epoch=018 train_batch=370/392 running_loss=0.291861
2026-08-20 21:21:42 | INFO | epoch=018 train_batch=380/392 running_loss=0.291490
2026-08-20 21:21:42 | INFO | epoch=018 train_batch=390/392 running_loss=0.291653
2026-08-20 21:21:42 | INFO | epoch=018 train_batch=392/392 running_loss=0.292033
2026-08-20 21:21:45 | INFO | epoch=018 train_loss=0.292033 validation_loss=110.412834
2026-08-20 21:21:46 | INFO | epoch=019 rollout_horizon=2 operation_teacher_probability=0.7722
2026-08-20 21:21:46 | INFO | epoch=019 train_batch=10/392 running_loss=0.305621
2026-08-20 21:21:46 | INFO | epoch=019 train_batch=20/392 running_loss=0.289556
2026-08-20 21:21:47 | INFO | epoch=019 train_batch=30/392 running_loss=0.286432
2026-08-20 21:21:47 | INFO | epoch=019 train_batch=40/392 running_loss=0.288175
2026-08-20 21:21:48 | INFO | epoch=019 train_batch=50/392 running_loss=0.285739
2026-08-20 21:21:48 | INFO | epoch=019 train_batch=60/392 running_loss=0.285841
2026-08-20 21:21:49 | INFO | epoch=019 train_batch=70/392 running_loss=0.289128
2026-08-20 21:21:49 | INFO | epoch=019 train_batch=80/392 running_loss=0.286042
2026-08-20 21:21:50 | INFO | epoch=019 train_batch=90/392 running_loss=0.284477
2026-08-20 21:21:50 | INFO | epoch=019 train_batch=100/392 running_loss=0.283586
2026-08-20 21:21:50 | INFO | epoch=019 train_batch=110/392 running_loss=0.282707
2026-08-20 21:21:51 | INFO | epoch=019 train_batch=120/392 running_loss=0.281988
2026-08-20 21:21:51 | INFO | epoch=019 train_batch=130/392 running_loss=0.283012
2026-08-20 21:21:52 | INFO | epoch=019 train_batch=140/392 running_loss=0.281729
2026-08-20 21:21:52 | INFO | epoch=019 train_batch=150/392 running_loss=0.282789
2026-08-20 21:21:53 | INFO | epoch=019 train_batch=160/392 running_loss=0.283134
2026-08-20 21:21:53 | INFO | epoch=019 train_batch=170/392 running_loss=0.285108
2026-08-20 21:21:53 | INFO | epoch=019 train_batch=180/392 running_loss=0.285355
2026-08-20 21:21:54 | INFO | epoch=019 train_batch=190/392 running_loss=0.285180
2026-08-20 21:21:54 | INFO | epoch=019 train_batch=200/392 running_loss=0.284827
2026-08-20 21:21:55 | INFO | epoch=019 train_batch=210/392 running_loss=0.284972
2026-08-20 21:21:55 | INFO | epoch=019 train_batch=220/392 running_loss=0.284276
2026-08-20 21:21:56 | INFO | epoch=019 train_batch=230/392 running_loss=0.284476
2026-08-20 21:21:56 | INFO | epoch=019 train_batch=240/392 running_loss=0.285814
2026-08-20 21:21:57 | INFO | epoch=019 train_batch=250/392 running_loss=0.285862
2026-08-20 21:21:57 | INFO | epoch=019 train_batch=260/392 running_loss=0.284921
2026-08-20 21:21:57 | INFO | epoch=019 train_batch=270/392 running_loss=0.284818
2026-08-20 21:21:58 | INFO | epoch=019 train_batch=280/392 running_loss=0.284701
2026-08-20 21:21:58 | INFO | epoch=019 train_batch=290/392 running_loss=0.284427
2026-08-20 21:21:59 | INFO | epoch=019 train_batch=300/392 running_loss=0.284744
2026-08-20 21:21:59 | INFO | epoch=019 train_batch=310/392 running_loss=0.284704
2026-08-20 21:22:00 | INFO | epoch=019 train_batch=320/392 running_loss=0.284705
2026-08-20 21:22:00 | INFO | epoch=019 train_batch=330/392 running_loss=0.284700
2026-08-20 21:22:01 | INFO | epoch=019 train_batch=340/392 running_loss=0.284707
2026-08-20 21:22:01 | INFO | epoch=019 train_batch=350/392 running_loss=0.285182
2026-08-20 21:22:01 | INFO | epoch=019 train_batch=360/392 running_loss=0.284663
2026-08-20 21:22:02 | INFO | epoch=019 train_batch=370/392 running_loss=0.284191
2026-08-20 21:22:02 | INFO | epoch=019 train_batch=380/392 running_loss=0.284260
2026-08-20 21:22:03 | INFO | epoch=019 train_batch=390/392 running_loss=0.283872
2026-08-20 21:22:03 | INFO | epoch=019 train_batch=392/392 running_loss=0.284008
2026-08-20 21:22:06 | INFO | epoch=019 train_loss=0.284008 validation_loss=100.044954
2026-08-20 21:22:06 | INFO | epoch=020 rollout_horizon=2 operation_teacher_probability=0.7595
2026-08-20 21:22:07 | INFO | epoch=020 train_batch=10/392 running_loss=0.297360
2026-08-20 21:22:07 | INFO | epoch=020 train_batch=20/392 running_loss=0.284748
2026-08-20 21:22:08 | INFO | epoch=020 train_batch=30/392 running_loss=0.282812
2026-08-20 21:22:08 | INFO | epoch=020 train_batch=40/392 running_loss=0.281358
2026-08-20 21:22:08 | INFO | epoch=020 train_batch=50/392 running_loss=0.282759
2026-08-20 21:22:09 | INFO | epoch=020 train_batch=60/392 running_loss=0.279962
2026-08-20 21:22:09 | INFO | epoch=020 train_batch=70/392 running_loss=0.277877
2026-08-20 21:22:10 | INFO | epoch=020 train_batch=80/392 running_loss=0.277447
2026-08-20 21:22:10 | INFO | epoch=020 train_batch=90/392 running_loss=0.274716
2026-08-20 21:22:11 | INFO | epoch=020 train_batch=100/392 running_loss=0.275472
2026-08-20 21:22:11 | INFO | epoch=020 train_batch=110/392 running_loss=0.276794
2026-08-20 21:22:12 | INFO | epoch=020 train_batch=120/392 running_loss=0.277838
2026-08-20 21:22:12 | INFO | epoch=020 train_batch=130/392 running_loss=0.278744
2026-08-20 21:22:12 | INFO | epoch=020 train_batch=140/392 running_loss=0.278215
2026-08-20 21:22:13 | INFO | epoch=020 train_batch=150/392 running_loss=0.278079
2026-08-20 21:22:13 | INFO | epoch=020 train_batch=160/392 running_loss=0.279288
2026-08-20 21:22:14 | INFO | epoch=020 train_batch=170/392 running_loss=0.280598
2026-08-20 21:22:14 | INFO | epoch=020 train_batch=180/392 running_loss=0.279638
2026-08-20 21:22:15 | INFO | epoch=020 train_batch=190/392 running_loss=0.279945
2026-08-20 21:22:15 | INFO | epoch=020 train_batch=200/392 running_loss=0.280575
2026-08-20 21:22:16 | INFO | epoch=020 train_batch=210/392 running_loss=0.280565
2026-08-20 21:22:16 | INFO | epoch=020 train_batch=220/392 running_loss=0.280837
2026-08-20 21:22:17 | INFO | epoch=020 train_batch=230/392 running_loss=0.280107
2026-08-20 21:22:17 | INFO | epoch=020 train_batch=240/392 running_loss=0.280891
2026-08-20 21:22:17 | INFO | epoch=020 train_batch=250/392 running_loss=0.280392
2026-08-20 21:22:18 | INFO | epoch=020 train_batch=260/392 running_loss=0.281684
2026-08-20 21:22:18 | INFO | epoch=020 train_batch=270/392 running_loss=0.282512
2026-08-20 21:22:19 | INFO | epoch=020 train_batch=280/392 running_loss=0.283099
2026-08-20 21:22:19 | INFO | epoch=020 train_batch=290/392 running_loss=0.282602
2026-08-20 21:22:20 | INFO | epoch=020 train_batch=300/392 running_loss=0.282544
2026-08-20 21:22:20 | INFO | epoch=020 train_batch=310/392 running_loss=0.282393
2026-08-20 21:22:20 | INFO | epoch=020 train_batch=320/392 running_loss=0.282231
2026-08-20 21:22:21 | INFO | epoch=020 train_batch=330/392 running_loss=0.281747
2026-08-20 21:22:21 | INFO | epoch=020 train_batch=340/392 running_loss=0.281769
2026-08-20 21:22:22 | INFO | epoch=020 train_batch=350/392 running_loss=0.281860
2026-08-20 21:22:22 | INFO | epoch=020 train_batch=360/392 running_loss=0.281376
2026-08-20 21:22:22 | INFO | epoch=020 train_batch=370/392 running_loss=0.281968
2026-08-20 21:22:23 | INFO | epoch=020 train_batch=380/392 running_loss=0.281377
2026-08-20 21:22:23 | INFO | epoch=020 train_batch=390/392 running_loss=0.281430
2026-08-20 21:22:23 | INFO | epoch=020 train_batch=392/392 running_loss=0.281505
2026-08-20 21:22:26 | INFO | epoch=020 train_loss=0.281505 validation_loss=158.978774
2026-08-20 21:22:26 | INFO | epoch=021 rollout_horizon=4 operation_teacher_probability=0.7468
2026-08-20 21:22:27 | INFO | epoch=021 train_batch=10/392 running_loss=0.298575
2026-08-20 21:22:27 | INFO | epoch=021 train_batch=20/392 running_loss=0.300424
2026-08-20 21:22:28 | INFO | epoch=021 train_batch=30/392 running_loss=0.298945
2026-08-20 21:22:28 | INFO | epoch=021 train_batch=40/392 running_loss=0.305870
2026-08-20 21:22:28 | INFO | epoch=021 train_batch=50/392 running_loss=0.309807
2026-08-20 21:22:29 | INFO | epoch=021 train_batch=60/392 running_loss=0.311687
2026-08-20 21:22:29 | INFO | epoch=021 train_batch=70/392 running_loss=0.311237
2026-08-20 21:22:30 | INFO | epoch=021 train_batch=80/392 running_loss=0.312058
2026-08-20 21:22:30 | INFO | epoch=021 train_batch=90/392 running_loss=0.311682
2026-08-20 21:22:31 | INFO | epoch=021 train_batch=100/392 running_loss=0.313240
2026-08-20 21:22:31 | INFO | epoch=021 train_batch=110/392 running_loss=0.311418
2026-08-20 21:22:32 | INFO | epoch=021 train_batch=120/392 running_loss=0.310915
2026-08-20 21:22:32 | INFO | epoch=021 train_batch=130/392 running_loss=0.310975
2026-08-20 21:22:33 | INFO | epoch=021 train_batch=140/392 running_loss=0.311248
2026-08-20 21:22:33 | INFO | epoch=021 train_batch=150/392 running_loss=0.310421
2026-08-20 21:22:33 | INFO | epoch=021 train_batch=160/392 running_loss=0.311676
2026-08-20 21:22:34 | INFO | epoch=021 train_batch=170/392 running_loss=0.311405
2026-08-20 21:22:34 | INFO | epoch=021 train_batch=180/392 running_loss=0.310712
2026-08-20 21:22:35 | INFO | epoch=021 train_batch=190/392 running_loss=0.310609
2026-08-20 21:22:35 | INFO | epoch=021 train_batch=200/392 running_loss=0.311687
2026-08-20 21:22:36 | INFO | epoch=021 train_batch=210/392 running_loss=0.311481
2026-08-20 21:22:36 | INFO | epoch=021 train_batch=220/392 running_loss=0.311219
2026-08-20 21:22:37 | INFO | epoch=021 train_batch=230/392 running_loss=0.311334
2026-08-20 21:22:37 | INFO | epoch=021 train_batch=240/392 running_loss=0.311396
2026-08-20 21:22:38 | INFO | epoch=021 train_batch=250/392 running_loss=0.310919
2026-08-20 21:22:38 | INFO | epoch=021 train_batch=260/392 running_loss=0.310521
2026-08-20 21:22:38 | INFO | epoch=021 train_batch=270/392 running_loss=0.310096
2026-08-20 21:22:39 | INFO | epoch=021 train_batch=280/392 running_loss=0.309979
2026-08-20 21:22:39 | INFO | epoch=021 train_batch=290/392 running_loss=0.310495
2026-08-20 21:22:40 | INFO | epoch=021 train_batch=300/392 running_loss=0.310856
2026-08-20 21:22:40 | INFO | epoch=021 train_batch=310/392 running_loss=0.310107
2026-08-20 21:22:41 | INFO | epoch=021 train_batch=320/392 running_loss=0.309777
2026-08-20 21:22:41 | INFO | epoch=021 train_batch=330/392 running_loss=0.310302
2026-08-20 21:22:42 | INFO | epoch=021 train_batch=340/392 running_loss=0.310322
2026-08-20 21:22:42 | INFO | epoch=021 train_batch=350/392 running_loss=0.310044
2026-08-20 21:22:42 | INFO | epoch=021 train_batch=360/392 running_loss=0.310191
2026-08-20 21:22:43 | INFO | epoch=021 train_batch=370/392 running_loss=0.310255
2026-08-20 21:22:43 | INFO | epoch=021 train_batch=380/392 running_loss=0.310282
2026-08-20 21:22:44 | INFO | epoch=021 train_batch=390/392 running_loss=0.309950
2026-08-20 21:22:44 | INFO | epoch=021 train_batch=392/392 running_loss=0.309905
2026-08-20 21:22:47 | INFO | epoch=021 train_loss=0.309905 validation_loss=70.474258
2026-08-20 21:22:47 | INFO | epoch=022 rollout_horizon=4 operation_teacher_probability=0.7342
2026-08-20 21:22:47 | INFO | epoch=022 train_batch=10/392 running_loss=0.310995
2026-08-20 21:22:48 | INFO | epoch=022 train_batch=20/392 running_loss=0.315123
2026-08-20 21:22:48 | INFO | epoch=022 train_batch=30/392 running_loss=0.310434
2026-08-20 21:22:49 | INFO | epoch=022 train_batch=40/392 running_loss=0.304596
2026-08-20 21:22:49 | INFO | epoch=022 train_batch=50/392 running_loss=0.302238
2026-08-20 21:22:50 | INFO | epoch=022 train_batch=60/392 running_loss=0.298587
2026-08-20 21:22:50 | INFO | epoch=022 train_batch=70/392 running_loss=0.300895
2026-08-20 21:22:51 | INFO | epoch=022 train_batch=80/392 running_loss=0.299489
2026-08-20 21:22:51 | INFO | epoch=022 train_batch=90/392 running_loss=0.298468
2026-08-20 21:22:52 | INFO | epoch=022 train_batch=100/392 running_loss=0.300023
2026-08-20 21:22:52 | INFO | epoch=022 train_batch=110/392 running_loss=0.300771
2026-08-20 21:22:52 | INFO | epoch=022 train_batch=120/392 running_loss=0.300927
2026-08-20 21:22:53 | INFO | epoch=022 train_batch=130/392 running_loss=0.301410
2026-08-20 21:22:53 | INFO | epoch=022 train_batch=140/392 running_loss=0.300860
2026-08-20 21:22:54 | INFO | epoch=022 train_batch=150/392 running_loss=0.301133
2026-08-20 21:22:54 | INFO | epoch=022 train_batch=160/392 running_loss=0.301975
2026-08-20 21:22:55 | INFO | epoch=022 train_batch=170/392 running_loss=0.301760
2026-08-20 21:22:55 | INFO | epoch=022 train_batch=180/392 running_loss=0.302349
2026-08-20 21:22:56 | INFO | epoch=022 train_batch=190/392 running_loss=0.301628
2026-08-20 21:22:56 | INFO | epoch=022 train_batch=200/392 running_loss=0.301836
2026-08-20 21:22:56 | INFO | epoch=022 train_batch=210/392 running_loss=0.300700
2026-08-20 21:22:57 | INFO | epoch=022 train_batch=220/392 running_loss=0.301326
2026-08-20 21:22:57 | INFO | epoch=022 train_batch=230/392 running_loss=0.301914
2026-08-20 21:22:58 | INFO | epoch=022 train_batch=240/392 running_loss=0.301371
2026-08-20 21:22:58 | INFO | epoch=022 train_batch=250/392 running_loss=0.299665
2026-08-20 21:22:59 | INFO | epoch=022 train_batch=260/392 running_loss=0.298922
2026-08-20 21:22:59 | INFO | epoch=022 train_batch=270/392 running_loss=0.299559
2026-08-20 21:23:00 | INFO | epoch=022 train_batch=280/392 running_loss=0.299092
2026-08-20 21:23:00 | INFO | epoch=022 train_batch=290/392 running_loss=0.299315
2026-08-20 21:23:01 | INFO | epoch=022 train_batch=300/392 running_loss=0.299203
2026-08-20 21:23:01 | INFO | epoch=022 train_batch=310/392 running_loss=0.299373
2026-08-20 21:23:02 | INFO | epoch=022 train_batch=320/392 running_loss=0.299778
2026-08-20 21:23:02 | INFO | epoch=022 train_batch=330/392 running_loss=0.300078
2026-08-20 21:23:02 | INFO | epoch=022 train_batch=340/392 running_loss=0.299771
2026-08-20 21:23:03 | INFO | epoch=022 train_batch=350/392 running_loss=0.299506
2026-08-20 21:23:03 | INFO | epoch=022 train_batch=360/392 running_loss=0.300524
2026-08-20 21:23:04 | INFO | epoch=022 train_batch=370/392 running_loss=0.300896
2026-08-20 21:23:04 | INFO | epoch=022 train_batch=380/392 running_loss=0.301262
2026-08-20 21:23:05 | INFO | epoch=022 train_batch=390/392 running_loss=0.301591
2026-08-20 21:23:05 | INFO | epoch=022 train_batch=392/392 running_loss=0.301400
2026-08-20 21:23:08 | INFO | epoch=022 train_loss=0.301400 validation_loss=34.556550
2026-08-20 21:23:08 | INFO | epoch=023 rollout_horizon=4 operation_teacher_probability=0.7215
2026-08-20 21:23:08 | INFO | epoch=023 train_batch=10/392 running_loss=0.294370
2026-08-20 21:23:09 | INFO | epoch=023 train_batch=20/392 running_loss=0.303407
2026-08-20 21:23:09 | INFO | epoch=023 train_batch=30/392 running_loss=0.303075
2026-08-20 21:23:10 | INFO | epoch=023 train_batch=40/392 running_loss=0.300627
2026-08-20 21:23:10 | INFO | epoch=023 train_batch=50/392 running_loss=0.302384
2026-08-20 21:23:11 | INFO | epoch=023 train_batch=60/392 running_loss=0.304286
2026-08-20 21:23:11 | INFO | epoch=023 train_batch=70/392 running_loss=0.305062
2026-08-20 21:23:11 | INFO | epoch=023 train_batch=80/392 running_loss=0.301995
2026-08-20 21:23:12 | INFO | epoch=023 train_batch=90/392 running_loss=0.300899
2026-08-20 21:23:12 | INFO | epoch=023 train_batch=100/392 running_loss=0.300620
2026-08-20 21:23:13 | INFO | epoch=023 train_batch=110/392 running_loss=0.299263
2026-08-20 21:23:13 | INFO | epoch=023 train_batch=120/392 running_loss=0.298872
2026-08-20 21:23:14 | INFO | epoch=023 train_batch=130/392 running_loss=0.297920
2026-08-20 21:23:14 | INFO | epoch=023 train_batch=140/392 running_loss=0.297331
2026-08-20 21:23:15 | INFO | epoch=023 train_batch=150/392 running_loss=0.296641
2026-08-20 21:23:15 | INFO | epoch=023 train_batch=160/392 running_loss=0.295715
2026-08-20 21:23:16 | INFO | epoch=023 train_batch=170/392 running_loss=0.296644
2026-08-20 21:23:16 | INFO | epoch=023 train_batch=180/392 running_loss=0.296432
2026-08-20 21:23:16 | INFO | epoch=023 train_batch=190/392 running_loss=0.296248
2026-08-20 21:23:17 | INFO | epoch=023 train_batch=200/392 running_loss=0.296540
2026-08-20 21:23:17 | INFO | epoch=023 train_batch=210/392 running_loss=0.296786
2026-08-20 21:23:18 | INFO | epoch=023 train_batch=220/392 running_loss=0.296387
2026-08-20 21:23:18 | INFO | epoch=023 train_batch=230/392 running_loss=0.296239
2026-08-20 21:23:19 | INFO | epoch=023 train_batch=240/392 running_loss=0.296760
2026-08-20 21:23:19 | INFO | epoch=023 train_batch=250/392 running_loss=0.296144
2026-08-20 21:23:20 | INFO | epoch=023 train_batch=260/392 running_loss=0.296460
2026-08-20 21:23:20 | INFO | epoch=023 train_batch=270/392 running_loss=0.295793
2026-08-20 21:23:21 | INFO | epoch=023 train_batch=280/392 running_loss=0.295278
2026-08-20 21:23:21 | INFO | epoch=023 train_batch=290/392 running_loss=0.295159
2026-08-20 21:23:21 | INFO | epoch=023 train_batch=300/392 running_loss=0.295541
2026-08-20 21:23:22 | INFO | epoch=023 train_batch=310/392 running_loss=0.295296
2026-08-20 21:23:22 | INFO | epoch=023 train_batch=320/392 running_loss=0.295571
2026-08-20 21:23:23 | INFO | epoch=023 train_batch=330/392 running_loss=0.295593
2026-08-20 21:23:23 | INFO | epoch=023 train_batch=340/392 running_loss=0.295066
2026-08-20 21:23:24 | INFO | epoch=023 train_batch=350/392 running_loss=0.295276
2026-08-20 21:23:24 | INFO | epoch=023 train_batch=360/392 running_loss=0.295651
2026-08-20 21:23:25 | INFO | epoch=023 train_batch=370/392 running_loss=0.296269
2026-08-20 21:23:25 | INFO | epoch=023 train_batch=380/392 running_loss=0.296106
2026-08-20 21:23:26 | INFO | epoch=023 train_batch=390/392 running_loss=0.295752
2026-08-20 21:23:26 | INFO | epoch=023 train_batch=392/392 running_loss=0.295868
2026-08-20 21:23:29 | INFO | epoch=023 train_loss=0.295868 validation_loss=25.510650
2026-08-20 21:23:29 | INFO | epoch=024 rollout_horizon=4 operation_teacher_probability=0.7089
2026-08-20 21:23:29 | INFO | epoch=024 train_batch=10/392 running_loss=0.282318
2026-08-20 21:23:29 | INFO | epoch=024 train_batch=20/392 running_loss=0.277464
2026-08-20 21:23:30 | INFO | epoch=024 train_batch=30/392 running_loss=0.279535
2026-08-20 21:23:30 | INFO | epoch=024 train_batch=40/392 running_loss=0.279932
2026-08-20 21:23:31 | INFO | epoch=024 train_batch=50/392 running_loss=0.283297
2026-08-20 21:23:31 | INFO | epoch=024 train_batch=60/392 running_loss=0.284606
2026-08-20 21:23:32 | INFO | epoch=024 train_batch=70/392 running_loss=0.288106
2026-08-20 21:23:32 | INFO | epoch=024 train_batch=80/392 running_loss=0.286319
2026-08-20 21:23:33 | INFO | epoch=024 train_batch=90/392 running_loss=0.287269
2026-08-20 21:23:33 | INFO | epoch=024 train_batch=100/392 running_loss=0.286731
2026-08-20 21:23:34 | INFO | epoch=024 train_batch=110/392 running_loss=0.288010
2026-08-20 21:23:34 | INFO | epoch=024 train_batch=120/392 running_loss=0.288419
2026-08-20 21:23:35 | INFO | epoch=024 train_batch=130/392 running_loss=0.287069
2026-08-20 21:23:35 | INFO | epoch=024 train_batch=140/392 running_loss=0.287237
2026-08-20 21:23:35 | INFO | epoch=024 train_batch=150/392 running_loss=0.285904
2026-08-20 21:23:36 | INFO | epoch=024 train_batch=160/392 running_loss=0.287418
2026-08-20 21:23:36 | INFO | epoch=024 train_batch=170/392 running_loss=0.287780
2026-08-20 21:23:37 | INFO | epoch=024 train_batch=180/392 running_loss=0.288699
2026-08-20 21:23:37 | INFO | epoch=024 train_batch=190/392 running_loss=0.288858
2026-08-20 21:23:38 | INFO | epoch=024 train_batch=200/392 running_loss=0.289085
2026-08-20 21:23:38 | INFO | epoch=024 train_batch=210/392 running_loss=0.287970
2026-08-20 21:23:39 | INFO | epoch=024 train_batch=220/392 running_loss=0.289564
2026-08-20 21:23:39 | INFO | epoch=024 train_batch=230/392 running_loss=0.289855
2026-08-20 21:23:40 | INFO | epoch=024 train_batch=240/392 running_loss=0.289929
2026-08-20 21:23:40 | INFO | epoch=024 train_batch=250/392 running_loss=0.291092
2026-08-20 21:23:41 | INFO | epoch=024 train_batch=260/392 running_loss=0.291536
2026-08-20 21:23:41 | INFO | epoch=024 train_batch=270/392 running_loss=0.291673
2026-08-20 21:23:41 | INFO | epoch=024 train_batch=280/392 running_loss=0.292063
2026-08-20 21:23:42 | INFO | epoch=024 train_batch=290/392 running_loss=0.292770
2026-08-20 21:23:42 | INFO | epoch=024 train_batch=300/392 running_loss=0.292988
2026-08-20 21:23:43 | INFO | epoch=024 train_batch=310/392 running_loss=0.292974
2026-08-20 21:23:43 | INFO | epoch=024 train_batch=320/392 running_loss=0.292725
2026-08-20 21:23:44 | INFO | epoch=024 train_batch=330/392 running_loss=0.292641
2026-08-20 21:23:44 | INFO | epoch=024 train_batch=340/392 running_loss=0.292729
2026-08-20 21:23:45 | INFO | epoch=024 train_batch=350/392 running_loss=0.292685
2026-08-20 21:23:45 | INFO | epoch=024 train_batch=360/392 running_loss=0.292645
2026-08-20 21:23:46 | INFO | epoch=024 train_batch=370/392 running_loss=0.292477
2026-08-20 21:23:46 | INFO | epoch=024 train_batch=380/392 running_loss=0.292292
2026-08-20 21:23:47 | INFO | epoch=024 train_batch=390/392 running_loss=0.292144
2026-08-20 21:23:47 | INFO | epoch=024 train_batch=392/392 running_loss=0.291986
2026-08-20 21:23:50 | INFO | epoch=024 train_loss=0.291986 validation_loss=19.013619
2026-08-20 21:23:50 | INFO | epoch=025 rollout_horizon=4 operation_teacher_probability=0.6962
2026-08-20 21:23:50 | INFO | epoch=025 train_batch=10/392 running_loss=0.313080
2026-08-20 21:23:51 | INFO | epoch=025 train_batch=20/392 running_loss=0.312390
2026-08-20 21:23:51 | INFO | epoch=025 train_batch=30/392 running_loss=0.308045
2026-08-20 21:23:52 | INFO | epoch=025 train_batch=40/392 running_loss=0.300177
2026-08-20 21:23:52 | INFO | epoch=025 train_batch=50/392 running_loss=0.298813
2026-08-20 21:23:52 | INFO | epoch=025 train_batch=60/392 running_loss=0.295914
2026-08-20 21:23:53 | INFO | epoch=025 train_batch=70/392 running_loss=0.295063
2026-08-20 21:23:53 | INFO | epoch=025 train_batch=80/392 running_loss=0.295469
2026-08-20 21:23:54 | INFO | epoch=025 train_batch=90/392 running_loss=0.295287
2026-08-20 21:23:54 | INFO | epoch=025 train_batch=100/392 running_loss=0.294831
2026-08-20 21:23:55 | INFO | epoch=025 train_batch=110/392 running_loss=0.294401
2026-08-20 21:23:55 | INFO | epoch=025 train_batch=120/392 running_loss=0.293954
2026-08-20 21:23:56 | INFO | epoch=025 train_batch=130/392 running_loss=0.292447
2026-08-20 21:23:56 | INFO | epoch=025 train_batch=140/392 running_loss=0.291620
2026-08-20 21:23:57 | INFO | epoch=025 train_batch=150/392 running_loss=0.292701
2026-08-20 21:23:57 | INFO | epoch=025 train_batch=160/392 running_loss=0.292452
2026-08-20 21:23:58 | INFO | epoch=025 train_batch=170/392 running_loss=0.291624
2026-08-20 21:23:58 | INFO | epoch=025 train_batch=180/392 running_loss=0.291489
2026-08-20 21:23:58 | INFO | epoch=025 train_batch=190/392 running_loss=0.290707
2026-08-20 21:23:59 | INFO | epoch=025 train_batch=200/392 running_loss=0.291191
2026-08-20 21:23:59 | INFO | epoch=025 train_batch=210/392 running_loss=0.290998
2026-08-20 21:24:00 | INFO | epoch=025 train_batch=220/392 running_loss=0.290574
2026-08-20 21:24:00 | INFO | epoch=025 train_batch=230/392 running_loss=0.289929
2026-08-20 21:24:01 | INFO | epoch=025 train_batch=240/392 running_loss=0.290029
2026-08-20 21:24:01 | INFO | epoch=025 train_batch=250/392 running_loss=0.290293
2026-08-20 21:24:02 | INFO | epoch=025 train_batch=260/392 running_loss=0.290002
2026-08-20 21:24:02 | INFO | epoch=025 train_batch=270/392 running_loss=0.289849
2026-08-20 21:24:03 | INFO | epoch=025 train_batch=280/392 running_loss=0.290277
2026-08-20 21:24:03 | INFO | epoch=025 train_batch=290/392 running_loss=0.290322
2026-08-20 21:24:03 | INFO | epoch=025 train_batch=300/392 running_loss=0.289774
2026-08-20 21:24:04 | INFO | epoch=025 train_batch=310/392 running_loss=0.289617
2026-08-20 21:24:04 | INFO | epoch=025 train_batch=320/392 running_loss=0.290242
2026-08-20 21:24:05 | INFO | epoch=025 train_batch=330/392 running_loss=0.290588
2026-08-20 21:24:05 | INFO | epoch=025 train_batch=340/392 running_loss=0.291310
2026-08-20 21:24:06 | INFO | epoch=025 train_batch=350/392 running_loss=0.291275
2026-08-20 21:24:06 | INFO | epoch=025 train_batch=360/392 running_loss=0.291582
2026-08-20 21:24:07 | INFO | epoch=025 train_batch=370/392 running_loss=0.291588
2026-08-20 21:24:07 | INFO | epoch=025 train_batch=380/392 running_loss=0.290904
2026-08-20 21:24:08 | INFO | epoch=025 train_batch=390/392 running_loss=0.290580
2026-08-20 21:24:08 | INFO | epoch=025 train_batch=392/392 running_loss=0.290580
2026-08-20 21:24:11 | INFO | epoch=025 train_loss=0.290580 validation_loss=26.431487
2026-08-20 21:24:11 | INFO | epoch=026 rollout_horizon=4 operation_teacher_probability=0.6835
2026-08-20 21:24:11 | INFO | epoch=026 train_batch=10/392 running_loss=0.302889
2026-08-20 21:24:12 | INFO | epoch=026 train_batch=20/392 running_loss=0.303112
2026-08-20 21:24:12 | INFO | epoch=026 train_batch=30/392 running_loss=0.302474
2026-08-20 21:24:13 | INFO | epoch=026 train_batch=40/392 running_loss=0.298898
2026-08-20 21:24:13 | INFO | epoch=026 train_batch=50/392 running_loss=0.294239
2026-08-20 21:24:14 | INFO | epoch=026 train_batch=60/392 running_loss=0.291064
2026-08-20 21:24:14 | INFO | epoch=026 train_batch=70/392 running_loss=0.290867
2026-08-20 21:24:15 | INFO | epoch=026 train_batch=80/392 running_loss=0.287189
2026-08-20 21:24:15 | INFO | epoch=026 train_batch=90/392 running_loss=0.287591
2026-08-20 21:24:16 | INFO | epoch=026 train_batch=100/392 running_loss=0.288130
2026-08-20 21:24:16 | INFO | epoch=026 train_batch=110/392 running_loss=0.286322
2026-08-20 21:24:16 | INFO | epoch=026 train_batch=120/392 running_loss=0.286965
2026-08-20 21:24:17 | INFO | epoch=026 train_batch=130/392 running_loss=0.284867
2026-08-20 21:24:17 | INFO | epoch=026 train_batch=140/392 running_loss=0.285861
2026-08-20 21:24:18 | INFO | epoch=026 train_batch=150/392 running_loss=0.286603
2026-08-20 21:24:18 | INFO | epoch=026 train_batch=160/392 running_loss=0.286447
2026-08-20 21:24:19 | INFO | epoch=026 train_batch=170/392 running_loss=0.286129
2026-08-20 21:24:19 | INFO | epoch=026 train_batch=180/392 running_loss=0.287078
2026-08-20 21:24:20 | INFO | epoch=026 train_batch=190/392 running_loss=0.285771
2026-08-20 21:24:20 | INFO | epoch=026 train_batch=200/392 running_loss=0.285743
2026-08-20 21:24:21 | INFO | epoch=026 train_batch=210/392 running_loss=0.285976
2026-08-20 21:24:21 | INFO | epoch=026 train_batch=220/392 running_loss=0.285616
2026-08-20 21:24:21 | INFO | epoch=026 train_batch=230/392 running_loss=0.284938
2026-08-20 21:24:22 | INFO | epoch=026 train_batch=240/392 running_loss=0.285219
2026-08-20 21:24:22 | INFO | epoch=026 train_batch=250/392 running_loss=0.285961
2026-08-20 21:24:23 | INFO | epoch=026 train_batch=260/392 running_loss=0.286630
2026-08-20 21:24:23 | INFO | epoch=026 train_batch=270/392 running_loss=0.286801
2026-08-20 21:24:24 | INFO | epoch=026 train_batch=280/392 running_loss=0.286639
2026-08-20 21:24:24 | INFO | epoch=026 train_batch=290/392 running_loss=0.287633
2026-08-20 21:24:25 | INFO | epoch=026 train_batch=300/392 running_loss=0.287368
2026-08-20 21:24:25 | INFO | epoch=026 train_batch=310/392 running_loss=0.287846
2026-08-20 21:24:25 | INFO | epoch=026 train_batch=320/392 running_loss=0.288225
2026-08-20 21:24:26 | INFO | epoch=026 train_batch=330/392 running_loss=0.288884
2026-08-20 21:24:26 | INFO | epoch=026 train_batch=340/392 running_loss=0.288590
2026-08-20 21:24:27 | INFO | epoch=026 train_batch=350/392 running_loss=0.288227
2026-08-20 21:24:27 | INFO | epoch=026 train_batch=360/392 running_loss=0.288284
2026-08-20 21:24:28 | INFO | epoch=026 train_batch=370/392 running_loss=0.287753
2026-08-20 21:24:28 | INFO | epoch=026 train_batch=380/392 running_loss=0.288157
2026-08-20 21:24:29 | INFO | epoch=026 train_batch=390/392 running_loss=0.287832
2026-08-20 21:24:29 | INFO | epoch=026 train_batch=392/392 running_loss=0.288416
2026-08-20 21:24:32 | INFO | epoch=026 train_loss=0.288416 validation_loss=37.185559
2026-08-20 21:24:32 | INFO | epoch=027 rollout_horizon=4 operation_teacher_probability=0.6709
2026-08-20 21:24:32 | INFO | epoch=027 train_batch=10/392 running_loss=0.291279
2026-08-20 21:24:33 | INFO | epoch=027 train_batch=20/392 running_loss=0.283037
2026-08-20 21:24:33 | INFO | epoch=027 train_batch=30/392 running_loss=0.277693
2026-08-20 21:24:34 | INFO | epoch=027 train_batch=40/392 running_loss=0.276412
2026-08-20 21:24:34 | INFO | epoch=027 train_batch=50/392 running_loss=0.281733
2026-08-20 21:24:34 | INFO | epoch=027 train_batch=60/392 running_loss=0.282135
2026-08-20 21:24:35 | INFO | epoch=027 train_batch=70/392 running_loss=0.284826
2026-08-20 21:24:35 | INFO | epoch=027 train_batch=80/392 running_loss=0.284569
2026-08-20 21:24:36 | INFO | epoch=027 train_batch=90/392 running_loss=0.283946
2026-08-20 21:24:36 | INFO | epoch=027 train_batch=100/392 running_loss=0.283805
2026-08-20 21:24:37 | INFO | epoch=027 train_batch=110/392 running_loss=0.285522
2026-08-20 21:24:37 | INFO | epoch=027 train_batch=120/392 running_loss=0.286357
2026-08-20 21:24:38 | INFO | epoch=027 train_batch=130/392 running_loss=0.286167
2026-08-20 21:24:38 | INFO | epoch=027 train_batch=140/392 running_loss=0.286807
2026-08-20 21:24:39 | INFO | epoch=027 train_batch=150/392 running_loss=0.286508
2026-08-20 21:24:39 | INFO | epoch=027 train_batch=160/392 running_loss=0.284842
2026-08-20 21:24:39 | INFO | epoch=027 train_batch=170/392 running_loss=0.284401
2026-08-20 21:24:40 | INFO | epoch=027 train_batch=180/392 running_loss=0.283347
2026-08-20 21:24:40 | INFO | epoch=027 train_batch=190/392 running_loss=0.282918
2026-08-20 21:24:41 | INFO | epoch=027 train_batch=200/392 running_loss=0.283427
2026-08-20 21:24:41 | INFO | epoch=027 train_batch=210/392 running_loss=0.284484
2026-08-20 21:24:42 | INFO | epoch=027 train_batch=220/392 running_loss=0.284036
2026-08-20 21:24:42 | INFO | epoch=027 train_batch=230/392 running_loss=0.284214
2026-08-20 21:24:43 | INFO | epoch=027 train_batch=240/392 running_loss=0.284604
2026-08-20 21:24:43 | INFO | epoch=027 train_batch=250/392 running_loss=0.285573
2026-08-20 21:24:44 | INFO | epoch=027 train_batch=260/392 running_loss=0.285225
2026-08-20 21:24:44 | INFO | epoch=027 train_batch=270/392 running_loss=0.285201
2026-08-20 21:24:44 | INFO | epoch=027 train_batch=280/392 running_loss=0.285428
2026-08-20 21:24:45 | INFO | epoch=027 train_batch=290/392 running_loss=0.285326
2026-08-20 21:24:45 | INFO | epoch=027 train_batch=300/392 running_loss=0.284907
2026-08-20 21:24:46 | INFO | epoch=027 train_batch=310/392 running_loss=0.285946
2026-08-20 21:24:46 | INFO | epoch=027 train_batch=320/392 running_loss=0.285864
2026-08-20 21:24:47 | INFO | epoch=027 train_batch=330/392 running_loss=0.285531
2026-08-20 21:24:47 | INFO | epoch=027 train_batch=340/392 running_loss=0.285051
2026-08-20 21:24:48 | INFO | epoch=027 train_batch=350/392 running_loss=0.285049
2026-08-20 21:24:48 | INFO | epoch=027 train_batch=360/392 running_loss=0.284879
2026-08-20 21:24:49 | INFO | epoch=027 train_batch=370/392 running_loss=0.285662
2026-08-20 21:24:49 | INFO | epoch=027 train_batch=380/392 running_loss=0.285965
2026-08-20 21:24:49 | INFO | epoch=027 train_batch=390/392 running_loss=0.286907
2026-08-20 21:24:50 | INFO | epoch=027 train_batch=392/392 running_loss=0.286933
2026-08-20 21:24:52 | INFO | epoch=027 train_loss=0.286933 validation_loss=27.000430
2026-08-20 21:24:52 | INFO | epoch=028 rollout_horizon=4 operation_teacher_probability=0.6582
2026-08-20 21:24:53 | INFO | epoch=028 train_batch=10/392 running_loss=0.278876
2026-08-20 21:24:53 | INFO | epoch=028 train_batch=20/392 running_loss=0.284160
2026-08-20 21:24:54 | INFO | epoch=028 train_batch=30/392 running_loss=0.292839
2026-08-20 21:24:54 | INFO | epoch=028 train_batch=40/392 running_loss=0.292289
2026-08-20 21:24:55 | INFO | epoch=028 train_batch=50/392 running_loss=0.290835
2026-08-20 21:24:55 | INFO | epoch=028 train_batch=60/392 running_loss=0.291248
2026-08-20 21:24:56 | INFO | epoch=028 train_batch=70/392 running_loss=0.291410
2026-08-20 21:24:56 | INFO | epoch=028 train_batch=80/392 running_loss=0.291936
2026-08-20 21:24:57 | INFO | epoch=028 train_batch=90/392 running_loss=0.288470
2026-08-20 21:24:57 | INFO | epoch=028 train_batch=100/392 running_loss=0.287042
2026-08-20 21:24:58 | INFO | epoch=028 train_batch=110/392 running_loss=0.286895
2026-08-20 21:24:58 | INFO | epoch=028 train_batch=120/392 running_loss=0.287267
2026-08-20 21:24:58 | INFO | epoch=028 train_batch=130/392 running_loss=0.286271
2026-08-20 21:24:59 | INFO | epoch=028 train_batch=140/392 running_loss=0.286292
2026-08-20 21:24:59 | INFO | epoch=028 train_batch=150/392 running_loss=0.285480
2026-08-20 21:25:00 | INFO | epoch=028 train_batch=160/392 running_loss=0.284577
2026-08-20 21:25:00 | INFO | epoch=028 train_batch=170/392 running_loss=0.286271
2026-08-20 21:25:01 | INFO | epoch=028 train_batch=180/392 running_loss=0.285893
2026-08-20 21:25:01 | INFO | epoch=028 train_batch=190/392 running_loss=0.285036
2026-08-20 21:25:02 | INFO | epoch=028 train_batch=200/392 running_loss=0.284668
2026-08-20 21:25:02 | INFO | epoch=028 train_batch=210/392 running_loss=0.284233
2026-08-20 21:25:03 | INFO | epoch=028 train_batch=220/392 running_loss=0.284003
2026-08-20 21:25:03 | INFO | epoch=028 train_batch=230/392 running_loss=0.283586
2026-08-20 21:25:03 | INFO | epoch=028 train_batch=240/392 running_loss=0.284219
2026-08-20 21:25:04 | INFO | epoch=028 train_batch=250/392 running_loss=0.284438
2026-08-20 21:25:04 | INFO | epoch=028 train_batch=260/392 running_loss=0.285263
2026-08-20 21:25:05 | INFO | epoch=028 train_batch=270/392 running_loss=0.286029
2026-08-20 21:25:05 | INFO | epoch=028 train_batch=280/392 running_loss=0.285176
2026-08-20 21:25:06 | INFO | epoch=028 train_batch=290/392 running_loss=0.285360
2026-08-20 21:25:06 | INFO | epoch=028 train_batch=300/392 running_loss=0.285581
2026-08-20 21:25:07 | INFO | epoch=028 train_batch=310/392 running_loss=0.285050
2026-08-20 21:25:07 | INFO | epoch=028 train_batch=320/392 running_loss=0.284922
2026-08-20 21:25:07 | INFO | epoch=028 train_batch=330/392 running_loss=0.285248
2026-08-20 21:25:08 | INFO | epoch=028 train_batch=340/392 running_loss=0.285264
2026-08-20 21:25:08 | INFO | epoch=028 train_batch=350/392 running_loss=0.285943
2026-08-20 21:25:09 | INFO | epoch=028 train_batch=360/392 running_loss=0.285805
2026-08-20 21:25:09 | INFO | epoch=028 train_batch=370/392 running_loss=0.285788
2026-08-20 21:25:10 | INFO | epoch=028 train_batch=380/392 running_loss=0.285952
2026-08-20 21:25:10 | INFO | epoch=028 train_batch=390/392 running_loss=0.285647
2026-08-20 21:25:10 | INFO | epoch=028 train_batch=392/392 running_loss=0.285312
2026-08-20 21:25:13 | INFO | epoch=028 train_loss=0.285312 validation_loss=27.528169
2026-08-20 21:25:13 | INFO | epoch=029 rollout_horizon=4 operation_teacher_probability=0.6456
2026-08-20 21:25:14 | INFO | epoch=029 train_batch=10/392 running_loss=0.261502
2026-08-20 21:25:14 | INFO | epoch=029 train_batch=20/392 running_loss=0.280483
2026-08-20 21:25:15 | INFO | epoch=029 train_batch=30/392 running_loss=0.291618
2026-08-20 21:25:15 | INFO | epoch=029 train_batch=40/392 running_loss=0.292905
2026-08-20 21:25:16 | INFO | epoch=029 train_batch=50/392 running_loss=0.288555
2026-08-20 21:25:16 | INFO | epoch=029 train_batch=60/392 running_loss=0.286928
2026-08-20 21:25:16 | INFO | epoch=029 train_batch=70/392 running_loss=0.284157
2026-08-20 21:25:17 | INFO | epoch=029 train_batch=80/392 running_loss=0.285003
2026-08-20 21:25:17 | INFO | epoch=029 train_batch=90/392 running_loss=0.283225
2026-08-20 21:25:18 | INFO | epoch=029 train_batch=100/392 running_loss=0.282602
2026-08-20 21:25:18 | INFO | epoch=029 train_batch=110/392 running_loss=0.282070
2026-08-20 21:25:19 | INFO | epoch=029 train_batch=120/392 running_loss=0.281064
2026-08-20 21:25:19 | INFO | epoch=029 train_batch=130/392 running_loss=0.282718
2026-08-20 21:25:20 | INFO | epoch=029 train_batch=140/392 running_loss=0.282814
2026-08-20 21:25:20 | INFO | epoch=029 train_batch=150/392 running_loss=0.283716
2026-08-20 21:25:21 | INFO | epoch=029 train_batch=160/392 running_loss=0.283334
2026-08-20 21:25:21 | INFO | epoch=029 train_batch=170/392 running_loss=0.281855
2026-08-20 21:25:21 | INFO | epoch=029 train_batch=180/392 running_loss=0.281139
2026-08-20 21:25:22 | INFO | epoch=029 train_batch=190/392 running_loss=0.281299
2026-08-20 21:25:22 | INFO | epoch=029 train_batch=200/392 running_loss=0.282123
2026-08-20 21:25:23 | INFO | epoch=029 train_batch=210/392 running_loss=0.282340
2026-08-20 21:25:23 | INFO | epoch=029 train_batch=220/392 running_loss=0.283008
2026-08-20 21:25:24 | INFO | epoch=029 train_batch=230/392 running_loss=0.283542
2026-08-20 21:25:24 | INFO | epoch=029 train_batch=240/392 running_loss=0.284093
2026-08-20 21:25:25 | INFO | epoch=029 train_batch=250/392 running_loss=0.283742
2026-08-20 21:25:25 | INFO | epoch=029 train_batch=260/392 running_loss=0.283699
2026-08-20 21:25:26 | INFO | epoch=029 train_batch=270/392 running_loss=0.284059
2026-08-20 21:25:26 | INFO | epoch=029 train_batch=280/392 running_loss=0.284596
2026-08-20 21:25:26 | INFO | epoch=029 train_batch=290/392 running_loss=0.284274
2026-08-20 21:25:27 | INFO | epoch=029 train_batch=300/392 running_loss=0.283772
2026-08-20 21:25:27 | INFO | epoch=029 train_batch=310/392 running_loss=0.283993
2026-08-20 21:25:28 | INFO | epoch=029 train_batch=320/392 running_loss=0.284244
2026-08-20 21:25:28 | INFO | epoch=029 train_batch=330/392 running_loss=0.283908
2026-08-20 21:25:29 | INFO | epoch=029 train_batch=340/392 running_loss=0.283594
2026-08-20 21:25:29 | INFO | epoch=029 train_batch=350/392 running_loss=0.283649
2026-08-20 21:25:30 | INFO | epoch=029 train_batch=360/392 running_loss=0.282997
2026-08-20 21:25:30 | INFO | epoch=029 train_batch=370/392 running_loss=0.282970
2026-08-20 21:25:31 | INFO | epoch=029 train_batch=380/392 running_loss=0.282382
2026-08-20 21:25:31 | INFO | epoch=029 train_batch=390/392 running_loss=0.283030
2026-08-20 21:25:31 | INFO | epoch=029 train_batch=392/392 running_loss=0.282996
2026-08-20 21:25:34 | INFO | epoch=029 train_loss=0.282996 validation_loss=22.496169
2026-08-20 21:25:34 | INFO | epoch=030 rollout_horizon=4 operation_teacher_probability=0.6329
2026-08-20 21:25:35 | INFO | epoch=030 train_batch=10/392 running_loss=0.269954
2026-08-20 21:25:35 | INFO | epoch=030 train_batch=20/392 running_loss=0.281523
2026-08-20 21:25:35 | INFO | epoch=030 train_batch=30/392 running_loss=0.288714
2026-08-20 21:25:36 | INFO | epoch=030 train_batch=40/392 running_loss=0.288468
2026-08-20 21:25:36 | INFO | epoch=030 train_batch=50/392 running_loss=0.286256
2026-08-20 21:25:37 | INFO | epoch=030 train_batch=60/392 running_loss=0.285361
2026-08-20 21:25:37 | INFO | epoch=030 train_batch=70/392 running_loss=0.287562
2026-08-20 21:25:38 | INFO | epoch=030 train_batch=80/392 running_loss=0.285700
2026-08-20 21:25:38 | INFO | epoch=030 train_batch=90/392 running_loss=0.282005
2026-08-20 21:25:39 | INFO | epoch=030 train_batch=100/392 running_loss=0.281661
2026-08-20 21:25:39 | INFO | epoch=030 train_batch=110/392 running_loss=0.281755
2026-08-20 21:25:40 | INFO | epoch=030 train_batch=120/392 running_loss=0.281218
2026-08-20 21:25:40 | INFO | epoch=030 train_batch=130/392 running_loss=0.281566
2026-08-20 21:25:41 | INFO | epoch=030 train_batch=140/392 running_loss=0.282903
2026-08-20 21:25:41 | INFO | epoch=030 train_batch=150/392 running_loss=0.281363
2026-08-20 21:25:41 | INFO | epoch=030 train_batch=160/392 running_loss=0.281690
2026-08-20 21:25:42 | INFO | epoch=030 train_batch=170/392 running_loss=0.282076
2026-08-20 21:25:42 | INFO | epoch=030 train_batch=180/392 running_loss=0.283290
2026-08-20 21:25:43 | INFO | epoch=030 train_batch=190/392 running_loss=0.283155
2026-08-20 21:25:43 | INFO | epoch=030 train_batch=200/392 running_loss=0.281533
2026-08-20 21:25:44 | INFO | epoch=030 train_batch=210/392 running_loss=0.281318
2026-08-20 21:25:44 | INFO | epoch=030 train_batch=220/392 running_loss=0.281158
2026-08-20 21:25:45 | INFO | epoch=030 train_batch=230/392 running_loss=0.281135
2026-08-20 21:25:45 | INFO | epoch=030 train_batch=240/392 running_loss=0.281413
2026-08-20 21:25:46 | INFO | epoch=030 train_batch=250/392 running_loss=0.281039
2026-08-20 21:25:46 | INFO | epoch=030 train_batch=260/392 running_loss=0.281147
2026-08-20 21:25:46 | INFO | epoch=030 train_batch=270/392 running_loss=0.281371
2026-08-20 21:25:47 | INFO | epoch=030 train_batch=280/392 running_loss=0.281720
2026-08-20 21:25:47 | INFO | epoch=030 train_batch=290/392 running_loss=0.281638
2026-08-20 21:25:48 | INFO | epoch=030 train_batch=300/392 running_loss=0.281327
2026-08-20 21:25:48 | INFO | epoch=030 train_batch=310/392 running_loss=0.281408
2026-08-20 21:25:49 | INFO | epoch=030 train_batch=320/392 running_loss=0.280704
2026-08-20 21:25:49 | INFO | epoch=030 train_batch=330/392 running_loss=0.280700
2026-08-20 21:25:50 | INFO | epoch=030 train_batch=340/392 running_loss=0.280953
2026-08-20 21:25:50 | INFO | epoch=030 train_batch=350/392 running_loss=0.280674
2026-08-20 21:25:51 | INFO | epoch=030 train_batch=360/392 running_loss=0.280949
2026-08-20 21:25:51 | INFO | epoch=030 train_batch=370/392 running_loss=0.280495
2026-08-20 21:25:51 | INFO | epoch=030 train_batch=380/392 running_loss=0.280381
2026-08-20 21:25:52 | INFO | epoch=030 train_batch=390/392 running_loss=0.281085
2026-08-20 21:25:52 | INFO | epoch=030 train_batch=392/392 running_loss=0.281011
2026-08-20 21:25:55 | INFO | epoch=030 train_loss=0.281011 validation_loss=16.694957
2026-08-20 21:25:55 | INFO | epoch=031 rollout_horizon=4 operation_teacher_probability=0.6203
2026-08-20 21:25:55 | INFO | epoch=031 train_batch=10/392 running_loss=0.275066
2026-08-20 21:25:56 | INFO | epoch=031 train_batch=20/392 running_loss=0.275485
2026-08-20 21:25:56 | INFO | epoch=031 train_batch=30/392 running_loss=0.272470
2026-08-20 21:25:57 | INFO | epoch=031 train_batch=40/392 running_loss=0.275905
2026-08-20 21:25:57 | INFO | epoch=031 train_batch=50/392 running_loss=0.276993
2026-08-20 21:25:58 | INFO | epoch=031 train_batch=60/392 running_loss=0.273327
2026-08-20 21:25:58 | INFO | epoch=031 train_batch=70/392 running_loss=0.271015
2026-08-20 21:25:59 | INFO | epoch=031 train_batch=80/392 running_loss=0.273653
2026-08-20 21:25:59 | INFO | epoch=031 train_batch=90/392 running_loss=0.273069
2026-08-20 21:26:00 | INFO | epoch=031 train_batch=100/392 running_loss=0.273314
2026-08-20 21:26:00 | INFO | epoch=031 train_batch=110/392 running_loss=0.273731
2026-08-20 21:26:00 | INFO | epoch=031 train_batch=120/392 running_loss=0.275574
2026-08-20 21:26:01 | INFO | epoch=031 train_batch=130/392 running_loss=0.277065
2026-08-20 21:26:01 | INFO | epoch=031 train_batch=140/392 running_loss=0.277407
2026-08-20 21:26:02 | INFO | epoch=031 train_batch=150/392 running_loss=0.276934
2026-08-20 21:26:02 | INFO | epoch=031 train_batch=160/392 running_loss=0.277383
2026-08-20 21:26:03 | INFO | epoch=031 train_batch=170/392 running_loss=0.279162
2026-08-20 21:26:03 | INFO | epoch=031 train_batch=180/392 running_loss=0.278696
2026-08-20 21:26:04 | INFO | epoch=031 train_batch=190/392 running_loss=0.279293
2026-08-20 21:26:04 | INFO | epoch=031 train_batch=200/392 running_loss=0.279705
2026-08-20 21:26:05 | INFO | epoch=031 train_batch=210/392 running_loss=0.279101
2026-08-20 21:26:05 | INFO | epoch=031 train_batch=220/392 running_loss=0.278662
2026-08-20 21:26:05 | INFO | epoch=031 train_batch=230/392 running_loss=0.279255
2026-08-20 21:26:06 | INFO | epoch=031 train_batch=240/392 running_loss=0.278895
2026-08-20 21:26:06 | INFO | epoch=031 train_batch=250/392 running_loss=0.280520
2026-08-20 21:26:07 | INFO | epoch=031 train_batch=260/392 running_loss=0.280399
2026-08-20 21:26:07 | INFO | epoch=031 train_batch=270/392 running_loss=0.280242
2026-08-20 21:26:08 | INFO | epoch=031 train_batch=280/392 running_loss=0.281317
2026-08-20 21:26:08 | INFO | epoch=031 train_batch=290/392 running_loss=0.280959
2026-08-20 21:26:09 | INFO | epoch=031 train_batch=300/392 running_loss=0.280680
2026-08-20 21:26:09 | INFO | epoch=031 train_batch=310/392 running_loss=0.280278
2026-08-20 21:26:10 | INFO | epoch=031 train_batch=320/392 running_loss=0.280232
2026-08-20 21:26:10 | INFO | epoch=031 train_batch=330/392 running_loss=0.280018
2026-08-20 21:26:10 | INFO | epoch=031 train_batch=340/392 running_loss=0.280793
2026-08-20 21:26:11 | INFO | epoch=031 train_batch=350/392 running_loss=0.280417
2026-08-20 21:26:11 | INFO | epoch=031 train_batch=360/392 running_loss=0.279798
2026-08-20 21:26:12 | INFO | epoch=031 train_batch=370/392 running_loss=0.279757
2026-08-20 21:26:12 | INFO | epoch=031 train_batch=380/392 running_loss=0.279635
2026-08-20 21:26:13 | INFO | epoch=031 train_batch=390/392 running_loss=0.279691
2026-08-20 21:26:13 | INFO | epoch=031 train_batch=392/392 running_loss=0.280175
2026-08-20 21:26:16 | INFO | epoch=031 train_loss=0.280175 validation_loss=11.357322
2026-08-20 21:26:16 | INFO | epoch=032 rollout_horizon=4 operation_teacher_probability=0.6076
2026-08-20 21:26:16 | INFO | epoch=032 train_batch=10/392 running_loss=0.289921
2026-08-20 21:26:17 | INFO | epoch=032 train_batch=20/392 running_loss=0.290513
2026-08-20 21:26:17 | INFO | epoch=032 train_batch=30/392 running_loss=0.279503
2026-08-20 21:26:18 | INFO | epoch=032 train_batch=40/392 running_loss=0.275222
2026-08-20 21:26:18 | INFO | epoch=032 train_batch=50/392 running_loss=0.272242
2026-08-20 21:26:19 | INFO | epoch=032 train_batch=60/392 running_loss=0.274469
2026-08-20 21:26:19 | INFO | epoch=032 train_batch=70/392 running_loss=0.275403
2026-08-20 21:26:20 | INFO | epoch=032 train_batch=80/392 running_loss=0.275171
2026-08-20 21:26:20 | INFO | epoch=032 train_batch=90/392 running_loss=0.275104
2026-08-20 21:26:20 | INFO | epoch=032 train_batch=100/392 running_loss=0.277922
2026-08-20 21:26:21 | INFO | epoch=032 train_batch=110/392 running_loss=0.278635
2026-08-20 21:26:21 | INFO | epoch=032 train_batch=120/392 running_loss=0.282430
2026-08-20 21:26:22 | INFO | epoch=032 train_batch=130/392 running_loss=0.280915
2026-08-20 21:26:22 | INFO | epoch=032 train_batch=140/392 running_loss=0.281729
2026-08-20 21:26:23 | INFO | epoch=032 train_batch=150/392 running_loss=0.280674
2026-08-20 21:26:23 | INFO | epoch=032 train_batch=160/392 running_loss=0.281131
2026-08-20 21:26:24 | INFO | epoch=032 train_batch=170/392 running_loss=0.281828
2026-08-20 21:26:24 | INFO | epoch=032 train_batch=180/392 running_loss=0.281585
2026-08-20 21:26:24 | INFO | epoch=032 train_batch=190/392 running_loss=0.281622
2026-08-20 21:26:25 | INFO | epoch=032 train_batch=200/392 running_loss=0.281102
2026-08-20 21:26:25 | INFO | epoch=032 train_batch=210/392 running_loss=0.281473
2026-08-20 21:26:26 | INFO | epoch=032 train_batch=220/392 running_loss=0.280322
2026-08-20 21:26:26 | INFO | epoch=032 train_batch=230/392 running_loss=0.281053
2026-08-20 21:26:27 | INFO | epoch=032 train_batch=240/392 running_loss=0.280781
2026-08-20 21:26:27 | INFO | epoch=032 train_batch=250/392 running_loss=0.280321
2026-08-20 21:26:28 | INFO | epoch=032 train_batch=260/392 running_loss=0.279870
2026-08-20 21:26:28 | INFO | epoch=032 train_batch=270/392 running_loss=0.279881
2026-08-20 21:26:29 | INFO | epoch=032 train_batch=280/392 running_loss=0.279403
2026-08-20 21:26:29 | INFO | epoch=032 train_batch=290/392 running_loss=0.279572
2026-08-20 21:26:30 | INFO | epoch=032 train_batch=300/392 running_loss=0.279753
2026-08-20 21:26:30 | INFO | epoch=032 train_batch=310/392 running_loss=0.279747
2026-08-20 21:26:30 | INFO | epoch=032 train_batch=320/392 running_loss=0.279417
2026-08-20 21:26:31 | INFO | epoch=032 train_batch=330/392 running_loss=0.279144
2026-08-20 21:26:31 | INFO | epoch=032 train_batch=340/392 running_loss=0.279646
2026-08-20 21:26:32 | INFO | epoch=032 train_batch=350/392 running_loss=0.280555
2026-08-20 21:26:32 | INFO | epoch=032 train_batch=360/392 running_loss=0.280521
2026-08-20 21:26:33 | INFO | epoch=032 train_batch=370/392 running_loss=0.280481
2026-08-20 21:26:33 | INFO | epoch=032 train_batch=380/392 running_loss=0.280072
2026-08-20 21:26:34 | INFO | epoch=032 train_batch=390/392 running_loss=0.279399
2026-08-20 21:26:34 | INFO | epoch=032 train_batch=392/392 running_loss=0.279376
2026-08-20 21:26:37 | INFO | epoch=032 train_loss=0.279376 validation_loss=26.989786
2026-08-20 21:26:37 | INFO | epoch=033 rollout_horizon=4 operation_teacher_probability=0.5949
2026-08-20 21:26:37 | INFO | epoch=033 train_batch=10/392 running_loss=0.262194
2026-08-20 21:26:38 | INFO | epoch=033 train_batch=20/392 running_loss=0.279798
2026-08-20 21:26:38 | INFO | epoch=033 train_batch=30/392 running_loss=0.272520
2026-08-20 21:26:39 | INFO | epoch=033 train_batch=40/392 running_loss=0.272043
2026-08-20 21:26:39 | INFO | epoch=033 train_batch=50/392 running_loss=0.271359
2026-08-20 21:26:39 | INFO | epoch=033 train_batch=60/392 running_loss=0.268666
2026-08-20 21:26:40 | INFO | epoch=033 train_batch=70/392 running_loss=0.268014
2026-08-20 21:26:40 | INFO | epoch=033 train_batch=80/392 running_loss=0.270768
2026-08-20 21:26:41 | INFO | epoch=033 train_batch=90/392 running_loss=0.275830
2026-08-20 21:26:41 | INFO | epoch=033 train_batch=100/392 running_loss=0.276042
2026-08-20 21:26:42 | INFO | epoch=033 train_batch=110/392 running_loss=0.275411
2026-08-20 21:26:42 | INFO | epoch=033 train_batch=120/392 running_loss=0.273930
2026-08-20 21:26:43 | INFO | epoch=033 train_batch=130/392 running_loss=0.272666
2026-08-20 21:26:43 | INFO | epoch=033 train_batch=140/392 running_loss=0.273945
2026-08-20 21:26:44 | INFO | epoch=033 train_batch=150/392 running_loss=0.273050
2026-08-20 21:26:44 | INFO | epoch=033 train_batch=160/392 running_loss=0.274003
2026-08-20 21:26:45 | INFO | epoch=033 train_batch=170/392 running_loss=0.274904
2026-08-20 21:26:45 | INFO | epoch=033 train_batch=180/392 running_loss=0.275835
2026-08-20 21:26:45 | INFO | epoch=033 train_batch=190/392 running_loss=0.275370
2026-08-20 21:26:46 | INFO | epoch=033 train_batch=200/392 running_loss=0.275621
2026-08-20 21:26:46 | INFO | epoch=033 train_batch=210/392 running_loss=0.276174
2026-08-20 21:26:47 | INFO | epoch=033 train_batch=220/392 running_loss=0.276324
2026-08-20 21:26:47 | INFO | epoch=033 train_batch=230/392 running_loss=0.277043
2026-08-20 21:26:48 | INFO | epoch=033 train_batch=240/392 running_loss=0.277061
2026-08-20 21:26:48 | INFO | epoch=033 train_batch=250/392 running_loss=0.276552
2026-08-20 21:26:49 | INFO | epoch=033 train_batch=260/392 running_loss=0.276326
2026-08-20 21:26:49 | INFO | epoch=033 train_batch=270/392 running_loss=0.276127
2026-08-20 21:26:49 | INFO | epoch=033 train_batch=280/392 running_loss=0.275093
2026-08-20 21:26:50 | INFO | epoch=033 train_batch=290/392 running_loss=0.275912
2026-08-20 21:26:50 | INFO | epoch=033 train_batch=300/392 running_loss=0.276112
2026-08-20 21:26:51 | INFO | epoch=033 train_batch=310/392 running_loss=0.276607
2026-08-20 21:26:51 | INFO | epoch=033 train_batch=320/392 running_loss=0.276039
2026-08-20 21:26:52 | INFO | epoch=033 train_batch=330/392 running_loss=0.276222
2026-08-20 21:26:52 | INFO | epoch=033 train_batch=340/392 running_loss=0.277106
2026-08-20 21:26:53 | INFO | epoch=033 train_batch=350/392 running_loss=0.277218
2026-08-20 21:26:53 | INFO | epoch=033 train_batch=360/392 running_loss=0.276886
2026-08-20 21:26:54 | INFO | epoch=033 train_batch=370/392 running_loss=0.277382
2026-08-20 21:26:54 | INFO | epoch=033 train_batch=380/392 running_loss=0.277170
2026-08-20 21:26:55 | INFO | epoch=033 train_batch=390/392 running_loss=0.277682
2026-08-20 21:26:55 | INFO | epoch=033 train_batch=392/392 running_loss=0.277607
2026-08-20 21:26:58 | INFO | epoch=033 train_loss=0.277607 validation_loss=20.713456
2026-08-20 21:26:58 | INFO | epoch=034 rollout_horizon=4 operation_teacher_probability=0.5823
2026-08-20 21:26:58 | INFO | epoch=034 train_batch=10/392 running_loss=0.273104
2026-08-20 21:26:59 | INFO | epoch=034 train_batch=20/392 running_loss=0.267957
2026-08-20 21:26:59 | INFO | epoch=034 train_batch=30/392 running_loss=0.264717
2026-08-20 21:26:59 | INFO | epoch=034 train_batch=40/392 running_loss=0.270219
2026-08-20 21:27:00 | INFO | epoch=034 train_batch=50/392 running_loss=0.271510
2026-08-20 21:27:00 | INFO | epoch=034 train_batch=60/392 running_loss=0.269860
2026-08-20 21:27:01 | INFO | epoch=034 train_batch=70/392 running_loss=0.270461
2026-08-20 21:27:01 | INFO | epoch=034 train_batch=80/392 running_loss=0.271988
2026-08-20 21:27:02 | INFO | epoch=034 train_batch=90/392 running_loss=0.273108
2026-08-20 21:27:02 | INFO | epoch=034 train_batch=100/392 running_loss=0.273994
2026-08-20 21:27:03 | INFO | epoch=034 train_batch=110/392 running_loss=0.273748
2026-08-20 21:27:03 | INFO | epoch=034 train_batch=120/392 running_loss=0.272273
2026-08-20 21:27:04 | INFO | epoch=034 train_batch=130/392 running_loss=0.270445
2026-08-20 21:27:04 | INFO | epoch=034 train_batch=140/392 running_loss=0.271948
2026-08-20 21:27:04 | INFO | epoch=034 train_batch=150/392 running_loss=0.272128
2026-08-20 21:27:05 | INFO | epoch=034 train_batch=160/392 running_loss=0.272702
2026-08-20 21:27:05 | INFO | epoch=034 train_batch=170/392 running_loss=0.273008
2026-08-20 21:27:06 | INFO | epoch=034 train_batch=180/392 running_loss=0.273618
2026-08-20 21:27:06 | INFO | epoch=034 train_batch=190/392 running_loss=0.273238
2026-08-20 21:27:07 | INFO | epoch=034 train_batch=200/392 running_loss=0.272827
2026-08-20 21:27:07 | INFO | epoch=034 train_batch=210/392 running_loss=0.272223
2026-08-20 21:27:08 | INFO | epoch=034 train_batch=220/392 running_loss=0.272011
2026-08-20 21:27:08 | INFO | epoch=034 train_batch=230/392 running_loss=0.272923
2026-08-20 21:27:09 | INFO | epoch=034 train_batch=240/392 running_loss=0.272866
2026-08-20 21:27:09 | INFO | epoch=034 train_batch=250/392 running_loss=0.273132
2026-08-20 21:27:09 | INFO | epoch=034 train_batch=260/392 running_loss=0.273238
2026-08-20 21:27:10 | INFO | epoch=034 train_batch=270/392 running_loss=0.273549
2026-08-20 21:27:10 | INFO | epoch=034 train_batch=280/392 running_loss=0.273856
2026-08-20 21:27:11 | INFO | epoch=034 train_batch=290/392 running_loss=0.273374
2026-08-20 21:27:11 | INFO | epoch=034 train_batch=300/392 running_loss=0.274362
2026-08-20 21:27:12 | INFO | epoch=034 train_batch=310/392 running_loss=0.274671
2026-08-20 21:27:12 | INFO | epoch=034 train_batch=320/392 running_loss=0.275152
2026-08-20 21:27:13 | INFO | epoch=034 train_batch=330/392 running_loss=0.275381
2026-08-20 21:27:13 | INFO | epoch=034 train_batch=340/392 running_loss=0.275827
2026-08-20 21:27:13 | INFO | epoch=034 train_batch=350/392 running_loss=0.276186
2026-08-20 21:27:14 | INFO | epoch=034 train_batch=360/392 running_loss=0.276473
2026-08-20 21:27:14 | INFO | epoch=034 train_batch=370/392 running_loss=0.276484
2026-08-20 21:27:15 | INFO | epoch=034 train_batch=380/392 running_loss=0.276530
2026-08-20 21:27:15 | INFO | epoch=034 train_batch=390/392 running_loss=0.276837
2026-08-20 21:27:15 | INFO | epoch=034 train_batch=392/392 running_loss=0.276576
2026-08-20 21:27:18 | INFO | epoch=034 train_loss=0.276576 validation_loss=26.219277
2026-08-20 21:27:18 | INFO | epoch=035 rollout_horizon=4 operation_teacher_probability=0.5696
2026-08-20 21:27:19 | INFO | epoch=035 train_batch=10/392 running_loss=0.286597
2026-08-20 21:27:19 | INFO | epoch=035 train_batch=20/392 running_loss=0.275158
2026-08-20 21:27:20 | INFO | epoch=035 train_batch=30/392 running_loss=0.267041
2026-08-20 21:27:20 | INFO | epoch=035 train_batch=40/392 running_loss=0.273616
2026-08-20 21:27:21 | INFO | epoch=035 train_batch=50/392 running_loss=0.279603
2026-08-20 21:27:21 | INFO | epoch=035 train_batch=60/392 running_loss=0.281721
2026-08-20 21:27:21 | INFO | epoch=035 train_batch=70/392 running_loss=0.282566
2026-08-20 21:27:22 | INFO | epoch=035 train_batch=80/392 running_loss=0.284755
2026-08-20 21:27:22 | INFO | epoch=035 train_batch=90/392 running_loss=0.285461
2026-08-20 21:27:23 | INFO | epoch=035 train_batch=100/392 running_loss=0.286032
2026-08-20 21:27:23 | INFO | epoch=035 train_batch=110/392 running_loss=0.284704
2026-08-20 21:27:24 | INFO | epoch=035 train_batch=120/392 running_loss=0.284139
2026-08-20 21:27:24 | INFO | epoch=035 train_batch=130/392 running_loss=0.284295
2026-08-20 21:27:25 | INFO | epoch=035 train_batch=140/392 running_loss=0.282672
2026-08-20 21:27:25 | INFO | epoch=035 train_batch=150/392 running_loss=0.283243
2026-08-20 21:27:26 | INFO | epoch=035 train_batch=160/392 running_loss=0.282120
2026-08-20 21:27:26 | INFO | epoch=035 train_batch=170/392 running_loss=0.281213
2026-08-20 21:27:26 | INFO | epoch=035 train_batch=180/392 running_loss=0.281416
2026-08-20 21:27:27 | INFO | epoch=035 train_batch=190/392 running_loss=0.280783
2026-08-20 21:27:27 | INFO | epoch=035 train_batch=200/392 running_loss=0.280517
2026-08-20 21:27:28 | INFO | epoch=035 train_batch=210/392 running_loss=0.279698
2026-08-20 21:27:28 | INFO | epoch=035 train_batch=220/392 running_loss=0.279800
2026-08-20 21:27:29 | INFO | epoch=035 train_batch=230/392 running_loss=0.278860
2026-08-20 21:27:29 | INFO | epoch=035 train_batch=240/392 running_loss=0.279144
2026-08-20 21:27:30 | INFO | epoch=035 train_batch=250/392 running_loss=0.278702
2026-08-20 21:27:30 | INFO | epoch=035 train_batch=260/392 running_loss=0.278275
2026-08-20 21:27:31 | INFO | epoch=035 train_batch=270/392 running_loss=0.278098
2026-08-20 21:27:31 | INFO | epoch=035 train_batch=280/392 running_loss=0.278642
2026-08-20 21:27:31 | INFO | epoch=035 train_batch=290/392 running_loss=0.278779
2026-08-20 21:27:32 | INFO | epoch=035 train_batch=300/392 running_loss=0.278650
2026-08-20 21:27:32 | INFO | epoch=035 train_batch=310/392 running_loss=0.279145
2026-08-20 21:27:33 | INFO | epoch=035 train_batch=320/392 running_loss=0.278546
2026-08-20 21:27:33 | INFO | epoch=035 train_batch=330/392 running_loss=0.279843
2026-08-20 21:27:34 | INFO | epoch=035 train_batch=340/392 running_loss=0.279563
2026-08-20 21:27:34 | INFO | epoch=035 train_batch=350/392 running_loss=0.279402
2026-08-20 21:27:35 | INFO | epoch=035 train_batch=360/392 running_loss=0.278971
2026-08-20 21:27:35 | INFO | epoch=035 train_batch=370/392 running_loss=0.278327
2026-08-20 21:27:36 | INFO | epoch=035 train_batch=380/392 running_loss=0.278282
2026-08-20 21:27:36 | INFO | epoch=035 train_batch=390/392 running_loss=0.278435
2026-08-20 21:27:36 | INFO | epoch=035 train_batch=392/392 running_loss=0.278267
2026-08-20 21:27:39 | INFO | epoch=035 train_loss=0.278267 validation_loss=23.166950
2026-08-20 21:27:39 | INFO | epoch=036 rollout_horizon=4 operation_teacher_probability=0.5570
2026-08-20 21:27:40 | INFO | epoch=036 train_batch=10/392 running_loss=0.238567
2026-08-20 21:27:40 | INFO | epoch=036 train_batch=20/392 running_loss=0.254517
2026-08-20 21:27:40 | INFO | epoch=036 train_batch=30/392 running_loss=0.252356
2026-08-20 21:27:41 | INFO | epoch=036 train_batch=40/392 running_loss=0.258860
2026-08-20 21:27:41 | INFO | epoch=036 train_batch=50/392 running_loss=0.265715
2026-08-20 21:27:42 | INFO | epoch=036 train_batch=60/392 running_loss=0.266503
2026-08-20 21:27:42 | INFO | epoch=036 train_batch=70/392 running_loss=0.270057
2026-08-20 21:27:43 | INFO | epoch=036 train_batch=80/392 running_loss=0.270486
2026-08-20 21:27:43 | INFO | epoch=036 train_batch=90/392 running_loss=0.268444
2026-08-20 21:27:44 | INFO | epoch=036 train_batch=100/392 running_loss=0.270807
2026-08-20 21:27:44 | INFO | epoch=036 train_batch=110/392 running_loss=0.271443
2026-08-20 21:27:44 | INFO | epoch=036 train_batch=120/392 running_loss=0.272457
2026-08-20 21:27:45 | INFO | epoch=036 train_batch=130/392 running_loss=0.272205
2026-08-20 21:27:45 | INFO | epoch=036 train_batch=140/392 running_loss=0.272298
2026-08-20 21:27:46 | INFO | epoch=036 train_batch=150/392 running_loss=0.271941
2026-08-20 21:27:46 | INFO | epoch=036 train_batch=160/392 running_loss=0.271349
2026-08-20 21:27:47 | INFO | epoch=036 train_batch=170/392 running_loss=0.273520
2026-08-20 21:27:47 | INFO | epoch=036 train_batch=180/392 running_loss=0.273367
2026-08-20 21:27:48 | INFO | epoch=036 train_batch=190/392 running_loss=0.272956
2026-08-20 21:27:48 | INFO | epoch=036 train_batch=200/392 running_loss=0.273774
2026-08-20 21:27:49 | INFO | epoch=036 train_batch=210/392 running_loss=0.273268
2026-08-20 21:27:49 | INFO | epoch=036 train_batch=220/392 running_loss=0.272466
2026-08-20 21:27:49 | INFO | epoch=036 train_batch=230/392 running_loss=0.272467
2026-08-20 21:27:50 | INFO | epoch=036 train_batch=240/392 running_loss=0.273220
2026-08-20 21:27:50 | INFO | epoch=036 train_batch=250/392 running_loss=0.273669
2026-08-20 21:27:51 | INFO | epoch=036 train_batch=260/392 running_loss=0.273547
2026-08-20 21:27:51 | INFO | epoch=036 train_batch=270/392 running_loss=0.273852
2026-08-20 21:27:52 | INFO | epoch=036 train_batch=280/392 running_loss=0.273509
2026-08-20 21:27:52 | INFO | epoch=036 train_batch=290/392 running_loss=0.274155
2026-08-20 21:27:53 | INFO | epoch=036 train_batch=300/392 running_loss=0.273490
2026-08-20 21:27:53 | INFO | epoch=036 train_batch=310/392 running_loss=0.273450
2026-08-20 21:27:54 | INFO | epoch=036 train_batch=320/392 running_loss=0.273179
2026-08-20 21:27:54 | INFO | epoch=036 train_batch=330/392 running_loss=0.273141
2026-08-20 21:27:54 | INFO | epoch=036 train_batch=340/392 running_loss=0.273182
2026-08-20 21:27:55 | INFO | epoch=036 train_batch=350/392 running_loss=0.273414
2026-08-20 21:27:55 | INFO | epoch=036 train_batch=360/392 running_loss=0.273603
2026-08-20 21:27:56 | INFO | epoch=036 train_batch=370/392 running_loss=0.274981
2026-08-20 21:27:56 | INFO | epoch=036 train_batch=380/392 running_loss=0.275341
2026-08-20 21:27:57 | INFO | epoch=036 train_batch=390/392 running_loss=0.275881
2026-08-20 21:27:57 | INFO | epoch=036 train_batch=392/392 running_loss=0.275866
2026-08-20 21:28:00 | INFO | epoch=036 train_loss=0.275866 validation_loss=28.507114
2026-08-20 21:28:00 | INFO | epoch=037 rollout_horizon=4 operation_teacher_probability=0.5443
2026-08-20 21:28:00 | INFO | epoch=037 train_batch=10/392 running_loss=0.280792
2026-08-20 21:28:01 | INFO | epoch=037 train_batch=20/392 running_loss=0.271849
2026-08-20 21:28:01 | INFO | epoch=037 train_batch=30/392 running_loss=0.279651
2026-08-20 21:28:02 | INFO | epoch=037 train_batch=40/392 running_loss=0.279173
2026-08-20 21:28:02 | INFO | epoch=037 train_batch=50/392 running_loss=0.278826
2026-08-20 21:28:02 | INFO | epoch=037 train_batch=60/392 running_loss=0.278096
2026-08-20 21:28:03 | INFO | epoch=037 train_batch=70/392 running_loss=0.276873
2026-08-20 21:28:03 | INFO | epoch=037 train_batch=80/392 running_loss=0.277612
2026-08-20 21:28:04 | INFO | epoch=037 train_batch=90/392 running_loss=0.275424
2026-08-20 21:28:04 | INFO | epoch=037 train_batch=100/392 running_loss=0.276758
2026-08-20 21:28:05 | INFO | epoch=037 train_batch=110/392 running_loss=0.277781
2026-08-20 21:28:05 | INFO | epoch=037 train_batch=120/392 running_loss=0.276832
2026-08-20 21:28:06 | INFO | epoch=037 train_batch=130/392 running_loss=0.278284
2026-08-20 21:28:06 | INFO | epoch=037 train_batch=140/392 running_loss=0.277815
2026-08-20 21:28:06 | INFO | epoch=037 train_batch=150/392 running_loss=0.278198
2026-08-20 21:28:07 | INFO | epoch=037 train_batch=160/392 running_loss=0.279209
2026-08-20 21:28:07 | INFO | epoch=037 train_batch=170/392 running_loss=0.279024
2026-08-20 21:28:08 | INFO | epoch=037 train_batch=180/392 running_loss=0.280552
2026-08-20 21:28:08 | INFO | epoch=037 train_batch=190/392 running_loss=0.279053
2026-08-20 21:28:09 | INFO | epoch=037 train_batch=200/392 running_loss=0.278392
2026-08-20 21:28:09 | INFO | epoch=037 train_batch=210/392 running_loss=0.277966
2026-08-20 21:28:10 | INFO | epoch=037 train_batch=220/392 running_loss=0.278365
2026-08-20 21:28:10 | INFO | epoch=037 train_batch=230/392 running_loss=0.278933
2026-08-20 21:28:11 | INFO | epoch=037 train_batch=240/392 running_loss=0.278908
2026-08-20 21:28:11 | INFO | epoch=037 train_batch=250/392 running_loss=0.277956
2026-08-20 21:28:11 | INFO | epoch=037 train_batch=260/392 running_loss=0.277856
2026-08-20 21:28:12 | INFO | epoch=037 train_batch=270/392 running_loss=0.277579
2026-08-20 21:28:12 | INFO | epoch=037 train_batch=280/392 running_loss=0.277591
2026-08-20 21:28:13 | INFO | epoch=037 train_batch=290/392 running_loss=0.277590
2026-08-20 21:28:13 | INFO | epoch=037 train_batch=300/392 running_loss=0.277811
2026-08-20 21:28:14 | INFO | epoch=037 train_batch=310/392 running_loss=0.277671
2026-08-20 21:28:14 | INFO | epoch=037 train_batch=320/392 running_loss=0.277941
2026-08-20 21:28:15 | INFO | epoch=037 train_batch=330/392 running_loss=0.278356
2026-08-20 21:28:15 | INFO | epoch=037 train_batch=340/392 running_loss=0.278013
2026-08-20 21:28:16 | INFO | epoch=037 train_batch=350/392 running_loss=0.277144
2026-08-20 21:28:16 | INFO | epoch=037 train_batch=360/392 running_loss=0.277016
2026-08-20 21:28:16 | INFO | epoch=037 train_batch=370/392 running_loss=0.277182
2026-08-20 21:28:17 | INFO | epoch=037 train_batch=380/392 running_loss=0.277217
2026-08-20 21:28:17 | INFO | epoch=037 train_batch=390/392 running_loss=0.276816
2026-08-20 21:28:17 | INFO | epoch=037 train_batch=392/392 running_loss=0.276673
2026-08-20 21:28:20 | INFO | epoch=037 train_loss=0.276673 validation_loss=16.854485
2026-08-20 21:28:20 | INFO | epoch=038 rollout_horizon=4 operation_teacher_probability=0.5316
2026-08-20 21:28:21 | INFO | epoch=038 train_batch=10/392 running_loss=0.281741
2026-08-20 21:28:21 | INFO | epoch=038 train_batch=20/392 running_loss=0.278034
2026-08-20 21:28:22 | INFO | epoch=038 train_batch=30/392 running_loss=0.274389
2026-08-20 21:28:22 | INFO | epoch=038 train_batch=40/392 running_loss=0.268142
2026-08-20 21:28:23 | INFO | epoch=038 train_batch=50/392 running_loss=0.273146
2026-08-20 21:28:23 | INFO | epoch=038 train_batch=60/392 running_loss=0.269780
2026-08-20 21:28:24 | INFO | epoch=038 train_batch=70/392 running_loss=0.267322
2026-08-20 21:28:24 | INFO | epoch=038 train_batch=80/392 running_loss=0.266542
2026-08-20 21:28:25 | INFO | epoch=038 train_batch=90/392 running_loss=0.267610
2026-08-20 21:28:25 | INFO | epoch=038 train_batch=100/392 running_loss=0.267801
2026-08-20 21:28:25 | INFO | epoch=038 train_batch=110/392 running_loss=0.269243
2026-08-20 21:28:26 | INFO | epoch=038 train_batch=120/392 running_loss=0.269334
2026-08-20 21:28:26 | INFO | epoch=038 train_batch=130/392 running_loss=0.270267
2026-08-20 21:28:27 | INFO | epoch=038 train_batch=140/392 running_loss=0.271001
2026-08-20 21:28:27 | INFO | epoch=038 train_batch=150/392 running_loss=0.271059
2026-08-20 21:28:28 | INFO | epoch=038 train_batch=160/392 running_loss=0.271860
2026-08-20 21:28:28 | INFO | epoch=038 train_batch=170/392 running_loss=0.272375
2026-08-20 21:28:29 | INFO | epoch=038 train_batch=180/392 running_loss=0.272929
2026-08-20 21:28:29 | INFO | epoch=038 train_batch=190/392 running_loss=0.273013
2026-08-20 21:28:29 | INFO | epoch=038 train_batch=200/392 running_loss=0.272422
2026-08-20 21:28:30 | INFO | epoch=038 train_batch=210/392 running_loss=0.272877
2026-08-20 21:28:30 | INFO | epoch=038 train_batch=220/392 running_loss=0.273441
2026-08-20 21:28:31 | INFO | epoch=038 train_batch=230/392 running_loss=0.272328
2026-08-20 21:28:31 | INFO | epoch=038 train_batch=240/392 running_loss=0.272215
2026-08-20 21:28:32 | INFO | epoch=038 train_batch=250/392 running_loss=0.272375
2026-08-20 21:28:32 | INFO | epoch=038 train_batch=260/392 running_loss=0.272476
2026-08-20 21:28:33 | INFO | epoch=038 train_batch=270/392 running_loss=0.272906
2026-08-20 21:28:33 | INFO | epoch=038 train_batch=280/392 running_loss=0.272873
2026-08-20 21:28:33 | INFO | epoch=038 train_batch=290/392 running_loss=0.272138
2026-08-20 21:28:34 | INFO | epoch=038 train_batch=300/392 running_loss=0.272338
2026-08-20 21:28:34 | INFO | epoch=038 train_batch=310/392 running_loss=0.273196
2026-08-20 21:28:35 | INFO | epoch=038 train_batch=320/392 running_loss=0.273357
2026-08-20 21:28:35 | INFO | epoch=038 train_batch=330/392 running_loss=0.272843
2026-08-20 21:28:36 | INFO | epoch=038 train_batch=340/392 running_loss=0.272815
2026-08-20 21:28:36 | INFO | epoch=038 train_batch=350/392 running_loss=0.273122
2026-08-20 21:28:37 | INFO | epoch=038 train_batch=360/392 running_loss=0.273302
2026-08-20 21:28:37 | INFO | epoch=038 train_batch=370/392 running_loss=0.273262
2026-08-20 21:28:38 | INFO | epoch=038 train_batch=380/392 running_loss=0.273369
2026-08-20 21:28:38 | INFO | epoch=038 train_batch=390/392 running_loss=0.273123
2026-08-20 21:28:38 | INFO | epoch=038 train_batch=392/392 running_loss=0.272755
2026-08-20 21:28:41 | INFO | epoch=038 train_loss=0.272755 validation_loss=33.921304
2026-08-20 21:28:41 | INFO | epoch=039 rollout_horizon=4 operation_teacher_probability=0.5190
2026-08-20 21:28:42 | INFO | epoch=039 train_batch=10/392 running_loss=0.281990
2026-08-20 21:28:42 | INFO | epoch=039 train_batch=20/392 running_loss=0.272084
2026-08-20 21:28:42 | INFO | epoch=039 train_batch=30/392 running_loss=0.274667
2026-08-20 21:28:43 | INFO | epoch=039 train_batch=40/392 running_loss=0.273937
2026-08-20 21:28:43 | INFO | epoch=039 train_batch=50/392 running_loss=0.270077
2026-08-20 21:28:44 | INFO | epoch=039 train_batch=60/392 running_loss=0.271321
2026-08-20 21:28:44 | INFO | epoch=039 train_batch=70/392 running_loss=0.269465
2026-08-20 21:28:45 | INFO | epoch=039 train_batch=80/392 running_loss=0.265995
2026-08-20 21:28:45 | INFO | epoch=039 train_batch=90/392 running_loss=0.266554
2026-08-20 21:28:46 | INFO | epoch=039 train_batch=100/392 running_loss=0.264594
2026-08-20 21:28:46 | INFO | epoch=039 train_batch=110/392 running_loss=0.263615
2026-08-20 21:28:47 | INFO | epoch=039 train_batch=120/392 running_loss=0.263885
2026-08-20 21:28:47 | INFO | epoch=039 train_batch=130/392 running_loss=0.264381
2026-08-20 21:28:47 | INFO | epoch=039 train_batch=140/392 running_loss=0.264804
2026-08-20 21:28:48 | INFO | epoch=039 train_batch=150/392 running_loss=0.265348
2026-08-20 21:28:48 | INFO | epoch=039 train_batch=160/392 running_loss=0.265599
2026-08-20 21:28:49 | INFO | epoch=039 train_batch=170/392 running_loss=0.266544
2026-08-20 21:28:49 | INFO | epoch=039 train_batch=180/392 running_loss=0.266244
2026-08-20 21:28:50 | INFO | epoch=039 train_batch=190/392 running_loss=0.266589
2026-08-20 21:28:50 | INFO | epoch=039 train_batch=200/392 running_loss=0.267970
2026-08-20 21:28:51 | INFO | epoch=039 train_batch=210/392 running_loss=0.267858
2026-08-20 21:28:51 | INFO | epoch=039 train_batch=220/392 running_loss=0.268394
2026-08-20 21:28:52 | INFO | epoch=039 train_batch=230/392 running_loss=0.268685
2026-08-20 21:28:52 | INFO | epoch=039 train_batch=240/392 running_loss=0.268335
2026-08-20 21:28:52 | INFO | epoch=039 train_batch=250/392 running_loss=0.268580
2026-08-20 21:28:53 | INFO | epoch=039 train_batch=260/392 running_loss=0.268483
2026-08-20 21:28:53 | INFO | epoch=039 train_batch=270/392 running_loss=0.268985
2026-08-20 21:28:54 | INFO | epoch=039 train_batch=280/392 running_loss=0.268438
2026-08-20 21:28:54 | INFO | epoch=039 train_batch=290/392 running_loss=0.268989
2026-08-20 21:28:55 | INFO | epoch=039 train_batch=300/392 running_loss=0.268541
2026-08-20 21:28:55 | INFO | epoch=039 train_batch=310/392 running_loss=0.269510
2026-08-20 21:28:56 | INFO | epoch=039 train_batch=320/392 running_loss=0.269784
2026-08-20 21:28:56 | INFO | epoch=039 train_batch=330/392 running_loss=0.269890
2026-08-20 21:28:56 | INFO | epoch=039 train_batch=340/392 running_loss=0.270282
2026-08-20 21:28:57 | INFO | epoch=039 train_batch=350/392 running_loss=0.271048
2026-08-20 21:28:57 | INFO | epoch=039 train_batch=360/392 running_loss=0.270842
2026-08-20 21:28:58 | INFO | epoch=039 train_batch=370/392 running_loss=0.270746
2026-08-20 21:28:58 | INFO | epoch=039 train_batch=380/392 running_loss=0.270920
2026-08-20 21:28:59 | INFO | epoch=039 train_batch=390/392 running_loss=0.271195
2026-08-20 21:28:59 | INFO | epoch=039 train_batch=392/392 running_loss=0.271210
2026-08-20 21:29:02 | INFO | epoch=039 train_loss=0.271210 validation_loss=18.568908
2026-08-20 21:29:02 | INFO | epoch=040 rollout_horizon=4 operation_teacher_probability=0.5063
2026-08-20 21:29:02 | INFO | epoch=040 train_batch=10/392 running_loss=0.267817
2026-08-20 21:29:03 | INFO | epoch=040 train_batch=20/392 running_loss=0.271277
2026-08-20 21:29:03 | INFO | epoch=040 train_batch=30/392 running_loss=0.276056
2026-08-20 21:29:04 | INFO | epoch=040 train_batch=40/392 running_loss=0.270829
2026-08-20 21:29:04 | INFO | epoch=040 train_batch=50/392 running_loss=0.271991
2026-08-20 21:29:05 | INFO | epoch=040 train_batch=60/392 running_loss=0.277869
2026-08-20 21:29:05 | INFO | epoch=040 train_batch=70/392 running_loss=0.275589
2026-08-20 21:29:05 | INFO | epoch=040 train_batch=80/392 running_loss=0.275632
2026-08-20 21:29:06 | INFO | epoch=040 train_batch=90/392 running_loss=0.276265
2026-08-20 21:29:06 | INFO | epoch=040 train_batch=100/392 running_loss=0.275364
2026-08-20 21:29:07 | INFO | epoch=040 train_batch=110/392 running_loss=0.275742
2026-08-20 21:29:07 | INFO | epoch=040 train_batch=120/392 running_loss=0.273565
2026-08-20 21:29:08 | INFO | epoch=040 train_batch=130/392 running_loss=0.271999
2026-08-20 21:29:08 | INFO | epoch=040 train_batch=140/392 running_loss=0.271172
2026-08-20 21:29:09 | INFO | epoch=040 train_batch=150/392 running_loss=0.272128
2026-08-20 21:29:09 | INFO | epoch=040 train_batch=160/392 running_loss=0.273799
2026-08-20 21:29:10 | INFO | epoch=040 train_batch=170/392 running_loss=0.273556
2026-08-20 21:29:10 | INFO | epoch=040 train_batch=180/392 running_loss=0.272847
2026-08-20 21:29:10 | INFO | epoch=040 train_batch=190/392 running_loss=0.272871
2026-08-20 21:29:11 | INFO | epoch=040 train_batch=200/392 running_loss=0.273957
2026-08-20 21:29:11 | INFO | epoch=040 train_batch=210/392 running_loss=0.274447
2026-08-20 21:29:12 | INFO | epoch=040 train_batch=220/392 running_loss=0.275107
2026-08-20 21:29:12 | INFO | epoch=040 train_batch=230/392 running_loss=0.276145
2026-08-20 21:29:13 | INFO | epoch=040 train_batch=240/392 running_loss=0.275802
2026-08-20 21:29:13 | INFO | epoch=040 train_batch=250/392 running_loss=0.275462
2026-08-20 21:29:14 | INFO | epoch=040 train_batch=260/392 running_loss=0.274947
2026-08-20 21:29:14 | INFO | epoch=040 train_batch=270/392 running_loss=0.274946
2026-08-20 21:29:15 | INFO | epoch=040 train_batch=280/392 running_loss=0.274830
2026-08-20 21:29:15 | INFO | epoch=040 train_batch=290/392 running_loss=0.274358
2026-08-20 21:29:15 | INFO | epoch=040 train_batch=300/392 running_loss=0.274493
2026-08-20 21:29:16 | INFO | epoch=040 train_batch=310/392 running_loss=0.274411
2026-08-20 21:29:16 | INFO | epoch=040 train_batch=320/392 running_loss=0.274464
2026-08-20 21:29:17 | INFO | epoch=040 train_batch=330/392 running_loss=0.274017
2026-08-20 21:29:17 | INFO | epoch=040 train_batch=340/392 running_loss=0.273532
2026-08-20 21:29:18 | INFO | epoch=040 train_batch=350/392 running_loss=0.273320
2026-08-20 21:29:18 | INFO | epoch=040 train_batch=360/392 running_loss=0.273104
2026-08-20 21:29:19 | INFO | epoch=040 train_batch=370/392 running_loss=0.272648
2026-08-20 21:29:19 | INFO | epoch=040 train_batch=380/392 running_loss=0.272294
2026-08-20 21:29:20 | INFO | epoch=040 train_batch=390/392 running_loss=0.272818
2026-08-20 21:29:20 | INFO | epoch=040 train_batch=392/392 running_loss=0.272792
2026-08-20 21:29:23 | INFO | epoch=040 train_loss=0.272792 validation_loss=16.040411
2026-08-20 21:29:23 | INFO | epoch=041 rollout_horizon=8 operation_teacher_probability=0.4937
2026-08-20 21:29:23 | INFO | epoch=041 train_batch=10/392 running_loss=0.337657
2026-08-20 21:29:24 | INFO | epoch=041 train_batch=20/392 running_loss=0.337870
2026-08-20 21:29:24 | INFO | epoch=041 train_batch=30/392 running_loss=0.333876
2026-08-20 21:29:25 | INFO | epoch=041 train_batch=40/392 running_loss=0.332006
2026-08-20 21:29:26 | INFO | epoch=041 train_batch=50/392 running_loss=0.340440
2026-08-20 21:29:26 | INFO | epoch=041 train_batch=60/392 running_loss=0.340053
2026-08-20 21:29:27 | INFO | epoch=041 train_batch=70/392 running_loss=0.342017
2026-08-20 21:29:27 | INFO | epoch=041 train_batch=80/392 running_loss=0.342138
2026-08-20 21:29:28 | INFO | epoch=041 train_batch=90/392 running_loss=0.345296
2026-08-20 21:29:29 | INFO | epoch=041 train_batch=100/392 running_loss=0.343629
2026-08-20 21:29:29 | INFO | epoch=041 train_batch=110/392 running_loss=0.344364
2026-08-20 21:29:30 | INFO | epoch=041 train_batch=120/392 running_loss=0.344800
2026-08-20 21:29:31 | INFO | epoch=041 train_batch=130/392 running_loss=0.343597
2026-08-20 21:29:31 | INFO | epoch=041 train_batch=140/392 running_loss=0.343533
2026-08-20 21:29:32 | INFO | epoch=041 train_batch=150/392 running_loss=0.342811
2026-08-20 21:29:32 | INFO | epoch=041 train_batch=160/392 running_loss=0.342748
2026-08-20 21:29:33 | INFO | epoch=041 train_batch=170/392 running_loss=0.342857
2026-08-20 21:29:34 | INFO | epoch=041 train_batch=180/392 running_loss=0.342012
2026-08-20 21:29:34 | INFO | epoch=041 train_batch=190/392 running_loss=0.340383
2026-08-20 21:29:35 | INFO | epoch=041 train_batch=200/392 running_loss=0.340319
2026-08-20 21:29:35 | INFO | epoch=041 train_batch=210/392 running_loss=0.340670
2026-08-20 21:29:36 | INFO | epoch=041 train_batch=220/392 running_loss=0.339716
2026-08-20 21:29:36 | INFO | epoch=041 train_batch=230/392 running_loss=0.338742
2026-08-20 21:29:37 | INFO | epoch=041 train_batch=240/392 running_loss=0.338067
2026-08-20 21:29:38 | INFO | epoch=041 train_batch=250/392 running_loss=0.336978
2026-08-20 21:29:38 | INFO | epoch=041 train_batch=260/392 running_loss=0.337100
2026-08-20 21:29:39 | INFO | epoch=041 train_batch=270/392 running_loss=0.337264
2026-08-20 21:29:39 | INFO | epoch=041 train_batch=280/392 running_loss=0.336746
2026-08-20 21:29:40 | INFO | epoch=041 train_batch=290/392 running_loss=0.336315
2026-08-20 21:29:41 | INFO | epoch=041 train_batch=300/392 running_loss=0.336046
2026-08-20 21:29:41 | INFO | epoch=041 train_batch=310/392 running_loss=0.335841
2026-08-20 21:29:42 | INFO | epoch=041 train_batch=320/392 running_loss=0.334989
2026-08-20 21:29:43 | INFO | epoch=041 train_batch=330/392 running_loss=0.334335
2026-08-20 21:29:43 | INFO | epoch=041 train_batch=340/392 running_loss=0.333215
2026-08-20 21:29:44 | INFO | epoch=041 train_batch=350/392 running_loss=0.332862
2026-08-20 21:29:44 | INFO | epoch=041 train_batch=360/392 running_loss=0.332801
2026-08-20 21:29:45 | INFO | epoch=041 train_batch=370/392 running_loss=0.332464
2026-08-20 21:29:46 | INFO | epoch=041 train_batch=380/392 running_loss=0.332308
2026-08-20 21:29:46 | INFO | epoch=041 train_batch=390/392 running_loss=0.331889
2026-08-20 21:29:46 | INFO | epoch=041 train_batch=392/392 running_loss=0.331839
2026-08-20 21:29:49 | INFO | epoch=041 train_loss=0.331839 validation_loss=5.932433
2026-08-20 21:29:49 | INFO | epoch=041 saved new best.pt
2026-08-20 21:29:49 | INFO | epoch=042 rollout_horizon=8 operation_teacher_probability=0.4810
2026-08-20 21:29:50 | INFO | epoch=042 train_batch=10/392 running_loss=0.304680
2026-08-20 21:29:51 | INFO | epoch=042 train_batch=20/392 running_loss=0.306971
2026-08-20 21:29:51 | INFO | epoch=042 train_batch=30/392 running_loss=0.307264
2026-08-20 21:29:52 | INFO | epoch=042 train_batch=40/392 running_loss=0.303966
2026-08-20 21:29:52 | INFO | epoch=042 train_batch=50/392 running_loss=0.306773
2026-08-20 21:29:53 | INFO | epoch=042 train_batch=60/392 running_loss=0.313151
2026-08-20 21:29:54 | INFO | epoch=042 train_batch=70/392 running_loss=0.318148
2026-08-20 21:29:54 | INFO | epoch=042 train_batch=80/392 running_loss=0.315930
2026-08-20 21:29:55 | INFO | epoch=042 train_batch=90/392 running_loss=0.316542
2026-08-20 21:29:55 | INFO | epoch=042 train_batch=100/392 running_loss=0.315931
2026-08-20 21:29:56 | INFO | epoch=042 train_batch=110/392 running_loss=0.317041
2026-08-20 21:29:57 | INFO | epoch=042 train_batch=120/392 running_loss=0.317434
2026-08-20 21:29:57 | INFO | epoch=042 train_batch=130/392 running_loss=0.316498
2026-08-20 21:29:58 | INFO | epoch=042 train_batch=140/392 running_loss=0.316426
2026-08-20 21:29:59 | INFO | epoch=042 train_batch=150/392 running_loss=0.318395
2026-08-20 21:29:59 | INFO | epoch=042 train_batch=160/392 running_loss=0.318170
2026-08-20 21:30:00 | INFO | epoch=042 train_batch=170/392 running_loss=0.318168
2026-08-20 21:30:00 | INFO | epoch=042 train_batch=180/392 running_loss=0.317396
2026-08-20 21:30:01 | INFO | epoch=042 train_batch=190/392 running_loss=0.317819
2026-08-20 21:30:02 | INFO | epoch=042 train_batch=200/392 running_loss=0.318330
2026-08-20 21:30:02 | INFO | epoch=042 train_batch=210/392 running_loss=0.318143
2026-08-20 21:30:03 | INFO | epoch=042 train_batch=220/392 running_loss=0.319641
2026-08-20 21:30:03 | INFO | epoch=042 train_batch=230/392 running_loss=0.320375
2026-08-20 21:30:04 | INFO | epoch=042 train_batch=240/392 running_loss=0.320907
2026-08-20 21:30:05 | INFO | epoch=042 train_batch=250/392 running_loss=0.321542
2026-08-20 21:30:05 | INFO | epoch=042 train_batch=260/392 running_loss=0.321322
2026-08-20 21:30:06 | INFO | epoch=042 train_batch=270/392 running_loss=0.320472
2026-08-20 21:30:07 | INFO | epoch=042 train_batch=280/392 running_loss=0.320182
2026-08-20 21:30:07 | INFO | epoch=042 train_batch=290/392 running_loss=0.321195
2026-08-20 21:30:08 | INFO | epoch=042 train_batch=300/392 running_loss=0.320837
2026-08-20 21:30:08 | INFO | epoch=042 train_batch=310/392 running_loss=0.320993
2026-08-20 21:30:09 | INFO | epoch=042 train_batch=320/392 running_loss=0.320691
2026-08-20 21:30:10 | INFO | epoch=042 train_batch=330/392 running_loss=0.320334
2026-08-20 21:30:10 | INFO | epoch=042 train_batch=340/392 running_loss=0.320049
2026-08-20 21:30:11 | INFO | epoch=042 train_batch=350/392 running_loss=0.319586
2026-08-20 21:30:11 | INFO | epoch=042 train_batch=360/392 running_loss=0.319322
2026-08-20 21:30:12 | INFO | epoch=042 train_batch=370/392 running_loss=0.319171
2026-08-20 21:30:13 | INFO | epoch=042 train_batch=380/392 running_loss=0.319090
2026-08-20 21:30:13 | INFO | epoch=042 train_batch=390/392 running_loss=0.319255
2026-08-20 21:30:13 | INFO | epoch=042 train_batch=392/392 running_loss=0.319387
2026-08-20 21:30:16 | INFO | epoch=042 train_loss=0.319387 validation_loss=5.416699
2026-08-20 21:30:16 | INFO | epoch=042 saved new best.pt
2026-08-20 21:30:16 | INFO | epoch=043 rollout_horizon=8 operation_teacher_probability=0.4684
2026-08-20 21:30:17 | INFO | epoch=043 train_batch=10/392 running_loss=0.305005
2026-08-20 21:30:18 | INFO | epoch=043 train_batch=20/392 running_loss=0.307286
2026-08-20 21:30:18 | INFO | epoch=043 train_batch=30/392 running_loss=0.310601
2026-08-20 21:30:19 | INFO | epoch=043 train_batch=40/392 running_loss=0.313005
2026-08-20 21:30:20 | INFO | epoch=043 train_batch=50/392 running_loss=0.314566
2026-08-20 21:30:20 | INFO | epoch=043 train_batch=60/392 running_loss=0.313025
2026-08-20 21:30:21 | INFO | epoch=043 train_batch=70/392 running_loss=0.315882
2026-08-20 21:30:21 | INFO | epoch=043 train_batch=80/392 running_loss=0.313484
2026-08-20 21:30:22 | INFO | epoch=043 train_batch=90/392 running_loss=0.311163
2026-08-20 21:30:23 | INFO | epoch=043 train_batch=100/392 running_loss=0.313042
2026-08-20 21:30:23 | INFO | epoch=043 train_batch=110/392 running_loss=0.313212
2026-08-20 21:30:24 | INFO | epoch=043 train_batch=120/392 running_loss=0.313931
2026-08-20 21:30:24 | INFO | epoch=043 train_batch=130/392 running_loss=0.314353
2026-08-20 21:30:25 | INFO | epoch=043 train_batch=140/392 running_loss=0.313234
2026-08-20 21:30:26 | INFO | epoch=043 train_batch=150/392 running_loss=0.312318
2026-08-20 21:30:26 | INFO | epoch=043 train_batch=160/392 running_loss=0.312985
2026-08-20 21:30:27 | INFO | epoch=043 train_batch=170/392 running_loss=0.314066
2026-08-20 21:30:27 | INFO | epoch=043 train_batch=180/392 running_loss=0.313484
2026-08-20 21:30:28 | INFO | epoch=043 train_batch=190/392 running_loss=0.313789
2026-08-20 21:30:29 | INFO | epoch=043 train_batch=200/392 running_loss=0.313116
2026-08-20 21:30:29 | INFO | epoch=043 train_batch=210/392 running_loss=0.312975
2026-08-20 21:30:30 | INFO | epoch=043 train_batch=220/392 running_loss=0.312415
2026-08-20 21:30:31 | INFO | epoch=043 train_batch=230/392 running_loss=0.312403
2026-08-20 21:30:31 | INFO | epoch=043 train_batch=240/392 running_loss=0.311973
2026-08-20 21:30:32 | INFO | epoch=043 train_batch=250/392 running_loss=0.310728
2026-08-20 21:30:32 | INFO | epoch=043 train_batch=260/392 running_loss=0.310775
2026-08-20 21:30:33 | INFO | epoch=043 train_batch=270/392 running_loss=0.311113
2026-08-20 21:30:34 | INFO | epoch=043 train_batch=280/392 running_loss=0.311303
2026-08-20 21:30:34 | INFO | epoch=043 train_batch=290/392 running_loss=0.311806
2026-08-20 21:30:35 | INFO | epoch=043 train_batch=300/392 running_loss=0.311985
2026-08-20 21:30:35 | INFO | epoch=043 train_batch=310/392 running_loss=0.311822
2026-08-20 21:30:36 | INFO | epoch=043 train_batch=320/392 running_loss=0.311221
2026-08-20 21:30:37 | INFO | epoch=043 train_batch=330/392 running_loss=0.311883
2026-08-20 21:30:37 | INFO | epoch=043 train_batch=340/392 running_loss=0.312100
2026-08-20 21:30:38 | INFO | epoch=043 train_batch=350/392 running_loss=0.312537
2026-08-20 21:30:38 | INFO | epoch=043 train_batch=360/392 running_loss=0.312616
2026-08-20 21:30:39 | INFO | epoch=043 train_batch=370/392 running_loss=0.312954
2026-08-20 21:30:40 | INFO | epoch=043 train_batch=380/392 running_loss=0.312926
2026-08-20 21:30:40 | INFO | epoch=043 train_batch=390/392 running_loss=0.313050
2026-08-20 21:30:40 | INFO | epoch=043 train_batch=392/392 running_loss=0.313016
2026-08-20 21:30:43 | INFO | epoch=043 train_loss=0.313016 validation_loss=3.561548
2026-08-20 21:30:43 | INFO | epoch=043 saved new best.pt
2026-08-20 21:30:43 | INFO | epoch=044 rollout_horizon=8 operation_teacher_probability=0.4557
2026-08-20 21:30:44 | INFO | epoch=044 train_batch=10/392 running_loss=0.285138
2026-08-20 21:30:45 | INFO | epoch=044 train_batch=20/392 running_loss=0.304397
2026-08-20 21:30:45 | INFO | epoch=044 train_batch=30/392 running_loss=0.310692
2026-08-20 21:30:46 | INFO | epoch=044 train_batch=40/392 running_loss=0.313820
2026-08-20 21:30:46 | INFO | epoch=044 train_batch=50/392 running_loss=0.314321
2026-08-20 21:30:47 | INFO | epoch=044 train_batch=60/392 running_loss=0.316108
2026-08-20 21:30:48 | INFO | epoch=044 train_batch=70/392 running_loss=0.314005
2026-08-20 21:30:48 | INFO | epoch=044 train_batch=80/392 running_loss=0.312517
2026-08-20 21:30:49 | INFO | epoch=044 train_batch=90/392 running_loss=0.310655
2026-08-20 21:30:50 | INFO | epoch=044 train_batch=100/392 running_loss=0.311866
2026-08-20 21:30:50 | INFO | epoch=044 train_batch=110/392 running_loss=0.311868
2026-08-20 21:30:51 | INFO | epoch=044 train_batch=120/392 running_loss=0.311353
2026-08-20 21:30:51 | INFO | epoch=044 train_batch=130/392 running_loss=0.311849
2026-08-20 21:30:52 | INFO | epoch=044 train_batch=140/392 running_loss=0.312616
2026-08-20 21:30:53 | INFO | epoch=044 train_batch=150/392 running_loss=0.312878
2026-08-20 21:30:53 | INFO | epoch=044 train_batch=160/392 running_loss=0.312876
2026-08-20 21:30:54 | INFO | epoch=044 train_batch=170/392 running_loss=0.311833
2026-08-20 21:30:54 | INFO | epoch=044 train_batch=180/392 running_loss=0.312829
2026-08-20 21:30:55 | INFO | epoch=044 train_batch=190/392 running_loss=0.312880
2026-08-20 21:30:56 | INFO | epoch=044 train_batch=200/392 running_loss=0.313396
2026-08-20 21:30:56 | INFO | epoch=044 train_batch=210/392 running_loss=0.312857
2026-08-20 21:30:57 | INFO | epoch=044 train_batch=220/392 running_loss=0.312267
2026-08-20 21:30:57 | INFO | epoch=044 train_batch=230/392 running_loss=0.312395
2026-08-20 21:30:58 | INFO | epoch=044 train_batch=240/392 running_loss=0.312054
2026-08-20 21:30:59 | INFO | epoch=044 train_batch=250/392 running_loss=0.312244
2026-08-20 21:30:59 | INFO | epoch=044 train_batch=260/392 running_loss=0.312020
2026-08-20 21:31:00 | INFO | epoch=044 train_batch=270/392 running_loss=0.312147
2026-08-20 21:31:01 | INFO | epoch=044 train_batch=280/392 running_loss=0.313808
2026-08-20 21:31:01 | INFO | epoch=044 train_batch=290/392 running_loss=0.313360
2026-08-20 21:31:02 | INFO | epoch=044 train_batch=300/392 running_loss=0.313306
2026-08-20 21:31:02 | INFO | epoch=044 train_batch=310/392 running_loss=0.312433
2026-08-20 21:31:03 | INFO | epoch=044 train_batch=320/392 running_loss=0.312051
2026-08-20 21:31:04 | INFO | epoch=044 train_batch=330/392 running_loss=0.312442
2026-08-20 21:31:04 | INFO | epoch=044 train_batch=340/392 running_loss=0.312158
2026-08-20 21:31:05 | INFO | epoch=044 train_batch=350/392 running_loss=0.311625
2026-08-20 21:31:05 | INFO | epoch=044 train_batch=360/392 running_loss=0.310896
2026-08-20 21:31:06 | INFO | epoch=044 train_batch=370/392 running_loss=0.310895
2026-08-20 21:31:07 | INFO | epoch=044 train_batch=380/392 running_loss=0.310224
2026-08-20 21:31:07 | INFO | epoch=044 train_batch=390/392 running_loss=0.310107
2026-08-20 21:31:07 | INFO | epoch=044 train_batch=392/392 running_loss=0.309741
2026-08-20 21:31:10 | INFO | epoch=044 train_loss=0.309741 validation_loss=3.228007
2026-08-20 21:31:10 | INFO | epoch=044 saved new best.pt
2026-08-20 21:31:10 | INFO | epoch=045 rollout_horizon=8 operation_teacher_probability=0.4430
2026-08-20 21:31:11 | INFO | epoch=045 train_batch=10/392 running_loss=0.293243
2026-08-20 21:31:12 | INFO | epoch=045 train_batch=20/392 running_loss=0.294929
2026-08-20 21:31:12 | INFO | epoch=045 train_batch=30/392 running_loss=0.296667
2026-08-20 21:31:13 | INFO | epoch=045 train_batch=40/392 running_loss=0.300992
2026-08-20 21:31:13 | INFO | epoch=045 train_batch=50/392 running_loss=0.298142
2026-08-20 21:31:14 | INFO | epoch=045 train_batch=60/392 running_loss=0.299008
2026-08-20 21:31:15 | INFO | epoch=045 train_batch=70/392 running_loss=0.302942
2026-08-20 21:31:15 | INFO | epoch=045 train_batch=80/392 running_loss=0.301322
2026-08-20 21:31:16 | INFO | epoch=045 train_batch=90/392 running_loss=0.302306
2026-08-20 21:31:16 | INFO | epoch=045 train_batch=100/392 running_loss=0.304127
2026-08-20 21:31:17 | INFO | epoch=045 train_batch=110/392 running_loss=0.304268
2026-08-20 21:31:18 | INFO | epoch=045 train_batch=120/392 running_loss=0.305588
2026-08-20 21:31:18 | INFO | epoch=045 train_batch=130/392 running_loss=0.304167
2026-08-20 21:31:19 | INFO | epoch=045 train_batch=140/392 running_loss=0.304483
2026-08-20 21:31:20 | INFO | epoch=045 train_batch=150/392 running_loss=0.305724
2026-08-20 21:31:20 | INFO | epoch=045 train_batch=160/392 running_loss=0.304550
2026-08-20 21:31:21 | INFO | epoch=045 train_batch=170/392 running_loss=0.304519
2026-08-20 21:31:21 | INFO | epoch=045 train_batch=180/392 running_loss=0.304483
2026-08-20 21:31:22 | INFO | epoch=045 train_batch=190/392 running_loss=0.304135
2026-08-20 21:31:23 | INFO | epoch=045 train_batch=200/392 running_loss=0.303505
2026-08-20 21:31:23 | INFO | epoch=045 train_batch=210/392 running_loss=0.303293
2026-08-20 21:31:24 | INFO | epoch=045 train_batch=220/392 running_loss=0.303340
2026-08-20 21:31:24 | INFO | epoch=045 train_batch=230/392 running_loss=0.302658
2026-08-20 21:31:25 | INFO | epoch=045 train_batch=240/392 running_loss=0.302938
2026-08-20 21:31:26 | INFO | epoch=045 train_batch=250/392 running_loss=0.303194
2026-08-20 21:31:26 | INFO | epoch=045 train_batch=260/392 running_loss=0.303776
2026-08-20 21:31:27 | INFO | epoch=045 train_batch=270/392 running_loss=0.304026
2026-08-20 21:31:27 | INFO | epoch=045 train_batch=280/392 running_loss=0.304669
2026-08-20 21:31:28 | INFO | epoch=045 train_batch=290/392 running_loss=0.305444
2026-08-20 21:31:29 | INFO | epoch=045 train_batch=300/392 running_loss=0.305749
2026-08-20 21:31:29 | INFO | epoch=045 train_batch=310/392 running_loss=0.306412
2026-08-20 21:31:30 | INFO | epoch=045 train_batch=320/392 running_loss=0.307160
2026-08-20 21:31:30 | INFO | epoch=045 train_batch=330/392 running_loss=0.308079
2026-08-20 21:31:31 | INFO | epoch=045 train_batch=340/392 running_loss=0.308000
2026-08-20 21:31:32 | INFO | epoch=045 train_batch=350/392 running_loss=0.308589
2026-08-20 21:31:32 | INFO | epoch=045 train_batch=360/392 running_loss=0.307982
2026-08-20 21:31:33 | INFO | epoch=045 train_batch=370/392 running_loss=0.307983
2026-08-20 21:31:33 | INFO | epoch=045 train_batch=380/392 running_loss=0.308222
2026-08-20 21:31:34 | INFO | epoch=045 train_batch=390/392 running_loss=0.307841
2026-08-20 21:31:34 | INFO | epoch=045 train_batch=392/392 running_loss=0.307630
2026-08-20 21:31:37 | INFO | epoch=045 train_loss=0.307630 validation_loss=3.940660
2026-08-20 21:31:37 | INFO | epoch=046 rollout_horizon=8 operation_teacher_probability=0.4304
2026-08-20 21:31:38 | INFO | epoch=046 train_batch=10/392 running_loss=0.328288
2026-08-20 21:31:38 | INFO | epoch=046 train_batch=20/392 running_loss=0.307575
2026-08-20 21:31:39 | INFO | epoch=046 train_batch=30/392 running_loss=0.298773
2026-08-20 21:31:39 | INFO | epoch=046 train_batch=40/392 running_loss=0.293019
2026-08-20 21:31:40 | INFO | epoch=046 train_batch=50/392 running_loss=0.294946
2026-08-20 21:31:41 | INFO | epoch=046 train_batch=60/392 running_loss=0.296862
2026-08-20 21:31:41 | INFO | epoch=046 train_batch=70/392 running_loss=0.296410
2026-08-20 21:31:42 | INFO | epoch=046 train_batch=80/392 running_loss=0.296411
2026-08-20 21:31:42 | INFO | epoch=046 train_batch=90/392 running_loss=0.297534
2026-08-20 21:31:43 | INFO | epoch=046 train_batch=100/392 running_loss=0.300008
2026-08-20 21:31:44 | INFO | epoch=046 train_batch=110/392 running_loss=0.300443
2026-08-20 21:31:44 | INFO | epoch=046 train_batch=120/392 running_loss=0.299552
2026-08-20 21:31:45 | INFO | epoch=046 train_batch=130/392 running_loss=0.300054
2026-08-20 21:31:45 | INFO | epoch=046 train_batch=140/392 running_loss=0.299916
2026-08-20 21:31:46 | INFO | epoch=046 train_batch=150/392 running_loss=0.300967
2026-08-20 21:31:47 | INFO | epoch=046 train_batch=160/392 running_loss=0.300797
2026-08-20 21:31:47 | INFO | epoch=046 train_batch=170/392 running_loss=0.299527
2026-08-20 21:31:48 | INFO | epoch=046 train_batch=180/392 running_loss=0.299654
2026-08-20 21:31:48 | INFO | epoch=046 train_batch=190/392 running_loss=0.300596
2026-08-20 21:31:49 | INFO | epoch=046 train_batch=200/392 running_loss=0.301975
2026-08-20 21:31:50 | INFO | epoch=046 train_batch=210/392 running_loss=0.302377
2026-08-20 21:31:50 | INFO | epoch=046 train_batch=220/392 running_loss=0.302871
2026-08-20 21:31:51 | INFO | epoch=046 train_batch=230/392 running_loss=0.303828
2026-08-20 21:31:52 | INFO | epoch=046 train_batch=240/392 running_loss=0.304796
2026-08-20 21:31:52 | INFO | epoch=046 train_batch=250/392 running_loss=0.305276
2026-08-20 21:31:53 | INFO | epoch=046 train_batch=260/392 running_loss=0.304973
2026-08-20 21:31:53 | INFO | epoch=046 train_batch=270/392 running_loss=0.306104
2026-08-20 21:31:54 | INFO | epoch=046 train_batch=280/392 running_loss=0.305510
2026-08-20 21:31:55 | INFO | epoch=046 train_batch=290/392 running_loss=0.306220
2026-08-20 21:31:55 | INFO | epoch=046 train_batch=300/392 running_loss=0.306603
2026-08-20 21:31:56 | INFO | epoch=046 train_batch=310/392 running_loss=0.308060
2026-08-20 21:31:56 | INFO | epoch=046 train_batch=320/392 running_loss=0.307755
2026-08-20 21:31:57 | INFO | epoch=046 train_batch=330/392 running_loss=0.307848
2026-08-20 21:31:58 | INFO | epoch=046 train_batch=340/392 running_loss=0.307926
2026-08-20 21:31:58 | INFO | epoch=046 train_batch=350/392 running_loss=0.308192
2026-08-20 21:31:59 | INFO | epoch=046 train_batch=360/392 running_loss=0.307729
2026-08-20 21:32:00 | INFO | epoch=046 train_batch=370/392 running_loss=0.306733
2026-08-20 21:32:00 | INFO | epoch=046 train_batch=380/392 running_loss=0.307198
2026-08-20 21:32:01 | INFO | epoch=046 train_batch=390/392 running_loss=0.306540
2026-08-20 21:32:01 | INFO | epoch=046 train_batch=392/392 running_loss=0.306633
2026-08-20 21:32:04 | INFO | epoch=046 train_loss=0.306633 validation_loss=2.999099
2026-08-20 21:32:04 | INFO | epoch=046 saved new best.pt
2026-08-20 21:32:04 | INFO | epoch=047 rollout_horizon=8 operation_teacher_probability=0.4177
2026-08-20 21:32:05 | INFO | epoch=047 train_batch=10/392 running_loss=0.320070
2026-08-20 21:32:05 | INFO | epoch=047 train_batch=20/392 running_loss=0.303817
2026-08-20 21:32:06 | INFO | epoch=047 train_batch=30/392 running_loss=0.304252
2026-08-20 21:32:07 | INFO | epoch=047 train_batch=40/392 running_loss=0.301539
2026-08-20 21:32:07 | INFO | epoch=047 train_batch=50/392 running_loss=0.298125
2026-08-20 21:32:08 | INFO | epoch=047 train_batch=60/392 running_loss=0.297997
2026-08-20 21:32:08 | INFO | epoch=047 train_batch=70/392 running_loss=0.297065
2026-08-20 21:32:09 | INFO | epoch=047 train_batch=80/392 running_loss=0.298816
2026-08-20 21:32:10 | INFO | epoch=047 train_batch=90/392 running_loss=0.297999
2026-08-20 21:32:10 | INFO | epoch=047 train_batch=100/392 running_loss=0.298516
2026-08-20 21:32:11 | INFO | epoch=047 train_batch=110/392 running_loss=0.299839
2026-08-20 21:32:11 | INFO | epoch=047 train_batch=120/392 running_loss=0.303518
2026-08-20 21:32:12 | INFO | epoch=047 train_batch=130/392 running_loss=0.304100
2026-08-20 21:32:13 | INFO | epoch=047 train_batch=140/392 running_loss=0.305065
2026-08-20 21:32:13 | INFO | epoch=047 train_batch=150/392 running_loss=0.305472
2026-08-20 21:32:14 | INFO | epoch=047 train_batch=160/392 running_loss=0.307162
2026-08-20 21:32:15 | INFO | epoch=047 train_batch=170/392 running_loss=0.306430
2026-08-20 21:32:15 | INFO | epoch=047 train_batch=180/392 running_loss=0.306486
2026-08-20 21:32:16 | INFO | epoch=047 train_batch=190/392 running_loss=0.306087
2026-08-20 21:32:16 | INFO | epoch=047 train_batch=200/392 running_loss=0.306490
2026-08-20 21:32:17 | INFO | epoch=047 train_batch=210/392 running_loss=0.307180
2026-08-20 21:32:18 | INFO | epoch=047 train_batch=220/392 running_loss=0.307673
2026-08-20 21:32:18 | INFO | epoch=047 train_batch=230/392 running_loss=0.309105
2026-08-20 21:32:19 | INFO | epoch=047 train_batch=240/392 running_loss=0.309743
2026-08-20 21:32:19 | INFO | epoch=047 train_batch=250/392 running_loss=0.310590
2026-08-20 21:32:20 | INFO | epoch=047 train_batch=260/392 running_loss=0.310564
2026-08-20 21:32:21 | INFO | epoch=047 train_batch=270/392 running_loss=0.310931
2026-08-20 21:32:21 | INFO | epoch=047 train_batch=280/392 running_loss=0.309651
2026-08-20 21:32:22 | INFO | epoch=047 train_batch=290/392 running_loss=0.309439
2026-08-20 21:32:23 | INFO | epoch=047 train_batch=300/392 running_loss=0.309297
2026-08-20 21:32:23 | INFO | epoch=047 train_batch=310/392 running_loss=0.308881
2026-08-20 21:32:24 | INFO | epoch=047 train_batch=320/392 running_loss=0.308443
2026-08-20 21:32:24 | INFO | epoch=047 train_batch=330/392 running_loss=0.308144
2026-08-20 21:32:25 | INFO | epoch=047 train_batch=340/392 running_loss=0.307679
2026-08-20 21:32:26 | INFO | epoch=047 train_batch=350/392 running_loss=0.307626
2026-08-20 21:32:26 | INFO | epoch=047 train_batch=360/392 running_loss=0.307016
2026-08-20 21:32:27 | INFO | epoch=047 train_batch=370/392 running_loss=0.307350
2026-08-20 21:32:27 | INFO | epoch=047 train_batch=380/392 running_loss=0.307219
2026-08-20 21:32:28 | INFO | epoch=047 train_batch=390/392 running_loss=0.307589
2026-08-20 21:32:28 | INFO | epoch=047 train_batch=392/392 running_loss=0.307553
2026-08-20 21:32:31 | INFO | epoch=047 train_loss=0.307553 validation_loss=3.988404
2026-08-20 21:32:31 | INFO | epoch=048 rollout_horizon=8 operation_teacher_probability=0.4051
2026-08-20 21:32:32 | INFO | epoch=048 train_batch=10/392 running_loss=0.333312
2026-08-20 21:32:33 | INFO | epoch=048 train_batch=20/392 running_loss=0.321755
2026-08-20 21:32:33 | INFO | epoch=048 train_batch=30/392 running_loss=0.312111
2026-08-20 21:32:34 | INFO | epoch=048 train_batch=40/392 running_loss=0.306349
2026-08-20 21:32:34 | INFO | epoch=048 train_batch=50/392 running_loss=0.303462
2026-08-20 21:32:35 | INFO | epoch=048 train_batch=60/392 running_loss=0.300797
2026-08-20 21:32:36 | INFO | epoch=048 train_batch=70/392 running_loss=0.301388
2026-08-20 21:32:36 | INFO | epoch=048 train_batch=80/392 running_loss=0.303441
2026-08-20 21:32:37 | INFO | epoch=048 train_batch=90/392 running_loss=0.304975
2026-08-20 21:32:37 | INFO | epoch=048 train_batch=100/392 running_loss=0.304257
2026-08-20 21:32:38 | INFO | epoch=048 train_batch=110/392 running_loss=0.303875
2026-08-20 21:32:39 | INFO | epoch=048 train_batch=120/392 running_loss=0.302926
2026-08-20 21:32:39 | INFO | epoch=048 train_batch=130/392 running_loss=0.301628
2026-08-20 21:32:40 | INFO | epoch=048 train_batch=140/392 running_loss=0.301122
2026-08-20 21:32:40 | INFO | epoch=048 train_batch=150/392 running_loss=0.301698
2026-08-20 21:32:41 | INFO | epoch=048 train_batch=160/392 running_loss=0.302755
2026-08-20 21:32:42 | INFO | epoch=048 train_batch=170/392 running_loss=0.302556
2026-08-20 21:32:42 | INFO | epoch=048 train_batch=180/392 running_loss=0.301572
2026-08-20 21:32:43 | INFO | epoch=048 train_batch=190/392 running_loss=0.302876
2026-08-20 21:32:44 | INFO | epoch=048 train_batch=200/392 running_loss=0.303579
2026-08-20 21:32:44 | INFO | epoch=048 train_batch=210/392 running_loss=0.302896
2026-08-20 21:32:45 | INFO | epoch=048 train_batch=220/392 running_loss=0.302225
2026-08-20 21:32:45 | INFO | epoch=048 train_batch=230/392 running_loss=0.302857
2026-08-20 21:32:46 | INFO | epoch=048 train_batch=240/392 running_loss=0.303361
2026-08-20 21:32:47 | INFO | epoch=048 train_batch=250/392 running_loss=0.303736
2026-08-20 21:32:47 | INFO | epoch=048 train_batch=260/392 running_loss=0.303361
2026-08-20 21:32:48 | INFO | epoch=048 train_batch=270/392 running_loss=0.304369
2026-08-20 21:32:49 | INFO | epoch=048 train_batch=280/392 running_loss=0.305399
2026-08-20 21:32:49 | INFO | epoch=048 train_batch=290/392 running_loss=0.305192
2026-08-20 21:32:50 | INFO | epoch=048 train_batch=300/392 running_loss=0.305225
2026-08-20 21:32:51 | INFO | epoch=048 train_batch=310/392 running_loss=0.305237
2026-08-20 21:32:51 | INFO | epoch=048 train_batch=320/392 running_loss=0.305618
2026-08-20 21:32:52 | INFO | epoch=048 train_batch=330/392 running_loss=0.305597
2026-08-20 21:32:52 | INFO | epoch=048 train_batch=340/392 running_loss=0.305580
2026-08-20 21:32:53 | INFO | epoch=048 train_batch=350/392 running_loss=0.304742
2026-08-20 21:32:54 | INFO | epoch=048 train_batch=360/392 running_loss=0.304257
2026-08-20 21:32:54 | INFO | epoch=048 train_batch=370/392 running_loss=0.303824
2026-08-20 21:32:55 | INFO | epoch=048 train_batch=380/392 running_loss=0.303945
2026-08-20 21:32:56 | INFO | epoch=048 train_batch=390/392 running_loss=0.304275
2026-08-20 21:32:56 | INFO | epoch=048 train_batch=392/392 running_loss=0.304200
2026-08-20 21:32:59 | INFO | epoch=048 train_loss=0.304200 validation_loss=2.542160
2026-08-20 21:32:59 | INFO | epoch=048 saved new best.pt
2026-08-20 21:32:59 | INFO | epoch=049 rollout_horizon=8 operation_teacher_probability=0.3924
2026-08-20 21:33:00 | INFO | epoch=049 train_batch=10/392 running_loss=0.307346
2026-08-20 21:33:00 | INFO | epoch=049 train_batch=20/392 running_loss=0.309106
2026-08-20 21:33:01 | INFO | epoch=049 train_batch=30/392 running_loss=0.303505
2026-08-20 21:33:01 | INFO | epoch=049 train_batch=40/392 running_loss=0.299729
2026-08-20 21:33:02 | INFO | epoch=049 train_batch=50/392 running_loss=0.302749
2026-08-20 21:33:03 | INFO | epoch=049 train_batch=60/392 running_loss=0.303757
2026-08-20 21:33:03 | INFO | epoch=049 train_batch=70/392 running_loss=0.301953
2026-08-20 21:33:04 | INFO | epoch=049 train_batch=80/392 running_loss=0.302710
2026-08-20 21:33:05 | INFO | epoch=049 train_batch=90/392 running_loss=0.303298
2026-08-20 21:33:05 | INFO | epoch=049 train_batch=100/392 running_loss=0.305961
2026-08-20 21:33:06 | INFO | epoch=049 train_batch=110/392 running_loss=0.304697
2026-08-20 21:33:06 | INFO | epoch=049 train_batch=120/392 running_loss=0.304775
2026-08-20 21:33:07 | INFO | epoch=049 train_batch=130/392 running_loss=0.302345
2026-08-20 21:33:08 | INFO | epoch=049 train_batch=140/392 running_loss=0.302184
2026-08-20 21:33:08 | INFO | epoch=049 train_batch=150/392 running_loss=0.301425
2026-08-20 21:33:09 | INFO | epoch=049 train_batch=160/392 running_loss=0.301360
2026-08-20 21:33:10 | INFO | epoch=049 train_batch=170/392 running_loss=0.300815
2026-08-20 21:33:10 | INFO | epoch=049 train_batch=180/392 running_loss=0.300361
2026-08-20 21:33:11 | INFO | epoch=049 train_batch=190/392 running_loss=0.299928
2026-08-20 21:33:12 | INFO | epoch=049 train_batch=200/392 running_loss=0.300459
2026-08-20 21:33:12 | INFO | epoch=049 train_batch=210/392 running_loss=0.300961
2026-08-20 21:33:13 | INFO | epoch=049 train_batch=220/392 running_loss=0.301291
2026-08-20 21:33:13 | INFO | epoch=049 train_batch=230/392 running_loss=0.301338
2026-08-20 21:33:14 | INFO | epoch=049 train_batch=240/392 running_loss=0.301959
2026-08-20 21:33:15 | INFO | epoch=049 train_batch=250/392 running_loss=0.303141
2026-08-20 21:33:15 | INFO | epoch=049 train_batch=260/392 running_loss=0.303189
2026-08-20 21:33:16 | INFO | epoch=049 train_batch=270/392 running_loss=0.303762
2026-08-20 21:33:16 | INFO | epoch=049 train_batch=280/392 running_loss=0.304561
2026-08-20 21:33:17 | INFO | epoch=049 train_batch=290/392 running_loss=0.304036
2026-08-20 21:33:18 | INFO | epoch=049 train_batch=300/392 running_loss=0.304782
2026-08-20 21:33:18 | INFO | epoch=049 train_batch=310/392 running_loss=0.305781
2026-08-20 21:33:19 | INFO | epoch=049 train_batch=320/392 running_loss=0.305666
2026-08-20 21:33:20 | INFO | epoch=049 train_batch=330/392 running_loss=0.305513
2026-08-20 21:33:20 | INFO | epoch=049 train_batch=340/392 running_loss=0.305229
2026-08-20 21:33:21 | INFO | epoch=049 train_batch=350/392 running_loss=0.304867
2026-08-20 21:33:21 | INFO | epoch=049 train_batch=360/392 running_loss=0.304466
2026-08-20 21:33:22 | INFO | epoch=049 train_batch=370/392 running_loss=0.304638
2026-08-20 21:33:23 | INFO | epoch=049 train_batch=380/392 running_loss=0.304994
2026-08-20 21:33:23 | INFO | epoch=049 train_batch=390/392 running_loss=0.305290
2026-08-20 21:33:23 | INFO | epoch=049 train_batch=392/392 running_loss=0.305066
2026-08-20 21:33:26 | INFO | epoch=049 train_loss=0.305066 validation_loss=3.021238
2026-08-20 21:33:26 | INFO | epoch=050 rollout_horizon=8 operation_teacher_probability=0.3797
2026-08-20 21:33:27 | INFO | epoch=050 train_batch=10/392 running_loss=0.312481
2026-08-20 21:33:28 | INFO | epoch=050 train_batch=20/392 running_loss=0.305976
2026-08-20 21:33:28 | INFO | epoch=050 train_batch=30/392 running_loss=0.301517
2026-08-20 21:33:29 | INFO | epoch=050 train_batch=40/392 running_loss=0.300375
2026-08-20 21:33:29 | INFO | epoch=050 train_batch=50/392 running_loss=0.303982
2026-08-20 21:33:30 | INFO | epoch=050 train_batch=60/392 running_loss=0.304768
2026-08-20 21:33:31 | INFO | epoch=050 train_batch=70/392 running_loss=0.303455
2026-08-20 21:33:31 | INFO | epoch=050 train_batch=80/392 running_loss=0.302431
2026-08-20 21:33:32 | INFO | epoch=050 train_batch=90/392 running_loss=0.298956
2026-08-20 21:33:33 | INFO | epoch=050 train_batch=100/392 running_loss=0.299382
2026-08-20 21:33:33 | INFO | epoch=050 train_batch=110/392 running_loss=0.300454
2026-08-20 21:33:34 | INFO | epoch=050 train_batch=120/392 running_loss=0.303401
2026-08-20 21:33:34 | INFO | epoch=050 train_batch=130/392 running_loss=0.303045
2026-08-20 21:33:35 | INFO | epoch=050 train_batch=140/392 running_loss=0.302445
2026-08-20 21:33:36 | INFO | epoch=050 train_batch=150/392 running_loss=0.303950
2026-08-20 21:33:36 | INFO | epoch=050 train_batch=160/392 running_loss=0.304340
2026-08-20 21:33:37 | INFO | epoch=050 train_batch=170/392 running_loss=0.302740
2026-08-20 21:33:38 | INFO | epoch=050 train_batch=180/392 running_loss=0.303687
2026-08-20 21:33:38 | INFO | epoch=050 train_batch=190/392 running_loss=0.303512
2026-08-20 21:33:39 | INFO | epoch=050 train_batch=200/392 running_loss=0.302825
2026-08-20 21:33:40 | INFO | epoch=050 train_batch=210/392 running_loss=0.302454
2026-08-20 21:33:40 | INFO | epoch=050 train_batch=220/392 running_loss=0.301923
2026-08-20 21:33:41 | INFO | epoch=050 train_batch=230/392 running_loss=0.301735
2026-08-20 21:33:41 | INFO | epoch=050 train_batch=240/392 running_loss=0.302041
2026-08-20 21:33:42 | INFO | epoch=050 train_batch=250/392 running_loss=0.302528
2026-08-20 21:33:43 | INFO | epoch=050 train_batch=260/392 running_loss=0.302159
2026-08-20 21:33:43 | INFO | epoch=050 train_batch=270/392 running_loss=0.303613
2026-08-20 21:33:44 | INFO | epoch=050 train_batch=280/392 running_loss=0.304046
2026-08-20 21:33:44 | INFO | epoch=050 train_batch=290/392 running_loss=0.304765
2026-08-20 21:33:45 | INFO | epoch=050 train_batch=300/392 running_loss=0.305454
2026-08-20 21:33:46 | INFO | epoch=050 train_batch=310/392 running_loss=0.305222
2026-08-20 21:33:46 | INFO | epoch=050 train_batch=320/392 running_loss=0.304839
2026-08-20 21:33:47 | INFO | epoch=050 train_batch=330/392 running_loss=0.304908
2026-08-20 21:33:48 | INFO | epoch=050 train_batch=340/392 running_loss=0.305040
2026-08-20 21:33:48 | INFO | epoch=050 train_batch=350/392 running_loss=0.304737
2026-08-20 21:33:49 | INFO | epoch=050 train_batch=360/392 running_loss=0.305341
2026-08-20 21:33:49 | INFO | epoch=050 train_batch=370/392 running_loss=0.305255
2026-08-20 21:33:50 | INFO | epoch=050 train_batch=380/392 running_loss=0.305493
2026-08-20 21:33:51 | INFO | epoch=050 train_batch=390/392 running_loss=0.305410
2026-08-20 21:33:51 | INFO | epoch=050 train_batch=392/392 running_loss=0.305286
2026-08-20 21:33:54 | INFO | epoch=050 train_loss=0.305286 validation_loss=3.640396
2026-08-20 21:33:54 | INFO | epoch=051 rollout_horizon=8 operation_teacher_probability=0.3671
2026-08-20 21:33:54 | INFO | epoch=051 train_batch=10/392 running_loss=0.293718
2026-08-20 21:33:55 | INFO | epoch=051 train_batch=20/392 running_loss=0.305287
2026-08-20 21:33:56 | INFO | epoch=051 train_batch=30/392 running_loss=0.302411
2026-08-20 21:33:56 | INFO | epoch=051 train_batch=40/392 running_loss=0.305254
2026-08-20 21:33:57 | INFO | epoch=051 train_batch=50/392 running_loss=0.303663
2026-08-20 21:33:58 | INFO | epoch=051 train_batch=60/392 running_loss=0.303913
2026-08-20 21:33:58 | INFO | epoch=051 train_batch=70/392 running_loss=0.301562
2026-08-20 21:33:59 | INFO | epoch=051 train_batch=80/392 running_loss=0.300186
2026-08-20 21:33:59 | INFO | epoch=051 train_batch=90/392 running_loss=0.299948
2026-08-20 21:34:00 | INFO | epoch=051 train_batch=100/392 running_loss=0.300333
2026-08-20 21:34:01 | INFO | epoch=051 train_batch=110/392 running_loss=0.299309
2026-08-20 21:34:01 | INFO | epoch=051 train_batch=120/392 running_loss=0.300480
2026-08-20 21:34:02 | INFO | epoch=051 train_batch=130/392 running_loss=0.299549
2026-08-20 21:34:02 | INFO | epoch=051 train_batch=140/392 running_loss=0.298896
2026-08-20 21:34:03 | INFO | epoch=051 train_batch=150/392 running_loss=0.300601
2026-08-20 21:34:04 | INFO | epoch=051 train_batch=160/392 running_loss=0.302395
2026-08-20 21:34:04 | INFO | epoch=051 train_batch=170/392 running_loss=0.302632
2026-08-20 21:34:05 | INFO | epoch=051 train_batch=180/392 running_loss=0.302751
2026-08-20 21:34:06 | INFO | epoch=051 train_batch=190/392 running_loss=0.302516
2026-08-20 21:34:06 | INFO | epoch=051 train_batch=200/392 running_loss=0.301095
2026-08-20 21:34:07 | INFO | epoch=051 train_batch=210/392 running_loss=0.301241
2026-08-20 21:34:07 | INFO | epoch=051 train_batch=220/392 running_loss=0.302429
2026-08-20 21:34:08 | INFO | epoch=051 train_batch=230/392 running_loss=0.302355
2026-08-20 21:34:09 | INFO | epoch=051 train_batch=240/392 running_loss=0.303660
2026-08-20 21:34:09 | INFO | epoch=051 train_batch=250/392 running_loss=0.303895
2026-08-20 21:34:10 | INFO | epoch=051 train_batch=260/392 running_loss=0.304433
2026-08-20 21:34:10 | INFO | epoch=051 train_batch=270/392 running_loss=0.304765
2026-08-20 21:34:11 | INFO | epoch=051 train_batch=280/392 running_loss=0.304306
2026-08-20 21:34:12 | INFO | epoch=051 train_batch=290/392 running_loss=0.303348
2026-08-20 21:34:12 | INFO | epoch=051 train_batch=300/392 running_loss=0.302812
2026-08-20 21:34:13 | INFO | epoch=051 train_batch=310/392 running_loss=0.303322
2026-08-20 21:34:13 | INFO | epoch=051 train_batch=320/392 running_loss=0.303844
2026-08-20 21:34:14 | INFO | epoch=051 train_batch=330/392 running_loss=0.303778
2026-08-20 21:34:15 | INFO | epoch=051 train_batch=340/392 running_loss=0.303253
2026-08-20 21:34:15 | INFO | epoch=051 train_batch=350/392 running_loss=0.302853
2026-08-20 21:34:16 | INFO | epoch=051 train_batch=360/392 running_loss=0.302465
2026-08-20 21:34:16 | INFO | epoch=051 train_batch=370/392 running_loss=0.302532
2026-08-20 21:34:17 | INFO | epoch=051 train_batch=380/392 running_loss=0.302208
2026-08-20 21:34:18 | INFO | epoch=051 train_batch=390/392 running_loss=0.302088
2026-08-20 21:34:18 | INFO | epoch=051 train_batch=392/392 running_loss=0.302060
2026-08-20 21:34:21 | INFO | epoch=051 train_loss=0.302060 validation_loss=2.975705
2026-08-20 21:34:21 | INFO | epoch=052 rollout_horizon=8 operation_teacher_probability=0.3544
2026-08-20 21:34:22 | INFO | epoch=052 train_batch=10/392 running_loss=0.298282
2026-08-20 21:34:22 | INFO | epoch=052 train_batch=20/392 running_loss=0.307376
2026-08-20 21:34:23 | INFO | epoch=052 train_batch=30/392 running_loss=0.299915
2026-08-20 21:34:23 | INFO | epoch=052 train_batch=40/392 running_loss=0.298664
2026-08-20 21:34:24 | INFO | epoch=052 train_batch=50/392 running_loss=0.300778
2026-08-20 21:34:25 | INFO | epoch=052 train_batch=60/392 running_loss=0.301905
2026-08-20 21:34:25 | INFO | epoch=052 train_batch=70/392 running_loss=0.297178
2026-08-20 21:34:26 | INFO | epoch=052 train_batch=80/392 running_loss=0.298579
2026-08-20 21:34:26 | INFO | epoch=052 train_batch=90/392 running_loss=0.298963
2026-08-20 21:34:27 | INFO | epoch=052 train_batch=100/392 running_loss=0.301857
2026-08-20 21:34:28 | INFO | epoch=052 train_batch=110/392 running_loss=0.303536
2026-08-20 21:34:28 | INFO | epoch=052 train_batch=120/392 running_loss=0.304683
2026-08-20 21:34:29 | INFO | epoch=052 train_batch=130/392 running_loss=0.305871
2026-08-20 21:34:29 | INFO | epoch=052 train_batch=140/392 running_loss=0.305623
2026-08-20 21:34:30 | INFO | epoch=052 train_batch=150/392 running_loss=0.305554
2026-08-20 21:34:31 | INFO | epoch=052 train_batch=160/392 running_loss=0.307012
2026-08-20 21:34:31 | INFO | epoch=052 train_batch=170/392 running_loss=0.306685
2026-08-20 21:34:32 | INFO | epoch=052 train_batch=180/392 running_loss=0.306845
2026-08-20 21:34:33 | INFO | epoch=052 train_batch=190/392 running_loss=0.307321
2026-08-20 21:34:33 | INFO | epoch=052 train_batch=200/392 running_loss=0.306863
2026-08-20 21:34:34 | INFO | epoch=052 train_batch=210/392 running_loss=0.306943
2026-08-20 21:34:34 | INFO | epoch=052 train_batch=220/392 running_loss=0.305840
2026-08-20 21:34:35 | INFO | epoch=052 train_batch=230/392 running_loss=0.305353
2026-08-20 21:34:36 | INFO | epoch=052 train_batch=240/392 running_loss=0.305596
2026-08-20 21:34:36 | INFO | epoch=052 train_batch=250/392 running_loss=0.306086
2026-08-20 21:34:37 | INFO | epoch=052 train_batch=260/392 running_loss=0.306299
2026-08-20 21:34:37 | INFO | epoch=052 train_batch=270/392 running_loss=0.306995
2026-08-20 21:34:38 | INFO | epoch=052 train_batch=280/392 running_loss=0.306823
2026-08-20 21:34:39 | INFO | epoch=052 train_batch=290/392 running_loss=0.305700
2026-08-20 21:34:39 | INFO | epoch=052 train_batch=300/392 running_loss=0.305818
2026-08-20 21:34:40 | INFO | epoch=052 train_batch=310/392 running_loss=0.305581
2026-08-20 21:34:41 | INFO | epoch=052 train_batch=320/392 running_loss=0.305171
2026-08-20 21:34:41 | INFO | epoch=052 train_batch=330/392 running_loss=0.304703
2026-08-20 21:34:42 | INFO | epoch=052 train_batch=340/392 running_loss=0.304725
2026-08-20 21:34:42 | INFO | epoch=052 train_batch=350/392 running_loss=0.304944
2026-08-20 21:34:43 | INFO | epoch=052 train_batch=360/392 running_loss=0.304703
2026-08-20 21:34:44 | INFO | epoch=052 train_batch=370/392 running_loss=0.305562
2026-08-20 21:34:44 | INFO | epoch=052 train_batch=380/392 running_loss=0.305560
2026-08-20 21:34:45 | INFO | epoch=052 train_batch=390/392 running_loss=0.305037
2026-08-20 21:34:45 | INFO | epoch=052 train_batch=392/392 running_loss=0.304972
2026-08-20 21:34:48 | INFO | epoch=052 train_loss=0.304972 validation_loss=2.909707
2026-08-20 21:34:48 | INFO | epoch=053 rollout_horizon=8 operation_teacher_probability=0.3418
2026-08-20 21:34:49 | INFO | epoch=053 train_batch=10/392 running_loss=0.304585
2026-08-20 21:34:49 | INFO | epoch=053 train_batch=20/392 running_loss=0.308157
2026-08-20 21:34:50 | INFO | epoch=053 train_batch=30/392 running_loss=0.307733
2026-08-20 21:34:50 | INFO | epoch=053 train_batch=40/392 running_loss=0.307175
2026-08-20 21:34:51 | INFO | epoch=053 train_batch=50/392 running_loss=0.307095
2026-08-20 21:34:52 | INFO | epoch=053 train_batch=60/392 running_loss=0.304593
2026-08-20 21:34:52 | INFO | epoch=053 train_batch=70/392 running_loss=0.302001
2026-08-20 21:34:53 | INFO | epoch=053 train_batch=80/392 running_loss=0.301219
2026-08-20 21:34:53 | INFO | epoch=053 train_batch=90/392 running_loss=0.302100
2026-08-20 21:34:54 | INFO | epoch=053 train_batch=100/392 running_loss=0.301282
2026-08-20 21:34:55 | INFO | epoch=053 train_batch=110/392 running_loss=0.299824
2026-08-20 21:34:55 | INFO | epoch=053 train_batch=120/392 running_loss=0.300126
2026-08-20 21:34:56 | INFO | epoch=053 train_batch=130/392 running_loss=0.302077
2026-08-20 21:34:57 | INFO | epoch=053 train_batch=140/392 running_loss=0.301384
2026-08-20 21:34:57 | INFO | epoch=053 train_batch=150/392 running_loss=0.301799
2026-08-20 21:34:58 | INFO | epoch=053 train_batch=160/392 running_loss=0.305390
2026-08-20 21:34:59 | INFO | epoch=053 train_batch=170/392 running_loss=0.306692
2026-08-20 21:34:59 | INFO | epoch=053 train_batch=180/392 running_loss=0.307930
2026-08-20 21:35:00 | INFO | epoch=053 train_batch=190/392 running_loss=0.308379
2026-08-20 21:35:01 | INFO | epoch=053 train_batch=200/392 running_loss=0.309325
2026-08-20 21:35:02 | INFO | epoch=053 train_batch=210/392 running_loss=0.309318
2026-08-20 21:35:02 | INFO | epoch=053 train_batch=220/392 running_loss=0.309855
2026-08-20 21:35:03 | INFO | epoch=053 train_batch=230/392 running_loss=0.310029
2026-08-20 21:35:04 | INFO | epoch=053 train_batch=240/392 running_loss=0.309086
2026-08-20 21:35:04 | INFO | epoch=053 train_batch=250/392 running_loss=0.307809
2026-08-20 21:35:05 | INFO | epoch=053 train_batch=260/392 running_loss=0.307581
2026-08-20 21:35:06 | INFO | epoch=053 train_batch=270/392 running_loss=0.306895
2026-08-20 21:35:06 | INFO | epoch=053 train_batch=280/392 running_loss=0.307040
2026-08-20 21:35:07 | INFO | epoch=053 train_batch=290/392 running_loss=0.306781
2026-08-20 21:35:08 | INFO | epoch=053 train_batch=300/392 running_loss=0.306609
2026-08-20 21:35:09 | INFO | epoch=053 train_batch=310/392 running_loss=0.306218
2026-08-20 21:35:09 | INFO | epoch=053 train_batch=320/392 running_loss=0.305815
2026-08-20 21:35:10 | INFO | epoch=053 train_batch=330/392 running_loss=0.305630
2026-08-20 21:35:11 | INFO | epoch=053 train_batch=340/392 running_loss=0.305163
2026-08-20 21:35:11 | INFO | epoch=053 train_batch=350/392 running_loss=0.304950
2026-08-20 21:35:12 | INFO | epoch=053 train_batch=360/392 running_loss=0.305378
2026-08-20 21:35:13 | INFO | epoch=053 train_batch=370/392 running_loss=0.304742
2026-08-20 21:35:13 | INFO | epoch=053 train_batch=380/392 running_loss=0.304835
2026-08-20 21:35:14 | INFO | epoch=053 train_batch=390/392 running_loss=0.305011
2026-08-20 21:35:14 | INFO | epoch=053 train_batch=392/392 running_loss=0.304718
2026-08-20 21:35:18 | INFO | epoch=053 train_loss=0.304718 validation_loss=2.568751
2026-08-20 21:35:18 | INFO | epoch=054 rollout_horizon=8 operation_teacher_probability=0.3291
2026-08-20 21:35:18 | INFO | epoch=054 train_batch=10/392 running_loss=0.280909
2026-08-20 21:35:19 | INFO | epoch=054 train_batch=20/392 running_loss=0.285929
2026-08-20 21:35:20 | INFO | epoch=054 train_batch=30/392 running_loss=0.287935
2026-08-20 21:35:20 | INFO | epoch=054 train_batch=40/392 running_loss=0.289290
2026-08-20 21:35:21 | INFO | epoch=054 train_batch=50/392 running_loss=0.291777
2026-08-20 21:35:22 | INFO | epoch=054 train_batch=60/392 running_loss=0.297395
2026-08-20 21:35:22 | INFO | epoch=054 train_batch=70/392 running_loss=0.296811
2026-08-20 21:35:23 | INFO | epoch=054 train_batch=80/392 running_loss=0.298870
2026-08-20 21:35:24 | INFO | epoch=054 train_batch=90/392 running_loss=0.298790
2026-08-20 21:35:24 | INFO | epoch=054 train_batch=100/392 running_loss=0.298524
2026-08-20 21:35:25 | INFO | epoch=054 train_batch=110/392 running_loss=0.299221
2026-08-20 21:35:26 | INFO | epoch=054 train_batch=120/392 running_loss=0.298797
2026-08-20 21:35:27 | INFO | epoch=054 train_batch=130/392 running_loss=0.297998
2026-08-20 21:35:27 | INFO | epoch=054 train_batch=140/392 running_loss=0.297520
2026-08-20 21:35:28 | INFO | epoch=054 train_batch=150/392 running_loss=0.298353
2026-08-20 21:35:29 | INFO | epoch=054 train_batch=160/392 running_loss=0.298180
2026-08-20 21:35:29 | INFO | epoch=054 train_batch=170/392 running_loss=0.297431
2026-08-20 21:35:30 | INFO | epoch=054 train_batch=180/392 running_loss=0.298523
2026-08-20 21:35:31 | INFO | epoch=054 train_batch=190/392 running_loss=0.299366
2026-08-20 21:35:31 | INFO | epoch=054 train_batch=200/392 running_loss=0.300003
2026-08-20 21:35:32 | INFO | epoch=054 train_batch=210/392 running_loss=0.300651
2026-08-20 21:35:33 | INFO | epoch=054 train_batch=220/392 running_loss=0.300889
2026-08-20 21:35:33 | INFO | epoch=054 train_batch=230/392 running_loss=0.301747
2026-08-20 21:35:34 | INFO | epoch=054 train_batch=240/392 running_loss=0.300580
2026-08-20 21:35:35 | INFO | epoch=054 train_batch=250/392 running_loss=0.300577
2026-08-20 21:35:36 | INFO | epoch=054 train_batch=260/392 running_loss=0.299988
2026-08-20 21:35:36 | INFO | epoch=054 train_batch=270/392 running_loss=0.300058
2026-08-20 21:35:37 | INFO | epoch=054 train_batch=280/392 running_loss=0.300206
2026-08-20 21:35:38 | INFO | epoch=054 train_batch=290/392 running_loss=0.300504
2026-08-20 21:35:38 | INFO | epoch=054 train_batch=300/392 running_loss=0.300841
2026-08-20 21:35:39 | INFO | epoch=054 train_batch=310/392 running_loss=0.300157
2026-08-20 21:35:40 | INFO | epoch=054 train_batch=320/392 running_loss=0.300532
2026-08-20 21:35:40 | INFO | epoch=054 train_batch=330/392 running_loss=0.300529
2026-08-20 21:35:41 | INFO | epoch=054 train_batch=340/392 running_loss=0.300551
2026-08-20 21:35:42 | INFO | epoch=054 train_batch=350/392 running_loss=0.300508
2026-08-20 21:35:42 | INFO | epoch=054 train_batch=360/392 running_loss=0.301120
2026-08-20 21:35:43 | INFO | epoch=054 train_batch=370/392 running_loss=0.300799
2026-08-20 21:35:44 | INFO | epoch=054 train_batch=380/392 running_loss=0.300913
2026-08-20 21:35:44 | INFO | epoch=054 train_batch=390/392 running_loss=0.300260
2026-08-20 21:35:45 | INFO | epoch=054 train_batch=392/392 running_loss=0.300251
2026-08-20 21:35:48 | INFO | epoch=054 train_loss=0.300251 validation_loss=2.441937
2026-08-20 21:35:48 | INFO | epoch=054 saved new best.pt
2026-08-20 21:35:48 | INFO | epoch=055 rollout_horizon=8 operation_teacher_probability=0.3165
2026-08-20 21:35:49 | INFO | epoch=055 train_batch=10/392 running_loss=0.287562
2026-08-20 21:35:49 | INFO | epoch=055 train_batch=20/392 running_loss=0.286613
2026-08-20 21:35:50 | INFO | epoch=055 train_batch=30/392 running_loss=0.290567
2026-08-20 21:35:51 | INFO | epoch=055 train_batch=40/392 running_loss=0.292221
2026-08-20 21:35:51 | INFO | epoch=055 train_batch=50/392 running_loss=0.290751
2026-08-20 21:35:52 | INFO | epoch=055 train_batch=60/392 running_loss=0.290922
2026-08-20 21:35:53 | INFO | epoch=055 train_batch=70/392 running_loss=0.287164
2026-08-20 21:35:53 | INFO | epoch=055 train_batch=80/392 running_loss=0.291047
2026-08-20 21:35:54 | INFO | epoch=055 train_batch=90/392 running_loss=0.293147
2026-08-20 21:35:55 | INFO | epoch=055 train_batch=100/392 running_loss=0.294262
2026-08-20 21:35:56 | INFO | epoch=055 train_batch=110/392 running_loss=0.294781
2026-08-20 21:35:56 | INFO | epoch=055 train_batch=120/392 running_loss=0.295311
2026-08-20 21:35:57 | INFO | epoch=055 train_batch=130/392 running_loss=0.299029
2026-08-20 21:35:58 | INFO | epoch=055 train_batch=140/392 running_loss=0.299846
2026-08-20 21:35:58 | INFO | epoch=055 train_batch=150/392 running_loss=0.298420
2026-08-20 21:35:59 | INFO | epoch=055 train_batch=160/392 running_loss=0.298901
2026-08-20 21:36:00 | INFO | epoch=055 train_batch=170/392 running_loss=0.298648
2026-08-20 21:36:00 | INFO | epoch=055 train_batch=180/392 running_loss=0.299375
2026-08-20 21:36:01 | INFO | epoch=055 train_batch=190/392 running_loss=0.300074
2026-08-20 21:36:02 | INFO | epoch=055 train_batch=200/392 running_loss=0.298934
2026-08-20 21:36:03 | INFO | epoch=055 train_batch=210/392 running_loss=0.299101
2026-08-20 21:36:03 | INFO | epoch=055 train_batch=220/392 running_loss=0.299685
2026-08-20 21:36:04 | INFO | epoch=055 train_batch=230/392 running_loss=0.299505
2026-08-20 21:36:05 | INFO | epoch=055 train_batch=240/392 running_loss=0.298950
2026-08-20 21:36:05 | INFO | epoch=055 train_batch=250/392 running_loss=0.299320
2026-08-20 21:36:06 | INFO | epoch=055 train_batch=260/392 running_loss=0.298953
2026-08-20 21:36:07 | INFO | epoch=055 train_batch=270/392 running_loss=0.298862
2026-08-20 21:36:07 | INFO | epoch=055 train_batch=280/392 running_loss=0.298598
2026-08-20 21:36:08 | INFO | epoch=055 train_batch=290/392 running_loss=0.297986
2026-08-20 21:36:09 | INFO | epoch=055 train_batch=300/392 running_loss=0.297913
2026-08-20 21:36:09 | INFO | epoch=055 train_batch=310/392 running_loss=0.298689
2026-08-20 21:36:10 | INFO | epoch=055 train_batch=320/392 running_loss=0.299261
2026-08-20 21:36:11 | INFO | epoch=055 train_batch=330/392 running_loss=0.299801
2026-08-20 21:36:11 | INFO | epoch=055 train_batch=340/392 running_loss=0.299526
2026-08-20 21:36:12 | INFO | epoch=055 train_batch=350/392 running_loss=0.299187
2026-08-20 21:36:13 | INFO | epoch=055 train_batch=360/392 running_loss=0.299118
2026-08-20 21:36:13 | INFO | epoch=055 train_batch=370/392 running_loss=0.300136
2026-08-20 21:36:14 | INFO | epoch=055 train_batch=380/392 running_loss=0.300002
2026-08-20 21:36:15 | INFO | epoch=055 train_batch=390/392 running_loss=0.299424
2026-08-20 21:36:15 | INFO | epoch=055 train_batch=392/392 running_loss=0.299465
2026-08-20 21:36:18 | INFO | epoch=055 train_loss=0.299465 validation_loss=2.239242
2026-08-20 21:36:18 | INFO | epoch=055 saved new best.pt
2026-08-20 21:36:18 | INFO | epoch=056 rollout_horizon=8 operation_teacher_probability=0.3038
2026-08-20 21:36:19 | INFO | epoch=056 train_batch=10/392 running_loss=0.291624
2026-08-20 21:36:20 | INFO | epoch=056 train_batch=20/392 running_loss=0.301275
2026-08-20 21:36:20 | INFO | epoch=056 train_batch=30/392 running_loss=0.295745
2026-08-20 21:36:21 | INFO | epoch=056 train_batch=40/392 running_loss=0.293699
2026-08-20 21:36:22 | INFO | epoch=056 train_batch=50/392 running_loss=0.294215
2026-08-20 21:36:22 | INFO | epoch=056 train_batch=60/392 running_loss=0.294993
2026-08-20 21:36:23 | INFO | epoch=056 train_batch=70/392 running_loss=0.293287
2026-08-20 21:36:24 | INFO | epoch=056 train_batch=80/392 running_loss=0.293061
2026-08-20 21:36:24 | INFO | epoch=056 train_batch=90/392 running_loss=0.292373
2026-08-20 21:36:25 | INFO | epoch=056 train_batch=100/392 running_loss=0.292585
2026-08-20 21:36:26 | INFO | epoch=056 train_batch=110/392 running_loss=0.293280
2026-08-20 21:36:26 | INFO | epoch=056 train_batch=120/392 running_loss=0.294209
2026-08-20 21:36:27 | INFO | epoch=056 train_batch=130/392 running_loss=0.294328
2026-08-20 21:36:28 | INFO | epoch=056 train_batch=140/392 running_loss=0.294856
2026-08-20 21:36:29 | INFO | epoch=056 train_batch=150/392 running_loss=0.295997
2026-08-20 21:36:29 | INFO | epoch=056 train_batch=160/392 running_loss=0.295253
2026-08-20 21:36:30 | INFO | epoch=056 train_batch=170/392 running_loss=0.294003
2026-08-20 21:36:31 | INFO | epoch=056 train_batch=180/392 running_loss=0.295476
2026-08-20 21:36:31 | INFO | epoch=056 train_batch=190/392 running_loss=0.296148
2026-08-20 21:36:32 | INFO | epoch=056 train_batch=200/392 running_loss=0.296354
2026-08-20 21:36:33 | INFO | epoch=056 train_batch=210/392 running_loss=0.296972
2026-08-20 21:36:33 | INFO | epoch=056 train_batch=220/392 running_loss=0.297746
2026-08-20 21:36:34 | INFO | epoch=056 train_batch=230/392 running_loss=0.297594
2026-08-20 21:36:35 | INFO | epoch=056 train_batch=240/392 running_loss=0.298352
2026-08-20 21:36:36 | INFO | epoch=056 train_batch=250/392 running_loss=0.298370
2026-08-20 21:36:36 | INFO | epoch=056 train_batch=260/392 running_loss=0.297912
2026-08-20 21:36:37 | INFO | epoch=056 train_batch=270/392 running_loss=0.296714
2026-08-20 21:36:38 | INFO | epoch=056 train_batch=280/392 running_loss=0.297249
2026-08-20 21:36:38 | INFO | epoch=056 train_batch=290/392 running_loss=0.297826
2026-08-20 21:36:39 | INFO | epoch=056 train_batch=300/392 running_loss=0.298560
2026-08-20 21:36:40 | INFO | epoch=056 train_batch=310/392 running_loss=0.297726
2026-08-20 21:36:40 | INFO | epoch=056 train_batch=320/392 running_loss=0.297635
2026-08-20 21:36:41 | INFO | epoch=056 train_batch=330/392 running_loss=0.297814
2026-08-20 21:36:42 | INFO | epoch=056 train_batch=340/392 running_loss=0.298131
2026-08-20 21:36:42 | INFO | epoch=056 train_batch=350/392 running_loss=0.298557
2026-08-20 21:36:43 | INFO | epoch=056 train_batch=360/392 running_loss=0.299740
2026-08-20 21:36:44 | INFO | epoch=056 train_batch=370/392 running_loss=0.299795
2026-08-20 21:36:45 | INFO | epoch=056 train_batch=380/392 running_loss=0.300237
2026-08-20 21:36:45 | INFO | epoch=056 train_batch=390/392 running_loss=0.300320
2026-08-20 21:36:45 | INFO | epoch=056 train_batch=392/392 running_loss=0.300997
2026-08-20 21:36:49 | INFO | epoch=056 train_loss=0.300997 validation_loss=2.591882
2026-08-20 21:36:49 | INFO | epoch=057 rollout_horizon=8 operation_teacher_probability=0.2911
2026-08-20 21:36:50 | INFO | epoch=057 train_batch=10/392 running_loss=0.301336
2026-08-20 21:36:50 | INFO | epoch=057 train_batch=20/392 running_loss=0.304773
2026-08-20 21:36:51 | INFO | epoch=057 train_batch=30/392 running_loss=0.304837
2026-08-20 21:36:52 | INFO | epoch=057 train_batch=40/392 running_loss=0.311310
2026-08-20 21:36:52 | INFO | epoch=057 train_batch=50/392 running_loss=0.304325
2026-08-20 21:36:53 | INFO | epoch=057 train_batch=60/392 running_loss=0.306491
2026-08-20 21:36:54 | INFO | epoch=057 train_batch=70/392 running_loss=0.307632
2026-08-20 21:36:54 | INFO | epoch=057 train_batch=80/392 running_loss=0.310445
2026-08-20 21:36:55 | INFO | epoch=057 train_batch=90/392 running_loss=0.307577
2026-08-20 21:36:56 | INFO | epoch=057 train_batch=100/392 running_loss=0.307659
2026-08-20 21:36:56 | INFO | epoch=057 train_batch=110/392 running_loss=0.308582
2026-08-20 21:36:57 | INFO | epoch=057 train_batch=120/392 running_loss=0.307377
2026-08-20 21:36:58 | INFO | epoch=057 train_batch=130/392 running_loss=0.306415
2026-08-20 21:36:58 | INFO | epoch=057 train_batch=140/392 running_loss=0.304344
2026-08-20 21:36:59 | INFO | epoch=057 train_batch=150/392 running_loss=0.303983
2026-08-20 21:37:00 | INFO | epoch=057 train_batch=160/392 running_loss=0.305203
2026-08-20 21:37:00 | INFO | epoch=057 train_batch=170/392 running_loss=0.305249
2026-08-20 21:37:01 | INFO | epoch=057 train_batch=180/392 running_loss=0.304827
2026-08-20 21:37:02 | INFO | epoch=057 train_batch=190/392 running_loss=0.304424
2026-08-20 21:37:02 | INFO | epoch=057 train_batch=200/392 running_loss=0.304955
2026-08-20 21:37:03 | INFO | epoch=057 train_batch=210/392 running_loss=0.306192
2026-08-20 21:37:04 | INFO | epoch=057 train_batch=220/392 running_loss=0.306453
2026-08-20 21:37:04 | INFO | epoch=057 train_batch=230/392 running_loss=0.305578
2026-08-20 21:37:05 | INFO | epoch=057 train_batch=240/392 running_loss=0.305219
2026-08-20 21:37:05 | INFO | epoch=057 train_batch=250/392 running_loss=0.305044
2026-08-20 21:37:06 | INFO | epoch=057 train_batch=260/392 running_loss=0.305250
2026-08-20 21:37:07 | INFO | epoch=057 train_batch=270/392 running_loss=0.305197
2026-08-20 21:37:07 | INFO | epoch=057 train_batch=280/392 running_loss=0.304586
2026-08-20 21:37:08 | INFO | epoch=057 train_batch=290/392 running_loss=0.304532
2026-08-20 21:37:08 | INFO | epoch=057 train_batch=300/392 running_loss=0.303916
2026-08-20 21:37:09 | INFO | epoch=057 train_batch=310/392 running_loss=0.303926
2026-08-20 21:37:10 | INFO | epoch=057 train_batch=320/392 running_loss=0.304385
2026-08-20 21:37:10 | INFO | epoch=057 train_batch=330/392 running_loss=0.304394
2026-08-20 21:37:11 | INFO | epoch=057 train_batch=340/392 running_loss=0.304337
2026-08-20 21:37:12 | INFO | epoch=057 train_batch=350/392 running_loss=0.304673
2026-08-20 21:37:12 | INFO | epoch=057 train_batch=360/392 running_loss=0.304518
2026-08-20 21:37:13 | INFO | epoch=057 train_batch=370/392 running_loss=0.304722
2026-08-20 21:37:13 | INFO | epoch=057 train_batch=380/392 running_loss=0.304944
2026-08-20 21:37:14 | INFO | epoch=057 train_batch=390/392 running_loss=0.305101
2026-08-20 21:37:14 | INFO | epoch=057 train_batch=392/392 running_loss=0.305158
2026-08-20 21:37:17 | INFO | epoch=057 train_loss=0.305158 validation_loss=2.295214
2026-08-20 21:37:17 | INFO | epoch=058 rollout_horizon=8 operation_teacher_probability=0.2785
2026-08-20 21:37:18 | INFO | epoch=058 train_batch=10/392 running_loss=0.281604
2026-08-20 21:37:19 | INFO | epoch=058 train_batch=20/392 running_loss=0.287336
2026-08-20 21:37:19 | INFO | epoch=058 train_batch=30/392 running_loss=0.301066
2026-08-20 21:37:20 | INFO | epoch=058 train_batch=40/392 running_loss=0.303091
2026-08-20 21:37:20 | INFO | epoch=058 train_batch=50/392 running_loss=0.305735
2026-08-20 21:37:21 | INFO | epoch=058 train_batch=60/392 running_loss=0.307365
2026-08-20 21:37:22 | INFO | epoch=058 train_batch=70/392 running_loss=0.310364
2026-08-20 21:37:22 | INFO | epoch=058 train_batch=80/392 running_loss=0.309621
2026-08-20 21:37:23 | INFO | epoch=058 train_batch=90/392 running_loss=0.309116
2026-08-20 21:37:24 | INFO | epoch=058 train_batch=100/392 running_loss=0.303879
2026-08-20 21:37:24 | INFO | epoch=058 train_batch=110/392 running_loss=0.305061
2026-08-20 21:37:25 | INFO | epoch=058 train_batch=120/392 running_loss=0.306950
2026-08-20 21:37:25 | INFO | epoch=058 train_batch=130/392 running_loss=0.306210
2026-08-20 21:37:26 | INFO | epoch=058 train_batch=140/392 running_loss=0.304851
2026-08-20 21:37:27 | INFO | epoch=058 train_batch=150/392 running_loss=0.305240
2026-08-20 21:37:27 | INFO | epoch=058 train_batch=160/392 running_loss=0.304453
2026-08-20 21:37:28 | INFO | epoch=058 train_batch=170/392 running_loss=0.304142
2026-08-20 21:37:29 | INFO | epoch=058 train_batch=180/392 running_loss=0.303232
2026-08-20 21:37:29 | INFO | epoch=058 train_batch=190/392 running_loss=0.303232
2026-08-20 21:37:30 | INFO | epoch=058 train_batch=200/392 running_loss=0.302148
2026-08-20 21:37:30 | INFO | epoch=058 train_batch=210/392 running_loss=0.303416
2026-08-20 21:37:31 | INFO | epoch=058 train_batch=220/392 running_loss=0.302699
2026-08-20 21:37:32 | INFO | epoch=058 train_batch=230/392 running_loss=0.302373
2026-08-20 21:37:32 | INFO | epoch=058 train_batch=240/392 running_loss=0.303024
2026-08-20 21:37:33 | INFO | epoch=058 train_batch=250/392 running_loss=0.303567
2026-08-20 21:37:33 | INFO | epoch=058 train_batch=260/392 running_loss=0.303528
2026-08-20 21:37:34 | INFO | epoch=058 train_batch=270/392 running_loss=0.304471
2026-08-20 21:37:35 | INFO | epoch=058 train_batch=280/392 running_loss=0.304446
2026-08-20 21:37:35 | INFO | epoch=058 train_batch=290/392 running_loss=0.305137
2026-08-20 21:37:36 | INFO | epoch=058 train_batch=300/392 running_loss=0.304454
2026-08-20 21:37:36 | INFO | epoch=058 train_batch=310/392 running_loss=0.304821
2026-08-20 21:37:37 | INFO | epoch=058 train_batch=320/392 running_loss=0.305105
2026-08-20 21:37:38 | INFO | epoch=058 train_batch=330/392 running_loss=0.304938
2026-08-20 21:37:38 | INFO | epoch=058 train_batch=340/392 running_loss=0.304814
2026-08-20 21:37:39 | INFO | epoch=058 train_batch=350/392 running_loss=0.304602
2026-08-20 21:37:40 | INFO | epoch=058 train_batch=360/392 running_loss=0.304085
2026-08-20 21:37:40 | INFO | epoch=058 train_batch=370/392 running_loss=0.303752
2026-08-20 21:37:41 | INFO | epoch=058 train_batch=380/392 running_loss=0.303595
2026-08-20 21:37:41 | INFO | epoch=058 train_batch=390/392 running_loss=0.303848
2026-08-20 21:37:42 | INFO | epoch=058 train_batch=392/392 running_loss=0.304141
2026-08-20 21:37:44 | INFO | epoch=058 train_loss=0.304141 validation_loss=3.056042
2026-08-20 21:37:45 | INFO | epoch=059 rollout_horizon=8 operation_teacher_probability=0.2658
2026-08-20 21:37:45 | INFO | epoch=059 train_batch=10/392 running_loss=0.319879
2026-08-20 21:37:46 | INFO | epoch=059 train_batch=20/392 running_loss=0.304571
2026-08-20 21:37:46 | INFO | epoch=059 train_batch=30/392 running_loss=0.303977
2026-08-20 21:37:47 | INFO | epoch=059 train_batch=40/392 running_loss=0.301133
2026-08-20 21:37:48 | INFO | epoch=059 train_batch=50/392 running_loss=0.301422
2026-08-20 21:37:48 | INFO | epoch=059 train_batch=60/392 running_loss=0.301013
2026-08-20 21:37:49 | INFO | epoch=059 train_batch=70/392 running_loss=0.300014
2026-08-20 21:37:49 | INFO | epoch=059 train_batch=80/392 running_loss=0.298259
2026-08-20 21:37:50 | INFO | epoch=059 train_batch=90/392 running_loss=0.300585
2026-08-20 21:37:51 | INFO | epoch=059 train_batch=100/392 running_loss=0.302483
2026-08-20 21:37:51 | INFO | epoch=059 train_batch=110/392 running_loss=0.302353
2026-08-20 21:37:52 | INFO | epoch=059 train_batch=120/392 running_loss=0.304837
2026-08-20 21:37:53 | INFO | epoch=059 train_batch=130/392 running_loss=0.305537
2026-08-20 21:37:54 | INFO | epoch=059 train_batch=140/392 running_loss=0.306183
2026-08-20 21:37:54 | INFO | epoch=059 train_batch=150/392 running_loss=0.305779
2026-08-20 21:37:55 | INFO | epoch=059 train_batch=160/392 running_loss=0.304348
2026-08-20 21:37:56 | INFO | epoch=059 train_batch=170/392 running_loss=0.305164
2026-08-20 21:37:56 | INFO | epoch=059 train_batch=180/392 running_loss=0.304753
2026-08-20 21:37:57 | INFO | epoch=059 train_batch=190/392 running_loss=0.303650
2026-08-20 21:37:58 | INFO | epoch=059 train_batch=200/392 running_loss=0.303021
2026-08-20 21:37:58 | INFO | epoch=059 train_batch=210/392 running_loss=0.302046
2026-08-20 21:37:59 | INFO | epoch=059 train_batch=220/392 running_loss=0.301867
2026-08-20 21:37:59 | INFO | epoch=059 train_batch=230/392 running_loss=0.302349
2026-08-20 21:38:00 | INFO | epoch=059 train_batch=240/392 running_loss=0.301980
2026-08-20 21:38:01 | INFO | epoch=059 train_batch=250/392 running_loss=0.301244
2026-08-20 21:38:01 | INFO | epoch=059 train_batch=260/392 running_loss=0.301157
2026-08-20 21:38:02 | INFO | epoch=059 train_batch=270/392 running_loss=0.300694
2026-08-20 21:38:02 | INFO | epoch=059 train_batch=280/392 running_loss=0.300786
2026-08-20 21:38:03 | INFO | epoch=059 train_batch=290/392 running_loss=0.301154
2026-08-20 21:38:04 | INFO | epoch=059 train_batch=300/392 running_loss=0.301528
2026-08-20 21:38:04 | INFO | epoch=059 train_batch=310/392 running_loss=0.301238
2026-08-20 21:38:05 | INFO | epoch=059 train_batch=320/392 running_loss=0.300272
2026-08-20 21:38:06 | INFO | epoch=059 train_batch=330/392 running_loss=0.300161
2026-08-20 21:38:06 | INFO | epoch=059 train_batch=340/392 running_loss=0.299709
2026-08-20 21:38:07 | INFO | epoch=059 train_batch=350/392 running_loss=0.299396
2026-08-20 21:38:07 | INFO | epoch=059 train_batch=360/392 running_loss=0.299762
2026-08-20 21:38:08 | INFO | epoch=059 train_batch=370/392 running_loss=0.299744
2026-08-20 21:38:09 | INFO | epoch=059 train_batch=380/392 running_loss=0.299909
2026-08-20 21:38:09 | INFO | epoch=059 train_batch=390/392 running_loss=0.300579
2026-08-20 21:38:09 | INFO | epoch=059 train_batch=392/392 running_loss=0.300590
2026-08-20 21:38:12 | INFO | epoch=059 train_loss=0.300590 validation_loss=2.183249
2026-08-20 21:38:12 | INFO | epoch=059 saved new best.pt
2026-08-20 21:38:12 | INFO | epoch=060 rollout_horizon=8 operation_teacher_probability=0.2532
2026-08-20 21:38:13 | INFO | epoch=060 train_batch=10/392 running_loss=0.300360
2026-08-20 21:38:14 | INFO | epoch=060 train_batch=20/392 running_loss=0.297710
2026-08-20 21:38:14 | INFO | epoch=060 train_batch=30/392 running_loss=0.294994
2026-08-20 21:38:15 | INFO | epoch=060 train_batch=40/392 running_loss=0.302644
2026-08-20 21:38:15 | INFO | epoch=060 train_batch=50/392 running_loss=0.299438
2026-08-20 21:38:16 | INFO | epoch=060 train_batch=60/392 running_loss=0.301439
2026-08-20 21:38:17 | INFO | epoch=060 train_batch=70/392 running_loss=0.300059
2026-08-20 21:38:17 | INFO | epoch=060 train_batch=80/392 running_loss=0.302646
2026-08-20 21:38:18 | INFO | epoch=060 train_batch=90/392 running_loss=0.303194
2026-08-20 21:38:18 | INFO | epoch=060 train_batch=100/392 running_loss=0.302206
2026-08-20 21:38:19 | INFO | epoch=060 train_batch=110/392 running_loss=0.301097
2026-08-20 21:38:20 | INFO | epoch=060 train_batch=120/392 running_loss=0.300239
2026-08-20 21:38:20 | INFO | epoch=060 train_batch=130/392 running_loss=0.300506
2026-08-20 21:38:21 | INFO | epoch=060 train_batch=140/392 running_loss=0.299110
2026-08-20 21:38:21 | INFO | epoch=060 train_batch=150/392 running_loss=0.299189
2026-08-20 21:38:22 | INFO | epoch=060 train_batch=160/392 running_loss=0.299958
2026-08-20 21:38:23 | INFO | epoch=060 train_batch=170/392 running_loss=0.300161
2026-08-20 21:38:23 | INFO | epoch=060 train_batch=180/392 running_loss=0.299134
2026-08-20 21:38:24 | INFO | epoch=060 train_batch=190/392 running_loss=0.299448
2026-08-20 21:38:24 | INFO | epoch=060 train_batch=200/392 running_loss=0.298278
2026-08-20 21:38:25 | INFO | epoch=060 train_batch=210/392 running_loss=0.299170
2026-08-20 21:38:26 | INFO | epoch=060 train_batch=220/392 running_loss=0.299260
2026-08-20 21:38:26 | INFO | epoch=060 train_batch=230/392 running_loss=0.299377
2026-08-20 21:38:27 | INFO | epoch=060 train_batch=240/392 running_loss=0.300732
2026-08-20 21:38:28 | INFO | epoch=060 train_batch=250/392 running_loss=0.300475
2026-08-20 21:38:28 | INFO | epoch=060 train_batch=260/392 running_loss=0.300198
2026-08-20 21:38:29 | INFO | epoch=060 train_batch=270/392 running_loss=0.307431
2026-08-20 21:38:29 | INFO | epoch=060 train_batch=280/392 running_loss=0.309017
2026-08-20 21:38:30 | INFO | epoch=060 train_batch=290/392 running_loss=0.308814
2026-08-20 21:38:31 | INFO | epoch=060 train_batch=300/392 running_loss=0.309142
2026-08-20 21:38:31 | INFO | epoch=060 train_batch=310/392 running_loss=0.309097
2026-08-20 21:38:32 | INFO | epoch=060 train_batch=320/392 running_loss=0.308538
2026-08-20 21:38:32 | INFO | epoch=060 train_batch=330/392 running_loss=0.308042
2026-08-20 21:38:33 | INFO | epoch=060 train_batch=340/392 running_loss=0.307878
2026-08-20 21:38:34 | INFO | epoch=060 train_batch=350/392 running_loss=0.307883
2026-08-20 21:38:34 | INFO | epoch=060 train_batch=360/392 running_loss=0.307472
2026-08-20 21:38:35 | INFO | epoch=060 train_batch=370/392 running_loss=0.307234
2026-08-20 21:38:35 | INFO | epoch=060 train_batch=380/392 running_loss=0.307660
2026-08-20 21:38:36 | INFO | epoch=060 train_batch=390/392 running_loss=0.307654
2026-08-20 21:38:36 | INFO | epoch=060 train_batch=392/392 running_loss=0.307364
2026-08-20 21:38:39 | INFO | epoch=060 train_loss=0.307364 validation_loss=2.407952
2026-08-20 21:38:39 | INFO | epoch=061 rollout_horizon=16 operation_teacher_probability=0.2405
2026-08-20 21:38:40 | INFO | epoch=061 train_batch=10/392 running_loss=0.487179
2026-08-20 21:38:41 | INFO | epoch=061 train_batch=20/392 running_loss=0.514729
2026-08-20 21:38:42 | INFO | epoch=061 train_batch=30/392 running_loss=0.530593
2026-08-20 21:38:43 | INFO | epoch=061 train_batch=40/392 running_loss=0.534108
2026-08-20 21:38:44 | INFO | epoch=061 train_batch=50/392 running_loss=0.535666
2026-08-20 21:38:45 | INFO | epoch=061 train_batch=60/392 running_loss=0.530278
2026-08-20 21:38:46 | INFO | epoch=061 train_batch=70/392 running_loss=0.535515
2026-08-20 21:38:47 | INFO | epoch=061 train_batch=80/392 running_loss=0.533901
2026-08-20 21:38:47 | INFO | epoch=061 train_batch=90/392 running_loss=0.533582
2026-08-20 21:38:48 | INFO | epoch=061 train_batch=100/392 running_loss=0.531966
2026-08-20 21:38:49 | INFO | epoch=061 train_batch=110/392 running_loss=0.526623
2026-08-20 21:38:50 | INFO | epoch=061 train_batch=120/392 running_loss=0.526414
2026-08-20 21:38:51 | INFO | epoch=061 train_batch=130/392 running_loss=0.525514
2026-08-20 21:38:52 | INFO | epoch=061 train_batch=140/392 running_loss=0.521378
2026-08-20 21:38:53 | INFO | epoch=061 train_batch=150/392 running_loss=0.517870
2026-08-20 21:38:54 | INFO | epoch=061 train_batch=160/392 running_loss=0.514154
2026-08-20 21:38:55 | INFO | epoch=061 train_batch=170/392 running_loss=0.512595
2026-08-20 21:38:56 | INFO | epoch=061 train_batch=180/392 running_loss=0.512519
2026-08-20 21:38:57 | INFO | epoch=061 train_batch=190/392 running_loss=0.512652
2026-08-20 21:38:57 | INFO | epoch=061 train_batch=200/392 running_loss=0.511445
2026-08-20 21:38:58 | INFO | epoch=061 train_batch=210/392 running_loss=0.509961
2026-08-20 21:38:59 | INFO | epoch=061 train_batch=220/392 running_loss=0.506926
2026-08-20 21:39:00 | INFO | epoch=061 train_batch=230/392 running_loss=0.506884
2026-08-20 21:39:01 | INFO | epoch=061 train_batch=240/392 running_loss=0.505902
2026-08-20 21:39:02 | INFO | epoch=061 train_batch=250/392 running_loss=0.504608
2026-08-20 21:39:03 | INFO | epoch=061 train_batch=260/392 running_loss=0.501718
2026-08-20 21:39:04 | INFO | epoch=061 train_batch=270/392 running_loss=0.500747
2026-08-20 21:39:05 | INFO | epoch=061 train_batch=280/392 running_loss=0.499277
2026-08-20 21:39:06 | INFO | epoch=061 train_batch=290/392 running_loss=0.499025
2026-08-20 21:39:07 | INFO | epoch=061 train_batch=300/392 running_loss=0.497439
2026-08-20 21:39:07 | INFO | epoch=061 train_batch=310/392 running_loss=0.496789
2026-08-20 21:39:08 | INFO | epoch=061 train_batch=320/392 running_loss=0.496145
2026-08-20 21:39:09 | INFO | epoch=061 train_batch=330/392 running_loss=0.494623
2026-08-20 21:39:10 | INFO | epoch=061 train_batch=340/392 running_loss=0.494230
2026-08-20 21:39:11 | INFO | epoch=061 train_batch=350/392 running_loss=0.493862
2026-08-20 21:39:12 | INFO | epoch=061 train_batch=360/392 running_loss=0.493857
2026-08-20 21:39:13 | INFO | epoch=061 train_batch=370/392 running_loss=0.492605
2026-08-20 21:39:14 | INFO | epoch=061 train_batch=380/392 running_loss=0.492348
2026-08-20 21:39:15 | INFO | epoch=061 train_batch=390/392 running_loss=0.491579
2026-08-20 21:39:15 | INFO | epoch=061 train_batch=392/392 running_loss=0.491611
2026-08-20 21:39:18 | INFO | epoch=061 train_loss=0.491611 validation_loss=1.972186
2026-08-20 21:39:18 | INFO | epoch=061 saved new best.pt
2026-08-20 21:39:18 | INFO | epoch=062 rollout_horizon=16 operation_teacher_probability=0.2278
2026-08-20 21:39:19 | INFO | epoch=062 train_batch=10/392 running_loss=0.473560
2026-08-20 21:39:20 | INFO | epoch=062 train_batch=20/392 running_loss=0.465598
2026-08-20 21:39:21 | INFO | epoch=062 train_batch=30/392 running_loss=0.456337
2026-08-20 21:39:22 | INFO | epoch=062 train_batch=40/392 running_loss=0.462994
2026-08-20 21:39:23 | INFO | epoch=062 train_batch=50/392 running_loss=0.463751
2026-08-20 21:39:24 | INFO | epoch=062 train_batch=60/392 running_loss=0.458730
2026-08-20 21:39:25 | INFO | epoch=062 train_batch=70/392 running_loss=0.457556
2026-08-20 21:39:25 | INFO | epoch=062 train_batch=80/392 running_loss=0.460209
2026-08-20 21:39:26 | INFO | epoch=062 train_batch=90/392 running_loss=0.460400
2026-08-20 21:39:27 | INFO | epoch=062 train_batch=100/392 running_loss=0.457307
2026-08-20 21:39:28 | INFO | epoch=062 train_batch=110/392 running_loss=0.455507
2026-08-20 21:39:29 | INFO | epoch=062 train_batch=120/392 running_loss=0.453878
2026-08-20 21:39:30 | INFO | epoch=062 train_batch=130/392 running_loss=0.451458
2026-08-20 21:39:31 | INFO | epoch=062 train_batch=140/392 running_loss=0.451886
2026-08-20 21:39:32 | INFO | epoch=062 train_batch=150/392 running_loss=0.450927
2026-08-20 21:39:33 | INFO | epoch=062 train_batch=160/392 running_loss=0.449632
2026-08-20 21:39:34 | INFO | epoch=062 train_batch=170/392 running_loss=0.447769
2026-08-20 21:39:35 | INFO | epoch=062 train_batch=180/392 running_loss=0.448807
2026-08-20 21:39:36 | INFO | epoch=062 train_batch=190/392 running_loss=0.448030
2026-08-20 21:39:37 | INFO | epoch=062 train_batch=200/392 running_loss=0.449248
2026-08-20 21:39:37 | INFO | epoch=062 train_batch=210/392 running_loss=0.448189
2026-08-20 21:39:38 | INFO | epoch=062 train_batch=220/392 running_loss=0.446755
2026-08-20 21:39:39 | INFO | epoch=062 train_batch=230/392 running_loss=0.445754
2026-08-20 21:39:40 | INFO | epoch=062 train_batch=240/392 running_loss=0.445276
2026-08-20 21:39:41 | INFO | epoch=062 train_batch=250/392 running_loss=0.444194
2026-08-20 21:39:42 | INFO | epoch=062 train_batch=260/392 running_loss=0.442948
2026-08-20 21:39:43 | INFO | epoch=062 train_batch=270/392 running_loss=0.442041
2026-08-20 21:39:44 | INFO | epoch=062 train_batch=280/392 running_loss=0.440575
2026-08-20 21:39:45 | INFO | epoch=062 train_batch=290/392 running_loss=0.440501
2026-08-20 21:39:46 | INFO | epoch=062 train_batch=300/392 running_loss=0.440949
2026-08-20 21:39:47 | INFO | epoch=062 train_batch=310/392 running_loss=0.441448
2026-08-20 21:39:48 | INFO | epoch=062 train_batch=320/392 running_loss=0.443153
2026-08-20 21:39:49 | INFO | epoch=062 train_batch=330/392 running_loss=0.443164
2026-08-20 21:39:49 | INFO | epoch=062 train_batch=340/392 running_loss=0.443124
2026-08-20 21:39:50 | INFO | epoch=062 train_batch=350/392 running_loss=0.442815
2026-08-20 21:39:51 | INFO | epoch=062 train_batch=360/392 running_loss=0.443007
2026-08-20 21:39:52 | INFO | epoch=062 train_batch=370/392 running_loss=0.441534
2026-08-20 21:39:53 | INFO | epoch=062 train_batch=380/392 running_loss=0.440657
2026-08-20 21:39:54 | INFO | epoch=062 train_batch=390/392 running_loss=0.439573
2026-08-20 21:39:54 | INFO | epoch=062 train_batch=392/392 running_loss=0.439414
2026-08-20 21:39:57 | INFO | epoch=062 train_loss=0.439414 validation_loss=2.209004
2026-08-20 21:39:57 | INFO | epoch=063 rollout_horizon=16 operation_teacher_probability=0.2152
2026-08-20 21:39:58 | INFO | epoch=063 train_batch=10/392 running_loss=0.402398
2026-08-20 21:39:59 | INFO | epoch=063 train_batch=20/392 running_loss=0.452677
2026-08-20 21:40:00 | INFO | epoch=063 train_batch=30/392 running_loss=0.451299
2026-08-20 21:40:01 | INFO | epoch=063 train_batch=40/392 running_loss=0.457098
2026-08-20 21:40:02 | INFO | epoch=063 train_batch=50/392 running_loss=0.447770
2026-08-20 21:40:03 | INFO | epoch=063 train_batch=60/392 running_loss=0.450047
2026-08-20 21:40:04 | INFO | epoch=063 train_batch=70/392 running_loss=0.444850
2026-08-20 21:40:05 | INFO | epoch=063 train_batch=80/392 running_loss=0.441029
2026-08-20 21:40:05 | INFO | epoch=063 train_batch=90/392 running_loss=0.443668
2026-08-20 21:40:06 | INFO | epoch=063 train_batch=100/392 running_loss=0.441141
2026-08-20 21:40:07 | INFO | epoch=063 train_batch=110/392 running_loss=0.437849
2026-08-20 21:40:08 | INFO | epoch=063 train_batch=120/392 running_loss=0.432053
2026-08-20 21:40:09 | INFO | epoch=063 train_batch=130/392 running_loss=0.430589
2026-08-20 21:40:10 | INFO | epoch=063 train_batch=140/392 running_loss=0.430768
2026-08-20 21:40:11 | INFO | epoch=063 train_batch=150/392 running_loss=0.433266
2026-08-20 21:40:12 | INFO | epoch=063 train_batch=160/392 running_loss=0.431634
2026-08-20 21:40:13 | INFO | epoch=063 train_batch=170/392 running_loss=0.429730
2026-08-20 21:40:14 | INFO | epoch=063 train_batch=180/392 running_loss=0.430903
2026-08-20 21:40:15 | INFO | epoch=063 train_batch=190/392 running_loss=0.429192
2026-08-20 21:40:16 | INFO | epoch=063 train_batch=200/392 running_loss=0.426922
2026-08-20 21:40:16 | INFO | epoch=063 train_batch=210/392 running_loss=0.425652
2026-08-20 21:40:17 | INFO | epoch=063 train_batch=220/392 running_loss=0.424969
2026-08-20 21:40:18 | INFO | epoch=063 train_batch=230/392 running_loss=0.425943
2026-08-20 21:40:19 | INFO | epoch=063 train_batch=240/392 running_loss=0.425300
2026-08-20 21:40:20 | INFO | epoch=063 train_batch=250/392 running_loss=0.425629
2026-08-20 21:40:21 | INFO | epoch=063 train_batch=260/392 running_loss=0.423909
2026-08-20 21:40:22 | INFO | epoch=063 train_batch=270/392 running_loss=0.422944
2026-08-20 21:40:23 | INFO | epoch=063 train_batch=280/392 running_loss=0.423406
2026-08-20 21:40:24 | INFO | epoch=063 train_batch=290/392 running_loss=0.423450
2026-08-20 21:40:25 | INFO | epoch=063 train_batch=300/392 running_loss=0.423719
2026-08-20 21:40:26 | INFO | epoch=063 train_batch=310/392 running_loss=0.425013
2026-08-20 21:40:27 | INFO | epoch=063 train_batch=320/392 running_loss=0.424003
2026-08-20 21:40:27 | INFO | epoch=063 train_batch=330/392 running_loss=0.423962
2026-08-20 21:40:28 | INFO | epoch=063 train_batch=340/392 running_loss=0.423601
2026-08-20 21:40:29 | INFO | epoch=063 train_batch=350/392 running_loss=0.423204
2026-08-20 21:40:30 | INFO | epoch=063 train_batch=360/392 running_loss=0.422347
2026-08-20 21:40:31 | INFO | epoch=063 train_batch=370/392 running_loss=0.422345
2026-08-20 21:40:32 | INFO | epoch=063 train_batch=380/392 running_loss=0.422468
2026-08-20 21:40:33 | INFO | epoch=063 train_batch=390/392 running_loss=0.422751
2026-08-20 21:40:33 | INFO | epoch=063 train_batch=392/392 running_loss=0.422701
2026-08-20 21:40:36 | INFO | epoch=063 train_loss=0.422701 validation_loss=2.401373
2026-08-20 21:40:36 | INFO | epoch=064 rollout_horizon=16 operation_teacher_probability=0.2025
2026-08-20 21:40:37 | INFO | epoch=064 train_batch=10/392 running_loss=0.477159
2026-08-20 21:40:38 | INFO | epoch=064 train_batch=20/392 running_loss=0.417344
2026-08-20 21:40:39 | INFO | epoch=064 train_batch=30/392 running_loss=0.418263
2026-08-20 21:40:40 | INFO | epoch=064 train_batch=40/392 running_loss=0.419113
2026-08-20 21:40:41 | INFO | epoch=064 train_batch=50/392 running_loss=0.420481
2026-08-20 21:40:42 | INFO | epoch=064 train_batch=60/392 running_loss=0.419694
2026-08-20 21:40:43 | INFO | epoch=064 train_batch=70/392 running_loss=0.416661
2026-08-20 21:40:44 | INFO | epoch=064 train_batch=80/392 running_loss=0.409725
2026-08-20 21:40:44 | INFO | epoch=064 train_batch=90/392 running_loss=0.414560
2026-08-20 21:40:45 | INFO | epoch=064 train_batch=100/392 running_loss=0.414413
2026-08-20 21:40:46 | INFO | epoch=064 train_batch=110/392 running_loss=0.412567
2026-08-20 21:40:47 | INFO | epoch=064 train_batch=120/392 running_loss=0.412062
2026-08-20 21:40:48 | INFO | epoch=064 train_batch=130/392 running_loss=0.411402
2026-08-20 21:40:49 | INFO | epoch=064 train_batch=140/392 running_loss=0.411694
2026-08-20 21:40:50 | INFO | epoch=064 train_batch=150/392 running_loss=0.416348
2026-08-20 21:40:51 | INFO | epoch=064 train_batch=160/392 running_loss=0.418213
2026-08-20 21:40:52 | INFO | epoch=064 train_batch=170/392 running_loss=0.416464
2026-08-20 21:40:53 | INFO | epoch=064 train_batch=180/392 running_loss=0.416494
2026-08-20 21:40:54 | INFO | epoch=064 train_batch=190/392 running_loss=0.415983
2026-08-20 21:40:55 | INFO | epoch=064 train_batch=200/392 running_loss=0.415726
2026-08-20 21:40:56 | INFO | epoch=064 train_batch=210/392 running_loss=0.414749
2026-08-20 21:40:56 | INFO | epoch=064 train_batch=220/392 running_loss=0.413940
2026-08-20 21:40:57 | INFO | epoch=064 train_batch=230/392 running_loss=0.415907
2026-08-20 21:40:58 | INFO | epoch=064 train_batch=240/392 running_loss=0.416254
2026-08-20 21:40:59 | INFO | epoch=064 train_batch=250/392 running_loss=0.416324
2026-08-20 21:41:00 | INFO | epoch=064 train_batch=260/392 running_loss=0.413999
2026-08-20 21:41:01 | INFO | epoch=064 train_batch=270/392 running_loss=0.413997
2026-08-20 21:41:02 | INFO | epoch=064 train_batch=280/392 running_loss=0.414329
2026-08-20 21:41:03 | INFO | epoch=064 train_batch=290/392 running_loss=0.413400
2026-08-20 21:41:04 | INFO | epoch=064 train_batch=300/392 running_loss=0.413568
2026-08-20 21:41:05 | INFO | epoch=064 train_batch=310/392 running_loss=0.412779
2026-08-20 21:41:06 | INFO | epoch=064 train_batch=320/392 running_loss=0.413954
2026-08-20 21:41:07 | INFO | epoch=064 train_batch=330/392 running_loss=0.414000
2026-08-20 21:41:08 | INFO | epoch=064 train_batch=340/392 running_loss=0.413805
2026-08-20 21:41:09 | INFO | epoch=064 train_batch=350/392 running_loss=0.414677
2026-08-20 21:41:09 | INFO | epoch=064 train_batch=360/392 running_loss=0.414638
2026-08-20 21:41:10 | INFO | epoch=064 train_batch=370/392 running_loss=0.414436
2026-08-20 21:41:11 | INFO | epoch=064 train_batch=380/392 running_loss=0.414143
2026-08-20 21:41:13 | INFO | epoch=064 train_batch=390/392 running_loss=0.414559
2026-08-20 21:41:13 | INFO | epoch=064 train_batch=392/392 running_loss=0.414818
2026-08-20 21:41:16 | INFO | epoch=064 train_loss=0.414818 validation_loss=2.134443
2026-08-20 21:41:16 | INFO | epoch=065 rollout_horizon=16 operation_teacher_probability=0.1899
2026-08-20 21:41:17 | INFO | epoch=065 train_batch=10/392 running_loss=0.391825
2026-08-20 21:41:18 | INFO | epoch=065 train_batch=20/392 running_loss=0.413986
2026-08-20 21:41:20 | INFO | epoch=065 train_batch=30/392 running_loss=0.401525
2026-08-20 21:41:21 | INFO | epoch=065 train_batch=40/392 running_loss=0.400435
2026-08-20 21:41:22 | INFO | epoch=065 train_batch=50/392 running_loss=0.406377
2026-08-20 21:41:23 | INFO | epoch=065 train_batch=60/392 running_loss=0.408932
2026-08-20 21:41:24 | INFO | epoch=065 train_batch=70/392 running_loss=0.408984
2026-08-20 21:41:25 | INFO | epoch=065 train_batch=80/392 running_loss=0.413265
2026-08-20 21:41:26 | INFO | epoch=065 train_batch=90/392 running_loss=0.414409
2026-08-20 21:41:27 | INFO | epoch=065 train_batch=100/392 running_loss=0.410887
2026-08-20 21:41:28 | INFO | epoch=065 train_batch=110/392 running_loss=0.411010
2026-08-20 21:41:29 | INFO | epoch=065 train_batch=120/392 running_loss=0.412458
2026-08-20 21:41:30 | INFO | epoch=065 train_batch=130/392 running_loss=0.413805
2026-08-20 21:41:31 | INFO | epoch=065 train_batch=140/392 running_loss=0.412908
2026-08-20 21:41:32 | INFO | epoch=065 train_batch=150/392 running_loss=0.413180
2026-08-20 21:41:33 | INFO | epoch=065 train_batch=160/392 running_loss=0.412293
2026-08-20 21:41:34 | INFO | epoch=065 train_batch=170/392 running_loss=0.412519
2026-08-20 21:41:35 | INFO | epoch=065 train_batch=180/392 running_loss=0.411692
2026-08-20 21:41:36 | INFO | epoch=065 train_batch=190/392 running_loss=0.410534
2026-08-20 21:41:37 | INFO | epoch=065 train_batch=200/392 running_loss=0.409695
2026-08-20 21:41:39 | INFO | epoch=065 train_batch=210/392 running_loss=0.409186
2026-08-20 21:41:40 | INFO | epoch=065 train_batch=220/392 running_loss=0.409547
2026-08-20 21:41:41 | INFO | epoch=065 train_batch=230/392 running_loss=0.410335
2026-08-20 21:41:42 | INFO | epoch=065 train_batch=240/392 running_loss=0.410715
2026-08-20 21:41:43 | INFO | epoch=065 train_batch=250/392 running_loss=0.410365
2026-08-20 21:41:44 | INFO | epoch=065 train_batch=260/392 running_loss=0.410042
2026-08-20 21:41:45 | INFO | epoch=065 train_batch=270/392 running_loss=0.410585
2026-08-20 21:41:46 | INFO | epoch=065 train_batch=280/392 running_loss=0.410015
2026-08-20 21:41:47 | INFO | epoch=065 train_batch=290/392 running_loss=0.410217
2026-08-20 21:41:48 | INFO | epoch=065 train_batch=300/392 running_loss=0.409605
2026-08-20 21:41:49 | INFO | epoch=065 train_batch=310/392 running_loss=0.409090
2026-08-20 21:41:50 | INFO | epoch=065 train_batch=320/392 running_loss=0.408851
2026-08-20 21:41:51 | INFO | epoch=065 train_batch=330/392 running_loss=0.408432
2026-08-20 21:41:52 | INFO | epoch=065 train_batch=340/392 running_loss=0.408232
2026-08-20 21:41:53 | INFO | epoch=065 train_batch=350/392 running_loss=0.407903
2026-08-20 21:41:54 | INFO | epoch=065 train_batch=360/392 running_loss=0.407652
2026-08-20 21:41:55 | INFO | epoch=065 train_batch=370/392 running_loss=0.406489
2026-08-20 21:41:56 | INFO | epoch=065 train_batch=380/392 running_loss=0.406665
2026-08-20 21:41:57 | INFO | epoch=065 train_batch=390/392 running_loss=0.405901
2026-08-20 21:41:57 | INFO | epoch=065 train_batch=392/392 running_loss=0.405802
2026-08-20 21:42:01 | INFO | epoch=065 train_loss=0.405802 validation_loss=2.290044
2026-08-20 21:42:01 | INFO | epoch=066 rollout_horizon=16 operation_teacher_probability=0.1772
2026-08-20 21:42:02 | INFO | epoch=066 train_batch=10/392 running_loss=0.388615
2026-08-20 21:42:03 | INFO | epoch=066 train_batch=20/392 running_loss=0.401573
2026-08-20 21:42:04 | INFO | epoch=066 train_batch=30/392 running_loss=0.413790
2026-08-20 21:42:05 | INFO | epoch=066 train_batch=40/392 running_loss=0.406557
2026-08-20 21:42:06 | INFO | epoch=066 train_batch=50/392 running_loss=0.412920
2026-08-20 21:42:06 | INFO | epoch=066 train_batch=60/392 running_loss=0.406956
2026-08-20 21:42:07 | INFO | epoch=066 train_batch=70/392 running_loss=0.405765
2026-08-20 21:42:08 | INFO | epoch=066 train_batch=80/392 running_loss=0.405417
2026-08-20 21:42:09 | INFO | epoch=066 train_batch=90/392 running_loss=0.406897
2026-08-20 21:42:10 | INFO | epoch=066 train_batch=100/392 running_loss=0.405697
2026-08-20 21:42:11 | INFO | epoch=066 train_batch=110/392 running_loss=0.405499
2026-08-20 21:42:12 | INFO | epoch=066 train_batch=120/392 running_loss=0.406743
2026-08-20 21:42:13 | INFO | epoch=066 train_batch=130/392 running_loss=0.407384
2026-08-20 21:42:14 | INFO | epoch=066 train_batch=140/392 running_loss=0.405247
2026-08-20 21:42:15 | INFO | epoch=066 train_batch=150/392 running_loss=0.406272
2026-08-20 21:42:16 | INFO | epoch=066 train_batch=160/392 running_loss=0.410061
2026-08-20 21:42:17 | INFO | epoch=066 train_batch=170/392 running_loss=0.413265
2026-08-20 21:42:17 | INFO | epoch=066 train_batch=180/392 running_loss=0.412765
2026-08-20 21:42:18 | INFO | epoch=066 train_batch=190/392 running_loss=0.413252
2026-08-20 21:42:19 | INFO | epoch=066 train_batch=200/392 running_loss=0.411294
2026-08-20 21:42:20 | INFO | epoch=066 train_batch=210/392 running_loss=0.410142
2026-08-20 21:42:21 | INFO | epoch=066 train_batch=220/392 running_loss=0.410143
2026-08-20 21:42:22 | INFO | epoch=066 train_batch=230/392 running_loss=0.409874
2026-08-20 21:42:23 | INFO | epoch=066 train_batch=240/392 running_loss=0.409718
2026-08-20 21:42:24 | INFO | epoch=066 train_batch=250/392 running_loss=0.408639
2026-08-20 21:42:25 | INFO | epoch=066 train_batch=260/392 running_loss=0.408856
2026-08-20 21:42:26 | INFO | epoch=066 train_batch=270/392 running_loss=0.410292
2026-08-20 21:42:27 | INFO | epoch=066 train_batch=280/392 running_loss=0.410781
2026-08-20 21:42:28 | INFO | epoch=066 train_batch=290/392 running_loss=0.411521
2026-08-20 21:42:28 | INFO | epoch=066 train_batch=300/392 running_loss=0.411500
2026-08-20 21:42:29 | INFO | epoch=066 train_batch=310/392 running_loss=0.410324
2026-08-20 21:42:30 | INFO | epoch=066 train_batch=320/392 running_loss=0.409517
2026-08-20 21:42:31 | INFO | epoch=066 train_batch=330/392 running_loss=0.407586
2026-08-20 21:42:32 | INFO | epoch=066 train_batch=340/392 running_loss=0.407843
2026-08-20 21:42:33 | INFO | epoch=066 train_batch=350/392 running_loss=0.406857
2026-08-20 21:42:34 | INFO | epoch=066 train_batch=360/392 running_loss=0.406557
2026-08-20 21:42:35 | INFO | epoch=066 train_batch=370/392 running_loss=0.406635
2026-08-20 21:42:36 | INFO | epoch=066 train_batch=380/392 running_loss=0.406294
2026-08-20 21:42:37 | INFO | epoch=066 train_batch=390/392 running_loss=0.405584
2026-08-20 21:42:37 | INFO | epoch=066 train_batch=392/392 running_loss=0.405667
2026-08-20 21:42:40 | INFO | epoch=066 train_loss=0.405667 validation_loss=2.226996
2026-08-20 21:42:40 | INFO | epoch=067 rollout_horizon=16 operation_teacher_probability=0.1646
2026-08-20 21:42:41 | INFO | epoch=067 train_batch=10/392 running_loss=0.445579
2026-08-20 21:42:42 | INFO | epoch=067 train_batch=20/392 running_loss=0.422211
2026-08-20 21:42:43 | INFO | epoch=067 train_batch=30/392 running_loss=0.405219
2026-08-20 21:42:44 | INFO | epoch=067 train_batch=40/392 running_loss=0.412375
2026-08-20 21:42:45 | INFO | epoch=067 train_batch=50/392 running_loss=0.406795
2026-08-20 21:42:46 | INFO | epoch=067 train_batch=60/392 running_loss=0.403230
2026-08-20 21:42:47 | INFO | epoch=067 train_batch=70/392 running_loss=0.405383
2026-08-20 21:42:48 | INFO | epoch=067 train_batch=80/392 running_loss=0.407030
2026-08-20 21:42:48 | INFO | epoch=067 train_batch=90/392 running_loss=0.404670
2026-08-20 21:42:49 | INFO | epoch=067 train_batch=100/392 running_loss=0.401637
2026-08-20 21:42:50 | INFO | epoch=067 train_batch=110/392 running_loss=0.397515
2026-08-20 21:42:51 | INFO | epoch=067 train_batch=120/392 running_loss=0.395637
2026-08-20 21:42:52 | INFO | epoch=067 train_batch=130/392 running_loss=0.395033
2026-08-20 21:42:53 | INFO | epoch=067 train_batch=140/392 running_loss=0.395276
2026-08-20 21:42:54 | INFO | epoch=067 train_batch=150/392 running_loss=0.399413
2026-08-20 21:42:55 | INFO | epoch=067 train_batch=160/392 running_loss=0.400107
2026-08-20 21:42:56 | INFO | epoch=067 train_batch=170/392 running_loss=0.403088
2026-08-20 21:42:57 | INFO | epoch=067 train_batch=180/392 running_loss=0.401971
2026-08-20 21:42:58 | INFO | epoch=067 train_batch=190/392 running_loss=0.404302
2026-08-20 21:42:59 | INFO | epoch=067 train_batch=200/392 running_loss=0.402964
2026-08-20 21:43:00 | INFO | epoch=067 train_batch=210/392 running_loss=0.404373
2026-08-20 21:43:01 | INFO | epoch=067 train_batch=220/392 running_loss=0.405343
2026-08-20 21:43:02 | INFO | epoch=067 train_batch=230/392 running_loss=0.406078
2026-08-20 21:43:03 | INFO | epoch=067 train_batch=240/392 running_loss=0.406514
2026-08-20 21:43:04 | INFO | epoch=067 train_batch=250/392 running_loss=0.407280
2026-08-20 21:43:05 | INFO | epoch=067 train_batch=260/392 running_loss=0.407478
2026-08-20 21:43:05 | INFO | epoch=067 train_batch=270/392 running_loss=0.408798
2026-08-20 21:43:06 | INFO | epoch=067 train_batch=280/392 running_loss=0.409368
2026-08-20 21:43:07 | INFO | epoch=067 train_batch=290/392 running_loss=0.409386
2026-08-20 21:43:08 | INFO | epoch=067 train_batch=300/392 running_loss=0.409328
2026-08-20 21:43:09 | INFO | epoch=067 train_batch=310/392 running_loss=0.411262
2026-08-20 21:43:10 | INFO | epoch=067 train_batch=320/392 running_loss=0.411580
2026-08-20 21:43:11 | INFO | epoch=067 train_batch=330/392 running_loss=0.411923
2026-08-20 21:43:12 | INFO | epoch=067 train_batch=340/392 running_loss=0.411901
2026-08-20 21:43:13 | INFO | epoch=067 train_batch=350/392 running_loss=0.411275
2026-08-20 21:43:14 | INFO | epoch=067 train_batch=360/392 running_loss=0.412207
2026-08-20 21:43:15 | INFO | epoch=067 train_batch=370/392 running_loss=0.411077
2026-08-20 21:43:16 | INFO | epoch=067 train_batch=380/392 running_loss=0.411006
2026-08-20 21:43:17 | INFO | epoch=067 train_batch=390/392 running_loss=0.410455
2026-08-20 21:43:18 | INFO | epoch=067 train_batch=392/392 running_loss=0.410600
2026-08-20 21:43:21 | INFO | epoch=067 train_loss=0.410600 validation_loss=2.176987
2026-08-20 21:43:21 | INFO | epoch=068 rollout_horizon=16 operation_teacher_probability=0.1519
2026-08-20 21:43:22 | INFO | epoch=068 train_batch=10/392 running_loss=0.384784
2026-08-20 21:43:23 | INFO | epoch=068 train_batch=20/392 running_loss=0.382794
2026-08-20 21:43:24 | INFO | epoch=068 train_batch=30/392 running_loss=0.382931
2026-08-20 21:43:25 | INFO | epoch=068 train_batch=40/392 running_loss=0.383493
2026-08-20 21:43:26 | INFO | epoch=068 train_batch=50/392 running_loss=0.395118
2026-08-20 21:43:27 | INFO | epoch=068 train_batch=60/392 running_loss=0.396243
2026-08-20 21:43:28 | INFO | epoch=068 train_batch=70/392 running_loss=0.396173
2026-08-20 21:43:29 | INFO | epoch=068 train_batch=80/392 running_loss=0.398321
2026-08-20 21:43:30 | INFO | epoch=068 train_batch=90/392 running_loss=0.402058
2026-08-20 21:43:31 | INFO | epoch=068 train_batch=100/392 running_loss=0.400572
2026-08-20 21:43:32 | INFO | epoch=068 train_batch=110/392 running_loss=0.401503
2026-08-20 21:43:33 | INFO | epoch=068 train_batch=120/392 running_loss=0.403095
2026-08-20 21:43:34 | INFO | epoch=068 train_batch=130/392 running_loss=0.402389
2026-08-20 21:43:35 | INFO | epoch=068 train_batch=140/392 running_loss=0.402209
2026-08-20 21:43:36 | INFO | epoch=068 train_batch=150/392 running_loss=0.403903
2026-08-20 21:43:38 | INFO | epoch=068 train_batch=160/392 running_loss=0.404937
2026-08-20 21:43:39 | INFO | epoch=068 train_batch=170/392 running_loss=0.406320
2026-08-20 21:43:40 | INFO | epoch=068 train_batch=180/392 running_loss=0.405398
2026-08-20 21:43:41 | INFO | epoch=068 train_batch=190/392 running_loss=0.406378
2026-08-20 21:43:42 | INFO | epoch=068 train_batch=200/392 running_loss=0.408329
2026-08-20 21:43:43 | INFO | epoch=068 train_batch=210/392 running_loss=0.408270
2026-08-20 21:43:44 | INFO | epoch=068 train_batch=220/392 running_loss=0.408783
2026-08-20 21:43:45 | INFO | epoch=068 train_batch=230/392 running_loss=0.409678
2026-08-20 21:43:46 | INFO | epoch=068 train_batch=240/392 running_loss=0.409820
2026-08-20 21:43:47 | INFO | epoch=068 train_batch=250/392 running_loss=0.411061
2026-08-20 21:43:48 | INFO | epoch=068 train_batch=260/392 running_loss=0.412013
2026-08-20 21:43:49 | INFO | epoch=068 train_batch=270/392 running_loss=0.411296
2026-08-20 21:43:50 | INFO | epoch=068 train_batch=280/392 running_loss=0.412440
2026-08-20 21:43:51 | INFO | epoch=068 train_batch=290/392 running_loss=0.411922
2026-08-20 21:43:52 | INFO | epoch=068 train_batch=300/392 running_loss=0.410821
2026-08-20 21:43:53 | INFO | epoch=068 train_batch=310/392 running_loss=0.411423
2026-08-20 21:43:54 | INFO | epoch=068 train_batch=320/392 running_loss=0.410799
2026-08-20 21:43:55 | INFO | epoch=068 train_batch=330/392 running_loss=0.411367
2026-08-20 21:43:56 | INFO | epoch=068 train_batch=340/392 running_loss=0.411658
2026-08-20 21:43:57 | INFO | epoch=068 train_batch=350/392 running_loss=0.412786
2026-08-20 21:43:58 | INFO | epoch=068 train_batch=360/392 running_loss=0.412182
2026-08-20 21:43:59 | INFO | epoch=068 train_batch=370/392 running_loss=0.412214
2026-08-20 21:44:00 | INFO | epoch=068 train_batch=380/392 running_loss=0.412405
2026-08-20 21:44:01 | INFO | epoch=068 train_batch=390/392 running_loss=0.412381
2026-08-20 21:44:01 | INFO | epoch=068 train_batch=392/392 running_loss=0.412235
2026-08-20 21:44:04 | INFO | epoch=068 train_loss=0.412235 validation_loss=2.339356
2026-08-20 21:44:05 | INFO | epoch=069 rollout_horizon=16 operation_teacher_probability=0.1392
2026-08-20 21:44:06 | INFO | epoch=069 train_batch=10/392 running_loss=0.410690
2026-08-20 21:44:07 | INFO | epoch=069 train_batch=20/392 running_loss=0.406254
2026-08-20 21:44:08 | INFO | epoch=069 train_batch=30/392 running_loss=0.412105
2026-08-20 21:44:09 | INFO | epoch=069 train_batch=40/392 running_loss=0.408448
2026-08-20 21:44:10 | INFO | epoch=069 train_batch=50/392 running_loss=0.409031
2026-08-20 21:44:11 | INFO | epoch=069 train_batch=60/392 running_loss=0.404849
2026-08-20 21:44:12 | INFO | epoch=069 train_batch=70/392 running_loss=0.406495
2026-08-20 21:44:13 | INFO | epoch=069 train_batch=80/392 running_loss=0.402820
2026-08-20 21:44:14 | INFO | epoch=069 train_batch=90/392 running_loss=0.401599
2026-08-20 21:44:15 | INFO | epoch=069 train_batch=100/392 running_loss=0.401347
2026-08-20 21:44:16 | INFO | epoch=069 train_batch=110/392 running_loss=0.403045
2026-08-20 21:44:17 | INFO | epoch=069 train_batch=120/392 running_loss=0.402406
2026-08-20 21:44:18 | INFO | epoch=069 train_batch=130/392 running_loss=0.402540
2026-08-20 21:44:19 | INFO | epoch=069 train_batch=140/392 running_loss=0.402578
2026-08-20 21:44:20 | INFO | epoch=069 train_batch=150/392 running_loss=0.403046
2026-08-20 21:44:21 | INFO | epoch=069 train_batch=160/392 running_loss=0.404786
2026-08-20 21:44:22 | INFO | epoch=069 train_batch=170/392 running_loss=0.404729
2026-08-20 21:44:23 | INFO | epoch=069 train_batch=180/392 running_loss=0.402599
2026-08-20 21:44:24 | INFO | epoch=069 train_batch=190/392 running_loss=0.403659
2026-08-20 21:44:25 | INFO | epoch=069 train_batch=200/392 running_loss=0.404348
2026-08-20 21:44:26 | INFO | epoch=069 train_batch=210/392 running_loss=0.403499
2026-08-20 21:44:27 | INFO | epoch=069 train_batch=220/392 running_loss=0.403684
2026-08-20 21:44:28 | INFO | epoch=069 train_batch=230/392 running_loss=0.403625
2026-08-20 21:44:29 | INFO | epoch=069 train_batch=240/392 running_loss=0.403908
2026-08-20 21:44:30 | INFO | epoch=069 train_batch=250/392 running_loss=0.404886
2026-08-20 21:44:31 | INFO | epoch=069 train_batch=260/392 running_loss=0.404324
2026-08-20 21:44:32 | INFO | epoch=069 train_batch=270/392 running_loss=0.403828
2026-08-20 21:44:33 | INFO | epoch=069 train_batch=280/392 running_loss=0.403644
2026-08-20 21:44:34 | INFO | epoch=069 train_batch=290/392 running_loss=0.403744
2026-08-20 21:44:35 | INFO | epoch=069 train_batch=300/392 running_loss=0.403872
2026-08-20 21:44:36 | INFO | epoch=069 train_batch=310/392 running_loss=0.404433
2026-08-20 21:44:38 | INFO | epoch=069 train_batch=320/392 running_loss=0.404792
2026-08-20 21:44:39 | INFO | epoch=069 train_batch=330/392 running_loss=0.405056
2026-08-20 21:44:40 | INFO | epoch=069 train_batch=340/392 running_loss=0.404994
2026-08-20 21:44:41 | INFO | epoch=069 train_batch=350/392 running_loss=0.405384
2026-08-20 21:44:42 | INFO | epoch=069 train_batch=360/392 running_loss=0.405350
2026-08-20 21:44:43 | INFO | epoch=069 train_batch=370/392 running_loss=0.405356
2026-08-20 21:44:44 | INFO | epoch=069 train_batch=380/392 running_loss=0.404985
2026-08-20 21:44:45 | INFO | epoch=069 train_batch=390/392 running_loss=0.405386
2026-08-20 21:44:45 | INFO | epoch=069 train_batch=392/392 running_loss=0.405007
2026-08-20 21:44:48 | INFO | epoch=069 train_loss=0.405007 validation_loss=2.421232
2026-08-20 21:44:48 | INFO | epoch=070 rollout_horizon=16 operation_teacher_probability=0.1266
2026-08-20 21:44:49 | INFO | epoch=070 train_batch=10/392 running_loss=0.423448
2026-08-20 21:44:50 | INFO | epoch=070 train_batch=20/392 running_loss=0.427643
2026-08-20 21:44:51 | INFO | epoch=070 train_batch=30/392 running_loss=0.414252
2026-08-20 21:44:52 | INFO | epoch=070 train_batch=40/392 running_loss=0.418025
2026-08-20 21:44:54 | INFO | epoch=070 train_batch=50/392 running_loss=0.420171
2026-08-20 21:44:55 | INFO | epoch=070 train_batch=60/392 running_loss=0.416991
2026-08-20 21:44:56 | INFO | epoch=070 train_batch=70/392 running_loss=0.414762
2026-08-20 21:44:57 | INFO | epoch=070 train_batch=80/392 running_loss=0.410634
2026-08-20 21:44:58 | INFO | epoch=070 train_batch=90/392 running_loss=0.411400
2026-08-20 21:44:59 | INFO | epoch=070 train_batch=100/392 running_loss=0.411477
2026-08-20 21:45:00 | INFO | epoch=070 train_batch=110/392 running_loss=0.407440
2026-08-20 21:45:01 | INFO | epoch=070 train_batch=120/392 running_loss=0.408333
2026-08-20 21:45:02 | INFO | epoch=070 train_batch=130/392 running_loss=0.407901
2026-08-20 21:45:03 | INFO | epoch=070 train_batch=140/392 running_loss=0.408913
2026-08-20 21:45:04 | INFO | epoch=070 train_batch=150/392 running_loss=0.408499
2026-08-20 21:45:05 | INFO | epoch=070 train_batch=160/392 running_loss=0.409265
2026-08-20 21:45:06 | INFO | epoch=070 train_batch=170/392 running_loss=0.409675
2026-08-20 21:45:07 | INFO | epoch=070 train_batch=180/392 running_loss=0.409470
2026-08-20 21:45:08 | INFO | epoch=070 train_batch=190/392 running_loss=0.408455
2026-08-20 21:45:09 | INFO | epoch=070 train_batch=200/392 running_loss=0.409118
2026-08-20 21:45:11 | INFO | epoch=070 train_batch=210/392 running_loss=0.410652
2026-08-20 21:45:12 | INFO | epoch=070 train_batch=220/392 running_loss=0.409790
2026-08-20 21:45:13 | INFO | epoch=070 train_batch=230/392 running_loss=0.411831
2026-08-20 21:45:14 | INFO | epoch=070 train_batch=240/392 running_loss=0.410750
2026-08-20 21:45:15 | INFO | epoch=070 train_batch=250/392 running_loss=0.411263
2026-08-20 21:45:16 | INFO | epoch=070 train_batch=260/392 running_loss=0.410405
2026-08-20 21:45:17 | INFO | epoch=070 train_batch=270/392 running_loss=0.409700
2026-08-20 21:45:18 | INFO | epoch=070 train_batch=280/392 running_loss=0.409215
2026-08-20 21:45:19 | INFO | epoch=070 train_batch=290/392 running_loss=0.410618
2026-08-20 21:45:20 | INFO | epoch=070 train_batch=300/392 running_loss=0.410746
2026-08-20 21:45:21 | INFO | epoch=070 train_batch=310/392 running_loss=0.411082
2026-08-20 21:45:22 | INFO | epoch=070 train_batch=320/392 running_loss=0.410718
2026-08-20 21:45:23 | INFO | epoch=070 train_batch=330/392 running_loss=0.410784
2026-08-20 21:45:24 | INFO | epoch=070 train_batch=340/392 running_loss=0.411341
2026-08-20 21:45:25 | INFO | epoch=070 train_batch=350/392 running_loss=0.409880
2026-08-20 21:45:26 | INFO | epoch=070 train_batch=360/392 running_loss=0.409748
2026-08-20 21:45:27 | INFO | epoch=070 train_batch=370/392 running_loss=0.410399
2026-08-20 21:45:28 | INFO | epoch=070 train_batch=380/392 running_loss=0.410705
2026-08-20 21:45:29 | INFO | epoch=070 train_batch=390/392 running_loss=0.411349
2026-08-20 21:45:29 | INFO | epoch=070 train_batch=392/392 running_loss=0.411494
2026-08-20 21:45:33 | INFO | epoch=070 train_loss=0.411494 validation_loss=2.087668
2026-08-20 21:45:33 | INFO | epoch=071 rollout_horizon=16 operation_teacher_probability=0.1139
2026-08-20 21:45:34 | INFO | epoch=071 train_batch=10/392 running_loss=0.432000
2026-08-20 21:45:35 | INFO | epoch=071 train_batch=20/392 running_loss=0.421162
2026-08-20 21:45:36 | INFO | epoch=071 train_batch=30/392 running_loss=0.413510
2026-08-20 21:45:37 | INFO | epoch=071 train_batch=40/392 running_loss=0.405004
2026-08-20 21:45:38 | INFO | epoch=071 train_batch=50/392 running_loss=0.409906
2026-08-20 21:45:39 | INFO | epoch=071 train_batch=60/392 running_loss=0.413764
2026-08-20 21:45:40 | INFO | epoch=071 train_batch=70/392 running_loss=0.414829
2026-08-20 21:45:41 | INFO | epoch=071 train_batch=80/392 running_loss=0.415982
2026-08-20 21:45:42 | INFO | epoch=071 train_batch=90/392 running_loss=0.413696
2026-08-20 21:45:43 | INFO | epoch=071 train_batch=100/392 running_loss=0.415775
2026-08-20 21:45:44 | INFO | epoch=071 train_batch=110/392 running_loss=0.416659
2026-08-20 21:45:45 | INFO | epoch=071 train_batch=120/392 running_loss=0.421856
2026-08-20 21:45:46 | INFO | epoch=071 train_batch=130/392 running_loss=0.426898
2026-08-20 21:45:47 | INFO | epoch=071 train_batch=140/392 running_loss=0.428260
2026-08-20 21:45:48 | INFO | epoch=071 train_batch=150/392 running_loss=0.425495
2026-08-20 21:45:49 | INFO | epoch=071 train_batch=160/392 running_loss=0.424070
2026-08-20 21:45:50 | INFO | epoch=071 train_batch=170/392 running_loss=0.422648
2026-08-20 21:45:51 | INFO | epoch=071 train_batch=180/392 running_loss=0.423569
2026-08-20 21:45:52 | INFO | epoch=071 train_batch=190/392 running_loss=0.423261
2026-08-20 21:45:53 | INFO | epoch=071 train_batch=200/392 running_loss=0.421068
2026-08-20 21:45:54 | INFO | epoch=071 train_batch=210/392 running_loss=0.419780
2026-08-20 21:45:55 | INFO | epoch=071 train_batch=220/392 running_loss=0.418847
2026-08-20 21:45:56 | INFO | epoch=071 train_batch=230/392 running_loss=0.416777
2026-08-20 21:45:57 | INFO | epoch=071 train_batch=240/392 running_loss=0.414927
2026-08-20 21:45:58 | INFO | epoch=071 train_batch=250/392 running_loss=0.415427
2026-08-20 21:45:59 | INFO | epoch=071 train_batch=260/392 running_loss=0.416115
2026-08-20 21:46:00 | INFO | epoch=071 train_batch=270/392 running_loss=0.416739
2026-08-20 21:46:01 | INFO | epoch=071 train_batch=280/392 running_loss=0.417809
2026-08-20 21:46:02 | INFO | epoch=071 train_batch=290/392 running_loss=0.417947
2026-08-20 21:46:03 | INFO | epoch=071 train_batch=300/392 running_loss=0.417405
2026-08-20 21:46:04 | INFO | epoch=071 train_batch=310/392 running_loss=0.417036
2026-08-20 21:46:05 | INFO | epoch=071 train_batch=320/392 running_loss=0.417260
2026-08-20 21:46:06 | INFO | epoch=071 train_batch=330/392 running_loss=0.417738
2026-08-20 21:46:08 | INFO | epoch=071 train_batch=340/392 running_loss=0.417387
2026-08-20 21:46:09 | INFO | epoch=071 train_batch=350/392 running_loss=0.416277
2026-08-20 21:46:10 | INFO | epoch=071 train_batch=360/392 running_loss=0.416417
2026-08-20 21:46:11 | INFO | epoch=071 train_batch=370/392 running_loss=0.416449
2026-08-20 21:46:12 | INFO | epoch=071 train_batch=380/392 running_loss=0.416748
2026-08-20 21:46:13 | INFO | epoch=071 train_batch=390/392 running_loss=0.417068
2026-08-20 21:46:13 | INFO | epoch=071 train_batch=392/392 running_loss=0.417177
2026-08-20 21:46:16 | INFO | epoch=071 train_loss=0.417177 validation_loss=1.983411
2026-08-20 21:46:16 | INFO | epoch=072 rollout_horizon=16 operation_teacher_probability=0.1013
2026-08-20 21:46:18 | INFO | epoch=072 train_batch=10/392 running_loss=0.415088
2026-08-20 21:46:19 | INFO | epoch=072 train_batch=20/392 running_loss=0.410123
2026-08-20 21:46:20 | INFO | epoch=072 train_batch=30/392 running_loss=0.414679
2026-08-20 21:46:21 | INFO | epoch=072 train_batch=40/392 running_loss=0.409324
2026-08-20 21:46:22 | INFO | epoch=072 train_batch=50/392 running_loss=0.408256
2026-08-20 21:46:23 | INFO | epoch=072 train_batch=60/392 running_loss=0.407599
2026-08-20 21:46:24 | INFO | epoch=072 train_batch=70/392 running_loss=0.408748
2026-08-20 21:46:25 | INFO | epoch=072 train_batch=80/392 running_loss=0.410124
2026-08-20 21:46:26 | INFO | epoch=072 train_batch=90/392 running_loss=0.405116
2026-08-20 21:46:27 | INFO | epoch=072 train_batch=100/392 running_loss=0.404124
2026-08-20 21:46:28 | INFO | epoch=072 train_batch=110/392 running_loss=0.407007
2026-08-20 21:46:29 | INFO | epoch=072 train_batch=120/392 running_loss=0.406375
2026-08-20 21:46:30 | INFO | epoch=072 train_batch=130/392 running_loss=0.406181
2026-08-20 21:46:31 | INFO | epoch=072 train_batch=140/392 running_loss=0.406707
2026-08-20 21:46:32 | INFO | epoch=072 train_batch=150/392 running_loss=0.406504
2026-08-20 21:46:33 | INFO | epoch=072 train_batch=160/392 running_loss=0.407576
2026-08-20 21:46:34 | INFO | epoch=072 train_batch=170/392 running_loss=0.408746
2026-08-20 21:46:35 | INFO | epoch=072 train_batch=180/392 running_loss=0.407089
2026-08-20 21:46:36 | INFO | epoch=072 train_batch=190/392 running_loss=0.407793
2026-08-20 21:46:37 | INFO | epoch=072 train_batch=200/392 running_loss=0.406480
2026-08-20 21:46:38 | INFO | epoch=072 train_batch=210/392 running_loss=0.406331
2026-08-20 21:46:39 | INFO | epoch=072 train_batch=220/392 running_loss=0.407258
2026-08-20 21:46:40 | INFO | epoch=072 train_batch=230/392 running_loss=0.407064
2026-08-20 21:46:41 | INFO | epoch=072 train_batch=240/392 running_loss=0.407741
2026-08-20 21:46:42 | INFO | epoch=072 train_batch=250/392 running_loss=0.407940
2026-08-20 21:46:43 | INFO | epoch=072 train_batch=260/392 running_loss=0.408218
2026-08-20 21:46:44 | INFO | epoch=072 train_batch=270/392 running_loss=0.408596
2026-08-20 21:46:45 | INFO | epoch=072 train_batch=280/392 running_loss=0.408821
2026-08-20 21:46:46 | INFO | epoch=072 train_batch=290/392 running_loss=0.408790
2026-08-20 21:46:48 | INFO | epoch=072 train_batch=300/392 running_loss=0.408758
2026-08-20 21:46:49 | INFO | epoch=072 train_batch=310/392 running_loss=0.408240
2026-08-20 21:46:50 | INFO | epoch=072 train_batch=320/392 running_loss=0.409151
2026-08-20 21:46:51 | INFO | epoch=072 train_batch=330/392 running_loss=0.409965
2026-08-20 21:46:52 | INFO | epoch=072 train_batch=340/392 running_loss=0.410840
2026-08-20 21:46:53 | INFO | epoch=072 train_batch=350/392 running_loss=0.411224
2026-08-20 21:46:54 | INFO | epoch=072 train_batch=360/392 running_loss=0.411321
2026-08-20 21:46:55 | INFO | epoch=072 train_batch=370/392 running_loss=0.412622
2026-08-20 21:46:56 | INFO | epoch=072 train_batch=380/392 running_loss=0.412021
2026-08-20 21:46:57 | INFO | epoch=072 train_batch=390/392 running_loss=0.412694
2026-08-20 21:46:57 | INFO | epoch=072 train_batch=392/392 running_loss=0.412230
2026-08-20 21:47:00 | INFO | epoch=072 train_loss=0.412230 validation_loss=2.171560
2026-08-20 21:47:00 | INFO | epoch=073 rollout_horizon=16 operation_teacher_probability=0.0886
2026-08-20 21:47:01 | INFO | epoch=073 train_batch=10/392 running_loss=0.427066
2026-08-20 21:47:02 | INFO | epoch=073 train_batch=20/392 running_loss=0.419021
2026-08-20 21:47:03 | INFO | epoch=073 train_batch=30/392 running_loss=0.400890
2026-08-20 21:47:04 | INFO | epoch=073 train_batch=40/392 running_loss=0.401898
2026-08-20 21:47:05 | INFO | epoch=073 train_batch=50/392 running_loss=0.401577
2026-08-20 21:47:06 | INFO | epoch=073 train_batch=60/392 running_loss=0.403151
2026-08-20 21:47:07 | INFO | epoch=073 train_batch=70/392 running_loss=0.406715
2026-08-20 21:47:08 | INFO | epoch=073 train_batch=80/392 running_loss=0.406591
2026-08-20 21:47:09 | INFO | epoch=073 train_batch=90/392 running_loss=0.408991
2026-08-20 21:47:11 | INFO | epoch=073 train_batch=100/392 running_loss=0.413052
2026-08-20 21:47:12 | INFO | epoch=073 train_batch=110/392 running_loss=0.412400
2026-08-20 21:47:13 | INFO | epoch=073 train_batch=120/392 running_loss=0.414540
2026-08-20 21:47:14 | INFO | epoch=073 train_batch=130/392 running_loss=0.414635
2026-08-20 21:47:15 | INFO | epoch=073 train_batch=140/392 running_loss=0.418620
2026-08-20 21:47:16 | INFO | epoch=073 train_batch=150/392 running_loss=0.419304
2026-08-20 21:47:17 | INFO | epoch=073 train_batch=160/392 running_loss=0.421522
2026-08-20 21:47:18 | INFO | epoch=073 train_batch=170/392 running_loss=0.422483
2026-08-20 21:47:19 | INFO | epoch=073 train_batch=180/392 running_loss=0.424418
2026-08-20 21:47:20 | INFO | epoch=073 train_batch=190/392 running_loss=0.422556
2026-08-20 21:47:21 | INFO | epoch=073 train_batch=200/392 running_loss=0.421640
2026-08-20 21:47:22 | INFO | epoch=073 train_batch=210/392 running_loss=0.421373
2026-08-20 21:47:23 | INFO | epoch=073 train_batch=220/392 running_loss=0.422061
2026-08-20 21:47:24 | INFO | epoch=073 train_batch=230/392 running_loss=0.420760
2026-08-20 21:47:25 | INFO | epoch=073 train_batch=240/392 running_loss=0.421053
2026-08-20 21:47:26 | INFO | epoch=073 train_batch=250/392 running_loss=0.422781
2026-08-20 21:47:27 | INFO | epoch=073 train_batch=260/392 running_loss=0.422109
2026-08-20 21:47:28 | INFO | epoch=073 train_batch=270/392 running_loss=0.421504
2026-08-20 21:47:29 | INFO | epoch=073 train_batch=280/392 running_loss=0.420596
2026-08-20 21:47:30 | INFO | epoch=073 train_batch=290/392 running_loss=0.420565
2026-08-20 21:47:31 | INFO | epoch=073 train_batch=300/392 running_loss=0.420358
2026-08-20 21:47:32 | INFO | epoch=073 train_batch=310/392 running_loss=0.419845
2026-08-20 21:47:33 | INFO | epoch=073 train_batch=320/392 running_loss=0.419310
2026-08-20 21:47:34 | INFO | epoch=073 train_batch=330/392 running_loss=0.420093
2026-08-20 21:47:35 | INFO | epoch=073 train_batch=340/392 running_loss=0.418655
2026-08-20 21:47:36 | INFO | epoch=073 train_batch=350/392 running_loss=0.417932
2026-08-20 21:47:37 | INFO | epoch=073 train_batch=360/392 running_loss=0.417576
2026-08-20 21:47:38 | INFO | epoch=073 train_batch=370/392 running_loss=0.417016
2026-08-20 21:47:39 | INFO | epoch=073 train_batch=380/392 running_loss=0.416546
2026-08-20 21:47:40 | INFO | epoch=073 train_batch=390/392 running_loss=0.417454
2026-08-20 21:47:41 | INFO | epoch=073 train_batch=392/392 running_loss=0.417678
2026-08-20 21:47:44 | INFO | epoch=073 train_loss=0.417678 validation_loss=2.209224
2026-08-20 21:47:44 | INFO | epoch=074 rollout_horizon=16 operation_teacher_probability=0.0759
2026-08-20 21:47:45 | INFO | epoch=074 train_batch=10/392 running_loss=0.393218
2026-08-20 21:47:46 | INFO | epoch=074 train_batch=20/392 running_loss=0.401399
2026-08-20 21:47:47 | INFO | epoch=074 train_batch=30/392 running_loss=0.396998
2026-08-20 21:47:48 | INFO | epoch=074 train_batch=40/392 running_loss=0.400481
2026-08-20 21:47:49 | INFO | epoch=074 train_batch=50/392 running_loss=0.398000
2026-08-20 21:47:50 | INFO | epoch=074 train_batch=60/392 running_loss=0.407648
2026-08-20 21:47:51 | INFO | epoch=074 train_batch=70/392 running_loss=0.416678
2026-08-20 21:47:52 | INFO | epoch=074 train_batch=80/392 running_loss=0.418886
2026-08-20 21:47:53 | INFO | epoch=074 train_batch=90/392 running_loss=0.418987
2026-08-20 21:47:54 | INFO | epoch=074 train_batch=100/392 running_loss=0.419629
2026-08-20 21:47:56 | INFO | epoch=074 train_batch=110/392 running_loss=0.418908
2026-08-20 21:47:57 | INFO | epoch=074 train_batch=120/392 running_loss=0.417519
2026-08-20 21:47:58 | INFO | epoch=074 train_batch=130/392 running_loss=0.415222
2026-08-20 21:47:59 | INFO | epoch=074 train_batch=140/392 running_loss=0.417641
2026-08-20 21:48:00 | INFO | epoch=074 train_batch=150/392 running_loss=0.418253
2026-08-20 21:48:01 | INFO | epoch=074 train_batch=160/392 running_loss=0.417439
2026-08-20 21:48:02 | INFO | epoch=074 train_batch=170/392 running_loss=0.416152
2026-08-20 21:48:03 | INFO | epoch=074 train_batch=180/392 running_loss=0.417915
2026-08-20 21:48:04 | INFO | epoch=074 train_batch=190/392 running_loss=0.419873
2026-08-20 21:48:05 | INFO | epoch=074 train_batch=200/392 running_loss=0.420442
2026-08-20 21:48:06 | INFO | epoch=074 train_batch=210/392 running_loss=0.420172
2026-08-20 21:48:07 | INFO | epoch=074 train_batch=220/392 running_loss=0.418738
2026-08-20 21:48:08 | INFO | epoch=074 train_batch=230/392 running_loss=0.418708
2026-08-20 21:48:09 | INFO | epoch=074 train_batch=240/392 running_loss=0.419263
2026-08-20 21:48:10 | INFO | epoch=074 train_batch=250/392 running_loss=0.420864
2026-08-20 21:48:11 | INFO | epoch=074 train_batch=260/392 running_loss=0.420688
2026-08-20 21:48:13 | INFO | epoch=074 train_batch=270/392 running_loss=0.421157
2026-08-20 21:48:14 | INFO | epoch=074 train_batch=280/392 running_loss=0.420953
2026-08-20 21:48:15 | INFO | epoch=074 train_batch=290/392 running_loss=0.421046
2026-08-20 21:48:16 | INFO | epoch=074 train_batch=300/392 running_loss=0.421571
2026-08-20 21:48:17 | INFO | epoch=074 train_batch=310/392 running_loss=0.421981
2026-08-20 21:48:18 | INFO | epoch=074 train_batch=320/392 running_loss=0.421385
2026-08-20 21:48:19 | INFO | epoch=074 train_batch=330/392 running_loss=0.421235
2026-08-20 21:48:20 | INFO | epoch=074 train_batch=340/392 running_loss=0.421723
2026-08-20 21:48:21 | INFO | epoch=074 train_batch=350/392 running_loss=0.421780
2026-08-20 21:48:22 | INFO | epoch=074 train_batch=360/392 running_loss=0.422691
2026-08-20 21:48:23 | INFO | epoch=074 train_batch=370/392 running_loss=0.422444
2026-08-20 21:48:24 | INFO | epoch=074 train_batch=380/392 running_loss=0.421297
2026-08-20 21:48:25 | INFO | epoch=074 train_batch=390/392 running_loss=0.421959
2026-08-20 21:48:25 | INFO | epoch=074 train_batch=392/392 running_loss=0.422093
2026-08-20 21:48:28 | INFO | epoch=074 train_loss=0.422093 validation_loss=1.919220
2026-08-20 21:48:29 | INFO | epoch=074 saved new best.pt
2026-08-20 21:48:29 | INFO | epoch=075 rollout_horizon=16 operation_teacher_probability=0.0633
2026-08-20 21:48:30 | INFO | epoch=075 train_batch=10/392 running_loss=0.445204
2026-08-20 21:48:31 | INFO | epoch=075 train_batch=20/392 running_loss=0.440195
2026-08-20 21:48:32 | INFO | epoch=075 train_batch=30/392 running_loss=0.444744
2026-08-20 21:48:33 | INFO | epoch=075 train_batch=40/392 running_loss=0.451064
2026-08-20 21:48:34 | INFO | epoch=075 train_batch=50/392 running_loss=0.440577
2026-08-20 21:48:35 | INFO | epoch=075 train_batch=60/392 running_loss=0.434609
2026-08-20 21:48:36 | INFO | epoch=075 train_batch=70/392 running_loss=0.433559
2026-08-20 21:48:37 | INFO | epoch=075 train_batch=80/392 running_loss=0.432082
2026-08-20 21:48:38 | INFO | epoch=075 train_batch=90/392 running_loss=0.430327
2026-08-20 21:48:39 | INFO | epoch=075 train_batch=100/392 running_loss=0.426643
2026-08-20 21:48:40 | INFO | epoch=075 train_batch=110/392 running_loss=0.423836
2026-08-20 21:48:41 | INFO | epoch=075 train_batch=120/392 running_loss=0.421806
2026-08-20 21:48:42 | INFO | epoch=075 train_batch=130/392 running_loss=0.422824
2026-08-20 21:48:44 | INFO | epoch=075 train_batch=140/392 running_loss=0.422583
2026-08-20 21:48:45 | INFO | epoch=075 train_batch=150/392 running_loss=0.421546
2026-08-20 21:48:46 | INFO | epoch=075 train_batch=160/392 running_loss=0.422327
2026-08-20 21:48:47 | INFO | epoch=075 train_batch=170/392 running_loss=0.422723
2026-08-20 21:48:48 | INFO | epoch=075 train_batch=180/392 running_loss=0.422300
2026-08-20 21:48:49 | INFO | epoch=075 train_batch=190/392 running_loss=0.421848
2026-08-20 21:48:50 | INFO | epoch=075 train_batch=200/392 running_loss=0.421515
2026-08-20 21:48:51 | INFO | epoch=075 train_batch=210/392 running_loss=0.419680
2026-08-20 21:48:52 | INFO | epoch=075 train_batch=220/392 running_loss=0.418576
2026-08-20 21:48:53 | INFO | epoch=075 train_batch=230/392 running_loss=0.419953
2026-08-20 21:48:54 | INFO | epoch=075 train_batch=240/392 running_loss=0.420192
2026-08-20 21:48:55 | INFO | epoch=075 train_batch=250/392 running_loss=0.420590
2026-08-20 21:48:56 | INFO | epoch=075 train_batch=260/392 running_loss=0.419950
2026-08-20 21:48:57 | INFO | epoch=075 train_batch=270/392 running_loss=0.421418
2026-08-20 21:48:58 | INFO | epoch=075 train_batch=280/392 running_loss=0.420093
2026-08-20 21:48:58 | INFO | epoch=075 train_batch=290/392 running_loss=0.420006
2026-08-20 21:48:59 | INFO | epoch=075 train_batch=300/392 running_loss=0.420358
2026-08-20 21:49:00 | INFO | epoch=075 train_batch=310/392 running_loss=0.419166
2026-08-20 21:49:01 | INFO | epoch=075 train_batch=320/392 running_loss=0.419343
2026-08-20 21:49:02 | INFO | epoch=075 train_batch=330/392 running_loss=0.419267
2026-08-20 21:49:03 | INFO | epoch=075 train_batch=340/392 running_loss=0.419182
2026-08-20 21:49:04 | INFO | epoch=075 train_batch=350/392 running_loss=0.419868
2026-08-20 21:49:05 | INFO | epoch=075 train_batch=360/392 running_loss=0.420783
2026-08-20 21:49:06 | INFO | epoch=075 train_batch=370/392 running_loss=0.419636
2026-08-20 21:49:07 | INFO | epoch=075 train_batch=380/392 running_loss=0.419327
2026-08-20 21:49:08 | INFO | epoch=075 train_batch=390/392 running_loss=0.419828
2026-08-20 21:49:08 | INFO | epoch=075 train_batch=392/392 running_loss=0.419561
2026-08-20 21:49:11 | INFO | epoch=075 train_loss=0.419561 validation_loss=2.238469
2026-08-20 21:49:11 | INFO | epoch=076 rollout_horizon=16 operation_teacher_probability=0.0506
2026-08-20 21:49:12 | INFO | epoch=076 train_batch=10/392 running_loss=0.454907
2026-08-20 21:49:13 | INFO | epoch=076 train_batch=20/392 running_loss=0.429025
2026-08-20 21:49:14 | INFO | epoch=076 train_batch=30/392 running_loss=0.430249
2026-08-20 21:49:15 | INFO | epoch=076 train_batch=40/392 running_loss=0.422661
2026-08-20 21:49:16 | INFO | epoch=076 train_batch=50/392 running_loss=0.433020
2026-08-20 21:49:17 | INFO | epoch=076 train_batch=60/392 running_loss=0.428470
2026-08-20 21:49:18 | INFO | epoch=076 train_batch=70/392 running_loss=0.424482
2026-08-20 21:49:19 | INFO | epoch=076 train_batch=80/392 running_loss=0.426081
2026-08-20 21:49:19 | INFO | epoch=076 train_batch=90/392 running_loss=0.427833
2026-08-20 21:49:20 | INFO | epoch=076 train_batch=100/392 running_loss=0.428256
2026-08-20 21:49:21 | INFO | epoch=076 train_batch=110/392 running_loss=0.430109
2026-08-20 21:49:22 | INFO | epoch=076 train_batch=120/392 running_loss=0.431481
2026-08-20 21:49:23 | INFO | epoch=076 train_batch=130/392 running_loss=0.431637
2026-08-20 21:49:24 | INFO | epoch=076 train_batch=140/392 running_loss=0.431874
2026-08-20 21:49:25 | INFO | epoch=076 train_batch=150/392 running_loss=0.431165
2026-08-20 21:49:26 | INFO | epoch=076 train_batch=160/392 running_loss=0.429337
2026-08-20 21:49:27 | INFO | epoch=076 train_batch=170/392 running_loss=0.428315
2026-08-20 21:49:28 | INFO | epoch=076 train_batch=180/392 running_loss=0.427349
2026-08-20 21:49:29 | INFO | epoch=076 train_batch=190/392 running_loss=0.427030
2026-08-20 21:49:30 | INFO | epoch=076 train_batch=200/392 running_loss=0.427378
2026-08-20 21:49:31 | INFO | epoch=076 train_batch=210/392 running_loss=0.426256
2026-08-20 21:49:32 | INFO | epoch=076 train_batch=220/392 running_loss=0.425252
2026-08-20 21:49:32 | INFO | epoch=076 train_batch=230/392 running_loss=0.423800
2026-08-20 21:49:33 | INFO | epoch=076 train_batch=240/392 running_loss=0.425633
2026-08-20 21:49:34 | INFO | epoch=076 train_batch=250/392 running_loss=0.426859
2026-08-20 21:49:35 | INFO | epoch=076 train_batch=260/392 running_loss=0.425617
2026-08-20 21:49:36 | INFO | epoch=076 train_batch=270/392 running_loss=0.425423
2026-08-20 21:49:37 | INFO | epoch=076 train_batch=280/392 running_loss=0.425126
2026-08-20 21:49:38 | INFO | epoch=076 train_batch=290/392 running_loss=0.424486
2026-08-20 21:49:39 | INFO | epoch=076 train_batch=300/392 running_loss=0.424028
2026-08-20 21:49:40 | INFO | epoch=076 train_batch=310/392 running_loss=0.424603
2026-08-20 21:49:41 | INFO | epoch=076 train_batch=320/392 running_loss=0.424886
2026-08-20 21:49:42 | INFO | epoch=076 train_batch=330/392 running_loss=0.424847
2026-08-20 21:49:43 | INFO | epoch=076 train_batch=340/392 running_loss=0.425296
2026-08-20 21:49:44 | INFO | epoch=076 train_batch=350/392 running_loss=0.425659
2026-08-20 21:49:44 | INFO | epoch=076 train_batch=360/392 running_loss=0.426030
2026-08-20 21:49:45 | INFO | epoch=076 train_batch=370/392 running_loss=0.426168
2026-08-20 21:49:46 | INFO | epoch=076 train_batch=380/392 running_loss=0.425168
2026-08-20 21:49:47 | INFO | epoch=076 train_batch=390/392 running_loss=0.424893
2026-08-20 21:49:47 | INFO | epoch=076 train_batch=392/392 running_loss=0.425310
2026-08-20 21:49:51 | INFO | epoch=076 train_loss=0.425310 validation_loss=2.081758
2026-08-20 21:49:51 | INFO | epoch=077 rollout_horizon=16 operation_teacher_probability=0.0380
2026-08-20 21:49:52 | INFO | epoch=077 train_batch=10/392 running_loss=0.419753
2026-08-20 21:49:53 | INFO | epoch=077 train_batch=20/392 running_loss=0.424665
2026-08-20 21:49:54 | INFO | epoch=077 train_batch=30/392 running_loss=0.426912
2026-08-20 21:49:54 | INFO | epoch=077 train_batch=40/392 running_loss=0.433465
2026-08-20 21:49:55 | INFO | epoch=077 train_batch=50/392 running_loss=0.430361
2026-08-20 21:49:56 | INFO | epoch=077 train_batch=60/392 running_loss=0.429986
2026-08-20 21:49:57 | INFO | epoch=077 train_batch=70/392 running_loss=0.431212
2026-08-20 21:49:58 | INFO | epoch=077 train_batch=80/392 running_loss=0.434418
2026-08-20 21:49:59 | INFO | epoch=077 train_batch=90/392 running_loss=0.441993
2026-08-20 21:50:00 | INFO | epoch=077 train_batch=100/392 running_loss=0.441049
2026-08-20 21:50:01 | INFO | epoch=077 train_batch=110/392 running_loss=0.441147
2026-08-20 21:50:02 | INFO | epoch=077 train_batch=120/392 running_loss=0.441091
2026-08-20 21:50:03 | INFO | epoch=077 train_batch=130/392 running_loss=0.439223
2026-08-20 21:50:04 | INFO | epoch=077 train_batch=140/392 running_loss=0.436729
2026-08-20 21:50:05 | INFO | epoch=077 train_batch=150/392 running_loss=0.436309
2026-08-20 21:50:06 | INFO | epoch=077 train_batch=160/392 running_loss=0.437644
2026-08-20 21:50:07 | INFO | epoch=077 train_batch=170/392 running_loss=0.438791
2026-08-20 21:50:07 | INFO | epoch=077 train_batch=180/392 running_loss=0.437051
2026-08-20 21:50:08 | INFO | epoch=077 train_batch=190/392 running_loss=0.438646
2026-08-20 21:50:09 | INFO | epoch=077 train_batch=200/392 running_loss=0.438531
2026-08-20 21:50:10 | INFO | epoch=077 train_batch=210/392 running_loss=0.436967
2026-08-20 21:50:11 | INFO | epoch=077 train_batch=220/392 running_loss=0.437486
2026-08-20 21:50:12 | INFO | epoch=077 train_batch=230/392 running_loss=0.436059
2026-08-20 21:50:13 | INFO | epoch=077 train_batch=240/392 running_loss=0.437484
2026-08-20 21:50:14 | INFO | epoch=077 train_batch=250/392 running_loss=0.435090
2026-08-20 21:50:15 | INFO | epoch=077 train_batch=260/392 running_loss=0.436103
2026-08-20 21:50:16 | INFO | epoch=077 train_batch=270/392 running_loss=0.436279
2026-08-20 21:50:17 | INFO | epoch=077 train_batch=280/392 running_loss=0.435340
2026-08-20 21:50:18 | INFO | epoch=077 train_batch=290/392 running_loss=0.434983
2026-08-20 21:50:19 | INFO | epoch=077 train_batch=300/392 running_loss=0.433584
2026-08-20 21:50:20 | INFO | epoch=077 train_batch=310/392 running_loss=0.434196
2026-08-20 21:50:21 | INFO | epoch=077 train_batch=320/392 running_loss=0.434990
2026-08-20 21:50:22 | INFO | epoch=077 train_batch=330/392 running_loss=0.435097
2026-08-20 21:50:22 | INFO | epoch=077 train_batch=340/392 running_loss=0.435645
2026-08-20 21:50:23 | INFO | epoch=077 train_batch=350/392 running_loss=0.435030
2026-08-20 21:50:24 | INFO | epoch=077 train_batch=360/392 running_loss=0.433461
2026-08-20 21:50:25 | INFO | epoch=077 train_batch=370/392 running_loss=0.433642
2026-08-20 21:50:26 | INFO | epoch=077 train_batch=380/392 running_loss=0.432546
2026-08-20 21:50:27 | INFO | epoch=077 train_batch=390/392 running_loss=0.432128
2026-08-20 21:50:27 | INFO | epoch=077 train_batch=392/392 running_loss=0.431972
2026-08-20 21:50:30 | INFO | epoch=077 train_loss=0.431972 validation_loss=2.037008
2026-08-20 21:50:30 | INFO | epoch=078 rollout_horizon=16 operation_teacher_probability=0.0253
2026-08-20 21:50:31 | INFO | epoch=078 train_batch=10/392 running_loss=0.430907
2026-08-20 21:50:32 | INFO | epoch=078 train_batch=20/392 running_loss=0.430663
2026-08-20 21:50:33 | INFO | epoch=078 train_batch=30/392 running_loss=0.429641
2026-08-20 21:50:34 | INFO | epoch=078 train_batch=40/392 running_loss=0.431272
2026-08-20 21:50:35 | INFO | epoch=078 train_batch=50/392 running_loss=0.431353
2026-08-20 21:50:36 | INFO | epoch=078 train_batch=60/392 running_loss=0.428668
2026-08-20 21:50:37 | INFO | epoch=078 train_batch=70/392 running_loss=0.438017
2026-08-20 21:50:38 | INFO | epoch=078 train_batch=80/392 running_loss=0.436036
2026-08-20 21:50:39 | INFO | epoch=078 train_batch=90/392 running_loss=0.436203
2026-08-20 21:50:40 | INFO | epoch=078 train_batch=100/392 running_loss=0.434786
2026-08-20 21:50:40 | INFO | epoch=078 train_batch=110/392 running_loss=0.435548
2026-08-20 21:50:41 | INFO | epoch=078 train_batch=120/392 running_loss=0.434487
2026-08-20 21:50:42 | INFO | epoch=078 train_batch=130/392 running_loss=0.434825
2026-08-20 21:50:43 | INFO | epoch=078 train_batch=140/392 running_loss=0.435427
2026-08-20 21:50:44 | INFO | epoch=078 train_batch=150/392 running_loss=0.434621
2026-08-20 21:50:45 | INFO | epoch=078 train_batch=160/392 running_loss=0.433395
2026-08-20 21:50:46 | INFO | epoch=078 train_batch=170/392 running_loss=0.433097
2026-08-20 21:50:47 | INFO | epoch=078 train_batch=180/392 running_loss=0.432719
2026-08-20 21:50:48 | INFO | epoch=078 train_batch=190/392 running_loss=0.432847
2026-08-20 21:50:49 | INFO | epoch=078 train_batch=200/392 running_loss=0.434055
2026-08-20 21:50:50 | INFO | epoch=078 train_batch=210/392 running_loss=0.434519
2026-08-20 21:50:51 | INFO | epoch=078 train_batch=220/392 running_loss=0.435777
2026-08-20 21:50:51 | INFO | epoch=078 train_batch=230/392 running_loss=0.435290
2026-08-20 21:50:52 | INFO | epoch=078 train_batch=240/392 running_loss=0.435338
2026-08-20 21:50:53 | INFO | epoch=078 train_batch=250/392 running_loss=0.436160
2026-08-20 21:50:54 | INFO | epoch=078 train_batch=260/392 running_loss=0.436303
2026-08-20 21:50:55 | INFO | epoch=078 train_batch=270/392 running_loss=0.436709
2026-08-20 21:50:56 | INFO | epoch=078 train_batch=280/392 running_loss=0.436789
2026-08-20 21:50:57 | INFO | epoch=078 train_batch=290/392 running_loss=0.437582
2026-08-20 21:50:58 | INFO | epoch=078 train_batch=300/392 running_loss=0.437833
2026-08-20 21:50:59 | INFO | epoch=078 train_batch=310/392 running_loss=0.437197
2026-08-20 21:51:00 | INFO | epoch=078 train_batch=320/392 running_loss=0.436678
2026-08-20 21:51:01 | INFO | epoch=078 train_batch=330/392 running_loss=0.436403
2026-08-20 21:51:02 | INFO | epoch=078 train_batch=340/392 running_loss=0.434726
2026-08-20 21:51:02 | INFO | epoch=078 train_batch=350/392 running_loss=0.435332
2026-08-20 21:51:03 | INFO | epoch=078 train_batch=360/392 running_loss=0.434592
2026-08-20 21:51:04 | INFO | epoch=078 train_batch=370/392 running_loss=0.434657
2026-08-20 21:51:05 | INFO | epoch=078 train_batch=380/392 running_loss=0.434607
2026-08-20 21:51:06 | INFO | epoch=078 train_batch=390/392 running_loss=0.435021
2026-08-20 21:51:06 | INFO | epoch=078 train_batch=392/392 running_loss=0.435186
2026-08-20 21:51:09 | INFO | epoch=078 train_loss=0.435186 validation_loss=2.055814
2026-08-20 21:51:09 | INFO | epoch=079 rollout_horizon=16 operation_teacher_probability=0.0127
2026-08-20 21:51:10 | INFO | epoch=079 train_batch=10/392 running_loss=0.438983
2026-08-20 21:51:11 | INFO | epoch=079 train_batch=20/392 running_loss=0.424094
2026-08-20 21:51:12 | INFO | epoch=079 train_batch=30/392 running_loss=0.436034
2026-08-20 21:51:13 | INFO | epoch=079 train_batch=40/392 running_loss=0.437979
2026-08-20 21:51:14 | INFO | epoch=079 train_batch=50/392 running_loss=0.437348
2026-08-20 21:51:15 | INFO | epoch=079 train_batch=60/392 running_loss=0.438402
2026-08-20 21:51:16 | INFO | epoch=079 train_batch=70/392 running_loss=0.434788
2026-08-20 21:51:17 | INFO | epoch=079 train_batch=80/392 running_loss=0.432122
2026-08-20 21:51:18 | INFO | epoch=079 train_batch=90/392 running_loss=0.433982
2026-08-20 21:51:19 | INFO | epoch=079 train_batch=100/392 running_loss=0.432566
2026-08-20 21:51:20 | INFO | epoch=079 train_batch=110/392 running_loss=0.435353
2026-08-20 21:51:21 | INFO | epoch=079 train_batch=120/392 running_loss=0.437199
2026-08-20 21:51:22 | INFO | epoch=079 train_batch=130/392 running_loss=0.436951
2026-08-20 21:51:23 | INFO | epoch=079 train_batch=140/392 running_loss=0.433653
2026-08-20 21:51:24 | INFO | epoch=079 train_batch=150/392 running_loss=0.433113
2026-08-20 21:51:25 | INFO | epoch=079 train_batch=160/392 running_loss=0.436392
2026-08-20 21:51:26 | INFO | epoch=079 train_batch=170/392 running_loss=0.436576
2026-08-20 21:51:27 | INFO | epoch=079 train_batch=180/392 running_loss=0.439041
2026-08-20 21:51:28 | INFO | epoch=079 train_batch=190/392 running_loss=0.438763
2026-08-20 21:51:29 | INFO | epoch=079 train_batch=200/392 running_loss=0.439699
2026-08-20 21:51:30 | INFO | epoch=079 train_batch=210/392 running_loss=0.439978
2026-08-20 21:51:31 | INFO | epoch=079 train_batch=220/392 running_loss=0.438680
2026-08-20 21:51:32 | INFO | epoch=079 train_batch=230/392 running_loss=0.436895
2026-08-20 21:51:33 | INFO | epoch=079 train_batch=240/392 running_loss=0.440274
2026-08-20 21:51:34 | INFO | epoch=079 train_batch=250/392 running_loss=0.441928
2026-08-20 21:51:35 | INFO | epoch=079 train_batch=260/392 running_loss=0.441819
2026-08-20 21:51:36 | INFO | epoch=079 train_batch=270/392 running_loss=0.441942
2026-08-20 21:51:37 | INFO | epoch=079 train_batch=280/392 running_loss=0.441954
2026-08-20 21:51:38 | INFO | epoch=079 train_batch=290/392 running_loss=0.443668
2026-08-20 21:51:39 | INFO | epoch=079 train_batch=300/392 running_loss=0.443819
2026-08-20 21:51:39 | INFO | epoch=079 train_batch=310/392 running_loss=0.444643
2026-08-20 21:51:40 | INFO | epoch=079 train_batch=320/392 running_loss=0.444959
2026-08-20 21:51:41 | INFO | epoch=079 train_batch=330/392 running_loss=0.446149
2026-08-20 21:51:42 | INFO | epoch=079 train_batch=340/392 running_loss=0.446536
2026-08-20 21:51:43 | INFO | epoch=079 train_batch=350/392 running_loss=0.447220
2026-08-20 21:51:44 | INFO | epoch=079 train_batch=360/392 running_loss=0.447130
2026-08-20 21:51:45 | INFO | epoch=079 train_batch=370/392 running_loss=0.447268
2026-08-20 21:51:46 | INFO | epoch=079 train_batch=380/392 running_loss=0.446354
2026-08-20 21:51:47 | INFO | epoch=079 train_batch=390/392 running_loss=0.446310
2026-08-20 21:51:47 | INFO | epoch=079 train_batch=392/392 running_loss=0.445735
2026-08-20 21:51:50 | INFO | epoch=079 train_loss=0.445735 validation_loss=2.015939
2026-08-20 21:51:50 | INFO | epoch=080 rollout_horizon=16 operation_teacher_probability=0.0000
2026-08-20 21:51:51 | INFO | epoch=080 train_batch=10/392 running_loss=0.413826
2026-08-20 21:51:52 | INFO | epoch=080 train_batch=20/392 running_loss=0.430511
2026-08-20 21:51:53 | INFO | epoch=080 train_batch=30/392 running_loss=0.435285
2026-08-20 21:51:54 | INFO | epoch=080 train_batch=40/392 running_loss=0.433461
2026-08-20 21:51:55 | INFO | epoch=080 train_batch=50/392 running_loss=0.434282
2026-08-20 21:51:56 | INFO | epoch=080 train_batch=60/392 running_loss=0.434083
2026-08-20 21:51:56 | INFO | epoch=080 train_batch=70/392 running_loss=0.435822
2026-08-20 21:51:57 | INFO | epoch=080 train_batch=80/392 running_loss=0.432934
2026-08-20 21:51:58 | INFO | epoch=080 train_batch=90/392 running_loss=0.435635
2026-08-20 21:51:59 | INFO | epoch=080 train_batch=100/392 running_loss=0.435303
2026-08-20 21:52:00 | INFO | epoch=080 train_batch=110/392 running_loss=0.438119
2026-08-20 21:52:01 | INFO | epoch=080 train_batch=120/392 running_loss=0.439020
2026-08-20 21:52:02 | INFO | epoch=080 train_batch=130/392 running_loss=0.437346
2026-08-20 21:52:03 | INFO | epoch=080 train_batch=140/392 running_loss=0.436119
2026-08-20 21:52:04 | INFO | epoch=080 train_batch=150/392 running_loss=0.435423
2026-08-20 21:52:05 | INFO | epoch=080 train_batch=160/392 running_loss=0.436903
2026-08-20 21:52:06 | INFO | epoch=080 train_batch=170/392 running_loss=0.437146
2026-08-20 21:52:07 | INFO | epoch=080 train_batch=180/392 running_loss=0.438682
2026-08-20 21:52:08 | INFO | epoch=080 train_batch=190/392 running_loss=0.438073
2026-08-20 21:52:08 | INFO | epoch=080 train_batch=200/392 running_loss=0.436844
2026-08-20 21:52:09 | INFO | epoch=080 train_batch=210/392 running_loss=0.436897
2026-08-20 21:52:10 | INFO | epoch=080 train_batch=220/392 running_loss=0.437214
2026-08-20 21:52:11 | INFO | epoch=080 train_batch=230/392 running_loss=0.436673
2026-08-20 21:52:12 | INFO | epoch=080 train_batch=240/392 running_loss=0.436048
2026-08-20 21:52:13 | INFO | epoch=080 train_batch=250/392 running_loss=0.435915
2026-08-20 21:52:14 | INFO | epoch=080 train_batch=260/392 running_loss=0.435571
2026-08-20 21:52:15 | INFO | epoch=080 train_batch=270/392 running_loss=0.436653
2026-08-20 21:52:16 | INFO | epoch=080 train_batch=280/392 running_loss=0.438719
2026-08-20 21:52:17 | INFO | epoch=080 train_batch=290/392 running_loss=0.439070
2026-08-20 21:52:18 | INFO | epoch=080 train_batch=300/392 running_loss=0.439561
2026-08-20 21:52:19 | INFO | epoch=080 train_batch=310/392 running_loss=0.440038
2026-08-20 21:52:19 | INFO | epoch=080 train_batch=320/392 running_loss=0.441075
2026-08-20 21:52:20 | INFO | epoch=080 train_batch=330/392 running_loss=0.441642
2026-08-20 21:52:21 | INFO | epoch=080 train_batch=340/392 running_loss=0.440956
2026-08-20 21:52:22 | INFO | epoch=080 train_batch=350/392 running_loss=0.442355
2026-08-20 21:52:23 | INFO | epoch=080 train_batch=360/392 running_loss=0.442423
2026-08-20 21:52:24 | INFO | epoch=080 train_batch=370/392 running_loss=0.442870
2026-08-20 21:52:25 | INFO | epoch=080 train_batch=380/392 running_loss=0.442728
2026-08-20 21:52:26 | INFO | epoch=080 train_batch=390/392 running_loss=0.441980
2026-08-20 21:52:26 | INFO | epoch=080 train_batch=392/392 running_loss=0.441827
2026-08-20 21:52:29 | INFO | epoch=080 train_loss=0.441827 validation_loss=2.111264
2026-08-20 21:52:29 | INFO | epoch=081 rollout_horizon=31 operation_teacher_probability=0.0000
2026-08-20 21:52:31 | INFO | epoch=081 train_batch=10/392 running_loss=1.232653
2026-08-20 21:52:32 | INFO | epoch=081 train_batch=20/392 running_loss=1.315378
2026-08-20 21:52:34 | INFO | epoch=081 train_batch=30/392 running_loss=1.383445
2026-08-20 21:52:35 | INFO | epoch=081 train_batch=40/392 running_loss=1.440582
2026-08-20 21:52:37 | INFO | epoch=081 train_batch=50/392 running_loss=1.453063
2026-08-20 21:52:38 | INFO | epoch=081 train_batch=60/392 running_loss=1.461363
2026-08-20 21:52:40 | INFO | epoch=081 train_batch=70/392 running_loss=1.454173
2026-08-20 21:52:41 | INFO | epoch=081 train_batch=80/392 running_loss=1.437277
2026-08-20 21:52:43 | INFO | epoch=081 train_batch=90/392 running_loss=1.433476
2026-08-20 21:52:44 | INFO | epoch=081 train_batch=100/392 running_loss=1.423173
2026-08-20 21:52:46 | INFO | epoch=081 train_batch=110/392 running_loss=1.423620
2026-08-20 21:52:47 | INFO | epoch=081 train_batch=120/392 running_loss=1.425546
2026-08-20 21:52:49 | INFO | epoch=081 train_batch=130/392 running_loss=1.419163
2026-08-20 21:52:50 | INFO | epoch=081 train_batch=140/392 running_loss=1.409271
2026-08-20 21:52:52 | INFO | epoch=081 train_batch=150/392 running_loss=1.410623
2026-08-20 21:52:53 | INFO | epoch=081 train_batch=160/392 running_loss=1.406471
2026-08-20 21:52:55 | INFO | epoch=081 train_batch=170/392 running_loss=1.400432
2026-08-20 21:52:56 | INFO | epoch=081 train_batch=180/392 running_loss=1.402484
2026-08-20 21:52:57 | INFO | epoch=081 train_batch=190/392 running_loss=1.392484
2026-08-20 21:52:59 | INFO | epoch=081 train_batch=200/392 running_loss=1.394519
2026-08-20 21:53:00 | INFO | epoch=081 train_batch=210/392 running_loss=1.382237
2026-08-20 21:53:02 | INFO | epoch=081 train_batch=220/392 running_loss=1.376989
2026-08-20 21:53:04 | INFO | epoch=081 train_batch=230/392 running_loss=1.369189
2026-08-20 21:53:05 | INFO | epoch=081 train_batch=240/392 running_loss=1.355980
2026-08-20 21:53:07 | INFO | epoch=081 train_batch=250/392 running_loss=1.353787
2026-08-20 21:53:08 | INFO | epoch=081 train_batch=260/392 running_loss=1.347660
2026-08-20 21:53:10 | INFO | epoch=081 train_batch=270/392 running_loss=1.338301
2026-08-20 21:53:11 | INFO | epoch=081 train_batch=280/392 running_loss=1.332259
2026-08-20 21:53:13 | INFO | epoch=081 train_batch=290/392 running_loss=1.327243
2026-08-20 21:53:14 | INFO | epoch=081 train_batch=300/392 running_loss=1.320711
2026-08-20 21:53:16 | INFO | epoch=081 train_batch=310/392 running_loss=1.314728
2026-08-20 21:53:17 | INFO | epoch=081 train_batch=320/392 running_loss=1.311081
2026-08-20 21:53:19 | INFO | epoch=081 train_batch=330/392 running_loss=1.308302
2026-08-20 21:53:20 | INFO | epoch=081 train_batch=340/392 running_loss=1.303093
2026-08-20 21:53:22 | INFO | epoch=081 train_batch=350/392 running_loss=1.298873
2026-08-20 21:53:23 | INFO | epoch=081 train_batch=360/392 running_loss=1.293700
2026-08-20 21:53:25 | INFO | epoch=081 train_batch=370/392 running_loss=1.286853
2026-08-20 21:53:26 | INFO | epoch=081 train_batch=380/392 running_loss=1.281933
2026-08-20 21:53:28 | INFO | epoch=081 train_batch=390/392 running_loss=1.278151
2026-08-20 21:53:28 | INFO | epoch=081 train_batch=392/392 running_loss=1.277598
2026-08-20 21:53:31 | INFO | epoch=081 train_loss=1.277598 validation_loss=1.895768
2026-08-20 21:53:31 | INFO | epoch=081 saved new best.pt
2026-08-20 21:53:31 | INFO | epoch=082 rollout_horizon=31 operation_teacher_probability=0.0000
2026-08-20 21:53:33 | INFO | epoch=082 train_batch=10/392 running_loss=1.107760
2026-08-20 21:53:34 | INFO | epoch=082 train_batch=20/392 running_loss=1.091726
2026-08-20 21:53:36 | INFO | epoch=082 train_batch=30/392 running_loss=1.107756
2026-08-20 21:53:37 | INFO | epoch=082 train_batch=40/392 running_loss=1.085600
2026-08-20 21:53:38 | INFO | epoch=082 train_batch=50/392 running_loss=1.065042
2026-08-20 21:53:40 | INFO | epoch=082 train_batch=60/392 running_loss=1.062850
2026-08-20 21:53:41 | INFO | epoch=082 train_batch=70/392 running_loss=1.061554
2026-08-20 21:53:43 | INFO | epoch=082 train_batch=80/392 running_loss=1.053174
2026-08-20 21:53:44 | INFO | epoch=082 train_batch=90/392 running_loss=1.055227
2026-08-20 21:53:46 | INFO | epoch=082 train_batch=100/392 running_loss=1.059863
2026-08-20 21:53:47 | INFO | epoch=082 train_batch=110/392 running_loss=1.052791
2026-08-20 21:53:49 | INFO | epoch=082 train_batch=120/392 running_loss=1.060967
2026-08-20 21:53:50 | INFO | epoch=082 train_batch=130/392 running_loss=1.066035
2026-08-20 21:53:52 | INFO | epoch=082 train_batch=140/392 running_loss=1.068766
2026-08-20 21:53:53 | INFO | epoch=082 train_batch=150/392 running_loss=1.080579
2026-08-20 21:53:55 | INFO | epoch=082 train_batch=160/392 running_loss=1.088171
2026-08-20 21:53:56 | INFO | epoch=082 train_batch=170/392 running_loss=1.088851
2026-08-20 21:53:58 | INFO | epoch=082 train_batch=180/392 running_loss=1.085643
2026-08-20 21:53:59 | INFO | epoch=082 train_batch=190/392 running_loss=1.083428
2026-08-20 21:54:01 | INFO | epoch=082 train_batch=200/392 running_loss=1.080776
2026-08-20 21:54:02 | INFO | epoch=082 train_batch=210/392 running_loss=1.080631
2026-08-20 21:54:04 | INFO | epoch=082 train_batch=220/392 running_loss=1.079510
2026-08-20 21:54:05 | INFO | epoch=082 train_batch=230/392 running_loss=1.075425
2026-08-20 21:54:07 | INFO | epoch=082 train_batch=240/392 running_loss=1.073623
2026-08-20 21:54:08 | INFO | epoch=082 train_batch=250/392 running_loss=1.072992
2026-08-20 21:54:10 | INFO | epoch=082 train_batch=260/392 running_loss=1.072648
2026-08-20 21:54:11 | INFO | epoch=082 train_batch=270/392 running_loss=1.070588
2026-08-20 21:54:13 | INFO | epoch=082 train_batch=280/392 running_loss=1.075566
2026-08-20 21:54:14 | INFO | epoch=082 train_batch=290/392 running_loss=1.076970
2026-08-20 21:54:16 | INFO | epoch=082 train_batch=300/392 running_loss=1.075170
2026-08-20 21:54:17 | INFO | epoch=082 train_batch=310/392 running_loss=1.070868
2026-08-20 21:54:19 | INFO | epoch=082 train_batch=320/392 running_loss=1.068654
2026-08-20 21:54:20 | INFO | epoch=082 train_batch=330/392 running_loss=1.064994
2026-08-20 21:54:22 | INFO | epoch=082 train_batch=340/392 running_loss=1.065091
2026-08-20 21:54:23 | INFO | epoch=082 train_batch=350/392 running_loss=1.067101
2026-08-20 21:54:25 | INFO | epoch=082 train_batch=360/392 running_loss=1.064228
2026-08-20 21:54:26 | INFO | epoch=082 train_batch=370/392 running_loss=1.062657
2026-08-20 21:54:28 | INFO | epoch=082 train_batch=380/392 running_loss=1.057946
2026-08-20 21:54:29 | INFO | epoch=082 train_batch=390/392 running_loss=1.057755
2026-08-20 21:54:29 | INFO | epoch=082 train_batch=392/392 running_loss=1.057229
2026-08-20 21:54:32 | INFO | epoch=082 train_loss=1.057229 validation_loss=2.021375
2026-08-20 21:54:32 | INFO | epoch=083 rollout_horizon=31 operation_teacher_probability=0.0000
2026-08-20 21:54:34 | INFO | epoch=083 train_batch=10/392 running_loss=0.975935
2026-08-20 21:54:35 | INFO | epoch=083 train_batch=20/392 running_loss=1.006124
2026-08-20 21:54:37 | INFO | epoch=083 train_batch=30/392 running_loss=1.033789
2026-08-20 21:54:38 | INFO | epoch=083 train_batch=40/392 running_loss=1.061455
2026-08-20 21:54:40 | INFO | epoch=083 train_batch=50/392 running_loss=1.045173
2026-08-20 21:54:41 | INFO | epoch=083 train_batch=60/392 running_loss=1.050088
2026-08-20 21:54:43 | INFO | epoch=083 train_batch=70/392 running_loss=1.055731
2026-08-20 21:54:44 | INFO | epoch=083 train_batch=80/392 running_loss=1.045025
2026-08-20 21:54:46 | INFO | epoch=083 train_batch=90/392 running_loss=1.039267
2026-08-20 21:54:47 | INFO | epoch=083 train_batch=100/392 running_loss=1.033099
2026-08-20 21:54:49 | INFO | epoch=083 train_batch=110/392 running_loss=1.023599
2026-08-20 21:54:50 | INFO | epoch=083 train_batch=120/392 running_loss=1.020006
2026-08-20 21:54:52 | INFO | epoch=083 train_batch=130/392 running_loss=1.019928
2026-08-20 21:54:53 | INFO | epoch=083 train_batch=140/392 running_loss=1.013383
2026-08-20 21:54:55 | INFO | epoch=083 train_batch=150/392 running_loss=1.010721
2026-08-20 21:54:56 | INFO | epoch=083 train_batch=160/392 running_loss=1.012940
2026-08-20 21:54:58 | INFO | epoch=083 train_batch=170/392 running_loss=1.007245
2026-08-20 21:54:59 | INFO | epoch=083 train_batch=180/392 running_loss=1.005595
2026-08-20 21:55:01 | INFO | epoch=083 train_batch=190/392 running_loss=1.002590
2026-08-20 21:55:02 | INFO | epoch=083 train_batch=200/392 running_loss=1.004447
2026-08-20 21:55:04 | INFO | epoch=083 train_batch=210/392 running_loss=1.011090
2026-08-20 21:55:05 | INFO | epoch=083 train_batch=220/392 running_loss=1.009860
2026-08-20 21:55:07 | INFO | epoch=083 train_batch=230/392 running_loss=1.010981
2026-08-20 21:55:09 | INFO | epoch=083 train_batch=240/392 running_loss=1.010060
2026-08-20 21:55:10 | INFO | epoch=083 train_batch=250/392 running_loss=1.008444
2026-08-20 21:55:12 | INFO | epoch=083 train_batch=260/392 running_loss=1.006181
2026-08-20 21:55:13 | INFO | epoch=083 train_batch=270/392 running_loss=1.003853
2026-08-20 21:55:15 | INFO | epoch=083 train_batch=280/392 running_loss=1.001610
2026-08-20 21:55:16 | INFO | epoch=083 train_batch=290/392 running_loss=1.002153
2026-08-20 21:55:18 | INFO | epoch=083 train_batch=300/392 running_loss=1.000112
2026-08-20 21:55:19 | INFO | epoch=083 train_batch=310/392 running_loss=1.004149
2026-08-20 21:55:21 | INFO | epoch=083 train_batch=320/392 running_loss=1.005374
2026-08-20 21:55:22 | INFO | epoch=083 train_batch=330/392 running_loss=1.006497
2026-08-20 21:55:24 | INFO | epoch=083 train_batch=340/392 running_loss=1.004896
2026-08-20 21:55:25 | INFO | epoch=083 train_batch=350/392 running_loss=1.002012
2026-08-20 21:55:27 | INFO | epoch=083 train_batch=360/392 running_loss=1.000234
2026-08-20 21:55:28 | INFO | epoch=083 train_batch=370/392 running_loss=0.997620
2026-08-20 21:55:30 | INFO | epoch=083 train_batch=380/392 running_loss=0.996783
2026-08-20 21:55:31 | INFO | epoch=083 train_batch=390/392 running_loss=0.998560
2026-08-20 21:55:32 | INFO | epoch=083 train_batch=392/392 running_loss=0.998989
2026-08-20 21:55:35 | INFO | epoch=083 train_loss=0.998989 validation_loss=2.073992
2026-08-20 21:55:35 | INFO | epoch=084 rollout_horizon=31 operation_teacher_probability=0.0000
2026-08-20 21:55:36 | INFO | epoch=084 train_batch=10/392 running_loss=1.001858
2026-08-20 21:55:38 | INFO | epoch=084 train_batch=20/392 running_loss=0.999773
2026-08-20 21:55:39 | INFO | epoch=084 train_batch=30/392 running_loss=1.010431
2026-08-20 21:55:41 | INFO | epoch=084 train_batch=40/392 running_loss=1.001442
2026-08-20 21:55:42 | INFO | epoch=084 train_batch=50/392 running_loss=0.994567
2026-08-20 21:55:44 | INFO | epoch=084 train_batch=60/392 running_loss=0.986306
2026-08-20 21:55:45 | INFO | epoch=084 train_batch=70/392 running_loss=0.985639
2026-08-20 21:55:47 | INFO | epoch=084 train_batch=80/392 running_loss=0.974461
2026-08-20 21:55:48 | INFO | epoch=084 train_batch=90/392 running_loss=0.969547
2026-08-20 21:55:50 | INFO | epoch=084 train_batch=100/392 running_loss=0.968433
2026-08-20 21:55:51 | INFO | epoch=084 train_batch=110/392 running_loss=0.972201
2026-08-20 21:55:53 | INFO | epoch=084 train_batch=120/392 running_loss=0.971390
2026-08-20 21:55:54 | INFO | epoch=084 train_batch=130/392 running_loss=0.965875
2026-08-20 21:55:56 | INFO | epoch=084 train_batch=140/392 running_loss=0.963521
2026-08-20 21:55:57 | INFO | epoch=084 train_batch=150/392 running_loss=0.966493
2026-08-20 21:55:59 | INFO | epoch=084 train_batch=160/392 running_loss=0.965440
2026-08-20 21:56:00 | INFO | epoch=084 train_batch=170/392 running_loss=0.963627
2026-08-20 21:56:02 | INFO | epoch=084 train_batch=180/392 running_loss=0.960999
2026-08-20 21:56:03 | INFO | epoch=084 train_batch=190/392 running_loss=0.961619
2026-08-20 21:56:05 | INFO | epoch=084 train_batch=200/392 running_loss=0.964827
2026-08-20 21:56:06 | INFO | epoch=084 train_batch=210/392 running_loss=0.970744
2026-08-20 21:56:08 | INFO | epoch=084 train_batch=220/392 running_loss=0.971487
2026-08-20 21:56:09 | INFO | epoch=084 train_batch=230/392 running_loss=0.970755
2026-08-20 21:56:11 | INFO | epoch=084 train_batch=240/392 running_loss=0.969574
2026-08-20 21:56:12 | INFO | epoch=084 train_batch=250/392 running_loss=0.970180
2026-08-20 21:56:14 | INFO | epoch=084 train_batch=260/392 running_loss=0.971439
2026-08-20 21:56:15 | INFO | epoch=084 train_batch=270/392 running_loss=0.971518
2026-08-20 21:56:17 | INFO | epoch=084 train_batch=280/392 running_loss=0.969300
2026-08-20 21:56:18 | INFO | epoch=084 train_batch=290/392 running_loss=0.968294
2026-08-20 21:56:20 | INFO | epoch=084 train_batch=300/392 running_loss=0.967357
2026-08-20 21:56:21 | INFO | epoch=084 train_batch=310/392 running_loss=0.965646
2026-08-20 21:56:23 | INFO | epoch=084 train_batch=320/392 running_loss=0.966339
2026-08-20 21:56:24 | INFO | epoch=084 train_batch=330/392 running_loss=0.964979
2026-08-20 21:56:26 | INFO | epoch=084 train_batch=340/392 running_loss=0.965378
2026-08-20 21:56:27 | INFO | epoch=084 train_batch=350/392 running_loss=0.965040
2026-08-20 21:56:29 | INFO | epoch=084 train_batch=360/392 running_loss=0.964427
2026-08-20 21:56:31 | INFO | epoch=084 train_batch=370/392 running_loss=0.962324
2026-08-20 21:56:32 | INFO | epoch=084 train_batch=380/392 running_loss=0.960764
2026-08-20 21:56:34 | INFO | epoch=084 train_batch=390/392 running_loss=0.961256
2026-08-20 21:56:34 | INFO | epoch=084 train_batch=392/392 running_loss=0.961614
2026-08-20 21:56:37 | INFO | epoch=084 train_loss=0.961614 validation_loss=1.946856
2026-08-20 21:56:37 | INFO | epoch=085 rollout_horizon=31 operation_teacher_probability=0.0000
2026-08-20 21:56:39 | INFO | epoch=085 train_batch=10/392 running_loss=0.981648
2026-08-20 21:56:40 | INFO | epoch=085 train_batch=20/392 running_loss=0.927497
2026-08-20 21:56:42 | INFO | epoch=085 train_batch=30/392 running_loss=0.922922
2026-08-20 21:56:43 | INFO | epoch=085 train_batch=40/392 running_loss=0.940540
2026-08-20 21:56:45 | INFO | epoch=085 train_batch=50/392 running_loss=0.937084
2026-08-20 21:56:46 | INFO | epoch=085 train_batch=60/392 running_loss=0.926280
2026-08-20 21:56:48 | INFO | epoch=085 train_batch=70/392 running_loss=0.921684
2026-08-20 21:56:49 | INFO | epoch=085 train_batch=80/392 running_loss=0.919463
2026-08-20 21:56:51 | INFO | epoch=085 train_batch=90/392 running_loss=0.921136
2026-08-20 21:56:52 | INFO | epoch=085 train_batch=100/392 running_loss=0.920873
2026-08-20 21:56:54 | INFO | epoch=085 train_batch=110/392 running_loss=0.922377
2026-08-20 21:56:55 | INFO | epoch=085 train_batch=120/392 running_loss=0.922006
2026-08-20 21:56:57 | INFO | epoch=085 train_batch=130/392 running_loss=0.919696
2026-08-20 21:56:58 | INFO | epoch=085 train_batch=140/392 running_loss=0.919723
2026-08-20 21:57:00 | INFO | epoch=085 train_batch=150/392 running_loss=0.923276
2026-08-20 21:57:01 | INFO | epoch=085 train_batch=160/392 running_loss=0.919430
2026-08-20 21:57:03 | INFO | epoch=085 train_batch=170/392 running_loss=0.914516
2026-08-20 21:57:04 | INFO | epoch=085 train_batch=180/392 running_loss=0.916749
2026-08-20 21:57:06 | INFO | epoch=085 train_batch=190/392 running_loss=0.922852
2026-08-20 21:57:07 | INFO | epoch=085 train_batch=200/392 running_loss=0.928084
2026-08-20 21:57:09 | INFO | epoch=085 train_batch=210/392 running_loss=0.928785
2026-08-20 21:57:10 | INFO | epoch=085 train_batch=220/392 running_loss=0.926161
2026-08-20 21:57:12 | INFO | epoch=085 train_batch=230/392 running_loss=0.925237
2026-08-20 21:57:13 | INFO | epoch=085 train_batch=240/392 running_loss=0.927185
2026-08-20 21:57:15 | INFO | epoch=085 train_batch=250/392 running_loss=0.924528
2026-08-20 21:57:16 | INFO | epoch=085 train_batch=260/392 running_loss=0.924374
2026-08-20 21:57:18 | INFO | epoch=085 train_batch=270/392 running_loss=0.924813
2026-08-20 21:57:20 | INFO | epoch=085 train_batch=280/392 running_loss=0.925212
2026-08-20 21:57:21 | INFO | epoch=085 train_batch=290/392 running_loss=0.927762
2026-08-20 21:57:23 | INFO | epoch=085 train_batch=300/392 running_loss=0.928989
2026-08-20 21:57:24 | INFO | epoch=085 train_batch=310/392 running_loss=0.927914
2026-08-20 21:57:26 | INFO | epoch=085 train_batch=320/392 running_loss=0.930606
2026-08-20 21:57:27 | INFO | epoch=085 train_batch=330/392 running_loss=0.930780
2026-08-20 21:57:29 | INFO | epoch=085 train_batch=340/392 running_loss=0.931020
2026-08-20 21:57:30 | INFO | epoch=085 train_batch=350/392 running_loss=0.930384
2026-08-20 21:57:32 | INFO | epoch=085 train_batch=360/392 running_loss=0.931308
2026-08-20 21:57:33 | INFO | epoch=085 train_batch=370/392 running_loss=0.928946
2026-08-20 21:57:35 | INFO | epoch=085 train_batch=380/392 running_loss=0.928697
2026-08-20 21:57:36 | INFO | epoch=085 train_batch=390/392 running_loss=0.926126
2026-08-20 21:57:37 | INFO | epoch=085 train_batch=392/392 running_loss=0.924918
2026-08-20 21:57:40 | INFO | epoch=085 train_loss=0.924918 validation_loss=2.125792
2026-08-20 21:57:40 | INFO | epoch=086 rollout_horizon=31 operation_teacher_probability=0.0000
2026-08-20 21:57:41 | INFO | epoch=086 train_batch=10/392 running_loss=0.932558
2026-08-20 21:57:43 | INFO | epoch=086 train_batch=20/392 running_loss=0.960643
2026-08-20 21:57:44 | INFO | epoch=086 train_batch=30/392 running_loss=0.946756
2026-08-20 21:57:46 | INFO | epoch=086 train_batch=40/392 running_loss=0.946989
2026-08-20 21:57:47 | INFO | epoch=086 train_batch=50/392 running_loss=0.925568
2026-08-20 21:57:49 | INFO | epoch=086 train_batch=60/392 running_loss=0.914564
2026-08-20 21:57:50 | INFO | epoch=086 train_batch=70/392 running_loss=0.924306
2026-08-20 21:57:52 | INFO | epoch=086 train_batch=80/392 running_loss=0.927732
2026-08-20 21:57:53 | INFO | epoch=086 train_batch=90/392 running_loss=0.925994
2026-08-20 21:57:55 | INFO | epoch=086 train_batch=100/392 running_loss=0.926523
2026-08-20 21:57:57 | INFO | epoch=086 train_batch=110/392 running_loss=0.920757
2026-08-20 21:57:58 | INFO | epoch=086 train_batch=120/392 running_loss=0.918591
2026-08-20 21:58:00 | INFO | epoch=086 train_batch=130/392 running_loss=0.918833
2026-08-20 21:58:01 | INFO | epoch=086 train_batch=140/392 running_loss=0.920611
2026-08-20 21:58:03 | INFO | epoch=086 train_batch=150/392 running_loss=0.916858
2026-08-20 21:58:04 | INFO | epoch=086 train_batch=160/392 running_loss=0.916511
2026-08-20 21:58:06 | INFO | epoch=086 train_batch=170/392 running_loss=0.913730
2026-08-20 21:58:07 | INFO | epoch=086 train_batch=180/392 running_loss=0.913806
2026-08-20 21:58:09 | INFO | epoch=086 train_batch=190/392 running_loss=0.918165
2026-08-20 21:58:10 | INFO | epoch=086 train_batch=200/392 running_loss=0.912856
2026-08-20 21:58:12 | INFO | epoch=086 train_batch=210/392 running_loss=0.915035
2026-08-20 21:58:13 | INFO | epoch=086 train_batch=220/392 running_loss=0.915768
2026-08-20 21:58:15 | INFO | epoch=086 train_batch=230/392 running_loss=0.914769
2026-08-20 21:58:16 | INFO | epoch=086 train_batch=240/392 running_loss=0.913343
2026-08-20 21:58:18 | INFO | epoch=086 train_batch=250/392 running_loss=0.913118
2026-08-20 21:58:20 | INFO | epoch=086 train_batch=260/392 running_loss=0.911748
2026-08-20 21:58:21 | INFO | epoch=086 train_batch=270/392 running_loss=0.913006
2026-08-20 21:58:23 | INFO | epoch=086 train_batch=280/392 running_loss=0.913194
2026-08-20 21:58:24 | INFO | epoch=086 train_batch=290/392 running_loss=0.911776
2026-08-20 21:58:26 | INFO | epoch=086 train_batch=300/392 running_loss=0.908859
2026-08-20 21:58:27 | INFO | epoch=086 train_batch=310/392 running_loss=0.907745
2026-08-20 21:58:29 | INFO | epoch=086 train_batch=320/392 running_loss=0.908886
2026-08-20 21:58:30 | INFO | epoch=086 train_batch=330/392 running_loss=0.905485
2026-08-20 21:58:32 | INFO | epoch=086 train_batch=340/392 running_loss=0.906532
2026-08-20 21:58:33 | INFO | epoch=086 train_batch=350/392 running_loss=0.907637
2026-08-20 21:58:35 | INFO | epoch=086 train_batch=360/392 running_loss=0.907248
2026-08-20 21:58:36 | INFO | epoch=086 train_batch=370/392 running_loss=0.907507
2026-08-20 21:58:38 | INFO | epoch=086 train_batch=380/392 running_loss=0.907558
2026-08-20 21:58:39 | INFO | epoch=086 train_batch=390/392 running_loss=0.905925
2026-08-20 21:58:40 | INFO | epoch=086 train_batch=392/392 running_loss=0.905016
2026-08-20 21:58:43 | INFO | epoch=086 train_loss=0.905016 validation_loss=2.060884
2026-08-20 21:58:43 | INFO | epoch=087 rollout_horizon=31 operation_teacher_probability=0.0000
2026-08-20 21:58:44 | INFO | epoch=087 train_batch=10/392 running_loss=0.867310
2026-08-20 21:58:46 | INFO | epoch=087 train_batch=20/392 running_loss=0.881105
2026-08-20 21:58:47 | INFO | epoch=087 train_batch=30/392 running_loss=0.881171
2026-08-20 21:58:49 | INFO | epoch=087 train_batch=40/392 running_loss=0.874127
2026-08-20 21:58:50 | INFO | epoch=087 train_batch=50/392 running_loss=0.875219
2026-08-20 21:58:52 | INFO | epoch=087 train_batch=60/392 running_loss=0.881382
2026-08-20 21:58:53 | INFO | epoch=087 train_batch=70/392 running_loss=0.874851
2026-08-20 21:58:55 | INFO | epoch=087 train_batch=80/392 running_loss=0.874684
2026-08-20 21:58:56 | INFO | epoch=087 train_batch=90/392 running_loss=0.875405
2026-08-20 21:58:57 | INFO | epoch=087 train_batch=100/392 running_loss=0.878988
2026-08-20 21:58:59 | INFO | epoch=087 train_batch=110/392 running_loss=0.876666
2026-08-20 21:59:01 | INFO | epoch=087 train_batch=120/392 running_loss=0.884863
2026-08-20 21:59:02 | INFO | epoch=087 train_batch=130/392 running_loss=0.884298
2026-08-20 21:59:04 | INFO | epoch=087 train_batch=140/392 running_loss=0.885566
2026-08-20 21:59:05 | INFO | epoch=087 train_batch=150/392 running_loss=0.884489
2026-08-20 21:59:07 | INFO | epoch=087 train_batch=160/392 running_loss=0.881509
2026-08-20 21:59:08 | INFO | epoch=087 train_batch=170/392 running_loss=0.880597
2026-08-20 21:59:10 | INFO | epoch=087 train_batch=180/392 running_loss=0.884480
2026-08-20 21:59:11 | INFO | epoch=087 train_batch=190/392 running_loss=0.884731
2026-08-20 21:59:13 | INFO | epoch=087 train_batch=200/392 running_loss=0.881495
2026-08-20 21:59:14 | INFO | epoch=087 train_batch=210/392 running_loss=0.886596
2026-08-20 21:59:16 | INFO | epoch=087 train_batch=220/392 running_loss=0.886259
2026-08-20 21:59:17 | INFO | epoch=087 train_batch=230/392 running_loss=0.884880
2026-08-20 21:59:19 | INFO | epoch=087 train_batch=240/392 running_loss=0.880075
2026-08-20 21:59:20 | INFO | epoch=087 train_batch=250/392 running_loss=0.878185
2026-08-20 21:59:22 | INFO | epoch=087 train_batch=260/392 running_loss=0.878683
2026-08-20 21:59:24 | INFO | epoch=087 train_batch=270/392 running_loss=0.878553
2026-08-20 21:59:25 | INFO | epoch=087 train_batch=280/392 running_loss=0.879098
2026-08-20 21:59:27 | INFO | epoch=087 train_batch=290/392 running_loss=0.877100
2026-08-20 21:59:28 | INFO | epoch=087 train_batch=300/392 running_loss=0.875636
2026-08-20 21:59:30 | INFO | epoch=087 train_batch=310/392 running_loss=0.874045
2026-08-20 21:59:31 | INFO | epoch=087 train_batch=320/392 running_loss=0.872776
2026-08-20 21:59:33 | INFO | epoch=087 train_batch=330/392 running_loss=0.871777
2026-08-20 21:59:34 | INFO | epoch=087 train_batch=340/392 running_loss=0.872582
2026-08-20 21:59:36 | INFO | epoch=087 train_batch=350/392 running_loss=0.871350
2026-08-20 21:59:37 | INFO | epoch=087 train_batch=360/392 running_loss=0.875167
2026-08-20 21:59:39 | INFO | epoch=087 train_batch=370/392 running_loss=0.875592
2026-08-20 21:59:40 | INFO | epoch=087 train_batch=380/392 running_loss=0.875160
2026-08-20 21:59:42 | INFO | epoch=087 train_batch=390/392 running_loss=0.876298
2026-08-20 21:59:42 | INFO | epoch=087 train_batch=392/392 running_loss=0.875369
2026-08-20 21:59:45 | INFO | epoch=087 train_loss=0.875369 validation_loss=2.149242
2026-08-20 21:59:45 | INFO | epoch=088 rollout_horizon=31 operation_teacher_probability=0.0000
2026-08-20 21:59:47 | INFO | epoch=088 train_batch=10/392 running_loss=0.761926
2026-08-20 21:59:48 | INFO | epoch=088 train_batch=20/392 running_loss=0.822667
2026-08-20 21:59:50 | INFO | epoch=088 train_batch=30/392 running_loss=0.848382
2026-08-20 21:59:51 | INFO | epoch=088 train_batch=40/392 running_loss=0.835440
2026-08-20 21:59:53 | INFO | epoch=088 train_batch=50/392 running_loss=0.835550
2026-08-20 21:59:54 | INFO | epoch=088 train_batch=60/392 running_loss=0.835065
2026-08-20 21:59:56 | INFO | epoch=088 train_batch=70/392 running_loss=0.838257
2026-08-20 21:59:57 | INFO | epoch=088 train_batch=80/392 running_loss=0.834140
2026-08-20 21:59:59 | INFO | epoch=088 train_batch=90/392 running_loss=0.825751
2026-08-20 22:00:00 | INFO | epoch=088 train_batch=100/392 running_loss=0.824612
2026-08-20 22:00:02 | INFO | epoch=088 train_batch=110/392 running_loss=0.826251
2026-08-20 22:00:03 | INFO | epoch=088 train_batch=120/392 running_loss=0.832337
2026-08-20 22:00:05 | INFO | epoch=088 train_batch=130/392 running_loss=0.834050
2026-08-20 22:00:06 | INFO | epoch=088 train_batch=140/392 running_loss=0.839156
2026-08-20 22:00:08 | INFO | epoch=088 train_batch=150/392 running_loss=0.838729
2026-08-20 22:00:09 | INFO | epoch=088 train_batch=160/392 running_loss=0.834534
2026-08-20 22:00:11 | INFO | epoch=088 train_batch=170/392 running_loss=0.836519
2026-08-20 22:00:12 | INFO | epoch=088 train_batch=180/392 running_loss=0.842293
2026-08-20 22:00:14 | INFO | epoch=088 train_batch=190/392 running_loss=0.850250
2026-08-20 22:00:15 | INFO | epoch=088 train_batch=200/392 running_loss=0.851473
2026-08-20 22:00:17 | INFO | epoch=088 train_batch=210/392 running_loss=0.855778
2026-08-20 22:00:18 | INFO | epoch=088 train_batch=220/392 running_loss=0.853742
2026-08-20 22:00:20 | INFO | epoch=088 train_batch=230/392 running_loss=0.856094
2026-08-20 22:00:21 | INFO | epoch=088 train_batch=240/392 running_loss=0.855562
2026-08-20 22:00:23 | INFO | epoch=088 train_batch=250/392 running_loss=0.856462
2026-08-20 22:00:24 | INFO | epoch=088 train_batch=260/392 running_loss=0.852844
2026-08-20 22:00:26 | INFO | epoch=088 train_batch=270/392 running_loss=0.852572
2026-08-20 22:00:27 | INFO | epoch=088 train_batch=280/392 running_loss=0.853184
2026-08-20 22:00:29 | INFO | epoch=088 train_batch=290/392 running_loss=0.852899
2026-08-20 22:00:30 | INFO | epoch=088 train_batch=300/392 running_loss=0.854914
2026-08-20 22:00:32 | INFO | epoch=088 train_batch=310/392 running_loss=0.855395
2026-08-20 22:00:33 | INFO | epoch=088 train_batch=320/392 running_loss=0.852668
2026-08-20 22:00:35 | INFO | epoch=088 train_batch=330/392 running_loss=0.854945
2026-08-20 22:00:36 | INFO | epoch=088 train_batch=340/392 running_loss=0.857424
2026-08-20 22:00:38 | INFO | epoch=088 train_batch=350/392 running_loss=0.859603
2026-08-20 22:00:39 | INFO | epoch=088 train_batch=360/392 running_loss=0.861254
2026-08-20 22:00:41 | INFO | epoch=088 train_batch=370/392 running_loss=0.862833
2026-08-20 22:00:42 | INFO | epoch=088 train_batch=380/392 running_loss=0.864729
2026-08-20 22:00:44 | INFO | epoch=088 train_batch=390/392 running_loss=0.868878
2026-08-20 22:00:44 | INFO | epoch=088 train_batch=392/392 running_loss=0.870134
2026-08-20 22:00:47 | INFO | epoch=088 train_loss=0.870134 validation_loss=2.207466
2026-08-20 22:00:47 | INFO | epoch=089 rollout_horizon=31 operation_teacher_probability=0.0000
2026-08-20 22:00:49 | INFO | epoch=089 train_batch=10/392 running_loss=0.824217
2026-08-20 22:00:50 | INFO | epoch=089 train_batch=20/392 running_loss=0.819798
2026-08-20 22:00:52 | INFO | epoch=089 train_batch=30/392 running_loss=0.831380
2026-08-20 22:00:53 | INFO | epoch=089 train_batch=40/392 running_loss=0.848856
2026-08-20 22:00:55 | INFO | epoch=089 train_batch=50/392 running_loss=0.870935
2026-08-20 22:00:56 | INFO | epoch=089 train_batch=60/392 running_loss=0.865402
2026-08-20 22:00:58 | INFO | epoch=089 train_batch=70/392 running_loss=0.866753
2026-08-20 22:00:59 | INFO | epoch=089 train_batch=80/392 running_loss=0.871008
2026-08-20 22:01:01 | INFO | epoch=089 train_batch=90/392 running_loss=0.872268
2026-08-20 22:01:02 | INFO | epoch=089 train_batch=100/392 running_loss=0.876396
2026-08-20 22:01:04 | INFO | epoch=089 train_batch=110/392 running_loss=0.871976
2026-08-20 22:01:05 | INFO | epoch=089 train_batch=120/392 running_loss=0.870163
2026-08-20 22:01:07 | INFO | epoch=089 train_batch=130/392 running_loss=0.868456
2026-08-20 22:01:08 | INFO | epoch=089 train_batch=140/392 running_loss=0.866225
2026-08-20 22:01:10 | INFO | epoch=089 train_batch=150/392 running_loss=0.864676
2026-08-20 22:01:11 | INFO | epoch=089 train_batch=160/392 running_loss=0.867777
2026-08-20 22:01:13 | INFO | epoch=089 train_batch=170/392 running_loss=0.867509
2026-08-20 22:01:14 | INFO | epoch=089 train_batch=180/392 running_loss=0.859275
2026-08-20 22:01:16 | INFO | epoch=089 train_batch=190/392 running_loss=0.862076
2026-08-20 22:01:17 | INFO | epoch=089 train_batch=200/392 running_loss=0.861942
2026-08-20 22:01:19 | INFO | epoch=089 train_batch=210/392 running_loss=0.857883
2026-08-20 22:01:20 | INFO | epoch=089 train_batch=220/392 running_loss=0.856277
2026-08-20 22:01:21 | INFO | epoch=089 train_batch=230/392 running_loss=0.856186
2026-08-20 22:01:23 | INFO | epoch=089 train_batch=240/392 running_loss=0.852525
2026-08-20 22:01:24 | INFO | epoch=089 train_batch=250/392 running_loss=0.856882
2026-08-20 22:01:26 | INFO | epoch=089 train_batch=260/392 running_loss=0.857961
2026-08-20 22:01:27 | INFO | epoch=089 train_batch=270/392 running_loss=0.855028
2026-08-20 22:01:29 | INFO | epoch=089 train_batch=280/392 running_loss=0.852544
2026-08-20 22:01:30 | INFO | epoch=089 train_batch=290/392 running_loss=0.852106
2026-08-20 22:01:32 | INFO | epoch=089 train_batch=300/392 running_loss=0.848745
2026-08-20 22:01:33 | INFO | epoch=089 train_batch=310/392 running_loss=0.847176
2026-08-20 22:01:35 | INFO | epoch=089 train_batch=320/392 running_loss=0.846813
2026-08-20 22:01:36 | INFO | epoch=089 train_batch=330/392 running_loss=0.850819
2026-08-20 22:01:38 | INFO | epoch=089 train_batch=340/392 running_loss=0.850631
2026-08-20 22:01:39 | INFO | epoch=089 train_batch=350/392 running_loss=0.852153
2026-08-20 22:01:41 | INFO | epoch=089 train_batch=360/392 running_loss=0.851267
2026-08-20 22:01:42 | INFO | epoch=089 train_batch=370/392 running_loss=0.850793
2026-08-20 22:01:44 | INFO | epoch=089 train_batch=380/392 running_loss=0.849430
2026-08-20 22:01:45 | INFO | epoch=089 train_batch=390/392 running_loss=0.850690
2026-08-20 22:01:46 | INFO | epoch=089 train_batch=392/392 running_loss=0.850522
2026-08-20 22:01:48 | INFO | epoch=089 train_loss=0.850522 validation_loss=2.227909
2026-08-20 22:01:49 | INFO | epoch=090 rollout_horizon=31 operation_teacher_probability=0.0000
2026-08-20 22:01:50 | INFO | epoch=090 train_batch=10/392 running_loss=0.824379
2026-08-20 22:01:52 | INFO | epoch=090 train_batch=20/392 running_loss=0.797216
2026-08-20 22:01:53 | INFO | epoch=090 train_batch=30/392 running_loss=0.793548
2026-08-20 22:01:54 | INFO | epoch=090 train_batch=40/392 running_loss=0.798216
2026-08-20 22:01:56 | INFO | epoch=090 train_batch=50/392 running_loss=0.802610
2026-08-20 22:01:57 | INFO | epoch=090 train_batch=60/392 running_loss=0.804527
2026-08-20 22:01:59 | INFO | epoch=090 train_batch=70/392 running_loss=0.804938
2026-08-20 22:02:00 | INFO | epoch=090 train_batch=80/392 running_loss=0.806389
2026-08-20 22:02:02 | INFO | epoch=090 train_batch=90/392 running_loss=0.810684
2026-08-20 22:02:03 | INFO | epoch=090 train_batch=100/392 running_loss=0.814443
2026-08-20 22:02:05 | INFO | epoch=090 train_batch=110/392 running_loss=0.815670
2026-08-20 22:02:06 | INFO | epoch=090 train_batch=120/392 running_loss=0.827097
2026-08-20 22:02:08 | INFO | epoch=090 train_batch=130/392 running_loss=0.828574
2026-08-20 22:02:09 | INFO | epoch=090 train_batch=140/392 running_loss=0.832953
2026-08-20 22:02:11 | INFO | epoch=090 train_batch=150/392 running_loss=0.830852
2026-08-20 22:02:12 | INFO | epoch=090 train_batch=160/392 running_loss=0.833219
2026-08-20 22:02:14 | INFO | epoch=090 train_batch=170/392 running_loss=0.837715
2026-08-20 22:02:15 | INFO | epoch=090 train_batch=180/392 running_loss=0.844981
2026-08-20 22:02:17 | INFO | epoch=090 train_batch=190/392 running_loss=0.844681
2026-08-20 22:02:18 | INFO | epoch=090 train_batch=200/392 running_loss=0.840586
2026-08-20 22:02:20 | INFO | epoch=090 train_batch=210/392 running_loss=0.839268
2026-08-20 22:02:21 | INFO | epoch=090 train_batch=220/392 running_loss=0.840753
2026-08-20 22:02:23 | INFO | epoch=090 train_batch=230/392 running_loss=0.841301
2026-08-20 22:02:24 | INFO | epoch=090 train_batch=240/392 running_loss=0.841590
2026-08-20 22:02:26 | INFO | epoch=090 train_batch=250/392 running_loss=0.843083
2026-08-20 22:02:27 | INFO | epoch=090 train_batch=260/392 running_loss=0.842458
2026-08-20 22:02:29 | INFO | epoch=090 train_batch=270/392 running_loss=0.843090
2026-08-20 22:02:30 | INFO | epoch=090 train_batch=280/392 running_loss=0.842077
2026-08-20 22:02:32 | INFO | epoch=090 train_batch=290/392 running_loss=0.840330
2026-08-20 22:02:33 | INFO | epoch=090 train_batch=300/392 running_loss=0.841528
2026-08-20 22:02:35 | INFO | epoch=090 train_batch=310/392 running_loss=0.841807
2026-08-20 22:02:36 | INFO | epoch=090 train_batch=320/392 running_loss=0.840559
2026-08-20 22:02:38 | INFO | epoch=090 train_batch=330/392 running_loss=0.841290
2026-08-20 22:02:39 | INFO | epoch=090 train_batch=340/392 running_loss=0.839334
2026-08-20 22:02:41 | INFO | epoch=090 train_batch=350/392 running_loss=0.838308
2026-08-20 22:02:42 | INFO | epoch=090 train_batch=360/392 running_loss=0.838183
2026-08-20 22:02:44 | INFO | epoch=090 train_batch=370/392 running_loss=0.836944
2026-08-20 22:02:45 | INFO | epoch=090 train_batch=380/392 running_loss=0.836459
2026-08-20 22:02:47 | INFO | epoch=090 train_batch=390/392 running_loss=0.836184
2026-08-20 22:02:47 | INFO | epoch=090 train_batch=392/392 running_loss=0.835672
2026-08-20 22:02:50 | INFO | epoch=090 train_loss=0.835672 validation_loss=2.215680
2026-08-20 22:02:50 | INFO | epoch=091 rollout_horizon=31 operation_teacher_probability=0.0000
2026-08-20 22:02:52 | INFO | epoch=091 train_batch=10/392 running_loss=0.815629
2026-08-20 22:02:53 | INFO | epoch=091 train_batch=20/392 running_loss=0.803455
2026-08-20 22:02:55 | INFO | epoch=091 train_batch=30/392 running_loss=0.842105
2026-08-20 22:02:56 | INFO | epoch=091 train_batch=40/392 running_loss=0.832559
2026-08-20 22:02:58 | INFO | epoch=091 train_batch=50/392 running_loss=0.828955
2026-08-20 22:02:59 | INFO | epoch=091 train_batch=60/392 running_loss=0.828116
2026-08-20 22:03:01 | INFO | epoch=091 train_batch=70/392 running_loss=0.826746
2026-08-20 22:03:02 | INFO | epoch=091 train_batch=80/392 running_loss=0.830297
2026-08-20 22:03:04 | INFO | epoch=091 train_batch=90/392 running_loss=0.827846
2026-08-20 22:03:05 | INFO | epoch=091 train_batch=100/392 running_loss=0.830285
2026-08-20 22:03:07 | INFO | epoch=091 train_batch=110/392 running_loss=0.824190
2026-08-20 22:03:08 | INFO | epoch=091 train_batch=120/392 running_loss=0.820697
2026-08-20 22:03:10 | INFO | epoch=091 train_batch=130/392 running_loss=0.818479
2026-08-20 22:03:11 | INFO | epoch=091 train_batch=140/392 running_loss=0.812936
2026-08-20 22:03:13 | INFO | epoch=091 train_batch=150/392 running_loss=0.814792
2026-08-20 22:03:14 | INFO | epoch=091 train_batch=160/392 running_loss=0.812464
2026-08-20 22:03:15 | INFO | epoch=091 train_batch=170/392 running_loss=0.811024
2026-08-20 22:03:17 | INFO | epoch=091 train_batch=180/392 running_loss=0.813889
2026-08-20 22:03:18 | INFO | epoch=091 train_batch=190/392 running_loss=0.811330
2026-08-20 22:03:20 | INFO | epoch=091 train_batch=200/392 running_loss=0.810094
2026-08-20 22:03:21 | INFO | epoch=091 train_batch=210/392 running_loss=0.809415
2026-08-20 22:03:23 | INFO | epoch=091 train_batch=220/392 running_loss=0.806596
2026-08-20 22:03:24 | INFO | epoch=091 train_batch=230/392 running_loss=0.810541
2026-08-20 22:03:26 | INFO | epoch=091 train_batch=240/392 running_loss=0.816378
2026-08-20 22:03:27 | INFO | epoch=091 train_batch=250/392 running_loss=0.816175
2026-08-20 22:03:29 | INFO | epoch=091 train_batch=260/392 running_loss=0.815028
2026-08-20 22:03:31 | INFO | epoch=091 train_batch=270/392 running_loss=0.816747
2026-08-20 22:03:33 | INFO | epoch=091 train_batch=280/392 running_loss=0.820491
2026-08-20 22:03:34 | INFO | epoch=091 train_batch=290/392 running_loss=0.821271
2026-08-20 22:03:36 | INFO | epoch=091 train_batch=300/392 running_loss=0.823494
2026-08-20 22:03:38 | INFO | epoch=091 train_batch=310/392 running_loss=0.824131
2026-08-20 22:03:39 | INFO | epoch=091 train_batch=320/392 running_loss=0.824163
2026-08-20 22:03:41 | INFO | epoch=091 train_batch=330/392 running_loss=0.824475
2026-08-20 22:03:43 | INFO | epoch=091 train_batch=340/392 running_loss=0.823596
2026-08-20 22:03:44 | INFO | epoch=091 train_batch=350/392 running_loss=0.824248
2026-08-20 22:03:46 | INFO | epoch=091 train_batch=360/392 running_loss=0.826162
2026-08-20 22:03:48 | INFO | epoch=091 train_batch=370/392 running_loss=0.828235
2026-08-20 22:03:49 | INFO | epoch=091 train_batch=380/392 running_loss=0.830686
2026-08-20 22:03:51 | INFO | epoch=091 train_batch=390/392 running_loss=0.831779
2026-08-20 22:03:51 | INFO | epoch=091 train_batch=392/392 running_loss=0.830858
2026-08-20 22:03:54 | INFO | epoch=091 train_loss=0.830858 validation_loss=2.091262
2026-08-20 22:03:55 | INFO | epoch=092 rollout_horizon=31 operation_teacher_probability=0.0000
2026-08-20 22:03:56 | INFO | epoch=092 train_batch=10/392 running_loss=0.905469
2026-08-20 22:03:58 | INFO | epoch=092 train_batch=20/392 running_loss=0.865939
2026-08-20 22:04:00 | INFO | epoch=092 train_batch=30/392 running_loss=0.871473
2026-08-20 22:04:01 | INFO | epoch=092 train_batch=40/392 running_loss=0.865169
2026-08-20 22:04:03 | INFO | epoch=092 train_batch=50/392 running_loss=0.874294
2026-08-20 22:04:05 | INFO | epoch=092 train_batch=60/392 running_loss=0.866327
2026-08-20 22:04:06 | INFO | epoch=092 train_batch=70/392 running_loss=0.855273
2026-08-20 22:04:08 | INFO | epoch=092 train_batch=80/392 running_loss=0.857964
2026-08-20 22:04:10 | INFO | epoch=092 train_batch=90/392 running_loss=0.855900
2026-08-20 22:04:11 | INFO | epoch=092 train_batch=100/392 running_loss=0.849842
2026-08-20 22:04:13 | INFO | epoch=092 train_batch=110/392 running_loss=0.843146
2026-08-20 22:04:14 | INFO | epoch=092 train_batch=120/392 running_loss=0.848485
2026-08-20 22:04:16 | INFO | epoch=092 train_batch=130/392 running_loss=0.850790
2026-08-20 22:04:17 | INFO | epoch=092 train_batch=140/392 running_loss=0.845808
2026-08-20 22:04:19 | INFO | epoch=092 train_batch=150/392 running_loss=0.842714
2026-08-20 22:04:20 | INFO | epoch=092 train_batch=160/392 running_loss=0.842524
2026-08-20 22:04:22 | INFO | epoch=092 train_batch=170/392 running_loss=0.839204
2026-08-20 22:04:23 | INFO | epoch=092 train_batch=180/392 running_loss=0.840782
2026-08-20 22:04:25 | INFO | epoch=092 train_batch=190/392 running_loss=0.840909
2026-08-20 22:04:26 | INFO | epoch=092 train_batch=200/392 running_loss=0.842128
2026-08-20 22:04:28 | INFO | epoch=092 train_batch=210/392 running_loss=0.841058
2026-08-20 22:04:29 | INFO | epoch=092 train_batch=220/392 running_loss=0.841414
2026-08-20 22:04:31 | INFO | epoch=092 train_batch=230/392 running_loss=0.839891
2026-08-20 22:04:32 | INFO | epoch=092 train_batch=240/392 running_loss=0.840263
2026-08-20 22:04:34 | INFO | epoch=092 train_batch=250/392 running_loss=0.838334
2026-08-20 22:04:35 | INFO | epoch=092 train_batch=260/392 running_loss=0.837659
2026-08-20 22:04:37 | INFO | epoch=092 train_batch=270/392 running_loss=0.834537
2026-08-20 22:04:38 | INFO | epoch=092 train_batch=280/392 running_loss=0.832126
2026-08-20 22:04:40 | INFO | epoch=092 train_batch=290/392 running_loss=0.827335
2026-08-20 22:04:41 | INFO | epoch=092 train_batch=300/392 running_loss=0.825548
2026-08-20 22:04:42 | INFO | epoch=092 train_batch=310/392 running_loss=0.825296
2026-08-20 22:04:44 | INFO | epoch=092 train_batch=320/392 running_loss=0.825803
2026-08-20 22:04:45 | INFO | epoch=092 train_batch=330/392 running_loss=0.823844
2026-08-20 22:04:47 | INFO | epoch=092 train_batch=340/392 running_loss=0.822435
2026-08-20 22:04:48 | INFO | epoch=092 train_batch=350/392 running_loss=0.821266
2026-08-20 22:04:50 | INFO | epoch=092 train_batch=360/392 running_loss=0.818617
2026-08-20 22:04:51 | INFO | epoch=092 train_batch=370/392 running_loss=0.820250
2026-08-20 22:04:53 | INFO | epoch=092 train_batch=380/392 running_loss=0.821545
2026-08-20 22:04:54 | INFO | epoch=092 train_batch=390/392 running_loss=0.820429
2026-08-20 22:04:55 | INFO | epoch=092 train_batch=392/392 running_loss=0.820815
2026-08-20 22:04:58 | INFO | epoch=092 train_loss=0.820815 validation_loss=2.069514
2026-08-20 22:04:58 | INFO | epoch=093 rollout_horizon=31 operation_teacher_probability=0.0000
2026-08-20 22:04:59 | INFO | epoch=093 train_batch=10/392 running_loss=0.792631
2026-08-20 22:05:01 | INFO | epoch=093 train_batch=20/392 running_loss=0.811789
2026-08-20 22:05:02 | INFO | epoch=093 train_batch=30/392 running_loss=0.838102
2026-08-20 22:05:04 | INFO | epoch=093 train_batch=40/392 running_loss=0.830304
2026-08-20 22:05:05 | INFO | epoch=093 train_batch=50/392 running_loss=0.827165
2026-08-20 22:05:07 | INFO | epoch=093 train_batch=60/392 running_loss=0.810941
2026-08-20 22:05:08 | INFO | epoch=093 train_batch=70/392 running_loss=0.815719
2026-08-20 22:05:10 | INFO | epoch=093 train_batch=80/392 running_loss=0.821788
2026-08-20 22:05:11 | INFO | epoch=093 train_batch=90/392 running_loss=0.814177
2026-08-20 22:05:13 | INFO | epoch=093 train_batch=100/392 running_loss=0.815292
2026-08-20 22:05:14 | INFO | epoch=093 train_batch=110/392 running_loss=0.812654
2026-08-20 22:05:15 | INFO | epoch=093 train_batch=120/392 running_loss=0.817795
2026-08-20 22:05:17 | INFO | epoch=093 train_batch=130/392 running_loss=0.819119
2026-08-20 22:05:18 | INFO | epoch=093 train_batch=140/392 running_loss=0.815700
2026-08-20 22:05:20 | INFO | epoch=093 train_batch=150/392 running_loss=0.812767
2026-08-20 22:05:21 | INFO | epoch=093 train_batch=160/392 running_loss=0.821634
2026-08-20 22:05:23 | INFO | epoch=093 train_batch=170/392 running_loss=0.816249
2026-08-20 22:05:24 | INFO | epoch=093 train_batch=180/392 running_loss=0.821239
2026-08-20 22:05:26 | INFO | epoch=093 train_batch=190/392 running_loss=0.820455
2026-08-20 22:05:27 | INFO | epoch=093 train_batch=200/392 running_loss=0.821400
2026-08-20 22:05:29 | INFO | epoch=093 train_batch=210/392 running_loss=0.824500
2026-08-20 22:05:30 | INFO | epoch=093 train_batch=220/392 running_loss=0.824553
2026-08-20 22:05:32 | INFO | epoch=093 train_batch=230/392 running_loss=0.824526
2026-08-20 22:05:33 | INFO | epoch=093 train_batch=240/392 running_loss=0.819060
2026-08-20 22:05:35 | INFO | epoch=093 train_batch=250/392 running_loss=0.821812
2026-08-20 22:05:36 | INFO | epoch=093 train_batch=260/392 running_loss=0.820131
2026-08-20 22:05:38 | INFO | epoch=093 train_batch=270/392 running_loss=0.820616
2026-08-20 22:05:39 | INFO | epoch=093 train_batch=280/392 running_loss=0.822306
2026-08-20 22:05:41 | INFO | epoch=093 train_batch=290/392 running_loss=0.825869
2026-08-20 22:05:42 | INFO | epoch=093 train_batch=300/392 running_loss=0.823608
2026-08-20 22:05:44 | INFO | epoch=093 train_batch=310/392 running_loss=0.823196
2026-08-20 22:05:45 | INFO | epoch=093 train_batch=320/392 running_loss=0.823019
2026-08-20 22:05:47 | INFO | epoch=093 train_batch=330/392 running_loss=0.823181
2026-08-20 22:05:48 | INFO | epoch=093 train_batch=340/392 running_loss=0.823854
2026-08-20 22:05:50 | INFO | epoch=093 train_batch=350/392 running_loss=0.825029
2026-08-20 22:05:51 | INFO | epoch=093 train_batch=360/392 running_loss=0.822839
2026-08-20 22:05:53 | INFO | epoch=093 train_batch=370/392 running_loss=0.823718
2026-08-20 22:05:54 | INFO | epoch=093 train_batch=380/392 running_loss=0.824077
2026-08-20 22:05:56 | INFO | epoch=093 train_batch=390/392 running_loss=0.826364
2026-08-20 22:05:56 | INFO | epoch=093 train_batch=392/392 running_loss=0.826499
2026-08-20 22:05:59 | INFO | epoch=093 train_loss=0.826499 validation_loss=2.155301
2026-08-20 22:05:59 | INFO | epoch=094 rollout_horizon=31 operation_teacher_probability=0.0000
2026-08-20 22:06:00 | INFO | epoch=094 train_batch=10/392 running_loss=0.796070
2026-08-20 22:06:02 | INFO | epoch=094 train_batch=20/392 running_loss=0.804786
2026-08-20 22:06:03 | INFO | epoch=094 train_batch=30/392 running_loss=0.801465
2026-08-20 22:06:05 | INFO | epoch=094 train_batch=40/392 running_loss=0.788498
2026-08-20 22:06:06 | INFO | epoch=094 train_batch=50/392 running_loss=0.793740
2026-08-20 22:06:08 | INFO | epoch=094 train_batch=60/392 running_loss=0.803818
2026-08-20 22:06:09 | INFO | epoch=094 train_batch=70/392 running_loss=0.799267
2026-08-20 22:06:11 | INFO | epoch=094 train_batch=80/392 running_loss=0.792816
2026-08-20 22:06:12 | INFO | epoch=094 train_batch=90/392 running_loss=0.795463
2026-08-20 22:06:14 | INFO | epoch=094 train_batch=100/392 running_loss=0.794298
2026-08-20 22:06:15 | INFO | epoch=094 train_batch=110/392 running_loss=0.802691
2026-08-20 22:06:17 | INFO | epoch=094 train_batch=120/392 running_loss=0.803217
2026-08-20 22:06:18 | INFO | epoch=094 train_batch=130/392 running_loss=0.806602
2026-08-20 22:06:20 | INFO | epoch=094 train_batch=140/392 running_loss=0.808235
2026-08-20 22:06:21 | INFO | epoch=094 train_batch=150/392 running_loss=0.803733
2026-08-20 22:06:23 | INFO | epoch=094 train_batch=160/392 running_loss=0.800949
2026-08-20 22:06:24 | INFO | epoch=094 train_batch=170/392 running_loss=0.806657
2026-08-20 22:06:26 | INFO | epoch=094 train_batch=180/392 running_loss=0.802894
2026-08-20 22:06:27 | INFO | epoch=094 train_batch=190/392 running_loss=0.798182
2026-08-20 22:06:29 | INFO | epoch=094 train_batch=200/392 running_loss=0.797210
2026-08-20 22:06:30 | INFO | epoch=094 train_batch=210/392 running_loss=0.803219
2026-08-20 22:06:32 | INFO | epoch=094 train_batch=220/392 running_loss=0.802337
2026-08-20 22:06:33 | INFO | epoch=094 train_batch=230/392 running_loss=0.802617
2026-08-20 22:06:35 | INFO | epoch=094 train_batch=240/392 running_loss=0.804146
2026-08-20 22:06:36 | INFO | epoch=094 train_batch=250/392 running_loss=0.803704
2026-08-20 22:06:38 | INFO | epoch=094 train_batch=260/392 running_loss=0.803608
2026-08-20 22:06:39 | INFO | epoch=094 train_batch=270/392 running_loss=0.805039
2026-08-20 22:06:41 | INFO | epoch=094 train_batch=280/392 running_loss=0.801163
2026-08-20 22:06:42 | INFO | epoch=094 train_batch=290/392 running_loss=0.802078
2026-08-20 22:06:44 | INFO | epoch=094 train_batch=300/392 running_loss=0.805085
2026-08-20 22:06:45 | INFO | epoch=094 train_batch=310/392 running_loss=0.806447
2026-08-20 22:06:47 | INFO | epoch=094 train_batch=320/392 running_loss=0.807674
2026-08-20 22:06:48 | INFO | epoch=094 train_batch=330/392 running_loss=0.806053
2026-08-20 22:06:50 | INFO | epoch=094 train_batch=340/392 running_loss=0.804838
2026-08-20 22:06:51 | INFO | epoch=094 train_batch=350/392 running_loss=0.801827
2026-08-20 22:06:53 | INFO | epoch=094 train_batch=360/392 running_loss=0.802062
2026-08-20 22:06:54 | INFO | epoch=094 train_batch=370/392 running_loss=0.802733
2026-08-20 22:06:56 | INFO | epoch=094 train_batch=380/392 running_loss=0.800382
2026-08-20 22:06:57 | INFO | epoch=094 train_batch=390/392 running_loss=0.799813
2026-08-20 22:06:57 | INFO | epoch=094 train_batch=392/392 running_loss=0.800053
2026-08-20 22:07:00 | INFO | epoch=094 train_loss=0.800053 validation_loss=2.080391
2026-08-20 22:07:01 | INFO | epoch=095 rollout_horizon=31 operation_teacher_probability=0.0000
2026-08-20 22:07:02 | INFO | epoch=095 train_batch=10/392 running_loss=0.843076
2026-08-20 22:07:04 | INFO | epoch=095 train_batch=20/392 running_loss=0.792229
2026-08-20 22:07:05 | INFO | epoch=095 train_batch=30/392 running_loss=0.774636
2026-08-20 22:07:06 | INFO | epoch=095 train_batch=40/392 running_loss=0.759457
2026-08-20 22:07:08 | INFO | epoch=095 train_batch=50/392 running_loss=0.766076
2026-08-20 22:07:09 | INFO | epoch=095 train_batch=60/392 running_loss=0.787452
2026-08-20 22:07:11 | INFO | epoch=095 train_batch=70/392 running_loss=0.795732
2026-08-20 22:07:12 | INFO | epoch=095 train_batch=80/392 running_loss=0.796461
2026-08-20 22:07:14 | INFO | epoch=095 train_batch=90/392 running_loss=0.799305
2026-08-20 22:07:15 | INFO | epoch=095 train_batch=100/392 running_loss=0.798187
2026-08-20 22:07:17 | INFO | epoch=095 train_batch=110/392 running_loss=0.805102
2026-08-20 22:07:18 | INFO | epoch=095 train_batch=120/392 running_loss=0.800625
2026-08-20 22:07:20 | INFO | epoch=095 train_batch=130/392 running_loss=0.794674
2026-08-20 22:07:21 | INFO | epoch=095 train_batch=140/392 running_loss=0.790033
2026-08-20 22:07:23 | INFO | epoch=095 train_batch=150/392 running_loss=0.788519
2026-08-20 22:07:24 | INFO | epoch=095 train_batch=160/392 running_loss=0.791283
2026-08-20 22:07:26 | INFO | epoch=095 train_batch=170/392 running_loss=0.793131
2026-08-20 22:07:27 | INFO | epoch=095 train_batch=180/392 running_loss=0.791621
2026-08-20 22:07:29 | INFO | epoch=095 train_batch=190/392 running_loss=0.796013
2026-08-20 22:07:31 | INFO | epoch=095 train_batch=200/392 running_loss=0.796934
2026-08-20 22:07:32 | INFO | epoch=095 train_batch=210/392 running_loss=0.797380
2026-08-20 22:07:34 | INFO | epoch=095 train_batch=220/392 running_loss=0.797471
2026-08-20 22:07:36 | INFO | epoch=095 train_batch=230/392 running_loss=0.796485
2026-08-20 22:07:37 | INFO | epoch=095 train_batch=240/392 running_loss=0.794214
2026-08-20 22:07:39 | INFO | epoch=095 train_batch=250/392 running_loss=0.796653
2026-08-20 22:07:40 | INFO | epoch=095 train_batch=260/392 running_loss=0.797613
2026-08-20 22:07:42 | INFO | epoch=095 train_batch=270/392 running_loss=0.796702
2026-08-20 22:07:43 | INFO | epoch=095 train_batch=280/392 running_loss=0.799220
2026-08-20 22:07:45 | INFO | epoch=095 train_batch=290/392 running_loss=0.797061
2026-08-20 22:07:47 | INFO | epoch=095 train_batch=300/392 running_loss=0.797012
2026-08-20 22:07:48 | INFO | epoch=095 train_batch=310/392 running_loss=0.799840
2026-08-20 22:07:50 | INFO | epoch=095 train_batch=320/392 running_loss=0.801715
2026-08-20 22:07:52 | INFO | epoch=095 train_batch=330/392 running_loss=0.804151
2026-08-20 22:07:53 | INFO | epoch=095 train_batch=340/392 running_loss=0.803870
2026-08-20 22:07:55 | INFO | epoch=095 train_batch=350/392 running_loss=0.805926
2026-08-20 22:07:57 | INFO | epoch=095 train_batch=360/392 running_loss=0.804273
2026-08-20 22:07:58 | INFO | epoch=095 train_batch=370/392 running_loss=0.804349
2026-08-20 22:08:00 | INFO | epoch=095 train_batch=380/392 running_loss=0.802092
2026-08-20 22:08:02 | INFO | epoch=095 train_batch=390/392 running_loss=0.800480
2026-08-20 22:08:02 | INFO | epoch=095 train_batch=392/392 running_loss=0.799254
2026-08-20 22:08:05 | INFO | epoch=095 train_loss=0.799254 validation_loss=2.181062
2026-08-20 22:08:05 | INFO | epoch=096 rollout_horizon=31 operation_teacher_probability=0.0000
2026-08-20 22:08:07 | INFO | epoch=096 train_batch=10/392 running_loss=0.885060
2026-08-20 22:08:09 | INFO | epoch=096 train_batch=20/392 running_loss=0.835460
2026-08-20 22:08:10 | INFO | epoch=096 train_batch=30/392 running_loss=0.833110
2026-08-20 22:08:12 | INFO | epoch=096 train_batch=40/392 running_loss=0.802529
2026-08-20 22:08:14 | INFO | epoch=096 train_batch=50/392 running_loss=0.778849
2026-08-20 22:08:15 | INFO | epoch=096 train_batch=60/392 running_loss=0.790966
2026-08-20 22:08:17 | INFO | epoch=096 train_batch=70/392 running_loss=0.789838
2026-08-20 22:08:19 | INFO | epoch=096 train_batch=80/392 running_loss=0.787188
2026-08-20 22:08:20 | INFO | epoch=096 train_batch=90/392 running_loss=0.786576
2026-08-20 22:08:22 | INFO | epoch=096 train_batch=100/392 running_loss=0.784644
2026-08-20 22:08:24 | INFO | epoch=096 train_batch=110/392 running_loss=0.781277
2026-08-20 22:08:26 | INFO | epoch=096 train_batch=120/392 running_loss=0.783796
2026-08-20 22:08:27 | INFO | epoch=096 train_batch=130/392 running_loss=0.789760
2026-08-20 22:08:29 | INFO | epoch=096 train_batch=140/392 running_loss=0.792547
2026-08-20 22:08:31 | INFO | epoch=096 train_batch=150/392 running_loss=0.797148
2026-08-20 22:08:32 | INFO | epoch=096 train_batch=160/392 running_loss=0.797874
2026-08-20 22:08:34 | INFO | epoch=096 train_batch=170/392 running_loss=0.796241
2026-08-20 22:08:36 | INFO | epoch=096 train_batch=180/392 running_loss=0.797289
2026-08-20 22:08:38 | INFO | epoch=096 train_batch=190/392 running_loss=0.799178
2026-08-20 22:08:39 | INFO | epoch=096 train_batch=200/392 running_loss=0.801372
2026-08-20 22:08:41 | INFO | epoch=096 train_batch=210/392 running_loss=0.802301
2026-08-20 22:08:42 | INFO | epoch=096 train_batch=220/392 running_loss=0.802696
2026-08-20 22:08:44 | INFO | epoch=096 train_batch=230/392 running_loss=0.798256
2026-08-20 22:08:45 | INFO | epoch=096 train_batch=240/392 running_loss=0.796023
2026-08-20 22:08:47 | INFO | epoch=096 train_batch=250/392 running_loss=0.794747
2026-08-20 22:08:48 | INFO | epoch=096 train_batch=260/392 running_loss=0.793929
2026-08-20 22:08:50 | INFO | epoch=096 train_batch=270/392 running_loss=0.796652
2026-08-20 22:08:51 | INFO | epoch=096 train_batch=280/392 running_loss=0.795615
2026-08-20 22:08:53 | INFO | epoch=096 train_batch=290/392 running_loss=0.796637
2026-08-20 22:08:54 | INFO | epoch=096 train_batch=300/392 running_loss=0.795035
2026-08-20 22:08:56 | INFO | epoch=096 train_batch=310/392 running_loss=0.792923
2026-08-20 22:08:57 | INFO | epoch=096 train_batch=320/392 running_loss=0.791483
2026-08-20 22:08:59 | INFO | epoch=096 train_batch=330/392 running_loss=0.789248
2026-08-20 22:09:00 | INFO | epoch=096 train_batch=340/392 running_loss=0.789459
2026-08-20 22:09:02 | INFO | epoch=096 train_batch=350/392 running_loss=0.787877
2026-08-20 22:09:03 | INFO | epoch=096 train_batch=360/392 running_loss=0.789324
2026-08-20 22:09:05 | INFO | epoch=096 train_batch=370/392 running_loss=0.790364
2026-08-20 22:09:06 | INFO | epoch=096 train_batch=380/392 running_loss=0.792148
2026-08-20 22:09:08 | INFO | epoch=096 train_batch=390/392 running_loss=0.790936
2026-08-20 22:09:08 | INFO | epoch=096 train_batch=392/392 running_loss=0.790475
2026-08-20 22:09:11 | INFO | epoch=096 train_loss=0.790475 validation_loss=2.116057
2026-08-20 22:09:11 | INFO | epoch=097 rollout_horizon=31 operation_teacher_probability=0.0000
2026-08-20 22:09:12 | INFO | epoch=097 train_batch=10/392 running_loss=0.790731
2026-08-20 22:09:14 | INFO | epoch=097 train_batch=20/392 running_loss=0.784029
2026-08-20 22:09:15 | INFO | epoch=097 train_batch=30/392 running_loss=0.757341
2026-08-20 22:09:17 | INFO | epoch=097 train_batch=40/392 running_loss=0.767836
2026-08-20 22:09:18 | INFO | epoch=097 train_batch=50/392 running_loss=0.765315
2026-08-20 22:09:20 | INFO | epoch=097 train_batch=60/392 running_loss=0.775473
2026-08-20 22:09:21 | INFO | epoch=097 train_batch=70/392 running_loss=0.769686
2026-08-20 22:09:23 | INFO | epoch=097 train_batch=80/392 running_loss=0.766780
2026-08-20 22:09:24 | INFO | epoch=097 train_batch=90/392 running_loss=0.772560
2026-08-20 22:09:26 | INFO | epoch=097 train_batch=100/392 running_loss=0.781849
2026-08-20 22:09:27 | INFO | epoch=097 train_batch=110/392 running_loss=0.784904
2026-08-20 22:09:29 | INFO | epoch=097 train_batch=120/392 running_loss=0.782044
2026-08-20 22:09:30 | INFO | epoch=097 train_batch=130/392 running_loss=0.780213
2026-08-20 22:09:32 | INFO | epoch=097 train_batch=140/392 running_loss=0.778334
2026-08-20 22:09:33 | INFO | epoch=097 train_batch=150/392 running_loss=0.775402
2026-08-20 22:09:35 | INFO | epoch=097 train_batch=160/392 running_loss=0.777284
2026-08-20 22:09:36 | INFO | epoch=097 train_batch=170/392 running_loss=0.779238
2026-08-20 22:09:38 | INFO | epoch=097 train_batch=180/392 running_loss=0.782019
2026-08-20 22:09:39 | INFO | epoch=097 train_batch=190/392 running_loss=0.786169
2026-08-20 22:09:41 | INFO | epoch=097 train_batch=200/392 running_loss=0.788384
2026-08-20 22:09:42 | INFO | epoch=097 train_batch=210/392 running_loss=0.789361
2026-08-20 22:09:44 | INFO | epoch=097 train_batch=220/392 running_loss=0.788226
2026-08-20 22:09:45 | INFO | epoch=097 train_batch=230/392 running_loss=0.783812
2026-08-20 22:09:47 | INFO | epoch=097 train_batch=240/392 running_loss=0.781629
2026-08-20 22:09:48 | INFO | epoch=097 train_batch=250/392 running_loss=0.779435
2026-08-20 22:09:50 | INFO | epoch=097 train_batch=260/392 running_loss=0.779747
2026-08-20 22:09:51 | INFO | epoch=097 train_batch=270/392 running_loss=0.780085
2026-08-20 22:09:53 | INFO | epoch=097 train_batch=280/392 running_loss=0.779332
2026-08-20 22:09:54 | INFO | epoch=097 train_batch=290/392 running_loss=0.781687
2026-08-20 22:09:56 | INFO | epoch=097 train_batch=300/392 running_loss=0.782860
2026-08-20 22:09:57 | INFO | epoch=097 train_batch=310/392 running_loss=0.782613
2026-08-20 22:09:59 | INFO | epoch=097 train_batch=320/392 running_loss=0.783544
2026-08-20 22:10:00 | INFO | epoch=097 train_batch=330/392 running_loss=0.783777
2026-08-20 22:10:02 | INFO | epoch=097 train_batch=340/392 running_loss=0.785751
2026-08-20 22:10:03 | INFO | epoch=097 train_batch=350/392 running_loss=0.785693
2026-08-20 22:10:05 | INFO | epoch=097 train_batch=360/392 running_loss=0.784766
2026-08-20 22:10:06 | INFO | epoch=097 train_batch=370/392 running_loss=0.787000
2026-08-20 22:10:08 | INFO | epoch=097 train_batch=380/392 running_loss=0.788761
2026-08-20 22:10:09 | INFO | epoch=097 train_batch=390/392 running_loss=0.788257
2026-08-20 22:10:10 | INFO | epoch=097 train_batch=392/392 running_loss=0.787680
2026-08-20 22:10:13 | INFO | epoch=097 train_loss=0.787680 validation_loss=2.267627
2026-08-20 22:10:13 | INFO | epoch=098 rollout_horizon=31 operation_teacher_probability=0.0000
2026-08-20 22:10:14 | INFO | epoch=098 train_batch=10/392 running_loss=0.763060
2026-08-20 22:10:16 | INFO | epoch=098 train_batch=20/392 running_loss=0.752063
2026-08-20 22:10:17 | INFO | epoch=098 train_batch=30/392 running_loss=0.781284
2026-08-20 22:10:19 | INFO | epoch=098 train_batch=40/392 running_loss=0.782606
2026-08-20 22:10:20 | INFO | epoch=098 train_batch=50/392 running_loss=0.776540
2026-08-20 22:10:22 | INFO | epoch=098 train_batch=60/392 running_loss=0.785107
2026-08-20 22:10:23 | INFO | epoch=098 train_batch=70/392 running_loss=0.786886
2026-08-20 22:10:25 | INFO | epoch=098 train_batch=80/392 running_loss=0.785661
2026-08-20 22:10:26 | INFO | epoch=098 train_batch=90/392 running_loss=0.788903
2026-08-20 22:10:28 | INFO | epoch=098 train_batch=100/392 running_loss=0.792774
2026-08-20 22:10:29 | INFO | epoch=098 train_batch=110/392 running_loss=0.793642
2026-08-20 22:10:31 | INFO | epoch=098 train_batch=120/392 running_loss=0.796333
2026-08-20 22:10:32 | INFO | epoch=098 train_batch=130/392 running_loss=0.792915
2026-08-20 22:10:34 | INFO | epoch=098 train_batch=140/392 running_loss=0.788030
2026-08-20 22:10:35 | INFO | epoch=098 train_batch=150/392 running_loss=0.787930
2026-08-20 22:10:37 | INFO | epoch=098 train_batch=160/392 running_loss=0.785979
2026-08-20 22:10:38 | INFO | epoch=098 train_batch=170/392 running_loss=0.779996
2026-08-20 22:10:40 | INFO | epoch=098 train_batch=180/392 running_loss=0.779306
2026-08-20 22:10:41 | INFO | epoch=098 train_batch=190/392 running_loss=0.773595
2026-08-20 22:10:43 | INFO | epoch=098 train_batch=200/392 running_loss=0.776206
2026-08-20 22:10:44 | INFO | epoch=098 train_batch=210/392 running_loss=0.775381
2026-08-20 22:10:46 | INFO | epoch=098 train_batch=220/392 running_loss=0.776949
2026-08-20 22:10:47 | INFO | epoch=098 train_batch=230/392 running_loss=0.780324
2026-08-20 22:10:49 | INFO | epoch=098 train_batch=240/392 running_loss=0.781183
2026-08-20 22:10:50 | INFO | epoch=098 train_batch=250/392 running_loss=0.781765
2026-08-20 22:10:52 | INFO | epoch=098 train_batch=260/392 running_loss=0.778662
2026-08-20 22:10:53 | INFO | epoch=098 train_batch=270/392 running_loss=0.778861
2026-08-20 22:10:55 | INFO | epoch=098 train_batch=280/392 running_loss=0.776846
2026-08-20 22:10:56 | INFO | epoch=098 train_batch=290/392 running_loss=0.778353
2026-08-20 22:10:58 | INFO | epoch=098 train_batch=300/392 running_loss=0.778856
2026-08-20 22:10:59 | INFO | epoch=098 train_batch=310/392 running_loss=0.781134
2026-08-20 22:11:01 | INFO | epoch=098 train_batch=320/392 running_loss=0.781198
2026-08-20 22:11:02 | INFO | epoch=098 train_batch=330/392 running_loss=0.780138
2026-08-20 22:11:04 | INFO | epoch=098 train_batch=340/392 running_loss=0.779907
2026-08-20 22:11:05 | INFO | epoch=098 train_batch=350/392 running_loss=0.782058
2026-08-20 22:11:07 | INFO | epoch=098 train_batch=360/392 running_loss=0.780054
2026-08-20 22:11:08 | INFO | epoch=098 train_batch=370/392 running_loss=0.780090
2026-08-20 22:11:10 | INFO | epoch=098 train_batch=380/392 running_loss=0.779635
2026-08-20 22:11:11 | INFO | epoch=098 train_batch=390/392 running_loss=0.781157
2026-08-20 22:11:12 | INFO | epoch=098 train_batch=392/392 running_loss=0.781637
2026-08-20 22:11:15 | INFO | epoch=098 train_loss=0.781637 validation_loss=1.991660
2026-08-20 22:11:15 | INFO | epoch=099 rollout_horizon=31 operation_teacher_probability=0.0000
2026-08-20 22:11:16 | INFO | epoch=099 train_batch=10/392 running_loss=0.852077
2026-08-20 22:11:18 | INFO | epoch=099 train_batch=20/392 running_loss=0.783214
2026-08-20 22:11:19 | INFO | epoch=099 train_batch=30/392 running_loss=0.772034
2026-08-20 22:11:21 | INFO | epoch=099 train_batch=40/392 running_loss=0.768100
2026-08-20 22:11:22 | INFO | epoch=099 train_batch=50/392 running_loss=0.762225
2026-08-20 22:11:24 | INFO | epoch=099 train_batch=60/392 running_loss=0.780523
2026-08-20 22:11:25 | INFO | epoch=099 train_batch=70/392 running_loss=0.781736
2026-08-20 22:11:27 | INFO | epoch=099 train_batch=80/392 running_loss=0.796657
2026-08-20 22:11:28 | INFO | epoch=099 train_batch=90/392 running_loss=0.802210
2026-08-20 22:11:30 | INFO | epoch=099 train_batch=100/392 running_loss=0.799383
2026-08-20 22:11:31 | INFO | epoch=099 train_batch=110/392 running_loss=0.803629
2026-08-20 22:11:33 | INFO | epoch=099 train_batch=120/392 running_loss=0.805310
2026-08-20 22:11:34 | INFO | epoch=099 train_batch=130/392 running_loss=0.803303
2026-08-20 22:11:36 | INFO | epoch=099 train_batch=140/392 running_loss=0.801662
2026-08-20 22:11:37 | INFO | epoch=099 train_batch=150/392 running_loss=0.801482
2026-08-20 22:11:39 | INFO | epoch=099 train_batch=160/392 running_loss=0.800557
2026-08-20 22:11:40 | INFO | epoch=099 train_batch=170/392 running_loss=0.801516
2026-08-20 22:11:42 | INFO | epoch=099 train_batch=180/392 running_loss=0.800573
2026-08-20 22:11:43 | INFO | epoch=099 train_batch=190/392 running_loss=0.798353
2026-08-20 22:11:45 | INFO | epoch=099 train_batch=200/392 running_loss=0.796256
2026-08-20 22:11:46 | INFO | epoch=099 train_batch=210/392 running_loss=0.796398
2026-08-20 22:11:48 | INFO | epoch=099 train_batch=220/392 running_loss=0.797094
2026-08-20 22:11:49 | INFO | epoch=099 train_batch=230/392 running_loss=0.794003
2026-08-20 22:11:51 | INFO | epoch=099 train_batch=240/392 running_loss=0.790103
2026-08-20 22:11:52 | INFO | epoch=099 train_batch=250/392 running_loss=0.788071
2026-08-20 22:11:54 | INFO | epoch=099 train_batch=260/392 running_loss=0.791021
2026-08-20 22:11:55 | INFO | epoch=099 train_batch=270/392 running_loss=0.789413
2026-08-20 22:11:57 | INFO | epoch=099 train_batch=280/392 running_loss=0.792592
2026-08-20 22:11:58 | INFO | epoch=099 train_batch=290/392 running_loss=0.792980
2026-08-20 22:12:00 | INFO | epoch=099 train_batch=300/392 running_loss=0.790026
2026-08-20 22:12:01 | INFO | epoch=099 train_batch=310/392 running_loss=0.789038
2026-08-20 22:12:03 | INFO | epoch=099 train_batch=320/392 running_loss=0.788954
2026-08-20 22:12:04 | INFO | epoch=099 train_batch=330/392 running_loss=0.784339
2026-08-20 22:12:06 | INFO | epoch=099 train_batch=340/392 running_loss=0.784482
2026-08-20 22:12:07 | INFO | epoch=099 train_batch=350/392 running_loss=0.784733
2026-08-20 22:12:09 | INFO | epoch=099 train_batch=360/392 running_loss=0.784450
2026-08-20 22:12:10 | INFO | epoch=099 train_batch=370/392 running_loss=0.783091
2026-08-20 22:12:12 | INFO | epoch=099 train_batch=380/392 running_loss=0.781601
2026-08-20 22:12:13 | INFO | epoch=099 train_batch=390/392 running_loss=0.783611
2026-08-20 22:12:14 | INFO | epoch=099 train_batch=392/392 running_loss=0.783916
2026-08-20 22:12:16 | INFO | epoch=099 train_loss=0.783916 validation_loss=2.107236
2026-08-20 22:12:17 | INFO | epoch=100 rollout_horizon=31 operation_teacher_probability=0.0000
2026-08-20 22:12:18 | INFO | epoch=100 train_batch=10/392 running_loss=0.705499
2026-08-20 22:12:20 | INFO | epoch=100 train_batch=20/392 running_loss=0.742352
2026-08-20 22:12:21 | INFO | epoch=100 train_batch=30/392 running_loss=0.729565
2026-08-20 22:12:23 | INFO | epoch=100 train_batch=40/392 running_loss=0.747249
2026-08-20 22:12:24 | INFO | epoch=100 train_batch=50/392 running_loss=0.751951
2026-08-20 22:12:26 | INFO | epoch=100 train_batch=60/392 running_loss=0.745943
2026-08-20 22:12:27 | INFO | epoch=100 train_batch=70/392 running_loss=0.750333
2026-08-20 22:12:29 | INFO | epoch=100 train_batch=80/392 running_loss=0.765306
2026-08-20 22:12:30 | INFO | epoch=100 train_batch=90/392 running_loss=0.764943
2026-08-20 22:12:31 | INFO | epoch=100 train_batch=100/392 running_loss=0.768378
2026-08-20 22:12:33 | INFO | epoch=100 train_batch=110/392 running_loss=0.766804
2026-08-20 22:12:34 | INFO | epoch=100 train_batch=120/392 running_loss=0.769818
2026-08-20 22:12:36 | INFO | epoch=100 train_batch=130/392 running_loss=0.765456
2026-08-20 22:12:37 | INFO | epoch=100 train_batch=140/392 running_loss=0.767383
2026-08-20 22:12:39 | INFO | epoch=100 train_batch=150/392 running_loss=0.768780
2026-08-20 22:12:40 | INFO | epoch=100 train_batch=160/392 running_loss=0.765673
2026-08-20 22:12:42 | INFO | epoch=100 train_batch=170/392 running_loss=0.763792
2026-08-20 22:12:43 | INFO | epoch=100 train_batch=180/392 running_loss=0.764296
2026-08-20 22:12:45 | INFO | epoch=100 train_batch=190/392 running_loss=0.764196
2026-08-20 22:12:46 | INFO | epoch=100 train_batch=200/392 running_loss=0.762972
2026-08-20 22:12:48 | INFO | epoch=100 train_batch=210/392 running_loss=0.762755
2026-08-20 22:12:49 | INFO | epoch=100 train_batch=220/392 running_loss=0.768590
2026-08-20 22:12:51 | INFO | epoch=100 train_batch=230/392 running_loss=0.768797
2026-08-20 22:12:52 | INFO | epoch=100 train_batch=240/392 running_loss=0.767501
2026-08-20 22:12:54 | INFO | epoch=100 train_batch=250/392 running_loss=0.766939
2026-08-20 22:12:55 | INFO | epoch=100 train_batch=260/392 running_loss=0.764721
2026-08-20 22:12:57 | INFO | epoch=100 train_batch=270/392 running_loss=0.768596
2026-08-20 22:12:58 | INFO | epoch=100 train_batch=280/392 running_loss=0.769260
2026-08-20 22:13:00 | INFO | epoch=100 train_batch=290/392 running_loss=0.768952
2026-08-20 22:13:01 | INFO | epoch=100 train_batch=300/392 running_loss=0.770663
2026-08-20 22:13:03 | INFO | epoch=100 train_batch=310/392 running_loss=0.770169
2026-08-20 22:13:04 | INFO | epoch=100 train_batch=320/392 running_loss=0.772137
2026-08-20 22:13:06 | INFO | epoch=100 train_batch=330/392 running_loss=0.772573
2026-08-20 22:13:07 | INFO | epoch=100 train_batch=340/392 running_loss=0.774297
2026-08-20 22:13:09 | INFO | epoch=100 train_batch=350/392 running_loss=0.773088
2026-08-20 22:13:10 | INFO | epoch=100 train_batch=360/392 running_loss=0.771497
2026-08-20 22:13:12 | INFO | epoch=100 train_batch=370/392 running_loss=0.772426
2026-08-20 22:13:13 | INFO | epoch=100 train_batch=380/392 running_loss=0.771449
2026-08-20 22:13:15 | INFO | epoch=100 train_batch=390/392 running_loss=0.771013
2026-08-20 22:13:15 | INFO | epoch=100 train_batch=392/392 running_loss=0.770404
2026-08-20 22:13:18 | INFO | epoch=100 train_loss=0.770404 validation_loss=2.189715
2026-08-20 22:13:18 | INFO | Best validation loss: 1.895768; checkpoints saved in /bigdata/users/90967055/fuzzyDynamics/NeurIPS_Fuzzy_Dynamics_code/results/fuzzy_dynamics_20260820_211428_168522/checkpoint
