2026-08-19 18:30:57 | INFO | Log file: /bigdata/users/90967055/fuzzyDynamics/NeurIPS_Fuzzy_Dynamics_code/logs/fuzzy_dynamics_20260819_183051_971751/train_fuzzy_dynamics_20260819_183057_693040.log
2026-08-19 18:30:57 | INFO | Arguments: {'activations': '/bigdata/users/90967055/fuzzyDynamics/NeurIPS_Fuzzy_Dynamics_code/cache/socrates_llama3_8b_tuned_full.pt', 'results_root': '/bigdata/users/90967055/fuzzyDynamics/NeurIPS_Fuzzy_Dynamics_code/results', 'experiment_time': '20260819_183051_971751', 'config': '/bigdata/users/90967055/fuzzyDynamics/NeurIPS_Fuzzy_Dynamics_code/configs/fuzzy_dynamics_base.json', 'device': 'cuda', 'seed': 42, 'log_dir': '/bigdata/users/90967055/fuzzyDynamics/NeurIPS_Fuzzy_Dynamics_code/logs', 'log_every_batches': 10}
2026-08-19 18:30:57 | INFO | experiment_time=20260819_183051_971751
2026-08-19 18:31:58 | INFO | split_by=category train=6264 validation=968
2026-08-19 18:31:59 | INFO | Fitting shared frozen PCA projectors on 8192 training states across all layers
2026-08-19 18:32:02 | INFO | Fitted block-balanced delta scales: min=0.115523 median=0.608833 max=1.03053
2026-08-19 18:32:07 | INFO | Checkpoints: /bigdata/users/90967055/fuzzyDynamics/NeurIPS_Fuzzy_Dynamics_code/results/fuzzy_dynamics_20260819_183051_971751/checkpoint
2026-08-19 18:32:07 | INFO | Training results: /bigdata/users/90967055/fuzzyDynamics/NeurIPS_Fuzzy_Dynamics_code/results/fuzzy_dynamics_20260819_183051_971751/training
2026-08-19 18:32:09 | INFO | epoch=001 train_batch=10/392 running_loss=1.017764
2026-08-19 18:32:09 | INFO | epoch=001 train_batch=20/392 running_loss=0.925076
2026-08-19 18:32:09 | INFO | epoch=001 train_batch=30/392 running_loss=0.862457
2026-08-19 18:32:09 | INFO | epoch=001 train_batch=40/392 running_loss=0.816108
2026-08-19 18:32:10 | INFO | epoch=001 train_batch=50/392 running_loss=0.779208
2026-08-19 18:32:10 | INFO | epoch=001 train_batch=60/392 running_loss=0.737990
2026-08-19 18:32:10 | INFO | epoch=001 train_batch=70/392 running_loss=0.704167
2026-08-19 18:32:10 | INFO | epoch=001 train_batch=80/392 running_loss=0.673853
2026-08-19 18:32:11 | INFO | epoch=001 train_batch=90/392 running_loss=0.648195
2026-08-19 18:32:11 | INFO | epoch=001 train_batch=100/392 running_loss=0.627159
2026-08-19 18:32:11 | INFO | epoch=001 train_batch=110/392 running_loss=0.604892
2026-08-19 18:32:11 | INFO | epoch=001 train_batch=120/392 running_loss=0.586617
2026-08-19 18:32:12 | INFO | epoch=001 train_batch=130/392 running_loss=0.567031
2026-08-19 18:32:12 | INFO | epoch=001 train_batch=140/392 running_loss=0.549657
2026-08-19 18:32:12 | INFO | epoch=001 train_batch=150/392 running_loss=0.535902
2026-08-19 18:32:12 | INFO | epoch=001 train_batch=160/392 running_loss=0.520955
2026-08-19 18:32:13 | INFO | epoch=001 train_batch=170/392 running_loss=0.507159
2026-08-19 18:32:13 | INFO | epoch=001 train_batch=180/392 running_loss=0.494927
2026-08-19 18:32:13 | INFO | epoch=001 train_batch=190/392 running_loss=0.483262
2026-08-19 18:32:13 | INFO | epoch=001 train_batch=200/392 running_loss=0.472720
2026-08-19 18:32:14 | INFO | epoch=001 train_batch=210/392 running_loss=0.462872
2026-08-19 18:32:14 | INFO | epoch=001 train_batch=220/392 running_loss=0.453155
2026-08-19 18:32:14 | INFO | epoch=001 train_batch=230/392 running_loss=0.443933
2026-08-19 18:32:14 | INFO | epoch=001 train_batch=240/392 running_loss=0.435666
2026-08-19 18:32:14 | INFO | epoch=001 train_batch=250/392 running_loss=0.427555
2026-08-19 18:32:15 | INFO | epoch=001 train_batch=260/392 running_loss=0.419938
2026-08-19 18:32:15 | INFO | epoch=001 train_batch=270/392 running_loss=0.412445
2026-08-19 18:32:15 | INFO | epoch=001 train_batch=280/392 running_loss=0.405602
2026-08-19 18:32:15 | INFO | epoch=001 train_batch=290/392 running_loss=0.398933
2026-08-19 18:32:16 | INFO | epoch=001 train_batch=300/392 running_loss=0.392913
2026-08-19 18:32:16 | INFO | epoch=001 train_batch=310/392 running_loss=0.386998
2026-08-19 18:32:16 | INFO | epoch=001 train_batch=320/392 running_loss=0.381248
2026-08-19 18:32:16 | INFO | epoch=001 train_batch=330/392 running_loss=0.375552
2026-08-19 18:32:17 | INFO | epoch=001 train_batch=340/392 running_loss=0.369950
2026-08-19 18:32:17 | INFO | epoch=001 train_batch=350/392 running_loss=0.365054
2026-08-19 18:32:17 | INFO | epoch=001 train_batch=360/392 running_loss=0.359997
2026-08-19 18:32:17 | INFO | epoch=001 train_batch=370/392 running_loss=0.355293
2026-08-19 18:32:18 | INFO | epoch=001 train_batch=380/392 running_loss=0.351212
2026-08-19 18:32:18 | INFO | epoch=001 train_batch=390/392 running_loss=0.346378
2026-08-19 18:32:18 | INFO | epoch=001 train_batch=392/392 running_loss=0.345564
2026-08-19 18:32:19 | INFO | epoch=001 train_loss=0.345564 validation_loss=0.460740
2026-08-19 18:32:19 | INFO | epoch=001 saved new best.pt
2026-08-19 18:32:19 | INFO | epoch=002 train_batch=10/392 running_loss=0.171484
2026-08-19 18:32:19 | INFO | epoch=002 train_batch=20/392 running_loss=0.169503
2026-08-19 18:32:19 | INFO | epoch=002 train_batch=30/392 running_loss=0.173943
2026-08-19 18:32:20 | INFO | epoch=002 train_batch=40/392 running_loss=0.174965
2026-08-19 18:32:20 | INFO | epoch=002 train_batch=50/392 running_loss=0.173182
2026-08-19 18:32:20 | INFO | epoch=002 train_batch=60/392 running_loss=0.172207
2026-08-19 18:32:20 | INFO | epoch=002 train_batch=70/392 running_loss=0.171993
2026-08-19 18:32:21 | INFO | epoch=002 train_batch=80/392 running_loss=0.170941
2026-08-19 18:32:21 | INFO | epoch=002 train_batch=90/392 running_loss=0.168352
2026-08-19 18:32:21 | INFO | epoch=002 train_batch=100/392 running_loss=0.167313
2026-08-19 18:32:21 | INFO | epoch=002 train_batch=110/392 running_loss=0.165932
2026-08-19 18:32:21 | INFO | epoch=002 train_batch=120/392 running_loss=0.164444
2026-08-19 18:32:22 | INFO | epoch=002 train_batch=130/392 running_loss=0.163590
2026-08-19 18:32:22 | INFO | epoch=002 train_batch=140/392 running_loss=0.163461
2026-08-19 18:32:22 | INFO | epoch=002 train_batch=150/392 running_loss=0.162787
2026-08-19 18:32:22 | INFO | epoch=002 train_batch=160/392 running_loss=0.163003
2026-08-19 18:32:23 | INFO | epoch=002 train_batch=170/392 running_loss=0.163026
2026-08-19 18:32:23 | INFO | epoch=002 train_batch=180/392 running_loss=0.162535
2026-08-19 18:32:23 | INFO | epoch=002 train_batch=190/392 running_loss=0.162061
2026-08-19 18:32:23 | INFO | epoch=002 train_batch=200/392 running_loss=0.161320
2026-08-19 18:32:24 | INFO | epoch=002 train_batch=210/392 running_loss=0.160256
2026-08-19 18:32:24 | INFO | epoch=002 train_batch=220/392 running_loss=0.159151
2026-08-19 18:32:24 | INFO | epoch=002 train_batch=230/392 running_loss=0.158474
2026-08-19 18:32:24 | INFO | epoch=002 train_batch=240/392 running_loss=0.157756
2026-08-19 18:32:25 | INFO | epoch=002 train_batch=250/392 running_loss=0.157325
2026-08-19 18:32:25 | INFO | epoch=002 train_batch=260/392 running_loss=0.156833
2026-08-19 18:32:25 | INFO | epoch=002 train_batch=270/392 running_loss=0.156500
2026-08-19 18:32:25 | INFO | epoch=002 train_batch=280/392 running_loss=0.155829
2026-08-19 18:32:25 | INFO | epoch=002 train_batch=290/392 running_loss=0.155138
2026-08-19 18:32:26 | INFO | epoch=002 train_batch=300/392 running_loss=0.154860
2026-08-19 18:32:26 | INFO | epoch=002 train_batch=310/392 running_loss=0.154313
2026-08-19 18:32:26 | INFO | epoch=002 train_batch=320/392 running_loss=0.153819
2026-08-19 18:32:26 | INFO | epoch=002 train_batch=330/392 running_loss=0.153212
2026-08-19 18:32:27 | INFO | epoch=002 train_batch=340/392 running_loss=0.152988
2026-08-19 18:32:27 | INFO | epoch=002 train_batch=350/392 running_loss=0.152210
2026-08-19 18:32:27 | INFO | epoch=002 train_batch=360/392 running_loss=0.152065
2026-08-19 18:32:27 | INFO | epoch=002 train_batch=370/392 running_loss=0.151748
2026-08-19 18:32:28 | INFO | epoch=002 train_batch=380/392 running_loss=0.151317
2026-08-19 18:32:28 | INFO | epoch=002 train_batch=390/392 running_loss=0.150678
2026-08-19 18:32:28 | INFO | epoch=002 train_batch=392/392 running_loss=0.150511
2026-08-19 18:32:29 | INFO | epoch=002 train_loss=0.150511 validation_loss=0.399413
2026-08-19 18:32:29 | INFO | epoch=002 saved new best.pt
2026-08-19 18:32:29 | INFO | epoch=003 train_batch=10/392 running_loss=0.131632
2026-08-19 18:32:29 | INFO | epoch=003 train_batch=20/392 running_loss=0.127064
2026-08-19 18:32:29 | INFO | epoch=003 train_batch=30/392 running_loss=0.127707
2026-08-19 18:32:30 | INFO | epoch=003 train_batch=40/392 running_loss=0.127217
2026-08-19 18:32:30 | INFO | epoch=003 train_batch=50/392 running_loss=0.127716
2026-08-19 18:32:30 | INFO | epoch=003 train_batch=60/392 running_loss=0.128030
2026-08-19 18:32:30 | INFO | epoch=003 train_batch=70/392 running_loss=0.127998
2026-08-19 18:32:31 | INFO | epoch=003 train_batch=80/392 running_loss=0.127744
2026-08-19 18:32:31 | INFO | epoch=003 train_batch=90/392 running_loss=0.127317
2026-08-19 18:32:31 | INFO | epoch=003 train_batch=100/392 running_loss=0.127231
2026-08-19 18:32:31 | INFO | epoch=003 train_batch=110/392 running_loss=0.125505
2026-08-19 18:32:31 | INFO | epoch=003 train_batch=120/392 running_loss=0.125338
2026-08-19 18:32:32 | INFO | epoch=003 train_batch=130/392 running_loss=0.125440
2026-08-19 18:32:32 | INFO | epoch=003 train_batch=140/392 running_loss=0.125130
2026-08-19 18:32:32 | INFO | epoch=003 train_batch=150/392 running_loss=0.124799
2026-08-19 18:32:32 | INFO | epoch=003 train_batch=160/392 running_loss=0.124023
2026-08-19 18:32:33 | INFO | epoch=003 train_batch=170/392 running_loss=0.123434
2026-08-19 18:32:33 | INFO | epoch=003 train_batch=180/392 running_loss=0.123602
2026-08-19 18:32:33 | INFO | epoch=003 train_batch=190/392 running_loss=0.123463
2026-08-19 18:32:33 | INFO | epoch=003 train_batch=200/392 running_loss=0.123046
2026-08-19 18:32:34 | INFO | epoch=003 train_batch=210/392 running_loss=0.122758
2026-08-19 18:32:34 | INFO | epoch=003 train_batch=220/392 running_loss=0.122215
2026-08-19 18:32:34 | INFO | epoch=003 train_batch=230/392 running_loss=0.122028
2026-08-19 18:32:34 | INFO | epoch=003 train_batch=240/392 running_loss=0.121703
2026-08-19 18:32:34 | INFO | epoch=003 train_batch=250/392 running_loss=0.121441
2026-08-19 18:32:35 | INFO | epoch=003 train_batch=260/392 running_loss=0.121218
2026-08-19 18:32:35 | INFO | epoch=003 train_batch=270/392 running_loss=0.120847
2026-08-19 18:32:35 | INFO | epoch=003 train_batch=280/392 running_loss=0.120441
2026-08-19 18:32:35 | INFO | epoch=003 train_batch=290/392 running_loss=0.120122
2026-08-19 18:32:36 | INFO | epoch=003 train_batch=300/392 running_loss=0.119550
2026-08-19 18:32:36 | INFO | epoch=003 train_batch=310/392 running_loss=0.119305
2026-08-19 18:32:36 | INFO | epoch=003 train_batch=320/392 running_loss=0.119019
2026-08-19 18:32:36 | INFO | epoch=003 train_batch=330/392 running_loss=0.118864
2026-08-19 18:32:37 | INFO | epoch=003 train_batch=340/392 running_loss=0.118513
2026-08-19 18:32:37 | INFO | epoch=003 train_batch=350/392 running_loss=0.118331
2026-08-19 18:32:37 | INFO | epoch=003 train_batch=360/392 running_loss=0.118216
2026-08-19 18:32:37 | INFO | epoch=003 train_batch=370/392 running_loss=0.118088
2026-08-19 18:32:38 | INFO | epoch=003 train_batch=380/392 running_loss=0.117909
2026-08-19 18:32:38 | INFO | epoch=003 train_batch=390/392 running_loss=0.117729
2026-08-19 18:32:38 | INFO | epoch=003 train_batch=392/392 running_loss=0.117634
2026-08-19 18:32:39 | INFO | epoch=003 train_loss=0.117634 validation_loss=0.374201
2026-08-19 18:32:39 | INFO | epoch=003 saved new best.pt
2026-08-19 18:32:39 | INFO | epoch=004 train_batch=10/392 running_loss=0.110384
2026-08-19 18:32:39 | INFO | epoch=004 train_batch=20/392 running_loss=0.110491
2026-08-19 18:32:39 | INFO | epoch=004 train_batch=30/392 running_loss=0.110391
2026-08-19 18:32:40 | INFO | epoch=004 train_batch=40/392 running_loss=0.108898
2026-08-19 18:32:40 | INFO | epoch=004 train_batch=50/392 running_loss=0.108563
2026-08-19 18:32:40 | INFO | epoch=004 train_batch=60/392 running_loss=0.107456
2026-08-19 18:32:40 | INFO | epoch=004 train_batch=70/392 running_loss=0.106794
2026-08-19 18:32:40 | INFO | epoch=004 train_batch=80/392 running_loss=0.106531
2026-08-19 18:32:41 | INFO | epoch=004 train_batch=90/392 running_loss=0.105680
2026-08-19 18:32:41 | INFO | epoch=004 train_batch=100/392 running_loss=0.105339
2026-08-19 18:32:41 | INFO | epoch=004 train_batch=110/392 running_loss=0.105168
2026-08-19 18:32:41 | INFO | epoch=004 train_batch=120/392 running_loss=0.104789
2026-08-19 18:32:42 | INFO | epoch=004 train_batch=130/392 running_loss=0.104849
2026-08-19 18:32:42 | INFO | epoch=004 train_batch=140/392 running_loss=0.104705
2026-08-19 18:32:42 | INFO | epoch=004 train_batch=150/392 running_loss=0.104756
2026-08-19 18:32:42 | INFO | epoch=004 train_batch=160/392 running_loss=0.104525
2026-08-19 18:32:43 | INFO | epoch=004 train_batch=170/392 running_loss=0.104129
2026-08-19 18:32:43 | INFO | epoch=004 train_batch=180/392 running_loss=0.104050
2026-08-19 18:32:43 | INFO | epoch=004 train_batch=190/392 running_loss=0.104157
2026-08-19 18:32:43 | INFO | epoch=004 train_batch=200/392 running_loss=0.103673
2026-08-19 18:32:43 | INFO | epoch=004 train_batch=210/392 running_loss=0.103648
2026-08-19 18:32:44 | INFO | epoch=004 train_batch=220/392 running_loss=0.103577
2026-08-19 18:32:44 | INFO | epoch=004 train_batch=230/392 running_loss=0.103118
2026-08-19 18:32:44 | INFO | epoch=004 train_batch=240/392 running_loss=0.103057
2026-08-19 18:32:44 | INFO | epoch=004 train_batch=250/392 running_loss=0.102819
2026-08-19 18:32:45 | INFO | epoch=004 train_batch=260/392 running_loss=0.102644
2026-08-19 18:32:45 | INFO | epoch=004 train_batch=270/392 running_loss=0.102628
2026-08-19 18:32:45 | INFO | epoch=004 train_batch=280/392 running_loss=0.102727
2026-08-19 18:32:45 | INFO | epoch=004 train_batch=290/392 running_loss=0.102459
2026-08-19 18:32:46 | INFO | epoch=004 train_batch=300/392 running_loss=0.102099
2026-08-19 18:32:46 | INFO | epoch=004 train_batch=310/392 running_loss=0.102001
2026-08-19 18:32:46 | INFO | epoch=004 train_batch=320/392 running_loss=0.101801
2026-08-19 18:32:46 | INFO | epoch=004 train_batch=330/392 running_loss=0.101703
2026-08-19 18:32:46 | INFO | epoch=004 train_batch=340/392 running_loss=0.101445
2026-08-19 18:32:47 | INFO | epoch=004 train_batch=350/392 running_loss=0.101431
2026-08-19 18:32:47 | INFO | epoch=004 train_batch=360/392 running_loss=0.101277
2026-08-19 18:32:47 | INFO | epoch=004 train_batch=370/392 running_loss=0.101070
2026-08-19 18:32:47 | INFO | epoch=004 train_batch=380/392 running_loss=0.100846
2026-08-19 18:32:48 | INFO | epoch=004 train_batch=390/392 running_loss=0.100728
2026-08-19 18:32:48 | INFO | epoch=004 train_batch=392/392 running_loss=0.100729
2026-08-19 18:32:48 | INFO | epoch=004 train_loss=0.100729 validation_loss=0.357848
2026-08-19 18:32:48 | INFO | epoch=004 saved new best.pt
2026-08-19 18:32:49 | INFO | epoch=005 train_batch=10/392 running_loss=0.096207
2026-08-19 18:32:49 | INFO | epoch=005 train_batch=20/392 running_loss=0.092730
2026-08-19 18:32:49 | INFO | epoch=005 train_batch=30/392 running_loss=0.090623
2026-08-19 18:32:49 | INFO | epoch=005 train_batch=40/392 running_loss=0.093151
2026-08-19 18:32:50 | INFO | epoch=005 train_batch=50/392 running_loss=0.093038
2026-08-19 18:32:50 | INFO | epoch=005 train_batch=60/392 running_loss=0.093569
2026-08-19 18:32:50 | INFO | epoch=005 train_batch=70/392 running_loss=0.093818
2026-08-19 18:32:50 | INFO | epoch=005 train_batch=80/392 running_loss=0.093506
2026-08-19 18:32:51 | INFO | epoch=005 train_batch=90/392 running_loss=0.093396
2026-08-19 18:32:51 | INFO | epoch=005 train_batch=100/392 running_loss=0.093355
2026-08-19 18:32:51 | INFO | epoch=005 train_batch=110/392 running_loss=0.093371
2026-08-19 18:32:51 | INFO | epoch=005 train_batch=120/392 running_loss=0.093192
2026-08-19 18:32:52 | INFO | epoch=005 train_batch=130/392 running_loss=0.092901
2026-08-19 18:32:52 | INFO | epoch=005 train_batch=140/392 running_loss=0.092968
2026-08-19 18:32:52 | INFO | epoch=005 train_batch=150/392 running_loss=0.092959
2026-08-19 18:32:52 | INFO | epoch=005 train_batch=160/392 running_loss=0.092859
2026-08-19 18:32:53 | INFO | epoch=005 train_batch=170/392 running_loss=0.092324
2026-08-19 18:32:53 | INFO | epoch=005 train_batch=180/392 running_loss=0.092420
2026-08-19 18:32:53 | INFO | epoch=005 train_batch=190/392 running_loss=0.092267
2026-08-19 18:32:53 | INFO | epoch=005 train_batch=200/392 running_loss=0.091932
2026-08-19 18:32:53 | INFO | epoch=005 train_batch=210/392 running_loss=0.091857
2026-08-19 18:32:54 | INFO | epoch=005 train_batch=220/392 running_loss=0.091949
2026-08-19 18:32:54 | INFO | epoch=005 train_batch=230/392 running_loss=0.092110
2026-08-19 18:32:54 | INFO | epoch=005 train_batch=240/392 running_loss=0.092076
2026-08-19 18:32:54 | INFO | epoch=005 train_batch=250/392 running_loss=0.091802
2026-08-19 18:32:55 | INFO | epoch=005 train_batch=260/392 running_loss=0.091703
2026-08-19 18:32:55 | INFO | epoch=005 train_batch=270/392 running_loss=0.091631
2026-08-19 18:32:55 | INFO | epoch=005 train_batch=280/392 running_loss=0.091335
2026-08-19 18:32:55 | INFO | epoch=005 train_batch=290/392 running_loss=0.091156
2026-08-19 18:32:56 | INFO | epoch=005 train_batch=300/392 running_loss=0.090974
2026-08-19 18:32:56 | INFO | epoch=005 train_batch=310/392 running_loss=0.090597
2026-08-19 18:32:56 | INFO | epoch=005 train_batch=320/392 running_loss=0.090350
2026-08-19 18:32:56 | INFO | epoch=005 train_batch=330/392 running_loss=0.090166
2026-08-19 18:32:56 | INFO | epoch=005 train_batch=340/392 running_loss=0.089921
2026-08-19 18:32:57 | INFO | epoch=005 train_batch=350/392 running_loss=0.090059
2026-08-19 18:32:57 | INFO | epoch=005 train_batch=360/392 running_loss=0.090035
2026-08-19 18:32:57 | INFO | epoch=005 train_batch=370/392 running_loss=0.089927
2026-08-19 18:32:57 | INFO | epoch=005 train_batch=380/392 running_loss=0.089947
2026-08-19 18:32:58 | INFO | epoch=005 train_batch=390/392 running_loss=0.089860
2026-08-19 18:32:58 | INFO | epoch=005 train_batch=392/392 running_loss=0.089856
2026-08-19 18:32:58 | INFO | epoch=005 train_loss=0.089856 validation_loss=0.325340
2026-08-19 18:32:59 | INFO | epoch=005 saved new best.pt
2026-08-19 18:32:59 | INFO | epoch=006 train_batch=10/392 running_loss=0.084291
2026-08-19 18:32:59 | INFO | epoch=006 train_batch=20/392 running_loss=0.083875
2026-08-19 18:32:59 | INFO | epoch=006 train_batch=30/392 running_loss=0.084520
2026-08-19 18:32:59 | INFO | epoch=006 train_batch=40/392 running_loss=0.084002
2026-08-19 18:33:00 | INFO | epoch=006 train_batch=50/392 running_loss=0.083615
2026-08-19 18:33:00 | INFO | epoch=006 train_batch=60/392 running_loss=0.083882
2026-08-19 18:33:00 | INFO | epoch=006 train_batch=70/392 running_loss=0.084112
2026-08-19 18:33:00 | INFO | epoch=006 train_batch=80/392 running_loss=0.084532
2026-08-19 18:33:01 | INFO | epoch=006 train_batch=90/392 running_loss=0.084144
2026-08-19 18:33:01 | INFO | epoch=006 train_batch=100/392 running_loss=0.084475
2026-08-19 18:33:01 | INFO | epoch=006 train_batch=110/392 running_loss=0.084372
2026-08-19 18:33:01 | INFO | epoch=006 train_batch=120/392 running_loss=0.084345
2026-08-19 18:33:02 | INFO | epoch=006 train_batch=130/392 running_loss=0.084416
2026-08-19 18:33:02 | INFO | epoch=006 train_batch=140/392 running_loss=0.084436
2026-08-19 18:33:02 | INFO | epoch=006 train_batch=150/392 running_loss=0.084398
2026-08-19 18:33:02 | INFO | epoch=006 train_batch=160/392 running_loss=0.084625
2026-08-19 18:33:03 | INFO | epoch=006 train_batch=170/392 running_loss=0.084727
2026-08-19 18:33:03 | INFO | epoch=006 train_batch=180/392 running_loss=0.084412
2026-08-19 18:33:03 | INFO | epoch=006 train_batch=190/392 running_loss=0.084110
2026-08-19 18:33:03 | INFO | epoch=006 train_batch=200/392 running_loss=0.083837
2026-08-19 18:33:03 | INFO | epoch=006 train_batch=210/392 running_loss=0.083718
2026-08-19 18:33:04 | INFO | epoch=006 train_batch=220/392 running_loss=0.083453
2026-08-19 18:33:04 | INFO | epoch=006 train_batch=230/392 running_loss=0.083234
2026-08-19 18:33:04 | INFO | epoch=006 train_batch=240/392 running_loss=0.083094
2026-08-19 18:33:04 | INFO | epoch=006 train_batch=250/392 running_loss=0.082706
2026-08-19 18:33:05 | INFO | epoch=006 train_batch=260/392 running_loss=0.082741
2026-08-19 18:33:05 | INFO | epoch=006 train_batch=270/392 running_loss=0.082725
2026-08-19 18:33:05 | INFO | epoch=006 train_batch=280/392 running_loss=0.082520
2026-08-19 18:33:05 | INFO | epoch=006 train_batch=290/392 running_loss=0.082488
2026-08-19 18:33:06 | INFO | epoch=006 train_batch=300/392 running_loss=0.082719
2026-08-19 18:33:06 | INFO | epoch=006 train_batch=310/392 running_loss=0.082712
2026-08-19 18:33:06 | INFO | epoch=006 train_batch=320/392 running_loss=0.082689
2026-08-19 18:33:06 | INFO | epoch=006 train_batch=330/392 running_loss=0.082615
2026-08-19 18:33:06 | INFO | epoch=006 train_batch=340/392 running_loss=0.082477
2026-08-19 18:33:07 | INFO | epoch=006 train_batch=350/392 running_loss=0.082405
2026-08-19 18:33:07 | INFO | epoch=006 train_batch=360/392 running_loss=0.082418
2026-08-19 18:33:07 | INFO | epoch=006 train_batch=370/392 running_loss=0.082471
2026-08-19 18:33:07 | INFO | epoch=006 train_batch=380/392 running_loss=0.082437
2026-08-19 18:33:08 | INFO | epoch=006 train_batch=390/392 running_loss=0.082185
2026-08-19 18:33:08 | INFO | epoch=006 train_batch=392/392 running_loss=0.082224
2026-08-19 18:33:08 | INFO | epoch=006 train_loss=0.082224 validation_loss=0.319716
2026-08-19 18:33:09 | INFO | epoch=006 saved new best.pt
2026-08-19 18:33:09 | INFO | epoch=007 train_batch=10/392 running_loss=0.078841
2026-08-19 18:33:09 | INFO | epoch=007 train_batch=20/392 running_loss=0.078558
2026-08-19 18:33:09 | INFO | epoch=007 train_batch=30/392 running_loss=0.078444
2026-08-19 18:33:09 | INFO | epoch=007 train_batch=40/392 running_loss=0.077038
2026-08-19 18:33:10 | INFO | epoch=007 train_batch=50/392 running_loss=0.076930
2026-08-19 18:33:10 | INFO | epoch=007 train_batch=60/392 running_loss=0.076775
2026-08-19 18:33:10 | INFO | epoch=007 train_batch=70/392 running_loss=0.077079
2026-08-19 18:33:10 | INFO | epoch=007 train_batch=80/392 running_loss=0.077049
2026-08-19 18:33:11 | INFO | epoch=007 train_batch=90/392 running_loss=0.077532
2026-08-19 18:33:11 | INFO | epoch=007 train_batch=100/392 running_loss=0.076819
2026-08-19 18:33:11 | INFO | epoch=007 train_batch=110/392 running_loss=0.077025
2026-08-19 18:33:11 | INFO | epoch=007 train_batch=120/392 running_loss=0.077427
2026-08-19 18:33:12 | INFO | epoch=007 train_batch=130/392 running_loss=0.077574
2026-08-19 18:33:12 | INFO | epoch=007 train_batch=140/392 running_loss=0.077516
2026-08-19 18:33:12 | INFO | epoch=007 train_batch=150/392 running_loss=0.077301
2026-08-19 18:33:12 | INFO | epoch=007 train_batch=160/392 running_loss=0.077101
2026-08-19 18:33:13 | INFO | epoch=007 train_batch=170/392 running_loss=0.076859
2026-08-19 18:33:13 | INFO | epoch=007 train_batch=180/392 running_loss=0.076969
2026-08-19 18:33:13 | INFO | epoch=007 train_batch=190/392 running_loss=0.076532
2026-08-19 18:33:13 | INFO | epoch=007 train_batch=200/392 running_loss=0.076655
2026-08-19 18:33:13 | INFO | epoch=007 train_batch=210/392 running_loss=0.076764
2026-08-19 18:33:14 | INFO | epoch=007 train_batch=220/392 running_loss=0.076574
2026-08-19 18:33:14 | INFO | epoch=007 train_batch=230/392 running_loss=0.076853
2026-08-19 18:33:14 | INFO | epoch=007 train_batch=240/392 running_loss=0.076783
2026-08-19 18:33:14 | INFO | epoch=007 train_batch=250/392 running_loss=0.076752
2026-08-19 18:33:15 | INFO | epoch=007 train_batch=260/392 running_loss=0.076814
2026-08-19 18:33:15 | INFO | epoch=007 train_batch=270/392 running_loss=0.076692
2026-08-19 18:33:15 | INFO | epoch=007 train_batch=280/392 running_loss=0.076619
2026-08-19 18:33:15 | INFO | epoch=007 train_batch=290/392 running_loss=0.076744
2026-08-19 18:33:16 | INFO | epoch=007 train_batch=300/392 running_loss=0.076599
2026-08-19 18:33:16 | INFO | epoch=007 train_batch=310/392 running_loss=0.076589
2026-08-19 18:33:16 | INFO | epoch=007 train_batch=320/392 running_loss=0.076532
2026-08-19 18:33:16 | INFO | epoch=007 train_batch=330/392 running_loss=0.076423
2026-08-19 18:33:16 | INFO | epoch=007 train_batch=340/392 running_loss=0.076428
2026-08-19 18:33:17 | INFO | epoch=007 train_batch=350/392 running_loss=0.076324
2026-08-19 18:33:17 | INFO | epoch=007 train_batch=360/392 running_loss=0.076421
2026-08-19 18:33:17 | INFO | epoch=007 train_batch=370/392 running_loss=0.076314
2026-08-19 18:33:17 | INFO | epoch=007 train_batch=380/392 running_loss=0.076301
2026-08-19 18:33:18 | INFO | epoch=007 train_batch=390/392 running_loss=0.076129
2026-08-19 18:33:18 | INFO | epoch=007 train_batch=392/392 running_loss=0.076071
2026-08-19 18:33:18 | INFO | epoch=007 train_loss=0.076071 validation_loss=0.308096
2026-08-19 18:33:19 | INFO | epoch=007 saved new best.pt
2026-08-19 18:33:19 | INFO | epoch=008 train_batch=10/392 running_loss=0.072389
2026-08-19 18:33:19 | INFO | epoch=008 train_batch=20/392 running_loss=0.072147
2026-08-19 18:33:19 | INFO | epoch=008 train_batch=30/392 running_loss=0.072075
2026-08-19 18:33:19 | INFO | epoch=008 train_batch=40/392 running_loss=0.072575
2026-08-19 18:33:20 | INFO | epoch=008 train_batch=50/392 running_loss=0.072445
2026-08-19 18:33:20 | INFO | epoch=008 train_batch=60/392 running_loss=0.072201
2026-08-19 18:33:20 | INFO | epoch=008 train_batch=70/392 running_loss=0.072300
2026-08-19 18:33:20 | INFO | epoch=008 train_batch=80/392 running_loss=0.072970
2026-08-19 18:33:21 | INFO | epoch=008 train_batch=90/392 running_loss=0.072624
2026-08-19 18:33:21 | INFO | epoch=008 train_batch=100/392 running_loss=0.073088
2026-08-19 18:33:21 | INFO | epoch=008 train_batch=110/392 running_loss=0.073700
2026-08-19 18:33:21 | INFO | epoch=008 train_batch=120/392 running_loss=0.073565
2026-08-19 18:33:22 | INFO | epoch=008 train_batch=130/392 running_loss=0.073508
2026-08-19 18:33:22 | INFO | epoch=008 train_batch=140/392 running_loss=0.073630
2026-08-19 18:33:22 | INFO | epoch=008 train_batch=150/392 running_loss=0.073376
2026-08-19 18:33:22 | INFO | epoch=008 train_batch=160/392 running_loss=0.073684
2026-08-19 18:33:23 | INFO | epoch=008 train_batch=170/392 running_loss=0.073855
2026-08-19 18:33:23 | INFO | epoch=008 train_batch=180/392 running_loss=0.073705
2026-08-19 18:33:23 | INFO | epoch=008 train_batch=190/392 running_loss=0.073330
2026-08-19 18:33:23 | INFO | epoch=008 train_batch=200/392 running_loss=0.073340
2026-08-19 18:33:23 | INFO | epoch=008 train_batch=210/392 running_loss=0.073315
2026-08-19 18:33:24 | INFO | epoch=008 train_batch=220/392 running_loss=0.073076
2026-08-19 18:33:24 | INFO | epoch=008 train_batch=230/392 running_loss=0.073079
2026-08-19 18:33:24 | INFO | epoch=008 train_batch=240/392 running_loss=0.073132
2026-08-19 18:33:24 | INFO | epoch=008 train_batch=250/392 running_loss=0.072908
2026-08-19 18:33:25 | INFO | epoch=008 train_batch=260/392 running_loss=0.072814
2026-08-19 18:33:25 | INFO | epoch=008 train_batch=270/392 running_loss=0.072768
2026-08-19 18:33:25 | INFO | epoch=008 train_batch=280/392 running_loss=0.072758
2026-08-19 18:33:25 | INFO | epoch=008 train_batch=290/392 running_loss=0.072510
2026-08-19 18:33:26 | INFO | epoch=008 train_batch=300/392 running_loss=0.072436
2026-08-19 18:33:26 | INFO | epoch=008 train_batch=310/392 running_loss=0.072359
2026-08-19 18:33:26 | INFO | epoch=008 train_batch=320/392 running_loss=0.072319
2026-08-19 18:33:26 | INFO | epoch=008 train_batch=330/392 running_loss=0.072253
2026-08-19 18:33:27 | INFO | epoch=008 train_batch=340/392 running_loss=0.072192
2026-08-19 18:33:27 | INFO | epoch=008 train_batch=350/392 running_loss=0.072094
2026-08-19 18:33:27 | INFO | epoch=008 train_batch=360/392 running_loss=0.071955
2026-08-19 18:33:27 | INFO | epoch=008 train_batch=370/392 running_loss=0.071809
2026-08-19 18:33:27 | INFO | epoch=008 train_batch=380/392 running_loss=0.071809
2026-08-19 18:33:28 | INFO | epoch=008 train_batch=390/392 running_loss=0.071724
2026-08-19 18:33:28 | INFO | epoch=008 train_batch=392/392 running_loss=0.071760
2026-08-19 18:33:29 | INFO | epoch=008 train_loss=0.071760 validation_loss=0.297759
2026-08-19 18:33:29 | INFO | epoch=008 saved new best.pt
2026-08-19 18:33:29 | INFO | epoch=009 train_batch=10/392 running_loss=0.068277
2026-08-19 18:33:29 | INFO | epoch=009 train_batch=20/392 running_loss=0.067134
2026-08-19 18:33:29 | INFO | epoch=009 train_batch=30/392 running_loss=0.068031
2026-08-19 18:33:30 | INFO | epoch=009 train_batch=40/392 running_loss=0.067349
2026-08-19 18:33:30 | INFO | epoch=009 train_batch=50/392 running_loss=0.067596
2026-08-19 18:33:30 | INFO | epoch=009 train_batch=60/392 running_loss=0.068185
2026-08-19 18:33:30 | INFO | epoch=009 train_batch=70/392 running_loss=0.067523
2026-08-19 18:33:31 | INFO | epoch=009 train_batch=80/392 running_loss=0.067758
2026-08-19 18:33:31 | INFO | epoch=009 train_batch=90/392 running_loss=0.067604
2026-08-19 18:33:31 | INFO | epoch=009 train_batch=100/392 running_loss=0.067796
2026-08-19 18:33:31 | INFO | epoch=009 train_batch=110/392 running_loss=0.067959
2026-08-19 18:33:31 | INFO | epoch=009 train_batch=120/392 running_loss=0.068038
2026-08-19 18:33:32 | INFO | epoch=009 train_batch=130/392 running_loss=0.067927
2026-08-19 18:33:32 | INFO | epoch=009 train_batch=140/392 running_loss=0.067779
2026-08-19 18:33:32 | INFO | epoch=009 train_batch=150/392 running_loss=0.067866
2026-08-19 18:33:32 | INFO | epoch=009 train_batch=160/392 running_loss=0.067929
2026-08-19 18:33:33 | INFO | epoch=009 train_batch=170/392 running_loss=0.067742
2026-08-19 18:33:33 | INFO | epoch=009 train_batch=180/392 running_loss=0.067425
2026-08-19 18:33:33 | INFO | epoch=009 train_batch=190/392 running_loss=0.067444
2026-08-19 18:33:33 | INFO | epoch=009 train_batch=200/392 running_loss=0.067366
2026-08-19 18:33:34 | INFO | epoch=009 train_batch=210/392 running_loss=0.067601
2026-08-19 18:33:34 | INFO | epoch=009 train_batch=220/392 running_loss=0.067560
2026-08-19 18:33:34 | INFO | epoch=009 train_batch=230/392 running_loss=0.067518
2026-08-19 18:33:34 | INFO | epoch=009 train_batch=240/392 running_loss=0.067857
2026-08-19 18:33:35 | INFO | epoch=009 train_batch=250/392 running_loss=0.067983
2026-08-19 18:33:35 | INFO | epoch=009 train_batch=260/392 running_loss=0.068012
2026-08-19 18:33:35 | INFO | epoch=009 train_batch=270/392 running_loss=0.068025
2026-08-19 18:33:35 | INFO | epoch=009 train_batch=280/392 running_loss=0.068069
2026-08-19 18:33:35 | INFO | epoch=009 train_batch=290/392 running_loss=0.068004
2026-08-19 18:33:36 | INFO | epoch=009 train_batch=300/392 running_loss=0.067966
2026-08-19 18:33:36 | INFO | epoch=009 train_batch=310/392 running_loss=0.067949
2026-08-19 18:33:36 | INFO | epoch=009 train_batch=320/392 running_loss=0.067905
2026-08-19 18:33:36 | INFO | epoch=009 train_batch=330/392 running_loss=0.067887
2026-08-19 18:33:37 | INFO | epoch=009 train_batch=340/392 running_loss=0.067898
2026-08-19 18:33:37 | INFO | epoch=009 train_batch=350/392 running_loss=0.067821
2026-08-19 18:33:37 | INFO | epoch=009 train_batch=360/392 running_loss=0.068141
2026-08-19 18:33:37 | INFO | epoch=009 train_batch=370/392 running_loss=0.068223
2026-08-19 18:33:38 | INFO | epoch=009 train_batch=380/392 running_loss=0.068161
2026-08-19 18:33:38 | INFO | epoch=009 train_batch=390/392 running_loss=0.068089
2026-08-19 18:33:38 | INFO | epoch=009 train_batch=392/392 running_loss=0.068077
2026-08-19 18:33:39 | INFO | epoch=009 train_loss=0.068077 validation_loss=0.304590
2026-08-19 18:33:39 | INFO | epoch=010 train_batch=10/392 running_loss=0.060603
2026-08-19 18:33:39 | INFO | epoch=010 train_batch=20/392 running_loss=0.061888
2026-08-19 18:33:39 | INFO | epoch=010 train_batch=30/392 running_loss=0.060653
2026-08-19 18:33:40 | INFO | epoch=010 train_batch=40/392 running_loss=0.062410
2026-08-19 18:33:40 | INFO | epoch=010 train_batch=50/392 running_loss=0.063357
2026-08-19 18:33:40 | INFO | epoch=010 train_batch=60/392 running_loss=0.063313
2026-08-19 18:33:40 | INFO | epoch=010 train_batch=70/392 running_loss=0.063121
2026-08-19 18:33:41 | INFO | epoch=010 train_batch=80/392 running_loss=0.064069
2026-08-19 18:33:41 | INFO | epoch=010 train_batch=90/392 running_loss=0.063976
2026-08-19 18:33:41 | INFO | epoch=010 train_batch=100/392 running_loss=0.064559
2026-08-19 18:33:41 | INFO | epoch=010 train_batch=110/392 running_loss=0.064829
2026-08-19 18:33:42 | INFO | epoch=010 train_batch=120/392 running_loss=0.064630
2026-08-19 18:33:42 | INFO | epoch=010 train_batch=130/392 running_loss=0.064403
2026-08-19 18:33:42 | INFO | epoch=010 train_batch=140/392 running_loss=0.064905
2026-08-19 18:33:42 | INFO | epoch=010 train_batch=150/392 running_loss=0.065140
2026-08-19 18:33:42 | INFO | epoch=010 train_batch=160/392 running_loss=0.065436
2026-08-19 18:33:43 | INFO | epoch=010 train_batch=170/392 running_loss=0.065460
2026-08-19 18:33:43 | INFO | epoch=010 train_batch=180/392 running_loss=0.065553
2026-08-19 18:33:43 | INFO | epoch=010 train_batch=190/392 running_loss=0.065493
2026-08-19 18:33:43 | INFO | epoch=010 train_batch=200/392 running_loss=0.065510
2026-08-19 18:33:44 | INFO | epoch=010 train_batch=210/392 running_loss=0.065627
2026-08-19 18:33:44 | INFO | epoch=010 train_batch=220/392 running_loss=0.065643
2026-08-19 18:33:44 | INFO | epoch=010 train_batch=230/392 running_loss=0.065720
2026-08-19 18:33:44 | INFO | epoch=010 train_batch=240/392 running_loss=0.065625
2026-08-19 18:33:45 | INFO | epoch=010 train_batch=250/392 running_loss=0.065558
2026-08-19 18:33:45 | INFO | epoch=010 train_batch=260/392 running_loss=0.065427
2026-08-19 18:33:45 | INFO | epoch=010 train_batch=270/392 running_loss=0.065207
2026-08-19 18:33:45 | INFO | epoch=010 train_batch=280/392 running_loss=0.065401
2026-08-19 18:33:46 | INFO | epoch=010 train_batch=290/392 running_loss=0.065347
2026-08-19 18:33:46 | INFO | epoch=010 train_batch=300/392 running_loss=0.065349
2026-08-19 18:33:46 | INFO | epoch=010 train_batch=310/392 running_loss=0.065393
2026-08-19 18:33:46 | INFO | epoch=010 train_batch=320/392 running_loss=0.065343
2026-08-19 18:33:47 | INFO | epoch=010 train_batch=330/392 running_loss=0.065171
2026-08-19 18:33:47 | INFO | epoch=010 train_batch=340/392 running_loss=0.064949
2026-08-19 18:33:47 | INFO | epoch=010 train_batch=350/392 running_loss=0.064883
2026-08-19 18:33:47 | INFO | epoch=010 train_batch=360/392 running_loss=0.064987
2026-08-19 18:33:47 | INFO | epoch=010 train_batch=370/392 running_loss=0.064869
2026-08-19 18:33:48 | INFO | epoch=010 train_batch=380/392 running_loss=0.064938
2026-08-19 18:33:48 | INFO | epoch=010 train_batch=390/392 running_loss=0.064898
2026-08-19 18:33:48 | INFO | epoch=010 train_batch=392/392 running_loss=0.064916
2026-08-19 18:33:49 | INFO | epoch=010 train_loss=0.064916 validation_loss=0.298565
2026-08-19 18:33:49 | INFO | epoch=011 train_batch=10/392 running_loss=0.061600
2026-08-19 18:33:49 | INFO | epoch=011 train_batch=20/392 running_loss=0.059221
2026-08-19 18:33:49 | INFO | epoch=011 train_batch=30/392 running_loss=0.060461
2026-08-19 18:33:50 | INFO | epoch=011 train_batch=40/392 running_loss=0.060382
2026-08-19 18:33:50 | INFO | epoch=011 train_batch=50/392 running_loss=0.060808
2026-08-19 18:33:50 | INFO | epoch=011 train_batch=60/392 running_loss=0.061054
2026-08-19 18:33:50 | INFO | epoch=011 train_batch=70/392 running_loss=0.061561
2026-08-19 18:33:51 | INFO | epoch=011 train_batch=80/392 running_loss=0.061622
2026-08-19 18:33:51 | INFO | epoch=011 train_batch=90/392 running_loss=0.061536
2026-08-19 18:33:51 | INFO | epoch=011 train_batch=100/392 running_loss=0.061826
2026-08-19 18:33:51 | INFO | epoch=011 train_batch=110/392 running_loss=0.061496
2026-08-19 18:33:52 | INFO | epoch=011 train_batch=120/392 running_loss=0.061716
2026-08-19 18:33:52 | INFO | epoch=011 train_batch=130/392 running_loss=0.061957
2026-08-19 18:33:52 | INFO | epoch=011 train_batch=140/392 running_loss=0.062102
2026-08-19 18:33:52 | INFO | epoch=011 train_batch=150/392 running_loss=0.062310
2026-08-19 18:33:52 | INFO | epoch=011 train_batch=160/392 running_loss=0.062337
2026-08-19 18:33:53 | INFO | epoch=011 train_batch=170/392 running_loss=0.062053
2026-08-19 18:33:53 | INFO | epoch=011 train_batch=180/392 running_loss=0.062096
2026-08-19 18:33:53 | INFO | epoch=011 train_batch=190/392 running_loss=0.062284
2026-08-19 18:33:53 | INFO | epoch=011 train_batch=200/392 running_loss=0.062023
2026-08-19 18:33:54 | INFO | epoch=011 train_batch=210/392 running_loss=0.062309
2026-08-19 18:33:54 | INFO | epoch=011 train_batch=220/392 running_loss=0.062269
2026-08-19 18:33:54 | INFO | epoch=011 train_batch=230/392 running_loss=0.062286
2026-08-19 18:33:54 | INFO | epoch=011 train_batch=240/392 running_loss=0.062390
2026-08-19 18:33:55 | INFO | epoch=011 train_batch=250/392 running_loss=0.062623
2026-08-19 18:33:55 | INFO | epoch=011 train_batch=260/392 running_loss=0.062313
2026-08-19 18:33:55 | INFO | epoch=011 train_batch=270/392 running_loss=0.062257
2026-08-19 18:33:55 | INFO | epoch=011 train_batch=280/392 running_loss=0.062468
2026-08-19 18:33:55 | INFO | epoch=011 train_batch=290/392 running_loss=0.062548
2026-08-19 18:33:56 | INFO | epoch=011 train_batch=300/392 running_loss=0.062604
2026-08-19 18:33:56 | INFO | epoch=011 train_batch=310/392 running_loss=0.062520
2026-08-19 18:33:56 | INFO | epoch=011 train_batch=320/392 running_loss=0.062572
2026-08-19 18:33:56 | INFO | epoch=011 train_batch=330/392 running_loss=0.062605
2026-08-19 18:33:57 | INFO | epoch=011 train_batch=340/392 running_loss=0.062604
2026-08-19 18:33:57 | INFO | epoch=011 train_batch=350/392 running_loss=0.062527
2026-08-19 18:33:57 | INFO | epoch=011 train_batch=360/392 running_loss=0.062456
2026-08-19 18:33:57 | INFO | epoch=011 train_batch=370/392 running_loss=0.062390
2026-08-19 18:33:58 | INFO | epoch=011 train_batch=380/392 running_loss=0.062358
2026-08-19 18:33:58 | INFO | epoch=011 train_batch=390/392 running_loss=0.062475
2026-08-19 18:33:58 | INFO | epoch=011 train_batch=392/392 running_loss=0.062534
2026-08-19 18:33:59 | INFO | epoch=011 train_loss=0.062534 validation_loss=0.293995
2026-08-19 18:33:59 | INFO | epoch=011 saved new best.pt
2026-08-19 18:33:59 | INFO | epoch=012 train_batch=10/392 running_loss=0.059744
2026-08-19 18:33:59 | INFO | epoch=012 train_batch=20/392 running_loss=0.061548
2026-08-19 18:33:59 | INFO | epoch=012 train_batch=30/392 running_loss=0.060460
2026-08-19 18:34:00 | INFO | epoch=012 train_batch=40/392 running_loss=0.060647
2026-08-19 18:34:00 | INFO | epoch=012 train_batch=50/392 running_loss=0.061241
2026-08-19 18:34:00 | INFO | epoch=012 train_batch=60/392 running_loss=0.060726
2026-08-19 18:34:00 | INFO | epoch=012 train_batch=70/392 running_loss=0.061060
2026-08-19 18:34:01 | INFO | epoch=012 train_batch=80/392 running_loss=0.060755
2026-08-19 18:34:01 | INFO | epoch=012 train_batch=90/392 running_loss=0.060212
2026-08-19 18:34:01 | INFO | epoch=012 train_batch=100/392 running_loss=0.060544
2026-08-19 18:34:01 | INFO | epoch=012 train_batch=110/392 running_loss=0.061164
2026-08-19 18:34:01 | INFO | epoch=012 train_batch=120/392 running_loss=0.061143
2026-08-19 18:34:02 | INFO | epoch=012 train_batch=130/392 running_loss=0.060645
2026-08-19 18:34:02 | INFO | epoch=012 train_batch=140/392 running_loss=0.060931
2026-08-19 18:34:02 | INFO | epoch=012 train_batch=150/392 running_loss=0.060866
2026-08-19 18:34:02 | INFO | epoch=012 train_batch=160/392 running_loss=0.060786
2026-08-19 18:34:03 | INFO | epoch=012 train_batch=170/392 running_loss=0.060573
2026-08-19 18:34:03 | INFO | epoch=012 train_batch=180/392 running_loss=0.060675
2026-08-19 18:34:03 | INFO | epoch=012 train_batch=190/392 running_loss=0.060494
2026-08-19 18:34:03 | INFO | epoch=012 train_batch=200/392 running_loss=0.060387
2026-08-19 18:34:04 | INFO | epoch=012 train_batch=210/392 running_loss=0.060448
2026-08-19 18:34:04 | INFO | epoch=012 train_batch=220/392 running_loss=0.060408
2026-08-19 18:34:04 | INFO | epoch=012 train_batch=230/392 running_loss=0.060562
2026-08-19 18:34:04 | INFO | epoch=012 train_batch=240/392 running_loss=0.060651
2026-08-19 18:34:04 | INFO | epoch=012 train_batch=250/392 running_loss=0.060705
2026-08-19 18:34:05 | INFO | epoch=012 train_batch=260/392 running_loss=0.060507
2026-08-19 18:34:05 | INFO | epoch=012 train_batch=270/392 running_loss=0.060429
2026-08-19 18:34:05 | INFO | epoch=012 train_batch=280/392 running_loss=0.060294
2026-08-19 18:34:05 | INFO | epoch=012 train_batch=290/392 running_loss=0.060380
2026-08-19 18:34:06 | INFO | epoch=012 train_batch=300/392 running_loss=0.060301
2026-08-19 18:34:06 | INFO | epoch=012 train_batch=310/392 running_loss=0.060320
2026-08-19 18:34:06 | INFO | epoch=012 train_batch=320/392 running_loss=0.060208
2026-08-19 18:34:06 | INFO | epoch=012 train_batch=330/392 running_loss=0.060276
2026-08-19 18:34:07 | INFO | epoch=012 train_batch=340/392 running_loss=0.060394
2026-08-19 18:34:07 | INFO | epoch=012 train_batch=350/392 running_loss=0.060404
2026-08-19 18:34:07 | INFO | epoch=012 train_batch=360/392 running_loss=0.060370
2026-08-19 18:34:07 | INFO | epoch=012 train_batch=370/392 running_loss=0.060348
2026-08-19 18:34:07 | INFO | epoch=012 train_batch=380/392 running_loss=0.060345
2026-08-19 18:34:08 | INFO | epoch=012 train_batch=390/392 running_loss=0.060330
2026-08-19 18:34:08 | INFO | epoch=012 train_batch=392/392 running_loss=0.060365
2026-08-19 18:34:08 | INFO | epoch=012 train_loss=0.060365 validation_loss=0.292142
2026-08-19 18:34:09 | INFO | epoch=012 saved new best.pt
2026-08-19 18:34:09 | INFO | epoch=013 train_batch=10/392 running_loss=0.061081
2026-08-19 18:34:09 | INFO | epoch=013 train_batch=20/392 running_loss=0.059199
2026-08-19 18:34:09 | INFO | epoch=013 train_batch=30/392 running_loss=0.058806
2026-08-19 18:34:10 | INFO | epoch=013 train_batch=40/392 running_loss=0.058649
2026-08-19 18:34:10 | INFO | epoch=013 train_batch=50/392 running_loss=0.059334
2026-08-19 18:34:10 | INFO | epoch=013 train_batch=60/392 running_loss=0.058778
2026-08-19 18:34:10 | INFO | epoch=013 train_batch=70/392 running_loss=0.058850
2026-08-19 18:34:11 | INFO | epoch=013 train_batch=80/392 running_loss=0.058478
2026-08-19 18:34:11 | INFO | epoch=013 train_batch=90/392 running_loss=0.058948
2026-08-19 18:34:11 | INFO | epoch=013 train_batch=100/392 running_loss=0.059369
2026-08-19 18:34:11 | INFO | epoch=013 train_batch=110/392 running_loss=0.059406
2026-08-19 18:34:11 | INFO | epoch=013 train_batch=120/392 running_loss=0.059687
2026-08-19 18:34:12 | INFO | epoch=013 train_batch=130/392 running_loss=0.059416
2026-08-19 18:34:12 | INFO | epoch=013 train_batch=140/392 running_loss=0.059075
2026-08-19 18:34:12 | INFO | epoch=013 train_batch=150/392 running_loss=0.058951
2026-08-19 18:34:12 | INFO | epoch=013 train_batch=160/392 running_loss=0.059017
2026-08-19 18:34:13 | INFO | epoch=013 train_batch=170/392 running_loss=0.058776
2026-08-19 18:34:13 | INFO | epoch=013 train_batch=180/392 running_loss=0.058642
2026-08-19 18:34:13 | INFO | epoch=013 train_batch=190/392 running_loss=0.058460
2026-08-19 18:34:13 | INFO | epoch=013 train_batch=200/392 running_loss=0.058422
2026-08-19 18:34:14 | INFO | epoch=013 train_batch=210/392 running_loss=0.058207
2026-08-19 18:34:14 | INFO | epoch=013 train_batch=220/392 running_loss=0.058158
2026-08-19 18:34:14 | INFO | epoch=013 train_batch=230/392 running_loss=0.058339
2026-08-19 18:34:14 | INFO | epoch=013 train_batch=240/392 running_loss=0.058193
2026-08-19 18:34:15 | INFO | epoch=013 train_batch=250/392 running_loss=0.058313
2026-08-19 18:34:15 | INFO | epoch=013 train_batch=260/392 running_loss=0.058214
2026-08-19 18:34:15 | INFO | epoch=013 train_batch=270/392 running_loss=0.058204
2026-08-19 18:34:15 | INFO | epoch=013 train_batch=280/392 running_loss=0.058288
2026-08-19 18:34:15 | INFO | epoch=013 train_batch=290/392 running_loss=0.058506
2026-08-19 18:34:16 | INFO | epoch=013 train_batch=300/392 running_loss=0.058482
2026-08-19 18:34:16 | INFO | epoch=013 train_batch=310/392 running_loss=0.058471
2026-08-19 18:34:16 | INFO | epoch=013 train_batch=320/392 running_loss=0.058295
2026-08-19 18:34:16 | INFO | epoch=013 train_batch=330/392 running_loss=0.058231
2026-08-19 18:34:17 | INFO | epoch=013 train_batch=340/392 running_loss=0.058223
2026-08-19 18:34:17 | INFO | epoch=013 train_batch=350/392 running_loss=0.058297
2026-08-19 18:34:17 | INFO | epoch=013 train_batch=360/392 running_loss=0.058369
2026-08-19 18:34:17 | INFO | epoch=013 train_batch=370/392 running_loss=0.058289
2026-08-19 18:34:18 | INFO | epoch=013 train_batch=380/392 running_loss=0.058262
2026-08-19 18:34:18 | INFO | epoch=013 train_batch=390/392 running_loss=0.058293
2026-08-19 18:34:18 | INFO | epoch=013 train_batch=392/392 running_loss=0.058357
2026-08-19 18:34:19 | INFO | epoch=013 train_loss=0.058357 validation_loss=0.283060
2026-08-19 18:34:19 | INFO | epoch=013 saved new best.pt
2026-08-19 18:34:19 | INFO | epoch=014 train_batch=10/392 running_loss=0.052157
2026-08-19 18:34:19 | INFO | epoch=014 train_batch=20/392 running_loss=0.057432
2026-08-19 18:34:19 | INFO | epoch=014 train_batch=30/392 running_loss=0.056084
2026-08-19 18:34:20 | INFO | epoch=014 train_batch=40/392 running_loss=0.056825
2026-08-19 18:34:20 | INFO | epoch=014 train_batch=50/392 running_loss=0.055960
2026-08-19 18:34:20 | INFO | epoch=014 train_batch=60/392 running_loss=0.056011
2026-08-19 18:34:20 | INFO | epoch=014 train_batch=70/392 running_loss=0.055933
2026-08-19 18:34:21 | INFO | epoch=014 train_batch=80/392 running_loss=0.055728
2026-08-19 18:34:21 | INFO | epoch=014 train_batch=90/392 running_loss=0.055457
2026-08-19 18:34:21 | INFO | epoch=014 train_batch=100/392 running_loss=0.055539
2026-08-19 18:34:21 | INFO | epoch=014 train_batch=110/392 running_loss=0.055750
2026-08-19 18:34:21 | INFO | epoch=014 train_batch=120/392 running_loss=0.055607
2026-08-19 18:34:22 | INFO | epoch=014 train_batch=130/392 running_loss=0.055979
2026-08-19 18:34:22 | INFO | epoch=014 train_batch=140/392 running_loss=0.055978
2026-08-19 18:34:22 | INFO | epoch=014 train_batch=150/392 running_loss=0.056123
2026-08-19 18:34:22 | INFO | epoch=014 train_batch=160/392 running_loss=0.056491
2026-08-19 18:34:23 | INFO | epoch=014 train_batch=170/392 running_loss=0.056546
2026-08-19 18:34:23 | INFO | epoch=014 train_batch=180/392 running_loss=0.056684
2026-08-19 18:34:23 | INFO | epoch=014 train_batch=190/392 running_loss=0.056423
2026-08-19 18:34:23 | INFO | epoch=014 train_batch=200/392 running_loss=0.056310
2026-08-19 18:34:24 | INFO | epoch=014 train_batch=210/392 running_loss=0.056138
2026-08-19 18:34:24 | INFO | epoch=014 train_batch=220/392 running_loss=0.056079
2026-08-19 18:34:24 | INFO | epoch=014 train_batch=230/392 running_loss=0.056349
2026-08-19 18:34:24 | INFO | epoch=014 train_batch=240/392 running_loss=0.056312
2026-08-19 18:34:25 | INFO | epoch=014 train_batch=250/392 running_loss=0.056298
2026-08-19 18:34:25 | INFO | epoch=014 train_batch=260/392 running_loss=0.056598
2026-08-19 18:34:25 | INFO | epoch=014 train_batch=270/392 running_loss=0.056587
2026-08-19 18:34:25 | INFO | epoch=014 train_batch=280/392 running_loss=0.056557
2026-08-19 18:34:26 | INFO | epoch=014 train_batch=290/392 running_loss=0.056648
2026-08-19 18:34:26 | INFO | epoch=014 train_batch=300/392 running_loss=0.056597
2026-08-19 18:34:26 | INFO | epoch=014 train_batch=310/392 running_loss=0.056474
2026-08-19 18:34:26 | INFO | epoch=014 train_batch=320/392 running_loss=0.056496
2026-08-19 18:34:27 | INFO | epoch=014 train_batch=330/392 running_loss=0.056534
2026-08-19 18:34:27 | INFO | epoch=014 train_batch=340/392 running_loss=0.056555
2026-08-19 18:34:27 | INFO | epoch=014 train_batch=350/392 running_loss=0.056688
2026-08-19 18:34:27 | INFO | epoch=014 train_batch=360/392 running_loss=0.056673
2026-08-19 18:34:27 | INFO | epoch=014 train_batch=370/392 running_loss=0.056758
2026-08-19 18:34:28 | INFO | epoch=014 train_batch=380/392 running_loss=0.056709
2026-08-19 18:34:28 | INFO | epoch=014 train_batch=390/392 running_loss=0.056746
2026-08-19 18:34:28 | INFO | epoch=014 train_batch=392/392 running_loss=0.056829
2026-08-19 18:34:29 | INFO | epoch=014 train_loss=0.056829 validation_loss=0.280238
2026-08-19 18:34:29 | INFO | epoch=014 saved new best.pt
2026-08-19 18:34:29 | INFO | epoch=015 train_batch=10/392 running_loss=0.051427
2026-08-19 18:34:29 | INFO | epoch=015 train_batch=20/392 running_loss=0.052669
2026-08-19 18:34:30 | INFO | epoch=015 train_batch=30/392 running_loss=0.052816
2026-08-19 18:34:30 | INFO | epoch=015 train_batch=40/392 running_loss=0.054042
2026-08-19 18:34:30 | INFO | epoch=015 train_batch=50/392 running_loss=0.053758
2026-08-19 18:34:30 | INFO | epoch=015 train_batch=60/392 running_loss=0.053824
2026-08-19 18:34:31 | INFO | epoch=015 train_batch=70/392 running_loss=0.054244
2026-08-19 18:34:31 | INFO | epoch=015 train_batch=80/392 running_loss=0.054587
2026-08-19 18:34:31 | INFO | epoch=015 train_batch=90/392 running_loss=0.055028
2026-08-19 18:34:31 | INFO | epoch=015 train_batch=100/392 running_loss=0.055000
2026-08-19 18:34:31 | INFO | epoch=015 train_batch=110/392 running_loss=0.054992
2026-08-19 18:34:32 | INFO | epoch=015 train_batch=120/392 running_loss=0.055262
2026-08-19 18:34:32 | INFO | epoch=015 train_batch=130/392 running_loss=0.055454
2026-08-19 18:34:32 | INFO | epoch=015 train_batch=140/392 running_loss=0.055363
2026-08-19 18:34:32 | INFO | epoch=015 train_batch=150/392 running_loss=0.055245
2026-08-19 18:34:33 | INFO | epoch=015 train_batch=160/392 running_loss=0.055052
2026-08-19 18:34:33 | INFO | epoch=015 train_batch=170/392 running_loss=0.055017
2026-08-19 18:34:33 | INFO | epoch=015 train_batch=180/392 running_loss=0.055011
2026-08-19 18:34:33 | INFO | epoch=015 train_batch=190/392 running_loss=0.054965
2026-08-19 18:34:34 | INFO | epoch=015 train_batch=200/392 running_loss=0.054951
2026-08-19 18:34:34 | INFO | epoch=015 train_batch=210/392 running_loss=0.055324
2026-08-19 18:34:34 | INFO | epoch=015 train_batch=220/392 running_loss=0.055334
2026-08-19 18:34:34 | INFO | epoch=015 train_batch=230/392 running_loss=0.055315
2026-08-19 18:34:35 | INFO | epoch=015 train_batch=240/392 running_loss=0.055238
2026-08-19 18:34:35 | INFO | epoch=015 train_batch=250/392 running_loss=0.055401
2026-08-19 18:34:35 | INFO | epoch=015 train_batch=260/392 running_loss=0.055371
2026-08-19 18:34:35 | INFO | epoch=015 train_batch=270/392 running_loss=0.055412
2026-08-19 18:34:36 | INFO | epoch=015 train_batch=280/392 running_loss=0.055485
2026-08-19 18:34:36 | INFO | epoch=015 train_batch=290/392 running_loss=0.055528
2026-08-19 18:34:36 | INFO | epoch=015 train_batch=300/392 running_loss=0.055439
2026-08-19 18:34:36 | INFO | epoch=015 train_batch=310/392 running_loss=0.055435
2026-08-19 18:34:37 | INFO | epoch=015 train_batch=320/392 running_loss=0.055376
2026-08-19 18:34:37 | INFO | epoch=015 train_batch=330/392 running_loss=0.055501
2026-08-19 18:34:37 | INFO | epoch=015 train_batch=340/392 running_loss=0.055479
2026-08-19 18:34:37 | INFO | epoch=015 train_batch=350/392 running_loss=0.055487
2026-08-19 18:34:38 | INFO | epoch=015 train_batch=360/392 running_loss=0.055409
2026-08-19 18:34:38 | INFO | epoch=015 train_batch=370/392 running_loss=0.055398
2026-08-19 18:34:38 | INFO | epoch=015 train_batch=380/392 running_loss=0.055501
2026-08-19 18:34:38 | INFO | epoch=015 train_batch=390/392 running_loss=0.055524
2026-08-19 18:34:38 | INFO | epoch=015 train_batch=392/392 running_loss=0.055532
2026-08-19 18:34:39 | INFO | epoch=015 train_loss=0.055532 validation_loss=0.284023
2026-08-19 18:34:39 | INFO | epoch=016 train_batch=10/392 running_loss=0.054427
2026-08-19 18:34:40 | INFO | epoch=016 train_batch=20/392 running_loss=0.055186
2026-08-19 18:34:40 | INFO | epoch=016 train_batch=30/392 running_loss=0.055678
2026-08-19 18:34:40 | INFO | epoch=016 train_batch=40/392 running_loss=0.055358
2026-08-19 18:34:40 | INFO | epoch=016 train_batch=50/392 running_loss=0.054908
2026-08-19 18:34:41 | INFO | epoch=016 train_batch=60/392 running_loss=0.055460
2026-08-19 18:34:41 | INFO | epoch=016 train_batch=70/392 running_loss=0.055613
2026-08-19 18:34:41 | INFO | epoch=016 train_batch=80/392 running_loss=0.055739
2026-08-19 18:34:41 | INFO | epoch=016 train_batch=90/392 running_loss=0.055542
2026-08-19 18:34:41 | INFO | epoch=016 train_batch=100/392 running_loss=0.055625
2026-08-19 18:34:42 | INFO | epoch=016 train_batch=110/392 running_loss=0.055616
2026-08-19 18:34:42 | INFO | epoch=016 train_batch=120/392 running_loss=0.055406
2026-08-19 18:34:42 | INFO | epoch=016 train_batch=130/392 running_loss=0.055253
2026-08-19 18:34:42 | INFO | epoch=016 train_batch=140/392 running_loss=0.055452
2026-08-19 18:34:43 | INFO | epoch=016 train_batch=150/392 running_loss=0.055494
2026-08-19 18:34:43 | INFO | epoch=016 train_batch=160/392 running_loss=0.055107
2026-08-19 18:34:43 | INFO | epoch=016 train_batch=170/392 running_loss=0.055167
2026-08-19 18:34:43 | INFO | epoch=016 train_batch=180/392 running_loss=0.055123
2026-08-19 18:34:44 | INFO | epoch=016 train_batch=190/392 running_loss=0.054806
2026-08-19 18:34:44 | INFO | epoch=016 train_batch=200/392 running_loss=0.054608
2026-08-19 18:34:44 | INFO | epoch=016 train_batch=210/392 running_loss=0.054434
2026-08-19 18:34:44 | INFO | epoch=016 train_batch=220/392 running_loss=0.054385
2026-08-19 18:34:45 | INFO | epoch=016 train_batch=230/392 running_loss=0.054423
2026-08-19 18:34:45 | INFO | epoch=016 train_batch=240/392 running_loss=0.054379
2026-08-19 18:34:45 | INFO | epoch=016 train_batch=250/392 running_loss=0.054188
2026-08-19 18:34:45 | INFO | epoch=016 train_batch=260/392 running_loss=0.054289
2026-08-19 18:34:45 | INFO | epoch=016 train_batch=270/392 running_loss=0.054259
2026-08-19 18:34:46 | INFO | epoch=016 train_batch=280/392 running_loss=0.054279
2026-08-19 18:34:46 | INFO | epoch=016 train_batch=290/392 running_loss=0.054385
2026-08-19 18:34:46 | INFO | epoch=016 train_batch=300/392 running_loss=0.054354
2026-08-19 18:34:46 | INFO | epoch=016 train_batch=310/392 running_loss=0.054322
2026-08-19 18:34:47 | INFO | epoch=016 train_batch=320/392 running_loss=0.054311
2026-08-19 18:34:47 | INFO | epoch=016 train_batch=330/392 running_loss=0.054204
2026-08-19 18:34:47 | INFO | epoch=016 train_batch=340/392 running_loss=0.054407
2026-08-19 18:34:47 | INFO | epoch=016 train_batch=350/392 running_loss=0.054372
2026-08-19 18:34:48 | INFO | epoch=016 train_batch=360/392 running_loss=0.054419
2026-08-19 18:34:48 | INFO | epoch=016 train_batch=370/392 running_loss=0.054442
2026-08-19 18:34:48 | INFO | epoch=016 train_batch=380/392 running_loss=0.054335
2026-08-19 18:34:48 | INFO | epoch=016 train_batch=390/392 running_loss=0.054265
2026-08-19 18:34:48 | INFO | epoch=016 train_batch=392/392 running_loss=0.054261
2026-08-19 18:34:49 | INFO | epoch=016 train_loss=0.054261 validation_loss=0.281484
2026-08-19 18:34:49 | INFO | epoch=017 train_batch=10/392 running_loss=0.049731
2026-08-19 18:34:50 | INFO | epoch=017 train_batch=20/392 running_loss=0.053327
2026-08-19 18:34:50 | INFO | epoch=017 train_batch=30/392 running_loss=0.053624
2026-08-19 18:34:50 | INFO | epoch=017 train_batch=40/392 running_loss=0.053596
2026-08-19 18:34:50 | INFO | epoch=017 train_batch=50/392 running_loss=0.052558
2026-08-19 18:34:50 | INFO | epoch=017 train_batch=60/392 running_loss=0.052243
2026-08-19 18:34:51 | INFO | epoch=017 train_batch=70/392 running_loss=0.052420
2026-08-19 18:34:51 | INFO | epoch=017 train_batch=80/392 running_loss=0.052192
2026-08-19 18:34:51 | INFO | epoch=017 train_batch=90/392 running_loss=0.052624
2026-08-19 18:34:51 | INFO | epoch=017 train_batch=100/392 running_loss=0.052773
2026-08-19 18:34:52 | INFO | epoch=017 train_batch=110/392 running_loss=0.052803
2026-08-19 18:34:52 | INFO | epoch=017 train_batch=120/392 running_loss=0.052604
2026-08-19 18:34:52 | INFO | epoch=017 train_batch=130/392 running_loss=0.052665
2026-08-19 18:34:52 | INFO | epoch=017 train_batch=140/392 running_loss=0.052716
2026-08-19 18:34:53 | INFO | epoch=017 train_batch=150/392 running_loss=0.052649
2026-08-19 18:34:53 | INFO | epoch=017 train_batch=160/392 running_loss=0.052428
2026-08-19 18:34:53 | INFO | epoch=017 train_batch=170/392 running_loss=0.052363
2026-08-19 18:34:53 | INFO | epoch=017 train_batch=180/392 running_loss=0.052289
2026-08-19 18:34:53 | INFO | epoch=017 train_batch=190/392 running_loss=0.052434
2026-08-19 18:34:54 | INFO | epoch=017 train_batch=200/392 running_loss=0.052780
2026-08-19 18:34:54 | INFO | epoch=017 train_batch=210/392 running_loss=0.052830
2026-08-19 18:34:54 | INFO | epoch=017 train_batch=220/392 running_loss=0.052755
2026-08-19 18:34:54 | INFO | epoch=017 train_batch=230/392 running_loss=0.052918
2026-08-19 18:34:55 | INFO | epoch=017 train_batch=240/392 running_loss=0.052831
2026-08-19 18:34:55 | INFO | epoch=017 train_batch=250/392 running_loss=0.052908
2026-08-19 18:34:55 | INFO | epoch=017 train_batch=260/392 running_loss=0.052866
2026-08-19 18:34:55 | INFO | epoch=017 train_batch=270/392 running_loss=0.052916
2026-08-19 18:34:56 | INFO | epoch=017 train_batch=280/392 running_loss=0.052869
2026-08-19 18:34:56 | INFO | epoch=017 train_batch=290/392 running_loss=0.052972
2026-08-19 18:34:56 | INFO | epoch=017 train_batch=300/392 running_loss=0.053054
2026-08-19 18:34:56 | INFO | epoch=017 train_batch=310/392 running_loss=0.053089
2026-08-19 18:34:56 | INFO | epoch=017 train_batch=320/392 running_loss=0.053168
2026-08-19 18:34:57 | INFO | epoch=017 train_batch=330/392 running_loss=0.053165
2026-08-19 18:34:57 | INFO | epoch=017 train_batch=340/392 running_loss=0.053108
2026-08-19 18:34:57 | INFO | epoch=017 train_batch=350/392 running_loss=0.053083
2026-08-19 18:34:57 | INFO | epoch=017 train_batch=360/392 running_loss=0.053151
2026-08-19 18:34:58 | INFO | epoch=017 train_batch=370/392 running_loss=0.053035
2026-08-19 18:34:58 | INFO | epoch=017 train_batch=380/392 running_loss=0.053155
2026-08-19 18:34:58 | INFO | epoch=017 train_batch=390/392 running_loss=0.053094
2026-08-19 18:34:58 | INFO | epoch=017 train_batch=392/392 running_loss=0.053136
2026-08-19 18:34:59 | INFO | epoch=017 train_loss=0.053136 validation_loss=0.278597
2026-08-19 18:34:59 | INFO | epoch=017 saved new best.pt
2026-08-19 18:34:59 | INFO | epoch=018 train_batch=10/392 running_loss=0.052902
2026-08-19 18:34:59 | INFO | epoch=018 train_batch=20/392 running_loss=0.055216
2026-08-19 18:35:00 | INFO | epoch=018 train_batch=30/392 running_loss=0.053872
2026-08-19 18:35:00 | INFO | epoch=018 train_batch=40/392 running_loss=0.054183
2026-08-19 18:35:00 | INFO | epoch=018 train_batch=50/392 running_loss=0.053380
2026-08-19 18:35:00 | INFO | epoch=018 train_batch=60/392 running_loss=0.053606
2026-08-19 18:35:01 | INFO | epoch=018 train_batch=70/392 running_loss=0.053417
2026-08-19 18:35:01 | INFO | epoch=018 train_batch=80/392 running_loss=0.053131
2026-08-19 18:35:01 | INFO | epoch=018 train_batch=90/392 running_loss=0.053111
2026-08-19 18:35:01 | INFO | epoch=018 train_batch=100/392 running_loss=0.053162
2026-08-19 18:35:02 | INFO | epoch=018 train_batch=110/392 running_loss=0.053128
2026-08-19 18:35:02 | INFO | epoch=018 train_batch=120/392 running_loss=0.053281
2026-08-19 18:35:02 | INFO | epoch=018 train_batch=130/392 running_loss=0.053111
2026-08-19 18:35:02 | INFO | epoch=018 train_batch=140/392 running_loss=0.053412
2026-08-19 18:35:02 | INFO | epoch=018 train_batch=150/392 running_loss=0.053231
2026-08-19 18:35:03 | INFO | epoch=018 train_batch=160/392 running_loss=0.053381
2026-08-19 18:35:03 | INFO | epoch=018 train_batch=170/392 running_loss=0.053216
2026-08-19 18:35:03 | INFO | epoch=018 train_batch=180/392 running_loss=0.053226
2026-08-19 18:35:03 | INFO | epoch=018 train_batch=190/392 running_loss=0.053334
2026-08-19 18:35:04 | INFO | epoch=018 train_batch=200/392 running_loss=0.053152
2026-08-19 18:35:04 | INFO | epoch=018 train_batch=210/392 running_loss=0.052993
2026-08-19 18:35:04 | INFO | epoch=018 train_batch=220/392 running_loss=0.052855
2026-08-19 18:35:04 | INFO | epoch=018 train_batch=230/392 running_loss=0.052697
2026-08-19 18:35:05 | INFO | epoch=018 train_batch=240/392 running_loss=0.052567
2026-08-19 18:35:05 | INFO | epoch=018 train_batch=250/392 running_loss=0.052665
2026-08-19 18:35:05 | INFO | epoch=018 train_batch=260/392 running_loss=0.052734
2026-08-19 18:35:05 | INFO | epoch=018 train_batch=270/392 running_loss=0.052577
2026-08-19 18:35:06 | INFO | epoch=018 train_batch=280/392 running_loss=0.052539
2026-08-19 18:35:06 | INFO | epoch=018 train_batch=290/392 running_loss=0.052569
2026-08-19 18:35:06 | INFO | epoch=018 train_batch=300/392 running_loss=0.052533
2026-08-19 18:35:06 | INFO | epoch=018 train_batch=310/392 running_loss=0.052620
2026-08-19 18:35:06 | INFO | epoch=018 train_batch=320/392 running_loss=0.052489
2026-08-19 18:35:07 | INFO | epoch=018 train_batch=330/392 running_loss=0.052426
2026-08-19 18:35:07 | INFO | epoch=018 train_batch=340/392 running_loss=0.052543
2026-08-19 18:35:07 | INFO | epoch=018 train_batch=350/392 running_loss=0.052473
2026-08-19 18:35:07 | INFO | epoch=018 train_batch=360/392 running_loss=0.052565
2026-08-19 18:35:08 | INFO | epoch=018 train_batch=370/392 running_loss=0.052436
2026-08-19 18:35:08 | INFO | epoch=018 train_batch=380/392 running_loss=0.052476
2026-08-19 18:35:08 | INFO | epoch=018 train_batch=390/392 running_loss=0.052450
2026-08-19 18:35:08 | INFO | epoch=018 train_batch=392/392 running_loss=0.052403
2026-08-19 18:35:09 | INFO | epoch=018 train_loss=0.052403 validation_loss=0.277648
2026-08-19 18:35:09 | INFO | epoch=018 saved new best.pt
2026-08-19 18:35:09 | INFO | epoch=019 train_batch=10/392 running_loss=0.049748
2026-08-19 18:35:09 | INFO | epoch=019 train_batch=20/392 running_loss=0.053416
2026-08-19 18:35:10 | INFO | epoch=019 train_batch=30/392 running_loss=0.052217
2026-08-19 18:35:10 | INFO | epoch=019 train_batch=40/392 running_loss=0.051732
2026-08-19 18:35:10 | INFO | epoch=019 train_batch=50/392 running_loss=0.051459
2026-08-19 18:35:10 | INFO | epoch=019 train_batch=60/392 running_loss=0.051653
2026-08-19 18:35:11 | INFO | epoch=019 train_batch=70/392 running_loss=0.050909
2026-08-19 18:35:11 | INFO | epoch=019 train_batch=80/392 running_loss=0.050975
2026-08-19 18:35:11 | INFO | epoch=019 train_batch=90/392 running_loss=0.051291
2026-08-19 18:35:11 | INFO | epoch=019 train_batch=100/392 running_loss=0.051048
2026-08-19 18:35:12 | INFO | epoch=019 train_batch=110/392 running_loss=0.050908
2026-08-19 18:35:12 | INFO | epoch=019 train_batch=120/392 running_loss=0.050791
2026-08-19 18:35:12 | INFO | epoch=019 train_batch=130/392 running_loss=0.051070
2026-08-19 18:35:12 | INFO | epoch=019 train_batch=140/392 running_loss=0.050857
2026-08-19 18:35:13 | INFO | epoch=019 train_batch=150/392 running_loss=0.050863
2026-08-19 18:35:13 | INFO | epoch=019 train_batch=160/392 running_loss=0.050804
2026-08-19 18:35:13 | INFO | epoch=019 train_batch=170/392 running_loss=0.050975
2026-08-19 18:35:13 | INFO | epoch=019 train_batch=180/392 running_loss=0.050912
2026-08-19 18:35:13 | INFO | epoch=019 train_batch=190/392 running_loss=0.050825
2026-08-19 18:35:14 | INFO | epoch=019 train_batch=200/392 running_loss=0.051009
2026-08-19 18:35:14 | INFO | epoch=019 train_batch=210/392 running_loss=0.051056
2026-08-19 18:35:14 | INFO | epoch=019 train_batch=220/392 running_loss=0.051102
2026-08-19 18:35:14 | INFO | epoch=019 train_batch=230/392 running_loss=0.050924
2026-08-19 18:35:15 | INFO | epoch=019 train_batch=240/392 running_loss=0.050897
2026-08-19 18:35:15 | INFO | epoch=019 train_batch=250/392 running_loss=0.050930
2026-08-19 18:35:15 | INFO | epoch=019 train_batch=260/392 running_loss=0.051039
2026-08-19 18:35:15 | INFO | epoch=019 train_batch=270/392 running_loss=0.050868
2026-08-19 18:35:16 | INFO | epoch=019 train_batch=280/392 running_loss=0.050846
2026-08-19 18:35:16 | INFO | epoch=019 train_batch=290/392 running_loss=0.050925
2026-08-19 18:35:16 | INFO | epoch=019 train_batch=300/392 running_loss=0.050938
2026-08-19 18:35:16 | INFO | epoch=019 train_batch=310/392 running_loss=0.051079
2026-08-19 18:35:17 | INFO | epoch=019 train_batch=320/392 running_loss=0.051088
2026-08-19 18:35:17 | INFO | epoch=019 train_batch=330/392 running_loss=0.051190
2026-08-19 18:35:17 | INFO | epoch=019 train_batch=340/392 running_loss=0.051198
2026-08-19 18:35:17 | INFO | epoch=019 train_batch=350/392 running_loss=0.051233
2026-08-19 18:35:17 | INFO | epoch=019 train_batch=360/392 running_loss=0.051261
2026-08-19 18:35:18 | INFO | epoch=019 train_batch=370/392 running_loss=0.051147
2026-08-19 18:35:18 | INFO | epoch=019 train_batch=380/392 running_loss=0.051109
2026-08-19 18:35:18 | INFO | epoch=019 train_batch=390/392 running_loss=0.051017
2026-08-19 18:35:18 | INFO | epoch=019 train_batch=392/392 running_loss=0.050994
2026-08-19 18:35:19 | INFO | epoch=019 train_loss=0.050994 validation_loss=0.279527
2026-08-19 18:35:19 | INFO | epoch=020 train_batch=10/392 running_loss=0.049410
2026-08-19 18:35:20 | INFO | epoch=020 train_batch=20/392 running_loss=0.051394
2026-08-19 18:35:20 | INFO | epoch=020 train_batch=30/392 running_loss=0.052385
2026-08-19 18:35:20 | INFO | epoch=020 train_batch=40/392 running_loss=0.051039
2026-08-19 18:35:20 | INFO | epoch=020 train_batch=50/392 running_loss=0.051305
2026-08-19 18:35:20 | INFO | epoch=020 train_batch=60/392 running_loss=0.050958
2026-08-19 18:35:21 | INFO | epoch=020 train_batch=70/392 running_loss=0.050850
2026-08-19 18:35:21 | INFO | epoch=020 train_batch=80/392 running_loss=0.050545
2026-08-19 18:35:21 | INFO | epoch=020 train_batch=90/392 running_loss=0.050544
2026-08-19 18:35:21 | INFO | epoch=020 train_batch=100/392 running_loss=0.050382
2026-08-19 18:35:22 | INFO | epoch=020 train_batch=110/392 running_loss=0.050468
2026-08-19 18:35:22 | INFO | epoch=020 train_batch=120/392 running_loss=0.050188
2026-08-19 18:35:22 | INFO | epoch=020 train_batch=130/392 running_loss=0.050160
2026-08-19 18:35:22 | INFO | epoch=020 train_batch=140/392 running_loss=0.049908
2026-08-19 18:35:23 | INFO | epoch=020 train_batch=150/392 running_loss=0.049915
2026-08-19 18:35:23 | INFO | epoch=020 train_batch=160/392 running_loss=0.049682
2026-08-19 18:35:23 | INFO | epoch=020 train_batch=170/392 running_loss=0.049693
2026-08-19 18:35:23 | INFO | epoch=020 train_batch=180/392 running_loss=0.049646
2026-08-19 18:35:23 | INFO | epoch=020 train_batch=190/392 running_loss=0.049844
2026-08-19 18:35:24 | INFO | epoch=020 train_batch=200/392 running_loss=0.049987
2026-08-19 18:35:24 | INFO | epoch=020 train_batch=210/392 running_loss=0.049957
2026-08-19 18:35:24 | INFO | epoch=020 train_batch=220/392 running_loss=0.050050
2026-08-19 18:35:24 | INFO | epoch=020 train_batch=230/392 running_loss=0.050195
2026-08-19 18:35:25 | INFO | epoch=020 train_batch=240/392 running_loss=0.050200
2026-08-19 18:35:25 | INFO | epoch=020 train_batch=250/392 running_loss=0.050254
2026-08-19 18:35:25 | INFO | epoch=020 train_batch=260/392 running_loss=0.050134
2026-08-19 18:35:25 | INFO | epoch=020 train_batch=270/392 running_loss=0.050101
2026-08-19 18:35:26 | INFO | epoch=020 train_batch=280/392 running_loss=0.050097
2026-08-19 18:35:26 | INFO | epoch=020 train_batch=290/392 running_loss=0.050171
2026-08-19 18:35:26 | INFO | epoch=020 train_batch=300/392 running_loss=0.050147
2026-08-19 18:35:26 | INFO | epoch=020 train_batch=310/392 running_loss=0.050161
2026-08-19 18:35:27 | INFO | epoch=020 train_batch=320/392 running_loss=0.050115
2026-08-19 18:35:27 | INFO | epoch=020 train_batch=330/392 running_loss=0.050201
2026-08-19 18:35:27 | INFO | epoch=020 train_batch=340/392 running_loss=0.050362
2026-08-19 18:35:27 | INFO | epoch=020 train_batch=350/392 running_loss=0.050325
2026-08-19 18:35:28 | INFO | epoch=020 train_batch=360/392 running_loss=0.050368
2026-08-19 18:35:28 | INFO | epoch=020 train_batch=370/392 running_loss=0.050399
2026-08-19 18:35:28 | INFO | epoch=020 train_batch=380/392 running_loss=0.050422
2026-08-19 18:35:28 | INFO | epoch=020 train_batch=390/392 running_loss=0.050387
2026-08-19 18:35:28 | INFO | epoch=020 train_batch=392/392 running_loss=0.050319
2026-08-19 18:35:29 | INFO | epoch=020 train_loss=0.050319 validation_loss=0.274732
2026-08-19 18:35:29 | INFO | epoch=020 saved new best.pt
2026-08-19 18:35:29 | INFO | epoch=021 train_batch=10/392 running_loss=0.045887
2026-08-19 18:35:30 | INFO | epoch=021 train_batch=20/392 running_loss=0.045409
2026-08-19 18:35:30 | INFO | epoch=021 train_batch=30/392 running_loss=0.045013
2026-08-19 18:35:30 | INFO | epoch=021 train_batch=40/392 running_loss=0.045862
2026-08-19 18:35:30 | INFO | epoch=021 train_batch=50/392 running_loss=0.046980
2026-08-19 18:35:31 | INFO | epoch=021 train_batch=60/392 running_loss=0.047414
2026-08-19 18:35:31 | INFO | epoch=021 train_batch=70/392 running_loss=0.048519
2026-08-19 18:35:31 | INFO | epoch=021 train_batch=80/392 running_loss=0.048626
2026-08-19 18:35:31 | INFO | epoch=021 train_batch=90/392 running_loss=0.048500
2026-08-19 18:35:31 | INFO | epoch=021 train_batch=100/392 running_loss=0.048134
2026-08-19 18:35:32 | INFO | epoch=021 train_batch=110/392 running_loss=0.048625
2026-08-19 18:35:32 | INFO | epoch=021 train_batch=120/392 running_loss=0.048396
2026-08-19 18:35:32 | INFO | epoch=021 train_batch=130/392 running_loss=0.048411
2026-08-19 18:35:32 | INFO | epoch=021 train_batch=140/392 running_loss=0.048115
2026-08-19 18:35:33 | INFO | epoch=021 train_batch=150/392 running_loss=0.048223
2026-08-19 18:35:33 | INFO | epoch=021 train_batch=160/392 running_loss=0.048263
2026-08-19 18:35:33 | INFO | epoch=021 train_batch=170/392 running_loss=0.048339
2026-08-19 18:35:33 | INFO | epoch=021 train_batch=180/392 running_loss=0.048325
2026-08-19 18:35:34 | INFO | epoch=021 train_batch=190/392 running_loss=0.048557
2026-08-19 18:35:34 | INFO | epoch=021 train_batch=200/392 running_loss=0.048443
2026-08-19 18:35:34 | INFO | epoch=021 train_batch=210/392 running_loss=0.048312
2026-08-19 18:35:34 | INFO | epoch=021 train_batch=220/392 running_loss=0.048294
2026-08-19 18:35:35 | INFO | epoch=021 train_batch=230/392 running_loss=0.048482
2026-08-19 18:35:35 | INFO | epoch=021 train_batch=240/392 running_loss=0.048458
2026-08-19 18:35:35 | INFO | epoch=021 train_batch=250/392 running_loss=0.048407
2026-08-19 18:35:35 | INFO | epoch=021 train_batch=260/392 running_loss=0.048555
2026-08-19 18:35:35 | INFO | epoch=021 train_batch=270/392 running_loss=0.048656
2026-08-19 18:35:36 | INFO | epoch=021 train_batch=280/392 running_loss=0.048568
2026-08-19 18:35:36 | INFO | epoch=021 train_batch=290/392 running_loss=0.048717
2026-08-19 18:35:36 | INFO | epoch=021 train_batch=300/392 running_loss=0.048935
2026-08-19 18:35:36 | INFO | epoch=021 train_batch=310/392 running_loss=0.049059
2026-08-19 18:35:37 | INFO | epoch=021 train_batch=320/392 running_loss=0.049155
2026-08-19 18:35:37 | INFO | epoch=021 train_batch=330/392 running_loss=0.049142
2026-08-19 18:35:37 | INFO | epoch=021 train_batch=340/392 running_loss=0.049300
2026-08-19 18:35:37 | INFO | epoch=021 train_batch=350/392 running_loss=0.049351
2026-08-19 18:35:38 | INFO | epoch=021 train_batch=360/392 running_loss=0.049367
2026-08-19 18:35:38 | INFO | epoch=021 train_batch=370/392 running_loss=0.049490
2026-08-19 18:35:38 | INFO | epoch=021 train_batch=380/392 running_loss=0.049526
2026-08-19 18:35:38 | INFO | epoch=021 train_batch=390/392 running_loss=0.049566
2026-08-19 18:35:38 | INFO | epoch=021 train_batch=392/392 running_loss=0.049561
2026-08-19 18:35:39 | INFO | epoch=021 train_loss=0.049561 validation_loss=0.271049
2026-08-19 18:35:39 | INFO | epoch=021 saved new best.pt
2026-08-19 18:35:39 | INFO | epoch=022 train_batch=10/392 running_loss=0.050023
2026-08-19 18:35:40 | INFO | epoch=022 train_batch=20/392 running_loss=0.049488
2026-08-19 18:35:40 | INFO | epoch=022 train_batch=30/392 running_loss=0.049645
2026-08-19 18:35:40 | INFO | epoch=022 train_batch=40/392 running_loss=0.049466
2026-08-19 18:35:40 | INFO | epoch=022 train_batch=50/392 running_loss=0.049011
2026-08-19 18:35:41 | INFO | epoch=022 train_batch=60/392 running_loss=0.048435
2026-08-19 18:35:41 | INFO | epoch=022 train_batch=70/392 running_loss=0.048818
2026-08-19 18:35:41 | INFO | epoch=022 train_batch=80/392 running_loss=0.048640
2026-08-19 18:35:41 | INFO | epoch=022 train_batch=90/392 running_loss=0.048875
2026-08-19 18:35:42 | INFO | epoch=022 train_batch=100/392 running_loss=0.049326
2026-08-19 18:35:42 | INFO | epoch=022 train_batch=110/392 running_loss=0.049220
2026-08-19 18:35:42 | INFO | epoch=022 train_batch=120/392 running_loss=0.049120
2026-08-19 18:35:42 | INFO | epoch=022 train_batch=130/392 running_loss=0.048826
2026-08-19 18:35:42 | INFO | epoch=022 train_batch=140/392 running_loss=0.048698
2026-08-19 18:35:43 | INFO | epoch=022 train_batch=150/392 running_loss=0.048776
2026-08-19 18:35:43 | INFO | epoch=022 train_batch=160/392 running_loss=0.048823
2026-08-19 18:35:43 | INFO | epoch=022 train_batch=170/392 running_loss=0.048829
2026-08-19 18:35:43 | INFO | epoch=022 train_batch=180/392 running_loss=0.048899
2026-08-19 18:35:44 | INFO | epoch=022 train_batch=190/392 running_loss=0.048878
2026-08-19 18:35:44 | INFO | epoch=022 train_batch=200/392 running_loss=0.048926
2026-08-19 18:35:44 | INFO | epoch=022 train_batch=210/392 running_loss=0.049055
2026-08-19 18:35:44 | INFO | epoch=022 train_batch=220/392 running_loss=0.049142
2026-08-19 18:35:45 | INFO | epoch=022 train_batch=230/392 running_loss=0.049104
2026-08-19 18:35:45 | INFO | epoch=022 train_batch=240/392 running_loss=0.049036
2026-08-19 18:35:45 | INFO | epoch=022 train_batch=250/392 running_loss=0.049044
2026-08-19 18:35:45 | INFO | epoch=022 train_batch=260/392 running_loss=0.048994
2026-08-19 18:35:46 | INFO | epoch=022 train_batch=270/392 running_loss=0.049144
2026-08-19 18:35:46 | INFO | epoch=022 train_batch=280/392 running_loss=0.049094
2026-08-19 18:35:46 | INFO | epoch=022 train_batch=290/392 running_loss=0.049204
2026-08-19 18:35:46 | INFO | epoch=022 train_batch=300/392 running_loss=0.049163
2026-08-19 18:35:46 | INFO | epoch=022 train_batch=310/392 running_loss=0.049073
2026-08-19 18:35:47 | INFO | epoch=022 train_batch=320/392 running_loss=0.049047
2026-08-19 18:35:47 | INFO | epoch=022 train_batch=330/392 running_loss=0.049090
2026-08-19 18:35:47 | INFO | epoch=022 train_batch=340/392 running_loss=0.049080
2026-08-19 18:35:47 | INFO | epoch=022 train_batch=350/392 running_loss=0.049013
2026-08-19 18:35:48 | INFO | epoch=022 train_batch=360/392 running_loss=0.048894
2026-08-19 18:35:48 | INFO | epoch=022 train_batch=370/392 running_loss=0.048833
2026-08-19 18:35:48 | INFO | epoch=022 train_batch=380/392 running_loss=0.048806
2026-08-19 18:35:48 | INFO | epoch=022 train_batch=390/392 running_loss=0.048761
2026-08-19 18:35:48 | INFO | epoch=022 train_batch=392/392 running_loss=0.048727
2026-08-19 18:35:49 | INFO | epoch=022 train_loss=0.048727 validation_loss=0.272242
2026-08-19 18:35:49 | INFO | epoch=023 train_batch=10/392 running_loss=0.043084
2026-08-19 18:35:50 | INFO | epoch=023 train_batch=20/392 running_loss=0.046905
2026-08-19 18:35:50 | INFO | epoch=023 train_batch=30/392 running_loss=0.046741
2026-08-19 18:35:50 | INFO | epoch=023 train_batch=40/392 running_loss=0.046766
2026-08-19 18:35:50 | INFO | epoch=023 train_batch=50/392 running_loss=0.047367
2026-08-19 18:35:51 | INFO | epoch=023 train_batch=60/392 running_loss=0.047866
2026-08-19 18:35:51 | INFO | epoch=023 train_batch=70/392 running_loss=0.047830
2026-08-19 18:35:51 | INFO | epoch=023 train_batch=80/392 running_loss=0.047780
2026-08-19 18:35:51 | INFO | epoch=023 train_batch=90/392 running_loss=0.048288
2026-08-19 18:35:51 | INFO | epoch=023 train_batch=100/392 running_loss=0.048174
2026-08-19 18:35:52 | INFO | epoch=023 train_batch=110/392 running_loss=0.047785
2026-08-19 18:35:52 | INFO | epoch=023 train_batch=120/392 running_loss=0.047809
2026-08-19 18:35:52 | INFO | epoch=023 train_batch=130/392 running_loss=0.047988
2026-08-19 18:35:52 | INFO | epoch=023 train_batch=140/392 running_loss=0.047754
2026-08-19 18:35:53 | INFO | epoch=023 train_batch=150/392 running_loss=0.048021
2026-08-19 18:35:53 | INFO | epoch=023 train_batch=160/392 running_loss=0.048056
2026-08-19 18:35:53 | INFO | epoch=023 train_batch=170/392 running_loss=0.048063
2026-08-19 18:35:53 | INFO | epoch=023 train_batch=180/392 running_loss=0.047797
2026-08-19 18:35:54 | INFO | epoch=023 train_batch=190/392 running_loss=0.047910
2026-08-19 18:35:54 | INFO | epoch=023 train_batch=200/392 running_loss=0.048023
2026-08-19 18:35:54 | INFO | epoch=023 train_batch=210/392 running_loss=0.047929
2026-08-19 18:35:54 | INFO | epoch=023 train_batch=220/392 running_loss=0.048026
2026-08-19 18:35:55 | INFO | epoch=023 train_batch=230/392 running_loss=0.047934
2026-08-19 18:35:55 | INFO | epoch=023 train_batch=240/392 running_loss=0.048039
2026-08-19 18:35:55 | INFO | epoch=023 train_batch=250/392 running_loss=0.047997
2026-08-19 18:35:55 | INFO | epoch=023 train_batch=260/392 running_loss=0.048061
2026-08-19 18:35:55 | INFO | epoch=023 train_batch=270/392 running_loss=0.048049
2026-08-19 18:35:56 | INFO | epoch=023 train_batch=280/392 running_loss=0.048203
2026-08-19 18:35:56 | INFO | epoch=023 train_batch=290/392 running_loss=0.048212
2026-08-19 18:35:56 | INFO | epoch=023 train_batch=300/392 running_loss=0.048100
2026-08-19 18:35:56 | INFO | epoch=023 train_batch=310/392 running_loss=0.048237
2026-08-19 18:35:57 | INFO | epoch=023 train_batch=320/392 running_loss=0.048413
2026-08-19 18:35:57 | INFO | epoch=023 train_batch=330/392 running_loss=0.048394
2026-08-19 18:35:57 | INFO | epoch=023 train_batch=340/392 running_loss=0.048524
2026-08-19 18:35:57 | INFO | epoch=023 train_batch=350/392 running_loss=0.048372
2026-08-19 18:35:58 | INFO | epoch=023 train_batch=360/392 running_loss=0.048244
2026-08-19 18:35:58 | INFO | epoch=023 train_batch=370/392 running_loss=0.048243
2026-08-19 18:35:58 | INFO | epoch=023 train_batch=380/392 running_loss=0.048218
2026-08-19 18:35:58 | INFO | epoch=023 train_batch=390/392 running_loss=0.048227
2026-08-19 18:35:58 | INFO | epoch=023 train_batch=392/392 running_loss=0.048248
2026-08-19 18:35:59 | INFO | epoch=023 train_loss=0.048248 validation_loss=0.272761
2026-08-19 18:35:59 | INFO | epoch=024 train_batch=10/392 running_loss=0.047801
2026-08-19 18:36:00 | INFO | epoch=024 train_batch=20/392 running_loss=0.048850
2026-08-19 18:36:00 | INFO | epoch=024 train_batch=30/392 running_loss=0.049417
2026-08-19 18:36:00 | INFO | epoch=024 train_batch=40/392 running_loss=0.048075
2026-08-19 18:36:00 | INFO | epoch=024 train_batch=50/392 running_loss=0.048207
2026-08-19 18:36:01 | INFO | epoch=024 train_batch=60/392 running_loss=0.048038
2026-08-19 18:36:01 | INFO | epoch=024 train_batch=70/392 running_loss=0.047788
2026-08-19 18:36:01 | INFO | epoch=024 train_batch=80/392 running_loss=0.047677
2026-08-19 18:36:01 | INFO | epoch=024 train_batch=90/392 running_loss=0.047339
2026-08-19 18:36:02 | INFO | epoch=024 train_batch=100/392 running_loss=0.047406
2026-08-19 18:36:02 | INFO | epoch=024 train_batch=110/392 running_loss=0.047426
2026-08-19 18:36:02 | INFO | epoch=024 train_batch=120/392 running_loss=0.047141
2026-08-19 18:36:02 | INFO | epoch=024 train_batch=130/392 running_loss=0.047095
2026-08-19 18:36:02 | INFO | epoch=024 train_batch=140/392 running_loss=0.047007
2026-08-19 18:36:03 | INFO | epoch=024 train_batch=150/392 running_loss=0.047080
2026-08-19 18:36:03 | INFO | epoch=024 train_batch=160/392 running_loss=0.046869
2026-08-19 18:36:03 | INFO | epoch=024 train_batch=170/392 running_loss=0.046858
2026-08-19 18:36:03 | INFO | epoch=024 train_batch=180/392 running_loss=0.046960
2026-08-19 18:36:04 | INFO | epoch=024 train_batch=190/392 running_loss=0.046986
2026-08-19 18:36:04 | INFO | epoch=024 train_batch=200/392 running_loss=0.046781
2026-08-19 18:36:04 | INFO | epoch=024 train_batch=210/392 running_loss=0.046789
2026-08-19 18:36:04 | INFO | epoch=024 train_batch=220/392 running_loss=0.046703
2026-08-19 18:36:05 | INFO | epoch=024 train_batch=230/392 running_loss=0.046891
2026-08-19 18:36:05 | INFO | epoch=024 train_batch=240/392 running_loss=0.046688
2026-08-19 18:36:05 | INFO | epoch=024 train_batch=250/392 running_loss=0.046787
2026-08-19 18:36:05 | INFO | epoch=024 train_batch=260/392 running_loss=0.046853
2026-08-19 18:36:06 | INFO | epoch=024 train_batch=270/392 running_loss=0.046748
2026-08-19 18:36:06 | INFO | epoch=024 train_batch=280/392 running_loss=0.046853
2026-08-19 18:36:06 | INFO | epoch=024 train_batch=290/392 running_loss=0.047012
2026-08-19 18:36:06 | INFO | epoch=024 train_batch=300/392 running_loss=0.047065
2026-08-19 18:36:07 | INFO | epoch=024 train_batch=310/392 running_loss=0.047201
2026-08-19 18:36:07 | INFO | epoch=024 train_batch=320/392 running_loss=0.047188
2026-08-19 18:36:07 | INFO | epoch=024 train_batch=330/392 running_loss=0.047257
2026-08-19 18:36:07 | INFO | epoch=024 train_batch=340/392 running_loss=0.047260
2026-08-19 18:36:07 | INFO | epoch=024 train_batch=350/392 running_loss=0.047296
2026-08-19 18:36:08 | INFO | epoch=024 train_batch=360/392 running_loss=0.047479
2026-08-19 18:36:08 | INFO | epoch=024 train_batch=370/392 running_loss=0.047633
2026-08-19 18:36:08 | INFO | epoch=024 train_batch=380/392 running_loss=0.047565
2026-08-19 18:36:08 | INFO | epoch=024 train_batch=390/392 running_loss=0.047542
2026-08-19 18:36:09 | INFO | epoch=024 train_batch=392/392 running_loss=0.047533
2026-08-19 18:36:09 | INFO | epoch=024 train_loss=0.047533 validation_loss=0.270231
2026-08-19 18:36:09 | INFO | epoch=024 saved new best.pt
2026-08-19 18:36:10 | INFO | epoch=025 train_batch=10/392 running_loss=0.050428
2026-08-19 18:36:10 | INFO | epoch=025 train_batch=20/392 running_loss=0.047676
2026-08-19 18:36:10 | INFO | epoch=025 train_batch=30/392 running_loss=0.046978
2026-08-19 18:36:10 | INFO | epoch=025 train_batch=40/392 running_loss=0.048099
2026-08-19 18:36:10 | INFO | epoch=025 train_batch=50/392 running_loss=0.047772
2026-08-19 18:36:11 | INFO | epoch=025 train_batch=60/392 running_loss=0.047190
2026-08-19 18:36:11 | INFO | epoch=025 train_batch=70/392 running_loss=0.046860
2026-08-19 18:36:11 | INFO | epoch=025 train_batch=80/392 running_loss=0.046995
2026-08-19 18:36:11 | INFO | epoch=025 train_batch=90/392 running_loss=0.046605
2026-08-19 18:36:12 | INFO | epoch=025 train_batch=100/392 running_loss=0.046842
2026-08-19 18:36:12 | INFO | epoch=025 train_batch=110/392 running_loss=0.046922
2026-08-19 18:36:12 | INFO | epoch=025 train_batch=120/392 running_loss=0.046849
2026-08-19 18:36:12 | INFO | epoch=025 train_batch=130/392 running_loss=0.046966
2026-08-19 18:36:13 | INFO | epoch=025 train_batch=140/392 running_loss=0.046941
2026-08-19 18:36:13 | INFO | epoch=025 train_batch=150/392 running_loss=0.047253
2026-08-19 18:36:13 | INFO | epoch=025 train_batch=160/392 running_loss=0.047292
2026-08-19 18:36:13 | INFO | epoch=025 train_batch=170/392 running_loss=0.047284
2026-08-19 18:36:14 | INFO | epoch=025 train_batch=180/392 running_loss=0.047244
2026-08-19 18:36:14 | INFO | epoch=025 train_batch=190/392 running_loss=0.047226
2026-08-19 18:36:14 | INFO | epoch=025 train_batch=200/392 running_loss=0.047200
2026-08-19 18:36:14 | INFO | epoch=025 train_batch=210/392 running_loss=0.047195
2026-08-19 18:36:15 | INFO | epoch=025 train_batch=220/392 running_loss=0.047175
2026-08-19 18:36:15 | INFO | epoch=025 train_batch=230/392 running_loss=0.047091
2026-08-19 18:36:15 | INFO | epoch=025 train_batch=240/392 running_loss=0.047304
2026-08-19 18:36:15 | INFO | epoch=025 train_batch=250/392 running_loss=0.047331
2026-08-19 18:36:16 | INFO | epoch=025 train_batch=260/392 running_loss=0.047330
2026-08-19 18:36:16 | INFO | epoch=025 train_batch=270/392 running_loss=0.047329
2026-08-19 18:36:16 | INFO | epoch=025 train_batch=280/392 running_loss=0.047353
2026-08-19 18:36:16 | INFO | epoch=025 train_batch=290/392 running_loss=0.047391
2026-08-19 18:36:16 | INFO | epoch=025 train_batch=300/392 running_loss=0.047407
2026-08-19 18:36:17 | INFO | epoch=025 train_batch=310/392 running_loss=0.047307
2026-08-19 18:36:17 | INFO | epoch=025 train_batch=320/392 running_loss=0.047304
2026-08-19 18:36:17 | INFO | epoch=025 train_batch=330/392 running_loss=0.047271
2026-08-19 18:36:17 | INFO | epoch=025 train_batch=340/392 running_loss=0.047232
2026-08-19 18:36:18 | INFO | epoch=025 train_batch=350/392 running_loss=0.047242
2026-08-19 18:36:18 | INFO | epoch=025 train_batch=360/392 running_loss=0.047383
2026-08-19 18:36:18 | INFO | epoch=025 train_batch=370/392 running_loss=0.047415
2026-08-19 18:36:18 | INFO | epoch=025 train_batch=380/392 running_loss=0.047431
2026-08-19 18:36:19 | INFO | epoch=025 train_batch=390/392 running_loss=0.047436
2026-08-19 18:36:19 | INFO | epoch=025 train_batch=392/392 running_loss=0.047471
2026-08-19 18:36:19 | INFO | epoch=025 train_loss=0.047471 validation_loss=0.265576
2026-08-19 18:36:19 | INFO | epoch=025 saved new best.pt
2026-08-19 18:36:20 | INFO | epoch=026 train_batch=10/392 running_loss=0.045548
2026-08-19 18:36:20 | INFO | epoch=026 train_batch=20/392 running_loss=0.046380
2026-08-19 18:36:20 | INFO | epoch=026 train_batch=30/392 running_loss=0.046363
2026-08-19 18:36:20 | INFO | epoch=026 train_batch=40/392 running_loss=0.045513
2026-08-19 18:36:21 | INFO | epoch=026 train_batch=50/392 running_loss=0.045267
2026-08-19 18:36:21 | INFO | epoch=026 train_batch=60/392 running_loss=0.045034
2026-08-19 18:36:21 | INFO | epoch=026 train_batch=70/392 running_loss=0.045025
2026-08-19 18:36:21 | INFO | epoch=026 train_batch=80/392 running_loss=0.044802
2026-08-19 18:36:22 | INFO | epoch=026 train_batch=90/392 running_loss=0.044914
2026-08-19 18:36:22 | INFO | epoch=026 train_batch=100/392 running_loss=0.044882
2026-08-19 18:36:22 | INFO | epoch=026 train_batch=110/392 running_loss=0.044993
2026-08-19 18:36:22 | INFO | epoch=026 train_batch=120/392 running_loss=0.045289
2026-08-19 18:36:23 | INFO | epoch=026 train_batch=130/392 running_loss=0.045375
2026-08-19 18:36:23 | INFO | epoch=026 train_batch=140/392 running_loss=0.045400
2026-08-19 18:36:23 | INFO | epoch=026 train_batch=150/392 running_loss=0.045312
2026-08-19 18:36:23 | INFO | epoch=026 train_batch=160/392 running_loss=0.045252
2026-08-19 18:36:24 | INFO | epoch=026 train_batch=170/392 running_loss=0.045396
2026-08-19 18:36:24 | INFO | epoch=026 train_batch=180/392 running_loss=0.045386
2026-08-19 18:36:24 | INFO | epoch=026 train_batch=190/392 running_loss=0.045766
2026-08-19 18:36:24 | INFO | epoch=026 train_batch=200/392 running_loss=0.045781
2026-08-19 18:36:24 | INFO | epoch=026 train_batch=210/392 running_loss=0.045855
2026-08-19 18:36:25 | INFO | epoch=026 train_batch=220/392 running_loss=0.046160
2026-08-19 18:36:25 | INFO | epoch=026 train_batch=230/392 running_loss=0.046204
2026-08-19 18:36:25 | INFO | epoch=026 train_batch=240/392 running_loss=0.046155
2026-08-19 18:36:25 | INFO | epoch=026 train_batch=250/392 running_loss=0.046181
2026-08-19 18:36:26 | INFO | epoch=026 train_batch=260/392 running_loss=0.046305
2026-08-19 18:36:26 | INFO | epoch=026 train_batch=270/392 running_loss=0.046263
2026-08-19 18:36:26 | INFO | epoch=026 train_batch=280/392 running_loss=0.046441
2026-08-19 18:36:26 | INFO | epoch=026 train_batch=290/392 running_loss=0.046405
2026-08-19 18:36:27 | INFO | epoch=026 train_batch=300/392 running_loss=0.046566
2026-08-19 18:36:27 | INFO | epoch=026 train_batch=310/392 running_loss=0.046615
2026-08-19 18:36:27 | INFO | epoch=026 train_batch=320/392 running_loss=0.046685
2026-08-19 18:36:27 | INFO | epoch=026 train_batch=330/392 running_loss=0.046676
2026-08-19 18:36:28 | INFO | epoch=026 train_batch=340/392 running_loss=0.046722
2026-08-19 18:36:28 | INFO | epoch=026 train_batch=350/392 running_loss=0.046663
2026-08-19 18:36:28 | INFO | epoch=026 train_batch=360/392 running_loss=0.046715
2026-08-19 18:36:28 | INFO | epoch=026 train_batch=370/392 running_loss=0.046672
2026-08-19 18:36:28 | INFO | epoch=026 train_batch=380/392 running_loss=0.046649
2026-08-19 18:36:29 | INFO | epoch=026 train_batch=390/392 running_loss=0.046636
2026-08-19 18:36:29 | INFO | epoch=026 train_batch=392/392 running_loss=0.046632
2026-08-19 18:36:30 | INFO | epoch=026 train_loss=0.046632 validation_loss=0.264023
2026-08-19 18:36:30 | INFO | epoch=026 saved new best.pt
2026-08-19 18:36:30 | INFO | epoch=027 train_batch=10/392 running_loss=0.045819
2026-08-19 18:36:30 | INFO | epoch=027 train_batch=20/392 running_loss=0.045030
2026-08-19 18:36:30 | INFO | epoch=027 train_batch=30/392 running_loss=0.045606
2026-08-19 18:36:31 | INFO | epoch=027 train_batch=40/392 running_loss=0.045733
2026-08-19 18:36:31 | INFO | epoch=027 train_batch=50/392 running_loss=0.045487
2026-08-19 18:36:31 | INFO | epoch=027 train_batch=60/392 running_loss=0.045828
2026-08-19 18:36:31 | INFO | epoch=027 train_batch=70/392 running_loss=0.045480
2026-08-19 18:36:32 | INFO | epoch=027 train_batch=80/392 running_loss=0.045543
2026-08-19 18:36:32 | INFO | epoch=027 train_batch=90/392 running_loss=0.045164
2026-08-19 18:36:32 | INFO | epoch=027 train_batch=100/392 running_loss=0.045267
2026-08-19 18:36:32 | INFO | epoch=027 train_batch=110/392 running_loss=0.045122
2026-08-19 18:36:33 | INFO | epoch=027 train_batch=120/392 running_loss=0.045368
2026-08-19 18:36:33 | INFO | epoch=027 train_batch=130/392 running_loss=0.045568
2026-08-19 18:36:33 | INFO | epoch=027 train_batch=140/392 running_loss=0.045542
2026-08-19 18:36:33 | INFO | epoch=027 train_batch=150/392 running_loss=0.045539
2026-08-19 18:36:33 | INFO | epoch=027 train_batch=160/392 running_loss=0.045337
2026-08-19 18:36:34 | INFO | epoch=027 train_batch=170/392 running_loss=0.045413
2026-08-19 18:36:34 | INFO | epoch=027 train_batch=180/392 running_loss=0.045379
2026-08-19 18:36:34 | INFO | epoch=027 train_batch=190/392 running_loss=0.045409
2026-08-19 18:36:34 | INFO | epoch=027 train_batch=200/392 running_loss=0.045574
2026-08-19 18:36:35 | INFO | epoch=027 train_batch=210/392 running_loss=0.045819
2026-08-19 18:36:35 | INFO | epoch=027 train_batch=220/392 running_loss=0.045803
2026-08-19 18:36:35 | INFO | epoch=027 train_batch=230/392 running_loss=0.045781
2026-08-19 18:36:35 | INFO | epoch=027 train_batch=240/392 running_loss=0.045690
2026-08-19 18:36:36 | INFO | epoch=027 train_batch=250/392 running_loss=0.045813
2026-08-19 18:36:36 | INFO | epoch=027 train_batch=260/392 running_loss=0.045910
2026-08-19 18:36:36 | INFO | epoch=027 train_batch=270/392 running_loss=0.045980
2026-08-19 18:36:36 | INFO | epoch=027 train_batch=280/392 running_loss=0.046032
2026-08-19 18:36:37 | INFO | epoch=027 train_batch=290/392 running_loss=0.046124
2026-08-19 18:36:37 | INFO | epoch=027 train_batch=300/392 running_loss=0.046152
2026-08-19 18:36:37 | INFO | epoch=027 train_batch=310/392 running_loss=0.046247
2026-08-19 18:36:37 | INFO | epoch=027 train_batch=320/392 running_loss=0.046306
2026-08-19 18:36:37 | INFO | epoch=027 train_batch=330/392 running_loss=0.046391
2026-08-19 18:36:38 | INFO | epoch=027 train_batch=340/392 running_loss=0.046372
2026-08-19 18:36:38 | INFO | epoch=027 train_batch=350/392 running_loss=0.046305
2026-08-19 18:36:38 | INFO | epoch=027 train_batch=360/392 running_loss=0.046308
2026-08-19 18:36:38 | INFO | epoch=027 train_batch=370/392 running_loss=0.046226
2026-08-19 18:36:39 | INFO | epoch=027 train_batch=380/392 running_loss=0.046230
2026-08-19 18:36:39 | INFO | epoch=027 train_batch=390/392 running_loss=0.046234
2026-08-19 18:36:39 | INFO | epoch=027 train_batch=392/392 running_loss=0.046254
2026-08-19 18:36:40 | INFO | epoch=027 train_loss=0.046254 validation_loss=0.266859
2026-08-19 18:36:40 | INFO | epoch=028 train_batch=10/392 running_loss=0.046216
2026-08-19 18:36:40 | INFO | epoch=028 train_batch=20/392 running_loss=0.046345
2026-08-19 18:36:40 | INFO | epoch=028 train_batch=30/392 running_loss=0.046035
2026-08-19 18:36:41 | INFO | epoch=028 train_batch=40/392 running_loss=0.045942
2026-08-19 18:36:41 | INFO | epoch=028 train_batch=50/392 running_loss=0.046176
2026-08-19 18:36:41 | INFO | epoch=028 train_batch=60/392 running_loss=0.046124
2026-08-19 18:36:41 | INFO | epoch=028 train_batch=70/392 running_loss=0.046032
2026-08-19 18:36:42 | INFO | epoch=028 train_batch=80/392 running_loss=0.045964
2026-08-19 18:36:42 | INFO | epoch=028 train_batch=90/392 running_loss=0.045786
2026-08-19 18:36:42 | INFO | epoch=028 train_batch=100/392 running_loss=0.045900
2026-08-19 18:36:42 | INFO | epoch=028 train_batch=110/392 running_loss=0.045777
2026-08-19 18:36:43 | INFO | epoch=028 train_batch=120/392 running_loss=0.045551
2026-08-19 18:36:43 | INFO | epoch=028 train_batch=130/392 running_loss=0.045483
2026-08-19 18:36:43 | INFO | epoch=028 train_batch=140/392 running_loss=0.045459
2026-08-19 18:36:43 | INFO | epoch=028 train_batch=150/392 running_loss=0.045385
2026-08-19 18:36:44 | INFO | epoch=028 train_batch=160/392 running_loss=0.045413
2026-08-19 18:36:44 | INFO | epoch=028 train_batch=170/392 running_loss=0.045433
2026-08-19 18:36:44 | INFO | epoch=028 train_batch=180/392 running_loss=0.045371
2026-08-19 18:36:44 | INFO | epoch=028 train_batch=190/392 running_loss=0.045586
2026-08-19 18:36:44 | INFO | epoch=028 train_batch=200/392 running_loss=0.045450
2026-08-19 18:36:45 | INFO | epoch=028 train_batch=210/392 running_loss=0.045352
2026-08-19 18:36:45 | INFO | epoch=028 train_batch=220/392 running_loss=0.045370
2026-08-19 18:36:45 | INFO | epoch=028 train_batch=230/392 running_loss=0.045251
2026-08-19 18:36:45 | INFO | epoch=028 train_batch=240/392 running_loss=0.045221
2026-08-19 18:36:46 | INFO | epoch=028 train_batch=250/392 running_loss=0.045116
2026-08-19 18:36:46 | INFO | epoch=028 train_batch=260/392 running_loss=0.045099
2026-08-19 18:36:46 | INFO | epoch=028 train_batch=270/392 running_loss=0.045238
2026-08-19 18:36:46 | INFO | epoch=028 train_batch=280/392 running_loss=0.045071
2026-08-19 18:36:47 | INFO | epoch=028 train_batch=290/392 running_loss=0.045056
2026-08-19 18:36:47 | INFO | epoch=028 train_batch=300/392 running_loss=0.045030
2026-08-19 18:36:47 | INFO | epoch=028 train_batch=310/392 running_loss=0.045087
2026-08-19 18:36:47 | INFO | epoch=028 train_batch=320/392 running_loss=0.045156
2026-08-19 18:36:48 | INFO | epoch=028 train_batch=330/392 running_loss=0.045195
2026-08-19 18:36:48 | INFO | epoch=028 train_batch=340/392 running_loss=0.045335
2026-08-19 18:36:48 | INFO | epoch=028 train_batch=350/392 running_loss=0.045319
2026-08-19 18:36:48 | INFO | epoch=028 train_batch=360/392 running_loss=0.045452
2026-08-19 18:36:48 | INFO | epoch=028 train_batch=370/392 running_loss=0.045520
2026-08-19 18:36:49 | INFO | epoch=028 train_batch=380/392 running_loss=0.045628
2026-08-19 18:36:49 | INFO | epoch=028 train_batch=390/392 running_loss=0.045697
2026-08-19 18:36:49 | INFO | epoch=028 train_batch=392/392 running_loss=0.045669
2026-08-19 18:36:50 | INFO | epoch=028 train_loss=0.045669 validation_loss=0.264018
2026-08-19 18:36:50 | INFO | epoch=028 saved new best.pt
2026-08-19 18:36:50 | INFO | epoch=029 train_batch=10/392 running_loss=0.043529
2026-08-19 18:36:50 | INFO | epoch=029 train_batch=20/392 running_loss=0.042402
2026-08-19 18:36:50 | INFO | epoch=029 train_batch=30/392 running_loss=0.043233
2026-08-19 18:36:51 | INFO | epoch=029 train_batch=40/392 running_loss=0.044196
2026-08-19 18:36:51 | INFO | epoch=029 train_batch=50/392 running_loss=0.045489
2026-08-19 18:36:51 | INFO | epoch=029 train_batch=60/392 running_loss=0.045909
2026-08-19 18:36:51 | INFO | epoch=029 train_batch=70/392 running_loss=0.045906
2026-08-19 18:36:52 | INFO | epoch=029 train_batch=80/392 running_loss=0.045852
2026-08-19 18:36:52 | INFO | epoch=029 train_batch=90/392 running_loss=0.046038
2026-08-19 18:36:52 | INFO | epoch=029 train_batch=100/392 running_loss=0.045880
2026-08-19 18:36:52 | INFO | epoch=029 train_batch=110/392 running_loss=0.045666
2026-08-19 18:36:53 | INFO | epoch=029 train_batch=120/392 running_loss=0.045480
2026-08-19 18:36:53 | INFO | epoch=029 train_batch=130/392 running_loss=0.045336
2026-08-19 18:36:53 | INFO | epoch=029 train_batch=140/392 running_loss=0.045406
2026-08-19 18:36:53 | INFO | epoch=029 train_batch=150/392 running_loss=0.045216
2026-08-19 18:36:53 | INFO | epoch=029 train_batch=160/392 running_loss=0.044951
2026-08-19 18:36:54 | INFO | epoch=029 train_batch=170/392 running_loss=0.044890
2026-08-19 18:36:54 | INFO | epoch=029 train_batch=180/392 running_loss=0.044884
2026-08-19 18:36:54 | INFO | epoch=029 train_batch=190/392 running_loss=0.044755
2026-08-19 18:36:54 | INFO | epoch=029 train_batch=200/392 running_loss=0.044733
2026-08-19 18:36:55 | INFO | epoch=029 train_batch=210/392 running_loss=0.044598
2026-08-19 18:36:55 | INFO | epoch=029 train_batch=220/392 running_loss=0.044602
2026-08-19 18:36:55 | INFO | epoch=029 train_batch=230/392 running_loss=0.044492
2026-08-19 18:36:55 | INFO | epoch=029 train_batch=240/392 running_loss=0.044701
2026-08-19 18:36:55 | INFO | epoch=029 train_batch=250/392 running_loss=0.044781
2026-08-19 18:36:56 | INFO | epoch=029 train_batch=260/392 running_loss=0.044910
2026-08-19 18:36:56 | INFO | epoch=029 train_batch=270/392 running_loss=0.045201
2026-08-19 18:36:56 | INFO | epoch=029 train_batch=280/392 running_loss=0.045231
2026-08-19 18:36:56 | INFO | epoch=029 train_batch=290/392 running_loss=0.045482
2026-08-19 18:36:57 | INFO | epoch=029 train_batch=300/392 running_loss=0.045389
2026-08-19 18:36:57 | INFO | epoch=029 train_batch=310/392 running_loss=0.045481
2026-08-19 18:36:57 | INFO | epoch=029 train_batch=320/392 running_loss=0.045469
2026-08-19 18:36:57 | INFO | epoch=029 train_batch=330/392 running_loss=0.045516
2026-08-19 18:36:58 | INFO | epoch=029 train_batch=340/392 running_loss=0.045512
2026-08-19 18:36:58 | INFO | epoch=029 train_batch=350/392 running_loss=0.045379
2026-08-19 18:36:58 | INFO | epoch=029 train_batch=360/392 running_loss=0.045340
2026-08-19 18:36:58 | INFO | epoch=029 train_batch=370/392 running_loss=0.045377
2026-08-19 18:36:59 | INFO | epoch=029 train_batch=380/392 running_loss=0.045453
2026-08-19 18:36:59 | INFO | epoch=029 train_batch=390/392 running_loss=0.045562
2026-08-19 18:36:59 | INFO | epoch=029 train_batch=392/392 running_loss=0.045581
2026-08-19 18:37:00 | INFO | epoch=029 train_loss=0.045581 validation_loss=0.265990
2026-08-19 18:37:00 | INFO | epoch=030 train_batch=10/392 running_loss=0.045963
2026-08-19 18:37:00 | INFO | epoch=030 train_batch=20/392 running_loss=0.046010
2026-08-19 18:37:00 | INFO | epoch=030 train_batch=30/392 running_loss=0.046188
2026-08-19 18:37:01 | INFO | epoch=030 train_batch=40/392 running_loss=0.046543
2026-08-19 18:37:01 | INFO | epoch=030 train_batch=50/392 running_loss=0.045869
2026-08-19 18:37:01 | INFO | epoch=030 train_batch=60/392 running_loss=0.046447
2026-08-19 18:37:01 | INFO | epoch=030 train_batch=70/392 running_loss=0.045999
2026-08-19 18:37:02 | INFO | epoch=030 train_batch=80/392 running_loss=0.045572
2026-08-19 18:37:02 | INFO | epoch=030 train_batch=90/392 running_loss=0.045135
2026-08-19 18:37:02 | INFO | epoch=030 train_batch=100/392 running_loss=0.044945
2026-08-19 18:37:02 | INFO | epoch=030 train_batch=110/392 running_loss=0.045115
2026-08-19 18:37:02 | INFO | epoch=030 train_batch=120/392 running_loss=0.045062
2026-08-19 18:37:03 | INFO | epoch=030 train_batch=130/392 running_loss=0.045001
2026-08-19 18:37:03 | INFO | epoch=030 train_batch=140/392 running_loss=0.045083
2026-08-19 18:37:03 | INFO | epoch=030 train_batch=150/392 running_loss=0.045112
2026-08-19 18:37:03 | INFO | epoch=030 train_batch=160/392 running_loss=0.045087
2026-08-19 18:37:04 | INFO | epoch=030 train_batch=170/392 running_loss=0.045089
2026-08-19 18:37:04 | INFO | epoch=030 train_batch=180/392 running_loss=0.045230
2026-08-19 18:37:04 | INFO | epoch=030 train_batch=190/392 running_loss=0.045040
2026-08-19 18:37:04 | INFO | epoch=030 train_batch=200/392 running_loss=0.045127
2026-08-19 18:37:05 | INFO | epoch=030 train_batch=210/392 running_loss=0.045126
2026-08-19 18:37:05 | INFO | epoch=030 train_batch=220/392 running_loss=0.045147
2026-08-19 18:37:05 | INFO | epoch=030 train_batch=230/392 running_loss=0.045118
2026-08-19 18:37:05 | INFO | epoch=030 train_batch=240/392 running_loss=0.044928
2026-08-19 18:37:05 | INFO | epoch=030 train_batch=250/392 running_loss=0.044944
2026-08-19 18:37:06 | INFO | epoch=030 train_batch=260/392 running_loss=0.044905
2026-08-19 18:37:06 | INFO | epoch=030 train_batch=270/392 running_loss=0.044931
2026-08-19 18:37:06 | INFO | epoch=030 train_batch=280/392 running_loss=0.045088
2026-08-19 18:37:06 | INFO | epoch=030 train_batch=290/392 running_loss=0.045133
2026-08-19 18:37:07 | INFO | epoch=030 train_batch=300/392 running_loss=0.045090
2026-08-19 18:37:07 | INFO | epoch=030 train_batch=310/392 running_loss=0.045130
2026-08-19 18:37:07 | INFO | epoch=030 train_batch=320/392 running_loss=0.045047
2026-08-19 18:37:07 | INFO | epoch=030 train_batch=330/392 running_loss=0.045045
2026-08-19 18:37:08 | INFO | epoch=030 train_batch=340/392 running_loss=0.045098
2026-08-19 18:37:08 | INFO | epoch=030 train_batch=350/392 running_loss=0.045066
2026-08-19 18:37:08 | INFO | epoch=030 train_batch=360/392 running_loss=0.045066
2026-08-19 18:37:08 | INFO | epoch=030 train_batch=370/392 running_loss=0.044983
2026-08-19 18:37:08 | INFO | epoch=030 train_batch=380/392 running_loss=0.044939
2026-08-19 18:37:09 | INFO | epoch=030 train_batch=390/392 running_loss=0.044891
2026-08-19 18:37:09 | INFO | epoch=030 train_batch=392/392 running_loss=0.044891
2026-08-19 18:37:09 | INFO | epoch=030 train_loss=0.044891 validation_loss=0.266626
2026-08-19 18:37:10 | INFO | epoch=031 train_batch=10/392 running_loss=0.046796
2026-08-19 18:37:10 | INFO | epoch=031 train_batch=20/392 running_loss=0.045314
2026-08-19 18:37:10 | INFO | epoch=031 train_batch=30/392 running_loss=0.045607
2026-08-19 18:37:10 | INFO | epoch=031 train_batch=40/392 running_loss=0.045489
2026-08-19 18:37:11 | INFO | epoch=031 train_batch=50/392 running_loss=0.045381
2026-08-19 18:37:11 | INFO | epoch=031 train_batch=60/392 running_loss=0.045142
2026-08-19 18:37:11 | INFO | epoch=031 train_batch=70/392 running_loss=0.045024
2026-08-19 18:37:11 | INFO | epoch=031 train_batch=80/392 running_loss=0.044702
2026-08-19 18:37:12 | INFO | epoch=031 train_batch=90/392 running_loss=0.044578
2026-08-19 18:37:12 | INFO | epoch=031 train_batch=100/392 running_loss=0.044627
2026-08-19 18:37:12 | INFO | epoch=031 train_batch=110/392 running_loss=0.044366
2026-08-19 18:37:12 | INFO | epoch=031 train_batch=120/392 running_loss=0.043982
2026-08-19 18:37:13 | INFO | epoch=031 train_batch=130/392 running_loss=0.044159
2026-08-19 18:37:13 | INFO | epoch=031 train_batch=140/392 running_loss=0.044154
2026-08-19 18:37:13 | INFO | epoch=031 train_batch=150/392 running_loss=0.044294
2026-08-19 18:37:13 | INFO | epoch=031 train_batch=160/392 running_loss=0.044114
2026-08-19 18:37:13 | INFO | epoch=031 train_batch=170/392 running_loss=0.044141
2026-08-19 18:37:14 | INFO | epoch=031 train_batch=180/392 running_loss=0.044158
2026-08-19 18:37:14 | INFO | epoch=031 train_batch=190/392 running_loss=0.044298
2026-08-19 18:37:14 | INFO | epoch=031 train_batch=200/392 running_loss=0.044329
2026-08-19 18:37:14 | INFO | epoch=031 train_batch=210/392 running_loss=0.044384
2026-08-19 18:37:15 | INFO | epoch=031 train_batch=220/392 running_loss=0.044454
2026-08-19 18:37:15 | INFO | epoch=031 train_batch=230/392 running_loss=0.044407
2026-08-19 18:37:15 | INFO | epoch=031 train_batch=240/392 running_loss=0.044162
2026-08-19 18:37:15 | INFO | epoch=031 train_batch=250/392 running_loss=0.044185
2026-08-19 18:37:16 | INFO | epoch=031 train_batch=260/392 running_loss=0.044236
2026-08-19 18:37:16 | INFO | epoch=031 train_batch=270/392 running_loss=0.044334
2026-08-19 18:37:16 | INFO | epoch=031 train_batch=280/392 running_loss=0.044365
2026-08-19 18:37:16 | INFO | epoch=031 train_batch=290/392 running_loss=0.044387
2026-08-19 18:37:16 | INFO | epoch=031 train_batch=300/392 running_loss=0.044454
2026-08-19 18:37:17 | INFO | epoch=031 train_batch=310/392 running_loss=0.044375
2026-08-19 18:37:17 | INFO | epoch=031 train_batch=320/392 running_loss=0.044430
2026-08-19 18:37:17 | INFO | epoch=031 train_batch=330/392 running_loss=0.044491
2026-08-19 18:37:17 | INFO | epoch=031 train_batch=340/392 running_loss=0.044454
2026-08-19 18:37:18 | INFO | epoch=031 train_batch=350/392 running_loss=0.044474
2026-08-19 18:37:18 | INFO | epoch=031 train_batch=360/392 running_loss=0.044501
2026-08-19 18:37:18 | INFO | epoch=031 train_batch=370/392 running_loss=0.044478
2026-08-19 18:37:18 | INFO | epoch=031 train_batch=380/392 running_loss=0.044550
2026-08-19 18:37:19 | INFO | epoch=031 train_batch=390/392 running_loss=0.044525
2026-08-19 18:37:19 | INFO | epoch=031 train_batch=392/392 running_loss=0.044585
2026-08-19 18:37:19 | INFO | epoch=031 train_loss=0.044585 validation_loss=0.266455
2026-08-19 18:37:20 | INFO | epoch=032 train_batch=10/392 running_loss=0.043936
2026-08-19 18:37:20 | INFO | epoch=032 train_batch=20/392 running_loss=0.045390
2026-08-19 18:37:20 | INFO | epoch=032 train_batch=30/392 running_loss=0.043992
2026-08-19 18:37:20 | INFO | epoch=032 train_batch=40/392 running_loss=0.043795
2026-08-19 18:37:20 | INFO | epoch=032 train_batch=50/392 running_loss=0.044318
2026-08-19 18:37:21 | INFO | epoch=032 train_batch=60/392 running_loss=0.044440
2026-08-19 18:37:21 | INFO | epoch=032 train_batch=70/392 running_loss=0.044684
2026-08-19 18:37:21 | INFO | epoch=032 train_batch=80/392 running_loss=0.044309
2026-08-19 18:37:21 | INFO | epoch=032 train_batch=90/392 running_loss=0.044389
2026-08-19 18:37:22 | INFO | epoch=032 train_batch=100/392 running_loss=0.044213
2026-08-19 18:37:22 | INFO | epoch=032 train_batch=110/392 running_loss=0.044129
2026-08-19 18:37:22 | INFO | epoch=032 train_batch=120/392 running_loss=0.044539
2026-08-19 18:37:22 | INFO | epoch=032 train_batch=130/392 running_loss=0.044635
2026-08-19 18:37:23 | INFO | epoch=032 train_batch=140/392 running_loss=0.044571
2026-08-19 18:37:23 | INFO | epoch=032 train_batch=150/392 running_loss=0.044329
2026-08-19 18:37:23 | INFO | epoch=032 train_batch=160/392 running_loss=0.044390
2026-08-19 18:37:23 | INFO | epoch=032 train_batch=170/392 running_loss=0.044377
2026-08-19 18:37:23 | INFO | epoch=032 train_batch=180/392 running_loss=0.044572
2026-08-19 18:37:24 | INFO | epoch=032 train_batch=190/392 running_loss=0.044476
2026-08-19 18:37:24 | INFO | epoch=032 train_batch=200/392 running_loss=0.044396
2026-08-19 18:37:24 | INFO | epoch=032 train_batch=210/392 running_loss=0.044277
2026-08-19 18:37:24 | INFO | epoch=032 train_batch=220/392 running_loss=0.044401
2026-08-19 18:37:25 | INFO | epoch=032 train_batch=230/392 running_loss=0.044362
2026-08-19 18:37:25 | INFO | epoch=032 train_batch=240/392 running_loss=0.044389
2026-08-19 18:37:25 | INFO | epoch=032 train_batch=250/392 running_loss=0.044304
2026-08-19 18:37:25 | INFO | epoch=032 train_batch=260/392 running_loss=0.044280
2026-08-19 18:37:26 | INFO | epoch=032 train_batch=270/392 running_loss=0.044260
2026-08-19 18:37:26 | INFO | epoch=032 train_batch=280/392 running_loss=0.044194
2026-08-19 18:37:26 | INFO | epoch=032 train_batch=290/392 running_loss=0.044084
2026-08-19 18:37:26 | INFO | epoch=032 train_batch=300/392 running_loss=0.044126
2026-08-19 18:37:26 | INFO | epoch=032 train_batch=310/392 running_loss=0.044138
2026-08-19 18:37:27 | INFO | epoch=032 train_batch=320/392 running_loss=0.044211
2026-08-19 18:37:27 | INFO | epoch=032 train_batch=330/392 running_loss=0.044261
2026-08-19 18:37:27 | INFO | epoch=032 train_batch=340/392 running_loss=0.044358
2026-08-19 18:37:27 | INFO | epoch=032 train_batch=350/392 running_loss=0.044426
2026-08-19 18:37:28 | INFO | epoch=032 train_batch=360/392 running_loss=0.044276
2026-08-19 18:37:28 | INFO | epoch=032 train_batch=370/392 running_loss=0.044088
2026-08-19 18:37:28 | INFO | epoch=032 train_batch=380/392 running_loss=0.044106
2026-08-19 18:37:28 | INFO | epoch=032 train_batch=390/392 running_loss=0.044147
2026-08-19 18:37:28 | INFO | epoch=032 train_batch=392/392 running_loss=0.044158
2026-08-19 18:37:29 | INFO | epoch=032 train_loss=0.044158 validation_loss=0.269716
2026-08-19 18:37:29 | INFO | epoch=033 train_batch=10/392 running_loss=0.042429
2026-08-19 18:37:30 | INFO | epoch=033 train_batch=20/392 running_loss=0.043394
2026-08-19 18:37:30 | INFO | epoch=033 train_batch=30/392 running_loss=0.042418
2026-08-19 18:37:30 | INFO | epoch=033 train_batch=40/392 running_loss=0.042807
2026-08-19 18:37:30 | INFO | epoch=033 train_batch=50/392 running_loss=0.042190
2026-08-19 18:37:30 | INFO | epoch=033 train_batch=60/392 running_loss=0.042430
2026-08-19 18:37:31 | INFO | epoch=033 train_batch=70/392 running_loss=0.042546
2026-08-19 18:37:31 | INFO | epoch=033 train_batch=80/392 running_loss=0.042820
2026-08-19 18:37:31 | INFO | epoch=033 train_batch=90/392 running_loss=0.042926
2026-08-19 18:37:31 | INFO | epoch=033 train_batch=100/392 running_loss=0.042838
2026-08-19 18:37:32 | INFO | epoch=033 train_batch=110/392 running_loss=0.042837
2026-08-19 18:37:32 | INFO | epoch=033 train_batch=120/392 running_loss=0.043031
2026-08-19 18:37:32 | INFO | epoch=033 train_batch=130/392 running_loss=0.042898
2026-08-19 18:37:32 | INFO | epoch=033 train_batch=140/392 running_loss=0.042867
2026-08-19 18:37:33 | INFO | epoch=033 train_batch=150/392 running_loss=0.043080
2026-08-19 18:37:33 | INFO | epoch=033 train_batch=160/392 running_loss=0.043169
2026-08-19 18:37:33 | INFO | epoch=033 train_batch=170/392 running_loss=0.043367
2026-08-19 18:37:33 | INFO | epoch=033 train_batch=180/392 running_loss=0.043231
2026-08-19 18:37:33 | INFO | epoch=033 train_batch=190/392 running_loss=0.043381
2026-08-19 18:37:34 | INFO | epoch=033 train_batch=200/392 running_loss=0.043507
2026-08-19 18:37:34 | INFO | epoch=033 train_batch=210/392 running_loss=0.043409
2026-08-19 18:37:34 | INFO | epoch=033 train_batch=220/392 running_loss=0.043438
2026-08-19 18:37:34 | INFO | epoch=033 train_batch=230/392 running_loss=0.043593
2026-08-19 18:37:35 | INFO | epoch=033 train_batch=240/392 running_loss=0.043626
2026-08-19 18:37:35 | INFO | epoch=033 train_batch=250/392 running_loss=0.043743
2026-08-19 18:37:35 | INFO | epoch=033 train_batch=260/392 running_loss=0.043770
2026-08-19 18:37:35 | INFO | epoch=033 train_batch=270/392 running_loss=0.043744
2026-08-19 18:37:36 | INFO | epoch=033 train_batch=280/392 running_loss=0.043841
2026-08-19 18:37:36 | INFO | epoch=033 train_batch=290/392 running_loss=0.043847
2026-08-19 18:37:36 | INFO | epoch=033 train_batch=300/392 running_loss=0.043793
2026-08-19 18:37:36 | INFO | epoch=033 train_batch=310/392 running_loss=0.043684
2026-08-19 18:37:36 | INFO | epoch=033 train_batch=320/392 running_loss=0.043695
2026-08-19 18:37:37 | INFO | epoch=033 train_batch=330/392 running_loss=0.043659
2026-08-19 18:37:37 | INFO | epoch=033 train_batch=340/392 running_loss=0.043612
2026-08-19 18:37:37 | INFO | epoch=033 train_batch=350/392 running_loss=0.043620
2026-08-19 18:37:37 | INFO | epoch=033 train_batch=360/392 running_loss=0.043623
2026-08-19 18:37:38 | INFO | epoch=033 train_batch=370/392 running_loss=0.043665
2026-08-19 18:37:38 | INFO | epoch=033 train_batch=380/392 running_loss=0.043665
2026-08-19 18:37:38 | INFO | epoch=033 train_batch=390/392 running_loss=0.043874
2026-08-19 18:37:38 | INFO | epoch=033 train_batch=392/392 running_loss=0.043809
2026-08-19 18:37:39 | INFO | epoch=033 train_loss=0.043809 validation_loss=0.267057
2026-08-19 18:37:39 | INFO | epoch=034 train_batch=10/392 running_loss=0.040503
2026-08-19 18:37:39 | INFO | epoch=034 train_batch=20/392 running_loss=0.040928
2026-08-19 18:37:40 | INFO | epoch=034 train_batch=30/392 running_loss=0.040930
2026-08-19 18:37:40 | INFO | epoch=034 train_batch=40/392 running_loss=0.041748
2026-08-19 18:37:40 | INFO | epoch=034 train_batch=50/392 running_loss=0.042243
2026-08-19 18:37:40 | INFO | epoch=034 train_batch=60/392 running_loss=0.042086
2026-08-19 18:37:40 | INFO | epoch=034 train_batch=70/392 running_loss=0.042407
2026-08-19 18:37:41 | INFO | epoch=034 train_batch=80/392 running_loss=0.042120
2026-08-19 18:37:41 | INFO | epoch=034 train_batch=90/392 running_loss=0.042419
2026-08-19 18:37:41 | INFO | epoch=034 train_batch=100/392 running_loss=0.042773
2026-08-19 18:37:41 | INFO | epoch=034 train_batch=110/392 running_loss=0.042725
2026-08-19 18:37:42 | INFO | epoch=034 train_batch=120/392 running_loss=0.042768
2026-08-19 18:37:42 | INFO | epoch=034 train_batch=130/392 running_loss=0.043102
2026-08-19 18:37:42 | INFO | epoch=034 train_batch=140/392 running_loss=0.043305
2026-08-19 18:37:42 | INFO | epoch=034 train_batch=150/392 running_loss=0.043127
2026-08-19 18:37:43 | INFO | epoch=034 train_batch=160/392 running_loss=0.043367
2026-08-19 18:37:43 | INFO | epoch=034 train_batch=170/392 running_loss=0.043537
2026-08-19 18:37:43 | INFO | epoch=034 train_batch=180/392 running_loss=0.043630
2026-08-19 18:37:43 | INFO | epoch=034 train_batch=190/392 running_loss=0.043566
2026-08-19 18:37:43 | INFO | epoch=034 train_batch=200/392 running_loss=0.043703
2026-08-19 18:37:44 | INFO | epoch=034 train_batch=210/392 running_loss=0.043753
2026-08-19 18:37:44 | INFO | epoch=034 train_batch=220/392 running_loss=0.043739
2026-08-19 18:37:44 | INFO | epoch=034 train_batch=230/392 running_loss=0.043769
2026-08-19 18:37:44 | INFO | epoch=034 train_batch=240/392 running_loss=0.043816
2026-08-19 18:37:45 | INFO | epoch=034 train_batch=250/392 running_loss=0.043643
2026-08-19 18:37:45 | INFO | epoch=034 train_batch=260/392 running_loss=0.043681
2026-08-19 18:37:45 | INFO | epoch=034 train_batch=270/392 running_loss=0.043667
2026-08-19 18:37:45 | INFO | epoch=034 train_batch=280/392 running_loss=0.043631
2026-08-19 18:37:46 | INFO | epoch=034 train_batch=290/392 running_loss=0.043631
2026-08-19 18:37:46 | INFO | epoch=034 train_batch=300/392 running_loss=0.043525
2026-08-19 18:37:46 | INFO | epoch=034 train_batch=310/392 running_loss=0.043429
2026-08-19 18:37:46 | INFO | epoch=034 train_batch=320/392 running_loss=0.043461
2026-08-19 18:37:46 | INFO | epoch=034 train_batch=330/392 running_loss=0.043513
2026-08-19 18:37:47 | INFO | epoch=034 train_batch=340/392 running_loss=0.043549
2026-08-19 18:37:47 | INFO | epoch=034 train_batch=350/392 running_loss=0.043502
2026-08-19 18:37:47 | INFO | epoch=034 train_batch=360/392 running_loss=0.043535
2026-08-19 18:37:47 | INFO | epoch=034 train_batch=370/392 running_loss=0.043550
2026-08-19 18:37:48 | INFO | epoch=034 train_batch=380/392 running_loss=0.043520
2026-08-19 18:37:48 | INFO | epoch=034 train_batch=390/392 running_loss=0.043472
2026-08-19 18:37:48 | INFO | epoch=034 train_batch=392/392 running_loss=0.043456
2026-08-19 18:37:49 | INFO | epoch=034 train_loss=0.043456 validation_loss=0.263933
2026-08-19 18:37:49 | INFO | epoch=034 saved new best.pt
2026-08-19 18:37:49 | INFO | epoch=035 train_batch=10/392 running_loss=0.041428
2026-08-19 18:37:49 | INFO | epoch=035 train_batch=20/392 running_loss=0.042519
2026-08-19 18:37:49 | INFO | epoch=035 train_batch=30/392 running_loss=0.043288
2026-08-19 18:37:50 | INFO | epoch=035 train_batch=40/392 running_loss=0.043450
2026-08-19 18:37:50 | INFO | epoch=035 train_batch=50/392 running_loss=0.043812
2026-08-19 18:37:50 | INFO | epoch=035 train_batch=60/392 running_loss=0.043159
2026-08-19 18:37:50 | INFO | epoch=035 train_batch=70/392 running_loss=0.042833
2026-08-19 18:37:51 | INFO | epoch=035 train_batch=80/392 running_loss=0.042586
2026-08-19 18:37:51 | INFO | epoch=035 train_batch=90/392 running_loss=0.042497
2026-08-19 18:37:51 | INFO | epoch=035 train_batch=100/392 running_loss=0.042729
2026-08-19 18:37:51 | INFO | epoch=035 train_batch=110/392 running_loss=0.042698
2026-08-19 18:37:52 | INFO | epoch=035 train_batch=120/392 running_loss=0.042848
2026-08-19 18:37:52 | INFO | epoch=035 train_batch=130/392 running_loss=0.042884
2026-08-19 18:37:52 | INFO | epoch=035 train_batch=140/392 running_loss=0.042711
2026-08-19 18:37:52 | INFO | epoch=035 train_batch=150/392 running_loss=0.042656
2026-08-19 18:37:52 | INFO | epoch=035 train_batch=160/392 running_loss=0.042796
2026-08-19 18:37:53 | INFO | epoch=035 train_batch=170/392 running_loss=0.042888
2026-08-19 18:37:53 | INFO | epoch=035 train_batch=180/392 running_loss=0.042893
2026-08-19 18:37:53 | INFO | epoch=035 train_batch=190/392 running_loss=0.042905
2026-08-19 18:37:53 | INFO | epoch=035 train_batch=200/392 running_loss=0.042984
2026-08-19 18:37:54 | INFO | epoch=035 train_batch=210/392 running_loss=0.042913
2026-08-19 18:37:54 | INFO | epoch=035 train_batch=220/392 running_loss=0.042894
2026-08-19 18:37:54 | INFO | epoch=035 train_batch=230/392 running_loss=0.043035
2026-08-19 18:37:54 | INFO | epoch=035 train_batch=240/392 running_loss=0.043142
2026-08-19 18:37:55 | INFO | epoch=035 train_batch=250/392 running_loss=0.043156
2026-08-19 18:37:55 | INFO | epoch=035 train_batch=260/392 running_loss=0.043414
2026-08-19 18:37:55 | INFO | epoch=035 train_batch=270/392 running_loss=0.043389
2026-08-19 18:37:55 | INFO | epoch=035 train_batch=280/392 running_loss=0.043288
2026-08-19 18:37:55 | INFO | epoch=035 train_batch=290/392 running_loss=0.043336
2026-08-19 18:37:56 | INFO | epoch=035 train_batch=300/392 running_loss=0.043321
2026-08-19 18:37:56 | INFO | epoch=035 train_batch=310/392 running_loss=0.043222
2026-08-19 18:37:56 | INFO | epoch=035 train_batch=320/392 running_loss=0.043200
2026-08-19 18:37:56 | INFO | epoch=035 train_batch=330/392 running_loss=0.043242
2026-08-19 18:37:57 | INFO | epoch=035 train_batch=340/392 running_loss=0.043228
2026-08-19 18:37:57 | INFO | epoch=035 train_batch=350/392 running_loss=0.043258
2026-08-19 18:37:57 | INFO | epoch=035 train_batch=360/392 running_loss=0.043247
2026-08-19 18:37:57 | INFO | epoch=035 train_batch=370/392 running_loss=0.043277
2026-08-19 18:37:57 | INFO | epoch=035 train_batch=380/392 running_loss=0.043212
2026-08-19 18:37:58 | INFO | epoch=035 train_batch=390/392 running_loss=0.043185
2026-08-19 18:37:58 | INFO | epoch=035 train_batch=392/392 running_loss=0.043138
2026-08-19 18:37:58 | INFO | epoch=035 train_loss=0.043138 validation_loss=0.265716
2026-08-19 18:37:59 | INFO | epoch=036 train_batch=10/392 running_loss=0.041950
2026-08-19 18:37:59 | INFO | epoch=036 train_batch=20/392 running_loss=0.041125
2026-08-19 18:37:59 | INFO | epoch=036 train_batch=30/392 running_loss=0.041251
2026-08-19 18:37:59 | INFO | epoch=036 train_batch=40/392 running_loss=0.041321
2026-08-19 18:38:00 | INFO | epoch=036 train_batch=50/392 running_loss=0.042056
2026-08-19 18:38:00 | INFO | epoch=036 train_batch=60/392 running_loss=0.041372
2026-08-19 18:38:00 | INFO | epoch=036 train_batch=70/392 running_loss=0.041705
2026-08-19 18:38:00 | INFO | epoch=036 train_batch=80/392 running_loss=0.042022
2026-08-19 18:38:01 | INFO | epoch=036 train_batch=90/392 running_loss=0.042025
2026-08-19 18:38:01 | INFO | epoch=036 train_batch=100/392 running_loss=0.041786
2026-08-19 18:38:01 | INFO | epoch=036 train_batch=110/392 running_loss=0.041645
2026-08-19 18:38:01 | INFO | epoch=036 train_batch=120/392 running_loss=0.041601
2026-08-19 18:38:01 | INFO | epoch=036 train_batch=130/392 running_loss=0.041551
2026-08-19 18:38:02 | INFO | epoch=036 train_batch=140/392 running_loss=0.041684
2026-08-19 18:38:02 | INFO | epoch=036 train_batch=150/392 running_loss=0.041743
2026-08-19 18:38:02 | INFO | epoch=036 train_batch=160/392 running_loss=0.041936
2026-08-19 18:38:02 | INFO | epoch=036 train_batch=170/392 running_loss=0.042070
2026-08-19 18:38:03 | INFO | epoch=036 train_batch=180/392 running_loss=0.041952
2026-08-19 18:38:03 | INFO | epoch=036 train_batch=190/392 running_loss=0.042130
2026-08-19 18:38:03 | INFO | epoch=036 train_batch=200/392 running_loss=0.042228
2026-08-19 18:38:03 | INFO | epoch=036 train_batch=210/392 running_loss=0.042395
2026-08-19 18:38:03 | INFO | epoch=036 train_batch=220/392 running_loss=0.042441
2026-08-19 18:38:04 | INFO | epoch=036 train_batch=230/392 running_loss=0.042370
2026-08-19 18:38:04 | INFO | epoch=036 train_batch=240/392 running_loss=0.042347
2026-08-19 18:38:04 | INFO | epoch=036 train_batch=250/392 running_loss=0.042462
2026-08-19 18:38:04 | INFO | epoch=036 train_batch=260/392 running_loss=0.042491
2026-08-19 18:38:05 | INFO | epoch=036 train_batch=270/392 running_loss=0.042632
2026-08-19 18:38:05 | INFO | epoch=036 train_batch=280/392 running_loss=0.042753
2026-08-19 18:38:05 | INFO | epoch=036 train_batch=290/392 running_loss=0.042816
2026-08-19 18:38:05 | INFO | epoch=036 train_batch=300/392 running_loss=0.042979
2026-08-19 18:38:05 | INFO | epoch=036 train_batch=310/392 running_loss=0.042942
2026-08-19 18:38:06 | INFO | epoch=036 train_batch=320/392 running_loss=0.043101
2026-08-19 18:38:06 | INFO | epoch=036 train_batch=330/392 running_loss=0.043030
2026-08-19 18:38:06 | INFO | epoch=036 train_batch=340/392 running_loss=0.043042
2026-08-19 18:38:06 | INFO | epoch=036 train_batch=350/392 running_loss=0.042994
2026-08-19 18:38:07 | INFO | epoch=036 train_batch=360/392 running_loss=0.042909
2026-08-19 18:38:07 | INFO | epoch=036 train_batch=370/392 running_loss=0.042946
2026-08-19 18:38:07 | INFO | epoch=036 train_batch=380/392 running_loss=0.043037
2026-08-19 18:38:07 | INFO | epoch=036 train_batch=390/392 running_loss=0.043014
2026-08-19 18:38:07 | INFO | epoch=036 train_batch=392/392 running_loss=0.042933
2026-08-19 18:38:08 | INFO | epoch=036 train_loss=0.042933 validation_loss=0.264302
2026-08-19 18:38:08 | INFO | epoch=037 train_batch=10/392 running_loss=0.044559
2026-08-19 18:38:09 | INFO | epoch=037 train_batch=20/392 running_loss=0.042096
2026-08-19 18:38:09 | INFO | epoch=037 train_batch=30/392 running_loss=0.042627
2026-08-19 18:38:09 | INFO | epoch=037 train_batch=40/392 running_loss=0.041845
2026-08-19 18:38:09 | INFO | epoch=037 train_batch=50/392 running_loss=0.041945
2026-08-19 18:38:10 | INFO | epoch=037 train_batch=60/392 running_loss=0.041692
2026-08-19 18:38:10 | INFO | epoch=037 train_batch=70/392 running_loss=0.042204
2026-08-19 18:38:10 | INFO | epoch=037 train_batch=80/392 running_loss=0.042662
2026-08-19 18:38:10 | INFO | epoch=037 train_batch=90/392 running_loss=0.042643
2026-08-19 18:38:10 | INFO | epoch=037 train_batch=100/392 running_loss=0.042641
2026-08-19 18:38:11 | INFO | epoch=037 train_batch=110/392 running_loss=0.042841
2026-08-19 18:38:11 | INFO | epoch=037 train_batch=120/392 running_loss=0.043132
2026-08-19 18:38:11 | INFO | epoch=037 train_batch=130/392 running_loss=0.043182
2026-08-19 18:38:11 | INFO | epoch=037 train_batch=140/392 running_loss=0.042934
2026-08-19 18:38:12 | INFO | epoch=037 train_batch=150/392 running_loss=0.043015
2026-08-19 18:38:12 | INFO | epoch=037 train_batch=160/392 running_loss=0.042813
2026-08-19 18:38:12 | INFO | epoch=037 train_batch=170/392 running_loss=0.042781
2026-08-19 18:38:12 | INFO | epoch=037 train_batch=180/392 running_loss=0.042677
2026-08-19 18:38:13 | INFO | epoch=037 train_batch=190/392 running_loss=0.042775
2026-08-19 18:38:13 | INFO | epoch=037 train_batch=200/392 running_loss=0.042804
2026-08-19 18:38:13 | INFO | epoch=037 train_batch=210/392 running_loss=0.042991
2026-08-19 18:38:13 | INFO | epoch=037 train_batch=220/392 running_loss=0.042957
2026-08-19 18:38:13 | INFO | epoch=037 train_batch=230/392 running_loss=0.043131
2026-08-19 18:38:14 | INFO | epoch=037 train_batch=240/392 running_loss=0.043129
2026-08-19 18:38:14 | INFO | epoch=037 train_batch=250/392 running_loss=0.043156
2026-08-19 18:38:14 | INFO | epoch=037 train_batch=260/392 running_loss=0.043088
2026-08-19 18:38:14 | INFO | epoch=037 train_batch=270/392 running_loss=0.043100
2026-08-19 18:38:15 | INFO | epoch=037 train_batch=280/392 running_loss=0.043156
2026-08-19 18:38:15 | INFO | epoch=037 train_batch=290/392 running_loss=0.043246
2026-08-19 18:38:15 | INFO | epoch=037 train_batch=300/392 running_loss=0.043219
2026-08-19 18:38:15 | INFO | epoch=037 train_batch=310/392 running_loss=0.043116
2026-08-19 18:38:16 | INFO | epoch=037 train_batch=320/392 running_loss=0.043082
2026-08-19 18:38:16 | INFO | epoch=037 train_batch=330/392 running_loss=0.043059
2026-08-19 18:38:16 | INFO | epoch=037 train_batch=340/392 running_loss=0.042921
2026-08-19 18:38:16 | INFO | epoch=037 train_batch=350/392 running_loss=0.042961
2026-08-19 18:38:16 | INFO | epoch=037 train_batch=360/392 running_loss=0.042861
2026-08-19 18:38:17 | INFO | epoch=037 train_batch=370/392 running_loss=0.042785
2026-08-19 18:38:17 | INFO | epoch=037 train_batch=380/392 running_loss=0.042864
2026-08-19 18:38:17 | INFO | epoch=037 train_batch=390/392 running_loss=0.042894
2026-08-19 18:38:17 | INFO | epoch=037 train_batch=392/392 running_loss=0.042978
2026-08-19 18:38:18 | INFO | epoch=037 train_loss=0.042978 validation_loss=0.269757
2026-08-19 18:38:18 | INFO | epoch=038 train_batch=10/392 running_loss=0.041049
2026-08-19 18:38:18 | INFO | epoch=038 train_batch=20/392 running_loss=0.041486
2026-08-19 18:38:19 | INFO | epoch=038 train_batch=30/392 running_loss=0.041874
2026-08-19 18:38:19 | INFO | epoch=038 train_batch=40/392 running_loss=0.041497
2026-08-19 18:38:19 | INFO | epoch=038 train_batch=50/392 running_loss=0.041332
2026-08-19 18:38:19 | INFO | epoch=038 train_batch=60/392 running_loss=0.041615
2026-08-19 18:38:20 | INFO | epoch=038 train_batch=70/392 running_loss=0.041766
2026-08-19 18:38:20 | INFO | epoch=038 train_batch=80/392 running_loss=0.041659
2026-08-19 18:38:20 | INFO | epoch=038 train_batch=90/392 running_loss=0.041633
2026-08-19 18:38:20 | INFO | epoch=038 train_batch=100/392 running_loss=0.042042
2026-08-19 18:38:20 | INFO | epoch=038 train_batch=110/392 running_loss=0.041830
2026-08-19 18:38:21 | INFO | epoch=038 train_batch=120/392 running_loss=0.041978
2026-08-19 18:38:21 | INFO | epoch=038 train_batch=130/392 running_loss=0.042152
2026-08-19 18:38:21 | INFO | epoch=038 train_batch=140/392 running_loss=0.042154
2026-08-19 18:38:21 | INFO | epoch=038 train_batch=150/392 running_loss=0.042167
2026-08-19 18:38:22 | INFO | epoch=038 train_batch=160/392 running_loss=0.042309
2026-08-19 18:38:22 | INFO | epoch=038 train_batch=170/392 running_loss=0.042481
2026-08-19 18:38:22 | INFO | epoch=038 train_batch=180/392 running_loss=0.042471
2026-08-19 18:38:22 | INFO | epoch=038 train_batch=190/392 running_loss=0.042527
2026-08-19 18:38:23 | INFO | epoch=038 train_batch=200/392 running_loss=0.042452
2026-08-19 18:38:23 | INFO | epoch=038 train_batch=210/392 running_loss=0.042510
2026-08-19 18:38:23 | INFO | epoch=038 train_batch=220/392 running_loss=0.042478
2026-08-19 18:38:23 | INFO | epoch=038 train_batch=230/392 running_loss=0.042476
2026-08-19 18:38:23 | INFO | epoch=038 train_batch=240/392 running_loss=0.042491
2026-08-19 18:38:24 | INFO | epoch=038 train_batch=250/392 running_loss=0.042488
2026-08-19 18:38:24 | INFO | epoch=038 train_batch=260/392 running_loss=0.042505
2026-08-19 18:38:24 | INFO | epoch=038 train_batch=270/392 running_loss=0.042688
2026-08-19 18:38:24 | INFO | epoch=038 train_batch=280/392 running_loss=0.042619
2026-08-19 18:38:25 | INFO | epoch=038 train_batch=290/392 running_loss=0.042532
2026-08-19 18:38:25 | INFO | epoch=038 train_batch=300/392 running_loss=0.042580
2026-08-19 18:38:25 | INFO | epoch=038 train_batch=310/392 running_loss=0.042587
2026-08-19 18:38:25 | INFO | epoch=038 train_batch=320/392 running_loss=0.042526
2026-08-19 18:38:26 | INFO | epoch=038 train_batch=330/392 running_loss=0.042530
2026-08-19 18:38:26 | INFO | epoch=038 train_batch=340/392 running_loss=0.042521
2026-08-19 18:38:26 | INFO | epoch=038 train_batch=350/392 running_loss=0.042601
2026-08-19 18:38:26 | INFO | epoch=038 train_batch=360/392 running_loss=0.042624
2026-08-19 18:38:26 | INFO | epoch=038 train_batch=370/392 running_loss=0.042410
2026-08-19 18:38:27 | INFO | epoch=038 train_batch=380/392 running_loss=0.042430
2026-08-19 18:38:27 | INFO | epoch=038 train_batch=390/392 running_loss=0.042441
2026-08-19 18:38:27 | INFO | epoch=038 train_batch=392/392 running_loss=0.042454
2026-08-19 18:38:28 | INFO | epoch=038 train_loss=0.042454 validation_loss=0.266322
2026-08-19 18:38:28 | INFO | epoch=039 train_batch=10/392 running_loss=0.044528
2026-08-19 18:38:28 | INFO | epoch=039 train_batch=20/392 running_loss=0.041176
2026-08-19 18:38:28 | INFO | epoch=039 train_batch=30/392 running_loss=0.042907
2026-08-19 18:38:29 | INFO | epoch=039 train_batch=40/392 running_loss=0.042036
2026-08-19 18:38:29 | INFO | epoch=039 train_batch=50/392 running_loss=0.041926
2026-08-19 18:38:29 | INFO | epoch=039 train_batch=60/392 running_loss=0.042215
2026-08-19 18:38:29 | INFO | epoch=039 train_batch=70/392 running_loss=0.043021
2026-08-19 18:38:30 | INFO | epoch=039 train_batch=80/392 running_loss=0.042382
2026-08-19 18:38:30 | INFO | epoch=039 train_batch=90/392 running_loss=0.042938
2026-08-19 18:38:30 | INFO | epoch=039 train_batch=100/392 running_loss=0.043352
2026-08-19 18:38:30 | INFO | epoch=039 train_batch=110/392 running_loss=0.043372
2026-08-19 18:38:30 | INFO | epoch=039 train_batch=120/392 running_loss=0.043398
2026-08-19 18:38:31 | INFO | epoch=039 train_batch=130/392 running_loss=0.043104
2026-08-19 18:38:31 | INFO | epoch=039 train_batch=140/392 running_loss=0.042883
2026-08-19 18:38:31 | INFO | epoch=039 train_batch=150/392 running_loss=0.042629
2026-08-19 18:38:31 | INFO | epoch=039 train_batch=160/392 running_loss=0.042429
2026-08-19 18:38:32 | INFO | epoch=039 train_batch=170/392 running_loss=0.042200
2026-08-19 18:38:32 | INFO | epoch=039 train_batch=180/392 running_loss=0.042399
2026-08-19 18:38:32 | INFO | epoch=039 train_batch=190/392 running_loss=0.042292
2026-08-19 18:38:32 | INFO | epoch=039 train_batch=200/392 running_loss=0.042145
2026-08-19 18:38:33 | INFO | epoch=039 train_batch=210/392 running_loss=0.042158
2026-08-19 18:38:33 | INFO | epoch=039 train_batch=220/392 running_loss=0.042193
2026-08-19 18:38:33 | INFO | epoch=039 train_batch=230/392 running_loss=0.042227
2026-08-19 18:38:33 | INFO | epoch=039 train_batch=240/392 running_loss=0.042206
2026-08-19 18:38:33 | INFO | epoch=039 train_batch=250/392 running_loss=0.042278
2026-08-19 18:38:34 | INFO | epoch=039 train_batch=260/392 running_loss=0.042373
2026-08-19 18:38:34 | INFO | epoch=039 train_batch=270/392 running_loss=0.042397
2026-08-19 18:38:34 | INFO | epoch=039 train_batch=280/392 running_loss=0.042306
2026-08-19 18:38:34 | INFO | epoch=039 train_batch=290/392 running_loss=0.042314
2026-08-19 18:38:35 | INFO | epoch=039 train_batch=300/392 running_loss=0.042274
2026-08-19 18:38:35 | INFO | epoch=039 train_batch=310/392 running_loss=0.042300
2026-08-19 18:38:35 | INFO | epoch=039 train_batch=320/392 running_loss=0.042316
2026-08-19 18:38:35 | INFO | epoch=039 train_batch=330/392 running_loss=0.042263
2026-08-19 18:38:36 | INFO | epoch=039 train_batch=340/392 running_loss=0.042285
2026-08-19 18:38:36 | INFO | epoch=039 train_batch=350/392 running_loss=0.042278
2026-08-19 18:38:36 | INFO | epoch=039 train_batch=360/392 running_loss=0.042233
2026-08-19 18:38:36 | INFO | epoch=039 train_batch=370/392 running_loss=0.042225
2026-08-19 18:38:36 | INFO | epoch=039 train_batch=380/392 running_loss=0.042188
2026-08-19 18:38:37 | INFO | epoch=039 train_batch=390/392 running_loss=0.042230
2026-08-19 18:38:37 | INFO | epoch=039 train_batch=392/392 running_loss=0.042289
2026-08-19 18:38:37 | INFO | epoch=039 train_loss=0.042289 validation_loss=0.266285
2026-08-19 18:38:38 | INFO | epoch=040 train_batch=10/392 running_loss=0.039590
2026-08-19 18:38:38 | INFO | epoch=040 train_batch=20/392 running_loss=0.038902
2026-08-19 18:38:38 | INFO | epoch=040 train_batch=30/392 running_loss=0.038484
2026-08-19 18:38:38 | INFO | epoch=040 train_batch=40/392 running_loss=0.039418
2026-08-19 18:38:39 | INFO | epoch=040 train_batch=50/392 running_loss=0.039158
2026-08-19 18:38:39 | INFO | epoch=040 train_batch=60/392 running_loss=0.039831
2026-08-19 18:38:39 | INFO | epoch=040 train_batch=70/392 running_loss=0.040265
2026-08-19 18:38:39 | INFO | epoch=040 train_batch=80/392 running_loss=0.040769
2026-08-19 18:38:40 | INFO | epoch=040 train_batch=90/392 running_loss=0.040730
2026-08-19 18:38:40 | INFO | epoch=040 train_batch=100/392 running_loss=0.040979
2026-08-19 18:38:40 | INFO | epoch=040 train_batch=110/392 running_loss=0.041020
2026-08-19 18:38:40 | INFO | epoch=040 train_batch=120/392 running_loss=0.040698
2026-08-19 18:38:41 | INFO | epoch=040 train_batch=130/392 running_loss=0.040530
2026-08-19 18:38:41 | INFO | epoch=040 train_batch=140/392 running_loss=0.040595
2026-08-19 18:38:41 | INFO | epoch=040 train_batch=150/392 running_loss=0.040589
2026-08-19 18:38:41 | INFO | epoch=040 train_batch=160/392 running_loss=0.040869
2026-08-19 18:38:41 | INFO | epoch=040 train_batch=170/392 running_loss=0.040911
2026-08-19 18:38:42 | INFO | epoch=040 train_batch=180/392 running_loss=0.040967
2026-08-19 18:38:42 | INFO | epoch=040 train_batch=190/392 running_loss=0.041134
2026-08-19 18:38:42 | INFO | epoch=040 train_batch=200/392 running_loss=0.041222
2026-08-19 18:38:42 | INFO | epoch=040 train_batch=210/392 running_loss=0.041197
2026-08-19 18:38:43 | INFO | epoch=040 train_batch=220/392 running_loss=0.041319
2026-08-19 18:38:43 | INFO | epoch=040 train_batch=230/392 running_loss=0.041329
2026-08-19 18:38:43 | INFO | epoch=040 train_batch=240/392 running_loss=0.041449
2026-08-19 18:38:43 | INFO | epoch=040 train_batch=250/392 running_loss=0.041501
2026-08-19 18:38:44 | INFO | epoch=040 train_batch=260/392 running_loss=0.041483
2026-08-19 18:38:44 | INFO | epoch=040 train_batch=270/392 running_loss=0.041588
2026-08-19 18:38:44 | INFO | epoch=040 train_batch=280/392 running_loss=0.041527
2026-08-19 18:38:44 | INFO | epoch=040 train_batch=290/392 running_loss=0.041611
2026-08-19 18:38:44 | INFO | epoch=040 train_batch=300/392 running_loss=0.041570
2026-08-19 18:38:45 | INFO | epoch=040 train_batch=310/392 running_loss=0.041541
2026-08-19 18:38:45 | INFO | epoch=040 train_batch=320/392 running_loss=0.041487
2026-08-19 18:38:45 | INFO | epoch=040 train_batch=330/392 running_loss=0.041438
2026-08-19 18:38:45 | INFO | epoch=040 train_batch=340/392 running_loss=0.041448
2026-08-19 18:38:46 | INFO | epoch=040 train_batch=350/392 running_loss=0.041417
2026-08-19 18:38:46 | INFO | epoch=040 train_batch=360/392 running_loss=0.041502
2026-08-19 18:38:46 | INFO | epoch=040 train_batch=370/392 running_loss=0.041584
2026-08-19 18:38:46 | INFO | epoch=040 train_batch=380/392 running_loss=0.041722
2026-08-19 18:38:46 | INFO | epoch=040 train_batch=390/392 running_loss=0.041819
2026-08-19 18:38:47 | INFO | epoch=040 train_batch=392/392 running_loss=0.041805
2026-08-19 18:38:47 | INFO | epoch=040 train_loss=0.041805 validation_loss=0.257421
2026-08-19 18:38:47 | INFO | epoch=040 saved new best.pt
2026-08-19 18:38:48 | INFO | epoch=041 train_batch=10/392 running_loss=0.043507
2026-08-19 18:38:48 | INFO | epoch=041 train_batch=20/392 running_loss=0.044659
2026-08-19 18:38:48 | INFO | epoch=041 train_batch=30/392 running_loss=0.042071
2026-08-19 18:38:48 | INFO | epoch=041 train_batch=40/392 running_loss=0.041998
2026-08-19 18:38:49 | INFO | epoch=041 train_batch=50/392 running_loss=0.041598
2026-08-19 18:38:49 | INFO | epoch=041 train_batch=60/392 running_loss=0.041270
2026-08-19 18:38:49 | INFO | epoch=041 train_batch=70/392 running_loss=0.041173
2026-08-19 18:38:49 | INFO | epoch=041 train_batch=80/392 running_loss=0.041475
2026-08-19 18:38:49 | INFO | epoch=041 train_batch=90/392 running_loss=0.041548
2026-08-19 18:38:50 | INFO | epoch=041 train_batch=100/392 running_loss=0.041797
2026-08-19 18:38:50 | INFO | epoch=041 train_batch=110/392 running_loss=0.041598
2026-08-19 18:38:50 | INFO | epoch=041 train_batch=120/392 running_loss=0.041416
2026-08-19 18:38:50 | INFO | epoch=041 train_batch=130/392 running_loss=0.041721
2026-08-19 18:38:51 | INFO | epoch=041 train_batch=140/392 running_loss=0.041518
2026-08-19 18:38:51 | INFO | epoch=041 train_batch=150/392 running_loss=0.041537
2026-08-19 18:38:51 | INFO | epoch=041 train_batch=160/392 running_loss=0.041427
2026-08-19 18:38:51 | INFO | epoch=041 train_batch=170/392 running_loss=0.041411
2026-08-19 18:38:52 | INFO | epoch=041 train_batch=180/392 running_loss=0.041358
2026-08-19 18:38:52 | INFO | epoch=041 train_batch=190/392 running_loss=0.041401
2026-08-19 18:38:52 | INFO | epoch=041 train_batch=200/392 running_loss=0.041390
2026-08-19 18:38:52 | INFO | epoch=041 train_batch=210/392 running_loss=0.041473
2026-08-19 18:38:52 | INFO | epoch=041 train_batch=220/392 running_loss=0.041419
2026-08-19 18:38:53 | INFO | epoch=041 train_batch=230/392 running_loss=0.041363
2026-08-19 18:38:53 | INFO | epoch=041 train_batch=240/392 running_loss=0.041374
2026-08-19 18:38:53 | INFO | epoch=041 train_batch=250/392 running_loss=0.041425
2026-08-19 18:38:53 | INFO | epoch=041 train_batch=260/392 running_loss=0.041506
2026-08-19 18:38:54 | INFO | epoch=041 train_batch=270/392 running_loss=0.041492
2026-08-19 18:38:54 | INFO | epoch=041 train_batch=280/392 running_loss=0.041573
2026-08-19 18:38:54 | INFO | epoch=041 train_batch=290/392 running_loss=0.041536
2026-08-19 18:38:54 | INFO | epoch=041 train_batch=300/392 running_loss=0.041565
2026-08-19 18:38:55 | INFO | epoch=041 train_batch=310/392 running_loss=0.041587
2026-08-19 18:38:55 | INFO | epoch=041 train_batch=320/392 running_loss=0.041498
2026-08-19 18:38:55 | INFO | epoch=041 train_batch=330/392 running_loss=0.041508
2026-08-19 18:38:55 | INFO | epoch=041 train_batch=340/392 running_loss=0.041604
2026-08-19 18:38:55 | INFO | epoch=041 train_batch=350/392 running_loss=0.041547
2026-08-19 18:38:56 | INFO | epoch=041 train_batch=360/392 running_loss=0.041581
2026-08-19 18:38:56 | INFO | epoch=041 train_batch=370/392 running_loss=0.041605
2026-08-19 18:38:56 | INFO | epoch=041 train_batch=380/392 running_loss=0.041650
2026-08-19 18:38:56 | INFO | epoch=041 train_batch=390/392 running_loss=0.041589
2026-08-19 18:38:56 | INFO | epoch=041 train_batch=392/392 running_loss=0.041614
2026-08-19 18:38:57 | INFO | epoch=041 train_loss=0.041614 validation_loss=0.258690
2026-08-19 18:38:57 | INFO | epoch=042 train_batch=10/392 running_loss=0.036915
2026-08-19 18:38:58 | INFO | epoch=042 train_batch=20/392 running_loss=0.040299
2026-08-19 18:38:58 | INFO | epoch=042 train_batch=30/392 running_loss=0.040766
2026-08-19 18:38:58 | INFO | epoch=042 train_batch=40/392 running_loss=0.040920
2026-08-19 18:38:58 | INFO | epoch=042 train_batch=50/392 running_loss=0.040684
2026-08-19 18:38:59 | INFO | epoch=042 train_batch=60/392 running_loss=0.040724
2026-08-19 18:38:59 | INFO | epoch=042 train_batch=70/392 running_loss=0.040773
2026-08-19 18:38:59 | INFO | epoch=042 train_batch=80/392 running_loss=0.041259
2026-08-19 18:38:59 | INFO | epoch=042 train_batch=90/392 running_loss=0.041482
2026-08-19 18:38:59 | INFO | epoch=042 train_batch=100/392 running_loss=0.041346
2026-08-19 18:39:00 | INFO | epoch=042 train_batch=110/392 running_loss=0.041330
2026-08-19 18:39:00 | INFO | epoch=042 train_batch=120/392 running_loss=0.041097
2026-08-19 18:39:00 | INFO | epoch=042 train_batch=130/392 running_loss=0.041009
2026-08-19 18:39:00 | INFO | epoch=042 train_batch=140/392 running_loss=0.041232
2026-08-19 18:39:01 | INFO | epoch=042 train_batch=150/392 running_loss=0.041369
2026-08-19 18:39:01 | INFO | epoch=042 train_batch=160/392 running_loss=0.041319
2026-08-19 18:39:01 | INFO | epoch=042 train_batch=170/392 running_loss=0.041518
2026-08-19 18:39:01 | INFO | epoch=042 train_batch=180/392 running_loss=0.041330
2026-08-19 18:39:02 | INFO | epoch=042 train_batch=190/392 running_loss=0.041208
2026-08-19 18:39:02 | INFO | epoch=042 train_batch=200/392 running_loss=0.041313
2026-08-19 18:39:02 | INFO | epoch=042 train_batch=210/392 running_loss=0.041301
2026-08-19 18:39:02 | INFO | epoch=042 train_batch=220/392 running_loss=0.041396
2026-08-19 18:39:02 | INFO | epoch=042 train_batch=230/392 running_loss=0.041250
2026-08-19 18:39:03 | INFO | epoch=042 train_batch=240/392 running_loss=0.041254
2026-08-19 18:39:03 | INFO | epoch=042 train_batch=250/392 running_loss=0.041307
2026-08-19 18:39:03 | INFO | epoch=042 train_batch=260/392 running_loss=0.041318
2026-08-19 18:39:03 | INFO | epoch=042 train_batch=270/392 running_loss=0.041378
2026-08-19 18:39:04 | INFO | epoch=042 train_batch=280/392 running_loss=0.041438
2026-08-19 18:39:04 | INFO | epoch=042 train_batch=290/392 running_loss=0.041379
2026-08-19 18:39:04 | INFO | epoch=042 train_batch=300/392 running_loss=0.041454
2026-08-19 18:39:04 | INFO | epoch=042 train_batch=310/392 running_loss=0.041326
2026-08-19 18:39:05 | INFO | epoch=042 train_batch=320/392 running_loss=0.041263
2026-08-19 18:39:05 | INFO | epoch=042 train_batch=330/392 running_loss=0.041258
2026-08-19 18:39:05 | INFO | epoch=042 train_batch=340/392 running_loss=0.041233
2026-08-19 18:39:05 | INFO | epoch=042 train_batch=350/392 running_loss=0.041217
2026-08-19 18:39:05 | INFO | epoch=042 train_batch=360/392 running_loss=0.041307
2026-08-19 18:39:06 | INFO | epoch=042 train_batch=370/392 running_loss=0.041376
2026-08-19 18:39:06 | INFO | epoch=042 train_batch=380/392 running_loss=0.041359
2026-08-19 18:39:06 | INFO | epoch=042 train_batch=390/392 running_loss=0.041362
2026-08-19 18:39:06 | INFO | epoch=042 train_batch=392/392 running_loss=0.041440
2026-08-19 18:39:07 | INFO | epoch=042 train_loss=0.041440 validation_loss=0.256046
2026-08-19 18:39:07 | INFO | epoch=042 saved new best.pt
2026-08-19 18:39:07 | INFO | epoch=043 train_batch=10/392 running_loss=0.040746
2026-08-19 18:39:07 | INFO | epoch=043 train_batch=20/392 running_loss=0.039712
2026-08-19 18:39:08 | INFO | epoch=043 train_batch=30/392 running_loss=0.041211
2026-08-19 18:39:08 | INFO | epoch=043 train_batch=40/392 running_loss=0.041330
2026-08-19 18:39:08 | INFO | epoch=043 train_batch=50/392 running_loss=0.041007
2026-08-19 18:39:08 | INFO | epoch=043 train_batch=60/392 running_loss=0.041336
2026-08-19 18:39:09 | INFO | epoch=043 train_batch=70/392 running_loss=0.041062
2026-08-19 18:39:09 | INFO | epoch=043 train_batch=80/392 running_loss=0.041253
2026-08-19 18:39:09 | INFO | epoch=043 train_batch=90/392 running_loss=0.041702
2026-08-19 18:39:09 | INFO | epoch=043 train_batch=100/392 running_loss=0.041725
2026-08-19 18:39:10 | INFO | epoch=043 train_batch=110/392 running_loss=0.041632
2026-08-19 18:39:10 | INFO | epoch=043 train_batch=120/392 running_loss=0.041549
2026-08-19 18:39:10 | INFO | epoch=043 train_batch=130/392 running_loss=0.041455
2026-08-19 18:39:10 | INFO | epoch=043 train_batch=140/392 running_loss=0.041433
2026-08-19 18:39:11 | INFO | epoch=043 train_batch=150/392 running_loss=0.041053
2026-08-19 18:39:11 | INFO | epoch=043 train_batch=160/392 running_loss=0.041012
2026-08-19 18:39:11 | INFO | epoch=043 train_batch=170/392 running_loss=0.040970
2026-08-19 18:39:11 | INFO | epoch=043 train_batch=180/392 running_loss=0.040771
2026-08-19 18:39:11 | INFO | epoch=043 train_batch=190/392 running_loss=0.040798
2026-08-19 18:39:12 | INFO | epoch=043 train_batch=200/392 running_loss=0.040792
2026-08-19 18:39:12 | INFO | epoch=043 train_batch=210/392 running_loss=0.040823
2026-08-19 18:39:12 | INFO | epoch=043 train_batch=220/392 running_loss=0.040807
2026-08-19 18:39:12 | INFO | epoch=043 train_batch=230/392 running_loss=0.040798
2026-08-19 18:39:13 | INFO | epoch=043 train_batch=240/392 running_loss=0.040835
2026-08-19 18:39:13 | INFO | epoch=043 train_batch=250/392 running_loss=0.040846
2026-08-19 18:39:13 | INFO | epoch=043 train_batch=260/392 running_loss=0.040862
2026-08-19 18:39:13 | INFO | epoch=043 train_batch=270/392 running_loss=0.040986
2026-08-19 18:39:14 | INFO | epoch=043 train_batch=280/392 running_loss=0.041011
2026-08-19 18:39:14 | INFO | epoch=043 train_batch=290/392 running_loss=0.041090
2026-08-19 18:39:14 | INFO | epoch=043 train_batch=300/392 running_loss=0.041139
2026-08-19 18:39:14 | INFO | epoch=043 train_batch=310/392 running_loss=0.041085
2026-08-19 18:39:14 | INFO | epoch=043 train_batch=320/392 running_loss=0.041005
2026-08-19 18:39:15 | INFO | epoch=043 train_batch=330/392 running_loss=0.040971
2026-08-19 18:39:15 | INFO | epoch=043 train_batch=340/392 running_loss=0.041083
2026-08-19 18:39:15 | INFO | epoch=043 train_batch=350/392 running_loss=0.041137
2026-08-19 18:39:15 | INFO | epoch=043 train_batch=360/392 running_loss=0.041084
2026-08-19 18:39:16 | INFO | epoch=043 train_batch=370/392 running_loss=0.041142
2026-08-19 18:39:16 | INFO | epoch=043 train_batch=380/392 running_loss=0.041108
2026-08-19 18:39:16 | INFO | epoch=043 train_batch=390/392 running_loss=0.041223
2026-08-19 18:39:16 | INFO | epoch=043 train_batch=392/392 running_loss=0.041265
2026-08-19 18:39:17 | INFO | epoch=043 train_loss=0.041265 validation_loss=0.256526
2026-08-19 18:39:17 | INFO | epoch=044 train_batch=10/392 running_loss=0.040312
2026-08-19 18:39:17 | INFO | epoch=044 train_batch=20/392 running_loss=0.040964
2026-08-19 18:39:18 | INFO | epoch=044 train_batch=30/392 running_loss=0.039394
2026-08-19 18:39:18 | INFO | epoch=044 train_batch=40/392 running_loss=0.039185
2026-08-19 18:39:18 | INFO | epoch=044 train_batch=50/392 running_loss=0.039718
2026-08-19 18:39:18 | INFO | epoch=044 train_batch=60/392 running_loss=0.039997
2026-08-19 18:39:19 | INFO | epoch=044 train_batch=70/392 running_loss=0.040247
2026-08-19 18:39:19 | INFO | epoch=044 train_batch=80/392 running_loss=0.040063
2026-08-19 18:39:19 | INFO | epoch=044 train_batch=90/392 running_loss=0.040333
2026-08-19 18:39:19 | INFO | epoch=044 train_batch=100/392 running_loss=0.040108
2026-08-19 18:39:19 | INFO | epoch=044 train_batch=110/392 running_loss=0.039933
2026-08-19 18:39:20 | INFO | epoch=044 train_batch=120/392 running_loss=0.040059
2026-08-19 18:39:20 | INFO | epoch=044 train_batch=130/392 running_loss=0.040175
2026-08-19 18:39:20 | INFO | epoch=044 train_batch=140/392 running_loss=0.040383
2026-08-19 18:39:20 | INFO | epoch=044 train_batch=150/392 running_loss=0.040405
2026-08-19 18:39:21 | INFO | epoch=044 train_batch=160/392 running_loss=0.040097
2026-08-19 18:39:21 | INFO | epoch=044 train_batch=170/392 running_loss=0.040131
2026-08-19 18:39:21 | INFO | epoch=044 train_batch=180/392 running_loss=0.040124
2026-08-19 18:39:21 | INFO | epoch=044 train_batch=190/392 running_loss=0.039968
2026-08-19 18:39:22 | INFO | epoch=044 train_batch=200/392 running_loss=0.040299
2026-08-19 18:39:22 | INFO | epoch=044 train_batch=210/392 running_loss=0.040249
2026-08-19 18:39:22 | INFO | epoch=044 train_batch=220/392 running_loss=0.040329
2026-08-19 18:39:22 | INFO | epoch=044 train_batch=230/392 running_loss=0.040312
2026-08-19 18:39:23 | INFO | epoch=044 train_batch=240/392 running_loss=0.040255
2026-08-19 18:39:23 | INFO | epoch=044 train_batch=250/392 running_loss=0.040237
2026-08-19 18:39:23 | INFO | epoch=044 train_batch=260/392 running_loss=0.040159
2026-08-19 18:39:23 | INFO | epoch=044 train_batch=270/392 running_loss=0.040412
2026-08-19 18:39:23 | INFO | epoch=044 train_batch=280/392 running_loss=0.040384
2026-08-19 18:39:24 | INFO | epoch=044 train_batch=290/392 running_loss=0.040354
2026-08-19 18:39:24 | INFO | epoch=044 train_batch=300/392 running_loss=0.040335
2026-08-19 18:39:24 | INFO | epoch=044 train_batch=310/392 running_loss=0.040515
2026-08-19 18:39:24 | INFO | epoch=044 train_batch=320/392 running_loss=0.040579
2026-08-19 18:39:25 | INFO | epoch=044 train_batch=330/392 running_loss=0.040582
2026-08-19 18:39:25 | INFO | epoch=044 train_batch=340/392 running_loss=0.040659
2026-08-19 18:39:25 | INFO | epoch=044 train_batch=350/392 running_loss=0.040707
2026-08-19 18:39:25 | INFO | epoch=044 train_batch=360/392 running_loss=0.040681
2026-08-19 18:39:26 | INFO | epoch=044 train_batch=370/392 running_loss=0.040770
2026-08-19 18:39:26 | INFO | epoch=044 train_batch=380/392 running_loss=0.040839
2026-08-19 18:39:26 | INFO | epoch=044 train_batch=390/392 running_loss=0.040889
2026-08-19 18:39:26 | INFO | epoch=044 train_batch=392/392 running_loss=0.040914
2026-08-19 18:39:27 | INFO | epoch=044 train_loss=0.040914 validation_loss=0.260936
2026-08-19 18:39:27 | INFO | epoch=045 train_batch=10/392 running_loss=0.040662
2026-08-19 18:39:27 | INFO | epoch=045 train_batch=20/392 running_loss=0.039645
2026-08-19 18:39:28 | INFO | epoch=045 train_batch=30/392 running_loss=0.039993
2026-08-19 18:39:28 | INFO | epoch=045 train_batch=40/392 running_loss=0.040326
2026-08-19 18:39:28 | INFO | epoch=045 train_batch=50/392 running_loss=0.040366
2026-08-19 18:39:28 | INFO | epoch=045 train_batch=60/392 running_loss=0.039958
2026-08-19 18:39:28 | INFO | epoch=045 train_batch=70/392 running_loss=0.040033
2026-08-19 18:39:29 | INFO | epoch=045 train_batch=80/392 running_loss=0.040269
2026-08-19 18:39:29 | INFO | epoch=045 train_batch=90/392 running_loss=0.039924
2026-08-19 18:39:29 | INFO | epoch=045 train_batch=100/392 running_loss=0.039987
2026-08-19 18:39:29 | INFO | epoch=045 train_batch=110/392 running_loss=0.040177
2026-08-19 18:39:30 | INFO | epoch=045 train_batch=120/392 running_loss=0.040079
2026-08-19 18:39:30 | INFO | epoch=045 train_batch=130/392 running_loss=0.040387
2026-08-19 18:39:30 | INFO | epoch=045 train_batch=140/392 running_loss=0.040421
2026-08-19 18:39:30 | INFO | epoch=045 train_batch=150/392 running_loss=0.040347
2026-08-19 18:39:31 | INFO | epoch=045 train_batch=160/392 running_loss=0.040324
2026-08-19 18:39:31 | INFO | epoch=045 train_batch=170/392 running_loss=0.040333
2026-08-19 18:39:31 | INFO | epoch=045 train_batch=180/392 running_loss=0.040348
2026-08-19 18:39:31 | INFO | epoch=045 train_batch=190/392 running_loss=0.040421
2026-08-19 18:39:32 | INFO | epoch=045 train_batch=200/392 running_loss=0.040426
2026-08-19 18:39:32 | INFO | epoch=045 train_batch=210/392 running_loss=0.040448
2026-08-19 18:39:32 | INFO | epoch=045 train_batch=220/392 running_loss=0.040567
2026-08-19 18:39:32 | INFO | epoch=045 train_batch=230/392 running_loss=0.040663
2026-08-19 18:39:32 | INFO | epoch=045 train_batch=240/392 running_loss=0.040767
2026-08-19 18:39:33 | INFO | epoch=045 train_batch=250/392 running_loss=0.040627
2026-08-19 18:39:33 | INFO | epoch=045 train_batch=260/392 running_loss=0.040632
2026-08-19 18:39:33 | INFO | epoch=045 train_batch=270/392 running_loss=0.040589
2026-08-19 18:39:33 | INFO | epoch=045 train_batch=280/392 running_loss=0.040514
2026-08-19 18:39:34 | INFO | epoch=045 train_batch=290/392 running_loss=0.040587
2026-08-19 18:39:34 | INFO | epoch=045 train_batch=300/392 running_loss=0.040601
2026-08-19 18:39:34 | INFO | epoch=045 train_batch=310/392 running_loss=0.040601
2026-08-19 18:39:34 | INFO | epoch=045 train_batch=320/392 running_loss=0.040644
2026-08-19 18:39:35 | INFO | epoch=045 train_batch=330/392 running_loss=0.040626
2026-08-19 18:39:35 | INFO | epoch=045 train_batch=340/392 running_loss=0.040808
2026-08-19 18:39:35 | INFO | epoch=045 train_batch=350/392 running_loss=0.040804
2026-08-19 18:39:35 | INFO | epoch=045 train_batch=360/392 running_loss=0.040903
2026-08-19 18:39:35 | INFO | epoch=045 train_batch=370/392 running_loss=0.040921
2026-08-19 18:39:36 | INFO | epoch=045 train_batch=380/392 running_loss=0.041001
2026-08-19 18:39:36 | INFO | epoch=045 train_batch=390/392 running_loss=0.041049
2026-08-19 18:39:36 | INFO | epoch=045 train_batch=392/392 running_loss=0.041010
2026-08-19 18:39:37 | INFO | epoch=045 train_loss=0.041010 validation_loss=0.259557
2026-08-19 18:39:37 | INFO | epoch=046 train_batch=10/392 running_loss=0.042622
2026-08-19 18:39:37 | INFO | epoch=046 train_batch=20/392 running_loss=0.042740
2026-08-19 18:39:37 | INFO | epoch=046 train_batch=30/392 running_loss=0.042078
2026-08-19 18:39:38 | INFO | epoch=046 train_batch=40/392 running_loss=0.040858
2026-08-19 18:39:38 | INFO | epoch=046 train_batch=50/392 running_loss=0.040752
2026-08-19 18:39:38 | INFO | epoch=046 train_batch=60/392 running_loss=0.040828
2026-08-19 18:39:38 | INFO | epoch=046 train_batch=70/392 running_loss=0.040449
2026-08-19 18:39:39 | INFO | epoch=046 train_batch=80/392 running_loss=0.039965
2026-08-19 18:39:39 | INFO | epoch=046 train_batch=90/392 running_loss=0.039765
2026-08-19 18:39:39 | INFO | epoch=046 train_batch=100/392 running_loss=0.039737
2026-08-19 18:39:39 | INFO | epoch=046 train_batch=110/392 running_loss=0.039389
2026-08-19 18:39:40 | INFO | epoch=046 train_batch=120/392 running_loss=0.039607
2026-08-19 18:39:40 | INFO | epoch=046 train_batch=130/392 running_loss=0.039727
2026-08-19 18:39:40 | INFO | epoch=046 train_batch=140/392 running_loss=0.039783
2026-08-19 18:39:40 | INFO | epoch=046 train_batch=150/392 running_loss=0.039809
2026-08-19 18:39:41 | INFO | epoch=046 train_batch=160/392 running_loss=0.039935
2026-08-19 18:39:41 | INFO | epoch=046 train_batch=170/392 running_loss=0.039862
2026-08-19 18:39:41 | INFO | epoch=046 train_batch=180/392 running_loss=0.039916
2026-08-19 18:39:41 | INFO | epoch=046 train_batch=190/392 running_loss=0.040099
2026-08-19 18:39:41 | INFO | epoch=046 train_batch=200/392 running_loss=0.040092
2026-08-19 18:39:42 | INFO | epoch=046 train_batch=210/392 running_loss=0.040098
2026-08-19 18:39:42 | INFO | epoch=046 train_batch=220/392 running_loss=0.040221
2026-08-19 18:39:42 | INFO | epoch=046 train_batch=230/392 running_loss=0.040381
2026-08-19 18:39:42 | INFO | epoch=046 train_batch=240/392 running_loss=0.040523
2026-08-19 18:39:43 | INFO | epoch=046 train_batch=250/392 running_loss=0.040491
2026-08-19 18:39:43 | INFO | epoch=046 train_batch=260/392 running_loss=0.040528
2026-08-19 18:39:43 | INFO | epoch=046 train_batch=270/392 running_loss=0.040601
2026-08-19 18:39:43 | INFO | epoch=046 train_batch=280/392 running_loss=0.040487
2026-08-19 18:39:44 | INFO | epoch=046 train_batch=290/392 running_loss=0.040568
2026-08-19 18:39:44 | INFO | epoch=046 train_batch=300/392 running_loss=0.040603
2026-08-19 18:39:44 | INFO | epoch=046 train_batch=310/392 running_loss=0.040677
2026-08-19 18:39:44 | INFO | epoch=046 train_batch=320/392 running_loss=0.040757
2026-08-19 18:39:45 | INFO | epoch=046 train_batch=330/392 running_loss=0.040767
2026-08-19 18:39:45 | INFO | epoch=046 train_batch=340/392 running_loss=0.040854
2026-08-19 18:39:45 | INFO | epoch=046 train_batch=350/392 running_loss=0.040861
2026-08-19 18:39:45 | INFO | epoch=046 train_batch=360/392 running_loss=0.040766
2026-08-19 18:39:45 | INFO | epoch=046 train_batch=370/392 running_loss=0.040779
2026-08-19 18:39:46 | INFO | epoch=046 train_batch=380/392 running_loss=0.040780
2026-08-19 18:39:46 | INFO | epoch=046 train_batch=390/392 running_loss=0.040678
2026-08-19 18:39:46 | INFO | epoch=046 train_batch=392/392 running_loss=0.040672
2026-08-19 18:39:47 | INFO | epoch=046 train_loss=0.040672 validation_loss=0.258874
2026-08-19 18:39:47 | INFO | epoch=047 train_batch=10/392 running_loss=0.041390
2026-08-19 18:39:47 | INFO | epoch=047 train_batch=20/392 running_loss=0.041312
2026-08-19 18:39:47 | INFO | epoch=047 train_batch=30/392 running_loss=0.040295
2026-08-19 18:39:48 | INFO | epoch=047 train_batch=40/392 running_loss=0.040636
2026-08-19 18:39:48 | INFO | epoch=047 train_batch=50/392 running_loss=0.041148
2026-08-19 18:39:48 | INFO | epoch=047 train_batch=60/392 running_loss=0.041414
2026-08-19 18:39:48 | INFO | epoch=047 train_batch=70/392 running_loss=0.041377
2026-08-19 18:39:49 | INFO | epoch=047 train_batch=80/392 running_loss=0.040989
2026-08-19 18:39:49 | INFO | epoch=047 train_batch=90/392 running_loss=0.040707
2026-08-19 18:39:49 | INFO | epoch=047 train_batch=100/392 running_loss=0.040720
2026-08-19 18:39:49 | INFO | epoch=047 train_batch=110/392 running_loss=0.041181
2026-08-19 18:39:50 | INFO | epoch=047 train_batch=120/392 running_loss=0.041092
2026-08-19 18:39:50 | INFO | epoch=047 train_batch=130/392 running_loss=0.041073
2026-08-19 18:39:50 | INFO | epoch=047 train_batch=140/392 running_loss=0.040879
2026-08-19 18:39:50 | INFO | epoch=047 train_batch=150/392 running_loss=0.040894
2026-08-19 18:39:50 | INFO | epoch=047 train_batch=160/392 running_loss=0.040899
2026-08-19 18:39:51 | INFO | epoch=047 train_batch=170/392 running_loss=0.040750
2026-08-19 18:39:51 | INFO | epoch=047 train_batch=180/392 running_loss=0.040871
2026-08-19 18:39:51 | INFO | epoch=047 train_batch=190/392 running_loss=0.040761
2026-08-19 18:39:51 | INFO | epoch=047 train_batch=200/392 running_loss=0.040687
2026-08-19 18:39:52 | INFO | epoch=047 train_batch=210/392 running_loss=0.040616
2026-08-19 18:39:52 | INFO | epoch=047 train_batch=220/392 running_loss=0.040602
2026-08-19 18:39:52 | INFO | epoch=047 train_batch=230/392 running_loss=0.040689
2026-08-19 18:39:52 | INFO | epoch=047 train_batch=240/392 running_loss=0.040760
2026-08-19 18:39:53 | INFO | epoch=047 train_batch=250/392 running_loss=0.040779
2026-08-19 18:39:53 | INFO | epoch=047 train_batch=260/392 running_loss=0.040759
2026-08-19 18:39:53 | INFO | epoch=047 train_batch=270/392 running_loss=0.040670
2026-08-19 18:39:53 | INFO | epoch=047 train_batch=280/392 running_loss=0.040607
2026-08-19 18:39:54 | INFO | epoch=047 train_batch=290/392 running_loss=0.040730
2026-08-19 18:39:54 | INFO | epoch=047 train_batch=300/392 running_loss=0.040695
2026-08-19 18:39:54 | INFO | epoch=047 train_batch=310/392 running_loss=0.040716
2026-08-19 18:39:54 | INFO | epoch=047 train_batch=320/392 running_loss=0.040615
2026-08-19 18:39:54 | INFO | epoch=047 train_batch=330/392 running_loss=0.040687
2026-08-19 18:39:55 | INFO | epoch=047 train_batch=340/392 running_loss=0.040624
2026-08-19 18:39:55 | INFO | epoch=047 train_batch=350/392 running_loss=0.040541
2026-08-19 18:39:55 | INFO | epoch=047 train_batch=360/392 running_loss=0.040490
2026-08-19 18:39:55 | INFO | epoch=047 train_batch=370/392 running_loss=0.040440
2026-08-19 18:39:56 | INFO | epoch=047 train_batch=380/392 running_loss=0.040437
2026-08-19 18:39:56 | INFO | epoch=047 train_batch=390/392 running_loss=0.040455
2026-08-19 18:39:56 | INFO | epoch=047 train_batch=392/392 running_loss=0.040429
2026-08-19 18:39:57 | INFO | epoch=047 train_loss=0.040429 validation_loss=0.266345
2026-08-19 18:39:57 | INFO | epoch=048 train_batch=10/392 running_loss=0.038480
2026-08-19 18:39:57 | INFO | epoch=048 train_batch=20/392 running_loss=0.039447
2026-08-19 18:39:57 | INFO | epoch=048 train_batch=30/392 running_loss=0.040319
2026-08-19 18:39:58 | INFO | epoch=048 train_batch=40/392 running_loss=0.039627
2026-08-19 18:39:58 | INFO | epoch=048 train_batch=50/392 running_loss=0.039977
2026-08-19 18:39:58 | INFO | epoch=048 train_batch=60/392 running_loss=0.039793
2026-08-19 18:39:58 | INFO | epoch=048 train_batch=70/392 running_loss=0.039410
2026-08-19 18:39:59 | INFO | epoch=048 train_batch=80/392 running_loss=0.039401
2026-08-19 18:39:59 | INFO | epoch=048 train_batch=90/392 running_loss=0.039243
2026-08-19 18:39:59 | INFO | epoch=048 train_batch=100/392 running_loss=0.039335
2026-08-19 18:39:59 | INFO | epoch=048 train_batch=110/392 running_loss=0.039489
2026-08-19 18:39:59 | INFO | epoch=048 train_batch=120/392 running_loss=0.039270
2026-08-19 18:40:00 | INFO | epoch=048 train_batch=130/392 running_loss=0.039463
2026-08-19 18:40:00 | INFO | epoch=048 train_batch=140/392 running_loss=0.039578
2026-08-19 18:40:00 | INFO | epoch=048 train_batch=150/392 running_loss=0.039751
2026-08-19 18:40:00 | INFO | epoch=048 train_batch=160/392 running_loss=0.039895
2026-08-19 18:40:01 | INFO | epoch=048 train_batch=170/392 running_loss=0.040100
2026-08-19 18:40:01 | INFO | epoch=048 train_batch=180/392 running_loss=0.040127
2026-08-19 18:40:01 | INFO | epoch=048 train_batch=190/392 running_loss=0.040032
2026-08-19 18:40:01 | INFO | epoch=048 train_batch=200/392 running_loss=0.039877
2026-08-19 18:40:02 | INFO | epoch=048 train_batch=210/392 running_loss=0.039959
2026-08-19 18:40:02 | INFO | epoch=048 train_batch=220/392 running_loss=0.039882
2026-08-19 18:40:02 | INFO | epoch=048 train_batch=230/392 running_loss=0.039973
2026-08-19 18:40:02 | INFO | epoch=048 train_batch=240/392 running_loss=0.040137
2026-08-19 18:40:03 | INFO | epoch=048 train_batch=250/392 running_loss=0.040133
2026-08-19 18:40:03 | INFO | epoch=048 train_batch=260/392 running_loss=0.040114
2026-08-19 18:40:03 | INFO | epoch=048 train_batch=270/392 running_loss=0.040165
2026-08-19 18:40:03 | INFO | epoch=048 train_batch=280/392 running_loss=0.040315
2026-08-19 18:40:03 | INFO | epoch=048 train_batch=290/392 running_loss=0.040268
2026-08-19 18:40:04 | INFO | epoch=048 train_batch=300/392 running_loss=0.040263
2026-08-19 18:40:04 | INFO | epoch=048 train_batch=310/392 running_loss=0.040222
2026-08-19 18:40:04 | INFO | epoch=048 train_batch=320/392 running_loss=0.040225
2026-08-19 18:40:04 | INFO | epoch=048 train_batch=330/392 running_loss=0.040231
2026-08-19 18:40:05 | INFO | epoch=048 train_batch=340/392 running_loss=0.040274
2026-08-19 18:40:05 | INFO | epoch=048 train_batch=350/392 running_loss=0.040239
2026-08-19 18:40:05 | INFO | epoch=048 train_batch=360/392 running_loss=0.040313
2026-08-19 18:40:05 | INFO | epoch=048 train_batch=370/392 running_loss=0.040191
2026-08-19 18:40:06 | INFO | epoch=048 train_batch=380/392 running_loss=0.040177
2026-08-19 18:40:06 | INFO | epoch=048 train_batch=390/392 running_loss=0.040253
2026-08-19 18:40:06 | INFO | epoch=048 train_batch=392/392 running_loss=0.040251
2026-08-19 18:40:06 | INFO | epoch=048 train_loss=0.040251 validation_loss=0.257620
2026-08-19 18:40:07 | INFO | epoch=049 train_batch=10/392 running_loss=0.040417
2026-08-19 18:40:07 | INFO | epoch=049 train_batch=20/392 running_loss=0.042273
2026-08-19 18:40:07 | INFO | epoch=049 train_batch=30/392 running_loss=0.041685
2026-08-19 18:40:07 | INFO | epoch=049 train_batch=40/392 running_loss=0.042757
2026-08-19 18:40:08 | INFO | epoch=049 train_batch=50/392 running_loss=0.041877
2026-08-19 18:40:08 | INFO | epoch=049 train_batch=60/392 running_loss=0.041301
2026-08-19 18:40:08 | INFO | epoch=049 train_batch=70/392 running_loss=0.041112
2026-08-19 18:40:08 | INFO | epoch=049 train_batch=80/392 running_loss=0.040604
2026-08-19 18:40:09 | INFO | epoch=049 train_batch=90/392 running_loss=0.040166
2026-08-19 18:40:09 | INFO | epoch=049 train_batch=100/392 running_loss=0.040112
2026-08-19 18:40:09 | INFO | epoch=049 train_batch=110/392 running_loss=0.040063
2026-08-19 18:40:09 | INFO | epoch=049 train_batch=120/392 running_loss=0.040052
2026-08-19 18:40:10 | INFO | epoch=049 train_batch=130/392 running_loss=0.040367
2026-08-19 18:40:10 | INFO | epoch=049 train_batch=140/392 running_loss=0.040184
2026-08-19 18:40:10 | INFO | epoch=049 train_batch=150/392 running_loss=0.039922
2026-08-19 18:40:10 | INFO | epoch=049 train_batch=160/392 running_loss=0.039901
2026-08-19 18:40:10 | INFO | epoch=049 train_batch=170/392 running_loss=0.039836
2026-08-19 18:40:11 | INFO | epoch=049 train_batch=180/392 running_loss=0.039862
2026-08-19 18:40:11 | INFO | epoch=049 train_batch=190/392 running_loss=0.039872
2026-08-19 18:40:11 | INFO | epoch=049 train_batch=200/392 running_loss=0.039924
2026-08-19 18:40:11 | INFO | epoch=049 train_batch=210/392 running_loss=0.039835
2026-08-19 18:40:12 | INFO | epoch=049 train_batch=220/392 running_loss=0.039794
2026-08-19 18:40:12 | INFO | epoch=049 train_batch=230/392 running_loss=0.039777
2026-08-19 18:40:12 | INFO | epoch=049 train_batch=240/392 running_loss=0.039697
2026-08-19 18:40:12 | INFO | epoch=049 train_batch=250/392 running_loss=0.039620
2026-08-19 18:40:13 | INFO | epoch=049 train_batch=260/392 running_loss=0.039639
2026-08-19 18:40:13 | INFO | epoch=049 train_batch=270/392 running_loss=0.039557
2026-08-19 18:40:13 | INFO | epoch=049 train_batch=280/392 running_loss=0.039533
2026-08-19 18:40:13 | INFO | epoch=049 train_batch=290/392 running_loss=0.039564
2026-08-19 18:40:13 | INFO | epoch=049 train_batch=300/392 running_loss=0.039546
2026-08-19 18:40:14 | INFO | epoch=049 train_batch=310/392 running_loss=0.039598
2026-08-19 18:40:14 | INFO | epoch=049 train_batch=320/392 running_loss=0.039676
2026-08-19 18:40:14 | INFO | epoch=049 train_batch=330/392 running_loss=0.039637
2026-08-19 18:40:14 | INFO | epoch=049 train_batch=340/392 running_loss=0.039868
2026-08-19 18:40:15 | INFO | epoch=049 train_batch=350/392 running_loss=0.039798
2026-08-19 18:40:15 | INFO | epoch=049 train_batch=360/392 running_loss=0.039825
2026-08-19 18:40:15 | INFO | epoch=049 train_batch=370/392 running_loss=0.039884
2026-08-19 18:40:15 | INFO | epoch=049 train_batch=380/392 running_loss=0.039878
2026-08-19 18:40:16 | INFO | epoch=049 train_batch=390/392 running_loss=0.039941
2026-08-19 18:40:16 | INFO | epoch=049 train_batch=392/392 running_loss=0.039925
2026-08-19 18:40:16 | INFO | epoch=049 train_loss=0.039925 validation_loss=0.262513
2026-08-19 18:40:17 | INFO | epoch=050 train_batch=10/392 running_loss=0.037611
2026-08-19 18:40:17 | INFO | epoch=050 train_batch=20/392 running_loss=0.038152
2026-08-19 18:40:17 | INFO | epoch=050 train_batch=30/392 running_loss=0.039065
2026-08-19 18:40:17 | INFO | epoch=050 train_batch=40/392 running_loss=0.039126
2026-08-19 18:40:18 | INFO | epoch=050 train_batch=50/392 running_loss=0.038437
2026-08-19 18:40:18 | INFO | epoch=050 train_batch=60/392 running_loss=0.038731
2026-08-19 18:40:18 | INFO | epoch=050 train_batch=70/392 running_loss=0.038413
2026-08-19 18:40:18 | INFO | epoch=050 train_batch=80/392 running_loss=0.038581
2026-08-19 18:40:18 | INFO | epoch=050 train_batch=90/392 running_loss=0.038677
2026-08-19 18:40:19 | INFO | epoch=050 train_batch=100/392 running_loss=0.038751
2026-08-19 18:40:19 | INFO | epoch=050 train_batch=110/392 running_loss=0.038942
2026-08-19 18:40:19 | INFO | epoch=050 train_batch=120/392 running_loss=0.039138
2026-08-19 18:40:19 | INFO | epoch=050 train_batch=130/392 running_loss=0.039164
2026-08-19 18:40:20 | INFO | epoch=050 train_batch=140/392 running_loss=0.039359
2026-08-19 18:40:20 | INFO | epoch=050 train_batch=150/392 running_loss=0.039391
2026-08-19 18:40:20 | INFO | epoch=050 train_batch=160/392 running_loss=0.039230
2026-08-19 18:40:20 | INFO | epoch=050 train_batch=170/392 running_loss=0.039240
2026-08-19 18:40:21 | INFO | epoch=050 train_batch=180/392 running_loss=0.039211
2026-08-19 18:40:21 | INFO | epoch=050 train_batch=190/392 running_loss=0.039211
2026-08-19 18:40:21 | INFO | epoch=050 train_batch=200/392 running_loss=0.039456
2026-08-19 18:40:21 | INFO | epoch=050 train_batch=210/392 running_loss=0.039538
2026-08-19 18:40:21 | INFO | epoch=050 train_batch=220/392 running_loss=0.039628
2026-08-19 18:40:22 | INFO | epoch=050 train_batch=230/392 running_loss=0.039881
2026-08-19 18:40:22 | INFO | epoch=050 train_batch=240/392 running_loss=0.039795
2026-08-19 18:40:22 | INFO | epoch=050 train_batch=250/392 running_loss=0.039953
2026-08-19 18:40:22 | INFO | epoch=050 train_batch=260/392 running_loss=0.040035
2026-08-19 18:40:23 | INFO | epoch=050 train_batch=270/392 running_loss=0.039962
2026-08-19 18:40:23 | INFO | epoch=050 train_batch=280/392 running_loss=0.040013
2026-08-19 18:40:23 | INFO | epoch=050 train_batch=290/392 running_loss=0.039996
2026-08-19 18:40:23 | INFO | epoch=050 train_batch=300/392 running_loss=0.040049
2026-08-19 18:40:24 | INFO | epoch=050 train_batch=310/392 running_loss=0.039976
2026-08-19 18:40:24 | INFO | epoch=050 train_batch=320/392 running_loss=0.040030
2026-08-19 18:40:24 | INFO | epoch=050 train_batch=330/392 running_loss=0.039995
2026-08-19 18:40:24 | INFO | epoch=050 train_batch=340/392 running_loss=0.039972
2026-08-19 18:40:25 | INFO | epoch=050 train_batch=350/392 running_loss=0.040031
2026-08-19 18:40:25 | INFO | epoch=050 train_batch=360/392 running_loss=0.039995
2026-08-19 18:40:25 | INFO | epoch=050 train_batch=370/392 running_loss=0.039945
2026-08-19 18:40:25 | INFO | epoch=050 train_batch=380/392 running_loss=0.040019
2026-08-19 18:40:26 | INFO | epoch=050 train_batch=390/392 running_loss=0.040026
2026-08-19 18:40:26 | INFO | epoch=050 train_batch=392/392 running_loss=0.040035
2026-08-19 18:40:26 | INFO | epoch=050 train_loss=0.040035 validation_loss=0.254960
2026-08-19 18:40:27 | INFO | epoch=050 saved new best.pt
2026-08-19 18:40:27 | INFO | epoch=051 train_batch=10/392 running_loss=0.041371
2026-08-19 18:40:27 | INFO | epoch=051 train_batch=20/392 running_loss=0.040873
2026-08-19 18:40:27 | INFO | epoch=051 train_batch=30/392 running_loss=0.041474
2026-08-19 18:40:27 | INFO | epoch=051 train_batch=40/392 running_loss=0.041027
2026-08-19 18:40:28 | INFO | epoch=051 train_batch=50/392 running_loss=0.040716
2026-08-19 18:40:28 | INFO | epoch=051 train_batch=60/392 running_loss=0.040295
2026-08-19 18:40:28 | INFO | epoch=051 train_batch=70/392 running_loss=0.040163
2026-08-19 18:40:28 | INFO | epoch=051 train_batch=80/392 running_loss=0.039998
2026-08-19 18:40:29 | INFO | epoch=051 train_batch=90/392 running_loss=0.039980
2026-08-19 18:40:29 | INFO | epoch=051 train_batch=100/392 running_loss=0.039759
2026-08-19 18:40:29 | INFO | epoch=051 train_batch=110/392 running_loss=0.039769
2026-08-19 18:40:29 | INFO | epoch=051 train_batch=120/392 running_loss=0.039531
2026-08-19 18:40:30 | INFO | epoch=051 train_batch=130/392 running_loss=0.039202
2026-08-19 18:40:30 | INFO | epoch=051 train_batch=140/392 running_loss=0.039139
2026-08-19 18:40:30 | INFO | epoch=051 train_batch=150/392 running_loss=0.039275
2026-08-19 18:40:30 | INFO | epoch=051 train_batch=160/392 running_loss=0.039152
2026-08-19 18:40:31 | INFO | epoch=051 train_batch=170/392 running_loss=0.039204
2026-08-19 18:40:31 | INFO | epoch=051 train_batch=180/392 running_loss=0.039483
2026-08-19 18:40:31 | INFO | epoch=051 train_batch=190/392 running_loss=0.039463
2026-08-19 18:40:31 | INFO | epoch=051 train_batch=200/392 running_loss=0.039395
2026-08-19 18:40:32 | INFO | epoch=051 train_batch=210/392 running_loss=0.039472
2026-08-19 18:40:32 | INFO | epoch=051 train_batch=220/392 running_loss=0.039468
2026-08-19 18:40:32 | INFO | epoch=051 train_batch=230/392 running_loss=0.039598
2026-08-19 18:40:32 | INFO | epoch=051 train_batch=240/392 running_loss=0.039580
2026-08-19 18:40:33 | INFO | epoch=051 train_batch=250/392 running_loss=0.039691
2026-08-19 18:40:33 | INFO | epoch=051 train_batch=260/392 running_loss=0.039602
2026-08-19 18:40:33 | INFO | epoch=051 train_batch=270/392 running_loss=0.039572
2026-08-19 18:40:33 | INFO | epoch=051 train_batch=280/392 running_loss=0.039705
2026-08-19 18:40:34 | INFO | epoch=051 train_batch=290/392 running_loss=0.039645
2026-08-19 18:40:34 | INFO | epoch=051 train_batch=300/392 running_loss=0.039664
2026-08-19 18:40:34 | INFO | epoch=051 train_batch=310/392 running_loss=0.039737
2026-08-19 18:40:34 | INFO | epoch=051 train_batch=320/392 running_loss=0.039705
2026-08-19 18:40:35 | INFO | epoch=051 train_batch=330/392 running_loss=0.039713
2026-08-19 18:40:35 | INFO | epoch=051 train_batch=340/392 running_loss=0.039700
2026-08-19 18:40:35 | INFO | epoch=051 train_batch=350/392 running_loss=0.039631
2026-08-19 18:40:35 | INFO | epoch=051 train_batch=360/392 running_loss=0.039645
2026-08-19 18:40:36 | INFO | epoch=051 train_batch=370/392 running_loss=0.039589
2026-08-19 18:40:36 | INFO | epoch=051 train_batch=380/392 running_loss=0.039636
2026-08-19 18:40:36 | INFO | epoch=051 train_batch=390/392 running_loss=0.039712
2026-08-19 18:40:36 | INFO | epoch=051 train_batch=392/392 running_loss=0.039721
2026-08-19 18:40:37 | INFO | epoch=051 train_loss=0.039721 validation_loss=0.262572
2026-08-19 18:40:37 | INFO | epoch=052 train_batch=10/392 running_loss=0.039831
2026-08-19 18:40:37 | INFO | epoch=052 train_batch=20/392 running_loss=0.039469
2026-08-19 18:40:38 | INFO | epoch=052 train_batch=30/392 running_loss=0.039490
2026-08-19 18:40:38 | INFO | epoch=052 train_batch=40/392 running_loss=0.039212
2026-08-19 18:40:38 | INFO | epoch=052 train_batch=50/392 running_loss=0.039675
2026-08-19 18:40:38 | INFO | epoch=052 train_batch=60/392 running_loss=0.039974
2026-08-19 18:40:39 | INFO | epoch=052 train_batch=70/392 running_loss=0.040213
2026-08-19 18:40:39 | INFO | epoch=052 train_batch=80/392 running_loss=0.040348
2026-08-19 18:40:39 | INFO | epoch=052 train_batch=90/392 running_loss=0.040174
2026-08-19 18:40:39 | INFO | epoch=052 train_batch=100/392 running_loss=0.039812
2026-08-19 18:40:40 | INFO | epoch=052 train_batch=110/392 running_loss=0.039984
2026-08-19 18:40:40 | INFO | epoch=052 train_batch=120/392 running_loss=0.039568
2026-08-19 18:40:40 | INFO | epoch=052 train_batch=130/392 running_loss=0.039372
2026-08-19 18:40:40 | INFO | epoch=052 train_batch=140/392 running_loss=0.039232
2026-08-19 18:40:41 | INFO | epoch=052 train_batch=150/392 running_loss=0.039431
2026-08-19 18:40:41 | INFO | epoch=052 train_batch=160/392 running_loss=0.039336
2026-08-19 18:40:41 | INFO | epoch=052 train_batch=170/392 running_loss=0.039363
2026-08-19 18:40:41 | INFO | epoch=052 train_batch=180/392 running_loss=0.039379
2026-08-19 18:40:42 | INFO | epoch=052 train_batch=190/392 running_loss=0.039311
2026-08-19 18:40:42 | INFO | epoch=052 train_batch=200/392 running_loss=0.039273
2026-08-19 18:40:42 | INFO | epoch=052 train_batch=210/392 running_loss=0.039315
2026-08-19 18:40:42 | INFO | epoch=052 train_batch=220/392 running_loss=0.039257
2026-08-19 18:40:43 | INFO | epoch=052 train_batch=230/392 running_loss=0.039294
2026-08-19 18:40:43 | INFO | epoch=052 train_batch=240/392 running_loss=0.039194
2026-08-19 18:40:43 | INFO | epoch=052 train_batch=250/392 running_loss=0.039267
2026-08-19 18:40:43 | INFO | epoch=052 train_batch=260/392 running_loss=0.039535
2026-08-19 18:40:44 | INFO | epoch=052 train_batch=270/392 running_loss=0.039656
2026-08-19 18:40:44 | INFO | epoch=052 train_batch=280/392 running_loss=0.039667
2026-08-19 18:40:44 | INFO | epoch=052 train_batch=290/392 running_loss=0.039790
2026-08-19 18:40:44 | INFO | epoch=052 train_batch=300/392 running_loss=0.039813
2026-08-19 18:40:45 | INFO | epoch=052 train_batch=310/392 running_loss=0.039864
2026-08-19 18:40:45 | INFO | epoch=052 train_batch=320/392 running_loss=0.039920
2026-08-19 18:40:45 | INFO | epoch=052 train_batch=330/392 running_loss=0.040014
2026-08-19 18:40:45 | INFO | epoch=052 train_batch=340/392 running_loss=0.040021
2026-08-19 18:40:46 | INFO | epoch=052 train_batch=350/392 running_loss=0.040022
2026-08-19 18:40:46 | INFO | epoch=052 train_batch=360/392 running_loss=0.039965
2026-08-19 18:40:46 | INFO | epoch=052 train_batch=370/392 running_loss=0.039834
2026-08-19 18:40:46 | INFO | epoch=052 train_batch=380/392 running_loss=0.039798
2026-08-19 18:40:47 | INFO | epoch=052 train_batch=390/392 running_loss=0.039743
2026-08-19 18:40:47 | INFO | epoch=052 train_batch=392/392 running_loss=0.039750
2026-08-19 18:40:47 | INFO | epoch=052 train_loss=0.039750 validation_loss=0.257221
2026-08-19 18:40:48 | INFO | epoch=053 train_batch=10/392 running_loss=0.036572
2026-08-19 18:40:48 | INFO | epoch=053 train_batch=20/392 running_loss=0.036714
2026-08-19 18:40:48 | INFO | epoch=053 train_batch=30/392 running_loss=0.037514
2026-08-19 18:40:48 | INFO | epoch=053 train_batch=40/392 running_loss=0.037893
2026-08-19 18:40:49 | INFO | epoch=053 train_batch=50/392 running_loss=0.038110
2026-08-19 18:40:49 | INFO | epoch=053 train_batch=60/392 running_loss=0.037612
2026-08-19 18:40:49 | INFO | epoch=053 train_batch=70/392 running_loss=0.037861
2026-08-19 18:40:49 | INFO | epoch=053 train_batch=80/392 running_loss=0.037966
2026-08-19 18:40:50 | INFO | epoch=053 train_batch=90/392 running_loss=0.038071
2026-08-19 18:40:50 | INFO | epoch=053 train_batch=100/392 running_loss=0.038208
2026-08-19 18:40:50 | INFO | epoch=053 train_batch=110/392 running_loss=0.038127
2026-08-19 18:40:50 | INFO | epoch=053 train_batch=120/392 running_loss=0.038278
2026-08-19 18:40:51 | INFO | epoch=053 train_batch=130/392 running_loss=0.038381
2026-08-19 18:40:51 | INFO | epoch=053 train_batch=140/392 running_loss=0.038605
2026-08-19 18:40:51 | INFO | epoch=053 train_batch=150/392 running_loss=0.038908
2026-08-19 18:40:51 | INFO | epoch=053 train_batch=160/392 running_loss=0.038903
2026-08-19 18:40:52 | INFO | epoch=053 train_batch=170/392 running_loss=0.038766
2026-08-19 18:40:52 | INFO | epoch=053 train_batch=180/392 running_loss=0.038747
2026-08-19 18:40:52 | INFO | epoch=053 train_batch=190/392 running_loss=0.038896
2026-08-19 18:40:52 | INFO | epoch=053 train_batch=200/392 running_loss=0.039139
2026-08-19 18:40:53 | INFO | epoch=053 train_batch=210/392 running_loss=0.039293
2026-08-19 18:40:53 | INFO | epoch=053 train_batch=220/392 running_loss=0.039256
2026-08-19 18:40:53 | INFO | epoch=053 train_batch=230/392 running_loss=0.039419
2026-08-19 18:40:53 | INFO | epoch=053 train_batch=240/392 running_loss=0.039518
2026-08-19 18:40:54 | INFO | epoch=053 train_batch=250/392 running_loss=0.039465
2026-08-19 18:40:54 | INFO | epoch=053 train_batch=260/392 running_loss=0.039320
2026-08-19 18:40:54 | INFO | epoch=053 train_batch=270/392 running_loss=0.039486
2026-08-19 18:40:54 | INFO | epoch=053 train_batch=280/392 running_loss=0.039439
2026-08-19 18:40:55 | INFO | epoch=053 train_batch=290/392 running_loss=0.039557
2026-08-19 18:40:55 | INFO | epoch=053 train_batch=300/392 running_loss=0.039463
2026-08-19 18:40:55 | INFO | epoch=053 train_batch=310/392 running_loss=0.039382
2026-08-19 18:40:55 | INFO | epoch=053 train_batch=320/392 running_loss=0.039325
2026-08-19 18:40:56 | INFO | epoch=053 train_batch=330/392 running_loss=0.039382
2026-08-19 18:40:56 | INFO | epoch=053 train_batch=340/392 running_loss=0.039352
2026-08-19 18:40:56 | INFO | epoch=053 train_batch=350/392 running_loss=0.039448
2026-08-19 18:40:56 | INFO | epoch=053 train_batch=360/392 running_loss=0.039400
2026-08-19 18:40:56 | INFO | epoch=053 train_batch=370/392 running_loss=0.039362
2026-08-19 18:40:57 | INFO | epoch=053 train_batch=380/392 running_loss=0.039362
2026-08-19 18:40:57 | INFO | epoch=053 train_batch=390/392 running_loss=0.039472
2026-08-19 18:40:57 | INFO | epoch=053 train_batch=392/392 running_loss=0.039441
2026-08-19 18:40:58 | INFO | epoch=053 train_loss=0.039441 validation_loss=0.262368
2026-08-19 18:40:58 | INFO | epoch=054 train_batch=10/392 running_loss=0.038216
2026-08-19 18:40:58 | INFO | epoch=054 train_batch=20/392 running_loss=0.038771
2026-08-19 18:40:59 | INFO | epoch=054 train_batch=30/392 running_loss=0.037078
2026-08-19 18:40:59 | INFO | epoch=054 train_batch=40/392 running_loss=0.037245
2026-08-19 18:40:59 | INFO | epoch=054 train_batch=50/392 running_loss=0.038063
2026-08-19 18:40:59 | INFO | epoch=054 train_batch=60/392 running_loss=0.038510
2026-08-19 18:41:00 | INFO | epoch=054 train_batch=70/392 running_loss=0.038442
2026-08-19 18:41:00 | INFO | epoch=054 train_batch=80/392 running_loss=0.038513
2026-08-19 18:41:00 | INFO | epoch=054 train_batch=90/392 running_loss=0.038621
2026-08-19 18:41:00 | INFO | epoch=054 train_batch=100/392 running_loss=0.039102
2026-08-19 18:41:01 | INFO | epoch=054 train_batch=110/392 running_loss=0.039227
2026-08-19 18:41:01 | INFO | epoch=054 train_batch=120/392 running_loss=0.039452
2026-08-19 18:41:01 | INFO | epoch=054 train_batch=130/392 running_loss=0.039499
2026-08-19 18:41:01 | INFO | epoch=054 train_batch=140/392 running_loss=0.039450
2026-08-19 18:41:01 | INFO | epoch=054 train_batch=150/392 running_loss=0.039278
2026-08-19 18:41:02 | INFO | epoch=054 train_batch=160/392 running_loss=0.039227
2026-08-19 18:41:02 | INFO | epoch=054 train_batch=170/392 running_loss=0.039148
2026-08-19 18:41:02 | INFO | epoch=054 train_batch=180/392 running_loss=0.039095
2026-08-19 18:41:02 | INFO | epoch=054 train_batch=190/392 running_loss=0.038911
2026-08-19 18:41:03 | INFO | epoch=054 train_batch=200/392 running_loss=0.039121
2026-08-19 18:41:03 | INFO | epoch=054 train_batch=210/392 running_loss=0.039134
2026-08-19 18:41:03 | INFO | epoch=054 train_batch=220/392 running_loss=0.039104
2026-08-19 18:41:03 | INFO | epoch=054 train_batch=230/392 running_loss=0.039134
2026-08-19 18:41:04 | INFO | epoch=054 train_batch=240/392 running_loss=0.039209
2026-08-19 18:41:04 | INFO | epoch=054 train_batch=250/392 running_loss=0.039275
2026-08-19 18:41:04 | INFO | epoch=054 train_batch=260/392 running_loss=0.039362
2026-08-19 18:41:04 | INFO | epoch=054 train_batch=270/392 running_loss=0.039297
2026-08-19 18:41:05 | INFO | epoch=054 train_batch=280/392 running_loss=0.039311
2026-08-19 18:41:05 | INFO | epoch=054 train_batch=290/392 running_loss=0.039277
2026-08-19 18:41:05 | INFO | epoch=054 train_batch=300/392 running_loss=0.039219
2026-08-19 18:41:05 | INFO | epoch=054 train_batch=310/392 running_loss=0.039194
2026-08-19 18:41:06 | INFO | epoch=054 train_batch=320/392 running_loss=0.039106
2026-08-19 18:41:06 | INFO | epoch=054 train_batch=330/392 running_loss=0.039126
2026-08-19 18:41:06 | INFO | epoch=054 train_batch=340/392 running_loss=0.039132
2026-08-19 18:41:06 | INFO | epoch=054 train_batch=350/392 running_loss=0.039188
2026-08-19 18:41:07 | INFO | epoch=054 train_batch=360/392 running_loss=0.039192
2026-08-19 18:41:07 | INFO | epoch=054 train_batch=370/392 running_loss=0.039247
2026-08-19 18:41:07 | INFO | epoch=054 train_batch=380/392 running_loss=0.039252
2026-08-19 18:41:07 | INFO | epoch=054 train_batch=390/392 running_loss=0.039217
2026-08-19 18:41:07 | INFO | epoch=054 train_batch=392/392 running_loss=0.039256
2026-08-19 18:41:08 | INFO | epoch=054 train_loss=0.039256 validation_loss=0.265971
2026-08-19 18:41:09 | INFO | epoch=055 train_batch=10/392 running_loss=0.035278
2026-08-19 18:41:09 | INFO | epoch=055 train_batch=20/392 running_loss=0.036809
2026-08-19 18:41:09 | INFO | epoch=055 train_batch=30/392 running_loss=0.037823
2026-08-19 18:41:09 | INFO | epoch=055 train_batch=40/392 running_loss=0.037522
2026-08-19 18:41:09 | INFO | epoch=055 train_batch=50/392 running_loss=0.038264
2026-08-19 18:41:10 | INFO | epoch=055 train_batch=60/392 running_loss=0.038282
2026-08-19 18:41:10 | INFO | epoch=055 train_batch=70/392 running_loss=0.038101
2026-08-19 18:41:10 | INFO | epoch=055 train_batch=80/392 running_loss=0.038368
2026-08-19 18:41:10 | INFO | epoch=055 train_batch=90/392 running_loss=0.038336
2026-08-19 18:41:11 | INFO | epoch=055 train_batch=100/392 running_loss=0.038348
2026-08-19 18:41:11 | INFO | epoch=055 train_batch=110/392 running_loss=0.038132
2026-08-19 18:41:11 | INFO | epoch=055 train_batch=120/392 running_loss=0.038441
2026-08-19 18:41:11 | INFO | epoch=055 train_batch=130/392 running_loss=0.038431
2026-08-19 18:41:12 | INFO | epoch=055 train_batch=140/392 running_loss=0.038538
2026-08-19 18:41:12 | INFO | epoch=055 train_batch=150/392 running_loss=0.038596
2026-08-19 18:41:12 | INFO | epoch=055 train_batch=160/392 running_loss=0.038595
2026-08-19 18:41:12 | INFO | epoch=055 train_batch=170/392 running_loss=0.038499
2026-08-19 18:41:12 | INFO | epoch=055 train_batch=180/392 running_loss=0.038555
2026-08-19 18:41:13 | INFO | epoch=055 train_batch=190/392 running_loss=0.038710
2026-08-19 18:41:13 | INFO | epoch=055 train_batch=200/392 running_loss=0.038793
2026-08-19 18:41:13 | INFO | epoch=055 train_batch=210/392 running_loss=0.038996
2026-08-19 18:41:13 | INFO | epoch=055 train_batch=220/392 running_loss=0.039026
2026-08-19 18:41:14 | INFO | epoch=055 train_batch=230/392 running_loss=0.038993
2026-08-19 18:41:14 | INFO | epoch=055 train_batch=240/392 running_loss=0.038971
2026-08-19 18:41:14 | INFO | epoch=055 train_batch=250/392 running_loss=0.038968
2026-08-19 18:41:14 | INFO | epoch=055 train_batch=260/392 running_loss=0.038942
2026-08-19 18:41:15 | INFO | epoch=055 train_batch=270/392 running_loss=0.039010
2026-08-19 18:41:15 | INFO | epoch=055 train_batch=280/392 running_loss=0.038977
2026-08-19 18:41:15 | INFO | epoch=055 train_batch=290/392 running_loss=0.038898
2026-08-19 18:41:15 | INFO | epoch=055 train_batch=300/392 running_loss=0.038864
2026-08-19 18:41:16 | INFO | epoch=055 train_batch=310/392 running_loss=0.038959
2026-08-19 18:41:16 | INFO | epoch=055 train_batch=320/392 running_loss=0.039026
2026-08-19 18:41:16 | INFO | epoch=055 train_batch=330/392 running_loss=0.039120
2026-08-19 18:41:16 | INFO | epoch=055 train_batch=340/392 running_loss=0.039158
2026-08-19 18:41:16 | INFO | epoch=055 train_batch=350/392 running_loss=0.039305
2026-08-19 18:41:17 | INFO | epoch=055 train_batch=360/392 running_loss=0.039209
2026-08-19 18:41:17 | INFO | epoch=055 train_batch=370/392 running_loss=0.039175
2026-08-19 18:41:17 | INFO | epoch=055 train_batch=380/392 running_loss=0.039277
2026-08-19 18:41:17 | INFO | epoch=055 train_batch=390/392 running_loss=0.039276
2026-08-19 18:41:17 | INFO | epoch=055 train_batch=392/392 running_loss=0.039249
2026-08-19 18:41:18 | INFO | epoch=055 train_loss=0.039249 validation_loss=0.253405
2026-08-19 18:41:18 | INFO | epoch=055 saved new best.pt
2026-08-19 18:41:18 | INFO | epoch=056 train_batch=10/392 running_loss=0.036760
2026-08-19 18:41:19 | INFO | epoch=056 train_batch=20/392 running_loss=0.038480
2026-08-19 18:41:19 | INFO | epoch=056 train_batch=30/392 running_loss=0.038350
2026-08-19 18:41:19 | INFO | epoch=056 train_batch=40/392 running_loss=0.039281
2026-08-19 18:41:19 | INFO | epoch=056 train_batch=50/392 running_loss=0.039089
2026-08-19 18:41:20 | INFO | epoch=056 train_batch=60/392 running_loss=0.038666
2026-08-19 18:41:20 | INFO | epoch=056 train_batch=70/392 running_loss=0.037986
2026-08-19 18:41:20 | INFO | epoch=056 train_batch=80/392 running_loss=0.038199
2026-08-19 18:41:20 | INFO | epoch=056 train_batch=90/392 running_loss=0.038383
2026-08-19 18:41:21 | INFO | epoch=056 train_batch=100/392 running_loss=0.038755
2026-08-19 18:41:21 | INFO | epoch=056 train_batch=110/392 running_loss=0.038942
2026-08-19 18:41:21 | INFO | epoch=056 train_batch=120/392 running_loss=0.038785
2026-08-19 18:41:21 | INFO | epoch=056 train_batch=130/392 running_loss=0.038542
2026-08-19 18:41:21 | INFO | epoch=056 train_batch=140/392 running_loss=0.038849
2026-08-19 18:41:22 | INFO | epoch=056 train_batch=150/392 running_loss=0.038899
2026-08-19 18:41:22 | INFO | epoch=056 train_batch=160/392 running_loss=0.038844
2026-08-19 18:41:22 | INFO | epoch=056 train_batch=170/392 running_loss=0.038955
2026-08-19 18:41:22 | INFO | epoch=056 train_batch=180/392 running_loss=0.038828
2026-08-19 18:41:23 | INFO | epoch=056 train_batch=190/392 running_loss=0.038988
2026-08-19 18:41:23 | INFO | epoch=056 train_batch=200/392 running_loss=0.038869
2026-08-19 18:41:23 | INFO | epoch=056 train_batch=210/392 running_loss=0.038792
2026-08-19 18:41:23 | INFO | epoch=056 train_batch=220/392 running_loss=0.038784
2026-08-19 18:41:24 | INFO | epoch=056 train_batch=230/392 running_loss=0.038725
2026-08-19 18:41:24 | INFO | epoch=056 train_batch=240/392 running_loss=0.038983
2026-08-19 18:41:24 | INFO | epoch=056 train_batch=250/392 running_loss=0.038944
2026-08-19 18:41:24 | INFO | epoch=056 train_batch=260/392 running_loss=0.038902
2026-08-19 18:41:25 | INFO | epoch=056 train_batch=270/392 running_loss=0.038858
2026-08-19 18:41:25 | INFO | epoch=056 train_batch=280/392 running_loss=0.038790
2026-08-19 18:41:25 | INFO | epoch=056 train_batch=290/392 running_loss=0.038718
2026-08-19 18:41:25 | INFO | epoch=056 train_batch=300/392 running_loss=0.038641
2026-08-19 18:41:25 | INFO | epoch=056 train_batch=310/392 running_loss=0.038634
2026-08-19 18:41:26 | INFO | epoch=056 train_batch=320/392 running_loss=0.038632
2026-08-19 18:41:26 | INFO | epoch=056 train_batch=330/392 running_loss=0.038583
2026-08-19 18:41:26 | INFO | epoch=056 train_batch=340/392 running_loss=0.038815
2026-08-19 18:41:26 | INFO | epoch=056 train_batch=350/392 running_loss=0.038909
2026-08-19 18:41:27 | INFO | epoch=056 train_batch=360/392 running_loss=0.038961
2026-08-19 18:41:27 | INFO | epoch=056 train_batch=370/392 running_loss=0.039019
2026-08-19 18:41:27 | INFO | epoch=056 train_batch=380/392 running_loss=0.039037
2026-08-19 18:41:27 | INFO | epoch=056 train_batch=390/392 running_loss=0.039040
2026-08-19 18:41:27 | INFO | epoch=056 train_batch=392/392 running_loss=0.039058
2026-08-19 18:41:28 | INFO | epoch=056 train_loss=0.039058 validation_loss=0.258302
2026-08-19 18:41:28 | INFO | epoch=057 train_batch=10/392 running_loss=0.039103
2026-08-19 18:41:29 | INFO | epoch=057 train_batch=20/392 running_loss=0.041655
2026-08-19 18:41:29 | INFO | epoch=057 train_batch=30/392 running_loss=0.041124
2026-08-19 18:41:29 | INFO | epoch=057 train_batch=40/392 running_loss=0.040143
2026-08-19 18:41:29 | INFO | epoch=057 train_batch=50/392 running_loss=0.040083
2026-08-19 18:41:30 | INFO | epoch=057 train_batch=60/392 running_loss=0.040068
2026-08-19 18:41:30 | INFO | epoch=057 train_batch=70/392 running_loss=0.039581
2026-08-19 18:41:30 | INFO | epoch=057 train_batch=80/392 running_loss=0.039629
2026-08-19 18:41:30 | INFO | epoch=057 train_batch=90/392 running_loss=0.038999
2026-08-19 18:41:30 | INFO | epoch=057 train_batch=100/392 running_loss=0.039502
2026-08-19 18:41:31 | INFO | epoch=057 train_batch=110/392 running_loss=0.039327
2026-08-19 18:41:31 | INFO | epoch=057 train_batch=120/392 running_loss=0.039258
2026-08-19 18:41:31 | INFO | epoch=057 train_batch=130/392 running_loss=0.039175
2026-08-19 18:41:31 | INFO | epoch=057 train_batch=140/392 running_loss=0.039024
2026-08-19 18:41:32 | INFO | epoch=057 train_batch=150/392 running_loss=0.039139
2026-08-19 18:41:32 | INFO | epoch=057 train_batch=160/392 running_loss=0.039215
2026-08-19 18:41:32 | INFO | epoch=057 train_batch=170/392 running_loss=0.039212
2026-08-19 18:41:32 | INFO | epoch=057 train_batch=180/392 running_loss=0.039155
2026-08-19 18:41:33 | INFO | epoch=057 train_batch=190/392 running_loss=0.039118
2026-08-19 18:41:33 | INFO | epoch=057 train_batch=200/392 running_loss=0.039172
2026-08-19 18:41:33 | INFO | epoch=057 train_batch=210/392 running_loss=0.038939
2026-08-19 18:41:33 | INFO | epoch=057 train_batch=220/392 running_loss=0.038943
2026-08-19 18:41:33 | INFO | epoch=057 train_batch=230/392 running_loss=0.038945
2026-08-19 18:41:34 | INFO | epoch=057 train_batch=240/392 running_loss=0.038812
2026-08-19 18:41:34 | INFO | epoch=057 train_batch=250/392 running_loss=0.038781
2026-08-19 18:41:34 | INFO | epoch=057 train_batch=260/392 running_loss=0.038725
2026-08-19 18:41:34 | INFO | epoch=057 train_batch=270/392 running_loss=0.038602
2026-08-19 18:41:35 | INFO | epoch=057 train_batch=280/392 running_loss=0.038442
2026-08-19 18:41:35 | INFO | epoch=057 train_batch=290/392 running_loss=0.038542
2026-08-19 18:41:35 | INFO | epoch=057 train_batch=300/392 running_loss=0.038563
2026-08-19 18:41:35 | INFO | epoch=057 train_batch=310/392 running_loss=0.038592
2026-08-19 18:41:36 | INFO | epoch=057 train_batch=320/392 running_loss=0.038554
2026-08-19 18:41:36 | INFO | epoch=057 train_batch=330/392 running_loss=0.038602
2026-08-19 18:41:36 | INFO | epoch=057 train_batch=340/392 running_loss=0.038683
2026-08-19 18:41:36 | INFO | epoch=057 train_batch=350/392 running_loss=0.038687
2026-08-19 18:41:36 | INFO | epoch=057 train_batch=360/392 running_loss=0.038707
2026-08-19 18:41:37 | INFO | epoch=057 train_batch=370/392 running_loss=0.038781
2026-08-19 18:41:37 | INFO | epoch=057 train_batch=380/392 running_loss=0.038787
2026-08-19 18:41:37 | INFO | epoch=057 train_batch=390/392 running_loss=0.038799
2026-08-19 18:41:37 | INFO | epoch=057 train_batch=392/392 running_loss=0.038847
2026-08-19 18:41:38 | INFO | epoch=057 train_loss=0.038847 validation_loss=0.261237
2026-08-19 18:41:38 | INFO | epoch=058 train_batch=10/392 running_loss=0.038180
2026-08-19 18:41:38 | INFO | epoch=058 train_batch=20/392 running_loss=0.037324
2026-08-19 18:41:39 | INFO | epoch=058 train_batch=30/392 running_loss=0.038996
2026-08-19 18:41:39 | INFO | epoch=058 train_batch=40/392 running_loss=0.038497
2026-08-19 18:41:39 | INFO | epoch=058 train_batch=50/392 running_loss=0.038670
2026-08-19 18:41:39 | INFO | epoch=058 train_batch=60/392 running_loss=0.038457
2026-08-19 18:41:40 | INFO | epoch=058 train_batch=70/392 running_loss=0.038106
2026-08-19 18:41:40 | INFO | epoch=058 train_batch=80/392 running_loss=0.037971
2026-08-19 18:41:40 | INFO | epoch=058 train_batch=90/392 running_loss=0.037985
2026-08-19 18:41:40 | INFO | epoch=058 train_batch=100/392 running_loss=0.038066
2026-08-19 18:41:41 | INFO | epoch=058 train_batch=110/392 running_loss=0.038022
2026-08-19 18:41:41 | INFO | epoch=058 train_batch=120/392 running_loss=0.037849
2026-08-19 18:41:41 | INFO | epoch=058 train_batch=130/392 running_loss=0.037834
2026-08-19 18:41:41 | INFO | epoch=058 train_batch=140/392 running_loss=0.037729
2026-08-19 18:41:41 | INFO | epoch=058 train_batch=150/392 running_loss=0.037986
2026-08-19 18:41:42 | INFO | epoch=058 train_batch=160/392 running_loss=0.038072
2026-08-19 18:41:42 | INFO | epoch=058 train_batch=170/392 running_loss=0.038184
2026-08-19 18:41:42 | INFO | epoch=058 train_batch=180/392 running_loss=0.038180
2026-08-19 18:41:42 | INFO | epoch=058 train_batch=190/392 running_loss=0.038239
2026-08-19 18:41:43 | INFO | epoch=058 train_batch=200/392 running_loss=0.038267
2026-08-19 18:41:43 | INFO | epoch=058 train_batch=210/392 running_loss=0.038174
2026-08-19 18:41:43 | INFO | epoch=058 train_batch=220/392 running_loss=0.038163
2026-08-19 18:41:43 | INFO | epoch=058 train_batch=230/392 running_loss=0.038072
2026-08-19 18:41:44 | INFO | epoch=058 train_batch=240/392 running_loss=0.038099
2026-08-19 18:41:44 | INFO | epoch=058 train_batch=250/392 running_loss=0.038202
2026-08-19 18:41:44 | INFO | epoch=058 train_batch=260/392 running_loss=0.038358
2026-08-19 18:41:44 | INFO | epoch=058 train_batch=270/392 running_loss=0.038402
2026-08-19 18:41:44 | INFO | epoch=058 train_batch=280/392 running_loss=0.038300
2026-08-19 18:41:45 | INFO | epoch=058 train_batch=290/392 running_loss=0.038423
2026-08-19 18:41:45 | INFO | epoch=058 train_batch=300/392 running_loss=0.038489
2026-08-19 18:41:45 | INFO | epoch=058 train_batch=310/392 running_loss=0.038435
2026-08-19 18:41:45 | INFO | epoch=058 train_batch=320/392 running_loss=0.038466
2026-08-19 18:41:46 | INFO | epoch=058 train_batch=330/392 running_loss=0.038567
2026-08-19 18:41:46 | INFO | epoch=058 train_batch=340/392 running_loss=0.038654
2026-08-19 18:41:46 | INFO | epoch=058 train_batch=350/392 running_loss=0.038745
2026-08-19 18:41:46 | INFO | epoch=058 train_batch=360/392 running_loss=0.038721
2026-08-19 18:41:47 | INFO | epoch=058 train_batch=370/392 running_loss=0.038798
2026-08-19 18:41:47 | INFO | epoch=058 train_batch=380/392 running_loss=0.038786
2026-08-19 18:41:47 | INFO | epoch=058 train_batch=390/392 running_loss=0.038851
2026-08-19 18:41:47 | INFO | epoch=058 train_batch=392/392 running_loss=0.038877
2026-08-19 18:41:48 | INFO | epoch=058 train_loss=0.038877 validation_loss=0.253145
2026-08-19 18:41:48 | INFO | epoch=058 saved new best.pt
2026-08-19 18:41:48 | INFO | epoch=059 train_batch=10/392 running_loss=0.037836
2026-08-19 18:41:48 | INFO | epoch=059 train_batch=20/392 running_loss=0.037024
2026-08-19 18:41:48 | INFO | epoch=059 train_batch=30/392 running_loss=0.038485
2026-08-19 18:41:49 | INFO | epoch=059 train_batch=40/392 running_loss=0.038139
2026-08-19 18:41:49 | INFO | epoch=059 train_batch=50/392 running_loss=0.038124
2026-08-19 18:41:49 | INFO | epoch=059 train_batch=60/392 running_loss=0.038313
2026-08-19 18:41:49 | INFO | epoch=059 train_batch=70/392 running_loss=0.038465
2026-08-19 18:41:50 | INFO | epoch=059 train_batch=80/392 running_loss=0.038621
2026-08-19 18:41:50 | INFO | epoch=059 train_batch=90/392 running_loss=0.038594
2026-08-19 18:41:50 | INFO | epoch=059 train_batch=100/392 running_loss=0.038826
2026-08-19 18:41:50 | INFO | epoch=059 train_batch=110/392 running_loss=0.039025
2026-08-19 18:41:51 | INFO | epoch=059 train_batch=120/392 running_loss=0.039004
2026-08-19 18:41:51 | INFO | epoch=059 train_batch=130/392 running_loss=0.038914
2026-08-19 18:41:51 | INFO | epoch=059 train_batch=140/392 running_loss=0.039038
2026-08-19 18:41:51 | INFO | epoch=059 train_batch=150/392 running_loss=0.039260
2026-08-19 18:41:51 | INFO | epoch=059 train_batch=160/392 running_loss=0.039400
2026-08-19 18:41:52 | INFO | epoch=059 train_batch=170/392 running_loss=0.039143
2026-08-19 18:41:52 | INFO | epoch=059 train_batch=180/392 running_loss=0.039129
2026-08-19 18:41:52 | INFO | epoch=059 train_batch=190/392 running_loss=0.039092
2026-08-19 18:41:52 | INFO | epoch=059 train_batch=200/392 running_loss=0.039084
2026-08-19 18:41:53 | INFO | epoch=059 train_batch=210/392 running_loss=0.039130
2026-08-19 18:41:53 | INFO | epoch=059 train_batch=220/392 running_loss=0.038886
2026-08-19 18:41:53 | INFO | epoch=059 train_batch=230/392 running_loss=0.038862
2026-08-19 18:41:53 | INFO | epoch=059 train_batch=240/392 running_loss=0.038806
2026-08-19 18:41:54 | INFO | epoch=059 train_batch=250/392 running_loss=0.038708
2026-08-19 18:41:54 | INFO | epoch=059 train_batch=260/392 running_loss=0.038767
2026-08-19 18:41:54 | INFO | epoch=059 train_batch=270/392 running_loss=0.038791
2026-08-19 18:41:54 | INFO | epoch=059 train_batch=280/392 running_loss=0.038768
2026-08-19 18:41:54 | INFO | epoch=059 train_batch=290/392 running_loss=0.038840
2026-08-19 18:41:55 | INFO | epoch=059 train_batch=300/392 running_loss=0.038783
2026-08-19 18:41:55 | INFO | epoch=059 train_batch=310/392 running_loss=0.038769
2026-08-19 18:41:55 | INFO | epoch=059 train_batch=320/392 running_loss=0.038728
2026-08-19 18:41:55 | INFO | epoch=059 train_batch=330/392 running_loss=0.038658
2026-08-19 18:41:56 | INFO | epoch=059 train_batch=340/392 running_loss=0.038626
2026-08-19 18:41:56 | INFO | epoch=059 train_batch=350/392 running_loss=0.038828
2026-08-19 18:41:56 | INFO | epoch=059 train_batch=360/392 running_loss=0.038778
2026-08-19 18:41:56 | INFO | epoch=059 train_batch=370/392 running_loss=0.038859
2026-08-19 18:41:56 | INFO | epoch=059 train_batch=380/392 running_loss=0.038887
2026-08-19 18:41:57 | INFO | epoch=059 train_batch=390/392 running_loss=0.038835
2026-08-19 18:41:57 | INFO | epoch=059 train_batch=392/392 running_loss=0.038792
2026-08-19 18:41:57 | INFO | epoch=059 train_loss=0.038792 validation_loss=0.256944
2026-08-19 18:41:58 | INFO | epoch=060 train_batch=10/392 running_loss=0.038402
2026-08-19 18:41:58 | INFO | epoch=060 train_batch=20/392 running_loss=0.037071
2026-08-19 18:41:58 | INFO | epoch=060 train_batch=30/392 running_loss=0.037713
2026-08-19 18:41:58 | INFO | epoch=060 train_batch=40/392 running_loss=0.037904
2026-08-19 18:41:59 | INFO | epoch=060 train_batch=50/392 running_loss=0.038272
2026-08-19 18:41:59 | INFO | epoch=060 train_batch=60/392 running_loss=0.038816
2026-08-19 18:41:59 | INFO | epoch=060 train_batch=70/392 running_loss=0.039197
2026-08-19 18:41:59 | INFO | epoch=060 train_batch=80/392 running_loss=0.039354
2026-08-19 18:42:00 | INFO | epoch=060 train_batch=90/392 running_loss=0.039068
2026-08-19 18:42:00 | INFO | epoch=060 train_batch=100/392 running_loss=0.039113
2026-08-19 18:42:00 | INFO | epoch=060 train_batch=110/392 running_loss=0.039408
2026-08-19 18:42:00 | INFO | epoch=060 train_batch=120/392 running_loss=0.039483
2026-08-19 18:42:00 | INFO | epoch=060 train_batch=130/392 running_loss=0.039235
2026-08-19 18:42:01 | INFO | epoch=060 train_batch=140/392 running_loss=0.038994
2026-08-19 18:42:01 | INFO | epoch=060 train_batch=150/392 running_loss=0.038986
2026-08-19 18:42:01 | INFO | epoch=060 train_batch=160/392 running_loss=0.038915
2026-08-19 18:42:01 | INFO | epoch=060 train_batch=170/392 running_loss=0.038685
2026-08-19 18:42:02 | INFO | epoch=060 train_batch=180/392 running_loss=0.038460
2026-08-19 18:42:02 | INFO | epoch=060 train_batch=190/392 running_loss=0.038470
2026-08-19 18:42:02 | INFO | epoch=060 train_batch=200/392 running_loss=0.038516
2026-08-19 18:42:02 | INFO | epoch=060 train_batch=210/392 running_loss=0.038514
2026-08-19 18:42:03 | INFO | epoch=060 train_batch=220/392 running_loss=0.038607
2026-08-19 18:42:03 | INFO | epoch=060 train_batch=230/392 running_loss=0.038505
2026-08-19 18:42:03 | INFO | epoch=060 train_batch=240/392 running_loss=0.038491
2026-08-19 18:42:03 | INFO | epoch=060 train_batch=250/392 running_loss=0.038413
2026-08-19 18:42:03 | INFO | epoch=060 train_batch=260/392 running_loss=0.038412
2026-08-19 18:42:04 | INFO | epoch=060 train_batch=270/392 running_loss=0.038399
2026-08-19 18:42:04 | INFO | epoch=060 train_batch=280/392 running_loss=0.038470
2026-08-19 18:42:04 | INFO | epoch=060 train_batch=290/392 running_loss=0.038507
2026-08-19 18:42:04 | INFO | epoch=060 train_batch=300/392 running_loss=0.038462
2026-08-19 18:42:05 | INFO | epoch=060 train_batch=310/392 running_loss=0.038522
2026-08-19 18:42:05 | INFO | epoch=060 train_batch=320/392 running_loss=0.038637
2026-08-19 18:42:05 | INFO | epoch=060 train_batch=330/392 running_loss=0.038684
2026-08-19 18:42:05 | INFO | epoch=060 train_batch=340/392 running_loss=0.038615
2026-08-19 18:42:06 | INFO | epoch=060 train_batch=350/392 running_loss=0.038670
2026-08-19 18:42:06 | INFO | epoch=060 train_batch=360/392 running_loss=0.038608
2026-08-19 18:42:06 | INFO | epoch=060 train_batch=370/392 running_loss=0.038641
2026-08-19 18:42:06 | INFO | epoch=060 train_batch=380/392 running_loss=0.038602
2026-08-19 18:42:06 | INFO | epoch=060 train_batch=390/392 running_loss=0.038585
2026-08-19 18:42:07 | INFO | epoch=060 train_batch=392/392 running_loss=0.038587
2026-08-19 18:42:07 | INFO | epoch=060 train_loss=0.038587 validation_loss=0.257439
2026-08-19 18:42:08 | INFO | epoch=061 train_batch=10/392 running_loss=0.036607
2026-08-19 18:42:08 | INFO | epoch=061 train_batch=20/392 running_loss=0.037538
2026-08-19 18:42:08 | INFO | epoch=061 train_batch=30/392 running_loss=0.036976
2026-08-19 18:42:08 | INFO | epoch=061 train_batch=40/392 running_loss=0.036678
2026-08-19 18:42:08 | INFO | epoch=061 train_batch=50/392 running_loss=0.036544
2026-08-19 18:42:09 | INFO | epoch=061 train_batch=60/392 running_loss=0.036975
2026-08-19 18:42:09 | INFO | epoch=061 train_batch=70/392 running_loss=0.037106
2026-08-19 18:42:09 | INFO | epoch=061 train_batch=80/392 running_loss=0.037181
2026-08-19 18:42:09 | INFO | epoch=061 train_batch=90/392 running_loss=0.037633
2026-08-19 18:42:10 | INFO | epoch=061 train_batch=100/392 running_loss=0.037895
2026-08-19 18:42:10 | INFO | epoch=061 train_batch=110/392 running_loss=0.038031
2026-08-19 18:42:10 | INFO | epoch=061 train_batch=120/392 running_loss=0.037883
2026-08-19 18:42:10 | INFO | epoch=061 train_batch=130/392 running_loss=0.038036
2026-08-19 18:42:11 | INFO | epoch=061 train_batch=140/392 running_loss=0.037882
2026-08-19 18:42:11 | INFO | epoch=061 train_batch=150/392 running_loss=0.037848
2026-08-19 18:42:11 | INFO | epoch=061 train_batch=160/392 running_loss=0.037905
2026-08-19 18:42:11 | INFO | epoch=061 train_batch=170/392 running_loss=0.037996
2026-08-19 18:42:11 | INFO | epoch=061 train_batch=180/392 running_loss=0.038123
2026-08-19 18:42:12 | INFO | epoch=061 train_batch=190/392 running_loss=0.038022
2026-08-19 18:42:12 | INFO | epoch=061 train_batch=200/392 running_loss=0.037988
2026-08-19 18:42:12 | INFO | epoch=061 train_batch=210/392 running_loss=0.038180
2026-08-19 18:42:12 | INFO | epoch=061 train_batch=220/392 running_loss=0.038314
2026-08-19 18:42:13 | INFO | epoch=061 train_batch=230/392 running_loss=0.038447
2026-08-19 18:42:13 | INFO | epoch=061 train_batch=240/392 running_loss=0.038528
2026-08-19 18:42:13 | INFO | epoch=061 train_batch=250/392 running_loss=0.038488
2026-08-19 18:42:13 | INFO | epoch=061 train_batch=260/392 running_loss=0.038494
2026-08-19 18:42:14 | INFO | epoch=061 train_batch=270/392 running_loss=0.038506
2026-08-19 18:42:14 | INFO | epoch=061 train_batch=280/392 running_loss=0.038388
2026-08-19 18:42:14 | INFO | epoch=061 train_batch=290/392 running_loss=0.038344
2026-08-19 18:42:14 | INFO | epoch=061 train_batch=300/392 running_loss=0.038312
2026-08-19 18:42:14 | INFO | epoch=061 train_batch=310/392 running_loss=0.038285
2026-08-19 18:42:15 | INFO | epoch=061 train_batch=320/392 running_loss=0.038200
2026-08-19 18:42:15 | INFO | epoch=061 train_batch=330/392 running_loss=0.038226
2026-08-19 18:42:15 | INFO | epoch=061 train_batch=340/392 running_loss=0.038233
2026-08-19 18:42:15 | INFO | epoch=061 train_batch=350/392 running_loss=0.038247
2026-08-19 18:42:16 | INFO | epoch=061 train_batch=360/392 running_loss=0.038235
2026-08-19 18:42:16 | INFO | epoch=061 train_batch=370/392 running_loss=0.038336
2026-08-19 18:42:16 | INFO | epoch=061 train_batch=380/392 running_loss=0.038385
2026-08-19 18:42:16 | INFO | epoch=061 train_batch=390/392 running_loss=0.038362
2026-08-19 18:42:16 | INFO | epoch=061 train_batch=392/392 running_loss=0.038401
2026-08-19 18:42:17 | INFO | epoch=061 train_loss=0.038401 validation_loss=0.255625
2026-08-19 18:42:18 | INFO | epoch=062 train_batch=10/392 running_loss=0.037018
2026-08-19 18:42:18 | INFO | epoch=062 train_batch=20/392 running_loss=0.036222
2026-08-19 18:42:18 | INFO | epoch=062 train_batch=30/392 running_loss=0.036765
2026-08-19 18:42:18 | INFO | epoch=062 train_batch=40/392 running_loss=0.037075
2026-08-19 18:42:18 | INFO | epoch=062 train_batch=50/392 running_loss=0.037859
2026-08-19 18:42:19 | INFO | epoch=062 train_batch=60/392 running_loss=0.037950
2026-08-19 18:42:19 | INFO | epoch=062 train_batch=70/392 running_loss=0.038187
2026-08-19 18:42:19 | INFO | epoch=062 train_batch=80/392 running_loss=0.038174
2026-08-19 18:42:19 | INFO | epoch=062 train_batch=90/392 running_loss=0.037694
2026-08-19 18:42:20 | INFO | epoch=062 train_batch=100/392 running_loss=0.037664
2026-08-19 18:42:20 | INFO | epoch=062 train_batch=110/392 running_loss=0.037652
2026-08-19 18:42:20 | INFO | epoch=062 train_batch=120/392 running_loss=0.037379
2026-08-19 18:42:20 | INFO | epoch=062 train_batch=130/392 running_loss=0.037367
2026-08-19 18:42:21 | INFO | epoch=062 train_batch=140/392 running_loss=0.037563
2026-08-19 18:42:21 | INFO | epoch=062 train_batch=150/392 running_loss=0.037499
2026-08-19 18:42:21 | INFO | epoch=062 train_batch=160/392 running_loss=0.037671
2026-08-19 18:42:21 | INFO | epoch=062 train_batch=170/392 running_loss=0.037604
2026-08-19 18:42:22 | INFO | epoch=062 train_batch=180/392 running_loss=0.037691
2026-08-19 18:42:22 | INFO | epoch=062 train_batch=190/392 running_loss=0.037788
2026-08-19 18:42:22 | INFO | epoch=062 train_batch=200/392 running_loss=0.037801
2026-08-19 18:42:22 | INFO | epoch=062 train_batch=210/392 running_loss=0.038009
2026-08-19 18:42:23 | INFO | epoch=062 train_batch=220/392 running_loss=0.038078
2026-08-19 18:42:23 | INFO | epoch=062 train_batch=230/392 running_loss=0.038204
2026-08-19 18:42:23 | INFO | epoch=062 train_batch=240/392 running_loss=0.038339
2026-08-19 18:42:23 | INFO | epoch=062 train_batch=250/392 running_loss=0.038340
2026-08-19 18:42:24 | INFO | epoch=062 train_batch=260/392 running_loss=0.038210
2026-08-19 18:42:24 | INFO | epoch=062 train_batch=270/392 running_loss=0.038158
2026-08-19 18:42:24 | INFO | epoch=062 train_batch=280/392 running_loss=0.038233
2026-08-19 18:42:24 | INFO | epoch=062 train_batch=290/392 running_loss=0.038274
2026-08-19 18:42:25 | INFO | epoch=062 train_batch=300/392 running_loss=0.038345
2026-08-19 18:42:25 | INFO | epoch=062 train_batch=310/392 running_loss=0.038221
2026-08-19 18:42:25 | INFO | epoch=062 train_batch=320/392 running_loss=0.038220
2026-08-19 18:42:25 | INFO | epoch=062 train_batch=330/392 running_loss=0.038234
2026-08-19 18:42:26 | INFO | epoch=062 train_batch=340/392 running_loss=0.038197
2026-08-19 18:42:26 | INFO | epoch=062 train_batch=350/392 running_loss=0.038259
2026-08-19 18:42:26 | INFO | epoch=062 train_batch=360/392 running_loss=0.038242
2026-08-19 18:42:26 | INFO | epoch=062 train_batch=370/392 running_loss=0.038273
2026-08-19 18:42:27 | INFO | epoch=062 train_batch=380/392 running_loss=0.038248
2026-08-19 18:42:27 | INFO | epoch=062 train_batch=390/392 running_loss=0.038205
2026-08-19 18:42:27 | INFO | epoch=062 train_batch=392/392 running_loss=0.038199
2026-08-19 18:42:28 | INFO | epoch=062 train_loss=0.038199 validation_loss=0.256402
2026-08-19 18:42:28 | INFO | epoch=063 train_batch=10/392 running_loss=0.038554
2026-08-19 18:42:28 | INFO | epoch=063 train_batch=20/392 running_loss=0.038707
2026-08-19 18:42:28 | INFO | epoch=063 train_batch=30/392 running_loss=0.038092
2026-08-19 18:42:29 | INFO | epoch=063 train_batch=40/392 running_loss=0.038131
2026-08-19 18:42:29 | INFO | epoch=063 train_batch=50/392 running_loss=0.037230
2026-08-19 18:42:29 | INFO | epoch=063 train_batch=60/392 running_loss=0.037881
2026-08-19 18:42:29 | INFO | epoch=063 train_batch=70/392 running_loss=0.038100
2026-08-19 18:42:30 | INFO | epoch=063 train_batch=80/392 running_loss=0.037911
2026-08-19 18:42:30 | INFO | epoch=063 train_batch=90/392 running_loss=0.037541
2026-08-19 18:42:30 | INFO | epoch=063 train_batch=100/392 running_loss=0.037325
2026-08-19 18:42:30 | INFO | epoch=063 train_batch=110/392 running_loss=0.037268
2026-08-19 18:42:31 | INFO | epoch=063 train_batch=120/392 running_loss=0.037568
2026-08-19 18:42:31 | INFO | epoch=063 train_batch=130/392 running_loss=0.037472
2026-08-19 18:42:31 | INFO | epoch=063 train_batch=140/392 running_loss=0.037979
2026-08-19 18:42:31 | INFO | epoch=063 train_batch=150/392 running_loss=0.037843
2026-08-19 18:42:32 | INFO | epoch=063 train_batch=160/392 running_loss=0.037763
2026-08-19 18:42:32 | INFO | epoch=063 train_batch=170/392 running_loss=0.037794
2026-08-19 18:42:32 | INFO | epoch=063 train_batch=180/392 running_loss=0.038072
2026-08-19 18:42:32 | INFO | epoch=063 train_batch=190/392 running_loss=0.038152
2026-08-19 18:42:33 | INFO | epoch=063 train_batch=200/392 running_loss=0.038054
2026-08-19 18:42:33 | INFO | epoch=063 train_batch=210/392 running_loss=0.037999
2026-08-19 18:42:33 | INFO | epoch=063 train_batch=220/392 running_loss=0.037875
2026-08-19 18:42:33 | INFO | epoch=063 train_batch=230/392 running_loss=0.037880
2026-08-19 18:42:34 | INFO | epoch=063 train_batch=240/392 running_loss=0.037947
2026-08-19 18:42:34 | INFO | epoch=063 train_batch=250/392 running_loss=0.037967
2026-08-19 18:42:34 | INFO | epoch=063 train_batch=260/392 running_loss=0.037970
2026-08-19 18:42:34 | INFO | epoch=063 train_batch=270/392 running_loss=0.037841
2026-08-19 18:42:34 | INFO | epoch=063 train_batch=280/392 running_loss=0.037938
2026-08-19 18:42:35 | INFO | epoch=063 train_batch=290/392 running_loss=0.037888
2026-08-19 18:42:35 | INFO | epoch=063 train_batch=300/392 running_loss=0.037936
2026-08-19 18:42:35 | INFO | epoch=063 train_batch=310/392 running_loss=0.038011
2026-08-19 18:42:35 | INFO | epoch=063 train_batch=320/392 running_loss=0.038060
2026-08-19 18:42:36 | INFO | epoch=063 train_batch=330/392 running_loss=0.037997
2026-08-19 18:42:36 | INFO | epoch=063 train_batch=340/392 running_loss=0.037960
2026-08-19 18:42:36 | INFO | epoch=063 train_batch=350/392 running_loss=0.038028
2026-08-19 18:42:36 | INFO | epoch=063 train_batch=360/392 running_loss=0.038063
2026-08-19 18:42:37 | INFO | epoch=063 train_batch=370/392 running_loss=0.038208
2026-08-19 18:42:37 | INFO | epoch=063 train_batch=380/392 running_loss=0.038189
2026-08-19 18:42:37 | INFO | epoch=063 train_batch=390/392 running_loss=0.038145
2026-08-19 18:42:37 | INFO | epoch=063 train_batch=392/392 running_loss=0.038155
2026-08-19 18:42:38 | INFO | epoch=063 train_loss=0.038155 validation_loss=0.254693
2026-08-19 18:42:38 | INFO | epoch=064 train_batch=10/392 running_loss=0.038872
2026-08-19 18:42:39 | INFO | epoch=064 train_batch=20/392 running_loss=0.037153
2026-08-19 18:42:39 | INFO | epoch=064 train_batch=30/392 running_loss=0.037288
2026-08-19 18:42:39 | INFO | epoch=064 train_batch=40/392 running_loss=0.037443
2026-08-19 18:42:39 | INFO | epoch=064 train_batch=50/392 running_loss=0.037696
2026-08-19 18:42:40 | INFO | epoch=064 train_batch=60/392 running_loss=0.037758
2026-08-19 18:42:40 | INFO | epoch=064 train_batch=70/392 running_loss=0.037844
2026-08-19 18:42:40 | INFO | epoch=064 train_batch=80/392 running_loss=0.037694
2026-08-19 18:42:40 | INFO | epoch=064 train_batch=90/392 running_loss=0.038247
2026-08-19 18:42:41 | INFO | epoch=064 train_batch=100/392 running_loss=0.038121
2026-08-19 18:42:41 | INFO | epoch=064 train_batch=110/392 running_loss=0.038371
2026-08-19 18:42:41 | INFO | epoch=064 train_batch=120/392 running_loss=0.038467
2026-08-19 18:42:41 | INFO | epoch=064 train_batch=130/392 running_loss=0.038277
2026-08-19 18:42:42 | INFO | epoch=064 train_batch=140/392 running_loss=0.038010
2026-08-19 18:42:42 | INFO | epoch=064 train_batch=150/392 running_loss=0.038057
2026-08-19 18:42:42 | INFO | epoch=064 train_batch=160/392 running_loss=0.038313
2026-08-19 18:42:42 | INFO | epoch=064 train_batch=170/392 running_loss=0.038091
2026-08-19 18:42:43 | INFO | epoch=064 train_batch=180/392 running_loss=0.038141
2026-08-19 18:42:43 | INFO | epoch=064 train_batch=190/392 running_loss=0.038256
2026-08-19 18:42:43 | INFO | epoch=064 train_batch=200/392 running_loss=0.038070
2026-08-19 18:42:43 | INFO | epoch=064 train_batch=210/392 running_loss=0.037962
2026-08-19 18:42:44 | INFO | epoch=064 train_batch=220/392 running_loss=0.038119
2026-08-19 18:42:44 | INFO | epoch=064 train_batch=230/392 running_loss=0.038157
2026-08-19 18:42:44 | INFO | epoch=064 train_batch=240/392 running_loss=0.038166
2026-08-19 18:42:44 | INFO | epoch=064 train_batch=250/392 running_loss=0.038047
2026-08-19 18:42:44 | INFO | epoch=064 train_batch=260/392 running_loss=0.038049
2026-08-19 18:42:45 | INFO | epoch=064 train_batch=270/392 running_loss=0.038040
2026-08-19 18:42:45 | INFO | epoch=064 train_batch=280/392 running_loss=0.038069
2026-08-19 18:42:45 | INFO | epoch=064 train_batch=290/392 running_loss=0.038044
2026-08-19 18:42:45 | INFO | epoch=064 train_batch=300/392 running_loss=0.038080
2026-08-19 18:42:46 | INFO | epoch=064 train_batch=310/392 running_loss=0.038104
2026-08-19 18:42:46 | INFO | epoch=064 train_batch=320/392 running_loss=0.038094
2026-08-19 18:42:46 | INFO | epoch=064 train_batch=330/392 running_loss=0.038044
2026-08-19 18:42:46 | INFO | epoch=064 train_batch=340/392 running_loss=0.037945
2026-08-19 18:42:47 | INFO | epoch=064 train_batch=350/392 running_loss=0.037960
2026-08-19 18:42:47 | INFO | epoch=064 train_batch=360/392 running_loss=0.037969
2026-08-19 18:42:47 | INFO | epoch=064 train_batch=370/392 running_loss=0.038059
2026-08-19 18:42:47 | INFO | epoch=064 train_batch=380/392 running_loss=0.038084
2026-08-19 18:42:48 | INFO | epoch=064 train_batch=390/392 running_loss=0.038112
2026-08-19 18:42:48 | INFO | epoch=064 train_batch=392/392 running_loss=0.038124
2026-08-19 18:42:48 | INFO | epoch=064 train_loss=0.038124 validation_loss=0.254177
2026-08-19 18:42:49 | INFO | epoch=065 train_batch=10/392 running_loss=0.038772
2026-08-19 18:42:49 | INFO | epoch=065 train_batch=20/392 running_loss=0.039347
2026-08-19 18:42:49 | INFO | epoch=065 train_batch=30/392 running_loss=0.038514
2026-08-19 18:42:49 | INFO | epoch=065 train_batch=40/392 running_loss=0.037961
2026-08-19 18:42:50 | INFO | epoch=065 train_batch=50/392 running_loss=0.037626
2026-08-19 18:42:50 | INFO | epoch=065 train_batch=60/392 running_loss=0.037260
2026-08-19 18:42:50 | INFO | epoch=065 train_batch=70/392 running_loss=0.037283
2026-08-19 18:42:50 | INFO | epoch=065 train_batch=80/392 running_loss=0.037610
2026-08-19 18:42:51 | INFO | epoch=065 train_batch=90/392 running_loss=0.037683
2026-08-19 18:42:51 | INFO | epoch=065 train_batch=100/392 running_loss=0.037238
2026-08-19 18:42:51 | INFO | epoch=065 train_batch=110/392 running_loss=0.037655
2026-08-19 18:42:51 | INFO | epoch=065 train_batch=120/392 running_loss=0.037510
2026-08-19 18:42:52 | INFO | epoch=065 train_batch=130/392 running_loss=0.037262
2026-08-19 18:42:52 | INFO | epoch=065 train_batch=140/392 running_loss=0.037370
2026-08-19 18:42:52 | INFO | epoch=065 train_batch=150/392 running_loss=0.037378
2026-08-19 18:42:52 | INFO | epoch=065 train_batch=160/392 running_loss=0.037316
2026-08-19 18:42:53 | INFO | epoch=065 train_batch=170/392 running_loss=0.037444
2026-08-19 18:42:53 | INFO | epoch=065 train_batch=180/392 running_loss=0.037450
2026-08-19 18:42:53 | INFO | epoch=065 train_batch=190/392 running_loss=0.037478
2026-08-19 18:42:53 | INFO | epoch=065 train_batch=200/392 running_loss=0.037553
2026-08-19 18:42:54 | INFO | epoch=065 train_batch=210/392 running_loss=0.037503
2026-08-19 18:42:54 | INFO | epoch=065 train_batch=220/392 running_loss=0.037481
2026-08-19 18:42:54 | INFO | epoch=065 train_batch=230/392 running_loss=0.037531
2026-08-19 18:42:54 | INFO | epoch=065 train_batch=240/392 running_loss=0.037700
2026-08-19 18:42:55 | INFO | epoch=065 train_batch=250/392 running_loss=0.037653
2026-08-19 18:42:55 | INFO | epoch=065 train_batch=260/392 running_loss=0.037702
2026-08-19 18:42:55 | INFO | epoch=065 train_batch=270/392 running_loss=0.037657
2026-08-19 18:42:55 | INFO | epoch=065 train_batch=280/392 running_loss=0.037511
2026-08-19 18:42:56 | INFO | epoch=065 train_batch=290/392 running_loss=0.037696
2026-08-19 18:42:56 | INFO | epoch=065 train_batch=300/392 running_loss=0.037721
2026-08-19 18:42:56 | INFO | epoch=065 train_batch=310/392 running_loss=0.037759
2026-08-19 18:42:56 | INFO | epoch=065 train_batch=320/392 running_loss=0.037944
2026-08-19 18:42:57 | INFO | epoch=065 train_batch=330/392 running_loss=0.037950
2026-08-19 18:42:57 | INFO | epoch=065 train_batch=340/392 running_loss=0.037936
2026-08-19 18:42:57 | INFO | epoch=065 train_batch=350/392 running_loss=0.037934
2026-08-19 18:42:57 | INFO | epoch=065 train_batch=360/392 running_loss=0.037852
2026-08-19 18:42:58 | INFO | epoch=065 train_batch=370/392 running_loss=0.037858
2026-08-19 18:42:58 | INFO | epoch=065 train_batch=380/392 running_loss=0.037914
2026-08-19 18:42:58 | INFO | epoch=065 train_batch=390/392 running_loss=0.037903
2026-08-19 18:42:58 | INFO | epoch=065 train_batch=392/392 running_loss=0.037895
2026-08-19 18:42:59 | INFO | epoch=065 train_loss=0.037895 validation_loss=0.259209
2026-08-19 18:42:59 | INFO | epoch=066 train_batch=10/392 running_loss=0.036798
2026-08-19 18:42:59 | INFO | epoch=066 train_batch=20/392 running_loss=0.036974
2026-08-19 18:43:00 | INFO | epoch=066 train_batch=30/392 running_loss=0.037189
2026-08-19 18:43:00 | INFO | epoch=066 train_batch=40/392 running_loss=0.037670
2026-08-19 18:43:00 | INFO | epoch=066 train_batch=50/392 running_loss=0.037928
2026-08-19 18:43:00 | INFO | epoch=066 train_batch=60/392 running_loss=0.037884
2026-08-19 18:43:01 | INFO | epoch=066 train_batch=70/392 running_loss=0.038122
2026-08-19 18:43:01 | INFO | epoch=066 train_batch=80/392 running_loss=0.038373
2026-08-19 18:43:01 | INFO | epoch=066 train_batch=90/392 running_loss=0.038459
2026-08-19 18:43:01 | INFO | epoch=066 train_batch=100/392 running_loss=0.038300
2026-08-19 18:43:02 | INFO | epoch=066 train_batch=110/392 running_loss=0.038366
2026-08-19 18:43:02 | INFO | epoch=066 train_batch=120/392 running_loss=0.038355
2026-08-19 18:43:02 | INFO | epoch=066 train_batch=130/392 running_loss=0.038311
2026-08-19 18:43:02 | INFO | epoch=066 train_batch=140/392 running_loss=0.038118
2026-08-19 18:43:03 | INFO | epoch=066 train_batch=150/392 running_loss=0.038225
2026-08-19 18:43:03 | INFO | epoch=066 train_batch=160/392 running_loss=0.038209
2026-08-19 18:43:03 | INFO | epoch=066 train_batch=170/392 running_loss=0.038088
2026-08-19 18:43:03 | INFO | epoch=066 train_batch=180/392 running_loss=0.037990
2026-08-19 18:43:04 | INFO | epoch=066 train_batch=190/392 running_loss=0.038116
2026-08-19 18:43:04 | INFO | epoch=066 train_batch=200/392 running_loss=0.038019
2026-08-19 18:43:04 | INFO | epoch=066 train_batch=210/392 running_loss=0.037895
2026-08-19 18:43:04 | INFO | epoch=066 train_batch=220/392 running_loss=0.037864
2026-08-19 18:43:05 | INFO | epoch=066 train_batch=230/392 running_loss=0.037897
2026-08-19 18:43:05 | INFO | epoch=066 train_batch=240/392 running_loss=0.037826
2026-08-19 18:43:05 | INFO | epoch=066 train_batch=250/392 running_loss=0.037757
2026-08-19 18:43:05 | INFO | epoch=066 train_batch=260/392 running_loss=0.037659
2026-08-19 18:43:05 | INFO | epoch=066 train_batch=270/392 running_loss=0.037790
2026-08-19 18:43:06 | INFO | epoch=066 train_batch=280/392 running_loss=0.037890
2026-08-19 18:43:06 | INFO | epoch=066 train_batch=290/392 running_loss=0.037948
2026-08-19 18:43:06 | INFO | epoch=066 train_batch=300/392 running_loss=0.037939
2026-08-19 18:43:06 | INFO | epoch=066 train_batch=310/392 running_loss=0.037926
2026-08-19 18:43:07 | INFO | epoch=066 train_batch=320/392 running_loss=0.037914
2026-08-19 18:43:07 | INFO | epoch=066 train_batch=330/392 running_loss=0.037923
2026-08-19 18:43:07 | INFO | epoch=066 train_batch=340/392 running_loss=0.037881
2026-08-19 18:43:07 | INFO | epoch=066 train_batch=350/392 running_loss=0.037889
2026-08-19 18:43:08 | INFO | epoch=066 train_batch=360/392 running_loss=0.037923
2026-08-19 18:43:08 | INFO | epoch=066 train_batch=370/392 running_loss=0.037975
2026-08-19 18:43:08 | INFO | epoch=066 train_batch=380/392 running_loss=0.037890
2026-08-19 18:43:08 | INFO | epoch=066 train_batch=390/392 running_loss=0.037911
2026-08-19 18:43:09 | INFO | epoch=066 train_batch=392/392 running_loss=0.037888
2026-08-19 18:43:09 | INFO | epoch=066 train_loss=0.037888 validation_loss=0.250362
2026-08-19 18:43:09 | INFO | epoch=066 saved new best.pt
2026-08-19 18:43:10 | INFO | epoch=067 train_batch=10/392 running_loss=0.037439
2026-08-19 18:43:10 | INFO | epoch=067 train_batch=20/392 running_loss=0.038613
2026-08-19 18:43:10 | INFO | epoch=067 train_batch=30/392 running_loss=0.038125
2026-08-19 18:43:10 | INFO | epoch=067 train_batch=40/392 running_loss=0.037513
2026-08-19 18:43:11 | INFO | epoch=067 train_batch=50/392 running_loss=0.036880
2026-08-19 18:43:11 | INFO | epoch=067 train_batch=60/392 running_loss=0.036821
2026-08-19 18:43:11 | INFO | epoch=067 train_batch=70/392 running_loss=0.036982
2026-08-19 18:43:11 | INFO | epoch=067 train_batch=80/392 running_loss=0.036844
2026-08-19 18:43:12 | INFO | epoch=067 train_batch=90/392 running_loss=0.037139
2026-08-19 18:43:12 | INFO | epoch=067 train_batch=100/392 running_loss=0.036899
2026-08-19 18:43:12 | INFO | epoch=067 train_batch=110/392 running_loss=0.037077
2026-08-19 18:43:12 | INFO | epoch=067 train_batch=120/392 running_loss=0.036967
2026-08-19 18:43:13 | INFO | epoch=067 train_batch=130/392 running_loss=0.037016
2026-08-19 18:43:13 | INFO | epoch=067 train_batch=140/392 running_loss=0.037015
2026-08-19 18:43:13 | INFO | epoch=067 train_batch=150/392 running_loss=0.037080
2026-08-19 18:43:13 | INFO | epoch=067 train_batch=160/392 running_loss=0.037108
2026-08-19 18:43:14 | INFO | epoch=067 train_batch=170/392 running_loss=0.037041
2026-08-19 18:43:14 | INFO | epoch=067 train_batch=180/392 running_loss=0.037128
2026-08-19 18:43:14 | INFO | epoch=067 train_batch=190/392 running_loss=0.037117
2026-08-19 18:43:14 | INFO | epoch=067 train_batch=200/392 running_loss=0.037185
2026-08-19 18:43:14 | INFO | epoch=067 train_batch=210/392 running_loss=0.037316
2026-08-19 18:43:15 | INFO | epoch=067 train_batch=220/392 running_loss=0.037513
2026-08-19 18:43:15 | INFO | epoch=067 train_batch=230/392 running_loss=0.037601
2026-08-19 18:43:15 | INFO | epoch=067 train_batch=240/392 running_loss=0.037626
2026-08-19 18:43:15 | INFO | epoch=067 train_batch=250/392 running_loss=0.037681
2026-08-19 18:43:16 | INFO | epoch=067 train_batch=260/392 running_loss=0.037626
2026-08-19 18:43:16 | INFO | epoch=067 train_batch=270/392 running_loss=0.037622
2026-08-19 18:43:16 | INFO | epoch=067 train_batch=280/392 running_loss=0.037727
2026-08-19 18:43:16 | INFO | epoch=067 train_batch=290/392 running_loss=0.037840
2026-08-19 18:43:17 | INFO | epoch=067 train_batch=300/392 running_loss=0.037860
2026-08-19 18:43:17 | INFO | epoch=067 train_batch=310/392 running_loss=0.037927
2026-08-19 18:43:17 | INFO | epoch=067 train_batch=320/392 running_loss=0.037992
2026-08-19 18:43:17 | INFO | epoch=067 train_batch=330/392 running_loss=0.037913
2026-08-19 18:43:17 | INFO | epoch=067 train_batch=340/392 running_loss=0.037954
2026-08-19 18:43:18 | INFO | epoch=067 train_batch=350/392 running_loss=0.037897
2026-08-19 18:43:18 | INFO | epoch=067 train_batch=360/392 running_loss=0.037886
2026-08-19 18:43:18 | INFO | epoch=067 train_batch=370/392 running_loss=0.037956
2026-08-19 18:43:18 | INFO | epoch=067 train_batch=380/392 running_loss=0.037930
2026-08-19 18:43:19 | INFO | epoch=067 train_batch=390/392 running_loss=0.037895
2026-08-19 18:43:19 | INFO | epoch=067 train_batch=392/392 running_loss=0.037895
2026-08-19 18:43:19 | INFO | epoch=067 train_loss=0.037895 validation_loss=0.254015
2026-08-19 18:43:20 | INFO | epoch=068 train_batch=10/392 running_loss=0.034778
2026-08-19 18:43:20 | INFO | epoch=068 train_batch=20/392 running_loss=0.036651
2026-08-19 18:43:20 | INFO | epoch=068 train_batch=30/392 running_loss=0.036248
2026-08-19 18:43:20 | INFO | epoch=068 train_batch=40/392 running_loss=0.035189
2026-08-19 18:43:21 | INFO | epoch=068 train_batch=50/392 running_loss=0.035283
2026-08-19 18:43:21 | INFO | epoch=068 train_batch=60/392 running_loss=0.035449
2026-08-19 18:43:21 | INFO | epoch=068 train_batch=70/392 running_loss=0.035781
2026-08-19 18:43:21 | INFO | epoch=068 train_batch=80/392 running_loss=0.036023
2026-08-19 18:43:22 | INFO | epoch=068 train_batch=90/392 running_loss=0.036450
2026-08-19 18:43:22 | INFO | epoch=068 train_batch=100/392 running_loss=0.036834
2026-08-19 18:43:22 | INFO | epoch=068 train_batch=110/392 running_loss=0.037170
2026-08-19 18:43:22 | INFO | epoch=068 train_batch=120/392 running_loss=0.037229
2026-08-19 18:43:22 | INFO | epoch=068 train_batch=130/392 running_loss=0.037090
2026-08-19 18:43:23 | INFO | epoch=068 train_batch=140/392 running_loss=0.037019
2026-08-19 18:43:23 | INFO | epoch=068 train_batch=150/392 running_loss=0.037112
2026-08-19 18:43:23 | INFO | epoch=068 train_batch=160/392 running_loss=0.037349
2026-08-19 18:43:23 | INFO | epoch=068 train_batch=170/392 running_loss=0.037338
2026-08-19 18:43:24 | INFO | epoch=068 train_batch=180/392 running_loss=0.037348
2026-08-19 18:43:24 | INFO | epoch=068 train_batch=190/392 running_loss=0.037502
2026-08-19 18:43:24 | INFO | epoch=068 train_batch=200/392 running_loss=0.037425
2026-08-19 18:43:24 | INFO | epoch=068 train_batch=210/392 running_loss=0.037486
2026-08-19 18:43:25 | INFO | epoch=068 train_batch=220/392 running_loss=0.037491
2026-08-19 18:43:25 | INFO | epoch=068 train_batch=230/392 running_loss=0.037556
2026-08-19 18:43:25 | INFO | epoch=068 train_batch=240/392 running_loss=0.037461
2026-08-19 18:43:25 | INFO | epoch=068 train_batch=250/392 running_loss=0.037390
2026-08-19 18:43:25 | INFO | epoch=068 train_batch=260/392 running_loss=0.037390
2026-08-19 18:43:26 | INFO | epoch=068 train_batch=270/392 running_loss=0.037404
2026-08-19 18:43:26 | INFO | epoch=068 train_batch=280/392 running_loss=0.037499
2026-08-19 18:43:26 | INFO | epoch=068 train_batch=290/392 running_loss=0.037501
2026-08-19 18:43:26 | INFO | epoch=068 train_batch=300/392 running_loss=0.037504
2026-08-19 18:43:27 | INFO | epoch=068 train_batch=310/392 running_loss=0.037463
2026-08-19 18:43:27 | INFO | epoch=068 train_batch=320/392 running_loss=0.037442
2026-08-19 18:43:27 | INFO | epoch=068 train_batch=330/392 running_loss=0.037419
2026-08-19 18:43:27 | INFO | epoch=068 train_batch=340/392 running_loss=0.037409
2026-08-19 18:43:28 | INFO | epoch=068 train_batch=350/392 running_loss=0.037439
2026-08-19 18:43:28 | INFO | epoch=068 train_batch=360/392 running_loss=0.037402
2026-08-19 18:43:28 | INFO | epoch=068 train_batch=370/392 running_loss=0.037295
2026-08-19 18:43:28 | INFO | epoch=068 train_batch=380/392 running_loss=0.037292
2026-08-19 18:43:28 | INFO | epoch=068 train_batch=390/392 running_loss=0.037435
2026-08-19 18:43:28 | INFO | epoch=068 train_batch=392/392 running_loss=0.037384
2026-08-19 18:43:29 | INFO | epoch=068 train_loss=0.037384 validation_loss=0.255141
2026-08-19 18:43:29 | INFO | epoch=069 train_batch=10/392 running_loss=0.036370
2026-08-19 18:43:30 | INFO | epoch=069 train_batch=20/392 running_loss=0.038681
2026-08-19 18:43:30 | INFO | epoch=069 train_batch=30/392 running_loss=0.037717
2026-08-19 18:43:30 | INFO | epoch=069 train_batch=40/392 running_loss=0.037146
2026-08-19 18:43:30 | INFO | epoch=069 train_batch=50/392 running_loss=0.037429
2026-08-19 18:43:31 | INFO | epoch=069 train_batch=60/392 running_loss=0.037086
2026-08-19 18:43:31 | INFO | epoch=069 train_batch=70/392 running_loss=0.036765
2026-08-19 18:43:31 | INFO | epoch=069 train_batch=80/392 running_loss=0.036698
2026-08-19 18:43:31 | INFO | epoch=069 train_batch=90/392 running_loss=0.036527
2026-08-19 18:43:32 | INFO | epoch=069 train_batch=100/392 running_loss=0.036748
2026-08-19 18:43:32 | INFO | epoch=069 train_batch=110/392 running_loss=0.036753
2026-08-19 18:43:32 | INFO | epoch=069 train_batch=120/392 running_loss=0.037000
2026-08-19 18:43:32 | INFO | epoch=069 train_batch=130/392 running_loss=0.036825
2026-08-19 18:43:32 | INFO | epoch=069 train_batch=140/392 running_loss=0.036819
2026-08-19 18:43:33 | INFO | epoch=069 train_batch=150/392 running_loss=0.036814
2026-08-19 18:43:33 | INFO | epoch=069 train_batch=160/392 running_loss=0.036982
2026-08-19 18:43:33 | INFO | epoch=069 train_batch=170/392 running_loss=0.037015
2026-08-19 18:43:33 | INFO | epoch=069 train_batch=180/392 running_loss=0.037088
2026-08-19 18:43:34 | INFO | epoch=069 train_batch=190/392 running_loss=0.037182
2026-08-19 18:43:34 | INFO | epoch=069 train_batch=200/392 running_loss=0.037128
2026-08-19 18:43:34 | INFO | epoch=069 train_batch=210/392 running_loss=0.037100
2026-08-19 18:43:34 | INFO | epoch=069 train_batch=220/392 running_loss=0.037109
2026-08-19 18:43:35 | INFO | epoch=069 train_batch=230/392 running_loss=0.037051
2026-08-19 18:43:35 | INFO | epoch=069 train_batch=240/392 running_loss=0.036968
2026-08-19 18:43:35 | INFO | epoch=069 train_batch=250/392 running_loss=0.037066
2026-08-19 18:43:35 | INFO | epoch=069 train_batch=260/392 running_loss=0.037064
2026-08-19 18:43:35 | INFO | epoch=069 train_batch=270/392 running_loss=0.037092
2026-08-19 18:43:36 | INFO | epoch=069 train_batch=280/392 running_loss=0.037175
2026-08-19 18:43:36 | INFO | epoch=069 train_batch=290/392 running_loss=0.037152
2026-08-19 18:43:36 | INFO | epoch=069 train_batch=300/392 running_loss=0.037273
2026-08-19 18:43:36 | INFO | epoch=069 train_batch=310/392 running_loss=0.037305
2026-08-19 18:43:37 | INFO | epoch=069 train_batch=320/392 running_loss=0.037273
2026-08-19 18:43:37 | INFO | epoch=069 train_batch=330/392 running_loss=0.037259
2026-08-19 18:43:37 | INFO | epoch=069 train_batch=340/392 running_loss=0.037287
2026-08-19 18:43:37 | INFO | epoch=069 train_batch=350/392 running_loss=0.037318
2026-08-19 18:43:38 | INFO | epoch=069 train_batch=360/392 running_loss=0.037306
2026-08-19 18:43:38 | INFO | epoch=069 train_batch=370/392 running_loss=0.037294
2026-08-19 18:43:38 | INFO | epoch=069 train_batch=380/392 running_loss=0.037338
2026-08-19 18:43:38 | INFO | epoch=069 train_batch=390/392 running_loss=0.037297
2026-08-19 18:43:38 | INFO | epoch=069 train_batch=392/392 running_loss=0.037302
2026-08-19 18:43:39 | INFO | epoch=069 train_loss=0.037302 validation_loss=0.250498
2026-08-19 18:43:39 | INFO | epoch=070 train_batch=10/392 running_loss=0.039527
2026-08-19 18:43:40 | INFO | epoch=070 train_batch=20/392 running_loss=0.038463
2026-08-19 18:43:40 | INFO | epoch=070 train_batch=30/392 running_loss=0.037614
2026-08-19 18:43:40 | INFO | epoch=070 train_batch=40/392 running_loss=0.038267
2026-08-19 18:43:40 | INFO | epoch=070 train_batch=50/392 running_loss=0.038094
2026-08-19 18:43:40 | INFO | epoch=070 train_batch=60/392 running_loss=0.037873
2026-08-19 18:43:41 | INFO | epoch=070 train_batch=70/392 running_loss=0.037734
2026-08-19 18:43:41 | INFO | epoch=070 train_batch=80/392 running_loss=0.037821
2026-08-19 18:43:41 | INFO | epoch=070 train_batch=90/392 running_loss=0.037561
2026-08-19 18:43:41 | INFO | epoch=070 train_batch=100/392 running_loss=0.037504
2026-08-19 18:43:42 | INFO | epoch=070 train_batch=110/392 running_loss=0.037342
2026-08-19 18:43:42 | INFO | epoch=070 train_batch=120/392 running_loss=0.037187
2026-08-19 18:43:42 | INFO | epoch=070 train_batch=130/392 running_loss=0.037151
2026-08-19 18:43:42 | INFO | epoch=070 train_batch=140/392 running_loss=0.037321
2026-08-19 18:43:43 | INFO | epoch=070 train_batch=150/392 running_loss=0.037514
2026-08-19 18:43:43 | INFO | epoch=070 train_batch=160/392 running_loss=0.037563
2026-08-19 18:43:43 | INFO | epoch=070 train_batch=170/392 running_loss=0.037426
2026-08-19 18:43:43 | INFO | epoch=070 train_batch=180/392 running_loss=0.037454
2026-08-19 18:43:43 | INFO | epoch=070 train_batch=190/392 running_loss=0.037373
2026-08-19 18:43:44 | INFO | epoch=070 train_batch=200/392 running_loss=0.037355
2026-08-19 18:43:44 | INFO | epoch=070 train_batch=210/392 running_loss=0.037328
2026-08-19 18:43:44 | INFO | epoch=070 train_batch=220/392 running_loss=0.037436
2026-08-19 18:43:44 | INFO | epoch=070 train_batch=230/392 running_loss=0.037438
2026-08-19 18:43:45 | INFO | epoch=070 train_batch=240/392 running_loss=0.037554
2026-08-19 18:43:45 | INFO | epoch=070 train_batch=250/392 running_loss=0.037520
2026-08-19 18:43:45 | INFO | epoch=070 train_batch=260/392 running_loss=0.037630
2026-08-19 18:43:45 | INFO | epoch=070 train_batch=270/392 running_loss=0.037569
2026-08-19 18:43:46 | INFO | epoch=070 train_batch=280/392 running_loss=0.037515
2026-08-19 18:43:46 | INFO | epoch=070 train_batch=290/392 running_loss=0.037610
2026-08-19 18:43:46 | INFO | epoch=070 train_batch=300/392 running_loss=0.037725
2026-08-19 18:43:46 | INFO | epoch=070 train_batch=310/392 running_loss=0.037753
2026-08-19 18:43:46 | INFO | epoch=070 train_batch=320/392 running_loss=0.037749
2026-08-19 18:43:47 | INFO | epoch=070 train_batch=330/392 running_loss=0.037756
2026-08-19 18:43:47 | INFO | epoch=070 train_batch=340/392 running_loss=0.037710
2026-08-19 18:43:47 | INFO | epoch=070 train_batch=350/392 running_loss=0.037725
2026-08-19 18:43:47 | INFO | epoch=070 train_batch=360/392 running_loss=0.037688
2026-08-19 18:43:48 | INFO | epoch=070 train_batch=370/392 running_loss=0.037606
2026-08-19 18:43:48 | INFO | epoch=070 train_batch=380/392 running_loss=0.037628
2026-08-19 18:43:48 | INFO | epoch=070 train_batch=390/392 running_loss=0.037626
2026-08-19 18:43:48 | INFO | epoch=070 train_batch=392/392 running_loss=0.037674
2026-08-19 18:43:49 | INFO | epoch=070 train_loss=0.037674 validation_loss=0.259150
2026-08-19 18:43:49 | INFO | epoch=071 train_batch=10/392 running_loss=0.034364
2026-08-19 18:43:49 | INFO | epoch=071 train_batch=20/392 running_loss=0.037352
2026-08-19 18:43:49 | INFO | epoch=071 train_batch=30/392 running_loss=0.038120
2026-08-19 18:43:50 | INFO | epoch=071 train_batch=40/392 running_loss=0.037555
2026-08-19 18:43:50 | INFO | epoch=071 train_batch=50/392 running_loss=0.037577
2026-08-19 18:43:50 | INFO | epoch=071 train_batch=60/392 running_loss=0.037820
2026-08-19 18:43:50 | INFO | epoch=071 train_batch=70/392 running_loss=0.037479
2026-08-19 18:43:51 | INFO | epoch=071 train_batch=80/392 running_loss=0.037173
2026-08-19 18:43:51 | INFO | epoch=071 train_batch=90/392 running_loss=0.037191
2026-08-19 18:43:51 | INFO | epoch=071 train_batch=100/392 running_loss=0.037172
2026-08-19 18:43:51 | INFO | epoch=071 train_batch=110/392 running_loss=0.037278
2026-08-19 18:43:52 | INFO | epoch=071 train_batch=120/392 running_loss=0.037443
2026-08-19 18:43:52 | INFO | epoch=071 train_batch=130/392 running_loss=0.037366
2026-08-19 18:43:52 | INFO | epoch=071 train_batch=140/392 running_loss=0.037433
2026-08-19 18:43:52 | INFO | epoch=071 train_batch=150/392 running_loss=0.037305
2026-08-19 18:43:52 | INFO | epoch=071 train_batch=160/392 running_loss=0.037314
2026-08-19 18:43:53 | INFO | epoch=071 train_batch=170/392 running_loss=0.037263
2026-08-19 18:43:53 | INFO | epoch=071 train_batch=180/392 running_loss=0.037273
2026-08-19 18:43:53 | INFO | epoch=071 train_batch=190/392 running_loss=0.037349
2026-08-19 18:43:53 | INFO | epoch=071 train_batch=200/392 running_loss=0.037324
2026-08-19 18:43:54 | INFO | epoch=071 train_batch=210/392 running_loss=0.037368
2026-08-19 18:43:54 | INFO | epoch=071 train_batch=220/392 running_loss=0.037356
2026-08-19 18:43:54 | INFO | epoch=071 train_batch=230/392 running_loss=0.037338
2026-08-19 18:43:54 | INFO | epoch=071 train_batch=240/392 running_loss=0.037337
2026-08-19 18:43:55 | INFO | epoch=071 train_batch=250/392 running_loss=0.037341
2026-08-19 18:43:55 | INFO | epoch=071 train_batch=260/392 running_loss=0.037232
2026-08-19 18:43:55 | INFO | epoch=071 train_batch=270/392 running_loss=0.037173
2026-08-19 18:43:55 | INFO | epoch=071 train_batch=280/392 running_loss=0.037225
2026-08-19 18:43:55 | INFO | epoch=071 train_batch=290/392 running_loss=0.037315
2026-08-19 18:43:56 | INFO | epoch=071 train_batch=300/392 running_loss=0.037344
2026-08-19 18:43:56 | INFO | epoch=071 train_batch=310/392 running_loss=0.037355
2026-08-19 18:43:56 | INFO | epoch=071 train_batch=320/392 running_loss=0.037295
2026-08-19 18:43:56 | INFO | epoch=071 train_batch=330/392 running_loss=0.037381
2026-08-19 18:43:57 | INFO | epoch=071 train_batch=340/392 running_loss=0.037361
2026-08-19 18:43:57 | INFO | epoch=071 train_batch=350/392 running_loss=0.037406
2026-08-19 18:43:57 | INFO | epoch=071 train_batch=360/392 running_loss=0.037415
2026-08-19 18:43:57 | INFO | epoch=071 train_batch=370/392 running_loss=0.037397
2026-08-19 18:43:58 | INFO | epoch=071 train_batch=380/392 running_loss=0.037402
2026-08-19 18:43:58 | INFO | epoch=071 train_batch=390/392 running_loss=0.037386
2026-08-19 18:43:58 | INFO | epoch=071 train_batch=392/392 running_loss=0.037402
2026-08-19 18:43:58 | INFO | epoch=071 train_loss=0.037402 validation_loss=0.256597
2026-08-19 18:43:59 | INFO | epoch=072 train_batch=10/392 running_loss=0.036682
2026-08-19 18:43:59 | INFO | epoch=072 train_batch=20/392 running_loss=0.036175
2026-08-19 18:43:59 | INFO | epoch=072 train_batch=30/392 running_loss=0.035611
2026-08-19 18:43:59 | INFO | epoch=072 train_batch=40/392 running_loss=0.036222
2026-08-19 18:44:00 | INFO | epoch=072 train_batch=50/392 running_loss=0.036526
2026-08-19 18:44:00 | INFO | epoch=072 train_batch=60/392 running_loss=0.036309
2026-08-19 18:44:00 | INFO | epoch=072 train_batch=70/392 running_loss=0.036342
2026-08-19 18:44:00 | INFO | epoch=072 train_batch=80/392 running_loss=0.036391
2026-08-19 18:44:01 | INFO | epoch=072 train_batch=90/392 running_loss=0.036309
2026-08-19 18:44:01 | INFO | epoch=072 train_batch=100/392 running_loss=0.036499
2026-08-19 18:44:01 | INFO | epoch=072 train_batch=110/392 running_loss=0.036526
2026-08-19 18:44:01 | INFO | epoch=072 train_batch=120/392 running_loss=0.036572
2026-08-19 18:44:02 | INFO | epoch=072 train_batch=130/392 running_loss=0.036588
2026-08-19 18:44:02 | INFO | epoch=072 train_batch=140/392 running_loss=0.036684
2026-08-19 18:44:02 | INFO | epoch=072 train_batch=150/392 running_loss=0.036617
2026-08-19 18:44:02 | INFO | epoch=072 train_batch=160/392 running_loss=0.036515
2026-08-19 18:44:02 | INFO | epoch=072 train_batch=170/392 running_loss=0.036476
2026-08-19 18:44:03 | INFO | epoch=072 train_batch=180/392 running_loss=0.036605
2026-08-19 18:44:03 | INFO | epoch=072 train_batch=190/392 running_loss=0.036578
2026-08-19 18:44:03 | INFO | epoch=072 train_batch=200/392 running_loss=0.036736
2026-08-19 18:44:03 | INFO | epoch=072 train_batch=210/392 running_loss=0.036720
2026-08-19 18:44:04 | INFO | epoch=072 train_batch=220/392 running_loss=0.036792
2026-08-19 18:44:04 | INFO | epoch=072 train_batch=230/392 running_loss=0.036828
2026-08-19 18:44:04 | INFO | epoch=072 train_batch=240/392 running_loss=0.036990
2026-08-19 18:44:04 | INFO | epoch=072 train_batch=250/392 running_loss=0.036964
2026-08-19 18:44:05 | INFO | epoch=072 train_batch=260/392 running_loss=0.037098
2026-08-19 18:44:05 | INFO | epoch=072 train_batch=270/392 running_loss=0.037087
2026-08-19 18:44:05 | INFO | epoch=072 train_batch=280/392 running_loss=0.037004
2026-08-19 18:44:05 | INFO | epoch=072 train_batch=290/392 running_loss=0.037060
2026-08-19 18:44:05 | INFO | epoch=072 train_batch=300/392 running_loss=0.037057
2026-08-19 18:44:06 | INFO | epoch=072 train_batch=310/392 running_loss=0.037173
2026-08-19 18:44:06 | INFO | epoch=072 train_batch=320/392 running_loss=0.037179
2026-08-19 18:44:06 | INFO | epoch=072 train_batch=330/392 running_loss=0.037136
2026-08-19 18:44:06 | INFO | epoch=072 train_batch=340/392 running_loss=0.037134
2026-08-19 18:44:07 | INFO | epoch=072 train_batch=350/392 running_loss=0.037217
2026-08-19 18:44:07 | INFO | epoch=072 train_batch=360/392 running_loss=0.037344
2026-08-19 18:44:07 | INFO | epoch=072 train_batch=370/392 running_loss=0.037325
2026-08-19 18:44:07 | INFO | epoch=072 train_batch=380/392 running_loss=0.037353
2026-08-19 18:44:08 | INFO | epoch=072 train_batch=390/392 running_loss=0.037257
2026-08-19 18:44:08 | INFO | epoch=072 train_batch=392/392 running_loss=0.037232
2026-08-19 18:44:08 | INFO | epoch=072 train_loss=0.037232 validation_loss=0.259135
2026-08-19 18:44:09 | INFO | epoch=073 train_batch=10/392 running_loss=0.038034
2026-08-19 18:44:09 | INFO | epoch=073 train_batch=20/392 running_loss=0.036249
2026-08-19 18:44:09 | INFO | epoch=073 train_batch=30/392 running_loss=0.036728
2026-08-19 18:44:09 | INFO | epoch=073 train_batch=40/392 running_loss=0.036010
2026-08-19 18:44:10 | INFO | epoch=073 train_batch=50/392 running_loss=0.036406
2026-08-19 18:44:10 | INFO | epoch=073 train_batch=60/392 running_loss=0.036573
2026-08-19 18:44:10 | INFO | epoch=073 train_batch=70/392 running_loss=0.037077
2026-08-19 18:44:10 | INFO | epoch=073 train_batch=80/392 running_loss=0.037233
2026-08-19 18:44:11 | INFO | epoch=073 train_batch=90/392 running_loss=0.037115
2026-08-19 18:44:11 | INFO | epoch=073 train_batch=100/392 running_loss=0.037161
2026-08-19 18:44:11 | INFO | epoch=073 train_batch=110/392 running_loss=0.037208
2026-08-19 18:44:11 | INFO | epoch=073 train_batch=120/392 running_loss=0.037136
2026-08-19 18:44:11 | INFO | epoch=073 train_batch=130/392 running_loss=0.037045
2026-08-19 18:44:12 | INFO | epoch=073 train_batch=140/392 running_loss=0.037082
2026-08-19 18:44:12 | INFO | epoch=073 train_batch=150/392 running_loss=0.037120
2026-08-19 18:44:12 | INFO | epoch=073 train_batch=160/392 running_loss=0.037024
2026-08-19 18:44:12 | INFO | epoch=073 train_batch=170/392 running_loss=0.037017
2026-08-19 18:44:13 | INFO | epoch=073 train_batch=180/392 running_loss=0.037036
2026-08-19 18:44:13 | INFO | epoch=073 train_batch=190/392 running_loss=0.037285
2026-08-19 18:44:13 | INFO | epoch=073 train_batch=200/392 running_loss=0.037246
2026-08-19 18:44:13 | INFO | epoch=073 train_batch=210/392 running_loss=0.037121
2026-08-19 18:44:14 | INFO | epoch=073 train_batch=220/392 running_loss=0.037236
2026-08-19 18:44:14 | INFO | epoch=073 train_batch=230/392 running_loss=0.037145
2026-08-19 18:44:14 | INFO | epoch=073 train_batch=240/392 running_loss=0.037209
2026-08-19 18:44:14 | INFO | epoch=073 train_batch=250/392 running_loss=0.037071
2026-08-19 18:44:15 | INFO | epoch=073 train_batch=260/392 running_loss=0.037019
2026-08-19 18:44:15 | INFO | epoch=073 train_batch=270/392 running_loss=0.037065
2026-08-19 18:44:15 | INFO | epoch=073 train_batch=280/392 running_loss=0.037082
2026-08-19 18:44:15 | INFO | epoch=073 train_batch=290/392 running_loss=0.036962
2026-08-19 18:44:15 | INFO | epoch=073 train_batch=300/392 running_loss=0.036925
2026-08-19 18:44:16 | INFO | epoch=073 train_batch=310/392 running_loss=0.036966
2026-08-19 18:44:16 | INFO | epoch=073 train_batch=320/392 running_loss=0.037128
2026-08-19 18:44:16 | INFO | epoch=073 train_batch=330/392 running_loss=0.037138
2026-08-19 18:44:16 | INFO | epoch=073 train_batch=340/392 running_loss=0.037191
2026-08-19 18:44:17 | INFO | epoch=073 train_batch=350/392 running_loss=0.037207
2026-08-19 18:44:17 | INFO | epoch=073 train_batch=360/392 running_loss=0.037290
2026-08-19 18:44:17 | INFO | epoch=073 train_batch=370/392 running_loss=0.037243
2026-08-19 18:44:17 | INFO | epoch=073 train_batch=380/392 running_loss=0.037163
2026-08-19 18:44:18 | INFO | epoch=073 train_batch=390/392 running_loss=0.037152
2026-08-19 18:44:18 | INFO | epoch=073 train_batch=392/392 running_loss=0.037192
2026-08-19 18:44:18 | INFO | epoch=073 train_loss=0.037192 validation_loss=0.253597
2026-08-19 18:44:18 | INFO | epoch=074 train_batch=10/392 running_loss=0.036952
2026-08-19 18:44:19 | INFO | epoch=074 train_batch=20/392 running_loss=0.035813
2026-08-19 18:44:19 | INFO | epoch=074 train_batch=30/392 running_loss=0.035396
2026-08-19 18:44:19 | INFO | epoch=074 train_batch=40/392 running_loss=0.035122
2026-08-19 18:44:19 | INFO | epoch=074 train_batch=50/392 running_loss=0.035046
2026-08-19 18:44:20 | INFO | epoch=074 train_batch=60/392 running_loss=0.035012
2026-08-19 18:44:20 | INFO | epoch=074 train_batch=70/392 running_loss=0.035259
2026-08-19 18:44:20 | INFO | epoch=074 train_batch=80/392 running_loss=0.035467
2026-08-19 18:44:20 | INFO | epoch=074 train_batch=90/392 running_loss=0.035763
2026-08-19 18:44:21 | INFO | epoch=074 train_batch=100/392 running_loss=0.035942
2026-08-19 18:44:21 | INFO | epoch=074 train_batch=110/392 running_loss=0.035844
2026-08-19 18:44:21 | INFO | epoch=074 train_batch=120/392 running_loss=0.035965
2026-08-19 18:44:21 | INFO | epoch=074 train_batch=130/392 running_loss=0.036242
2026-08-19 18:44:21 | INFO | epoch=074 train_batch=140/392 running_loss=0.036601
2026-08-19 18:44:22 | INFO | epoch=074 train_batch=150/392 running_loss=0.036526
2026-08-19 18:44:22 | INFO | epoch=074 train_batch=160/392 running_loss=0.036440
2026-08-19 18:44:22 | INFO | epoch=074 train_batch=170/392 running_loss=0.036423
2026-08-19 18:44:22 | INFO | epoch=074 train_batch=180/392 running_loss=0.036333
2026-08-19 18:44:23 | INFO | epoch=074 train_batch=190/392 running_loss=0.036305
2026-08-19 18:44:23 | INFO | epoch=074 train_batch=200/392 running_loss=0.036124
2026-08-19 18:44:23 | INFO | epoch=074 train_batch=210/392 running_loss=0.036243
2026-08-19 18:44:23 | INFO | epoch=074 train_batch=220/392 running_loss=0.036388
2026-08-19 18:44:24 | INFO | epoch=074 train_batch=230/392 running_loss=0.036394
2026-08-19 18:44:24 | INFO | epoch=074 train_batch=240/392 running_loss=0.036540
2026-08-19 18:44:24 | INFO | epoch=074 train_batch=250/392 running_loss=0.036630
2026-08-19 18:44:24 | INFO | epoch=074 train_batch=260/392 running_loss=0.036614
2026-08-19 18:44:24 | INFO | epoch=074 train_batch=270/392 running_loss=0.036594
2026-08-19 18:44:25 | INFO | epoch=074 train_batch=280/392 running_loss=0.036645
2026-08-19 18:44:25 | INFO | epoch=074 train_batch=290/392 running_loss=0.036602
2026-08-19 18:44:25 | INFO | epoch=074 train_batch=300/392 running_loss=0.036726
2026-08-19 18:44:25 | INFO | epoch=074 train_batch=310/392 running_loss=0.036632
2026-08-19 18:44:26 | INFO | epoch=074 train_batch=320/392 running_loss=0.036805
2026-08-19 18:44:26 | INFO | epoch=074 train_batch=330/392 running_loss=0.036877
2026-08-19 18:44:26 | INFO | epoch=074 train_batch=340/392 running_loss=0.036919
2026-08-19 18:44:26 | INFO | epoch=074 train_batch=350/392 running_loss=0.036876
2026-08-19 18:44:27 | INFO | epoch=074 train_batch=360/392 running_loss=0.036975
2026-08-19 18:44:27 | INFO | epoch=074 train_batch=370/392 running_loss=0.037010
2026-08-19 18:44:27 | INFO | epoch=074 train_batch=380/392 running_loss=0.036899
2026-08-19 18:44:27 | INFO | epoch=074 train_batch=390/392 running_loss=0.036984
2026-08-19 18:44:27 | INFO | epoch=074 train_batch=392/392 running_loss=0.037023
2026-08-19 18:44:28 | INFO | epoch=074 train_loss=0.037023 validation_loss=0.261515
2026-08-19 18:44:28 | INFO | epoch=075 train_batch=10/392 running_loss=0.038482
2026-08-19 18:44:28 | INFO | epoch=075 train_batch=20/392 running_loss=0.037388
2026-08-19 18:44:29 | INFO | epoch=075 train_batch=30/392 running_loss=0.037680
2026-08-19 18:44:29 | INFO | epoch=075 train_batch=40/392 running_loss=0.038038
2026-08-19 18:44:29 | INFO | epoch=075 train_batch=50/392 running_loss=0.037903
2026-08-19 18:44:29 | INFO | epoch=075 train_batch=60/392 running_loss=0.037397
2026-08-19 18:44:30 | INFO | epoch=075 train_batch=70/392 running_loss=0.037297
2026-08-19 18:44:30 | INFO | epoch=075 train_batch=80/392 running_loss=0.036758
2026-08-19 18:44:30 | INFO | epoch=075 train_batch=90/392 running_loss=0.036504
2026-08-19 18:44:30 | INFO | epoch=075 train_batch=100/392 running_loss=0.036641
2026-08-19 18:44:31 | INFO | epoch=075 train_batch=110/392 running_loss=0.036373
2026-08-19 18:44:31 | INFO | epoch=075 train_batch=120/392 running_loss=0.036334
2026-08-19 18:44:31 | INFO | epoch=075 train_batch=130/392 running_loss=0.036649
2026-08-19 18:44:31 | INFO | epoch=075 train_batch=140/392 running_loss=0.036434
2026-08-19 18:44:31 | INFO | epoch=075 train_batch=150/392 running_loss=0.036443
2026-08-19 18:44:32 | INFO | epoch=075 train_batch=160/392 running_loss=0.036341
2026-08-19 18:44:32 | INFO | epoch=075 train_batch=170/392 running_loss=0.036326
2026-08-19 18:44:32 | INFO | epoch=075 train_batch=180/392 running_loss=0.036435
2026-08-19 18:44:32 | INFO | epoch=075 train_batch=190/392 running_loss=0.036443
2026-08-19 18:44:33 | INFO | epoch=075 train_batch=200/392 running_loss=0.036429
2026-08-19 18:44:33 | INFO | epoch=075 train_batch=210/392 running_loss=0.036685
2026-08-19 18:44:33 | INFO | epoch=075 train_batch=220/392 running_loss=0.036686
2026-08-19 18:44:33 | INFO | epoch=075 train_batch=230/392 running_loss=0.036615
2026-08-19 18:44:34 | INFO | epoch=075 train_batch=240/392 running_loss=0.036608
2026-08-19 18:44:34 | INFO | epoch=075 train_batch=250/392 running_loss=0.036624
2026-08-19 18:44:34 | INFO | epoch=075 train_batch=260/392 running_loss=0.036513
2026-08-19 18:44:34 | INFO | epoch=075 train_batch=270/392 running_loss=0.036466
2026-08-19 18:44:34 | INFO | epoch=075 train_batch=280/392 running_loss=0.036388
2026-08-19 18:44:35 | INFO | epoch=075 train_batch=290/392 running_loss=0.036314
2026-08-19 18:44:35 | INFO | epoch=075 train_batch=300/392 running_loss=0.036293
2026-08-19 18:44:35 | INFO | epoch=075 train_batch=310/392 running_loss=0.036248
2026-08-19 18:44:35 | INFO | epoch=075 train_batch=320/392 running_loss=0.036289
2026-08-19 18:44:36 | INFO | epoch=075 train_batch=330/392 running_loss=0.036335
2026-08-19 18:44:36 | INFO | epoch=075 train_batch=340/392 running_loss=0.036412
2026-08-19 18:44:36 | INFO | epoch=075 train_batch=350/392 running_loss=0.036471
2026-08-19 18:44:36 | INFO | epoch=075 train_batch=360/392 running_loss=0.036561
2026-08-19 18:44:37 | INFO | epoch=075 train_batch=370/392 running_loss=0.036693
2026-08-19 18:44:37 | INFO | epoch=075 train_batch=380/392 running_loss=0.036768
2026-08-19 18:44:37 | INFO | epoch=075 train_batch=390/392 running_loss=0.036821
2026-08-19 18:44:37 | INFO | epoch=075 train_batch=392/392 running_loss=0.036831
2026-08-19 18:44:38 | INFO | epoch=075 train_loss=0.036831 validation_loss=0.253778
2026-08-19 18:44:38 | INFO | epoch=076 train_batch=10/392 running_loss=0.036205
2026-08-19 18:44:38 | INFO | epoch=076 train_batch=20/392 running_loss=0.036886
2026-08-19 18:44:38 | INFO | epoch=076 train_batch=30/392 running_loss=0.037323
2026-08-19 18:44:39 | INFO | epoch=076 train_batch=40/392 running_loss=0.036614
2026-08-19 18:44:39 | INFO | epoch=076 train_batch=50/392 running_loss=0.036021
2026-08-19 18:44:39 | INFO | epoch=076 train_batch=60/392 running_loss=0.036214
2026-08-19 18:44:39 | INFO | epoch=076 train_batch=70/392 running_loss=0.036710
2026-08-19 18:44:40 | INFO | epoch=076 train_batch=80/392 running_loss=0.036426
2026-08-19 18:44:40 | INFO | epoch=076 train_batch=90/392 running_loss=0.036456
2026-08-19 18:44:40 | INFO | epoch=076 train_batch=100/392 running_loss=0.036652
2026-08-19 18:44:40 | INFO | epoch=076 train_batch=110/392 running_loss=0.036844
2026-08-19 18:44:41 | INFO | epoch=076 train_batch=120/392 running_loss=0.036557
2026-08-19 18:44:41 | INFO | epoch=076 train_batch=130/392 running_loss=0.036681
2026-08-19 18:44:41 | INFO | epoch=076 train_batch=140/392 running_loss=0.036396
2026-08-19 18:44:41 | INFO | epoch=076 train_batch=150/392 running_loss=0.036601
2026-08-19 18:44:41 | INFO | epoch=076 train_batch=160/392 running_loss=0.036654
2026-08-19 18:44:42 | INFO | epoch=076 train_batch=170/392 running_loss=0.036749
2026-08-19 18:44:42 | INFO | epoch=076 train_batch=180/392 running_loss=0.036812
2026-08-19 18:44:42 | INFO | epoch=076 train_batch=190/392 running_loss=0.036669
2026-08-19 18:44:42 | INFO | epoch=076 train_batch=200/392 running_loss=0.036823
2026-08-19 18:44:43 | INFO | epoch=076 train_batch=210/392 running_loss=0.036866
2026-08-19 18:44:43 | INFO | epoch=076 train_batch=220/392 running_loss=0.036826
2026-08-19 18:44:43 | INFO | epoch=076 train_batch=230/392 running_loss=0.037030
2026-08-19 18:44:43 | INFO | epoch=076 train_batch=240/392 running_loss=0.037121
2026-08-19 18:44:44 | INFO | epoch=076 train_batch=250/392 running_loss=0.037187
2026-08-19 18:44:44 | INFO | epoch=076 train_batch=260/392 running_loss=0.037186
2026-08-19 18:44:44 | INFO | epoch=076 train_batch=270/392 running_loss=0.037165
2026-08-19 18:44:44 | INFO | epoch=076 train_batch=280/392 running_loss=0.037163
2026-08-19 18:44:44 | INFO | epoch=076 train_batch=290/392 running_loss=0.037075
2026-08-19 18:44:45 | INFO | epoch=076 train_batch=300/392 running_loss=0.037006
2026-08-19 18:44:45 | INFO | epoch=076 train_batch=310/392 running_loss=0.036916
2026-08-19 18:44:45 | INFO | epoch=076 train_batch=320/392 running_loss=0.036922
2026-08-19 18:44:45 | INFO | epoch=076 train_batch=330/392 running_loss=0.036913
2026-08-19 18:44:46 | INFO | epoch=076 train_batch=340/392 running_loss=0.036847
2026-08-19 18:44:46 | INFO | epoch=076 train_batch=350/392 running_loss=0.036888
2026-08-19 18:44:46 | INFO | epoch=076 train_batch=360/392 running_loss=0.036869
2026-08-19 18:44:46 | INFO | epoch=076 train_batch=370/392 running_loss=0.036893
2026-08-19 18:44:47 | INFO | epoch=076 train_batch=380/392 running_loss=0.036864
2026-08-19 18:44:47 | INFO | epoch=076 train_batch=390/392 running_loss=0.036832
2026-08-19 18:44:47 | INFO | epoch=076 train_batch=392/392 running_loss=0.036862
2026-08-19 18:44:47 | INFO | epoch=076 train_loss=0.036862 validation_loss=0.258419
2026-08-19 18:44:48 | INFO | epoch=077 train_batch=10/392 running_loss=0.035891
2026-08-19 18:44:48 | INFO | epoch=077 train_batch=20/392 running_loss=0.037618
2026-08-19 18:44:48 | INFO | epoch=077 train_batch=30/392 running_loss=0.036869
2026-08-19 18:44:48 | INFO | epoch=077 train_batch=40/392 running_loss=0.036013
2026-08-19 18:44:49 | INFO | epoch=077 train_batch=50/392 running_loss=0.036622
2026-08-19 18:44:49 | INFO | epoch=077 train_batch=60/392 running_loss=0.037236
2026-08-19 18:44:49 | INFO | epoch=077 train_batch=70/392 running_loss=0.036567
2026-08-19 18:44:49 | INFO | epoch=077 train_batch=80/392 running_loss=0.036915
2026-08-19 18:44:50 | INFO | epoch=077 train_batch=90/392 running_loss=0.037048
2026-08-19 18:44:50 | INFO | epoch=077 train_batch=100/392 running_loss=0.036716
2026-08-19 18:44:50 | INFO | epoch=077 train_batch=110/392 running_loss=0.036357
2026-08-19 18:44:50 | INFO | epoch=077 train_batch=120/392 running_loss=0.036302
2026-08-19 18:44:50 | INFO | epoch=077 train_batch=130/392 running_loss=0.036370
2026-08-19 18:44:51 | INFO | epoch=077 train_batch=140/392 running_loss=0.036240
2026-08-19 18:44:51 | INFO | epoch=077 train_batch=150/392 running_loss=0.036243
2026-08-19 18:44:51 | INFO | epoch=077 train_batch=160/392 running_loss=0.036206
2026-08-19 18:44:51 | INFO | epoch=077 train_batch=170/392 running_loss=0.036300
2026-08-19 18:44:52 | INFO | epoch=077 train_batch=180/392 running_loss=0.036381
2026-08-19 18:44:52 | INFO | epoch=077 train_batch=190/392 running_loss=0.036414
2026-08-19 18:44:52 | INFO | epoch=077 train_batch=200/392 running_loss=0.036394
2026-08-19 18:44:52 | INFO | epoch=077 train_batch=210/392 running_loss=0.036495
2026-08-19 18:44:53 | INFO | epoch=077 train_batch=220/392 running_loss=0.036504
2026-08-19 18:44:53 | INFO | epoch=077 train_batch=230/392 running_loss=0.036581
2026-08-19 18:44:53 | INFO | epoch=077 train_batch=240/392 running_loss=0.036527
2026-08-19 18:44:53 | INFO | epoch=077 train_batch=250/392 running_loss=0.036562
2026-08-19 18:44:53 | INFO | epoch=077 train_batch=260/392 running_loss=0.036640
2026-08-19 18:44:54 | INFO | epoch=077 train_batch=270/392 running_loss=0.036690
2026-08-19 18:44:54 | INFO | epoch=077 train_batch=280/392 running_loss=0.036793
2026-08-19 18:44:54 | INFO | epoch=077 train_batch=290/392 running_loss=0.036712
2026-08-19 18:44:54 | INFO | epoch=077 train_batch=300/392 running_loss=0.036749
2026-08-19 18:44:55 | INFO | epoch=077 train_batch=310/392 running_loss=0.036765
2026-08-19 18:44:55 | INFO | epoch=077 train_batch=320/392 running_loss=0.036826
2026-08-19 18:44:55 | INFO | epoch=077 train_batch=330/392 running_loss=0.036837
2026-08-19 18:44:55 | INFO | epoch=077 train_batch=340/392 running_loss=0.036853
2026-08-19 18:44:56 | INFO | epoch=077 train_batch=350/392 running_loss=0.036781
2026-08-19 18:44:56 | INFO | epoch=077 train_batch=360/392 running_loss=0.036839
2026-08-19 18:44:56 | INFO | epoch=077 train_batch=370/392 running_loss=0.036947
2026-08-19 18:44:56 | INFO | epoch=077 train_batch=380/392 running_loss=0.036919
2026-08-19 18:44:57 | INFO | epoch=077 train_batch=390/392 running_loss=0.036839
2026-08-19 18:44:57 | INFO | epoch=077 train_batch=392/392 running_loss=0.036879
2026-08-19 18:44:57 | INFO | epoch=077 train_loss=0.036879 validation_loss=0.253364
2026-08-19 18:44:58 | INFO | epoch=078 train_batch=10/392 running_loss=0.035887
2026-08-19 18:44:58 | INFO | epoch=078 train_batch=20/392 running_loss=0.034140
2026-08-19 18:44:58 | INFO | epoch=078 train_batch=30/392 running_loss=0.035312
2026-08-19 18:44:58 | INFO | epoch=078 train_batch=40/392 running_loss=0.035164
2026-08-19 18:44:59 | INFO | epoch=078 train_batch=50/392 running_loss=0.034993
2026-08-19 18:44:59 | INFO | epoch=078 train_batch=60/392 running_loss=0.035120
2026-08-19 18:44:59 | INFO | epoch=078 train_batch=70/392 running_loss=0.034937
2026-08-19 18:44:59 | INFO | epoch=078 train_batch=80/392 running_loss=0.034999
2026-08-19 18:45:00 | INFO | epoch=078 train_batch=90/392 running_loss=0.035365
2026-08-19 18:45:00 | INFO | epoch=078 train_batch=100/392 running_loss=0.035222
2026-08-19 18:45:00 | INFO | epoch=078 train_batch=110/392 running_loss=0.035406
2026-08-19 18:45:00 | INFO | epoch=078 train_batch=120/392 running_loss=0.035476
2026-08-19 18:45:01 | INFO | epoch=078 train_batch=130/392 running_loss=0.035781
2026-08-19 18:45:01 | INFO | epoch=078 train_batch=140/392 running_loss=0.035860
2026-08-19 18:45:01 | INFO | epoch=078 train_batch=150/392 running_loss=0.036078
2026-08-19 18:45:01 | INFO | epoch=078 train_batch=160/392 running_loss=0.036101
2026-08-19 18:45:02 | INFO | epoch=078 train_batch=170/392 running_loss=0.036214
2026-08-19 18:45:02 | INFO | epoch=078 train_batch=180/392 running_loss=0.036282
2026-08-19 18:45:02 | INFO | epoch=078 train_batch=190/392 running_loss=0.036383
2026-08-19 18:45:02 | INFO | epoch=078 train_batch=200/392 running_loss=0.036450
2026-08-19 18:45:03 | INFO | epoch=078 train_batch=210/392 running_loss=0.036410
2026-08-19 18:45:03 | INFO | epoch=078 train_batch=220/392 running_loss=0.036295
2026-08-19 18:45:03 | INFO | epoch=078 train_batch=230/392 running_loss=0.036325
2026-08-19 18:45:03 | INFO | epoch=078 train_batch=240/392 running_loss=0.036372
2026-08-19 18:45:04 | INFO | epoch=078 train_batch=250/392 running_loss=0.036370
2026-08-19 18:45:04 | INFO | epoch=078 train_batch=260/392 running_loss=0.036279
2026-08-19 18:45:04 | INFO | epoch=078 train_batch=270/392 running_loss=0.036361
2026-08-19 18:45:04 | INFO | epoch=078 train_batch=280/392 running_loss=0.036460
2026-08-19 18:45:04 | INFO | epoch=078 train_batch=290/392 running_loss=0.036463
2026-08-19 18:45:05 | INFO | epoch=078 train_batch=300/392 running_loss=0.036379
2026-08-19 18:45:05 | INFO | epoch=078 train_batch=310/392 running_loss=0.036338
2026-08-19 18:45:05 | INFO | epoch=078 train_batch=320/392 running_loss=0.036383
2026-08-19 18:45:05 | INFO | epoch=078 train_batch=330/392 running_loss=0.036385
2026-08-19 18:45:06 | INFO | epoch=078 train_batch=340/392 running_loss=0.036424
2026-08-19 18:45:06 | INFO | epoch=078 train_batch=350/392 running_loss=0.036474
2026-08-19 18:45:06 | INFO | epoch=078 train_batch=360/392 running_loss=0.036468
2026-08-19 18:45:06 | INFO | epoch=078 train_batch=370/392 running_loss=0.036542
2026-08-19 18:45:07 | INFO | epoch=078 train_batch=380/392 running_loss=0.036608
2026-08-19 18:45:07 | INFO | epoch=078 train_batch=390/392 running_loss=0.036613
2026-08-19 18:45:07 | INFO | epoch=078 train_batch=392/392 running_loss=0.036581
2026-08-19 18:45:08 | INFO | epoch=078 train_loss=0.036581 validation_loss=0.261343
2026-08-19 18:45:08 | INFO | epoch=079 train_batch=10/392 running_loss=0.036061
2026-08-19 18:45:08 | INFO | epoch=079 train_batch=20/392 running_loss=0.035273
2026-08-19 18:45:09 | INFO | epoch=079 train_batch=30/392 running_loss=0.036364
2026-08-19 18:45:09 | INFO | epoch=079 train_batch=40/392 running_loss=0.035741
2026-08-19 18:45:09 | INFO | epoch=079 train_batch=50/392 running_loss=0.035385
2026-08-19 18:45:09 | INFO | epoch=079 train_batch=60/392 running_loss=0.034686
2026-08-19 18:45:10 | INFO | epoch=079 train_batch=70/392 running_loss=0.035135
2026-08-19 18:45:10 | INFO | epoch=079 train_batch=80/392 running_loss=0.034957
2026-08-19 18:45:10 | INFO | epoch=079 train_batch=90/392 running_loss=0.035552
2026-08-19 18:45:10 | INFO | epoch=079 train_batch=100/392 running_loss=0.035512
2026-08-19 18:45:11 | INFO | epoch=079 train_batch=110/392 running_loss=0.035717
2026-08-19 18:45:11 | INFO | epoch=079 train_batch=120/392 running_loss=0.035756
2026-08-19 18:45:11 | INFO | epoch=079 train_batch=130/392 running_loss=0.036028
2026-08-19 18:45:11 | INFO | epoch=079 train_batch=140/392 running_loss=0.036206
2026-08-19 18:45:12 | INFO | epoch=079 train_batch=150/392 running_loss=0.036193
2026-08-19 18:45:12 | INFO | epoch=079 train_batch=160/392 running_loss=0.036179
2026-08-19 18:45:12 | INFO | epoch=079 train_batch=170/392 running_loss=0.036224
2026-08-19 18:45:12 | INFO | epoch=079 train_batch=180/392 running_loss=0.036218
2026-08-19 18:45:13 | INFO | epoch=079 train_batch=190/392 running_loss=0.036215
2026-08-19 18:45:13 | INFO | epoch=079 train_batch=200/392 running_loss=0.036389
2026-08-19 18:45:13 | INFO | epoch=079 train_batch=210/392 running_loss=0.036514
2026-08-19 18:45:13 | INFO | epoch=079 train_batch=220/392 running_loss=0.036527
2026-08-19 18:45:14 | INFO | epoch=079 train_batch=230/392 running_loss=0.036545
2026-08-19 18:45:14 | INFO | epoch=079 train_batch=240/392 running_loss=0.036491
2026-08-19 18:45:14 | INFO | epoch=079 train_batch=250/392 running_loss=0.036546
2026-08-19 18:45:14 | INFO | epoch=079 train_batch=260/392 running_loss=0.036604
2026-08-19 18:45:14 | INFO | epoch=079 train_batch=270/392 running_loss=0.036611
2026-08-19 18:45:15 | INFO | epoch=079 train_batch=280/392 running_loss=0.036564
2026-08-19 18:45:15 | INFO | epoch=079 train_batch=290/392 running_loss=0.036625
2026-08-19 18:45:15 | INFO | epoch=079 train_batch=300/392 running_loss=0.036649
2026-08-19 18:45:15 | INFO | epoch=079 train_batch=310/392 running_loss=0.036610
2026-08-19 18:45:16 | INFO | epoch=079 train_batch=320/392 running_loss=0.036657
2026-08-19 18:45:16 | INFO | epoch=079 train_batch=330/392 running_loss=0.036620
2026-08-19 18:45:16 | INFO | epoch=079 train_batch=340/392 running_loss=0.036650
2026-08-19 18:45:16 | INFO | epoch=079 train_batch=350/392 running_loss=0.036612
2026-08-19 18:45:17 | INFO | epoch=079 train_batch=360/392 running_loss=0.036628
2026-08-19 18:45:17 | INFO | epoch=079 train_batch=370/392 running_loss=0.036674
2026-08-19 18:45:17 | INFO | epoch=079 train_batch=380/392 running_loss=0.036644
2026-08-19 18:45:17 | INFO | epoch=079 train_batch=390/392 running_loss=0.036614
2026-08-19 18:45:18 | INFO | epoch=079 train_batch=392/392 running_loss=0.036638
2026-08-19 18:45:18 | INFO | epoch=079 train_loss=0.036638 validation_loss=0.253028
2026-08-19 18:45:19 | INFO | epoch=080 train_batch=10/392 running_loss=0.036816
2026-08-19 18:45:19 | INFO | epoch=080 train_batch=20/392 running_loss=0.038005
2026-08-19 18:45:19 | INFO | epoch=080 train_batch=30/392 running_loss=0.038207
2026-08-19 18:45:19 | INFO | epoch=080 train_batch=40/392 running_loss=0.037281
2026-08-19 18:45:20 | INFO | epoch=080 train_batch=50/392 running_loss=0.036462
2026-08-19 18:45:20 | INFO | epoch=080 train_batch=60/392 running_loss=0.036562
2026-08-19 18:45:20 | INFO | epoch=080 train_batch=70/392 running_loss=0.036408
2026-08-19 18:45:20 | INFO | epoch=080 train_batch=80/392 running_loss=0.036573
2026-08-19 18:45:21 | INFO | epoch=080 train_batch=90/392 running_loss=0.036511
2026-08-19 18:45:21 | INFO | epoch=080 train_batch=100/392 running_loss=0.036620
2026-08-19 18:45:21 | INFO | epoch=080 train_batch=110/392 running_loss=0.036694
2026-08-19 18:45:21 | INFO | epoch=080 train_batch=120/392 running_loss=0.036758
2026-08-19 18:45:22 | INFO | epoch=080 train_batch=130/392 running_loss=0.036581
2026-08-19 18:45:22 | INFO | epoch=080 train_batch=140/392 running_loss=0.036429
2026-08-19 18:45:22 | INFO | epoch=080 train_batch=150/392 running_loss=0.036293
2026-08-19 18:45:22 | INFO | epoch=080 train_batch=160/392 running_loss=0.036613
2026-08-19 18:45:23 | INFO | epoch=080 train_batch=170/392 running_loss=0.036646
2026-08-19 18:45:23 | INFO | epoch=080 train_batch=180/392 running_loss=0.036507
2026-08-19 18:45:23 | INFO | epoch=080 train_batch=190/392 running_loss=0.036654
2026-08-19 18:45:23 | INFO | epoch=080 train_batch=200/392 running_loss=0.036520
2026-08-19 18:45:24 | INFO | epoch=080 train_batch=210/392 running_loss=0.036498
2026-08-19 18:45:24 | INFO | epoch=080 train_batch=220/392 running_loss=0.036478
2026-08-19 18:45:24 | INFO | epoch=080 train_batch=230/392 running_loss=0.036280
2026-08-19 18:45:24 | INFO | epoch=080 train_batch=240/392 running_loss=0.036289
2026-08-19 18:45:25 | INFO | epoch=080 train_batch=250/392 running_loss=0.036351
2026-08-19 18:45:25 | INFO | epoch=080 train_batch=260/392 running_loss=0.036333
2026-08-19 18:45:25 | INFO | epoch=080 train_batch=270/392 running_loss=0.036290
2026-08-19 18:45:25 | INFO | epoch=080 train_batch=280/392 running_loss=0.036320
2026-08-19 18:45:25 | INFO | epoch=080 train_batch=290/392 running_loss=0.036353
2026-08-19 18:45:26 | INFO | epoch=080 train_batch=300/392 running_loss=0.036387
2026-08-19 18:45:26 | INFO | epoch=080 train_batch=310/392 running_loss=0.036392
2026-08-19 18:45:26 | INFO | epoch=080 train_batch=320/392 running_loss=0.036464
2026-08-19 18:45:26 | INFO | epoch=080 train_batch=330/392 running_loss=0.036584
2026-08-19 18:45:27 | INFO | epoch=080 train_batch=340/392 running_loss=0.036572
2026-08-19 18:45:27 | INFO | epoch=080 train_batch=350/392 running_loss=0.036647
2026-08-19 18:45:27 | INFO | epoch=080 train_batch=360/392 running_loss=0.036587
2026-08-19 18:45:27 | INFO | epoch=080 train_batch=370/392 running_loss=0.036627
2026-08-19 18:45:28 | INFO | epoch=080 train_batch=380/392 running_loss=0.036643
2026-08-19 18:45:28 | INFO | epoch=080 train_batch=390/392 running_loss=0.036624
2026-08-19 18:45:28 | INFO | epoch=080 train_batch=392/392 running_loss=0.036620
2026-08-19 18:45:29 | INFO | epoch=080 train_loss=0.036620 validation_loss=0.255086
2026-08-19 18:45:29 | INFO | epoch=081 train_batch=10/392 running_loss=0.036098
2026-08-19 18:45:29 | INFO | epoch=081 train_batch=20/392 running_loss=0.036398
2026-08-19 18:45:30 | INFO | epoch=081 train_batch=30/392 running_loss=0.035946
2026-08-19 18:45:30 | INFO | epoch=081 train_batch=40/392 running_loss=0.036310
2026-08-19 18:45:30 | INFO | epoch=081 train_batch=50/392 running_loss=0.035718
2026-08-19 18:45:30 | INFO | epoch=081 train_batch=60/392 running_loss=0.035757
2026-08-19 18:45:31 | INFO | epoch=081 train_batch=70/392 running_loss=0.035833
2026-08-19 18:45:31 | INFO | epoch=081 train_batch=80/392 running_loss=0.035549
2026-08-19 18:45:31 | INFO | epoch=081 train_batch=90/392 running_loss=0.035294
2026-08-19 18:45:31 | INFO | epoch=081 train_batch=100/392 running_loss=0.035375
2026-08-19 18:45:32 | INFO | epoch=081 train_batch=110/392 running_loss=0.035463
2026-08-19 18:45:32 | INFO | epoch=081 train_batch=120/392 running_loss=0.035496
2026-08-19 18:45:32 | INFO | epoch=081 train_batch=130/392 running_loss=0.035620
2026-08-19 18:45:32 | INFO | epoch=081 train_batch=140/392 running_loss=0.035770
2026-08-19 18:45:33 | INFO | epoch=081 train_batch=150/392 running_loss=0.035868
2026-08-19 18:45:33 | INFO | epoch=081 train_batch=160/392 running_loss=0.036178
2026-08-19 18:45:33 | INFO | epoch=081 train_batch=170/392 running_loss=0.036065
2026-08-19 18:45:33 | INFO | epoch=081 train_batch=180/392 running_loss=0.036187
2026-08-19 18:45:34 | INFO | epoch=081 train_batch=190/392 running_loss=0.036180
2026-08-19 18:45:34 | INFO | epoch=081 train_batch=200/392 running_loss=0.036148
2026-08-19 18:45:34 | INFO | epoch=081 train_batch=210/392 running_loss=0.036197
2026-08-19 18:45:34 | INFO | epoch=081 train_batch=220/392 running_loss=0.036340
2026-08-19 18:45:34 | INFO | epoch=081 train_batch=230/392 running_loss=0.036303
2026-08-19 18:45:35 | INFO | epoch=081 train_batch=240/392 running_loss=0.036358
2026-08-19 18:45:35 | INFO | epoch=081 train_batch=250/392 running_loss=0.036313
2026-08-19 18:45:35 | INFO | epoch=081 train_batch=260/392 running_loss=0.036415
2026-08-19 18:45:35 | INFO | epoch=081 train_batch=270/392 running_loss=0.036339
2026-08-19 18:45:36 | INFO | epoch=081 train_batch=280/392 running_loss=0.036248
2026-08-19 18:45:36 | INFO | epoch=081 train_batch=290/392 running_loss=0.036244
2026-08-19 18:45:36 | INFO | epoch=081 train_batch=300/392 running_loss=0.036265
2026-08-19 18:45:36 | INFO | epoch=081 train_batch=310/392 running_loss=0.036270
2026-08-19 18:45:37 | INFO | epoch=081 train_batch=320/392 running_loss=0.036290
2026-08-19 18:45:37 | INFO | epoch=081 train_batch=330/392 running_loss=0.036317
2026-08-19 18:45:37 | INFO | epoch=081 train_batch=340/392 running_loss=0.036312
2026-08-19 18:45:37 | INFO | epoch=081 train_batch=350/392 running_loss=0.036378
2026-08-19 18:45:37 | INFO | epoch=081 train_batch=360/392 running_loss=0.036482
2026-08-19 18:45:38 | INFO | epoch=081 train_batch=370/392 running_loss=0.036406
2026-08-19 18:45:38 | INFO | epoch=081 train_batch=380/392 running_loss=0.036516
2026-08-19 18:45:38 | INFO | epoch=081 train_batch=390/392 running_loss=0.036491
2026-08-19 18:45:38 | INFO | epoch=081 train_batch=392/392 running_loss=0.036476
2026-08-19 18:45:39 | INFO | epoch=081 train_loss=0.036476 validation_loss=0.254511
2026-08-19 18:45:39 | INFO | epoch=082 train_batch=10/392 running_loss=0.035216
2026-08-19 18:45:39 | INFO | epoch=082 train_batch=20/392 running_loss=0.035083
2026-08-19 18:45:40 | INFO | epoch=082 train_batch=30/392 running_loss=0.035286
2026-08-19 18:45:40 | INFO | epoch=082 train_batch=40/392 running_loss=0.035764
2026-08-19 18:45:40 | INFO | epoch=082 train_batch=50/392 running_loss=0.035814
2026-08-19 18:45:40 | INFO | epoch=082 train_batch=60/392 running_loss=0.035823
2026-08-19 18:45:41 | INFO | epoch=082 train_batch=70/392 running_loss=0.036161
2026-08-19 18:45:41 | INFO | epoch=082 train_batch=80/392 running_loss=0.036115
2026-08-19 18:45:41 | INFO | epoch=082 train_batch=90/392 running_loss=0.036103
2026-08-19 18:45:41 | INFO | epoch=082 train_batch=100/392 running_loss=0.036165
2026-08-19 18:45:41 | INFO | epoch=082 train_batch=110/392 running_loss=0.036072
2026-08-19 18:45:42 | INFO | epoch=082 train_batch=120/392 running_loss=0.036016
2026-08-19 18:45:42 | INFO | epoch=082 train_batch=130/392 running_loss=0.035971
2026-08-19 18:45:42 | INFO | epoch=082 train_batch=140/392 running_loss=0.035981
2026-08-19 18:45:42 | INFO | epoch=082 train_batch=150/392 running_loss=0.036207
2026-08-19 18:45:43 | INFO | epoch=082 train_batch=160/392 running_loss=0.036236
2026-08-19 18:45:43 | INFO | epoch=082 train_batch=170/392 running_loss=0.036365
2026-08-19 18:45:43 | INFO | epoch=082 train_batch=180/392 running_loss=0.036254
2026-08-19 18:45:43 | INFO | epoch=082 train_batch=190/392 running_loss=0.036309
2026-08-19 18:45:44 | INFO | epoch=082 train_batch=200/392 running_loss=0.036425
2026-08-19 18:45:44 | INFO | epoch=082 train_batch=210/392 running_loss=0.036377
2026-08-19 18:45:44 | INFO | epoch=082 train_batch=220/392 running_loss=0.036284
2026-08-19 18:45:44 | INFO | epoch=082 train_batch=230/392 running_loss=0.036159
2026-08-19 18:45:44 | INFO | epoch=082 train_batch=240/392 running_loss=0.036083
2026-08-19 18:45:45 | INFO | epoch=082 train_batch=250/392 running_loss=0.036128
2026-08-19 18:45:45 | INFO | epoch=082 train_batch=260/392 running_loss=0.036150
2026-08-19 18:45:45 | INFO | epoch=082 train_batch=270/392 running_loss=0.036172
2026-08-19 18:45:45 | INFO | epoch=082 train_batch=280/392 running_loss=0.036155
2026-08-19 18:45:46 | INFO | epoch=082 train_batch=290/392 running_loss=0.036195
2026-08-19 18:45:46 | INFO | epoch=082 train_batch=300/392 running_loss=0.036261
2026-08-19 18:45:46 | INFO | epoch=082 train_batch=310/392 running_loss=0.036334
2026-08-19 18:45:46 | INFO | epoch=082 train_batch=320/392 running_loss=0.036351
2026-08-19 18:45:47 | INFO | epoch=082 train_batch=330/392 running_loss=0.036257
2026-08-19 18:45:47 | INFO | epoch=082 train_batch=340/392 running_loss=0.036200
2026-08-19 18:45:47 | INFO | epoch=082 train_batch=350/392 running_loss=0.036254
2026-08-19 18:45:47 | INFO | epoch=082 train_batch=360/392 running_loss=0.036173
2026-08-19 18:45:47 | INFO | epoch=082 train_batch=370/392 running_loss=0.036207
2026-08-19 18:45:48 | INFO | epoch=082 train_batch=380/392 running_loss=0.036312
2026-08-19 18:45:48 | INFO | epoch=082 train_batch=390/392 running_loss=0.036255
2026-08-19 18:45:48 | INFO | epoch=082 train_batch=392/392 running_loss=0.036277
2026-08-19 18:45:49 | INFO | epoch=082 train_loss=0.036277 validation_loss=0.259078
2026-08-19 18:45:49 | INFO | epoch=083 train_batch=10/392 running_loss=0.031890
2026-08-19 18:45:49 | INFO | epoch=083 train_batch=20/392 running_loss=0.033784
2026-08-19 18:45:49 | INFO | epoch=083 train_batch=30/392 running_loss=0.034266
2026-08-19 18:45:50 | INFO | epoch=083 train_batch=40/392 running_loss=0.034391
2026-08-19 18:45:50 | INFO | epoch=083 train_batch=50/392 running_loss=0.034570
2026-08-19 18:45:50 | INFO | epoch=083 train_batch=60/392 running_loss=0.035268
2026-08-19 18:45:50 | INFO | epoch=083 train_batch=70/392 running_loss=0.035875
2026-08-19 18:45:51 | INFO | epoch=083 train_batch=80/392 running_loss=0.035894
2026-08-19 18:45:51 | INFO | epoch=083 train_batch=90/392 running_loss=0.035878
2026-08-19 18:45:51 | INFO | epoch=083 train_batch=100/392 running_loss=0.036247
2026-08-19 18:45:51 | INFO | epoch=083 train_batch=110/392 running_loss=0.036385
2026-08-19 18:45:52 | INFO | epoch=083 train_batch=120/392 running_loss=0.036389
2026-08-19 18:45:52 | INFO | epoch=083 train_batch=130/392 running_loss=0.036446
2026-08-19 18:45:52 | INFO | epoch=083 train_batch=140/392 running_loss=0.036327
2026-08-19 18:45:52 | INFO | epoch=083 train_batch=150/392 running_loss=0.036266
2026-08-19 18:45:52 | INFO | epoch=083 train_batch=160/392 running_loss=0.036134
2026-08-19 18:45:53 | INFO | epoch=083 train_batch=170/392 running_loss=0.036310
2026-08-19 18:45:53 | INFO | epoch=083 train_batch=180/392 running_loss=0.036126
2026-08-19 18:45:53 | INFO | epoch=083 train_batch=190/392 running_loss=0.036136
2026-08-19 18:45:53 | INFO | epoch=083 train_batch=200/392 running_loss=0.036230
2026-08-19 18:45:54 | INFO | epoch=083 train_batch=210/392 running_loss=0.036290
2026-08-19 18:45:54 | INFO | epoch=083 train_batch=220/392 running_loss=0.036363
2026-08-19 18:45:54 | INFO | epoch=083 train_batch=230/392 running_loss=0.036280
2026-08-19 18:45:54 | INFO | epoch=083 train_batch=240/392 running_loss=0.036204
2026-08-19 18:45:55 | INFO | epoch=083 train_batch=250/392 running_loss=0.036205
2026-08-19 18:45:55 | INFO | epoch=083 train_batch=260/392 running_loss=0.036129
2026-08-19 18:45:55 | INFO | epoch=083 train_batch=270/392 running_loss=0.036136
2026-08-19 18:45:55 | INFO | epoch=083 train_batch=280/392 running_loss=0.036145
2026-08-19 18:45:55 | INFO | epoch=083 train_batch=290/392 running_loss=0.036188
2026-08-19 18:45:56 | INFO | epoch=083 train_batch=300/392 running_loss=0.036259
2026-08-19 18:45:56 | INFO | epoch=083 train_batch=310/392 running_loss=0.036290
2026-08-19 18:45:56 | INFO | epoch=083 train_batch=320/392 running_loss=0.036265
2026-08-19 18:45:56 | INFO | epoch=083 train_batch=330/392 running_loss=0.036191
2026-08-19 18:45:57 | INFO | epoch=083 train_batch=340/392 running_loss=0.036216
2026-08-19 18:45:57 | INFO | epoch=083 train_batch=350/392 running_loss=0.036219
2026-08-19 18:45:57 | INFO | epoch=083 train_batch=360/392 running_loss=0.036242
2026-08-19 18:45:57 | INFO | epoch=083 train_batch=370/392 running_loss=0.036221
2026-08-19 18:45:58 | INFO | epoch=083 train_batch=380/392 running_loss=0.036184
2026-08-19 18:45:58 | INFO | epoch=083 train_batch=390/392 running_loss=0.036166
2026-08-19 18:45:58 | INFO | epoch=083 train_batch=392/392 running_loss=0.036190
2026-08-19 18:45:59 | INFO | epoch=083 train_loss=0.036190 validation_loss=0.256611
2026-08-19 18:45:59 | INFO | epoch=084 train_batch=10/392 running_loss=0.035300
2026-08-19 18:45:59 | INFO | epoch=084 train_batch=20/392 running_loss=0.036063
2026-08-19 18:45:59 | INFO | epoch=084 train_batch=30/392 running_loss=0.035795
2026-08-19 18:46:00 | INFO | epoch=084 train_batch=40/392 running_loss=0.036613
2026-08-19 18:46:00 | INFO | epoch=084 train_batch=50/392 running_loss=0.036649
2026-08-19 18:46:00 | INFO | epoch=084 train_batch=60/392 running_loss=0.035920
2026-08-19 18:46:00 | INFO | epoch=084 train_batch=70/392 running_loss=0.035735
2026-08-19 18:46:00 | INFO | epoch=084 train_batch=80/392 running_loss=0.035416
2026-08-19 18:46:01 | INFO | epoch=084 train_batch=90/392 running_loss=0.035642
2026-08-19 18:46:01 | INFO | epoch=084 train_batch=100/392 running_loss=0.035815
2026-08-19 18:46:01 | INFO | epoch=084 train_batch=110/392 running_loss=0.035598
2026-08-19 18:46:01 | INFO | epoch=084 train_batch=120/392 running_loss=0.035335
2026-08-19 18:46:02 | INFO | epoch=084 train_batch=130/392 running_loss=0.035418
2026-08-19 18:46:02 | INFO | epoch=084 train_batch=140/392 running_loss=0.035400
2026-08-19 18:46:02 | INFO | epoch=084 train_batch=150/392 running_loss=0.035324
2026-08-19 18:46:02 | INFO | epoch=084 train_batch=160/392 running_loss=0.035550
2026-08-19 18:46:03 | INFO | epoch=084 train_batch=170/392 running_loss=0.035676
2026-08-19 18:46:03 | INFO | epoch=084 train_batch=180/392 running_loss=0.035909
2026-08-19 18:46:03 | INFO | epoch=084 train_batch=190/392 running_loss=0.035865
2026-08-19 18:46:03 | INFO | epoch=084 train_batch=200/392 running_loss=0.036002
2026-08-19 18:46:04 | INFO | epoch=084 train_batch=210/392 running_loss=0.036028
2026-08-19 18:46:04 | INFO | epoch=084 train_batch=220/392 running_loss=0.036131
2026-08-19 18:46:04 | INFO | epoch=084 train_batch=230/392 running_loss=0.036195
2026-08-19 18:46:04 | INFO | epoch=084 train_batch=240/392 running_loss=0.036265
2026-08-19 18:46:05 | INFO | epoch=084 train_batch=250/392 running_loss=0.036225
2026-08-19 18:46:05 | INFO | epoch=084 train_batch=260/392 running_loss=0.036244
2026-08-19 18:46:05 | INFO | epoch=084 train_batch=270/392 running_loss=0.036291
2026-08-19 18:46:05 | INFO | epoch=084 train_batch=280/392 running_loss=0.036265
2026-08-19 18:46:06 | INFO | epoch=084 train_batch=290/392 running_loss=0.036270
2026-08-19 18:46:06 | INFO | epoch=084 train_batch=300/392 running_loss=0.036260
2026-08-19 18:46:06 | INFO | epoch=084 train_batch=310/392 running_loss=0.036300
2026-08-19 18:46:06 | INFO | epoch=084 train_batch=320/392 running_loss=0.036309
2026-08-19 18:46:07 | INFO | epoch=084 train_batch=330/392 running_loss=0.036355
2026-08-19 18:46:07 | INFO | epoch=084 train_batch=340/392 running_loss=0.036308
2026-08-19 18:46:07 | INFO | epoch=084 train_batch=350/392 running_loss=0.036265
2026-08-19 18:46:07 | INFO | epoch=084 train_batch=360/392 running_loss=0.036230
2026-08-19 18:46:08 | INFO | epoch=084 train_batch=370/392 running_loss=0.036205
2026-08-19 18:46:08 | INFO | epoch=084 train_batch=380/392 running_loss=0.036191
2026-08-19 18:46:08 | INFO | epoch=084 train_batch=390/392 running_loss=0.036208
2026-08-19 18:46:08 | INFO | epoch=084 train_batch=392/392 running_loss=0.036193
2026-08-19 18:46:09 | INFO | epoch=084 train_loss=0.036193 validation_loss=0.253725
2026-08-19 18:46:09 | INFO | epoch=085 train_batch=10/392 running_loss=0.034097
2026-08-19 18:46:09 | INFO | epoch=085 train_batch=20/392 running_loss=0.035895
2026-08-19 18:46:10 | INFO | epoch=085 train_batch=30/392 running_loss=0.035882
2026-08-19 18:46:10 | INFO | epoch=085 train_batch=40/392 running_loss=0.035476
2026-08-19 18:46:10 | INFO | epoch=085 train_batch=50/392 running_loss=0.035718
2026-08-19 18:46:10 | INFO | epoch=085 train_batch=60/392 running_loss=0.035813
2026-08-19 18:46:11 | INFO | epoch=085 train_batch=70/392 running_loss=0.035544
2026-08-19 18:46:11 | INFO | epoch=085 train_batch=80/392 running_loss=0.036036
2026-08-19 18:46:11 | INFO | epoch=085 train_batch=90/392 running_loss=0.036030
2026-08-19 18:46:11 | INFO | epoch=085 train_batch=100/392 running_loss=0.035928
2026-08-19 18:46:12 | INFO | epoch=085 train_batch=110/392 running_loss=0.035739
2026-08-19 18:46:12 | INFO | epoch=085 train_batch=120/392 running_loss=0.035901
2026-08-19 18:46:12 | INFO | epoch=085 train_batch=130/392 running_loss=0.035954
2026-08-19 18:46:12 | INFO | epoch=085 train_batch=140/392 running_loss=0.036121
2026-08-19 18:46:13 | INFO | epoch=085 train_batch=150/392 running_loss=0.036021
2026-08-19 18:46:13 | INFO | epoch=085 train_batch=160/392 running_loss=0.035999
2026-08-19 18:46:13 | INFO | epoch=085 train_batch=170/392 running_loss=0.036112
2026-08-19 18:46:13 | INFO | epoch=085 train_batch=180/392 running_loss=0.036054
2026-08-19 18:46:14 | INFO | epoch=085 train_batch=190/392 running_loss=0.036240
2026-08-19 18:46:14 | INFO | epoch=085 train_batch=200/392 running_loss=0.036228
2026-08-19 18:46:14 | INFO | epoch=085 train_batch=210/392 running_loss=0.036175
2026-08-19 18:46:14 | INFO | epoch=085 train_batch=220/392 running_loss=0.036261
2026-08-19 18:46:14 | INFO | epoch=085 train_batch=230/392 running_loss=0.036251
2026-08-19 18:46:15 | INFO | epoch=085 train_batch=240/392 running_loss=0.036176
2026-08-19 18:46:15 | INFO | epoch=085 train_batch=250/392 running_loss=0.036189
2026-08-19 18:46:15 | INFO | epoch=085 train_batch=260/392 running_loss=0.036134
2026-08-19 18:46:15 | INFO | epoch=085 train_batch=270/392 running_loss=0.036159
2026-08-19 18:46:16 | INFO | epoch=085 train_batch=280/392 running_loss=0.036071
2026-08-19 18:46:16 | INFO | epoch=085 train_batch=290/392 running_loss=0.036054
2026-08-19 18:46:16 | INFO | epoch=085 train_batch=300/392 running_loss=0.035969
2026-08-19 18:46:16 | INFO | epoch=085 train_batch=310/392 running_loss=0.035946
2026-08-19 18:46:17 | INFO | epoch=085 train_batch=320/392 running_loss=0.035960
2026-08-19 18:46:17 | INFO | epoch=085 train_batch=330/392 running_loss=0.035961
2026-08-19 18:46:17 | INFO | epoch=085 train_batch=340/392 running_loss=0.035984
2026-08-19 18:46:17 | INFO | epoch=085 train_batch=350/392 running_loss=0.036117
2026-08-19 18:46:18 | INFO | epoch=085 train_batch=360/392 running_loss=0.036120
2026-08-19 18:46:18 | INFO | epoch=085 train_batch=370/392 running_loss=0.036135
2026-08-19 18:46:18 | INFO | epoch=085 train_batch=380/392 running_loss=0.036086
2026-08-19 18:46:18 | INFO | epoch=085 train_batch=390/392 running_loss=0.036074
2026-08-19 18:46:18 | INFO | epoch=085 train_batch=392/392 running_loss=0.036075
2026-08-19 18:46:19 | INFO | epoch=085 train_loss=0.036075 validation_loss=0.257828
2026-08-19 18:46:19 | INFO | epoch=086 train_batch=10/392 running_loss=0.035097
2026-08-19 18:46:20 | INFO | epoch=086 train_batch=20/392 running_loss=0.034999
2026-08-19 18:46:20 | INFO | epoch=086 train_batch=30/392 running_loss=0.035111
2026-08-19 18:46:20 | INFO | epoch=086 train_batch=40/392 running_loss=0.035386
2026-08-19 18:46:20 | INFO | epoch=086 train_batch=50/392 running_loss=0.035309
2026-08-19 18:46:20 | INFO | epoch=086 train_batch=60/392 running_loss=0.035511
2026-08-19 18:46:21 | INFO | epoch=086 train_batch=70/392 running_loss=0.035641
2026-08-19 18:46:21 | INFO | epoch=086 train_batch=80/392 running_loss=0.035862
2026-08-19 18:46:21 | INFO | epoch=086 train_batch=90/392 running_loss=0.036158
2026-08-19 18:46:21 | INFO | epoch=086 train_batch=100/392 running_loss=0.036136
2026-08-19 18:46:22 | INFO | epoch=086 train_batch=110/392 running_loss=0.036002
2026-08-19 18:46:22 | INFO | epoch=086 train_batch=120/392 running_loss=0.035948
2026-08-19 18:46:22 | INFO | epoch=086 train_batch=130/392 running_loss=0.036042
2026-08-19 18:46:22 | INFO | epoch=086 train_batch=140/392 running_loss=0.036003
2026-08-19 18:46:23 | INFO | epoch=086 train_batch=150/392 running_loss=0.036087
2026-08-19 18:46:23 | INFO | epoch=086 train_batch=160/392 running_loss=0.036151
2026-08-19 18:46:23 | INFO | epoch=086 train_batch=170/392 running_loss=0.036156
2026-08-19 18:46:23 | INFO | epoch=086 train_batch=180/392 running_loss=0.036181
2026-08-19 18:46:24 | INFO | epoch=086 train_batch=190/392 running_loss=0.036165
2026-08-19 18:46:24 | INFO | epoch=086 train_batch=200/392 running_loss=0.036216
2026-08-19 18:46:24 | INFO | epoch=086 train_batch=210/392 running_loss=0.036242
2026-08-19 18:46:24 | INFO | epoch=086 train_batch=220/392 running_loss=0.036271
2026-08-19 18:46:25 | INFO | epoch=086 train_batch=230/392 running_loss=0.036242
2026-08-19 18:46:25 | INFO | epoch=086 train_batch=240/392 running_loss=0.036268
2026-08-19 18:46:25 | INFO | epoch=086 train_batch=250/392 running_loss=0.036323
2026-08-19 18:46:25 | INFO | epoch=086 train_batch=260/392 running_loss=0.036222
2026-08-19 18:46:26 | INFO | epoch=086 train_batch=270/392 running_loss=0.036226
2026-08-19 18:46:26 | INFO | epoch=086 train_batch=280/392 running_loss=0.036211
2026-08-19 18:46:26 | INFO | epoch=086 train_batch=290/392 running_loss=0.036328
2026-08-19 18:46:26 | INFO | epoch=086 train_batch=300/392 running_loss=0.036232
2026-08-19 18:46:27 | INFO | epoch=086 train_batch=310/392 running_loss=0.036148
2026-08-19 18:46:27 | INFO | epoch=086 train_batch=320/392 running_loss=0.036241
2026-08-19 18:46:27 | INFO | epoch=086 train_batch=330/392 running_loss=0.036225
2026-08-19 18:46:27 | INFO | epoch=086 train_batch=340/392 running_loss=0.036234
2026-08-19 18:46:28 | INFO | epoch=086 train_batch=350/392 running_loss=0.036271
2026-08-19 18:46:28 | INFO | epoch=086 train_batch=360/392 running_loss=0.036207
2026-08-19 18:46:28 | INFO | epoch=086 train_batch=370/392 running_loss=0.036236
2026-08-19 18:46:28 | INFO | epoch=086 train_batch=380/392 running_loss=0.036200
2026-08-19 18:46:29 | INFO | epoch=086 train_batch=390/392 running_loss=0.036141
2026-08-19 18:46:29 | INFO | epoch=086 train_batch=392/392 running_loss=0.036122
2026-08-19 18:46:29 | INFO | epoch=086 train_loss=0.036122 validation_loss=0.258966
2026-08-19 18:46:30 | INFO | epoch=087 train_batch=10/392 running_loss=0.033398
2026-08-19 18:46:30 | INFO | epoch=087 train_batch=20/392 running_loss=0.033772
2026-08-19 18:46:30 | INFO | epoch=087 train_batch=30/392 running_loss=0.035008
2026-08-19 18:46:30 | INFO | epoch=087 train_batch=40/392 running_loss=0.035300
2026-08-19 18:46:31 | INFO | epoch=087 train_batch=50/392 running_loss=0.035652
2026-08-19 18:46:31 | INFO | epoch=087 train_batch=60/392 running_loss=0.035675
2026-08-19 18:46:31 | INFO | epoch=087 train_batch=70/392 running_loss=0.035409
2026-08-19 18:46:31 | INFO | epoch=087 train_batch=80/392 running_loss=0.035493
2026-08-19 18:46:32 | INFO | epoch=087 train_batch=90/392 running_loss=0.035477
2026-08-19 18:46:32 | INFO | epoch=087 train_batch=100/392 running_loss=0.035604
2026-08-19 18:46:32 | INFO | epoch=087 train_batch=110/392 running_loss=0.035380
2026-08-19 18:46:32 | INFO | epoch=087 train_batch=120/392 running_loss=0.035173
2026-08-19 18:46:33 | INFO | epoch=087 train_batch=130/392 running_loss=0.035211
2026-08-19 18:46:33 | INFO | epoch=087 train_batch=140/392 running_loss=0.035540
2026-08-19 18:46:33 | INFO | epoch=087 train_batch=150/392 running_loss=0.035547
2026-08-19 18:46:33 | INFO | epoch=087 train_batch=160/392 running_loss=0.035558
2026-08-19 18:46:34 | INFO | epoch=087 train_batch=170/392 running_loss=0.035654
2026-08-19 18:46:34 | INFO | epoch=087 train_batch=180/392 running_loss=0.035552
2026-08-19 18:46:34 | INFO | epoch=087 train_batch=190/392 running_loss=0.035534
2026-08-19 18:46:34 | INFO | epoch=087 train_batch=200/392 running_loss=0.035558
2026-08-19 18:46:35 | INFO | epoch=087 train_batch=210/392 running_loss=0.035654
2026-08-19 18:46:35 | INFO | epoch=087 train_batch=220/392 running_loss=0.035694
2026-08-19 18:46:35 | INFO | epoch=087 train_batch=230/392 running_loss=0.035739
2026-08-19 18:46:35 | INFO | epoch=087 train_batch=240/392 running_loss=0.035696
2026-08-19 18:46:36 | INFO | epoch=087 train_batch=250/392 running_loss=0.035749
2026-08-19 18:46:36 | INFO | epoch=087 train_batch=260/392 running_loss=0.035867
2026-08-19 18:46:36 | INFO | epoch=087 train_batch=270/392 running_loss=0.035968
2026-08-19 18:46:36 | INFO | epoch=087 train_batch=280/392 running_loss=0.036054
2026-08-19 18:46:36 | INFO | epoch=087 train_batch=290/392 running_loss=0.036144
2026-08-19 18:46:37 | INFO | epoch=087 train_batch=300/392 running_loss=0.036044
2026-08-19 18:46:37 | INFO | epoch=087 train_batch=310/392 running_loss=0.036027
2026-08-19 18:46:37 | INFO | epoch=087 train_batch=320/392 running_loss=0.036114
2026-08-19 18:46:37 | INFO | epoch=087 train_batch=330/392 running_loss=0.036033
2026-08-19 18:46:38 | INFO | epoch=087 train_batch=340/392 running_loss=0.036021
2026-08-19 18:46:38 | INFO | epoch=087 train_batch=350/392 running_loss=0.035978
2026-08-19 18:46:38 | INFO | epoch=087 train_batch=360/392 running_loss=0.035976
2026-08-19 18:46:38 | INFO | epoch=087 train_batch=370/392 running_loss=0.036025
2026-08-19 18:46:39 | INFO | epoch=087 train_batch=380/392 running_loss=0.036033
2026-08-19 18:46:39 | INFO | epoch=087 train_batch=390/392 running_loss=0.036164
2026-08-19 18:46:39 | INFO | epoch=087 train_batch=392/392 running_loss=0.036144
2026-08-19 18:46:40 | INFO | epoch=087 train_loss=0.036144 validation_loss=0.261013
2026-08-19 18:46:40 | INFO | epoch=088 train_batch=10/392 running_loss=0.036910
2026-08-19 18:46:40 | INFO | epoch=088 train_batch=20/392 running_loss=0.036200
2026-08-19 18:46:40 | INFO | epoch=088 train_batch=30/392 running_loss=0.036194
2026-08-19 18:46:41 | INFO | epoch=088 train_batch=40/392 running_loss=0.035707
2026-08-19 18:46:41 | INFO | epoch=088 train_batch=50/392 running_loss=0.036286
2026-08-19 18:46:41 | INFO | epoch=088 train_batch=60/392 running_loss=0.035861
2026-08-19 18:46:41 | INFO | epoch=088 train_batch=70/392 running_loss=0.035291
2026-08-19 18:46:42 | INFO | epoch=088 train_batch=80/392 running_loss=0.035277
2026-08-19 18:46:42 | INFO | epoch=088 train_batch=90/392 running_loss=0.035283
2026-08-19 18:46:42 | INFO | epoch=088 train_batch=100/392 running_loss=0.035411
2026-08-19 18:46:42 | INFO | epoch=088 train_batch=110/392 running_loss=0.035700
2026-08-19 18:46:43 | INFO | epoch=088 train_batch=120/392 running_loss=0.035673
2026-08-19 18:46:43 | INFO | epoch=088 train_batch=130/392 running_loss=0.035582
2026-08-19 18:46:43 | INFO | epoch=088 train_batch=140/392 running_loss=0.035706
2026-08-19 18:46:43 | INFO | epoch=088 train_batch=150/392 running_loss=0.035592
2026-08-19 18:46:44 | INFO | epoch=088 train_batch=160/392 running_loss=0.035629
2026-08-19 18:46:44 | INFO | epoch=088 train_batch=170/392 running_loss=0.035758
2026-08-19 18:46:44 | INFO | epoch=088 train_batch=180/392 running_loss=0.035802
2026-08-19 18:46:44 | INFO | epoch=088 train_batch=190/392 running_loss=0.035738
2026-08-19 18:46:45 | INFO | epoch=088 train_batch=200/392 running_loss=0.035679
2026-08-19 18:46:45 | INFO | epoch=088 train_batch=210/392 running_loss=0.035796
2026-08-19 18:46:45 | INFO | epoch=088 train_batch=220/392 running_loss=0.035885
2026-08-19 18:46:45 | INFO | epoch=088 train_batch=230/392 running_loss=0.035896
2026-08-19 18:46:46 | INFO | epoch=088 train_batch=240/392 running_loss=0.035930
2026-08-19 18:46:46 | INFO | epoch=088 train_batch=250/392 running_loss=0.035908
2026-08-19 18:46:46 | INFO | epoch=088 train_batch=260/392 running_loss=0.035952
2026-08-19 18:46:46 | INFO | epoch=088 train_batch=270/392 running_loss=0.036009
2026-08-19 18:46:47 | INFO | epoch=088 train_batch=280/392 running_loss=0.036030
2026-08-19 18:46:47 | INFO | epoch=088 train_batch=290/392 running_loss=0.036096
2026-08-19 18:46:47 | INFO | epoch=088 train_batch=300/392 running_loss=0.036071
2026-08-19 18:46:47 | INFO | epoch=088 train_batch=310/392 running_loss=0.036046
2026-08-19 18:46:48 | INFO | epoch=088 train_batch=320/392 running_loss=0.036046
2026-08-19 18:46:48 | INFO | epoch=088 train_batch=330/392 running_loss=0.036010
2026-08-19 18:46:48 | INFO | epoch=088 train_batch=340/392 running_loss=0.035986
2026-08-19 18:46:48 | INFO | epoch=088 train_batch=350/392 running_loss=0.035918
2026-08-19 18:46:49 | INFO | epoch=088 train_batch=360/392 running_loss=0.036003
2026-08-19 18:46:49 | INFO | epoch=088 train_batch=370/392 running_loss=0.035914
2026-08-19 18:46:49 | INFO | epoch=088 train_batch=380/392 running_loss=0.035923
2026-08-19 18:46:49 | INFO | epoch=088 train_batch=390/392 running_loss=0.035992
2026-08-19 18:46:49 | INFO | epoch=088 train_batch=392/392 running_loss=0.035992
2026-08-19 18:46:50 | INFO | epoch=088 train_loss=0.035992 validation_loss=0.267694
2026-08-19 18:46:50 | INFO | epoch=089 train_batch=10/392 running_loss=0.036039
2026-08-19 18:46:51 | INFO | epoch=089 train_batch=20/392 running_loss=0.035539
2026-08-19 18:46:51 | INFO | epoch=089 train_batch=30/392 running_loss=0.035769
2026-08-19 18:46:51 | INFO | epoch=089 train_batch=40/392 running_loss=0.035481
2026-08-19 18:46:51 | INFO | epoch=089 train_batch=50/392 running_loss=0.035364
2026-08-19 18:46:52 | INFO | epoch=089 train_batch=60/392 running_loss=0.035290
2026-08-19 18:46:52 | INFO | epoch=089 train_batch=70/392 running_loss=0.035042
2026-08-19 18:46:52 | INFO | epoch=089 train_batch=80/392 running_loss=0.035295
2026-08-19 18:46:52 | INFO | epoch=089 train_batch=90/392 running_loss=0.035390
2026-08-19 18:46:53 | INFO | epoch=089 train_batch=100/392 running_loss=0.035407
2026-08-19 18:46:53 | INFO | epoch=089 train_batch=110/392 running_loss=0.036061
2026-08-19 18:46:53 | INFO | epoch=089 train_batch=120/392 running_loss=0.036025
2026-08-19 18:46:53 | INFO | epoch=089 train_batch=130/392 running_loss=0.035964
2026-08-19 18:46:54 | INFO | epoch=089 train_batch=140/392 running_loss=0.035796
2026-08-19 18:46:54 | INFO | epoch=089 train_batch=150/392 running_loss=0.035782
2026-08-19 18:46:54 | INFO | epoch=089 train_batch=160/392 running_loss=0.035738
2026-08-19 18:46:54 | INFO | epoch=089 train_batch=170/392 running_loss=0.035853
2026-08-19 18:46:55 | INFO | epoch=089 train_batch=180/392 running_loss=0.036058
2026-08-19 18:46:55 | INFO | epoch=089 train_batch=190/392 running_loss=0.036013
2026-08-19 18:46:55 | INFO | epoch=089 train_batch=200/392 running_loss=0.036005
2026-08-19 18:46:55 | INFO | epoch=089 train_batch=210/392 running_loss=0.035920
2026-08-19 18:46:56 | INFO | epoch=089 train_batch=220/392 running_loss=0.035878
2026-08-19 18:46:56 | INFO | epoch=089 train_batch=230/392 running_loss=0.035819
2026-08-19 18:46:56 | INFO | epoch=089 train_batch=240/392 running_loss=0.035849
2026-08-19 18:46:56 | INFO | epoch=089 train_batch=250/392 running_loss=0.035773
2026-08-19 18:46:57 | INFO | epoch=089 train_batch=260/392 running_loss=0.035731
2026-08-19 18:46:57 | INFO | epoch=089 train_batch=270/392 running_loss=0.035632
2026-08-19 18:46:57 | INFO | epoch=089 train_batch=280/392 running_loss=0.035675
2026-08-19 18:46:57 | INFO | epoch=089 train_batch=290/392 running_loss=0.035625
2026-08-19 18:46:58 | INFO | epoch=089 train_batch=300/392 running_loss=0.035731
2026-08-19 18:46:58 | INFO | epoch=089 train_batch=310/392 running_loss=0.035786
2026-08-19 18:46:58 | INFO | epoch=089 train_batch=320/392 running_loss=0.035893
2026-08-19 18:46:58 | INFO | epoch=089 train_batch=330/392 running_loss=0.035886
2026-08-19 18:46:59 | INFO | epoch=089 train_batch=340/392 running_loss=0.035852
2026-08-19 18:46:59 | INFO | epoch=089 train_batch=350/392 running_loss=0.035847
2026-08-19 18:46:59 | INFO | epoch=089 train_batch=360/392 running_loss=0.035899
2026-08-19 18:46:59 | INFO | epoch=089 train_batch=370/392 running_loss=0.035848
2026-08-19 18:47:00 | INFO | epoch=089 train_batch=380/392 running_loss=0.035802
2026-08-19 18:47:00 | INFO | epoch=089 train_batch=390/392 running_loss=0.035896
2026-08-19 18:47:00 | INFO | epoch=089 train_batch=392/392 running_loss=0.035941
2026-08-19 18:47:01 | INFO | epoch=089 train_loss=0.035941 validation_loss=0.255869
2026-08-19 18:47:01 | INFO | epoch=090 train_batch=10/392 running_loss=0.033873
2026-08-19 18:47:01 | INFO | epoch=090 train_batch=20/392 running_loss=0.033101
2026-08-19 18:47:01 | INFO | epoch=090 train_batch=30/392 running_loss=0.033331
2026-08-19 18:47:02 | INFO | epoch=090 train_batch=40/392 running_loss=0.033559
2026-08-19 18:47:02 | INFO | epoch=090 train_batch=50/392 running_loss=0.033935
2026-08-19 18:47:02 | INFO | epoch=090 train_batch=60/392 running_loss=0.034384
2026-08-19 18:47:02 | INFO | epoch=090 train_batch=70/392 running_loss=0.034339
2026-08-19 18:47:03 | INFO | epoch=090 train_batch=80/392 running_loss=0.034920
2026-08-19 18:47:03 | INFO | epoch=090 train_batch=90/392 running_loss=0.035323
2026-08-19 18:47:03 | INFO | epoch=090 train_batch=100/392 running_loss=0.035567
2026-08-19 18:47:03 | INFO | epoch=090 train_batch=110/392 running_loss=0.035679
2026-08-19 18:47:03 | INFO | epoch=090 train_batch=120/392 running_loss=0.035938
2026-08-19 18:47:04 | INFO | epoch=090 train_batch=130/392 running_loss=0.035805
2026-08-19 18:47:04 | INFO | epoch=090 train_batch=140/392 running_loss=0.035757
2026-08-19 18:47:04 | INFO | epoch=090 train_batch=150/392 running_loss=0.035874
2026-08-19 18:47:04 | INFO | epoch=090 train_batch=160/392 running_loss=0.035840
2026-08-19 18:47:05 | INFO | epoch=090 train_batch=170/392 running_loss=0.035787
2026-08-19 18:47:05 | INFO | epoch=090 train_batch=180/392 running_loss=0.035710
2026-08-19 18:47:05 | INFO | epoch=090 train_batch=190/392 running_loss=0.035531
2026-08-19 18:47:05 | INFO | epoch=090 train_batch=200/392 running_loss=0.035666
2026-08-19 18:47:06 | INFO | epoch=090 train_batch=210/392 running_loss=0.035587
2026-08-19 18:47:06 | INFO | epoch=090 train_batch=220/392 running_loss=0.035628
2026-08-19 18:47:06 | INFO | epoch=090 train_batch=230/392 running_loss=0.035781
2026-08-19 18:47:06 | INFO | epoch=090 train_batch=240/392 running_loss=0.035875
2026-08-19 18:47:06 | INFO | epoch=090 train_batch=250/392 running_loss=0.035826
2026-08-19 18:47:07 | INFO | epoch=090 train_batch=260/392 running_loss=0.035739
2026-08-19 18:47:07 | INFO | epoch=090 train_batch=270/392 running_loss=0.035736
2026-08-19 18:47:07 | INFO | epoch=090 train_batch=280/392 running_loss=0.035756
2026-08-19 18:47:07 | INFO | epoch=090 train_batch=290/392 running_loss=0.035731
2026-08-19 18:47:08 | INFO | epoch=090 train_batch=300/392 running_loss=0.035703
2026-08-19 18:47:08 | INFO | epoch=090 train_batch=310/392 running_loss=0.035634
2026-08-19 18:47:08 | INFO | epoch=090 train_batch=320/392 running_loss=0.035619
2026-08-19 18:47:08 | INFO | epoch=090 train_batch=330/392 running_loss=0.035586
2026-08-19 18:47:09 | INFO | epoch=090 train_batch=340/392 running_loss=0.035623
2026-08-19 18:47:09 | INFO | epoch=090 train_batch=350/392 running_loss=0.035676
2026-08-19 18:47:09 | INFO | epoch=090 train_batch=360/392 running_loss=0.035708
2026-08-19 18:47:09 | INFO | epoch=090 train_batch=370/392 running_loss=0.035772
2026-08-19 18:47:09 | INFO | epoch=090 train_batch=380/392 running_loss=0.035737
2026-08-19 18:47:10 | INFO | epoch=090 train_batch=390/392 running_loss=0.035758
2026-08-19 18:47:10 | INFO | epoch=090 train_batch=392/392 running_loss=0.035840
2026-08-19 18:47:10 | INFO | epoch=090 train_loss=0.035840 validation_loss=0.256319
2026-08-19 18:47:11 | INFO | epoch=091 train_batch=10/392 running_loss=0.035515
2026-08-19 18:47:11 | INFO | epoch=091 train_batch=20/392 running_loss=0.033910
2026-08-19 18:47:11 | INFO | epoch=091 train_batch=30/392 running_loss=0.033714
2026-08-19 18:47:11 | INFO | epoch=091 train_batch=40/392 running_loss=0.034601
2026-08-19 18:47:12 | INFO | epoch=091 train_batch=50/392 running_loss=0.034110
2026-08-19 18:47:12 | INFO | epoch=091 train_batch=60/392 running_loss=0.033967
2026-08-19 18:47:12 | INFO | epoch=091 train_batch=70/392 running_loss=0.034193
2026-08-19 18:47:12 | INFO | epoch=091 train_batch=80/392 running_loss=0.034002
2026-08-19 18:47:12 | INFO | epoch=091 train_batch=90/392 running_loss=0.034277
2026-08-19 18:47:13 | INFO | epoch=091 train_batch=100/392 running_loss=0.034459
2026-08-19 18:47:13 | INFO | epoch=091 train_batch=110/392 running_loss=0.034724
2026-08-19 18:47:13 | INFO | epoch=091 train_batch=120/392 running_loss=0.035097
2026-08-19 18:47:13 | INFO | epoch=091 train_batch=130/392 running_loss=0.035122
2026-08-19 18:47:14 | INFO | epoch=091 train_batch=140/392 running_loss=0.035210
2026-08-19 18:47:14 | INFO | epoch=091 train_batch=150/392 running_loss=0.035216
2026-08-19 18:47:14 | INFO | epoch=091 train_batch=160/392 running_loss=0.035273
2026-08-19 18:47:14 | INFO | epoch=091 train_batch=170/392 running_loss=0.035222
2026-08-19 18:47:15 | INFO | epoch=091 train_batch=180/392 running_loss=0.035270
2026-08-19 18:47:15 | INFO | epoch=091 train_batch=190/392 running_loss=0.035428
2026-08-19 18:47:15 | INFO | epoch=091 train_batch=200/392 running_loss=0.035425
2026-08-19 18:47:15 | INFO | epoch=091 train_batch=210/392 running_loss=0.035517
2026-08-19 18:47:15 | INFO | epoch=091 train_batch=220/392 running_loss=0.035498
2026-08-19 18:47:16 | INFO | epoch=091 train_batch=230/392 running_loss=0.035352
2026-08-19 18:47:16 | INFO | epoch=091 train_batch=240/392 running_loss=0.035343
2026-08-19 18:47:16 | INFO | epoch=091 train_batch=250/392 running_loss=0.035405
2026-08-19 18:47:16 | INFO | epoch=091 train_batch=260/392 running_loss=0.035391
2026-08-19 18:47:17 | INFO | epoch=091 train_batch=270/392 running_loss=0.035463
2026-08-19 18:47:17 | INFO | epoch=091 train_batch=280/392 running_loss=0.035391
2026-08-19 18:47:17 | INFO | epoch=091 train_batch=290/392 running_loss=0.035495
2026-08-19 18:47:17 | INFO | epoch=091 train_batch=300/392 running_loss=0.035519
2026-08-19 18:47:17 | INFO | epoch=091 train_batch=310/392 running_loss=0.035556
2026-08-19 18:47:18 | INFO | epoch=091 train_batch=320/392 running_loss=0.035653
2026-08-19 18:47:18 | INFO | epoch=091 train_batch=330/392 running_loss=0.035653
2026-08-19 18:47:18 | INFO | epoch=091 train_batch=340/392 running_loss=0.035724
2026-08-19 18:47:18 | INFO | epoch=091 train_batch=350/392 running_loss=0.035748
2026-08-19 18:47:19 | INFO | epoch=091 train_batch=360/392 running_loss=0.035764
2026-08-19 18:47:19 | INFO | epoch=091 train_batch=370/392 running_loss=0.035752
2026-08-19 18:47:19 | INFO | epoch=091 train_batch=380/392 running_loss=0.035733
2026-08-19 18:47:19 | INFO | epoch=091 train_batch=390/392 running_loss=0.035803
2026-08-19 18:47:19 | INFO | epoch=091 train_batch=392/392 running_loss=0.035820
2026-08-19 18:47:20 | INFO | epoch=091 train_loss=0.035820 validation_loss=0.254156
2026-08-19 18:47:20 | INFO | epoch=092 train_batch=10/392 running_loss=0.035720
2026-08-19 18:47:21 | INFO | epoch=092 train_batch=20/392 running_loss=0.035746
2026-08-19 18:47:21 | INFO | epoch=092 train_batch=30/392 running_loss=0.036162
2026-08-19 18:47:21 | INFO | epoch=092 train_batch=40/392 running_loss=0.035971
2026-08-19 18:47:21 | INFO | epoch=092 train_batch=50/392 running_loss=0.035570
2026-08-19 18:47:21 | INFO | epoch=092 train_batch=60/392 running_loss=0.034981
2026-08-19 18:47:22 | INFO | epoch=092 train_batch=70/392 running_loss=0.034623
2026-08-19 18:47:22 | INFO | epoch=092 train_batch=80/392 running_loss=0.034876
2026-08-19 18:47:22 | INFO | epoch=092 train_batch=90/392 running_loss=0.035179
2026-08-19 18:47:22 | INFO | epoch=092 train_batch=100/392 running_loss=0.035206
2026-08-19 18:47:23 | INFO | epoch=092 train_batch=110/392 running_loss=0.035546
2026-08-19 18:47:23 | INFO | epoch=092 train_batch=120/392 running_loss=0.035627
2026-08-19 18:47:23 | INFO | epoch=092 train_batch=130/392 running_loss=0.035704
2026-08-19 18:47:23 | INFO | epoch=092 train_batch=140/392 running_loss=0.035400
2026-08-19 18:47:23 | INFO | epoch=092 train_batch=150/392 running_loss=0.035440
2026-08-19 18:47:24 | INFO | epoch=092 train_batch=160/392 running_loss=0.035426
2026-08-19 18:47:24 | INFO | epoch=092 train_batch=170/392 running_loss=0.035463
2026-08-19 18:47:24 | INFO | epoch=092 train_batch=180/392 running_loss=0.035436
2026-08-19 18:47:24 | INFO | epoch=092 train_batch=190/392 running_loss=0.035432
2026-08-19 18:47:25 | INFO | epoch=092 train_batch=200/392 running_loss=0.035407
2026-08-19 18:47:25 | INFO | epoch=092 train_batch=210/392 running_loss=0.035427
2026-08-19 18:47:25 | INFO | epoch=092 train_batch=220/392 running_loss=0.035527
2026-08-19 18:47:25 | INFO | epoch=092 train_batch=230/392 running_loss=0.035559
2026-08-19 18:47:25 | INFO | epoch=092 train_batch=240/392 running_loss=0.035648
2026-08-19 18:47:26 | INFO | epoch=092 train_batch=250/392 running_loss=0.035584
2026-08-19 18:47:26 | INFO | epoch=092 train_batch=260/392 running_loss=0.035676
2026-08-19 18:47:26 | INFO | epoch=092 train_batch=270/392 running_loss=0.035659
2026-08-19 18:47:26 | INFO | epoch=092 train_batch=280/392 running_loss=0.035722
2026-08-19 18:47:27 | INFO | epoch=092 train_batch=290/392 running_loss=0.035713
2026-08-19 18:47:27 | INFO | epoch=092 train_batch=300/392 running_loss=0.035725
2026-08-19 18:47:27 | INFO | epoch=092 train_batch=310/392 running_loss=0.035725
2026-08-19 18:47:27 | INFO | epoch=092 train_batch=320/392 running_loss=0.035741
2026-08-19 18:47:28 | INFO | epoch=092 train_batch=330/392 running_loss=0.035757
2026-08-19 18:47:28 | INFO | epoch=092 train_batch=340/392 running_loss=0.035668
2026-08-19 18:47:28 | INFO | epoch=092 train_batch=350/392 running_loss=0.035653
2026-08-19 18:47:28 | INFO | epoch=092 train_batch=360/392 running_loss=0.035612
2026-08-19 18:47:28 | INFO | epoch=092 train_batch=370/392 running_loss=0.035626
2026-08-19 18:47:29 | INFO | epoch=092 train_batch=380/392 running_loss=0.035597
2026-08-19 18:47:29 | INFO | epoch=092 train_batch=390/392 running_loss=0.035581
2026-08-19 18:47:29 | INFO | epoch=092 train_batch=392/392 running_loss=0.035659
2026-08-19 18:47:30 | INFO | epoch=092 train_loss=0.035659 validation_loss=0.259199
2026-08-19 18:47:30 | INFO | epoch=093 train_batch=10/392 running_loss=0.034498
2026-08-19 18:47:30 | INFO | epoch=093 train_batch=20/392 running_loss=0.032328
2026-08-19 18:47:30 | INFO | epoch=093 train_batch=30/392 running_loss=0.033818
2026-08-19 18:47:31 | INFO | epoch=093 train_batch=40/392 running_loss=0.034142
2026-08-19 18:47:31 | INFO | epoch=093 train_batch=50/392 running_loss=0.034292
2026-08-19 18:47:31 | INFO | epoch=093 train_batch=60/392 running_loss=0.034486
2026-08-19 18:47:31 | INFO | epoch=093 train_batch=70/392 running_loss=0.034308
2026-08-19 18:47:32 | INFO | epoch=093 train_batch=80/392 running_loss=0.034912
2026-08-19 18:47:32 | INFO | epoch=093 train_batch=90/392 running_loss=0.035155
2026-08-19 18:47:32 | INFO | epoch=093 train_batch=100/392 running_loss=0.035200
2026-08-19 18:47:32 | INFO | epoch=093 train_batch=110/392 running_loss=0.035280
2026-08-19 18:47:32 | INFO | epoch=093 train_batch=120/392 running_loss=0.035524
2026-08-19 18:47:33 | INFO | epoch=093 train_batch=130/392 running_loss=0.035377
2026-08-19 18:47:33 | INFO | epoch=093 train_batch=140/392 running_loss=0.035486
2026-08-19 18:47:33 | INFO | epoch=093 train_batch=150/392 running_loss=0.035545
2026-08-19 18:47:33 | INFO | epoch=093 train_batch=160/392 running_loss=0.035438
2026-08-19 18:47:34 | INFO | epoch=093 train_batch=170/392 running_loss=0.035366
2026-08-19 18:47:34 | INFO | epoch=093 train_batch=180/392 running_loss=0.035123
2026-08-19 18:47:34 | INFO | epoch=093 train_batch=190/392 running_loss=0.035020
2026-08-19 18:47:34 | INFO | epoch=093 train_batch=200/392 running_loss=0.035116
2026-08-19 18:47:34 | INFO | epoch=093 train_batch=210/392 running_loss=0.035164
2026-08-19 18:47:35 | INFO | epoch=093 train_batch=220/392 running_loss=0.035291
2026-08-19 18:47:35 | INFO | epoch=093 train_batch=230/392 running_loss=0.035395
2026-08-19 18:47:35 | INFO | epoch=093 train_batch=240/392 running_loss=0.035428
2026-08-19 18:47:35 | INFO | epoch=093 train_batch=250/392 running_loss=0.035380
2026-08-19 18:47:36 | INFO | epoch=093 train_batch=260/392 running_loss=0.035492
2026-08-19 18:47:36 | INFO | epoch=093 train_batch=270/392 running_loss=0.035510
2026-08-19 18:47:36 | INFO | epoch=093 train_batch=280/392 running_loss=0.035676
2026-08-19 18:47:36 | INFO | epoch=093 train_batch=290/392 running_loss=0.035660
2026-08-19 18:47:37 | INFO | epoch=093 train_batch=300/392 running_loss=0.035683
2026-08-19 18:47:37 | INFO | epoch=093 train_batch=310/392 running_loss=0.035696
2026-08-19 18:47:37 | INFO | epoch=093 train_batch=320/392 running_loss=0.035725
2026-08-19 18:47:37 | INFO | epoch=093 train_batch=330/392 running_loss=0.035814
2026-08-19 18:47:38 | INFO | epoch=093 train_batch=340/392 running_loss=0.035835
2026-08-19 18:47:38 | INFO | epoch=093 train_batch=350/392 running_loss=0.035844
2026-08-19 18:47:38 | INFO | epoch=093 train_batch=360/392 running_loss=0.035837
2026-08-19 18:47:38 | INFO | epoch=093 train_batch=370/392 running_loss=0.035814
2026-08-19 18:47:38 | INFO | epoch=093 train_batch=380/392 running_loss=0.035873
2026-08-19 18:47:39 | INFO | epoch=093 train_batch=390/392 running_loss=0.035832
2026-08-19 18:47:39 | INFO | epoch=093 train_batch=392/392 running_loss=0.035842
2026-08-19 18:47:39 | INFO | epoch=093 train_loss=0.035842 validation_loss=0.256010
2026-08-19 18:47:40 | INFO | epoch=094 train_batch=10/392 running_loss=0.037423
2026-08-19 18:47:40 | INFO | epoch=094 train_batch=20/392 running_loss=0.035765
2026-08-19 18:47:40 | INFO | epoch=094 train_batch=30/392 running_loss=0.036047
2026-08-19 18:47:40 | INFO | epoch=094 train_batch=40/392 running_loss=0.036049
2026-08-19 18:47:41 | INFO | epoch=094 train_batch=50/392 running_loss=0.035695
2026-08-19 18:47:41 | INFO | epoch=094 train_batch=60/392 running_loss=0.035659
2026-08-19 18:47:41 | INFO | epoch=094 train_batch=70/392 running_loss=0.035667
2026-08-19 18:47:41 | INFO | epoch=094 train_batch=80/392 running_loss=0.035443
2026-08-19 18:47:42 | INFO | epoch=094 train_batch=90/392 running_loss=0.035584
2026-08-19 18:47:42 | INFO | epoch=094 train_batch=100/392 running_loss=0.035714
2026-08-19 18:47:42 | INFO | epoch=094 train_batch=110/392 running_loss=0.035652
2026-08-19 18:47:42 | INFO | epoch=094 train_batch=120/392 running_loss=0.035744
2026-08-19 18:47:42 | INFO | epoch=094 train_batch=130/392 running_loss=0.035547
2026-08-19 18:47:43 | INFO | epoch=094 train_batch=140/392 running_loss=0.035573
2026-08-19 18:47:43 | INFO | epoch=094 train_batch=150/392 running_loss=0.035812
2026-08-19 18:47:43 | INFO | epoch=094 train_batch=160/392 running_loss=0.035574
2026-08-19 18:47:43 | INFO | epoch=094 train_batch=170/392 running_loss=0.035661
2026-08-19 18:47:44 | INFO | epoch=094 train_batch=180/392 running_loss=0.035699
2026-08-19 18:47:44 | INFO | epoch=094 train_batch=190/392 running_loss=0.035808
2026-08-19 18:47:44 | INFO | epoch=094 train_batch=200/392 running_loss=0.035816
2026-08-19 18:47:44 | INFO | epoch=094 train_batch=210/392 running_loss=0.035805
2026-08-19 18:47:45 | INFO | epoch=094 train_batch=220/392 running_loss=0.035723
2026-08-19 18:47:45 | INFO | epoch=094 train_batch=230/392 running_loss=0.035696
2026-08-19 18:47:45 | INFO | epoch=094 train_batch=240/392 running_loss=0.035678
2026-08-19 18:47:45 | INFO | epoch=094 train_batch=250/392 running_loss=0.035715
2026-08-19 18:47:46 | INFO | epoch=094 train_batch=260/392 running_loss=0.035653
2026-08-19 18:47:46 | INFO | epoch=094 train_batch=270/392 running_loss=0.035600
2026-08-19 18:47:46 | INFO | epoch=094 train_batch=280/392 running_loss=0.035640
2026-08-19 18:47:46 | INFO | epoch=094 train_batch=290/392 running_loss=0.035583
2026-08-19 18:47:46 | INFO | epoch=094 train_batch=300/392 running_loss=0.035540
2026-08-19 18:47:47 | INFO | epoch=094 train_batch=310/392 running_loss=0.035608
2026-08-19 18:47:47 | INFO | epoch=094 train_batch=320/392 running_loss=0.035559
2026-08-19 18:47:47 | INFO | epoch=094 train_batch=330/392 running_loss=0.035522
2026-08-19 18:47:47 | INFO | epoch=094 train_batch=340/392 running_loss=0.035577
2026-08-19 18:47:48 | INFO | epoch=094 train_batch=350/392 running_loss=0.035551
2026-08-19 18:47:48 | INFO | epoch=094 train_batch=360/392 running_loss=0.035601
2026-08-19 18:47:48 | INFO | epoch=094 train_batch=370/392 running_loss=0.035604
2026-08-19 18:47:48 | INFO | epoch=094 train_batch=380/392 running_loss=0.035577
2026-08-19 18:47:49 | INFO | epoch=094 train_batch=390/392 running_loss=0.035561
2026-08-19 18:47:49 | INFO | epoch=094 train_batch=392/392 running_loss=0.035560
2026-08-19 18:47:49 | INFO | epoch=094 train_loss=0.035560 validation_loss=0.256769
2026-08-19 18:47:50 | INFO | epoch=095 train_batch=10/392 running_loss=0.034338
2026-08-19 18:47:50 | INFO | epoch=095 train_batch=20/392 running_loss=0.035615
2026-08-19 18:47:50 | INFO | epoch=095 train_batch=30/392 running_loss=0.034458
2026-08-19 18:47:50 | INFO | epoch=095 train_batch=40/392 running_loss=0.034587
2026-08-19 18:47:50 | INFO | epoch=095 train_batch=50/392 running_loss=0.034531
2026-08-19 18:47:51 | INFO | epoch=095 train_batch=60/392 running_loss=0.034852
2026-08-19 18:47:51 | INFO | epoch=095 train_batch=70/392 running_loss=0.035268
2026-08-19 18:47:51 | INFO | epoch=095 train_batch=80/392 running_loss=0.034944
2026-08-19 18:47:51 | INFO | epoch=095 train_batch=90/392 running_loss=0.035375
2026-08-19 18:47:52 | INFO | epoch=095 train_batch=100/392 running_loss=0.035433
2026-08-19 18:47:52 | INFO | epoch=095 train_batch=110/392 running_loss=0.035424
2026-08-19 18:47:52 | INFO | epoch=095 train_batch=120/392 running_loss=0.035339
2026-08-19 18:47:52 | INFO | epoch=095 train_batch=130/392 running_loss=0.035522
2026-08-19 18:47:53 | INFO | epoch=095 train_batch=140/392 running_loss=0.035648
2026-08-19 18:47:53 | INFO | epoch=095 train_batch=150/392 running_loss=0.035583
2026-08-19 18:47:53 | INFO | epoch=095 train_batch=160/392 running_loss=0.035550
2026-08-19 18:47:53 | INFO | epoch=095 train_batch=170/392 running_loss=0.035460
2026-08-19 18:47:53 | INFO | epoch=095 train_batch=180/392 running_loss=0.035471
2026-08-19 18:47:54 | INFO | epoch=095 train_batch=190/392 running_loss=0.035500
2026-08-19 18:47:54 | INFO | epoch=095 train_batch=200/392 running_loss=0.035453
2026-08-19 18:47:54 | INFO | epoch=095 train_batch=210/392 running_loss=0.035514
2026-08-19 18:47:54 | INFO | epoch=095 train_batch=220/392 running_loss=0.035515
2026-08-19 18:47:55 | INFO | epoch=095 train_batch=230/392 running_loss=0.035624
2026-08-19 18:47:55 | INFO | epoch=095 train_batch=240/392 running_loss=0.035554
2026-08-19 18:47:55 | INFO | epoch=095 train_batch=250/392 running_loss=0.035691
2026-08-19 18:47:55 | INFO | epoch=095 train_batch=260/392 running_loss=0.035810
2026-08-19 18:47:56 | INFO | epoch=095 train_batch=270/392 running_loss=0.035811
2026-08-19 18:47:56 | INFO | epoch=095 train_batch=280/392 running_loss=0.035779
2026-08-19 18:47:56 | INFO | epoch=095 train_batch=290/392 running_loss=0.035753
2026-08-19 18:47:56 | INFO | epoch=095 train_batch=300/392 running_loss=0.035759
2026-08-19 18:47:57 | INFO | epoch=095 train_batch=310/392 running_loss=0.035901
2026-08-19 18:47:57 | INFO | epoch=095 train_batch=320/392 running_loss=0.035808
2026-08-19 18:47:57 | INFO | epoch=095 train_batch=330/392 running_loss=0.035812
2026-08-19 18:47:57 | INFO | epoch=095 train_batch=340/392 running_loss=0.035816
2026-08-19 18:47:57 | INFO | epoch=095 train_batch=350/392 running_loss=0.035728
2026-08-19 18:47:58 | INFO | epoch=095 train_batch=360/392 running_loss=0.035690
2026-08-19 18:47:58 | INFO | epoch=095 train_batch=370/392 running_loss=0.035615
2026-08-19 18:47:58 | INFO | epoch=095 train_batch=380/392 running_loss=0.035535
2026-08-19 18:47:58 | INFO | epoch=095 train_batch=390/392 running_loss=0.035556
2026-08-19 18:47:58 | INFO | epoch=095 train_batch=392/392 running_loss=0.035590
2026-08-19 18:47:59 | INFO | epoch=095 train_loss=0.035590 validation_loss=0.257070
2026-08-19 18:47:59 | INFO | epoch=096 train_batch=10/392 running_loss=0.036449
2026-08-19 18:48:00 | INFO | epoch=096 train_batch=20/392 running_loss=0.035687
2026-08-19 18:48:00 | INFO | epoch=096 train_batch=30/392 running_loss=0.035750
2026-08-19 18:48:00 | INFO | epoch=096 train_batch=40/392 running_loss=0.035219
2026-08-19 18:48:00 | INFO | epoch=096 train_batch=50/392 running_loss=0.035499
2026-08-19 18:48:01 | INFO | epoch=096 train_batch=60/392 running_loss=0.035181
2026-08-19 18:48:01 | INFO | epoch=096 train_batch=70/392 running_loss=0.035157
2026-08-19 18:48:01 | INFO | epoch=096 train_batch=80/392 running_loss=0.035230
2026-08-19 18:48:01 | INFO | epoch=096 train_batch=90/392 running_loss=0.035172
2026-08-19 18:48:02 | INFO | epoch=096 train_batch=100/392 running_loss=0.035132
2026-08-19 18:48:02 | INFO | epoch=096 train_batch=110/392 running_loss=0.035260
2026-08-19 18:48:02 | INFO | epoch=096 train_batch=120/392 running_loss=0.035415
2026-08-19 18:48:02 | INFO | epoch=096 train_batch=130/392 running_loss=0.035452
2026-08-19 18:48:03 | INFO | epoch=096 train_batch=140/392 running_loss=0.035425
2026-08-19 18:48:03 | INFO | epoch=096 train_batch=150/392 running_loss=0.035523
2026-08-19 18:48:03 | INFO | epoch=096 train_batch=160/392 running_loss=0.035588
2026-08-19 18:48:03 | INFO | epoch=096 train_batch=170/392 running_loss=0.035397
2026-08-19 18:48:04 | INFO | epoch=096 train_batch=180/392 running_loss=0.035203
2026-08-19 18:48:04 | INFO | epoch=096 train_batch=190/392 running_loss=0.035114
2026-08-19 18:48:04 | INFO | epoch=096 train_batch=200/392 running_loss=0.035034
2026-08-19 18:48:04 | INFO | epoch=096 train_batch=210/392 running_loss=0.035156
2026-08-19 18:48:04 | INFO | epoch=096 train_batch=220/392 running_loss=0.035011
2026-08-19 18:48:05 | INFO | epoch=096 train_batch=230/392 running_loss=0.035049
2026-08-19 18:48:05 | INFO | epoch=096 train_batch=240/392 running_loss=0.035169
2026-08-19 18:48:05 | INFO | epoch=096 train_batch=250/392 running_loss=0.035212
2026-08-19 18:48:05 | INFO | epoch=096 train_batch=260/392 running_loss=0.035415
2026-08-19 18:48:06 | INFO | epoch=096 train_batch=270/392 running_loss=0.035480
2026-08-19 18:48:06 | INFO | epoch=096 train_batch=280/392 running_loss=0.035448
2026-08-19 18:48:06 | INFO | epoch=096 train_batch=290/392 running_loss=0.035462
2026-08-19 18:48:06 | INFO | epoch=096 train_batch=300/392 running_loss=0.035533
2026-08-19 18:48:07 | INFO | epoch=096 train_batch=310/392 running_loss=0.035544
2026-08-19 18:48:07 | INFO | epoch=096 train_batch=320/392 running_loss=0.035557
2026-08-19 18:48:07 | INFO | epoch=096 train_batch=330/392 running_loss=0.035531
2026-08-19 18:48:07 | INFO | epoch=096 train_batch=340/392 running_loss=0.035452
2026-08-19 18:48:07 | INFO | epoch=096 train_batch=350/392 running_loss=0.035392
2026-08-19 18:48:08 | INFO | epoch=096 train_batch=360/392 running_loss=0.035338
2026-08-19 18:48:08 | INFO | epoch=096 train_batch=370/392 running_loss=0.035339
2026-08-19 18:48:08 | INFO | epoch=096 train_batch=380/392 running_loss=0.035395
2026-08-19 18:48:08 | INFO | epoch=096 train_batch=390/392 running_loss=0.035344
2026-08-19 18:48:08 | INFO | epoch=096 train_batch=392/392 running_loss=0.035320
2026-08-19 18:48:09 | INFO | epoch=096 train_loss=0.035320 validation_loss=0.251769
2026-08-19 18:48:10 | INFO | epoch=097 train_batch=10/392 running_loss=0.036233
2026-08-19 18:48:10 | INFO | epoch=097 train_batch=20/392 running_loss=0.035180
2026-08-19 18:48:10 | INFO | epoch=097 train_batch=30/392 running_loss=0.034662
2026-08-19 18:48:10 | INFO | epoch=097 train_batch=40/392 running_loss=0.034053
2026-08-19 18:48:10 | INFO | epoch=097 train_batch=50/392 running_loss=0.033927
2026-08-19 18:48:11 | INFO | epoch=097 train_batch=60/392 running_loss=0.034029
2026-08-19 18:48:11 | INFO | epoch=097 train_batch=70/392 running_loss=0.034152
2026-08-19 18:48:11 | INFO | epoch=097 train_batch=80/392 running_loss=0.034225
2026-08-19 18:48:11 | INFO | epoch=097 train_batch=90/392 running_loss=0.034615
2026-08-19 18:48:12 | INFO | epoch=097 train_batch=100/392 running_loss=0.034900
2026-08-19 18:48:12 | INFO | epoch=097 train_batch=110/392 running_loss=0.035241
2026-08-19 18:48:12 | INFO | epoch=097 train_batch=120/392 running_loss=0.035131
2026-08-19 18:48:12 | INFO | epoch=097 train_batch=130/392 running_loss=0.035322
2026-08-19 18:48:13 | INFO | epoch=097 train_batch=140/392 running_loss=0.035372
2026-08-19 18:48:13 | INFO | epoch=097 train_batch=150/392 running_loss=0.035419
2026-08-19 18:48:13 | INFO | epoch=097 train_batch=160/392 running_loss=0.035159
2026-08-19 18:48:13 | INFO | epoch=097 train_batch=170/392 running_loss=0.035170
2026-08-19 18:48:14 | INFO | epoch=097 train_batch=180/392 running_loss=0.035369
2026-08-19 18:48:14 | INFO | epoch=097 train_batch=190/392 running_loss=0.035420
2026-08-19 18:48:14 | INFO | epoch=097 train_batch=200/392 running_loss=0.035375
2026-08-19 18:48:14 | INFO | epoch=097 train_batch=210/392 running_loss=0.035389
2026-08-19 18:48:14 | INFO | epoch=097 train_batch=220/392 running_loss=0.035252
2026-08-19 18:48:15 | INFO | epoch=097 train_batch=230/392 running_loss=0.035293
2026-08-19 18:48:15 | INFO | epoch=097 train_batch=240/392 running_loss=0.035360
2026-08-19 18:48:15 | INFO | epoch=097 train_batch=250/392 running_loss=0.035387
2026-08-19 18:48:15 | INFO | epoch=097 train_batch=260/392 running_loss=0.035335
2026-08-19 18:48:16 | INFO | epoch=097 train_batch=270/392 running_loss=0.035392
2026-08-19 18:48:16 | INFO | epoch=097 train_batch=280/392 running_loss=0.035376
2026-08-19 18:48:16 | INFO | epoch=097 train_batch=290/392 running_loss=0.035414
2026-08-19 18:48:16 | INFO | epoch=097 train_batch=300/392 running_loss=0.035430
2026-08-19 18:48:17 | INFO | epoch=097 train_batch=310/392 running_loss=0.035469
2026-08-19 18:48:17 | INFO | epoch=097 train_batch=320/392 running_loss=0.035509
2026-08-19 18:48:17 | INFO | epoch=097 train_batch=330/392 running_loss=0.035498
2026-08-19 18:48:17 | INFO | epoch=097 train_batch=340/392 running_loss=0.035453
2026-08-19 18:48:18 | INFO | epoch=097 train_batch=350/392 running_loss=0.035431
2026-08-19 18:48:18 | INFO | epoch=097 train_batch=360/392 running_loss=0.035417
2026-08-19 18:48:18 | INFO | epoch=097 train_batch=370/392 running_loss=0.035513
2026-08-19 18:48:18 | INFO | epoch=097 train_batch=380/392 running_loss=0.035567
2026-08-19 18:48:19 | INFO | epoch=097 train_batch=390/392 running_loss=0.035536
2026-08-19 18:48:19 | INFO | epoch=097 train_batch=392/392 running_loss=0.035495
2026-08-19 18:48:19 | INFO | epoch=097 train_loss=0.035495 validation_loss=0.253679
2026-08-19 18:48:20 | INFO | epoch=098 train_batch=10/392 running_loss=0.033469
2026-08-19 18:48:20 | INFO | epoch=098 train_batch=20/392 running_loss=0.034228
2026-08-19 18:48:20 | INFO | epoch=098 train_batch=30/392 running_loss=0.034211
2026-08-19 18:48:21 | INFO | epoch=098 train_batch=40/392 running_loss=0.034231
2026-08-19 18:48:21 | INFO | epoch=098 train_batch=50/392 running_loss=0.034665
2026-08-19 18:48:21 | INFO | epoch=098 train_batch=60/392 running_loss=0.034257
2026-08-19 18:48:21 | INFO | epoch=098 train_batch=70/392 running_loss=0.034330
2026-08-19 18:48:22 | INFO | epoch=098 train_batch=80/392 running_loss=0.034225
2026-08-19 18:48:22 | INFO | epoch=098 train_batch=90/392 running_loss=0.034075
2026-08-19 18:48:22 | INFO | epoch=098 train_batch=100/392 running_loss=0.034262
2026-08-19 18:48:22 | INFO | epoch=098 train_batch=110/392 running_loss=0.034440
2026-08-19 18:48:23 | INFO | epoch=098 train_batch=120/392 running_loss=0.034480
2026-08-19 18:48:23 | INFO | epoch=098 train_batch=130/392 running_loss=0.034221
2026-08-19 18:48:23 | INFO | epoch=098 train_batch=140/392 running_loss=0.034587
2026-08-19 18:48:23 | INFO | epoch=098 train_batch=150/392 running_loss=0.034778
2026-08-19 18:48:24 | INFO | epoch=098 train_batch=160/392 running_loss=0.034651
2026-08-19 18:48:24 | INFO | epoch=098 train_batch=170/392 running_loss=0.034846
2026-08-19 18:48:24 | INFO | epoch=098 train_batch=180/392 running_loss=0.034925
2026-08-19 18:48:24 | INFO | epoch=098 train_batch=190/392 running_loss=0.034859
2026-08-19 18:48:25 | INFO | epoch=098 train_batch=200/392 running_loss=0.035021
2026-08-19 18:48:25 | INFO | epoch=098 train_batch=210/392 running_loss=0.035197
2026-08-19 18:48:25 | INFO | epoch=098 train_batch=220/392 running_loss=0.035434
2026-08-19 18:48:25 | INFO | epoch=098 train_batch=230/392 running_loss=0.035550
2026-08-19 18:48:26 | INFO | epoch=098 train_batch=240/392 running_loss=0.035571
2026-08-19 18:48:26 | INFO | epoch=098 train_batch=250/392 running_loss=0.035605
2026-08-19 18:48:26 | INFO | epoch=098 train_batch=260/392 running_loss=0.035517
2026-08-19 18:48:26 | INFO | epoch=098 train_batch=270/392 running_loss=0.035459
2026-08-19 18:48:27 | INFO | epoch=098 train_batch=280/392 running_loss=0.035462
2026-08-19 18:48:27 | INFO | epoch=098 train_batch=290/392 running_loss=0.035271
2026-08-19 18:48:27 | INFO | epoch=098 train_batch=300/392 running_loss=0.035220
2026-08-19 18:48:27 | INFO | epoch=098 train_batch=310/392 running_loss=0.035219
2026-08-19 18:48:28 | INFO | epoch=098 train_batch=320/392 running_loss=0.035232
2026-08-19 18:48:28 | INFO | epoch=098 train_batch=330/392 running_loss=0.035195
2026-08-19 18:48:28 | INFO | epoch=098 train_batch=340/392 running_loss=0.035183
2026-08-19 18:48:28 | INFO | epoch=098 train_batch=350/392 running_loss=0.035167
2026-08-19 18:48:29 | INFO | epoch=098 train_batch=360/392 running_loss=0.035110
2026-08-19 18:48:29 | INFO | epoch=098 train_batch=370/392 running_loss=0.035124
2026-08-19 18:48:29 | INFO | epoch=098 train_batch=380/392 running_loss=0.035195
2026-08-19 18:48:29 | INFO | epoch=098 train_batch=390/392 running_loss=0.035155
2026-08-19 18:48:29 | INFO | epoch=098 train_batch=392/392 running_loss=0.035161
2026-08-19 18:48:30 | INFO | epoch=098 train_loss=0.035161 validation_loss=0.259146
2026-08-19 18:48:30 | INFO | epoch=099 train_batch=10/392 running_loss=0.033508
2026-08-19 18:48:30 | INFO | epoch=099 train_batch=20/392 running_loss=0.034339
2026-08-19 18:48:31 | INFO | epoch=099 train_batch=30/392 running_loss=0.034966
2026-08-19 18:48:31 | INFO | epoch=099 train_batch=40/392 running_loss=0.035304
2026-08-19 18:48:31 | INFO | epoch=099 train_batch=50/392 running_loss=0.034747
2026-08-19 18:48:31 | INFO | epoch=099 train_batch=60/392 running_loss=0.034709
2026-08-19 18:48:32 | INFO | epoch=099 train_batch=70/392 running_loss=0.034426
2026-08-19 18:48:32 | INFO | epoch=099 train_batch=80/392 running_loss=0.034151
2026-08-19 18:48:32 | INFO | epoch=099 train_batch=90/392 running_loss=0.033938
2026-08-19 18:48:32 | INFO | epoch=099 train_batch=100/392 running_loss=0.033730
2026-08-19 18:48:33 | INFO | epoch=099 train_batch=110/392 running_loss=0.033913
2026-08-19 18:48:33 | INFO | epoch=099 train_batch=120/392 running_loss=0.034058
2026-08-19 18:48:33 | INFO | epoch=099 train_batch=130/392 running_loss=0.034265
2026-08-19 18:48:33 | INFO | epoch=099 train_batch=140/392 running_loss=0.034551
2026-08-19 18:48:34 | INFO | epoch=099 train_batch=150/392 running_loss=0.034552
2026-08-19 18:48:34 | INFO | epoch=099 train_batch=160/392 running_loss=0.034566
2026-08-19 18:48:34 | INFO | epoch=099 train_batch=170/392 running_loss=0.034743
2026-08-19 18:48:34 | INFO | epoch=099 train_batch=180/392 running_loss=0.034794
2026-08-19 18:48:34 | INFO | epoch=099 train_batch=190/392 running_loss=0.034677
2026-08-19 18:48:35 | INFO | epoch=099 train_batch=200/392 running_loss=0.034749
2026-08-19 18:48:35 | INFO | epoch=099 train_batch=210/392 running_loss=0.034947
2026-08-19 18:48:35 | INFO | epoch=099 train_batch=220/392 running_loss=0.035122
2026-08-19 18:48:35 | INFO | epoch=099 train_batch=230/392 running_loss=0.035103
2026-08-19 18:48:36 | INFO | epoch=099 train_batch=240/392 running_loss=0.035051
2026-08-19 18:48:36 | INFO | epoch=099 train_batch=250/392 running_loss=0.035107
2026-08-19 18:48:36 | INFO | epoch=099 train_batch=260/392 running_loss=0.035125
2026-08-19 18:48:36 | INFO | epoch=099 train_batch=270/392 running_loss=0.035150
2026-08-19 18:48:37 | INFO | epoch=099 train_batch=280/392 running_loss=0.035223
2026-08-19 18:48:37 | INFO | epoch=099 train_batch=290/392 running_loss=0.035253
2026-08-19 18:48:37 | INFO | epoch=099 train_batch=300/392 running_loss=0.035179
2026-08-19 18:48:37 | INFO | epoch=099 train_batch=310/392 running_loss=0.035201
2026-08-19 18:48:37 | INFO | epoch=099 train_batch=320/392 running_loss=0.035181
2026-08-19 18:48:38 | INFO | epoch=099 train_batch=330/392 running_loss=0.035243
2026-08-19 18:48:38 | INFO | epoch=099 train_batch=340/392 running_loss=0.035310
2026-08-19 18:48:38 | INFO | epoch=099 train_batch=350/392 running_loss=0.035287
2026-08-19 18:48:38 | INFO | epoch=099 train_batch=360/392 running_loss=0.035293
2026-08-19 18:48:39 | INFO | epoch=099 train_batch=370/392 running_loss=0.035228
2026-08-19 18:48:39 | INFO | epoch=099 train_batch=380/392 running_loss=0.035281
2026-08-19 18:48:39 | INFO | epoch=099 train_batch=390/392 running_loss=0.035280
2026-08-19 18:48:39 | INFO | epoch=099 train_batch=392/392 running_loss=0.035266
2026-08-19 18:48:40 | INFO | epoch=099 train_loss=0.035266 validation_loss=0.259418
2026-08-19 18:48:40 | INFO | epoch=100 train_batch=10/392 running_loss=0.035258
2026-08-19 18:48:40 | INFO | epoch=100 train_batch=20/392 running_loss=0.035630
2026-08-19 18:48:41 | INFO | epoch=100 train_batch=30/392 running_loss=0.036319
2026-08-19 18:48:41 | INFO | epoch=100 train_batch=40/392 running_loss=0.036553
2026-08-19 18:48:41 | INFO | epoch=100 train_batch=50/392 running_loss=0.036348
2026-08-19 18:48:41 | INFO | epoch=100 train_batch=60/392 running_loss=0.036326
2026-08-19 18:48:42 | INFO | epoch=100 train_batch=70/392 running_loss=0.036558
2026-08-19 18:48:42 | INFO | epoch=100 train_batch=80/392 running_loss=0.036458
2026-08-19 18:48:42 | INFO | epoch=100 train_batch=90/392 running_loss=0.036440
2026-08-19 18:48:42 | INFO | epoch=100 train_batch=100/392 running_loss=0.036201
2026-08-19 18:48:42 | INFO | epoch=100 train_batch=110/392 running_loss=0.036067
2026-08-19 18:48:43 | INFO | epoch=100 train_batch=120/392 running_loss=0.035957
2026-08-19 18:48:43 | INFO | epoch=100 train_batch=130/392 running_loss=0.035796
2026-08-19 18:48:43 | INFO | epoch=100 train_batch=140/392 running_loss=0.035542
2026-08-19 18:48:43 | INFO | epoch=100 train_batch=150/392 running_loss=0.035426
2026-08-19 18:48:44 | INFO | epoch=100 train_batch=160/392 running_loss=0.035477
2026-08-19 18:48:44 | INFO | epoch=100 train_batch=170/392 running_loss=0.035512
2026-08-19 18:48:44 | INFO | epoch=100 train_batch=180/392 running_loss=0.035511
2026-08-19 18:48:44 | INFO | epoch=100 train_batch=190/392 running_loss=0.035329
2026-08-19 18:48:45 | INFO | epoch=100 train_batch=200/392 running_loss=0.035198
2026-08-19 18:48:45 | INFO | epoch=100 train_batch=210/392 running_loss=0.035232
2026-08-19 18:48:45 | INFO | epoch=100 train_batch=220/392 running_loss=0.035203
2026-08-19 18:48:45 | INFO | epoch=100 train_batch=230/392 running_loss=0.035215
2026-08-19 18:48:45 | INFO | epoch=100 train_batch=240/392 running_loss=0.035145
2026-08-19 18:48:46 | INFO | epoch=100 train_batch=250/392 running_loss=0.035126
2026-08-19 18:48:46 | INFO | epoch=100 train_batch=260/392 running_loss=0.035331
2026-08-19 18:48:46 | INFO | epoch=100 train_batch=270/392 running_loss=0.035294
2026-08-19 18:48:46 | INFO | epoch=100 train_batch=280/392 running_loss=0.035302
2026-08-19 18:48:47 | INFO | epoch=100 train_batch=290/392 running_loss=0.035232
2026-08-19 18:48:47 | INFO | epoch=100 train_batch=300/392 running_loss=0.035319
2026-08-19 18:48:47 | INFO | epoch=100 train_batch=310/392 running_loss=0.035333
2026-08-19 18:48:47 | INFO | epoch=100 train_batch=320/392 running_loss=0.035286
2026-08-19 18:48:48 | INFO | epoch=100 train_batch=330/392 running_loss=0.035233
2026-08-19 18:48:48 | INFO | epoch=100 train_batch=340/392 running_loss=0.035286
2026-08-19 18:48:48 | INFO | epoch=100 train_batch=350/392 running_loss=0.035258
2026-08-19 18:48:48 | INFO | epoch=100 train_batch=360/392 running_loss=0.035209
2026-08-19 18:48:49 | INFO | epoch=100 train_batch=370/392 running_loss=0.035146
2026-08-19 18:48:49 | INFO | epoch=100 train_batch=380/392 running_loss=0.035153
2026-08-19 18:48:49 | INFO | epoch=100 train_batch=390/392 running_loss=0.035125
2026-08-19 18:48:49 | INFO | epoch=100 train_batch=392/392 running_loss=0.035116
2026-08-19 18:48:50 | INFO | epoch=100 train_loss=0.035116 validation_loss=0.258798
2026-08-19 18:48:50 | INFO | Best validation loss: 0.250362; checkpoints saved in /bigdata/users/90967055/fuzzyDynamics/NeurIPS_Fuzzy_Dynamics_code/results/fuzzy_dynamics_20260819_183051_971751/checkpoint
