2026-08-19 20:26:18 | INFO | Log file: /bigdata/users/90967055/fuzzyDynamics/NeurIPS_Fuzzy_Dynamics_code/logs/fuzzy_dynamics_20260819_202613_781722/train_fuzzy_dynamics_20260819_202618_066766.log
2026-08-19 20:26:18 | INFO | Arguments: {'activations': '/bigdata/users/90967055/fuzzyDynamics/NeurIPS_Fuzzy_Dynamics_code/cache/socrates_llama3_8b_tuned_full.pt', 'results_root': '/bigdata/users/90967055/fuzzyDynamics/NeurIPS_Fuzzy_Dynamics_code/results', 'experiment_time': '20260819_202613_781722', 'config': '/bigdata/users/90967055/fuzzyDynamics/NeurIPS_Fuzzy_Dynamics_code/configs/fuzzy_dynamics_base.json', 'device': 'cuda', 'seed': 44, 'log_dir': '/bigdata/users/90967055/fuzzyDynamics/NeurIPS_Fuzzy_Dynamics_code/logs', 'log_every_batches': 10}
2026-08-19 20:26:18 | INFO | experiment_time=20260819_202613_781722
2026-08-19 20:26:23 | INFO | split_by=category train=6223 validation=1009
2026-08-19 20:26:23 | INFO | Fitting shared frozen PCA projectors on 8192 training states across all layers
2026-08-19 20:26:25 | INFO | Fitted block-balanced delta scales: min=0.109575 median=0.613265 max=0.999204
2026-08-19 20:26:28 | INFO | Checkpoints: /bigdata/users/90967055/fuzzyDynamics/NeurIPS_Fuzzy_Dynamics_code/results/fuzzy_dynamics_20260819_202613_781722/checkpoint
2026-08-19 20:26:28 | INFO | Training results: /bigdata/users/90967055/fuzzyDynamics/NeurIPS_Fuzzy_Dynamics_code/results/fuzzy_dynamics_20260819_202613_781722/training
2026-08-19 20:26:28 | INFO | epoch=001 train_batch=10/389 running_loss=1.089255
2026-08-19 20:26:28 | INFO | epoch=001 train_batch=20/389 running_loss=0.980948
2026-08-19 20:26:29 | INFO | epoch=001 train_batch=30/389 running_loss=0.919210
2026-08-19 20:26:29 | INFO | epoch=001 train_batch=40/389 running_loss=0.872393
2026-08-19 20:26:29 | INFO | epoch=001 train_batch=50/389 running_loss=0.829258
2026-08-19 20:26:29 | INFO | epoch=001 train_batch=60/389 running_loss=0.792576
2026-08-19 20:26:30 | INFO | epoch=001 train_batch=70/389 running_loss=0.757311
2026-08-19 20:26:30 | INFO | epoch=001 train_batch=80/389 running_loss=0.724571
2026-08-19 20:26:30 | INFO | epoch=001 train_batch=90/389 running_loss=0.698904
2026-08-19 20:26:30 | INFO | epoch=001 train_batch=100/389 running_loss=0.674559
2026-08-19 20:26:31 | INFO | epoch=001 train_batch=110/389 running_loss=0.650419
2026-08-19 20:26:31 | INFO | epoch=001 train_batch=120/389 running_loss=0.628607
2026-08-19 20:26:31 | INFO | epoch=001 train_batch=130/389 running_loss=0.610613
2026-08-19 20:26:31 | INFO | epoch=001 train_batch=140/389 running_loss=0.590683
2026-08-19 20:26:32 | INFO | epoch=001 train_batch=150/389 running_loss=0.572708
2026-08-19 20:26:32 | INFO | epoch=001 train_batch=160/389 running_loss=0.556913
2026-08-19 20:26:32 | INFO | epoch=001 train_batch=170/389 running_loss=0.543594
2026-08-19 20:26:32 | INFO | epoch=001 train_batch=180/389 running_loss=0.530190
2026-08-19 20:26:33 | INFO | epoch=001 train_batch=190/389 running_loss=0.517370
2026-08-19 20:26:33 | INFO | epoch=001 train_batch=200/389 running_loss=0.505382
2026-08-19 20:26:33 | INFO | epoch=001 train_batch=210/389 running_loss=0.495040
2026-08-19 20:26:33 | INFO | epoch=001 train_batch=220/389 running_loss=0.483880
2026-08-19 20:26:34 | INFO | epoch=001 train_batch=230/389 running_loss=0.474901
2026-08-19 20:26:34 | INFO | epoch=001 train_batch=240/389 running_loss=0.465764
2026-08-19 20:26:34 | INFO | epoch=001 train_batch=250/389 running_loss=0.456779
2026-08-19 20:26:34 | INFO | epoch=001 train_batch=260/389 running_loss=0.448472
2026-08-19 20:26:34 | INFO | epoch=001 train_batch=270/389 running_loss=0.440695
2026-08-19 20:26:35 | INFO | epoch=001 train_batch=280/389 running_loss=0.433177
2026-08-19 20:26:35 | INFO | epoch=001 train_batch=290/389 running_loss=0.426349
2026-08-19 20:26:35 | INFO | epoch=001 train_batch=300/389 running_loss=0.419975
2026-08-19 20:26:35 | INFO | epoch=001 train_batch=310/389 running_loss=0.413525
2026-08-19 20:26:36 | INFO | epoch=001 train_batch=320/389 running_loss=0.407538
2026-08-19 20:26:36 | INFO | epoch=001 train_batch=330/389 running_loss=0.401845
2026-08-19 20:26:36 | INFO | epoch=001 train_batch=340/389 running_loss=0.396040
2026-08-19 20:26:36 | INFO | epoch=001 train_batch=350/389 running_loss=0.390364
2026-08-19 20:26:37 | INFO | epoch=001 train_batch=360/389 running_loss=0.384940
2026-08-19 20:26:37 | INFO | epoch=001 train_batch=370/389 running_loss=0.380182
2026-08-19 20:26:37 | INFO | epoch=001 train_batch=380/389 running_loss=0.375463
2026-08-19 20:26:37 | INFO | epoch=001 train_batch=389/389 running_loss=0.371098
2026-08-19 20:26:38 | INFO | epoch=001 train_loss=0.371098 validation_loss=0.229179
2026-08-19 20:26:38 | INFO | epoch=001 saved new best.pt
2026-08-19 20:26:38 | INFO | epoch=002 train_batch=10/389 running_loss=0.181055
2026-08-19 20:26:39 | INFO | epoch=002 train_batch=20/389 running_loss=0.185487
2026-08-19 20:26:39 | INFO | epoch=002 train_batch=30/389 running_loss=0.186113
2026-08-19 20:26:39 | INFO | epoch=002 train_batch=40/389 running_loss=0.185668
2026-08-19 20:26:39 | INFO | epoch=002 train_batch=50/389 running_loss=0.184583
2026-08-19 20:26:40 | INFO | epoch=002 train_batch=60/389 running_loss=0.183550
2026-08-19 20:26:40 | INFO | epoch=002 train_batch=70/389 running_loss=0.182443
2026-08-19 20:26:40 | INFO | epoch=002 train_batch=80/389 running_loss=0.181910
2026-08-19 20:26:40 | INFO | epoch=002 train_batch=90/389 running_loss=0.182179
2026-08-19 20:26:41 | INFO | epoch=002 train_batch=100/389 running_loss=0.180009
2026-08-19 20:26:41 | INFO | epoch=002 train_batch=110/389 running_loss=0.178121
2026-08-19 20:26:41 | INFO | epoch=002 train_batch=120/389 running_loss=0.177711
2026-08-19 20:26:42 | INFO | epoch=002 train_batch=130/389 running_loss=0.176410
2026-08-19 20:26:42 | INFO | epoch=002 train_batch=140/389 running_loss=0.175632
2026-08-19 20:26:42 | INFO | epoch=002 train_batch=150/389 running_loss=0.174484
2026-08-19 20:26:42 | INFO | epoch=002 train_batch=160/389 running_loss=0.173770
2026-08-19 20:26:43 | INFO | epoch=002 train_batch=170/389 running_loss=0.173254
2026-08-19 20:26:43 | INFO | epoch=002 train_batch=180/389 running_loss=0.172407
2026-08-19 20:26:43 | INFO | epoch=002 train_batch=190/389 running_loss=0.172050
2026-08-19 20:26:43 | INFO | epoch=002 train_batch=200/389 running_loss=0.171540
2026-08-19 20:26:44 | INFO | epoch=002 train_batch=210/389 running_loss=0.171085
2026-08-19 20:26:44 | INFO | epoch=002 train_batch=220/389 running_loss=0.170549
2026-08-19 20:26:44 | INFO | epoch=002 train_batch=230/389 running_loss=0.169418
2026-08-19 20:26:44 | INFO | epoch=002 train_batch=240/389 running_loss=0.168873
2026-08-19 20:26:45 | INFO | epoch=002 train_batch=250/389 running_loss=0.167766
2026-08-19 20:26:45 | INFO | epoch=002 train_batch=260/389 running_loss=0.167198
2026-08-19 20:26:45 | INFO | epoch=002 train_batch=270/389 running_loss=0.166609
2026-08-19 20:26:45 | INFO | epoch=002 train_batch=280/389 running_loss=0.165709
2026-08-19 20:26:46 | INFO | epoch=002 train_batch=290/389 running_loss=0.165016
2026-08-19 20:26:46 | INFO | epoch=002 train_batch=300/389 running_loss=0.164262
2026-08-19 20:26:46 | INFO | epoch=002 train_batch=310/389 running_loss=0.163821
2026-08-19 20:26:46 | INFO | epoch=002 train_batch=320/389 running_loss=0.163076
2026-08-19 20:26:47 | INFO | epoch=002 train_batch=330/389 running_loss=0.162824
2026-08-19 20:26:47 | INFO | epoch=002 train_batch=340/389 running_loss=0.162118
2026-08-19 20:26:47 | INFO | epoch=002 train_batch=350/389 running_loss=0.161439
2026-08-19 20:26:47 | INFO | epoch=002 train_batch=360/389 running_loss=0.160680
2026-08-19 20:26:48 | INFO | epoch=002 train_batch=370/389 running_loss=0.160192
2026-08-19 20:26:48 | INFO | epoch=002 train_batch=380/389 running_loss=0.159637
2026-08-19 20:26:48 | INFO | epoch=002 train_batch=389/389 running_loss=0.159033
2026-08-19 20:26:49 | INFO | epoch=002 train_loss=0.159033 validation_loss=0.175568
2026-08-19 20:26:49 | INFO | epoch=002 saved new best.pt
2026-08-19 20:26:49 | INFO | epoch=003 train_batch=10/389 running_loss=0.132056
2026-08-19 20:26:49 | INFO | epoch=003 train_batch=20/389 running_loss=0.128133
2026-08-19 20:26:50 | INFO | epoch=003 train_batch=30/389 running_loss=0.127099
2026-08-19 20:26:50 | INFO | epoch=003 train_batch=40/389 running_loss=0.126804
2026-08-19 20:26:50 | INFO | epoch=003 train_batch=50/389 running_loss=0.127358
2026-08-19 20:26:50 | INFO | epoch=003 train_batch=60/389 running_loss=0.127588
2026-08-19 20:26:51 | INFO | epoch=003 train_batch=70/389 running_loss=0.127876
2026-08-19 20:26:51 | INFO | epoch=003 train_batch=80/389 running_loss=0.128465
2026-08-19 20:26:51 | INFO | epoch=003 train_batch=90/389 running_loss=0.129148
2026-08-19 20:26:52 | INFO | epoch=003 train_batch=100/389 running_loss=0.129817
2026-08-19 20:26:52 | INFO | epoch=003 train_batch=110/389 running_loss=0.129759
2026-08-19 20:26:52 | INFO | epoch=003 train_batch=120/389 running_loss=0.129700
2026-08-19 20:26:52 | INFO | epoch=003 train_batch=130/389 running_loss=0.129875
2026-08-19 20:26:53 | INFO | epoch=003 train_batch=140/389 running_loss=0.129569
2026-08-19 20:26:53 | INFO | epoch=003 train_batch=150/389 running_loss=0.129627
2026-08-19 20:26:53 | INFO | epoch=003 train_batch=160/389 running_loss=0.128846
2026-08-19 20:26:53 | INFO | epoch=003 train_batch=170/389 running_loss=0.128492
2026-08-19 20:26:54 | INFO | epoch=003 train_batch=180/389 running_loss=0.127729
2026-08-19 20:26:54 | INFO | epoch=003 train_batch=190/389 running_loss=0.127150
2026-08-19 20:26:54 | INFO | epoch=003 train_batch=200/389 running_loss=0.127165
2026-08-19 20:26:54 | INFO | epoch=003 train_batch=210/389 running_loss=0.127495
2026-08-19 20:26:55 | INFO | epoch=003 train_batch=220/389 running_loss=0.127583
2026-08-19 20:26:55 | INFO | epoch=003 train_batch=230/389 running_loss=0.127400
2026-08-19 20:26:55 | INFO | epoch=003 train_batch=240/389 running_loss=0.126872
2026-08-19 20:26:55 | INFO | epoch=003 train_batch=250/389 running_loss=0.126711
2026-08-19 20:26:56 | INFO | epoch=003 train_batch=260/389 running_loss=0.126368
2026-08-19 20:26:56 | INFO | epoch=003 train_batch=270/389 running_loss=0.126435
2026-08-19 20:26:56 | INFO | epoch=003 train_batch=280/389 running_loss=0.126242
2026-08-19 20:26:56 | INFO | epoch=003 train_batch=290/389 running_loss=0.126282
2026-08-19 20:26:57 | INFO | epoch=003 train_batch=300/389 running_loss=0.126091
2026-08-19 20:26:57 | INFO | epoch=003 train_batch=310/389 running_loss=0.126048
2026-08-19 20:26:57 | INFO | epoch=003 train_batch=320/389 running_loss=0.126010
2026-08-19 20:26:57 | INFO | epoch=003 train_batch=330/389 running_loss=0.125911
2026-08-19 20:26:58 | INFO | epoch=003 train_batch=340/389 running_loss=0.125588
2026-08-19 20:26:58 | INFO | epoch=003 train_batch=350/389 running_loss=0.125332
2026-08-19 20:26:58 | INFO | epoch=003 train_batch=360/389 running_loss=0.124998
2026-08-19 20:26:58 | INFO | epoch=003 train_batch=370/389 running_loss=0.124848
2026-08-19 20:26:59 | INFO | epoch=003 train_batch=380/389 running_loss=0.124600
2026-08-19 20:26:59 | INFO | epoch=003 train_batch=389/389 running_loss=0.124580
2026-08-19 20:27:00 | INFO | epoch=003 train_loss=0.124580 validation_loss=0.155025
2026-08-19 20:27:00 | INFO | epoch=003 saved new best.pt
2026-08-19 20:27:00 | INFO | epoch=004 train_batch=10/389 running_loss=0.115330
2026-08-19 20:27:00 | INFO | epoch=004 train_batch=20/389 running_loss=0.118143
2026-08-19 20:27:00 | INFO | epoch=004 train_batch=30/389 running_loss=0.117796
2026-08-19 20:27:01 | INFO | epoch=004 train_batch=40/389 running_loss=0.115788
2026-08-19 20:27:01 | INFO | epoch=004 train_batch=50/389 running_loss=0.115498
2026-08-19 20:27:01 | INFO | epoch=004 train_batch=60/389 running_loss=0.114767
2026-08-19 20:27:01 | INFO | epoch=004 train_batch=70/389 running_loss=0.114683
2026-08-19 20:27:02 | INFO | epoch=004 train_batch=80/389 running_loss=0.113313
2026-08-19 20:27:02 | INFO | epoch=004 train_batch=90/389 running_loss=0.112707
2026-08-19 20:27:02 | INFO | epoch=004 train_batch=100/389 running_loss=0.112426
2026-08-19 20:27:02 | INFO | epoch=004 train_batch=110/389 running_loss=0.112313
2026-08-19 20:27:03 | INFO | epoch=004 train_batch=120/389 running_loss=0.112005
2026-08-19 20:27:03 | INFO | epoch=004 train_batch=130/389 running_loss=0.111648
2026-08-19 20:27:03 | INFO | epoch=004 train_batch=140/389 running_loss=0.111682
2026-08-19 20:27:04 | INFO | epoch=004 train_batch=150/389 running_loss=0.112063
2026-08-19 20:27:04 | INFO | epoch=004 train_batch=160/389 running_loss=0.112128
2026-08-19 20:27:04 | INFO | epoch=004 train_batch=170/389 running_loss=0.111948
2026-08-19 20:27:04 | INFO | epoch=004 train_batch=180/389 running_loss=0.111363
2026-08-19 20:27:05 | INFO | epoch=004 train_batch=190/389 running_loss=0.111248
2026-08-19 20:27:05 | INFO | epoch=004 train_batch=200/389 running_loss=0.111126
2026-08-19 20:27:05 | INFO | epoch=004 train_batch=210/389 running_loss=0.110743
2026-08-19 20:27:05 | INFO | epoch=004 train_batch=220/389 running_loss=0.110445
2026-08-19 20:27:06 | INFO | epoch=004 train_batch=230/389 running_loss=0.109933
2026-08-19 20:27:06 | INFO | epoch=004 train_batch=240/389 running_loss=0.109800
2026-08-19 20:27:06 | INFO | epoch=004 train_batch=250/389 running_loss=0.109378
2026-08-19 20:27:06 | INFO | epoch=004 train_batch=260/389 running_loss=0.109154
2026-08-19 20:27:07 | INFO | epoch=004 train_batch=270/389 running_loss=0.108916
2026-08-19 20:27:07 | INFO | epoch=004 train_batch=280/389 running_loss=0.108609
2026-08-19 20:27:07 | INFO | epoch=004 train_batch=290/389 running_loss=0.108571
2026-08-19 20:27:07 | INFO | epoch=004 train_batch=300/389 running_loss=0.108456
2026-08-19 20:27:08 | INFO | epoch=004 train_batch=310/389 running_loss=0.108283
2026-08-19 20:27:08 | INFO | epoch=004 train_batch=320/389 running_loss=0.108114
2026-08-19 20:27:08 | INFO | epoch=004 train_batch=330/389 running_loss=0.107982
2026-08-19 20:27:08 | INFO | epoch=004 train_batch=340/389 running_loss=0.107807
2026-08-19 20:27:09 | INFO | epoch=004 train_batch=350/389 running_loss=0.107719
2026-08-19 20:27:09 | INFO | epoch=004 train_batch=360/389 running_loss=0.107470
2026-08-19 20:27:09 | INFO | epoch=004 train_batch=370/389 running_loss=0.107301
2026-08-19 20:27:09 | INFO | epoch=004 train_batch=380/389 running_loss=0.107114
2026-08-19 20:27:10 | INFO | epoch=004 train_batch=389/389 running_loss=0.107023
2026-08-19 20:27:10 | INFO | epoch=004 train_loss=0.107023 validation_loss=0.144224
2026-08-19 20:27:10 | INFO | epoch=004 saved new best.pt
2026-08-19 20:27:11 | INFO | epoch=005 train_batch=10/389 running_loss=0.094480
2026-08-19 20:27:11 | INFO | epoch=005 train_batch=20/389 running_loss=0.096262
2026-08-19 20:27:11 | INFO | epoch=005 train_batch=30/389 running_loss=0.096353
2026-08-19 20:27:11 | INFO | epoch=005 train_batch=40/389 running_loss=0.095985
2026-08-19 20:27:12 | INFO | epoch=005 train_batch=50/389 running_loss=0.097536
2026-08-19 20:27:12 | INFO | epoch=005 train_batch=60/389 running_loss=0.099158
2026-08-19 20:27:12 | INFO | epoch=005 train_batch=70/389 running_loss=0.098208
2026-08-19 20:27:12 | INFO | epoch=005 train_batch=80/389 running_loss=0.098307
2026-08-19 20:27:13 | INFO | epoch=005 train_batch=90/389 running_loss=0.098618
2026-08-19 20:27:13 | INFO | epoch=005 train_batch=100/389 running_loss=0.098956
2026-08-19 20:27:13 | INFO | epoch=005 train_batch=110/389 running_loss=0.098565
2026-08-19 20:27:13 | INFO | epoch=005 train_batch=120/389 running_loss=0.098433
2026-08-19 20:27:14 | INFO | epoch=005 train_batch=130/389 running_loss=0.098343
2026-08-19 20:27:14 | INFO | epoch=005 train_batch=140/389 running_loss=0.098306
2026-08-19 20:27:14 | INFO | epoch=005 train_batch=150/389 running_loss=0.098215
2026-08-19 20:27:14 | INFO | epoch=005 train_batch=160/389 running_loss=0.098232
2026-08-19 20:27:15 | INFO | epoch=005 train_batch=170/389 running_loss=0.098074
2026-08-19 20:27:15 | INFO | epoch=005 train_batch=180/389 running_loss=0.098140
2026-08-19 20:27:15 | INFO | epoch=005 train_batch=190/389 running_loss=0.097952
2026-08-19 20:27:15 | INFO | epoch=005 train_batch=200/389 running_loss=0.097648
2026-08-19 20:27:16 | INFO | epoch=005 train_batch=210/389 running_loss=0.097660
2026-08-19 20:27:16 | INFO | epoch=005 train_batch=220/389 running_loss=0.097566
2026-08-19 20:27:16 | INFO | epoch=005 train_batch=230/389 running_loss=0.097260
2026-08-19 20:27:16 | INFO | epoch=005 train_batch=240/389 running_loss=0.097327
2026-08-19 20:27:17 | INFO | epoch=005 train_batch=250/389 running_loss=0.097124
2026-08-19 20:27:17 | INFO | epoch=005 train_batch=260/389 running_loss=0.097094
2026-08-19 20:27:17 | INFO | epoch=005 train_batch=270/389 running_loss=0.097209
2026-08-19 20:27:17 | INFO | epoch=005 train_batch=280/389 running_loss=0.097095
2026-08-19 20:27:18 | INFO | epoch=005 train_batch=290/389 running_loss=0.097012
2026-08-19 20:27:18 | INFO | epoch=005 train_batch=300/389 running_loss=0.097175
2026-08-19 20:27:18 | INFO | epoch=005 train_batch=310/389 running_loss=0.097123
2026-08-19 20:27:18 | INFO | epoch=005 train_batch=320/389 running_loss=0.097299
2026-08-19 20:27:19 | INFO | epoch=005 train_batch=330/389 running_loss=0.097190
2026-08-19 20:27:19 | INFO | epoch=005 train_batch=340/389 running_loss=0.097081
2026-08-19 20:27:19 | INFO | epoch=005 train_batch=350/389 running_loss=0.097058
2026-08-19 20:27:19 | INFO | epoch=005 train_batch=360/389 running_loss=0.096984
2026-08-19 20:27:20 | INFO | epoch=005 train_batch=370/389 running_loss=0.096804
2026-08-19 20:27:20 | INFO | epoch=005 train_batch=380/389 running_loss=0.096622
2026-08-19 20:27:20 | INFO | epoch=005 train_batch=389/389 running_loss=0.096440
2026-08-19 20:27:21 | INFO | epoch=005 train_loss=0.096440 validation_loss=0.135179
2026-08-19 20:27:21 | INFO | epoch=005 saved new best.pt
2026-08-19 20:27:21 | INFO | epoch=006 train_batch=10/389 running_loss=0.090857
2026-08-19 20:27:22 | INFO | epoch=006 train_batch=20/389 running_loss=0.090218
2026-08-19 20:27:22 | INFO | epoch=006 train_batch=30/389 running_loss=0.090880
2026-08-19 20:27:22 | INFO | epoch=006 train_batch=40/389 running_loss=0.091467
2026-08-19 20:27:22 | INFO | epoch=006 train_batch=50/389 running_loss=0.091413
2026-08-19 20:27:23 | INFO | epoch=006 train_batch=60/389 running_loss=0.091904
2026-08-19 20:27:23 | INFO | epoch=006 train_batch=70/389 running_loss=0.091125
2026-08-19 20:27:23 | INFO | epoch=006 train_batch=80/389 running_loss=0.091191
2026-08-19 20:27:23 | INFO | epoch=006 train_batch=90/389 running_loss=0.090975
2026-08-19 20:27:24 | INFO | epoch=006 train_batch=100/389 running_loss=0.091069
2026-08-19 20:27:24 | INFO | epoch=006 train_batch=110/389 running_loss=0.090841
2026-08-19 20:27:24 | INFO | epoch=006 train_batch=120/389 running_loss=0.091120
2026-08-19 20:27:24 | INFO | epoch=006 train_batch=130/389 running_loss=0.090981
2026-08-19 20:27:25 | INFO | epoch=006 train_batch=140/389 running_loss=0.090746
2026-08-19 20:27:25 | INFO | epoch=006 train_batch=150/389 running_loss=0.090654
2026-08-19 20:27:25 | INFO | epoch=006 train_batch=160/389 running_loss=0.090924
2026-08-19 20:27:25 | INFO | epoch=006 train_batch=170/389 running_loss=0.090683
2026-08-19 20:27:26 | INFO | epoch=006 train_batch=180/389 running_loss=0.090548
2026-08-19 20:27:26 | INFO | epoch=006 train_batch=190/389 running_loss=0.090240
2026-08-19 20:27:26 | INFO | epoch=006 train_batch=200/389 running_loss=0.089964
2026-08-19 20:27:26 | INFO | epoch=006 train_batch=210/389 running_loss=0.089918
2026-08-19 20:27:27 | INFO | epoch=006 train_batch=220/389 running_loss=0.089883
2026-08-19 20:27:27 | INFO | epoch=006 train_batch=230/389 running_loss=0.089680
2026-08-19 20:27:27 | INFO | epoch=006 train_batch=240/389 running_loss=0.089692
2026-08-19 20:27:27 | INFO | epoch=006 train_batch=250/389 running_loss=0.089577
2026-08-19 20:27:28 | INFO | epoch=006 train_batch=260/389 running_loss=0.089512
2026-08-19 20:27:28 | INFO | epoch=006 train_batch=270/389 running_loss=0.089511
2026-08-19 20:27:28 | INFO | epoch=006 train_batch=280/389 running_loss=0.089358
2026-08-19 20:27:28 | INFO | epoch=006 train_batch=290/389 running_loss=0.089241
2026-08-19 20:27:29 | INFO | epoch=006 train_batch=300/389 running_loss=0.089191
2026-08-19 20:27:29 | INFO | epoch=006 train_batch=310/389 running_loss=0.089053
2026-08-19 20:27:29 | INFO | epoch=006 train_batch=320/389 running_loss=0.089139
2026-08-19 20:27:29 | INFO | epoch=006 train_batch=330/389 running_loss=0.088851
2026-08-19 20:27:30 | INFO | epoch=006 train_batch=340/389 running_loss=0.088605
2026-08-19 20:27:30 | INFO | epoch=006 train_batch=350/389 running_loss=0.088456
2026-08-19 20:27:30 | INFO | epoch=006 train_batch=360/389 running_loss=0.088533
2026-08-19 20:27:30 | INFO | epoch=006 train_batch=370/389 running_loss=0.088550
2026-08-19 20:27:31 | INFO | epoch=006 train_batch=380/389 running_loss=0.088454
2026-08-19 20:27:31 | INFO | epoch=006 train_batch=389/389 running_loss=0.088285
2026-08-19 20:27:31 | INFO | epoch=006 train_loss=0.088285 validation_loss=0.125827
2026-08-19 20:27:32 | INFO | epoch=006 saved new best.pt
2026-08-19 20:27:32 | INFO | epoch=007 train_batch=10/389 running_loss=0.085963
2026-08-19 20:27:32 | INFO | epoch=007 train_batch=20/389 running_loss=0.084739
2026-08-19 20:27:32 | INFO | epoch=007 train_batch=30/389 running_loss=0.084179
2026-08-19 20:27:33 | INFO | epoch=007 train_batch=40/389 running_loss=0.083811
2026-08-19 20:27:33 | INFO | epoch=007 train_batch=50/389 running_loss=0.083314
2026-08-19 20:27:33 | INFO | epoch=007 train_batch=60/389 running_loss=0.082810
2026-08-19 20:27:33 | INFO | epoch=007 train_batch=70/389 running_loss=0.082607
2026-08-19 20:27:34 | INFO | epoch=007 train_batch=80/389 running_loss=0.082996
2026-08-19 20:27:34 | INFO | epoch=007 train_batch=90/389 running_loss=0.082663
2026-08-19 20:27:34 | INFO | epoch=007 train_batch=100/389 running_loss=0.082932
2026-08-19 20:27:34 | INFO | epoch=007 train_batch=110/389 running_loss=0.082660
2026-08-19 20:27:35 | INFO | epoch=007 train_batch=120/389 running_loss=0.082982
2026-08-19 20:27:35 | INFO | epoch=007 train_batch=130/389 running_loss=0.083192
2026-08-19 20:27:35 | INFO | epoch=007 train_batch=140/389 running_loss=0.083231
2026-08-19 20:27:35 | INFO | epoch=007 train_batch=150/389 running_loss=0.083449
2026-08-19 20:27:36 | INFO | epoch=007 train_batch=160/389 running_loss=0.083295
2026-08-19 20:27:36 | INFO | epoch=007 train_batch=170/389 running_loss=0.083307
2026-08-19 20:27:36 | INFO | epoch=007 train_batch=180/389 running_loss=0.083211
2026-08-19 20:27:36 | INFO | epoch=007 train_batch=190/389 running_loss=0.083190
2026-08-19 20:27:37 | INFO | epoch=007 train_batch=200/389 running_loss=0.083457
2026-08-19 20:27:37 | INFO | epoch=007 train_batch=210/389 running_loss=0.083324
2026-08-19 20:27:37 | INFO | epoch=007 train_batch=220/389 running_loss=0.083319
2026-08-19 20:27:37 | INFO | epoch=007 train_batch=230/389 running_loss=0.083498
2026-08-19 20:27:38 | INFO | epoch=007 train_batch=240/389 running_loss=0.083475
2026-08-19 20:27:38 | INFO | epoch=007 train_batch=250/389 running_loss=0.083238
2026-08-19 20:27:38 | INFO | epoch=007 train_batch=260/389 running_loss=0.083075
2026-08-19 20:27:38 | INFO | epoch=007 train_batch=270/389 running_loss=0.082981
2026-08-19 20:27:39 | INFO | epoch=007 train_batch=280/389 running_loss=0.082724
2026-08-19 20:27:39 | INFO | epoch=007 train_batch=290/389 running_loss=0.082807
2026-08-19 20:27:39 | INFO | epoch=007 train_batch=300/389 running_loss=0.082879
2026-08-19 20:27:39 | INFO | epoch=007 train_batch=310/389 running_loss=0.082945
2026-08-19 20:27:40 | INFO | epoch=007 train_batch=320/389 running_loss=0.082736
2026-08-19 20:27:40 | INFO | epoch=007 train_batch=330/389 running_loss=0.082653
2026-08-19 20:27:40 | INFO | epoch=007 train_batch=340/389 running_loss=0.082537
2026-08-19 20:27:40 | INFO | epoch=007 train_batch=350/389 running_loss=0.082516
2026-08-19 20:27:41 | INFO | epoch=007 train_batch=360/389 running_loss=0.082620
2026-08-19 20:27:41 | INFO | epoch=007 train_batch=370/389 running_loss=0.082636
2026-08-19 20:27:41 | INFO | epoch=007 train_batch=380/389 running_loss=0.082638
2026-08-19 20:27:41 | INFO | epoch=007 train_batch=389/389 running_loss=0.082625
2026-08-19 20:27:42 | INFO | epoch=007 train_loss=0.082625 validation_loss=0.122936
2026-08-19 20:27:42 | INFO | epoch=007 saved new best.pt
2026-08-19 20:27:43 | INFO | epoch=008 train_batch=10/389 running_loss=0.084665
2026-08-19 20:27:43 | INFO | epoch=008 train_batch=20/389 running_loss=0.081743
2026-08-19 20:27:43 | INFO | epoch=008 train_batch=30/389 running_loss=0.081803
2026-08-19 20:27:43 | INFO | epoch=008 train_batch=40/389 running_loss=0.080316
2026-08-19 20:27:44 | INFO | epoch=008 train_batch=50/389 running_loss=0.081108
2026-08-19 20:27:44 | INFO | epoch=008 train_batch=60/389 running_loss=0.080919
2026-08-19 20:27:44 | INFO | epoch=008 train_batch=70/389 running_loss=0.080741
2026-08-19 20:27:44 | INFO | epoch=008 train_batch=80/389 running_loss=0.080060
2026-08-19 20:27:45 | INFO | epoch=008 train_batch=90/389 running_loss=0.080274
2026-08-19 20:27:45 | INFO | epoch=008 train_batch=100/389 running_loss=0.080361
2026-08-19 20:27:45 | INFO | epoch=008 train_batch=110/389 running_loss=0.080326
2026-08-19 20:27:45 | INFO | epoch=008 train_batch=120/389 running_loss=0.080646
2026-08-19 20:27:46 | INFO | epoch=008 train_batch=130/389 running_loss=0.080243
2026-08-19 20:27:46 | INFO | epoch=008 train_batch=140/389 running_loss=0.080072
2026-08-19 20:27:46 | INFO | epoch=008 train_batch=150/389 running_loss=0.079980
2026-08-19 20:27:46 | INFO | epoch=008 train_batch=160/389 running_loss=0.079841
2026-08-19 20:27:47 | INFO | epoch=008 train_batch=170/389 running_loss=0.079463
2026-08-19 20:27:47 | INFO | epoch=008 train_batch=180/389 running_loss=0.079225
2026-08-19 20:27:47 | INFO | epoch=008 train_batch=190/389 running_loss=0.079336
2026-08-19 20:27:47 | INFO | epoch=008 train_batch=200/389 running_loss=0.079326
2026-08-19 20:27:48 | INFO | epoch=008 train_batch=210/389 running_loss=0.079244
2026-08-19 20:27:48 | INFO | epoch=008 train_batch=220/389 running_loss=0.078891
2026-08-19 20:27:48 | INFO | epoch=008 train_batch=230/389 running_loss=0.079096
2026-08-19 20:27:48 | INFO | epoch=008 train_batch=240/389 running_loss=0.078983
2026-08-19 20:27:49 | INFO | epoch=008 train_batch=250/389 running_loss=0.078935
2026-08-19 20:27:49 | INFO | epoch=008 train_batch=260/389 running_loss=0.078939
2026-08-19 20:27:49 | INFO | epoch=008 train_batch=270/389 running_loss=0.078758
2026-08-19 20:27:49 | INFO | epoch=008 train_batch=280/389 running_loss=0.078566
2026-08-19 20:27:50 | INFO | epoch=008 train_batch=290/389 running_loss=0.078622
2026-08-19 20:27:50 | INFO | epoch=008 train_batch=300/389 running_loss=0.078507
2026-08-19 20:27:50 | INFO | epoch=008 train_batch=310/389 running_loss=0.078430
2026-08-19 20:27:50 | INFO | epoch=008 train_batch=320/389 running_loss=0.078295
2026-08-19 20:27:51 | INFO | epoch=008 train_batch=330/389 running_loss=0.078210
2026-08-19 20:27:51 | INFO | epoch=008 train_batch=340/389 running_loss=0.078203
2026-08-19 20:27:51 | INFO | epoch=008 train_batch=350/389 running_loss=0.078012
2026-08-19 20:27:51 | INFO | epoch=008 train_batch=360/389 running_loss=0.078114
2026-08-19 20:27:52 | INFO | epoch=008 train_batch=370/389 running_loss=0.078043
2026-08-19 20:27:52 | INFO | epoch=008 train_batch=380/389 running_loss=0.077938
2026-08-19 20:27:52 | INFO | epoch=008 train_batch=389/389 running_loss=0.077946
2026-08-19 20:27:53 | INFO | epoch=008 train_loss=0.077946 validation_loss=0.118540
2026-08-19 20:27:53 | INFO | epoch=008 saved new best.pt
2026-08-19 20:27:53 | INFO | epoch=009 train_batch=10/389 running_loss=0.072057
2026-08-19 20:27:53 | INFO | epoch=009 train_batch=20/389 running_loss=0.072292
2026-08-19 20:27:54 | INFO | epoch=009 train_batch=30/389 running_loss=0.072833
2026-08-19 20:27:54 | INFO | epoch=009 train_batch=40/389 running_loss=0.073023
2026-08-19 20:27:54 | INFO | epoch=009 train_batch=50/389 running_loss=0.074660
2026-08-19 20:27:54 | INFO | epoch=009 train_batch=60/389 running_loss=0.074559
2026-08-19 20:27:55 | INFO | epoch=009 train_batch=70/389 running_loss=0.074001
2026-08-19 20:27:55 | INFO | epoch=009 train_batch=80/389 running_loss=0.073684
2026-08-19 20:27:55 | INFO | epoch=009 train_batch=90/389 running_loss=0.074217
2026-08-19 20:27:55 | INFO | epoch=009 train_batch=100/389 running_loss=0.074157
2026-08-19 20:27:56 | INFO | epoch=009 train_batch=110/389 running_loss=0.074602
2026-08-19 20:27:56 | INFO | epoch=009 train_batch=120/389 running_loss=0.074558
2026-08-19 20:27:56 | INFO | epoch=009 train_batch=130/389 running_loss=0.074532
2026-08-19 20:27:56 | INFO | epoch=009 train_batch=140/389 running_loss=0.074428
2026-08-19 20:27:56 | INFO | epoch=009 train_batch=150/389 running_loss=0.074198
2026-08-19 20:27:57 | INFO | epoch=009 train_batch=160/389 running_loss=0.073847
2026-08-19 20:27:57 | INFO | epoch=009 train_batch=170/389 running_loss=0.073715
2026-08-19 20:27:57 | INFO | epoch=009 train_batch=180/389 running_loss=0.074005
2026-08-19 20:27:57 | INFO | epoch=009 train_batch=190/389 running_loss=0.073988
2026-08-19 20:27:58 | INFO | epoch=009 train_batch=200/389 running_loss=0.074021
2026-08-19 20:27:58 | INFO | epoch=009 train_batch=210/389 running_loss=0.074256
2026-08-19 20:27:58 | INFO | epoch=009 train_batch=220/389 running_loss=0.074276
2026-08-19 20:27:58 | INFO | epoch=009 train_batch=230/389 running_loss=0.074543
2026-08-19 20:27:59 | INFO | epoch=009 train_batch=240/389 running_loss=0.074653
2026-08-19 20:27:59 | INFO | epoch=009 train_batch=250/389 running_loss=0.074697
2026-08-19 20:27:59 | INFO | epoch=009 train_batch=260/389 running_loss=0.074741
2026-08-19 20:27:59 | INFO | epoch=009 train_batch=270/389 running_loss=0.074597
2026-08-19 20:28:00 | INFO | epoch=009 train_batch=280/389 running_loss=0.074377
2026-08-19 20:28:00 | INFO | epoch=009 train_batch=290/389 running_loss=0.074321
2026-08-19 20:28:00 | INFO | epoch=009 train_batch=300/389 running_loss=0.074490
2026-08-19 20:28:00 | INFO | epoch=009 train_batch=310/389 running_loss=0.074450
2026-08-19 20:28:01 | INFO | epoch=009 train_batch=320/389 running_loss=0.074539
2026-08-19 20:28:01 | INFO | epoch=009 train_batch=330/389 running_loss=0.074596
2026-08-19 20:28:01 | INFO | epoch=009 train_batch=340/389 running_loss=0.074500
2026-08-19 20:28:01 | INFO | epoch=009 train_batch=350/389 running_loss=0.074557
2026-08-19 20:28:02 | INFO | epoch=009 train_batch=360/389 running_loss=0.074377
2026-08-19 20:28:02 | INFO | epoch=009 train_batch=370/389 running_loss=0.074425
2026-08-19 20:28:02 | INFO | epoch=009 train_batch=380/389 running_loss=0.074541
2026-08-19 20:28:02 | INFO | epoch=009 train_batch=389/389 running_loss=0.074545
2026-08-19 20:28:03 | INFO | epoch=009 train_loss=0.074545 validation_loss=0.114461
2026-08-19 20:28:03 | INFO | epoch=009 saved new best.pt
2026-08-19 20:28:03 | INFO | epoch=010 train_batch=10/389 running_loss=0.070421
2026-08-19 20:28:04 | INFO | epoch=010 train_batch=20/389 running_loss=0.070733
2026-08-19 20:28:04 | INFO | epoch=010 train_batch=30/389 running_loss=0.071628
2026-08-19 20:28:04 | INFO | epoch=010 train_batch=40/389 running_loss=0.070492
2026-08-19 20:28:04 | INFO | epoch=010 train_batch=50/389 running_loss=0.071218
2026-08-19 20:28:05 | INFO | epoch=010 train_batch=60/389 running_loss=0.071556
2026-08-19 20:28:05 | INFO | epoch=010 train_batch=70/389 running_loss=0.071395
2026-08-19 20:28:05 | INFO | epoch=010 train_batch=80/389 running_loss=0.071838
2026-08-19 20:28:05 | INFO | epoch=010 train_batch=90/389 running_loss=0.071839
2026-08-19 20:28:06 | INFO | epoch=010 train_batch=100/389 running_loss=0.071524
2026-08-19 20:28:06 | INFO | epoch=010 train_batch=110/389 running_loss=0.071743
2026-08-19 20:28:06 | INFO | epoch=010 train_batch=120/389 running_loss=0.071845
2026-08-19 20:28:06 | INFO | epoch=010 train_batch=130/389 running_loss=0.071716
2026-08-19 20:28:07 | INFO | epoch=010 train_batch=140/389 running_loss=0.071681
2026-08-19 20:28:07 | INFO | epoch=010 train_batch=150/389 running_loss=0.071908
2026-08-19 20:28:07 | INFO | epoch=010 train_batch=160/389 running_loss=0.071760
2026-08-19 20:28:07 | INFO | epoch=010 train_batch=170/389 running_loss=0.071521
2026-08-19 20:28:08 | INFO | epoch=010 train_batch=180/389 running_loss=0.071508
2026-08-19 20:28:08 | INFO | epoch=010 train_batch=190/389 running_loss=0.071498
2026-08-19 20:28:08 | INFO | epoch=010 train_batch=200/389 running_loss=0.071824
2026-08-19 20:28:08 | INFO | epoch=010 train_batch=210/389 running_loss=0.071718
2026-08-19 20:28:09 | INFO | epoch=010 train_batch=220/389 running_loss=0.071577
2026-08-19 20:28:09 | INFO | epoch=010 train_batch=230/389 running_loss=0.071483
2026-08-19 20:28:09 | INFO | epoch=010 train_batch=240/389 running_loss=0.071386
2026-08-19 20:28:09 | INFO | epoch=010 train_batch=250/389 running_loss=0.071335
2026-08-19 20:28:10 | INFO | epoch=010 train_batch=260/389 running_loss=0.071401
2026-08-19 20:28:10 | INFO | epoch=010 train_batch=270/389 running_loss=0.071362
2026-08-19 20:28:10 | INFO | epoch=010 train_batch=280/389 running_loss=0.071141
2026-08-19 20:28:10 | INFO | epoch=010 train_batch=290/389 running_loss=0.070975
2026-08-19 20:28:11 | INFO | epoch=010 train_batch=300/389 running_loss=0.070971
2026-08-19 20:28:11 | INFO | epoch=010 train_batch=310/389 running_loss=0.070991
2026-08-19 20:28:11 | INFO | epoch=010 train_batch=320/389 running_loss=0.070883
2026-08-19 20:28:12 | INFO | epoch=010 train_batch=330/389 running_loss=0.070898
2026-08-19 20:28:12 | INFO | epoch=010 train_batch=340/389 running_loss=0.070745
2026-08-19 20:28:12 | INFO | epoch=010 train_batch=350/389 running_loss=0.070731
2026-08-19 20:28:12 | INFO | epoch=010 train_batch=360/389 running_loss=0.071006
2026-08-19 20:28:13 | INFO | epoch=010 train_batch=370/389 running_loss=0.071056
2026-08-19 20:28:13 | INFO | epoch=010 train_batch=380/389 running_loss=0.071059
2026-08-19 20:28:13 | INFO | epoch=010 train_batch=389/389 running_loss=0.071106
2026-08-19 20:28:14 | INFO | epoch=010 train_loss=0.071106 validation_loss=0.110708
2026-08-19 20:28:14 | INFO | epoch=010 saved new best.pt
2026-08-19 20:28:14 | INFO | epoch=011 train_batch=10/389 running_loss=0.066249
2026-08-19 20:28:14 | INFO | epoch=011 train_batch=20/389 running_loss=0.069004
2026-08-19 20:28:15 | INFO | epoch=011 train_batch=30/389 running_loss=0.068291
2026-08-19 20:28:15 | INFO | epoch=011 train_batch=40/389 running_loss=0.068891
2026-08-19 20:28:15 | INFO | epoch=011 train_batch=50/389 running_loss=0.069131
2026-08-19 20:28:15 | INFO | epoch=011 train_batch=60/389 running_loss=0.069096
2026-08-19 20:28:16 | INFO | epoch=011 train_batch=70/389 running_loss=0.068659
2026-08-19 20:28:16 | INFO | epoch=011 train_batch=80/389 running_loss=0.069082
2026-08-19 20:28:16 | INFO | epoch=011 train_batch=90/389 running_loss=0.069395
2026-08-19 20:28:16 | INFO | epoch=011 train_batch=100/389 running_loss=0.069050
2026-08-19 20:28:17 | INFO | epoch=011 train_batch=110/389 running_loss=0.068383
2026-08-19 20:28:17 | INFO | epoch=011 train_batch=120/389 running_loss=0.068444
2026-08-19 20:28:17 | INFO | epoch=011 train_batch=130/389 running_loss=0.068729
2026-08-19 20:28:17 | INFO | epoch=011 train_batch=140/389 running_loss=0.068682
2026-08-19 20:28:18 | INFO | epoch=011 train_batch=150/389 running_loss=0.068785
2026-08-19 20:28:18 | INFO | epoch=011 train_batch=160/389 running_loss=0.068836
2026-08-19 20:28:18 | INFO | epoch=011 train_batch=170/389 running_loss=0.069001
2026-08-19 20:28:18 | INFO | epoch=011 train_batch=180/389 running_loss=0.068783
2026-08-19 20:28:19 | INFO | epoch=011 train_batch=190/389 running_loss=0.069035
2026-08-19 20:28:19 | INFO | epoch=011 train_batch=200/389 running_loss=0.069078
2026-08-19 20:28:19 | INFO | epoch=011 train_batch=210/389 running_loss=0.068898
2026-08-19 20:28:20 | INFO | epoch=011 train_batch=220/389 running_loss=0.068693
2026-08-19 20:28:20 | INFO | epoch=011 train_batch=230/389 running_loss=0.068591
2026-08-19 20:28:20 | INFO | epoch=011 train_batch=240/389 running_loss=0.068569
2026-08-19 20:28:20 | INFO | epoch=011 train_batch=250/389 running_loss=0.068760
2026-08-19 20:28:21 | INFO | epoch=011 train_batch=260/389 running_loss=0.068695
2026-08-19 20:28:21 | INFO | epoch=011 train_batch=270/389 running_loss=0.068686
2026-08-19 20:28:21 | INFO | epoch=011 train_batch=280/389 running_loss=0.068712
2026-08-19 20:28:21 | INFO | epoch=011 train_batch=290/389 running_loss=0.068784
2026-08-19 20:28:22 | INFO | epoch=011 train_batch=300/389 running_loss=0.068747
2026-08-19 20:28:22 | INFO | epoch=011 train_batch=310/389 running_loss=0.068677
2026-08-19 20:28:22 | INFO | epoch=011 train_batch=320/389 running_loss=0.068674
2026-08-19 20:28:22 | INFO | epoch=011 train_batch=330/389 running_loss=0.068595
2026-08-19 20:28:23 | INFO | epoch=011 train_batch=340/389 running_loss=0.068624
2026-08-19 20:28:23 | INFO | epoch=011 train_batch=350/389 running_loss=0.068679
2026-08-19 20:28:23 | INFO | epoch=011 train_batch=360/389 running_loss=0.068603
2026-08-19 20:28:23 | INFO | epoch=011 train_batch=370/389 running_loss=0.068700
2026-08-19 20:28:24 | INFO | epoch=011 train_batch=380/389 running_loss=0.068724
2026-08-19 20:28:24 | INFO | epoch=011 train_batch=389/389 running_loss=0.068619
2026-08-19 20:28:25 | INFO | epoch=011 train_loss=0.068619 validation_loss=0.108308
2026-08-19 20:28:25 | INFO | epoch=011 saved new best.pt
2026-08-19 20:28:25 | INFO | epoch=012 train_batch=10/389 running_loss=0.069617
2026-08-19 20:28:25 | INFO | epoch=012 train_batch=20/389 running_loss=0.067824
2026-08-19 20:28:26 | INFO | epoch=012 train_batch=30/389 running_loss=0.067550
2026-08-19 20:28:26 | INFO | epoch=012 train_batch=40/389 running_loss=0.067946
2026-08-19 20:28:26 | INFO | epoch=012 train_batch=50/389 running_loss=0.067894
2026-08-19 20:28:26 | INFO | epoch=012 train_batch=60/389 running_loss=0.067507
2026-08-19 20:28:27 | INFO | epoch=012 train_batch=70/389 running_loss=0.067740
2026-08-19 20:28:27 | INFO | epoch=012 train_batch=80/389 running_loss=0.067709
2026-08-19 20:28:27 | INFO | epoch=012 train_batch=90/389 running_loss=0.067597
2026-08-19 20:28:27 | INFO | epoch=012 train_batch=100/389 running_loss=0.067551
2026-08-19 20:28:28 | INFO | epoch=012 train_batch=110/389 running_loss=0.067663
2026-08-19 20:28:28 | INFO | epoch=012 train_batch=120/389 running_loss=0.067714
2026-08-19 20:28:28 | INFO | epoch=012 train_batch=130/389 running_loss=0.067974
2026-08-19 20:28:28 | INFO | epoch=012 train_batch=140/389 running_loss=0.067780
2026-08-19 20:28:29 | INFO | epoch=012 train_batch=150/389 running_loss=0.067640
2026-08-19 20:28:29 | INFO | epoch=012 train_batch=160/389 running_loss=0.067547
2026-08-19 20:28:29 | INFO | epoch=012 train_batch=170/389 running_loss=0.067055
2026-08-19 20:28:29 | INFO | epoch=012 train_batch=180/389 running_loss=0.066852
2026-08-19 20:28:30 | INFO | epoch=012 train_batch=190/389 running_loss=0.066643
2026-08-19 20:28:30 | INFO | epoch=012 train_batch=200/389 running_loss=0.066469
2026-08-19 20:28:30 | INFO | epoch=012 train_batch=210/389 running_loss=0.066433
2026-08-19 20:28:30 | INFO | epoch=012 train_batch=220/389 running_loss=0.066387
2026-08-19 20:28:31 | INFO | epoch=012 train_batch=230/389 running_loss=0.066175
2026-08-19 20:28:31 | INFO | epoch=012 train_batch=240/389 running_loss=0.066266
2026-08-19 20:28:31 | INFO | epoch=012 train_batch=250/389 running_loss=0.066309
2026-08-19 20:28:31 | INFO | epoch=012 train_batch=260/389 running_loss=0.066286
2026-08-19 20:28:32 | INFO | epoch=012 train_batch=270/389 running_loss=0.066224
2026-08-19 20:28:32 | INFO | epoch=012 train_batch=280/389 running_loss=0.066186
2026-08-19 20:28:32 | INFO | epoch=012 train_batch=290/389 running_loss=0.066093
2026-08-19 20:28:33 | INFO | epoch=012 train_batch=300/389 running_loss=0.066171
2026-08-19 20:28:33 | INFO | epoch=012 train_batch=310/389 running_loss=0.066139
2026-08-19 20:28:33 | INFO | epoch=012 train_batch=320/389 running_loss=0.066305
2026-08-19 20:28:33 | INFO | epoch=012 train_batch=330/389 running_loss=0.066267
2026-08-19 20:28:34 | INFO | epoch=012 train_batch=340/389 running_loss=0.066177
2026-08-19 20:28:34 | INFO | epoch=012 train_batch=350/389 running_loss=0.066216
2026-08-19 20:28:34 | INFO | epoch=012 train_batch=360/389 running_loss=0.066185
2026-08-19 20:28:34 | INFO | epoch=012 train_batch=370/389 running_loss=0.066349
2026-08-19 20:28:35 | INFO | epoch=012 train_batch=380/389 running_loss=0.066367
2026-08-19 20:28:35 | INFO | epoch=012 train_batch=389/389 running_loss=0.066381
2026-08-19 20:28:36 | INFO | epoch=012 train_loss=0.066381 validation_loss=0.107977
2026-08-19 20:28:36 | INFO | epoch=012 saved new best.pt
2026-08-19 20:28:36 | INFO | epoch=013 train_batch=10/389 running_loss=0.064357
2026-08-19 20:28:36 | INFO | epoch=013 train_batch=20/389 running_loss=0.062802
2026-08-19 20:28:36 | INFO | epoch=013 train_batch=30/389 running_loss=0.063173
2026-08-19 20:28:37 | INFO | epoch=013 train_batch=40/389 running_loss=0.062918
2026-08-19 20:28:37 | INFO | epoch=013 train_batch=50/389 running_loss=0.063665
2026-08-19 20:28:37 | INFO | epoch=013 train_batch=60/389 running_loss=0.063740
2026-08-19 20:28:37 | INFO | epoch=013 train_batch=70/389 running_loss=0.064651
2026-08-19 20:28:38 | INFO | epoch=013 train_batch=80/389 running_loss=0.064444
2026-08-19 20:28:38 | INFO | epoch=013 train_batch=90/389 running_loss=0.063906
2026-08-19 20:28:38 | INFO | epoch=013 train_batch=100/389 running_loss=0.064035
2026-08-19 20:28:38 | INFO | epoch=013 train_batch=110/389 running_loss=0.064111
2026-08-19 20:28:39 | INFO | epoch=013 train_batch=120/389 running_loss=0.064491
2026-08-19 20:28:39 | INFO | epoch=013 train_batch=130/389 running_loss=0.064025
2026-08-19 20:28:39 | INFO | epoch=013 train_batch=140/389 running_loss=0.064087
2026-08-19 20:28:39 | INFO | epoch=013 train_batch=150/389 running_loss=0.063948
2026-08-19 20:28:40 | INFO | epoch=013 train_batch=160/389 running_loss=0.064232
2026-08-19 20:28:40 | INFO | epoch=013 train_batch=170/389 running_loss=0.064276
2026-08-19 20:28:40 | INFO | epoch=013 train_batch=180/389 running_loss=0.064386
2026-08-19 20:28:40 | INFO | epoch=013 train_batch=190/389 running_loss=0.064446
2026-08-19 20:28:41 | INFO | epoch=013 train_batch=200/389 running_loss=0.064471
2026-08-19 20:28:41 | INFO | epoch=013 train_batch=210/389 running_loss=0.064401
2026-08-19 20:28:41 | INFO | epoch=013 train_batch=220/389 running_loss=0.064258
2026-08-19 20:28:41 | INFO | epoch=013 train_batch=230/389 running_loss=0.064308
2026-08-19 20:28:42 | INFO | epoch=013 train_batch=240/389 running_loss=0.064272
2026-08-19 20:28:42 | INFO | epoch=013 train_batch=250/389 running_loss=0.064487
2026-08-19 20:28:42 | INFO | epoch=013 train_batch=260/389 running_loss=0.064621
2026-08-19 20:28:42 | INFO | epoch=013 train_batch=270/389 running_loss=0.064572
2026-08-19 20:28:43 | INFO | epoch=013 train_batch=280/389 running_loss=0.064567
2026-08-19 20:28:43 | INFO | epoch=013 train_batch=290/389 running_loss=0.064479
2026-08-19 20:28:43 | INFO | epoch=013 train_batch=300/389 running_loss=0.064476
2026-08-19 20:28:43 | INFO | epoch=013 train_batch=310/389 running_loss=0.064589
2026-08-19 20:28:44 | INFO | epoch=013 train_batch=320/389 running_loss=0.064657
2026-08-19 20:28:44 | INFO | epoch=013 train_batch=330/389 running_loss=0.064771
2026-08-19 20:28:44 | INFO | epoch=013 train_batch=340/389 running_loss=0.064850
2026-08-19 20:28:44 | INFO | epoch=013 train_batch=350/389 running_loss=0.064919
2026-08-19 20:28:45 | INFO | epoch=013 train_batch=360/389 running_loss=0.064959
2026-08-19 20:28:45 | INFO | epoch=013 train_batch=370/389 running_loss=0.065082
2026-08-19 20:28:45 | INFO | epoch=013 train_batch=380/389 running_loss=0.065131
2026-08-19 20:28:45 | INFO | epoch=013 train_batch=389/389 running_loss=0.065035
2026-08-19 20:28:46 | INFO | epoch=013 train_loss=0.065035 validation_loss=0.110659
2026-08-19 20:28:46 | INFO | epoch=014 train_batch=10/389 running_loss=0.065028
2026-08-19 20:28:47 | INFO | epoch=014 train_batch=20/389 running_loss=0.061483
2026-08-19 20:28:47 | INFO | epoch=014 train_batch=30/389 running_loss=0.062055
2026-08-19 20:28:47 | INFO | epoch=014 train_batch=40/389 running_loss=0.062498
2026-08-19 20:28:47 | INFO | epoch=014 train_batch=50/389 running_loss=0.062268
2026-08-19 20:28:48 | INFO | epoch=014 train_batch=60/389 running_loss=0.062428
2026-08-19 20:28:48 | INFO | epoch=014 train_batch=70/389 running_loss=0.062524
2026-08-19 20:28:48 | INFO | epoch=014 train_batch=80/389 running_loss=0.062736
2026-08-19 20:28:48 | INFO | epoch=014 train_batch=90/389 running_loss=0.062785
2026-08-19 20:28:49 | INFO | epoch=014 train_batch=100/389 running_loss=0.062904
2026-08-19 20:28:49 | INFO | epoch=014 train_batch=110/389 running_loss=0.063025
2026-08-19 20:28:49 | INFO | epoch=014 train_batch=120/389 running_loss=0.063314
2026-08-19 20:28:49 | INFO | epoch=014 train_batch=130/389 running_loss=0.063520
2026-08-19 20:28:50 | INFO | epoch=014 train_batch=140/389 running_loss=0.063658
2026-08-19 20:28:50 | INFO | epoch=014 train_batch=150/389 running_loss=0.063609
2026-08-19 20:28:50 | INFO | epoch=014 train_batch=160/389 running_loss=0.063319
2026-08-19 20:28:50 | INFO | epoch=014 train_batch=170/389 running_loss=0.063445
2026-08-19 20:28:51 | INFO | epoch=014 train_batch=180/389 running_loss=0.063514
2026-08-19 20:28:51 | INFO | epoch=014 train_batch=190/389 running_loss=0.063601
2026-08-19 20:28:51 | INFO | epoch=014 train_batch=200/389 running_loss=0.063536
2026-08-19 20:28:51 | INFO | epoch=014 train_batch=210/389 running_loss=0.063436
2026-08-19 20:28:52 | INFO | epoch=014 train_batch=220/389 running_loss=0.063415
2026-08-19 20:28:52 | INFO | epoch=014 train_batch=230/389 running_loss=0.063389
2026-08-19 20:28:52 | INFO | epoch=014 train_batch=240/389 running_loss=0.063379
2026-08-19 20:28:52 | INFO | epoch=014 train_batch=250/389 running_loss=0.063400
2026-08-19 20:28:53 | INFO | epoch=014 train_batch=260/389 running_loss=0.063180
2026-08-19 20:28:53 | INFO | epoch=014 train_batch=270/389 running_loss=0.063045
2026-08-19 20:28:53 | INFO | epoch=014 train_batch=280/389 running_loss=0.063080
2026-08-19 20:28:53 | INFO | epoch=014 train_batch=290/389 running_loss=0.063213
2026-08-19 20:28:54 | INFO | epoch=014 train_batch=300/389 running_loss=0.063077
2026-08-19 20:28:54 | INFO | epoch=014 train_batch=310/389 running_loss=0.063221
2026-08-19 20:28:54 | INFO | epoch=014 train_batch=320/389 running_loss=0.063098
2026-08-19 20:28:54 | INFO | epoch=014 train_batch=330/389 running_loss=0.063080
2026-08-19 20:28:55 | INFO | epoch=014 train_batch=340/389 running_loss=0.063193
2026-08-19 20:28:55 | INFO | epoch=014 train_batch=350/389 running_loss=0.063184
2026-08-19 20:28:55 | INFO | epoch=014 train_batch=360/389 running_loss=0.063207
2026-08-19 20:28:55 | INFO | epoch=014 train_batch=370/389 running_loss=0.063168
2026-08-19 20:28:56 | INFO | epoch=014 train_batch=380/389 running_loss=0.063174
2026-08-19 20:28:56 | INFO | epoch=014 train_batch=389/389 running_loss=0.063174
2026-08-19 20:28:57 | INFO | epoch=014 train_loss=0.063174 validation_loss=0.103100
2026-08-19 20:28:57 | INFO | epoch=014 saved new best.pt
2026-08-19 20:28:57 | INFO | epoch=015 train_batch=10/389 running_loss=0.062758
2026-08-19 20:28:57 | INFO | epoch=015 train_batch=20/389 running_loss=0.059747
2026-08-19 20:28:58 | INFO | epoch=015 train_batch=30/389 running_loss=0.059994
2026-08-19 20:28:58 | INFO | epoch=015 train_batch=40/389 running_loss=0.059317
2026-08-19 20:28:58 | INFO | epoch=015 train_batch=50/389 running_loss=0.059601
2026-08-19 20:28:58 | INFO | epoch=015 train_batch=60/389 running_loss=0.060235
2026-08-19 20:28:59 | INFO | epoch=015 train_batch=70/389 running_loss=0.060354
2026-08-19 20:28:59 | INFO | epoch=015 train_batch=80/389 running_loss=0.060467
2026-08-19 20:28:59 | INFO | epoch=015 train_batch=90/389 running_loss=0.060928
2026-08-19 20:28:59 | INFO | epoch=015 train_batch=100/389 running_loss=0.061162
2026-08-19 20:29:00 | INFO | epoch=015 train_batch=110/389 running_loss=0.061295
2026-08-19 20:29:00 | INFO | epoch=015 train_batch=120/389 running_loss=0.061536
2026-08-19 20:29:00 | INFO | epoch=015 train_batch=130/389 running_loss=0.061435
2026-08-19 20:29:00 | INFO | epoch=015 train_batch=140/389 running_loss=0.061331
2026-08-19 20:29:01 | INFO | epoch=015 train_batch=150/389 running_loss=0.061360
2026-08-19 20:29:01 | INFO | epoch=015 train_batch=160/389 running_loss=0.061386
2026-08-19 20:29:01 | INFO | epoch=015 train_batch=170/389 running_loss=0.061371
2026-08-19 20:29:01 | INFO | epoch=015 train_batch=180/389 running_loss=0.061613
2026-08-19 20:29:02 | INFO | epoch=015 train_batch=190/389 running_loss=0.061491
2026-08-19 20:29:02 | INFO | epoch=015 train_batch=200/389 running_loss=0.061383
2026-08-19 20:29:02 | INFO | epoch=015 train_batch=210/389 running_loss=0.061518
2026-08-19 20:29:02 | INFO | epoch=015 train_batch=220/389 running_loss=0.061652
2026-08-19 20:29:03 | INFO | epoch=015 train_batch=230/389 running_loss=0.061639
2026-08-19 20:29:03 | INFO | epoch=015 train_batch=240/389 running_loss=0.061746
2026-08-19 20:29:03 | INFO | epoch=015 train_batch=250/389 running_loss=0.061777
2026-08-19 20:29:03 | INFO | epoch=015 train_batch=260/389 running_loss=0.061736
2026-08-19 20:29:04 | INFO | epoch=015 train_batch=270/389 running_loss=0.061759
2026-08-19 20:29:04 | INFO | epoch=015 train_batch=280/389 running_loss=0.061803
2026-08-19 20:29:04 | INFO | epoch=015 train_batch=290/389 running_loss=0.061740
2026-08-19 20:29:04 | INFO | epoch=015 train_batch=300/389 running_loss=0.061685
2026-08-19 20:29:05 | INFO | epoch=015 train_batch=310/389 running_loss=0.061592
2026-08-19 20:29:05 | INFO | epoch=015 train_batch=320/389 running_loss=0.061588
2026-08-19 20:29:05 | INFO | epoch=015 train_batch=330/389 running_loss=0.061691
2026-08-19 20:29:06 | INFO | epoch=015 train_batch=340/389 running_loss=0.061639
2026-08-19 20:29:06 | INFO | epoch=015 train_batch=350/389 running_loss=0.061683
2026-08-19 20:29:06 | INFO | epoch=015 train_batch=360/389 running_loss=0.061731
2026-08-19 20:29:06 | INFO | epoch=015 train_batch=370/389 running_loss=0.061593
2026-08-19 20:29:07 | INFO | epoch=015 train_batch=380/389 running_loss=0.061631
2026-08-19 20:29:07 | INFO | epoch=015 train_batch=389/389 running_loss=0.061631
2026-08-19 20:29:07 | INFO | epoch=015 train_loss=0.061631 validation_loss=0.103799
2026-08-19 20:29:08 | INFO | epoch=016 train_batch=10/389 running_loss=0.061362
2026-08-19 20:29:08 | INFO | epoch=016 train_batch=20/389 running_loss=0.059947
2026-08-19 20:29:08 | INFO | epoch=016 train_batch=30/389 running_loss=0.059449
2026-08-19 20:29:09 | INFO | epoch=016 train_batch=40/389 running_loss=0.059166
2026-08-19 20:29:09 | INFO | epoch=016 train_batch=50/389 running_loss=0.059613
2026-08-19 20:29:09 | INFO | epoch=016 train_batch=60/389 running_loss=0.059540
2026-08-19 20:29:09 | INFO | epoch=016 train_batch=70/389 running_loss=0.059370
2026-08-19 20:29:10 | INFO | epoch=016 train_batch=80/389 running_loss=0.059453
2026-08-19 20:29:10 | INFO | epoch=016 train_batch=90/389 running_loss=0.060028
2026-08-19 20:29:10 | INFO | epoch=016 train_batch=100/389 running_loss=0.060439
2026-08-19 20:29:10 | INFO | epoch=016 train_batch=110/389 running_loss=0.060641
2026-08-19 20:29:11 | INFO | epoch=016 train_batch=120/389 running_loss=0.060511
2026-08-19 20:29:11 | INFO | epoch=016 train_batch=130/389 running_loss=0.060851
2026-08-19 20:29:11 | INFO | epoch=016 train_batch=140/389 running_loss=0.060757
2026-08-19 20:29:11 | INFO | epoch=016 train_batch=150/389 running_loss=0.060860
2026-08-19 20:29:12 | INFO | epoch=016 train_batch=160/389 running_loss=0.060731
2026-08-19 20:29:12 | INFO | epoch=016 train_batch=170/389 running_loss=0.060577
2026-08-19 20:29:12 | INFO | epoch=016 train_batch=180/389 running_loss=0.060395
2026-08-19 20:29:12 | INFO | epoch=016 train_batch=190/389 running_loss=0.060509
2026-08-19 20:29:13 | INFO | epoch=016 train_batch=200/389 running_loss=0.060344
2026-08-19 20:29:13 | INFO | epoch=016 train_batch=210/389 running_loss=0.060142
2026-08-19 20:29:13 | INFO | epoch=016 train_batch=220/389 running_loss=0.060159
2026-08-19 20:29:13 | INFO | epoch=016 train_batch=230/389 running_loss=0.060135
2026-08-19 20:29:14 | INFO | epoch=016 train_batch=240/389 running_loss=0.060229
2026-08-19 20:29:14 | INFO | epoch=016 train_batch=250/389 running_loss=0.060170
2026-08-19 20:29:14 | INFO | epoch=016 train_batch=260/389 running_loss=0.060278
2026-08-19 20:29:14 | INFO | epoch=016 train_batch=270/389 running_loss=0.060173
2026-08-19 20:29:15 | INFO | epoch=016 train_batch=280/389 running_loss=0.060295
2026-08-19 20:29:15 | INFO | epoch=016 train_batch=290/389 running_loss=0.060419
2026-08-19 20:29:15 | INFO | epoch=016 train_batch=300/389 running_loss=0.060429
2026-08-19 20:29:15 | INFO | epoch=016 train_batch=310/389 running_loss=0.060451
2026-08-19 20:29:16 | INFO | epoch=016 train_batch=320/389 running_loss=0.060616
2026-08-19 20:29:16 | INFO | epoch=016 train_batch=330/389 running_loss=0.060644
2026-08-19 20:29:16 | INFO | epoch=016 train_batch=340/389 running_loss=0.060594
2026-08-19 20:29:16 | INFO | epoch=016 train_batch=350/389 running_loss=0.060442
2026-08-19 20:29:17 | INFO | epoch=016 train_batch=360/389 running_loss=0.060409
2026-08-19 20:29:17 | INFO | epoch=016 train_batch=370/389 running_loss=0.060435
2026-08-19 20:29:17 | INFO | epoch=016 train_batch=380/389 running_loss=0.060577
2026-08-19 20:29:17 | INFO | epoch=016 train_batch=389/389 running_loss=0.060472
2026-08-19 20:29:18 | INFO | epoch=016 train_loss=0.060472 validation_loss=0.101282
2026-08-19 20:29:18 | INFO | epoch=016 saved new best.pt
2026-08-19 20:29:19 | INFO | epoch=017 train_batch=10/389 running_loss=0.060707
2026-08-19 20:29:19 | INFO | epoch=017 train_batch=20/389 running_loss=0.059914
2026-08-19 20:29:19 | INFO | epoch=017 train_batch=30/389 running_loss=0.059753
2026-08-19 20:29:19 | INFO | epoch=017 train_batch=40/389 running_loss=0.059339
2026-08-19 20:29:20 | INFO | epoch=017 train_batch=50/389 running_loss=0.059681
2026-08-19 20:29:20 | INFO | epoch=017 train_batch=60/389 running_loss=0.059292
2026-08-19 20:29:20 | INFO | epoch=017 train_batch=70/389 running_loss=0.058903
2026-08-19 20:29:20 | INFO | epoch=017 train_batch=80/389 running_loss=0.058759
2026-08-19 20:29:21 | INFO | epoch=017 train_batch=90/389 running_loss=0.058362
2026-08-19 20:29:21 | INFO | epoch=017 train_batch=100/389 running_loss=0.058451
2026-08-19 20:29:21 | INFO | epoch=017 train_batch=110/389 running_loss=0.058413
2026-08-19 20:29:21 | INFO | epoch=017 train_batch=120/389 running_loss=0.058588
2026-08-19 20:29:22 | INFO | epoch=017 train_batch=130/389 running_loss=0.058664
2026-08-19 20:29:22 | INFO | epoch=017 train_batch=140/389 running_loss=0.058820
2026-08-19 20:29:22 | INFO | epoch=017 train_batch=150/389 running_loss=0.059135
2026-08-19 20:29:22 | INFO | epoch=017 train_batch=160/389 running_loss=0.058940
2026-08-19 20:29:23 | INFO | epoch=017 train_batch=170/389 running_loss=0.058873
2026-08-19 20:29:23 | INFO | epoch=017 train_batch=180/389 running_loss=0.058931
2026-08-19 20:29:23 | INFO | epoch=017 train_batch=190/389 running_loss=0.058973
2026-08-19 20:29:23 | INFO | epoch=017 train_batch=200/389 running_loss=0.058704
2026-08-19 20:29:23 | INFO | epoch=017 train_batch=210/389 running_loss=0.058724
2026-08-19 20:29:24 | INFO | epoch=017 train_batch=220/389 running_loss=0.058915
2026-08-19 20:29:24 | INFO | epoch=017 train_batch=230/389 running_loss=0.058918
2026-08-19 20:29:24 | INFO | epoch=017 train_batch=240/389 running_loss=0.058825
2026-08-19 20:29:24 | INFO | epoch=017 train_batch=250/389 running_loss=0.058797
2026-08-19 20:29:25 | INFO | epoch=017 train_batch=260/389 running_loss=0.058818
2026-08-19 20:29:25 | INFO | epoch=017 train_batch=270/389 running_loss=0.058892
2026-08-19 20:29:25 | INFO | epoch=017 train_batch=280/389 running_loss=0.059007
2026-08-19 20:29:25 | INFO | epoch=017 train_batch=290/389 running_loss=0.059093
2026-08-19 20:29:26 | INFO | epoch=017 train_batch=300/389 running_loss=0.059152
2026-08-19 20:29:26 | INFO | epoch=017 train_batch=310/389 running_loss=0.059031
2026-08-19 20:29:26 | INFO | epoch=017 train_batch=320/389 running_loss=0.058999
2026-08-19 20:29:26 | INFO | epoch=017 train_batch=330/389 running_loss=0.058904
2026-08-19 20:29:27 | INFO | epoch=017 train_batch=340/389 running_loss=0.058979
2026-08-19 20:29:27 | INFO | epoch=017 train_batch=350/389 running_loss=0.059055
2026-08-19 20:29:27 | INFO | epoch=017 train_batch=360/389 running_loss=0.059087
2026-08-19 20:29:27 | INFO | epoch=017 train_batch=370/389 running_loss=0.059212
2026-08-19 20:29:27 | INFO | epoch=017 train_batch=380/389 running_loss=0.059197
2026-08-19 20:29:28 | INFO | epoch=017 train_batch=389/389 running_loss=0.059135
2026-08-19 20:29:28 | INFO | epoch=017 train_loss=0.059135 validation_loss=0.099758
2026-08-19 20:29:28 | INFO | epoch=017 saved new best.pt
2026-08-19 20:29:29 | INFO | epoch=018 train_batch=10/389 running_loss=0.056665
2026-08-19 20:29:29 | INFO | epoch=018 train_batch=20/389 running_loss=0.056372
2026-08-19 20:29:29 | INFO | epoch=018 train_batch=30/389 running_loss=0.056106
2026-08-19 20:29:29 | INFO | epoch=018 train_batch=40/389 running_loss=0.057018
2026-08-19 20:29:30 | INFO | epoch=018 train_batch=50/389 running_loss=0.056933
2026-08-19 20:29:30 | INFO | epoch=018 train_batch=60/389 running_loss=0.057109
2026-08-19 20:29:30 | INFO | epoch=018 train_batch=70/389 running_loss=0.057252
2026-08-19 20:29:30 | INFO | epoch=018 train_batch=80/389 running_loss=0.056832
2026-08-19 20:29:31 | INFO | epoch=018 train_batch=90/389 running_loss=0.057148
2026-08-19 20:29:31 | INFO | epoch=018 train_batch=100/389 running_loss=0.056926
2026-08-19 20:29:31 | INFO | epoch=018 train_batch=110/389 running_loss=0.056663
2026-08-19 20:29:31 | INFO | epoch=018 train_batch=120/389 running_loss=0.056922
2026-08-19 20:29:32 | INFO | epoch=018 train_batch=130/389 running_loss=0.057086
2026-08-19 20:29:32 | INFO | epoch=018 train_batch=140/389 running_loss=0.057140
2026-08-19 20:29:32 | INFO | epoch=018 train_batch=150/389 running_loss=0.057150
2026-08-19 20:29:32 | INFO | epoch=018 train_batch=160/389 running_loss=0.057207
2026-08-19 20:29:32 | INFO | epoch=018 train_batch=170/389 running_loss=0.057093
2026-08-19 20:29:33 | INFO | epoch=018 train_batch=180/389 running_loss=0.057042
2026-08-19 20:29:33 | INFO | epoch=018 train_batch=190/389 running_loss=0.057076
2026-08-19 20:29:33 | INFO | epoch=018 train_batch=200/389 running_loss=0.057272
2026-08-19 20:29:33 | INFO | epoch=018 train_batch=210/389 running_loss=0.057220
2026-08-19 20:29:34 | INFO | epoch=018 train_batch=220/389 running_loss=0.057321
2026-08-19 20:29:34 | INFO | epoch=018 train_batch=230/389 running_loss=0.057439
2026-08-19 20:29:34 | INFO | epoch=018 train_batch=240/389 running_loss=0.057348
2026-08-19 20:29:34 | INFO | epoch=018 train_batch=250/389 running_loss=0.057439
2026-08-19 20:29:35 | INFO | epoch=018 train_batch=260/389 running_loss=0.057509
2026-08-19 20:29:35 | INFO | epoch=018 train_batch=270/389 running_loss=0.057624
2026-08-19 20:29:35 | INFO | epoch=018 train_batch=280/389 running_loss=0.057727
2026-08-19 20:29:35 | INFO | epoch=018 train_batch=290/389 running_loss=0.057777
2026-08-19 20:29:36 | INFO | epoch=018 train_batch=300/389 running_loss=0.057852
2026-08-19 20:29:36 | INFO | epoch=018 train_batch=310/389 running_loss=0.057992
2026-08-19 20:29:36 | INFO | epoch=018 train_batch=320/389 running_loss=0.057943
2026-08-19 20:29:36 | INFO | epoch=018 train_batch=330/389 running_loss=0.058003
2026-08-19 20:29:37 | INFO | epoch=018 train_batch=340/389 running_loss=0.058004
2026-08-19 20:29:37 | INFO | epoch=018 train_batch=350/389 running_loss=0.058029
2026-08-19 20:29:37 | INFO | epoch=018 train_batch=360/389 running_loss=0.058035
2026-08-19 20:29:37 | INFO | epoch=018 train_batch=370/389 running_loss=0.058023
2026-08-19 20:29:37 | INFO | epoch=018 train_batch=380/389 running_loss=0.057970
2026-08-19 20:29:38 | INFO | epoch=018 train_batch=389/389 running_loss=0.057953
2026-08-19 20:29:38 | INFO | epoch=018 train_loss=0.057953 validation_loss=0.099539
2026-08-19 20:29:38 | INFO | epoch=018 saved new best.pt
2026-08-19 20:29:39 | INFO | epoch=019 train_batch=10/389 running_loss=0.053971
2026-08-19 20:29:39 | INFO | epoch=019 train_batch=20/389 running_loss=0.055776
2026-08-19 20:29:39 | INFO | epoch=019 train_batch=30/389 running_loss=0.054989
2026-08-19 20:29:39 | INFO | epoch=019 train_batch=40/389 running_loss=0.055016
2026-08-19 20:29:40 | INFO | epoch=019 train_batch=50/389 running_loss=0.055730
2026-08-19 20:29:40 | INFO | epoch=019 train_batch=60/389 running_loss=0.056393
2026-08-19 20:29:40 | INFO | epoch=019 train_batch=70/389 running_loss=0.056225
2026-08-19 20:29:40 | INFO | epoch=019 train_batch=80/389 running_loss=0.056268
2026-08-19 20:29:41 | INFO | epoch=019 train_batch=90/389 running_loss=0.057076
2026-08-19 20:29:41 | INFO | epoch=019 train_batch=100/389 running_loss=0.056873
2026-08-19 20:29:41 | INFO | epoch=019 train_batch=110/389 running_loss=0.056897
2026-08-19 20:29:41 | INFO | epoch=019 train_batch=120/389 running_loss=0.057048
2026-08-19 20:29:42 | INFO | epoch=019 train_batch=130/389 running_loss=0.057363
2026-08-19 20:29:42 | INFO | epoch=019 train_batch=140/389 running_loss=0.057473
2026-08-19 20:29:42 | INFO | epoch=019 train_batch=150/389 running_loss=0.057738
2026-08-19 20:29:42 | INFO | epoch=019 train_batch=160/389 running_loss=0.057826
2026-08-19 20:29:43 | INFO | epoch=019 train_batch=170/389 running_loss=0.058209
2026-08-19 20:29:43 | INFO | epoch=019 train_batch=180/389 running_loss=0.058101
2026-08-19 20:29:43 | INFO | epoch=019 train_batch=190/389 running_loss=0.058032
2026-08-19 20:29:43 | INFO | epoch=019 train_batch=200/389 running_loss=0.057981
2026-08-19 20:29:44 | INFO | epoch=019 train_batch=210/389 running_loss=0.057912
2026-08-19 20:29:44 | INFO | epoch=019 train_batch=220/389 running_loss=0.057894
2026-08-19 20:29:44 | INFO | epoch=019 train_batch=230/389 running_loss=0.057866
2026-08-19 20:29:44 | INFO | epoch=019 train_batch=240/389 running_loss=0.057888
2026-08-19 20:29:44 | INFO | epoch=019 train_batch=250/389 running_loss=0.057820
2026-08-19 20:29:45 | INFO | epoch=019 train_batch=260/389 running_loss=0.057683
2026-08-19 20:29:45 | INFO | epoch=019 train_batch=270/389 running_loss=0.057683
2026-08-19 20:29:45 | INFO | epoch=019 train_batch=280/389 running_loss=0.057605
2026-08-19 20:29:45 | INFO | epoch=019 train_batch=290/389 running_loss=0.057584
2026-08-19 20:29:46 | INFO | epoch=019 train_batch=300/389 running_loss=0.057572
2026-08-19 20:29:46 | INFO | epoch=019 train_batch=310/389 running_loss=0.057604
2026-08-19 20:29:46 | INFO | epoch=019 train_batch=320/389 running_loss=0.057578
2026-08-19 20:29:46 | INFO | epoch=019 train_batch=330/389 running_loss=0.057568
2026-08-19 20:29:47 | INFO | epoch=019 train_batch=340/389 running_loss=0.057556
2026-08-19 20:29:47 | INFO | epoch=019 train_batch=350/389 running_loss=0.057509
2026-08-19 20:29:47 | INFO | epoch=019 train_batch=360/389 running_loss=0.057541
2026-08-19 20:29:47 | INFO | epoch=019 train_batch=370/389 running_loss=0.057411
2026-08-19 20:29:48 | INFO | epoch=019 train_batch=380/389 running_loss=0.057327
2026-08-19 20:29:48 | INFO | epoch=019 train_batch=389/389 running_loss=0.057241
2026-08-19 20:29:48 | INFO | epoch=019 train_loss=0.057241 validation_loss=0.099920
2026-08-19 20:29:49 | INFO | epoch=020 train_batch=10/389 running_loss=0.056972
2026-08-19 20:29:49 | INFO | epoch=020 train_batch=20/389 running_loss=0.057907
2026-08-19 20:29:49 | INFO | epoch=020 train_batch=30/389 running_loss=0.056688
2026-08-19 20:29:49 | INFO | epoch=020 train_batch=40/389 running_loss=0.056655
2026-08-19 20:29:50 | INFO | epoch=020 train_batch=50/389 running_loss=0.056749
2026-08-19 20:29:50 | INFO | epoch=020 train_batch=60/389 running_loss=0.055966
2026-08-19 20:29:50 | INFO | epoch=020 train_batch=70/389 running_loss=0.056281
2026-08-19 20:29:50 | INFO | epoch=020 train_batch=80/389 running_loss=0.056704
2026-08-19 20:29:51 | INFO | epoch=020 train_batch=90/389 running_loss=0.056264
2026-08-19 20:29:51 | INFO | epoch=020 train_batch=100/389 running_loss=0.056214
2026-08-19 20:29:51 | INFO | epoch=020 train_batch=110/389 running_loss=0.056245
2026-08-19 20:29:51 | INFO | epoch=020 train_batch=120/389 running_loss=0.056526
2026-08-19 20:29:52 | INFO | epoch=020 train_batch=130/389 running_loss=0.056710
2026-08-19 20:29:52 | INFO | epoch=020 train_batch=140/389 running_loss=0.056621
2026-08-19 20:29:52 | INFO | epoch=020 train_batch=150/389 running_loss=0.056713
2026-08-19 20:29:52 | INFO | epoch=020 train_batch=160/389 running_loss=0.056727
2026-08-19 20:29:53 | INFO | epoch=020 train_batch=170/389 running_loss=0.056849
2026-08-19 20:29:53 | INFO | epoch=020 train_batch=180/389 running_loss=0.056846
2026-08-19 20:29:53 | INFO | epoch=020 train_batch=190/389 running_loss=0.056836
2026-08-19 20:29:53 | INFO | epoch=020 train_batch=200/389 running_loss=0.056614
2026-08-19 20:29:54 | INFO | epoch=020 train_batch=210/389 running_loss=0.056576
2026-08-19 20:29:54 | INFO | epoch=020 train_batch=220/389 running_loss=0.056594
2026-08-19 20:29:54 | INFO | epoch=020 train_batch=230/389 running_loss=0.056548
2026-08-19 20:29:54 | INFO | epoch=020 train_batch=240/389 running_loss=0.056554
2026-08-19 20:29:55 | INFO | epoch=020 train_batch=250/389 running_loss=0.056539
2026-08-19 20:29:55 | INFO | epoch=020 train_batch=260/389 running_loss=0.056442
2026-08-19 20:29:55 | INFO | epoch=020 train_batch=270/389 running_loss=0.056362
2026-08-19 20:29:55 | INFO | epoch=020 train_batch=280/389 running_loss=0.056390
2026-08-19 20:29:55 | INFO | epoch=020 train_batch=290/389 running_loss=0.056441
2026-08-19 20:29:56 | INFO | epoch=020 train_batch=300/389 running_loss=0.056451
2026-08-19 20:29:56 | INFO | epoch=020 train_batch=310/389 running_loss=0.056470
2026-08-19 20:29:56 | INFO | epoch=020 train_batch=320/389 running_loss=0.056471
2026-08-19 20:29:56 | INFO | epoch=020 train_batch=330/389 running_loss=0.056619
2026-08-19 20:29:57 | INFO | epoch=020 train_batch=340/389 running_loss=0.056622
2026-08-19 20:29:57 | INFO | epoch=020 train_batch=350/389 running_loss=0.056662
2026-08-19 20:29:57 | INFO | epoch=020 train_batch=360/389 running_loss=0.056600
2026-08-19 20:29:57 | INFO | epoch=020 train_batch=370/389 running_loss=0.056557
2026-08-19 20:29:58 | INFO | epoch=020 train_batch=380/389 running_loss=0.056514
2026-08-19 20:29:58 | INFO | epoch=020 train_batch=389/389 running_loss=0.056428
2026-08-19 20:29:59 | INFO | epoch=020 train_loss=0.056428 validation_loss=0.095113
2026-08-19 20:29:59 | INFO | epoch=020 saved new best.pt
2026-08-19 20:29:59 | INFO | epoch=021 train_batch=10/389 running_loss=0.050755
2026-08-19 20:29:59 | INFO | epoch=021 train_batch=20/389 running_loss=0.052340
2026-08-19 20:29:59 | INFO | epoch=021 train_batch=30/389 running_loss=0.053304
2026-08-19 20:30:00 | INFO | epoch=021 train_batch=40/389 running_loss=0.053187
2026-08-19 20:30:00 | INFO | epoch=021 train_batch=50/389 running_loss=0.053207
2026-08-19 20:30:00 | INFO | epoch=021 train_batch=60/389 running_loss=0.053952
2026-08-19 20:30:00 | INFO | epoch=021 train_batch=70/389 running_loss=0.053945
2026-08-19 20:30:01 | INFO | epoch=021 train_batch=80/389 running_loss=0.054212
2026-08-19 20:30:01 | INFO | epoch=021 train_batch=90/389 running_loss=0.054732
2026-08-19 20:30:01 | INFO | epoch=021 train_batch=100/389 running_loss=0.054813
2026-08-19 20:30:01 | INFO | epoch=021 train_batch=110/389 running_loss=0.055207
2026-08-19 20:30:02 | INFO | epoch=021 train_batch=120/389 running_loss=0.055526
2026-08-19 20:30:02 | INFO | epoch=021 train_batch=130/389 running_loss=0.055649
2026-08-19 20:30:02 | INFO | epoch=021 train_batch=140/389 running_loss=0.055617
2026-08-19 20:30:02 | INFO | epoch=021 train_batch=150/389 running_loss=0.055452
2026-08-19 20:30:03 | INFO | epoch=021 train_batch=160/389 running_loss=0.055376
2026-08-19 20:30:03 | INFO | epoch=021 train_batch=170/389 running_loss=0.055605
2026-08-19 20:30:03 | INFO | epoch=021 train_batch=180/389 running_loss=0.055610
2026-08-19 20:30:03 | INFO | epoch=021 train_batch=190/389 running_loss=0.055647
2026-08-19 20:30:04 | INFO | epoch=021 train_batch=200/389 running_loss=0.055324
2026-08-19 20:30:04 | INFO | epoch=021 train_batch=210/389 running_loss=0.055443
2026-08-19 20:30:04 | INFO | epoch=021 train_batch=220/389 running_loss=0.055325
2026-08-19 20:30:04 | INFO | epoch=021 train_batch=230/389 running_loss=0.055369
2026-08-19 20:30:05 | INFO | epoch=021 train_batch=240/389 running_loss=0.055455
2026-08-19 20:30:05 | INFO | epoch=021 train_batch=250/389 running_loss=0.055588
2026-08-19 20:30:05 | INFO | epoch=021 train_batch=260/389 running_loss=0.055462
2026-08-19 20:30:05 | INFO | epoch=021 train_batch=270/389 running_loss=0.055455
2026-08-19 20:30:06 | INFO | epoch=021 train_batch=280/389 running_loss=0.055538
2026-08-19 20:30:06 | INFO | epoch=021 train_batch=290/389 running_loss=0.055657
2026-08-19 20:30:06 | INFO | epoch=021 train_batch=300/389 running_loss=0.055646
2026-08-19 20:30:06 | INFO | epoch=021 train_batch=310/389 running_loss=0.055615
2026-08-19 20:30:07 | INFO | epoch=021 train_batch=320/389 running_loss=0.055499
2026-08-19 20:30:07 | INFO | epoch=021 train_batch=330/389 running_loss=0.055403
2026-08-19 20:30:07 | INFO | epoch=021 train_batch=340/389 running_loss=0.055378
2026-08-19 20:30:07 | INFO | epoch=021 train_batch=350/389 running_loss=0.055376
2026-08-19 20:30:08 | INFO | epoch=021 train_batch=360/389 running_loss=0.055355
2026-08-19 20:30:08 | INFO | epoch=021 train_batch=370/389 running_loss=0.055432
2026-08-19 20:30:08 | INFO | epoch=021 train_batch=380/389 running_loss=0.055384
2026-08-19 20:30:08 | INFO | epoch=021 train_batch=389/389 running_loss=0.055431
2026-08-19 20:30:09 | INFO | epoch=021 train_loss=0.055431 validation_loss=0.097789
2026-08-19 20:30:10 | INFO | epoch=022 train_batch=10/389 running_loss=0.056166
2026-08-19 20:30:10 | INFO | epoch=022 train_batch=20/389 running_loss=0.055036
2026-08-19 20:30:10 | INFO | epoch=022 train_batch=30/389 running_loss=0.054245
2026-08-19 20:30:10 | INFO | epoch=022 train_batch=40/389 running_loss=0.054355
2026-08-19 20:30:11 | INFO | epoch=022 train_batch=50/389 running_loss=0.054611
2026-08-19 20:30:11 | INFO | epoch=022 train_batch=60/389 running_loss=0.054385
2026-08-19 20:30:11 | INFO | epoch=022 train_batch=70/389 running_loss=0.054035
2026-08-19 20:30:11 | INFO | epoch=022 train_batch=80/389 running_loss=0.054261
2026-08-19 20:30:12 | INFO | epoch=022 train_batch=90/389 running_loss=0.053910
2026-08-19 20:30:12 | INFO | epoch=022 train_batch=100/389 running_loss=0.053899
2026-08-19 20:30:12 | INFO | epoch=022 train_batch=110/389 running_loss=0.054130
2026-08-19 20:30:12 | INFO | epoch=022 train_batch=120/389 running_loss=0.053953
2026-08-19 20:30:13 | INFO | epoch=022 train_batch=130/389 running_loss=0.054165
2026-08-19 20:30:13 | INFO | epoch=022 train_batch=140/389 running_loss=0.054453
2026-08-19 20:30:13 | INFO | epoch=022 train_batch=150/389 running_loss=0.054591
2026-08-19 20:30:13 | INFO | epoch=022 train_batch=160/389 running_loss=0.054624
2026-08-19 20:30:14 | INFO | epoch=022 train_batch=170/389 running_loss=0.054815
2026-08-19 20:30:14 | INFO | epoch=022 train_batch=180/389 running_loss=0.054833
2026-08-19 20:30:14 | INFO | epoch=022 train_batch=190/389 running_loss=0.054940
2026-08-19 20:30:14 | INFO | epoch=022 train_batch=200/389 running_loss=0.054895
2026-08-19 20:30:14 | INFO | epoch=022 train_batch=210/389 running_loss=0.054800
2026-08-19 20:30:15 | INFO | epoch=022 train_batch=220/389 running_loss=0.054744
2026-08-19 20:30:15 | INFO | epoch=022 train_batch=230/389 running_loss=0.054896
2026-08-19 20:30:15 | INFO | epoch=022 train_batch=240/389 running_loss=0.054908
2026-08-19 20:30:15 | INFO | epoch=022 train_batch=250/389 running_loss=0.054829
2026-08-19 20:30:16 | INFO | epoch=022 train_batch=260/389 running_loss=0.054894
2026-08-19 20:30:16 | INFO | epoch=022 train_batch=270/389 running_loss=0.054850
2026-08-19 20:30:16 | INFO | epoch=022 train_batch=280/389 running_loss=0.054699
2026-08-19 20:30:16 | INFO | epoch=022 train_batch=290/389 running_loss=0.054698
2026-08-19 20:30:17 | INFO | epoch=022 train_batch=300/389 running_loss=0.054621
2026-08-19 20:30:17 | INFO | epoch=022 train_batch=310/389 running_loss=0.054540
2026-08-19 20:30:17 | INFO | epoch=022 train_batch=320/389 running_loss=0.054467
2026-08-19 20:30:17 | INFO | epoch=022 train_batch=330/389 running_loss=0.054402
2026-08-19 20:30:18 | INFO | epoch=022 train_batch=340/389 running_loss=0.054399
2026-08-19 20:30:18 | INFO | epoch=022 train_batch=350/389 running_loss=0.054415
2026-08-19 20:30:18 | INFO | epoch=022 train_batch=360/389 running_loss=0.054347
2026-08-19 20:30:18 | INFO | epoch=022 train_batch=370/389 running_loss=0.054450
2026-08-19 20:30:18 | INFO | epoch=022 train_batch=380/389 running_loss=0.054404
2026-08-19 20:30:19 | INFO | epoch=022 train_batch=389/389 running_loss=0.054364
2026-08-19 20:30:19 | INFO | epoch=022 train_loss=0.054364 validation_loss=0.096533
2026-08-19 20:30:20 | INFO | epoch=023 train_batch=10/389 running_loss=0.053004
2026-08-19 20:30:20 | INFO | epoch=023 train_batch=20/389 running_loss=0.053028
2026-08-19 20:30:20 | INFO | epoch=023 train_batch=30/389 running_loss=0.053350
2026-08-19 20:30:20 | INFO | epoch=023 train_batch=40/389 running_loss=0.053682
2026-08-19 20:30:21 | INFO | epoch=023 train_batch=50/389 running_loss=0.052819
2026-08-19 20:30:21 | INFO | epoch=023 train_batch=60/389 running_loss=0.053234
2026-08-19 20:30:21 | INFO | epoch=023 train_batch=70/389 running_loss=0.053671
2026-08-19 20:30:21 | INFO | epoch=023 train_batch=80/389 running_loss=0.053276
2026-08-19 20:30:22 | INFO | epoch=023 train_batch=90/389 running_loss=0.053516
2026-08-19 20:30:22 | INFO | epoch=023 train_batch=100/389 running_loss=0.053555
2026-08-19 20:30:22 | INFO | epoch=023 train_batch=110/389 running_loss=0.053695
2026-08-19 20:30:22 | INFO | epoch=023 train_batch=120/389 running_loss=0.053848
2026-08-19 20:30:23 | INFO | epoch=023 train_batch=130/389 running_loss=0.054117
2026-08-19 20:30:23 | INFO | epoch=023 train_batch=140/389 running_loss=0.053911
2026-08-19 20:30:23 | INFO | epoch=023 train_batch=150/389 running_loss=0.054040
2026-08-19 20:30:23 | INFO | epoch=023 train_batch=160/389 running_loss=0.053863
2026-08-19 20:30:23 | INFO | epoch=023 train_batch=170/389 running_loss=0.053974
2026-08-19 20:30:24 | INFO | epoch=023 train_batch=180/389 running_loss=0.053982
2026-08-19 20:30:24 | INFO | epoch=023 train_batch=190/389 running_loss=0.053796
2026-08-19 20:30:24 | INFO | epoch=023 train_batch=200/389 running_loss=0.053878
2026-08-19 20:30:24 | INFO | epoch=023 train_batch=210/389 running_loss=0.053835
2026-08-19 20:30:25 | INFO | epoch=023 train_batch=220/389 running_loss=0.053811
2026-08-19 20:30:25 | INFO | epoch=023 train_batch=230/389 running_loss=0.053778
2026-08-19 20:30:25 | INFO | epoch=023 train_batch=240/389 running_loss=0.053899
2026-08-19 20:30:25 | INFO | epoch=023 train_batch=250/389 running_loss=0.053978
2026-08-19 20:30:26 | INFO | epoch=023 train_batch=260/389 running_loss=0.053995
2026-08-19 20:30:26 | INFO | epoch=023 train_batch=270/389 running_loss=0.054083
2026-08-19 20:30:26 | INFO | epoch=023 train_batch=280/389 running_loss=0.054008
2026-08-19 20:30:26 | INFO | epoch=023 train_batch=290/389 running_loss=0.054000
2026-08-19 20:30:27 | INFO | epoch=023 train_batch=300/389 running_loss=0.053871
2026-08-19 20:30:27 | INFO | epoch=023 train_batch=310/389 running_loss=0.053874
2026-08-19 20:30:27 | INFO | epoch=023 train_batch=320/389 running_loss=0.053871
2026-08-19 20:30:27 | INFO | epoch=023 train_batch=330/389 running_loss=0.053843
2026-08-19 20:30:27 | INFO | epoch=023 train_batch=340/389 running_loss=0.053828
2026-08-19 20:30:28 | INFO | epoch=023 train_batch=350/389 running_loss=0.053768
2026-08-19 20:30:28 | INFO | epoch=023 train_batch=360/389 running_loss=0.053773
2026-08-19 20:30:28 | INFO | epoch=023 train_batch=370/389 running_loss=0.053782
2026-08-19 20:30:28 | INFO | epoch=023 train_batch=380/389 running_loss=0.053753
2026-08-19 20:30:29 | INFO | epoch=023 train_batch=389/389 running_loss=0.053807
2026-08-19 20:30:29 | INFO | epoch=023 train_loss=0.053807 validation_loss=0.095926
2026-08-19 20:30:30 | INFO | epoch=024 train_batch=10/389 running_loss=0.053664
2026-08-19 20:30:30 | INFO | epoch=024 train_batch=20/389 running_loss=0.053335
2026-08-19 20:30:30 | INFO | epoch=024 train_batch=30/389 running_loss=0.053686
2026-08-19 20:30:30 | INFO | epoch=024 train_batch=40/389 running_loss=0.052229
2026-08-19 20:30:31 | INFO | epoch=024 train_batch=50/389 running_loss=0.053389
2026-08-19 20:30:31 | INFO | epoch=024 train_batch=60/389 running_loss=0.053406
2026-08-19 20:30:31 | INFO | epoch=024 train_batch=70/389 running_loss=0.053221
2026-08-19 20:30:31 | INFO | epoch=024 train_batch=80/389 running_loss=0.052992
2026-08-19 20:30:32 | INFO | epoch=024 train_batch=90/389 running_loss=0.052995
2026-08-19 20:30:32 | INFO | epoch=024 train_batch=100/389 running_loss=0.052591
2026-08-19 20:30:32 | INFO | epoch=024 train_batch=110/389 running_loss=0.052873
2026-08-19 20:30:32 | INFO | epoch=024 train_batch=120/389 running_loss=0.052825
2026-08-19 20:30:32 | INFO | epoch=024 train_batch=130/389 running_loss=0.052867
2026-08-19 20:30:33 | INFO | epoch=024 train_batch=140/389 running_loss=0.053055
2026-08-19 20:30:33 | INFO | epoch=024 train_batch=150/389 running_loss=0.053009
2026-08-19 20:30:33 | INFO | epoch=024 train_batch=160/389 running_loss=0.052910
2026-08-19 20:30:33 | INFO | epoch=024 train_batch=170/389 running_loss=0.052867
2026-08-19 20:30:34 | INFO | epoch=024 train_batch=180/389 running_loss=0.053003
2026-08-19 20:30:34 | INFO | epoch=024 train_batch=190/389 running_loss=0.052942
2026-08-19 20:30:34 | INFO | epoch=024 train_batch=200/389 running_loss=0.052980
2026-08-19 20:30:34 | INFO | epoch=024 train_batch=210/389 running_loss=0.053000
2026-08-19 20:30:35 | INFO | epoch=024 train_batch=220/389 running_loss=0.053067
2026-08-19 20:30:35 | INFO | epoch=024 train_batch=230/389 running_loss=0.053119
2026-08-19 20:30:35 | INFO | epoch=024 train_batch=240/389 running_loss=0.053063
2026-08-19 20:30:35 | INFO | epoch=024 train_batch=250/389 running_loss=0.053099
2026-08-19 20:30:36 | INFO | epoch=024 train_batch=260/389 running_loss=0.053028
2026-08-19 20:30:36 | INFO | epoch=024 train_batch=270/389 running_loss=0.053162
2026-08-19 20:30:36 | INFO | epoch=024 train_batch=280/389 running_loss=0.053041
2026-08-19 20:30:36 | INFO | epoch=024 train_batch=290/389 running_loss=0.053047
2026-08-19 20:30:37 | INFO | epoch=024 train_batch=300/389 running_loss=0.053051
2026-08-19 20:30:37 | INFO | epoch=024 train_batch=310/389 running_loss=0.053212
2026-08-19 20:30:37 | INFO | epoch=024 train_batch=320/389 running_loss=0.053156
2026-08-19 20:30:37 | INFO | epoch=024 train_batch=330/389 running_loss=0.053119
2026-08-19 20:30:37 | INFO | epoch=024 train_batch=340/389 running_loss=0.053156
2026-08-19 20:30:38 | INFO | epoch=024 train_batch=350/389 running_loss=0.053181
2026-08-19 20:30:38 | INFO | epoch=024 train_batch=360/389 running_loss=0.053243
2026-08-19 20:30:38 | INFO | epoch=024 train_batch=370/389 running_loss=0.053290
2026-08-19 20:30:38 | INFO | epoch=024 train_batch=380/389 running_loss=0.053309
2026-08-19 20:30:39 | INFO | epoch=024 train_batch=389/389 running_loss=0.053236
2026-08-19 20:30:39 | INFO | epoch=024 train_loss=0.053236 validation_loss=0.095813
2026-08-19 20:30:40 | INFO | epoch=025 train_batch=10/389 running_loss=0.049148
2026-08-19 20:30:40 | INFO | epoch=025 train_batch=20/389 running_loss=0.049385
2026-08-19 20:30:40 | INFO | epoch=025 train_batch=30/389 running_loss=0.050678
2026-08-19 20:30:40 | INFO | epoch=025 train_batch=40/389 running_loss=0.051186
2026-08-19 20:30:41 | INFO | epoch=025 train_batch=50/389 running_loss=0.050755
2026-08-19 20:30:41 | INFO | epoch=025 train_batch=60/389 running_loss=0.051210
2026-08-19 20:30:41 | INFO | epoch=025 train_batch=70/389 running_loss=0.051901
2026-08-19 20:30:41 | INFO | epoch=025 train_batch=80/389 running_loss=0.051450
2026-08-19 20:30:42 | INFO | epoch=025 train_batch=90/389 running_loss=0.051558
2026-08-19 20:30:42 | INFO | epoch=025 train_batch=100/389 running_loss=0.051966
2026-08-19 20:30:42 | INFO | epoch=025 train_batch=110/389 running_loss=0.051925
2026-08-19 20:30:42 | INFO | epoch=025 train_batch=120/389 running_loss=0.051696
2026-08-19 20:30:43 | INFO | epoch=025 train_batch=130/389 running_loss=0.051944
2026-08-19 20:30:43 | INFO | epoch=025 train_batch=140/389 running_loss=0.051939
2026-08-19 20:30:43 | INFO | epoch=025 train_batch=150/389 running_loss=0.051864
2026-08-19 20:30:43 | INFO | epoch=025 train_batch=160/389 running_loss=0.052113
2026-08-19 20:30:43 | INFO | epoch=025 train_batch=170/389 running_loss=0.052334
2026-08-19 20:30:44 | INFO | epoch=025 train_batch=180/389 running_loss=0.052498
2026-08-19 20:30:44 | INFO | epoch=025 train_batch=190/389 running_loss=0.052584
2026-08-19 20:30:44 | INFO | epoch=025 train_batch=200/389 running_loss=0.052567
2026-08-19 20:30:44 | INFO | epoch=025 train_batch=210/389 running_loss=0.052425
2026-08-19 20:30:45 | INFO | epoch=025 train_batch=220/389 running_loss=0.052392
2026-08-19 20:30:45 | INFO | epoch=025 train_batch=230/389 running_loss=0.052396
2026-08-19 20:30:45 | INFO | epoch=025 train_batch=240/389 running_loss=0.052492
2026-08-19 20:30:45 | INFO | epoch=025 train_batch=250/389 running_loss=0.052392
2026-08-19 20:30:46 | INFO | epoch=025 train_batch=260/389 running_loss=0.052332
2026-08-19 20:30:46 | INFO | epoch=025 train_batch=270/389 running_loss=0.052358
2026-08-19 20:30:46 | INFO | epoch=025 train_batch=280/389 running_loss=0.052378
2026-08-19 20:30:46 | INFO | epoch=025 train_batch=290/389 running_loss=0.052375
2026-08-19 20:30:47 | INFO | epoch=025 train_batch=300/389 running_loss=0.052305
2026-08-19 20:30:47 | INFO | epoch=025 train_batch=310/389 running_loss=0.052242
2026-08-19 20:30:47 | INFO | epoch=025 train_batch=320/389 running_loss=0.052257
2026-08-19 20:30:47 | INFO | epoch=025 train_batch=330/389 running_loss=0.052287
2026-08-19 20:30:48 | INFO | epoch=025 train_batch=340/389 running_loss=0.052322
2026-08-19 20:30:48 | INFO | epoch=025 train_batch=350/389 running_loss=0.052250
2026-08-19 20:30:48 | INFO | epoch=025 train_batch=360/389 running_loss=0.052347
2026-08-19 20:30:48 | INFO | epoch=025 train_batch=370/389 running_loss=0.052406
2026-08-19 20:30:49 | INFO | epoch=025 train_batch=380/389 running_loss=0.052436
2026-08-19 20:30:49 | INFO | epoch=025 train_batch=389/389 running_loss=0.052556
2026-08-19 20:30:49 | INFO | epoch=025 train_loss=0.052556 validation_loss=0.095260
2026-08-19 20:30:50 | INFO | epoch=026 train_batch=10/389 running_loss=0.048053
2026-08-19 20:30:50 | INFO | epoch=026 train_batch=20/389 running_loss=0.050109
2026-08-19 20:30:50 | INFO | epoch=026 train_batch=30/389 running_loss=0.049704
2026-08-19 20:30:50 | INFO | epoch=026 train_batch=40/389 running_loss=0.050525
2026-08-19 20:30:51 | INFO | epoch=026 train_batch=50/389 running_loss=0.050976
2026-08-19 20:30:51 | INFO | epoch=026 train_batch=60/389 running_loss=0.051187
2026-08-19 20:30:51 | INFO | epoch=026 train_batch=70/389 running_loss=0.051404
2026-08-19 20:30:51 | INFO | epoch=026 train_batch=80/389 running_loss=0.051235
2026-08-19 20:30:52 | INFO | epoch=026 train_batch=90/389 running_loss=0.051123
2026-08-19 20:30:52 | INFO | epoch=026 train_batch=100/389 running_loss=0.051039
2026-08-19 20:30:52 | INFO | epoch=026 train_batch=110/389 running_loss=0.051020
2026-08-19 20:30:52 | INFO | epoch=026 train_batch=120/389 running_loss=0.051348
2026-08-19 20:30:53 | INFO | epoch=026 train_batch=130/389 running_loss=0.051354
2026-08-19 20:30:53 | INFO | epoch=026 train_batch=140/389 running_loss=0.051321
2026-08-19 20:30:53 | INFO | epoch=026 train_batch=150/389 running_loss=0.051387
2026-08-19 20:30:53 | INFO | epoch=026 train_batch=160/389 running_loss=0.051195
2026-08-19 20:30:54 | INFO | epoch=026 train_batch=170/389 running_loss=0.051252
2026-08-19 20:30:54 | INFO | epoch=026 train_batch=180/389 running_loss=0.051452
2026-08-19 20:30:54 | INFO | epoch=026 train_batch=190/389 running_loss=0.051647
2026-08-19 20:30:54 | INFO | epoch=026 train_batch=200/389 running_loss=0.051730
2026-08-19 20:30:54 | INFO | epoch=026 train_batch=210/389 running_loss=0.051749
2026-08-19 20:30:55 | INFO | epoch=026 train_batch=220/389 running_loss=0.051843
2026-08-19 20:30:55 | INFO | epoch=026 train_batch=230/389 running_loss=0.051926
2026-08-19 20:30:55 | INFO | epoch=026 train_batch=240/389 running_loss=0.051856
2026-08-19 20:30:55 | INFO | epoch=026 train_batch=250/389 running_loss=0.051991
2026-08-19 20:30:56 | INFO | epoch=026 train_batch=260/389 running_loss=0.052079
2026-08-19 20:30:56 | INFO | epoch=026 train_batch=270/389 running_loss=0.051983
2026-08-19 20:30:56 | INFO | epoch=026 train_batch=280/389 running_loss=0.051841
2026-08-19 20:30:56 | INFO | epoch=026 train_batch=290/389 running_loss=0.051787
2026-08-19 20:30:57 | INFO | epoch=026 train_batch=300/389 running_loss=0.051827
2026-08-19 20:30:57 | INFO | epoch=026 train_batch=310/389 running_loss=0.051849
2026-08-19 20:30:57 | INFO | epoch=026 train_batch=320/389 running_loss=0.051784
2026-08-19 20:30:57 | INFO | epoch=026 train_batch=330/389 running_loss=0.051816
2026-08-19 20:30:58 | INFO | epoch=026 train_batch=340/389 running_loss=0.051886
2026-08-19 20:30:58 | INFO | epoch=026 train_batch=350/389 running_loss=0.051951
2026-08-19 20:30:58 | INFO | epoch=026 train_batch=360/389 running_loss=0.051876
2026-08-19 20:30:58 | INFO | epoch=026 train_batch=370/389 running_loss=0.051873
2026-08-19 20:30:59 | INFO | epoch=026 train_batch=380/389 running_loss=0.051943
2026-08-19 20:30:59 | INFO | epoch=026 train_batch=389/389 running_loss=0.051990
2026-08-19 20:30:59 | INFO | epoch=026 train_loss=0.051990 validation_loss=0.093007
2026-08-19 20:31:00 | INFO | epoch=026 saved new best.pt
2026-08-19 20:31:00 | INFO | epoch=027 train_batch=10/389 running_loss=0.055111
2026-08-19 20:31:00 | INFO | epoch=027 train_batch=20/389 running_loss=0.054183
2026-08-19 20:31:00 | INFO | epoch=027 train_batch=30/389 running_loss=0.052106
2026-08-19 20:31:01 | INFO | epoch=027 train_batch=40/389 running_loss=0.051667
2026-08-19 20:31:01 | INFO | epoch=027 train_batch=50/389 running_loss=0.051667
2026-08-19 20:31:01 | INFO | epoch=027 train_batch=60/389 running_loss=0.051595
2026-08-19 20:31:01 | INFO | epoch=027 train_batch=70/389 running_loss=0.051347
2026-08-19 20:31:02 | INFO | epoch=027 train_batch=80/389 running_loss=0.051113
2026-08-19 20:31:02 | INFO | epoch=027 train_batch=90/389 running_loss=0.050844
2026-08-19 20:31:02 | INFO | epoch=027 train_batch=100/389 running_loss=0.050579
2026-08-19 20:31:02 | INFO | epoch=027 train_batch=110/389 running_loss=0.050594
2026-08-19 20:31:02 | INFO | epoch=027 train_batch=120/389 running_loss=0.050289
2026-08-19 20:31:03 | INFO | epoch=027 train_batch=130/389 running_loss=0.050439
2026-08-19 20:31:03 | INFO | epoch=027 train_batch=140/389 running_loss=0.050144
2026-08-19 20:31:03 | INFO | epoch=027 train_batch=150/389 running_loss=0.050269
2026-08-19 20:31:03 | INFO | epoch=027 train_batch=160/389 running_loss=0.050238
2026-08-19 20:31:04 | INFO | epoch=027 train_batch=170/389 running_loss=0.050207
2026-08-19 20:31:04 | INFO | epoch=027 train_batch=180/389 running_loss=0.050324
2026-08-19 20:31:04 | INFO | epoch=027 train_batch=190/389 running_loss=0.050565
2026-08-19 20:31:04 | INFO | epoch=027 train_batch=200/389 running_loss=0.050602
2026-08-19 20:31:05 | INFO | epoch=027 train_batch=210/389 running_loss=0.050810
2026-08-19 20:31:05 | INFO | epoch=027 train_batch=220/389 running_loss=0.051030
2026-08-19 20:31:05 | INFO | epoch=027 train_batch=230/389 running_loss=0.051207
2026-08-19 20:31:05 | INFO | epoch=027 train_batch=240/389 running_loss=0.051341
2026-08-19 20:31:06 | INFO | epoch=027 train_batch=250/389 running_loss=0.051496
2026-08-19 20:31:06 | INFO | epoch=027 train_batch=260/389 running_loss=0.051448
2026-08-19 20:31:06 | INFO | epoch=027 train_batch=270/389 running_loss=0.051601
2026-08-19 20:31:06 | INFO | epoch=027 train_batch=280/389 running_loss=0.051660
2026-08-19 20:31:06 | INFO | epoch=027 train_batch=290/389 running_loss=0.051635
2026-08-19 20:31:07 | INFO | epoch=027 train_batch=300/389 running_loss=0.051682
2026-08-19 20:31:07 | INFO | epoch=027 train_batch=310/389 running_loss=0.051622
2026-08-19 20:31:07 | INFO | epoch=027 train_batch=320/389 running_loss=0.051505
2026-08-19 20:31:07 | INFO | epoch=027 train_batch=330/389 running_loss=0.051566
2026-08-19 20:31:08 | INFO | epoch=027 train_batch=340/389 running_loss=0.051572
2026-08-19 20:31:08 | INFO | epoch=027 train_batch=350/389 running_loss=0.051483
2026-08-19 20:31:08 | INFO | epoch=027 train_batch=360/389 running_loss=0.051411
2026-08-19 20:31:08 | INFO | epoch=027 train_batch=370/389 running_loss=0.051552
2026-08-19 20:31:09 | INFO | epoch=027 train_batch=380/389 running_loss=0.051502
2026-08-19 20:31:09 | INFO | epoch=027 train_batch=389/389 running_loss=0.051505
2026-08-19 20:31:10 | INFO | epoch=027 train_loss=0.051505 validation_loss=0.093178
2026-08-19 20:31:10 | INFO | epoch=028 train_batch=10/389 running_loss=0.049535
2026-08-19 20:31:10 | INFO | epoch=028 train_batch=20/389 running_loss=0.050386
2026-08-19 20:31:10 | INFO | epoch=028 train_batch=30/389 running_loss=0.049617
2026-08-19 20:31:11 | INFO | epoch=028 train_batch=40/389 running_loss=0.049256
2026-08-19 20:31:11 | INFO | epoch=028 train_batch=50/389 running_loss=0.049712
2026-08-19 20:31:11 | INFO | epoch=028 train_batch=60/389 running_loss=0.049470
2026-08-19 20:31:11 | INFO | epoch=028 train_batch=70/389 running_loss=0.049012
2026-08-19 20:31:12 | INFO | epoch=028 train_batch=80/389 running_loss=0.048983
2026-08-19 20:31:12 | INFO | epoch=028 train_batch=90/389 running_loss=0.049121
2026-08-19 20:31:12 | INFO | epoch=028 train_batch=100/389 running_loss=0.049154
2026-08-19 20:31:12 | INFO | epoch=028 train_batch=110/389 running_loss=0.049454
2026-08-19 20:31:13 | INFO | epoch=028 train_batch=120/389 running_loss=0.049442
2026-08-19 20:31:13 | INFO | epoch=028 train_batch=130/389 running_loss=0.049588
2026-08-19 20:31:13 | INFO | epoch=028 train_batch=140/389 running_loss=0.049659
2026-08-19 20:31:13 | INFO | epoch=028 train_batch=150/389 running_loss=0.049857
2026-08-19 20:31:13 | INFO | epoch=028 train_batch=160/389 running_loss=0.050035
2026-08-19 20:31:14 | INFO | epoch=028 train_batch=170/389 running_loss=0.050194
2026-08-19 20:31:14 | INFO | epoch=028 train_batch=180/389 running_loss=0.050318
2026-08-19 20:31:14 | INFO | epoch=028 train_batch=190/389 running_loss=0.050308
2026-08-19 20:31:14 | INFO | epoch=028 train_batch=200/389 running_loss=0.050343
2026-08-19 20:31:15 | INFO | epoch=028 train_batch=210/389 running_loss=0.050297
2026-08-19 20:31:15 | INFO | epoch=028 train_batch=220/389 running_loss=0.050326
2026-08-19 20:31:15 | INFO | epoch=028 train_batch=230/389 running_loss=0.050400
2026-08-19 20:31:15 | INFO | epoch=028 train_batch=240/389 running_loss=0.050488
2026-08-19 20:31:16 | INFO | epoch=028 train_batch=250/389 running_loss=0.050552
2026-08-19 20:31:16 | INFO | epoch=028 train_batch=260/389 running_loss=0.050595
2026-08-19 20:31:16 | INFO | epoch=028 train_batch=270/389 running_loss=0.050618
2026-08-19 20:31:16 | INFO | epoch=028 train_batch=280/389 running_loss=0.050712
2026-08-19 20:31:17 | INFO | epoch=028 train_batch=290/389 running_loss=0.050802
2026-08-19 20:31:17 | INFO | epoch=028 train_batch=300/389 running_loss=0.050917
2026-08-19 20:31:17 | INFO | epoch=028 train_batch=310/389 running_loss=0.050970
2026-08-19 20:31:17 | INFO | epoch=028 train_batch=320/389 running_loss=0.050903
2026-08-19 20:31:18 | INFO | epoch=028 train_batch=330/389 running_loss=0.050997
2026-08-19 20:31:18 | INFO | epoch=028 train_batch=340/389 running_loss=0.051038
2026-08-19 20:31:18 | INFO | epoch=028 train_batch=350/389 running_loss=0.051113
2026-08-19 20:31:18 | INFO | epoch=028 train_batch=360/389 running_loss=0.051149
2026-08-19 20:31:18 | INFO | epoch=028 train_batch=370/389 running_loss=0.051206
2026-08-19 20:31:19 | INFO | epoch=028 train_batch=380/389 running_loss=0.051154
2026-08-19 20:31:19 | INFO | epoch=028 train_batch=389/389 running_loss=0.051198
2026-08-19 20:31:20 | INFO | epoch=028 train_loss=0.051198 validation_loss=0.091806
2026-08-19 20:31:20 | INFO | epoch=028 saved new best.pt
2026-08-19 20:31:20 | INFO | epoch=029 train_batch=10/389 running_loss=0.047198
2026-08-19 20:31:20 | INFO | epoch=029 train_batch=20/389 running_loss=0.049244
2026-08-19 20:31:20 | INFO | epoch=029 train_batch=30/389 running_loss=0.049429
2026-08-19 20:31:21 | INFO | epoch=029 train_batch=40/389 running_loss=0.049070
2026-08-19 20:31:21 | INFO | epoch=029 train_batch=50/389 running_loss=0.049219
2026-08-19 20:31:21 | INFO | epoch=029 train_batch=60/389 running_loss=0.049151
2026-08-19 20:31:21 | INFO | epoch=029 train_batch=70/389 running_loss=0.050045
2026-08-19 20:31:22 | INFO | epoch=029 train_batch=80/389 running_loss=0.049796
2026-08-19 20:31:22 | INFO | epoch=029 train_batch=90/389 running_loss=0.049806
2026-08-19 20:31:22 | INFO | epoch=029 train_batch=100/389 running_loss=0.049767
2026-08-19 20:31:22 | INFO | epoch=029 train_batch=110/389 running_loss=0.049489
2026-08-19 20:31:23 | INFO | epoch=029 train_batch=120/389 running_loss=0.049452
2026-08-19 20:31:23 | INFO | epoch=029 train_batch=130/389 running_loss=0.049626
2026-08-19 20:31:23 | INFO | epoch=029 train_batch=140/389 running_loss=0.049711
2026-08-19 20:31:23 | INFO | epoch=029 train_batch=150/389 running_loss=0.049620
2026-08-19 20:31:24 | INFO | epoch=029 train_batch=160/389 running_loss=0.049720
2026-08-19 20:31:24 | INFO | epoch=029 train_batch=170/389 running_loss=0.050057
2026-08-19 20:31:24 | INFO | epoch=029 train_batch=180/389 running_loss=0.050131
2026-08-19 20:31:24 | INFO | epoch=029 train_batch=190/389 running_loss=0.050113
2026-08-19 20:31:25 | INFO | epoch=029 train_batch=200/389 running_loss=0.050193
2026-08-19 20:31:25 | INFO | epoch=029 train_batch=210/389 running_loss=0.050220
2026-08-19 20:31:25 | INFO | epoch=029 train_batch=220/389 running_loss=0.050347
2026-08-19 20:31:25 | INFO | epoch=029 train_batch=230/389 running_loss=0.050335
2026-08-19 20:31:25 | INFO | epoch=029 train_batch=240/389 running_loss=0.050304
2026-08-19 20:31:26 | INFO | epoch=029 train_batch=250/389 running_loss=0.050310
2026-08-19 20:31:26 | INFO | epoch=029 train_batch=260/389 running_loss=0.050362
2026-08-19 20:31:26 | INFO | epoch=029 train_batch=270/389 running_loss=0.050438
2026-08-19 20:31:26 | INFO | epoch=029 train_batch=280/389 running_loss=0.050497
2026-08-19 20:31:27 | INFO | epoch=029 train_batch=290/389 running_loss=0.050484
2026-08-19 20:31:27 | INFO | epoch=029 train_batch=300/389 running_loss=0.050550
2026-08-19 20:31:27 | INFO | epoch=029 train_batch=310/389 running_loss=0.050527
2026-08-19 20:31:27 | INFO | epoch=029 train_batch=320/389 running_loss=0.050544
2026-08-19 20:31:28 | INFO | epoch=029 train_batch=330/389 running_loss=0.050484
2026-08-19 20:31:28 | INFO | epoch=029 train_batch=340/389 running_loss=0.050601
2026-08-19 20:31:28 | INFO | epoch=029 train_batch=350/389 running_loss=0.050565
2026-08-19 20:31:28 | INFO | epoch=029 train_batch=360/389 running_loss=0.050723
2026-08-19 20:31:29 | INFO | epoch=029 train_batch=370/389 running_loss=0.050714
2026-08-19 20:31:29 | INFO | epoch=029 train_batch=380/389 running_loss=0.050702
2026-08-19 20:31:29 | INFO | epoch=029 train_batch=389/389 running_loss=0.050695
2026-08-19 20:31:30 | INFO | epoch=029 train_loss=0.050695 validation_loss=0.092490
2026-08-19 20:31:30 | INFO | epoch=030 train_batch=10/389 running_loss=0.049845
2026-08-19 20:31:30 | INFO | epoch=030 train_batch=20/389 running_loss=0.049179
2026-08-19 20:31:30 | INFO | epoch=030 train_batch=30/389 running_loss=0.050502
2026-08-19 20:31:31 | INFO | epoch=030 train_batch=40/389 running_loss=0.050273
2026-08-19 20:31:31 | INFO | epoch=030 train_batch=50/389 running_loss=0.050112
2026-08-19 20:31:31 | INFO | epoch=030 train_batch=60/389 running_loss=0.049879
2026-08-19 20:31:31 | INFO | epoch=030 train_batch=70/389 running_loss=0.049507
2026-08-19 20:31:32 | INFO | epoch=030 train_batch=80/389 running_loss=0.049532
2026-08-19 20:31:32 | INFO | epoch=030 train_batch=90/389 running_loss=0.049432
2026-08-19 20:31:32 | INFO | epoch=030 train_batch=100/389 running_loss=0.049265
2026-08-19 20:31:32 | INFO | epoch=030 train_batch=110/389 running_loss=0.049402
2026-08-19 20:31:33 | INFO | epoch=030 train_batch=120/389 running_loss=0.049718
2026-08-19 20:31:33 | INFO | epoch=030 train_batch=130/389 running_loss=0.049702
2026-08-19 20:31:33 | INFO | epoch=030 train_batch=140/389 running_loss=0.049731
2026-08-19 20:31:33 | INFO | epoch=030 train_batch=150/389 running_loss=0.049784
2026-08-19 20:31:34 | INFO | epoch=030 train_batch=160/389 running_loss=0.049949
2026-08-19 20:31:34 | INFO | epoch=030 train_batch=170/389 running_loss=0.049983
2026-08-19 20:31:34 | INFO | epoch=030 train_batch=180/389 running_loss=0.050086
2026-08-19 20:31:34 | INFO | epoch=030 train_batch=190/389 running_loss=0.050269
2026-08-19 20:31:34 | INFO | epoch=030 train_batch=200/389 running_loss=0.050423
2026-08-19 20:31:35 | INFO | epoch=030 train_batch=210/389 running_loss=0.050660
2026-08-19 20:31:35 | INFO | epoch=030 train_batch=220/389 running_loss=0.050661
2026-08-19 20:31:35 | INFO | epoch=030 train_batch=230/389 running_loss=0.050846
2026-08-19 20:31:35 | INFO | epoch=030 train_batch=240/389 running_loss=0.050813
2026-08-19 20:31:36 | INFO | epoch=030 train_batch=250/389 running_loss=0.050811
2026-08-19 20:31:36 | INFO | epoch=030 train_batch=260/389 running_loss=0.050718
2026-08-19 20:31:36 | INFO | epoch=030 train_batch=270/389 running_loss=0.050549
2026-08-19 20:31:36 | INFO | epoch=030 train_batch=280/389 running_loss=0.050563
2026-08-19 20:31:37 | INFO | epoch=030 train_batch=290/389 running_loss=0.050547
2026-08-19 20:31:37 | INFO | epoch=030 train_batch=300/389 running_loss=0.050465
2026-08-19 20:31:37 | INFO | epoch=030 train_batch=310/389 running_loss=0.050458
2026-08-19 20:31:37 | INFO | epoch=030 train_batch=320/389 running_loss=0.050447
2026-08-19 20:31:38 | INFO | epoch=030 train_batch=330/389 running_loss=0.050412
2026-08-19 20:31:38 | INFO | epoch=030 train_batch=340/389 running_loss=0.050346
2026-08-19 20:31:38 | INFO | epoch=030 train_batch=350/389 running_loss=0.050406
2026-08-19 20:31:38 | INFO | epoch=030 train_batch=360/389 running_loss=0.050390
2026-08-19 20:31:39 | INFO | epoch=030 train_batch=370/389 running_loss=0.050362
2026-08-19 20:31:39 | INFO | epoch=030 train_batch=380/389 running_loss=0.050354
2026-08-19 20:31:39 | INFO | epoch=030 train_batch=389/389 running_loss=0.050412
2026-08-19 20:31:40 | INFO | epoch=030 train_loss=0.050412 validation_loss=0.090541
2026-08-19 20:31:40 | INFO | epoch=030 saved new best.pt
2026-08-19 20:31:40 | INFO | epoch=031 train_batch=10/389 running_loss=0.051086
2026-08-19 20:31:40 | INFO | epoch=031 train_batch=20/389 running_loss=0.050811
2026-08-19 20:31:41 | INFO | epoch=031 train_batch=30/389 running_loss=0.050567
2026-08-19 20:31:41 | INFO | epoch=031 train_batch=40/389 running_loss=0.049868
2026-08-19 20:31:41 | INFO | epoch=031 train_batch=50/389 running_loss=0.049811
2026-08-19 20:31:41 | INFO | epoch=031 train_batch=60/389 running_loss=0.050067
2026-08-19 20:31:42 | INFO | epoch=031 train_batch=70/389 running_loss=0.050485
2026-08-19 20:31:42 | INFO | epoch=031 train_batch=80/389 running_loss=0.049963
2026-08-19 20:31:42 | INFO | epoch=031 train_batch=90/389 running_loss=0.049656
2026-08-19 20:31:42 | INFO | epoch=031 train_batch=100/389 running_loss=0.049646
2026-08-19 20:31:42 | INFO | epoch=031 train_batch=110/389 running_loss=0.049413
2026-08-19 20:31:43 | INFO | epoch=031 train_batch=120/389 running_loss=0.049352
2026-08-19 20:31:43 | INFO | epoch=031 train_batch=130/389 running_loss=0.049447
2026-08-19 20:31:43 | INFO | epoch=031 train_batch=140/389 running_loss=0.049346
2026-08-19 20:31:43 | INFO | epoch=031 train_batch=150/389 running_loss=0.049413
2026-08-19 20:31:44 | INFO | epoch=031 train_batch=160/389 running_loss=0.049189
2026-08-19 20:31:44 | INFO | epoch=031 train_batch=170/389 running_loss=0.049178
2026-08-19 20:31:44 | INFO | epoch=031 train_batch=180/389 running_loss=0.049360
2026-08-19 20:31:44 | INFO | epoch=031 train_batch=190/389 running_loss=0.049421
2026-08-19 20:31:45 | INFO | epoch=031 train_batch=200/389 running_loss=0.049566
2026-08-19 20:31:45 | INFO | epoch=031 train_batch=210/389 running_loss=0.049484
2026-08-19 20:31:45 | INFO | epoch=031 train_batch=220/389 running_loss=0.049583
2026-08-19 20:31:45 | INFO | epoch=031 train_batch=230/389 running_loss=0.049580
2026-08-19 20:31:46 | INFO | epoch=031 train_batch=240/389 running_loss=0.049434
2026-08-19 20:31:46 | INFO | epoch=031 train_batch=250/389 running_loss=0.049403
2026-08-19 20:31:46 | INFO | epoch=031 train_batch=260/389 running_loss=0.049396
2026-08-19 20:31:46 | INFO | epoch=031 train_batch=270/389 running_loss=0.049468
2026-08-19 20:31:46 | INFO | epoch=031 train_batch=280/389 running_loss=0.049491
2026-08-19 20:31:47 | INFO | epoch=031 train_batch=290/389 running_loss=0.049464
2026-08-19 20:31:47 | INFO | epoch=031 train_batch=300/389 running_loss=0.049419
2026-08-19 20:31:47 | INFO | epoch=031 train_batch=310/389 running_loss=0.049401
2026-08-19 20:31:47 | INFO | epoch=031 train_batch=320/389 running_loss=0.049441
2026-08-19 20:31:48 | INFO | epoch=031 train_batch=330/389 running_loss=0.049411
2026-08-19 20:31:48 | INFO | epoch=031 train_batch=340/389 running_loss=0.049428
2026-08-19 20:31:48 | INFO | epoch=031 train_batch=350/389 running_loss=0.049399
2026-08-19 20:31:48 | INFO | epoch=031 train_batch=360/389 running_loss=0.049493
2026-08-19 20:31:49 | INFO | epoch=031 train_batch=370/389 running_loss=0.049515
2026-08-19 20:31:49 | INFO | epoch=031 train_batch=380/389 running_loss=0.049503
2026-08-19 20:31:49 | INFO | epoch=031 train_batch=389/389 running_loss=0.049549
2026-08-19 20:31:50 | INFO | epoch=031 train_loss=0.049549 validation_loss=0.093083
2026-08-19 20:31:50 | INFO | epoch=032 train_batch=10/389 running_loss=0.049368
2026-08-19 20:31:50 | INFO | epoch=032 train_batch=20/389 running_loss=0.048886
2026-08-19 20:31:51 | INFO | epoch=032 train_batch=30/389 running_loss=0.049230
2026-08-19 20:31:51 | INFO | epoch=032 train_batch=40/389 running_loss=0.048599
2026-08-19 20:31:51 | INFO | epoch=032 train_batch=50/389 running_loss=0.048873
2026-08-19 20:31:51 | INFO | epoch=032 train_batch=60/389 running_loss=0.049149
2026-08-19 20:31:51 | INFO | epoch=032 train_batch=70/389 running_loss=0.049131
2026-08-19 20:31:52 | INFO | epoch=032 train_batch=80/389 running_loss=0.048910
2026-08-19 20:31:52 | INFO | epoch=032 train_batch=90/389 running_loss=0.048682
2026-08-19 20:31:52 | INFO | epoch=032 train_batch=100/389 running_loss=0.048835
2026-08-19 20:31:52 | INFO | epoch=032 train_batch=110/389 running_loss=0.048813
2026-08-19 20:31:53 | INFO | epoch=032 train_batch=120/389 running_loss=0.049055
2026-08-19 20:31:53 | INFO | epoch=032 train_batch=130/389 running_loss=0.049037
2026-08-19 20:31:53 | INFO | epoch=032 train_batch=140/389 running_loss=0.049072
2026-08-19 20:31:53 | INFO | epoch=032 train_batch=150/389 running_loss=0.049275
2026-08-19 20:31:54 | INFO | epoch=032 train_batch=160/389 running_loss=0.049215
2026-08-19 20:31:54 | INFO | epoch=032 train_batch=170/389 running_loss=0.049147
2026-08-19 20:31:54 | INFO | epoch=032 train_batch=180/389 running_loss=0.049133
2026-08-19 20:31:54 | INFO | epoch=032 train_batch=190/389 running_loss=0.049231
2026-08-19 20:31:55 | INFO | epoch=032 train_batch=200/389 running_loss=0.049338
2026-08-19 20:31:55 | INFO | epoch=032 train_batch=210/389 running_loss=0.049442
2026-08-19 20:31:55 | INFO | epoch=032 train_batch=220/389 running_loss=0.049335
2026-08-19 20:31:55 | INFO | epoch=032 train_batch=230/389 running_loss=0.049320
2026-08-19 20:31:55 | INFO | epoch=032 train_batch=240/389 running_loss=0.049319
2026-08-19 20:31:56 | INFO | epoch=032 train_batch=250/389 running_loss=0.049307
2026-08-19 20:31:56 | INFO | epoch=032 train_batch=260/389 running_loss=0.049320
2026-08-19 20:31:56 | INFO | epoch=032 train_batch=270/389 running_loss=0.049253
2026-08-19 20:31:56 | INFO | epoch=032 train_batch=280/389 running_loss=0.049256
2026-08-19 20:31:57 | INFO | epoch=032 train_batch=290/389 running_loss=0.049208
2026-08-19 20:31:57 | INFO | epoch=032 train_batch=300/389 running_loss=0.049340
2026-08-19 20:31:57 | INFO | epoch=032 train_batch=310/389 running_loss=0.049317
2026-08-19 20:31:57 | INFO | epoch=032 train_batch=320/389 running_loss=0.049244
2026-08-19 20:31:58 | INFO | epoch=032 train_batch=330/389 running_loss=0.049243
2026-08-19 20:31:58 | INFO | epoch=032 train_batch=340/389 running_loss=0.049363
2026-08-19 20:31:58 | INFO | epoch=032 train_batch=350/389 running_loss=0.049350
2026-08-19 20:31:58 | INFO | epoch=032 train_batch=360/389 running_loss=0.049329
2026-08-19 20:31:59 | INFO | epoch=032 train_batch=370/389 running_loss=0.049408
2026-08-19 20:31:59 | INFO | epoch=032 train_batch=380/389 running_loss=0.049488
2026-08-19 20:31:59 | INFO | epoch=032 train_batch=389/389 running_loss=0.049395
2026-08-19 20:32:00 | INFO | epoch=032 train_loss=0.049395 validation_loss=0.090639
2026-08-19 20:32:00 | INFO | epoch=033 train_batch=10/389 running_loss=0.048066
2026-08-19 20:32:00 | INFO | epoch=033 train_batch=20/389 running_loss=0.048092
2026-08-19 20:32:00 | INFO | epoch=033 train_batch=30/389 running_loss=0.048216
2026-08-19 20:32:01 | INFO | epoch=033 train_batch=40/389 running_loss=0.048086
2026-08-19 20:32:01 | INFO | epoch=033 train_batch=50/389 running_loss=0.048287
2026-08-19 20:32:01 | INFO | epoch=033 train_batch=60/389 running_loss=0.048348
2026-08-19 20:32:01 | INFO | epoch=033 train_batch=70/389 running_loss=0.048581
2026-08-19 20:32:02 | INFO | epoch=033 train_batch=80/389 running_loss=0.048672
2026-08-19 20:32:02 | INFO | epoch=033 train_batch=90/389 running_loss=0.048757
2026-08-19 20:32:02 | INFO | epoch=033 train_batch=100/389 running_loss=0.048644
2026-08-19 20:32:02 | INFO | epoch=033 train_batch=110/389 running_loss=0.048820
2026-08-19 20:32:03 | INFO | epoch=033 train_batch=120/389 running_loss=0.048920
2026-08-19 20:32:03 | INFO | epoch=033 train_batch=130/389 running_loss=0.048735
2026-08-19 20:32:03 | INFO | epoch=033 train_batch=140/389 running_loss=0.048693
2026-08-19 20:32:03 | INFO | epoch=033 train_batch=150/389 running_loss=0.048634
2026-08-19 20:32:04 | INFO | epoch=033 train_batch=160/389 running_loss=0.048891
2026-08-19 20:32:04 | INFO | epoch=033 train_batch=170/389 running_loss=0.048859
2026-08-19 20:32:04 | INFO | epoch=033 train_batch=180/389 running_loss=0.048801
2026-08-19 20:32:04 | INFO | epoch=033 train_batch=190/389 running_loss=0.048789
2026-08-19 20:32:05 | INFO | epoch=033 train_batch=200/389 running_loss=0.048945
2026-08-19 20:32:05 | INFO | epoch=033 train_batch=210/389 running_loss=0.048791
2026-08-19 20:32:05 | INFO | epoch=033 train_batch=220/389 running_loss=0.048667
2026-08-19 20:32:05 | INFO | epoch=033 train_batch=230/389 running_loss=0.048656
2026-08-19 20:32:06 | INFO | epoch=033 train_batch=240/389 running_loss=0.048742
2026-08-19 20:32:06 | INFO | epoch=033 train_batch=250/389 running_loss=0.048697
2026-08-19 20:32:06 | INFO | epoch=033 train_batch=260/389 running_loss=0.048626
2026-08-19 20:32:06 | INFO | epoch=033 train_batch=270/389 running_loss=0.048793
2026-08-19 20:32:06 | INFO | epoch=033 train_batch=280/389 running_loss=0.048927
2026-08-19 20:32:07 | INFO | epoch=033 train_batch=290/389 running_loss=0.048942
2026-08-19 20:32:07 | INFO | epoch=033 train_batch=300/389 running_loss=0.049019
2026-08-19 20:32:07 | INFO | epoch=033 train_batch=310/389 running_loss=0.049125
2026-08-19 20:32:07 | INFO | epoch=033 train_batch=320/389 running_loss=0.049032
2026-08-19 20:32:08 | INFO | epoch=033 train_batch=330/389 running_loss=0.048881
2026-08-19 20:32:08 | INFO | epoch=033 train_batch=340/389 running_loss=0.048866
2026-08-19 20:32:08 | INFO | epoch=033 train_batch=350/389 running_loss=0.048947
2026-08-19 20:32:08 | INFO | epoch=033 train_batch=360/389 running_loss=0.048911
2026-08-19 20:32:09 | INFO | epoch=033 train_batch=370/389 running_loss=0.048963
2026-08-19 20:32:09 | INFO | epoch=033 train_batch=380/389 running_loss=0.048900
2026-08-19 20:32:09 | INFO | epoch=033 train_batch=389/389 running_loss=0.048930
2026-08-19 20:32:10 | INFO | epoch=033 train_loss=0.048930 validation_loss=0.091416
2026-08-19 20:32:10 | INFO | epoch=034 train_batch=10/389 running_loss=0.048724
2026-08-19 20:32:10 | INFO | epoch=034 train_batch=20/389 running_loss=0.049295
2026-08-19 20:32:11 | INFO | epoch=034 train_batch=30/389 running_loss=0.048378
2026-08-19 20:32:11 | INFO | epoch=034 train_batch=40/389 running_loss=0.048541
2026-08-19 20:32:11 | INFO | epoch=034 train_batch=50/389 running_loss=0.048485
2026-08-19 20:32:11 | INFO | epoch=034 train_batch=60/389 running_loss=0.048542
2026-08-19 20:32:12 | INFO | epoch=034 train_batch=70/389 running_loss=0.049219
2026-08-19 20:32:12 | INFO | epoch=034 train_batch=80/389 running_loss=0.049433
2026-08-19 20:32:12 | INFO | epoch=034 train_batch=90/389 running_loss=0.049402
2026-08-19 20:32:12 | INFO | epoch=034 train_batch=100/389 running_loss=0.049300
2026-08-19 20:32:13 | INFO | epoch=034 train_batch=110/389 running_loss=0.049283
2026-08-19 20:32:13 | INFO | epoch=034 train_batch=120/389 running_loss=0.049286
2026-08-19 20:32:13 | INFO | epoch=034 train_batch=130/389 running_loss=0.049446
2026-08-19 20:32:13 | INFO | epoch=034 train_batch=140/389 running_loss=0.049373
2026-08-19 20:32:13 | INFO | epoch=034 train_batch=150/389 running_loss=0.049262
2026-08-19 20:32:14 | INFO | epoch=034 train_batch=160/389 running_loss=0.049254
2026-08-19 20:32:14 | INFO | epoch=034 train_batch=170/389 running_loss=0.049510
2026-08-19 20:32:14 | INFO | epoch=034 train_batch=180/389 running_loss=0.049310
2026-08-19 20:32:14 | INFO | epoch=034 train_batch=190/389 running_loss=0.049256
2026-08-19 20:32:15 | INFO | epoch=034 train_batch=200/389 running_loss=0.049170
2026-08-19 20:32:15 | INFO | epoch=034 train_batch=210/389 running_loss=0.049133
2026-08-19 20:32:15 | INFO | epoch=034 train_batch=220/389 running_loss=0.049054
2026-08-19 20:32:15 | INFO | epoch=034 train_batch=230/389 running_loss=0.048968
2026-08-19 20:32:16 | INFO | epoch=034 train_batch=240/389 running_loss=0.048985
2026-08-19 20:32:16 | INFO | epoch=034 train_batch=250/389 running_loss=0.048918
2026-08-19 20:32:16 | INFO | epoch=034 train_batch=260/389 running_loss=0.048907
2026-08-19 20:32:16 | INFO | epoch=034 train_batch=270/389 running_loss=0.048786
2026-08-19 20:32:17 | INFO | epoch=034 train_batch=280/389 running_loss=0.048734
2026-08-19 20:32:17 | INFO | epoch=034 train_batch=290/389 running_loss=0.048634
2026-08-19 20:32:17 | INFO | epoch=034 train_batch=300/389 running_loss=0.048633
2026-08-19 20:32:17 | INFO | epoch=034 train_batch=310/389 running_loss=0.048671
2026-08-19 20:32:18 | INFO | epoch=034 train_batch=320/389 running_loss=0.048620
2026-08-19 20:32:18 | INFO | epoch=034 train_batch=330/389 running_loss=0.048600
2026-08-19 20:32:18 | INFO | epoch=034 train_batch=340/389 running_loss=0.048647
2026-08-19 20:32:18 | INFO | epoch=034 train_batch=350/389 running_loss=0.048612
2026-08-19 20:32:18 | INFO | epoch=034 train_batch=360/389 running_loss=0.048586
2026-08-19 20:32:19 | INFO | epoch=034 train_batch=370/389 running_loss=0.048624
2026-08-19 20:32:19 | INFO | epoch=034 train_batch=380/389 running_loss=0.048627
2026-08-19 20:32:19 | INFO | epoch=034 train_batch=389/389 running_loss=0.048589
2026-08-19 20:32:20 | INFO | epoch=034 train_loss=0.048589 validation_loss=0.091330
2026-08-19 20:32:20 | INFO | epoch=035 train_batch=10/389 running_loss=0.050186
2026-08-19 20:32:20 | INFO | epoch=035 train_batch=20/389 running_loss=0.047792
2026-08-19 20:32:21 | INFO | epoch=035 train_batch=30/389 running_loss=0.047746
2026-08-19 20:32:21 | INFO | epoch=035 train_batch=40/389 running_loss=0.049183
2026-08-19 20:32:21 | INFO | epoch=035 train_batch=50/389 running_loss=0.048968
2026-08-19 20:32:21 | INFO | epoch=035 train_batch=60/389 running_loss=0.048430
2026-08-19 20:32:22 | INFO | epoch=035 train_batch=70/389 running_loss=0.048303
2026-08-19 20:32:22 | INFO | epoch=035 train_batch=80/389 running_loss=0.048295
2026-08-19 20:32:22 | INFO | epoch=035 train_batch=90/389 running_loss=0.048041
2026-08-19 20:32:22 | INFO | epoch=035 train_batch=100/389 running_loss=0.047955
2026-08-19 20:32:23 | INFO | epoch=035 train_batch=110/389 running_loss=0.047962
2026-08-19 20:32:23 | INFO | epoch=035 train_batch=120/389 running_loss=0.047921
2026-08-19 20:32:23 | INFO | epoch=035 train_batch=130/389 running_loss=0.047924
2026-08-19 20:32:23 | INFO | epoch=035 train_batch=140/389 running_loss=0.047979
2026-08-19 20:32:23 | INFO | epoch=035 train_batch=150/389 running_loss=0.047891
2026-08-19 20:32:24 | INFO | epoch=035 train_batch=160/389 running_loss=0.047881
2026-08-19 20:32:24 | INFO | epoch=035 train_batch=170/389 running_loss=0.047725
2026-08-19 20:32:24 | INFO | epoch=035 train_batch=180/389 running_loss=0.047671
2026-08-19 20:32:24 | INFO | epoch=035 train_batch=190/389 running_loss=0.047651
2026-08-19 20:32:25 | INFO | epoch=035 train_batch=200/389 running_loss=0.047715
2026-08-19 20:32:25 | INFO | epoch=035 train_batch=210/389 running_loss=0.047586
2026-08-19 20:32:25 | INFO | epoch=035 train_batch=220/389 running_loss=0.047695
2026-08-19 20:32:25 | INFO | epoch=035 train_batch=230/389 running_loss=0.047732
2026-08-19 20:32:26 | INFO | epoch=035 train_batch=240/389 running_loss=0.047745
2026-08-19 20:32:26 | INFO | epoch=035 train_batch=250/389 running_loss=0.047554
2026-08-19 20:32:26 | INFO | epoch=035 train_batch=260/389 running_loss=0.047493
2026-08-19 20:32:26 | INFO | epoch=035 train_batch=270/389 running_loss=0.047617
2026-08-19 20:32:27 | INFO | epoch=035 train_batch=280/389 running_loss=0.047597
2026-08-19 20:32:27 | INFO | epoch=035 train_batch=290/389 running_loss=0.047592
2026-08-19 20:32:27 | INFO | epoch=035 train_batch=300/389 running_loss=0.047710
2026-08-19 20:32:27 | INFO | epoch=035 train_batch=310/389 running_loss=0.047752
2026-08-19 20:32:28 | INFO | epoch=035 train_batch=320/389 running_loss=0.047827
2026-08-19 20:32:28 | INFO | epoch=035 train_batch=330/389 running_loss=0.047912
2026-08-19 20:32:28 | INFO | epoch=035 train_batch=340/389 running_loss=0.047985
2026-08-19 20:32:28 | INFO | epoch=035 train_batch=350/389 running_loss=0.047978
2026-08-19 20:32:28 | INFO | epoch=035 train_batch=360/389 running_loss=0.048073
2026-08-19 20:32:29 | INFO | epoch=035 train_batch=370/389 running_loss=0.048194
2026-08-19 20:32:29 | INFO | epoch=035 train_batch=380/389 running_loss=0.048243
2026-08-19 20:32:29 | INFO | epoch=035 train_batch=389/389 running_loss=0.048202
2026-08-19 20:32:30 | INFO | epoch=035 train_loss=0.048202 validation_loss=0.087981
2026-08-19 20:32:30 | INFO | epoch=035 saved new best.pt
2026-08-19 20:32:30 | INFO | epoch=036 train_batch=10/389 running_loss=0.045683
2026-08-19 20:32:31 | INFO | epoch=036 train_batch=20/389 running_loss=0.045375
2026-08-19 20:32:31 | INFO | epoch=036 train_batch=30/389 running_loss=0.045811
2026-08-19 20:32:31 | INFO | epoch=036 train_batch=40/389 running_loss=0.046067
2026-08-19 20:32:31 | INFO | epoch=036 train_batch=50/389 running_loss=0.046328
2026-08-19 20:32:31 | INFO | epoch=036 train_batch=60/389 running_loss=0.046115
2026-08-19 20:32:32 | INFO | epoch=036 train_batch=70/389 running_loss=0.045955
2026-08-19 20:32:32 | INFO | epoch=036 train_batch=80/389 running_loss=0.046404
2026-08-19 20:32:32 | INFO | epoch=036 train_batch=90/389 running_loss=0.046431
2026-08-19 20:32:32 | INFO | epoch=036 train_batch=100/389 running_loss=0.046621
2026-08-19 20:32:33 | INFO | epoch=036 train_batch=110/389 running_loss=0.046863
2026-08-19 20:32:33 | INFO | epoch=036 train_batch=120/389 running_loss=0.046847
2026-08-19 20:32:33 | INFO | epoch=036 train_batch=130/389 running_loss=0.046933
2026-08-19 20:32:33 | INFO | epoch=036 train_batch=140/389 running_loss=0.047121
2026-08-19 20:32:34 | INFO | epoch=036 train_batch=150/389 running_loss=0.047536
2026-08-19 20:32:34 | INFO | epoch=036 train_batch=160/389 running_loss=0.047524
2026-08-19 20:32:34 | INFO | epoch=036 train_batch=170/389 running_loss=0.047414
2026-08-19 20:32:34 | INFO | epoch=036 train_batch=180/389 running_loss=0.047392
2026-08-19 20:32:35 | INFO | epoch=036 train_batch=190/389 running_loss=0.047323
2026-08-19 20:32:35 | INFO | epoch=036 train_batch=200/389 running_loss=0.047519
2026-08-19 20:32:35 | INFO | epoch=036 train_batch=210/389 running_loss=0.047751
2026-08-19 20:32:35 | INFO | epoch=036 train_batch=220/389 running_loss=0.047718
2026-08-19 20:32:36 | INFO | epoch=036 train_batch=230/389 running_loss=0.047567
2026-08-19 20:32:36 | INFO | epoch=036 train_batch=240/389 running_loss=0.047614
2026-08-19 20:32:36 | INFO | epoch=036 train_batch=250/389 running_loss=0.047637
2026-08-19 20:32:36 | INFO | epoch=036 train_batch=260/389 running_loss=0.047739
2026-08-19 20:32:36 | INFO | epoch=036 train_batch=270/389 running_loss=0.047696
2026-08-19 20:32:37 | INFO | epoch=036 train_batch=280/389 running_loss=0.047650
2026-08-19 20:32:37 | INFO | epoch=036 train_batch=290/389 running_loss=0.047699
2026-08-19 20:32:37 | INFO | epoch=036 train_batch=300/389 running_loss=0.047723
2026-08-19 20:32:37 | INFO | epoch=036 train_batch=310/389 running_loss=0.047829
2026-08-19 20:32:38 | INFO | epoch=036 train_batch=320/389 running_loss=0.047777
2026-08-19 20:32:38 | INFO | epoch=036 train_batch=330/389 running_loss=0.047774
2026-08-19 20:32:38 | INFO | epoch=036 train_batch=340/389 running_loss=0.047848
2026-08-19 20:32:38 | INFO | epoch=036 train_batch=350/389 running_loss=0.047842
2026-08-19 20:32:39 | INFO | epoch=036 train_batch=360/389 running_loss=0.047847
2026-08-19 20:32:39 | INFO | epoch=036 train_batch=370/389 running_loss=0.047819
2026-08-19 20:32:39 | INFO | epoch=036 train_batch=380/389 running_loss=0.047879
2026-08-19 20:32:39 | INFO | epoch=036 train_batch=389/389 running_loss=0.047914
2026-08-19 20:32:40 | INFO | epoch=036 train_loss=0.047914 validation_loss=0.089427
2026-08-19 20:32:40 | INFO | epoch=037 train_batch=10/389 running_loss=0.044837
2026-08-19 20:32:41 | INFO | epoch=037 train_batch=20/389 running_loss=0.046538
2026-08-19 20:32:41 | INFO | epoch=037 train_batch=30/389 running_loss=0.047606
2026-08-19 20:32:41 | INFO | epoch=037 train_batch=40/389 running_loss=0.047001
2026-08-19 20:32:41 | INFO | epoch=037 train_batch=50/389 running_loss=0.047345
2026-08-19 20:32:42 | INFO | epoch=037 train_batch=60/389 running_loss=0.047451
2026-08-19 20:32:42 | INFO | epoch=037 train_batch=70/389 running_loss=0.047854
2026-08-19 20:32:42 | INFO | epoch=037 train_batch=80/389 running_loss=0.048002
2026-08-19 20:32:42 | INFO | epoch=037 train_batch=90/389 running_loss=0.047965
2026-08-19 20:32:43 | INFO | epoch=037 train_batch=100/389 running_loss=0.047844
2026-08-19 20:32:43 | INFO | epoch=037 train_batch=110/389 running_loss=0.047715
2026-08-19 20:32:43 | INFO | epoch=037 train_batch=120/389 running_loss=0.047604
2026-08-19 20:32:43 | INFO | epoch=037 train_batch=130/389 running_loss=0.047579
2026-08-19 20:32:44 | INFO | epoch=037 train_batch=140/389 running_loss=0.047563
2026-08-19 20:32:44 | INFO | epoch=037 train_batch=150/389 running_loss=0.047492
2026-08-19 20:32:44 | INFO | epoch=037 train_batch=160/389 running_loss=0.047606
2026-08-19 20:32:44 | INFO | epoch=037 train_batch=170/389 running_loss=0.047843
2026-08-19 20:32:45 | INFO | epoch=037 train_batch=180/389 running_loss=0.047900
2026-08-19 20:32:45 | INFO | epoch=037 train_batch=190/389 running_loss=0.047897
2026-08-19 20:32:45 | INFO | epoch=037 train_batch=200/389 running_loss=0.047931
2026-08-19 20:32:45 | INFO | epoch=037 train_batch=210/389 running_loss=0.048107
2026-08-19 20:32:46 | INFO | epoch=037 train_batch=220/389 running_loss=0.048114
2026-08-19 20:32:46 | INFO | epoch=037 train_batch=230/389 running_loss=0.047980
2026-08-19 20:32:46 | INFO | epoch=037 train_batch=240/389 running_loss=0.047958
2026-08-19 20:32:46 | INFO | epoch=037 train_batch=250/389 running_loss=0.047880
2026-08-19 20:32:46 | INFO | epoch=037 train_batch=260/389 running_loss=0.047694
2026-08-19 20:32:47 | INFO | epoch=037 train_batch=270/389 running_loss=0.047704
2026-08-19 20:32:47 | INFO | epoch=037 train_batch=280/389 running_loss=0.047658
2026-08-19 20:32:47 | INFO | epoch=037 train_batch=290/389 running_loss=0.047732
2026-08-19 20:32:47 | INFO | epoch=037 train_batch=300/389 running_loss=0.047693
2026-08-19 20:32:48 | INFO | epoch=037 train_batch=310/389 running_loss=0.047576
2026-08-19 20:32:48 | INFO | epoch=037 train_batch=320/389 running_loss=0.047520
2026-08-19 20:32:48 | INFO | epoch=037 train_batch=330/389 running_loss=0.047551
2026-08-19 20:32:48 | INFO | epoch=037 train_batch=340/389 running_loss=0.047624
2026-08-19 20:32:49 | INFO | epoch=037 train_batch=350/389 running_loss=0.047520
2026-08-19 20:32:49 | INFO | epoch=037 train_batch=360/389 running_loss=0.047551
2026-08-19 20:32:49 | INFO | epoch=037 train_batch=370/389 running_loss=0.047558
2026-08-19 20:32:49 | INFO | epoch=037 train_batch=380/389 running_loss=0.047564
2026-08-19 20:32:50 | INFO | epoch=037 train_batch=389/389 running_loss=0.047543
2026-08-19 20:32:50 | INFO | epoch=037 train_loss=0.047543 validation_loss=0.088776
2026-08-19 20:32:51 | INFO | epoch=038 train_batch=10/389 running_loss=0.046227
2026-08-19 20:32:51 | INFO | epoch=038 train_batch=20/389 running_loss=0.045343
2026-08-19 20:32:51 | INFO | epoch=038 train_batch=30/389 running_loss=0.046728
2026-08-19 20:32:51 | INFO | epoch=038 train_batch=40/389 running_loss=0.046522
2026-08-19 20:32:52 | INFO | epoch=038 train_batch=50/389 running_loss=0.046552
2026-08-19 20:32:52 | INFO | epoch=038 train_batch=60/389 running_loss=0.046329
2026-08-19 20:32:52 | INFO | epoch=038 train_batch=70/389 running_loss=0.046068
2026-08-19 20:32:52 | INFO | epoch=038 train_batch=80/389 running_loss=0.046148
2026-08-19 20:32:53 | INFO | epoch=038 train_batch=90/389 running_loss=0.046174
2026-08-19 20:32:53 | INFO | epoch=038 train_batch=100/389 running_loss=0.046491
2026-08-19 20:32:53 | INFO | epoch=038 train_batch=110/389 running_loss=0.046395
2026-08-19 20:32:53 | INFO | epoch=038 train_batch=120/389 running_loss=0.046504
2026-08-19 20:32:54 | INFO | epoch=038 train_batch=130/389 running_loss=0.046397
2026-08-19 20:32:54 | INFO | epoch=038 train_batch=140/389 running_loss=0.046513
2026-08-19 20:32:54 | INFO | epoch=038 train_batch=150/389 running_loss=0.046525
2026-08-19 20:32:54 | INFO | epoch=038 train_batch=160/389 running_loss=0.046562
2026-08-19 20:32:54 | INFO | epoch=038 train_batch=170/389 running_loss=0.046392
2026-08-19 20:32:55 | INFO | epoch=038 train_batch=180/389 running_loss=0.046356
2026-08-19 20:32:55 | INFO | epoch=038 train_batch=190/389 running_loss=0.046393
2026-08-19 20:32:55 | INFO | epoch=038 train_batch=200/389 running_loss=0.046500
2026-08-19 20:32:55 | INFO | epoch=038 train_batch=210/389 running_loss=0.046392
2026-08-19 20:32:56 | INFO | epoch=038 train_batch=220/389 running_loss=0.046258
2026-08-19 20:32:56 | INFO | epoch=038 train_batch=230/389 running_loss=0.046271
2026-08-19 20:32:56 | INFO | epoch=038 train_batch=240/389 running_loss=0.046135
2026-08-19 20:32:56 | INFO | epoch=038 train_batch=250/389 running_loss=0.046195
2026-08-19 20:32:57 | INFO | epoch=038 train_batch=260/389 running_loss=0.046371
2026-08-19 20:32:57 | INFO | epoch=038 train_batch=270/389 running_loss=0.046506
2026-08-19 20:32:57 | INFO | epoch=038 train_batch=280/389 running_loss=0.046586
2026-08-19 20:32:57 | INFO | epoch=038 train_batch=290/389 running_loss=0.046557
2026-08-19 20:32:58 | INFO | epoch=038 train_batch=300/389 running_loss=0.046643
2026-08-19 20:32:58 | INFO | epoch=038 train_batch=310/389 running_loss=0.046736
2026-08-19 20:32:58 | INFO | epoch=038 train_batch=320/389 running_loss=0.046784
2026-08-19 20:32:58 | INFO | epoch=038 train_batch=330/389 running_loss=0.046865
2026-08-19 20:32:59 | INFO | epoch=038 train_batch=340/389 running_loss=0.046961
2026-08-19 20:32:59 | INFO | epoch=038 train_batch=350/389 running_loss=0.047045
2026-08-19 20:32:59 | INFO | epoch=038 train_batch=360/389 running_loss=0.047032
2026-08-19 20:32:59 | INFO | epoch=038 train_batch=370/389 running_loss=0.047032
2026-08-19 20:33:00 | INFO | epoch=038 train_batch=380/389 running_loss=0.047055
2026-08-19 20:33:00 | INFO | epoch=038 train_batch=389/389 running_loss=0.047111
2026-08-19 20:33:01 | INFO | epoch=038 train_loss=0.047111 validation_loss=0.088763
2026-08-19 20:33:01 | INFO | epoch=039 train_batch=10/389 running_loss=0.044275
2026-08-19 20:33:01 | INFO | epoch=039 train_batch=20/389 running_loss=0.044205
2026-08-19 20:33:01 | INFO | epoch=039 train_batch=30/389 running_loss=0.045307
2026-08-19 20:33:02 | INFO | epoch=039 train_batch=40/389 running_loss=0.046375
2026-08-19 20:33:02 | INFO | epoch=039 train_batch=50/389 running_loss=0.046516
2026-08-19 20:33:02 | INFO | epoch=039 train_batch=60/389 running_loss=0.046210
2026-08-19 20:33:02 | INFO | epoch=039 train_batch=70/389 running_loss=0.046620
2026-08-19 20:33:03 | INFO | epoch=039 train_batch=80/389 running_loss=0.046983
2026-08-19 20:33:03 | INFO | epoch=039 train_batch=90/389 running_loss=0.047043
2026-08-19 20:33:03 | INFO | epoch=039 train_batch=100/389 running_loss=0.046956
2026-08-19 20:33:03 | INFO | epoch=039 train_batch=110/389 running_loss=0.046943
2026-08-19 20:33:04 | INFO | epoch=039 train_batch=120/389 running_loss=0.046866
2026-08-19 20:33:04 | INFO | epoch=039 train_batch=130/389 running_loss=0.046956
2026-08-19 20:33:04 | INFO | epoch=039 train_batch=140/389 running_loss=0.046883
2026-08-19 20:33:04 | INFO | epoch=039 train_batch=150/389 running_loss=0.046976
2026-08-19 20:33:05 | INFO | epoch=039 train_batch=160/389 running_loss=0.046958
2026-08-19 20:33:05 | INFO | epoch=039 train_batch=170/389 running_loss=0.046867
2026-08-19 20:33:05 | INFO | epoch=039 train_batch=180/389 running_loss=0.046832
2026-08-19 20:33:05 | INFO | epoch=039 train_batch=190/389 running_loss=0.046882
2026-08-19 20:33:05 | INFO | epoch=039 train_batch=200/389 running_loss=0.046834
2026-08-19 20:33:06 | INFO | epoch=039 train_batch=210/389 running_loss=0.046907
2026-08-19 20:33:06 | INFO | epoch=039 train_batch=220/389 running_loss=0.046987
2026-08-19 20:33:06 | INFO | epoch=039 train_batch=230/389 running_loss=0.047047
2026-08-19 20:33:06 | INFO | epoch=039 train_batch=240/389 running_loss=0.047225
2026-08-19 20:33:07 | INFO | epoch=039 train_batch=250/389 running_loss=0.047293
2026-08-19 20:33:07 | INFO | epoch=039 train_batch=260/389 running_loss=0.047349
2026-08-19 20:33:07 | INFO | epoch=039 train_batch=270/389 running_loss=0.047307
2026-08-19 20:33:07 | INFO | epoch=039 train_batch=280/389 running_loss=0.047192
2026-08-19 20:33:08 | INFO | epoch=039 train_batch=290/389 running_loss=0.047161
2026-08-19 20:33:08 | INFO | epoch=039 train_batch=300/389 running_loss=0.046999
2026-08-19 20:33:08 | INFO | epoch=039 train_batch=310/389 running_loss=0.047057
2026-08-19 20:33:08 | INFO | epoch=039 train_batch=320/389 running_loss=0.047137
2026-08-19 20:33:09 | INFO | epoch=039 train_batch=330/389 running_loss=0.047220
2026-08-19 20:33:09 | INFO | epoch=039 train_batch=340/389 running_loss=0.047179
2026-08-19 20:33:09 | INFO | epoch=039 train_batch=350/389 running_loss=0.047165
2026-08-19 20:33:09 | INFO | epoch=039 train_batch=360/389 running_loss=0.047112
2026-08-19 20:33:10 | INFO | epoch=039 train_batch=370/389 running_loss=0.047084
2026-08-19 20:33:10 | INFO | epoch=039 train_batch=380/389 running_loss=0.047035
2026-08-19 20:33:10 | INFO | epoch=039 train_batch=389/389 running_loss=0.047000
2026-08-19 20:33:11 | INFO | epoch=039 train_loss=0.047000 validation_loss=0.089101
2026-08-19 20:33:11 | INFO | epoch=040 train_batch=10/389 running_loss=0.044829
2026-08-19 20:33:11 | INFO | epoch=040 train_batch=20/389 running_loss=0.045654
2026-08-19 20:33:12 | INFO | epoch=040 train_batch=30/389 running_loss=0.045166
2026-08-19 20:33:12 | INFO | epoch=040 train_batch=40/389 running_loss=0.045100
2026-08-19 20:33:12 | INFO | epoch=040 train_batch=50/389 running_loss=0.045344
2026-08-19 20:33:12 | INFO | epoch=040 train_batch=60/389 running_loss=0.045236
2026-08-19 20:33:13 | INFO | epoch=040 train_batch=70/389 running_loss=0.045652
2026-08-19 20:33:13 | INFO | epoch=040 train_batch=80/389 running_loss=0.045990
2026-08-19 20:33:13 | INFO | epoch=040 train_batch=90/389 running_loss=0.046451
2026-08-19 20:33:13 | INFO | epoch=040 train_batch=100/389 running_loss=0.046580
2026-08-19 20:33:14 | INFO | epoch=040 train_batch=110/389 running_loss=0.046416
2026-08-19 20:33:14 | INFO | epoch=040 train_batch=120/389 running_loss=0.046279
2026-08-19 20:33:14 | INFO | epoch=040 train_batch=130/389 running_loss=0.046506
2026-08-19 20:33:14 | INFO | epoch=040 train_batch=140/389 running_loss=0.046399
2026-08-19 20:33:15 | INFO | epoch=040 train_batch=150/389 running_loss=0.046421
2026-08-19 20:33:15 | INFO | epoch=040 train_batch=160/389 running_loss=0.046627
2026-08-19 20:33:15 | INFO | epoch=040 train_batch=170/389 running_loss=0.046709
2026-08-19 20:33:15 | INFO | epoch=040 train_batch=180/389 running_loss=0.046782
2026-08-19 20:33:16 | INFO | epoch=040 train_batch=190/389 running_loss=0.046762
2026-08-19 20:33:16 | INFO | epoch=040 train_batch=200/389 running_loss=0.046876
2026-08-19 20:33:16 | INFO | epoch=040 train_batch=210/389 running_loss=0.047013
2026-08-19 20:33:16 | INFO | epoch=040 train_batch=220/389 running_loss=0.047050
2026-08-19 20:33:17 | INFO | epoch=040 train_batch=230/389 running_loss=0.046834
2026-08-19 20:33:17 | INFO | epoch=040 train_batch=240/389 running_loss=0.046803
2026-08-19 20:33:17 | INFO | epoch=040 train_batch=250/389 running_loss=0.046769
2026-08-19 20:33:17 | INFO | epoch=040 train_batch=260/389 running_loss=0.046840
2026-08-19 20:33:18 | INFO | epoch=040 train_batch=270/389 running_loss=0.046815
2026-08-19 20:33:18 | INFO | epoch=040 train_batch=280/389 running_loss=0.046796
2026-08-19 20:33:18 | INFO | epoch=040 train_batch=290/389 running_loss=0.046723
2026-08-19 20:33:18 | INFO | epoch=040 train_batch=300/389 running_loss=0.046711
2026-08-19 20:33:18 | INFO | epoch=040 train_batch=310/389 running_loss=0.046715
2026-08-19 20:33:19 | INFO | epoch=040 train_batch=320/389 running_loss=0.046622
2026-08-19 20:33:19 | INFO | epoch=040 train_batch=330/389 running_loss=0.046551
2026-08-19 20:33:19 | INFO | epoch=040 train_batch=340/389 running_loss=0.046492
2026-08-19 20:33:19 | INFO | epoch=040 train_batch=350/389 running_loss=0.046548
2026-08-19 20:33:20 | INFO | epoch=040 train_batch=360/389 running_loss=0.046576
2026-08-19 20:33:20 | INFO | epoch=040 train_batch=370/389 running_loss=0.046569
2026-08-19 20:33:20 | INFO | epoch=040 train_batch=380/389 running_loss=0.046638
2026-08-19 20:33:20 | INFO | epoch=040 train_batch=389/389 running_loss=0.046683
2026-08-19 20:33:21 | INFO | epoch=040 train_loss=0.046683 validation_loss=0.089761
2026-08-19 20:33:21 | INFO | epoch=041 train_batch=10/389 running_loss=0.043352
2026-08-19 20:33:22 | INFO | epoch=041 train_batch=20/389 running_loss=0.043066
2026-08-19 20:33:22 | INFO | epoch=041 train_batch=30/389 running_loss=0.044184
2026-08-19 20:33:22 | INFO | epoch=041 train_batch=40/389 running_loss=0.044439
2026-08-19 20:33:22 | INFO | epoch=041 train_batch=50/389 running_loss=0.045326
2026-08-19 20:33:23 | INFO | epoch=041 train_batch=60/389 running_loss=0.045399
2026-08-19 20:33:23 | INFO | epoch=041 train_batch=70/389 running_loss=0.045241
2026-08-19 20:33:23 | INFO | epoch=041 train_batch=80/389 running_loss=0.045461
2026-08-19 20:33:23 | INFO | epoch=041 train_batch=90/389 running_loss=0.045688
2026-08-19 20:33:24 | INFO | epoch=041 train_batch=100/389 running_loss=0.045676
2026-08-19 20:33:24 | INFO | epoch=041 train_batch=110/389 running_loss=0.045654
2026-08-19 20:33:24 | INFO | epoch=041 train_batch=120/389 running_loss=0.045924
2026-08-19 20:33:24 | INFO | epoch=041 train_batch=130/389 running_loss=0.045921
2026-08-19 20:33:25 | INFO | epoch=041 train_batch=140/389 running_loss=0.046026
2026-08-19 20:33:25 | INFO | epoch=041 train_batch=150/389 running_loss=0.045935
2026-08-19 20:33:25 | INFO | epoch=041 train_batch=160/389 running_loss=0.045960
2026-08-19 20:33:25 | INFO | epoch=041 train_batch=170/389 running_loss=0.046019
2026-08-19 20:33:25 | INFO | epoch=041 train_batch=180/389 running_loss=0.045909
2026-08-19 20:33:26 | INFO | epoch=041 train_batch=190/389 running_loss=0.045959
2026-08-19 20:33:26 | INFO | epoch=041 train_batch=200/389 running_loss=0.045998
2026-08-19 20:33:26 | INFO | epoch=041 train_batch=210/389 running_loss=0.045969
2026-08-19 20:33:26 | INFO | epoch=041 train_batch=220/389 running_loss=0.046101
2026-08-19 20:33:27 | INFO | epoch=041 train_batch=230/389 running_loss=0.046045
2026-08-19 20:33:27 | INFO | epoch=041 train_batch=240/389 running_loss=0.046197
2026-08-19 20:33:27 | INFO | epoch=041 train_batch=250/389 running_loss=0.046022
2026-08-19 20:33:27 | INFO | epoch=041 train_batch=260/389 running_loss=0.046102
2026-08-19 20:33:28 | INFO | epoch=041 train_batch=270/389 running_loss=0.046067
2026-08-19 20:33:28 | INFO | epoch=041 train_batch=280/389 running_loss=0.045994
2026-08-19 20:33:28 | INFO | epoch=041 train_batch=290/389 running_loss=0.045945
2026-08-19 20:33:28 | INFO | epoch=041 train_batch=300/389 running_loss=0.046074
2026-08-19 20:33:29 | INFO | epoch=041 train_batch=310/389 running_loss=0.046142
2026-08-19 20:33:29 | INFO | epoch=041 train_batch=320/389 running_loss=0.046274
2026-08-19 20:33:29 | INFO | epoch=041 train_batch=330/389 running_loss=0.046252
2026-08-19 20:33:29 | INFO | epoch=041 train_batch=340/389 running_loss=0.046228
2026-08-19 20:33:29 | INFO | epoch=041 train_batch=350/389 running_loss=0.046257
2026-08-19 20:33:30 | INFO | epoch=041 train_batch=360/389 running_loss=0.046255
2026-08-19 20:33:30 | INFO | epoch=041 train_batch=370/389 running_loss=0.046392
2026-08-19 20:33:30 | INFO | epoch=041 train_batch=380/389 running_loss=0.046544
2026-08-19 20:33:30 | INFO | epoch=041 train_batch=389/389 running_loss=0.046605
2026-08-19 20:33:31 | INFO | epoch=041 train_loss=0.046605 validation_loss=0.090121
2026-08-19 20:33:31 | INFO | epoch=042 train_batch=10/389 running_loss=0.044227
2026-08-19 20:33:32 | INFO | epoch=042 train_batch=20/389 running_loss=0.045021
2026-08-19 20:33:32 | INFO | epoch=042 train_batch=30/389 running_loss=0.045187
2026-08-19 20:33:32 | INFO | epoch=042 train_batch=40/389 running_loss=0.045064
2026-08-19 20:33:32 | INFO | epoch=042 train_batch=50/389 running_loss=0.045273
2026-08-19 20:33:33 | INFO | epoch=042 train_batch=60/389 running_loss=0.045338
2026-08-19 20:33:33 | INFO | epoch=042 train_batch=70/389 running_loss=0.045407
2026-08-19 20:33:33 | INFO | epoch=042 train_batch=80/389 running_loss=0.045869
2026-08-19 20:33:33 | INFO | epoch=042 train_batch=90/389 running_loss=0.046039
2026-08-19 20:33:34 | INFO | epoch=042 train_batch=100/389 running_loss=0.046120
2026-08-19 20:33:34 | INFO | epoch=042 train_batch=110/389 running_loss=0.046315
2026-08-19 20:33:34 | INFO | epoch=042 train_batch=120/389 running_loss=0.046301
2026-08-19 20:33:34 | INFO | epoch=042 train_batch=130/389 running_loss=0.046434
2026-08-19 20:33:34 | INFO | epoch=042 train_batch=140/389 running_loss=0.046193
2026-08-19 20:33:35 | INFO | epoch=042 train_batch=150/389 running_loss=0.045996
2026-08-19 20:33:35 | INFO | epoch=042 train_batch=160/389 running_loss=0.045991
2026-08-19 20:33:35 | INFO | epoch=042 train_batch=170/389 running_loss=0.045822
2026-08-19 20:33:35 | INFO | epoch=042 train_batch=180/389 running_loss=0.045933
2026-08-19 20:33:36 | INFO | epoch=042 train_batch=190/389 running_loss=0.045973
2026-08-19 20:33:36 | INFO | epoch=042 train_batch=200/389 running_loss=0.046025
2026-08-19 20:33:36 | INFO | epoch=042 train_batch=210/389 running_loss=0.045948
2026-08-19 20:33:36 | INFO | epoch=042 train_batch=220/389 running_loss=0.045891
2026-08-19 20:33:37 | INFO | epoch=042 train_batch=230/389 running_loss=0.045928
2026-08-19 20:33:37 | INFO | epoch=042 train_batch=240/389 running_loss=0.045963
2026-08-19 20:33:37 | INFO | epoch=042 train_batch=250/389 running_loss=0.045986
2026-08-19 20:33:37 | INFO | epoch=042 train_batch=260/389 running_loss=0.045886
2026-08-19 20:33:38 | INFO | epoch=042 train_batch=270/389 running_loss=0.045997
2026-08-19 20:33:38 | INFO | epoch=042 train_batch=280/389 running_loss=0.046044
2026-08-19 20:33:38 | INFO | epoch=042 train_batch=290/389 running_loss=0.045962
2026-08-19 20:33:38 | INFO | epoch=042 train_batch=300/389 running_loss=0.045966
2026-08-19 20:33:38 | INFO | epoch=042 train_batch=310/389 running_loss=0.045900
2026-08-19 20:33:39 | INFO | epoch=042 train_batch=320/389 running_loss=0.045977
2026-08-19 20:33:39 | INFO | epoch=042 train_batch=330/389 running_loss=0.046038
2026-08-19 20:33:39 | INFO | epoch=042 train_batch=340/389 running_loss=0.046127
2026-08-19 20:33:39 | INFO | epoch=042 train_batch=350/389 running_loss=0.046158
2026-08-19 20:33:40 | INFO | epoch=042 train_batch=360/389 running_loss=0.046221
2026-08-19 20:33:40 | INFO | epoch=042 train_batch=370/389 running_loss=0.046318
2026-08-19 20:33:40 | INFO | epoch=042 train_batch=380/389 running_loss=0.046280
2026-08-19 20:33:40 | INFO | epoch=042 train_batch=389/389 running_loss=0.046259
2026-08-19 20:33:41 | INFO | epoch=042 train_loss=0.046259 validation_loss=0.089268
2026-08-19 20:33:41 | INFO | epoch=043 train_batch=10/389 running_loss=0.044206
2026-08-19 20:33:42 | INFO | epoch=043 train_batch=20/389 running_loss=0.044307
2026-08-19 20:33:42 | INFO | epoch=043 train_batch=30/389 running_loss=0.044748
2026-08-19 20:33:42 | INFO | epoch=043 train_batch=40/389 running_loss=0.044535
2026-08-19 20:33:42 | INFO | epoch=043 train_batch=50/389 running_loss=0.044781
2026-08-19 20:33:43 | INFO | epoch=043 train_batch=60/389 running_loss=0.044751
2026-08-19 20:33:43 | INFO | epoch=043 train_batch=70/389 running_loss=0.044736
2026-08-19 20:33:43 | INFO | epoch=043 train_batch=80/389 running_loss=0.044960
2026-08-19 20:33:43 | INFO | epoch=043 train_batch=90/389 running_loss=0.045091
2026-08-19 20:33:44 | INFO | epoch=043 train_batch=100/389 running_loss=0.045540
2026-08-19 20:33:44 | INFO | epoch=043 train_batch=110/389 running_loss=0.045709
2026-08-19 20:33:44 | INFO | epoch=043 train_batch=120/389 running_loss=0.045625
2026-08-19 20:33:44 | INFO | epoch=043 train_batch=130/389 running_loss=0.045538
2026-08-19 20:33:44 | INFO | epoch=043 train_batch=140/389 running_loss=0.045692
2026-08-19 20:33:45 | INFO | epoch=043 train_batch=150/389 running_loss=0.045857
2026-08-19 20:33:45 | INFO | epoch=043 train_batch=160/389 running_loss=0.046052
2026-08-19 20:33:45 | INFO | epoch=043 train_batch=170/389 running_loss=0.046199
2026-08-19 20:33:45 | INFO | epoch=043 train_batch=180/389 running_loss=0.046063
2026-08-19 20:33:46 | INFO | epoch=043 train_batch=190/389 running_loss=0.045889
2026-08-19 20:33:46 | INFO | epoch=043 train_batch=200/389 running_loss=0.045843
2026-08-19 20:33:46 | INFO | epoch=043 train_batch=210/389 running_loss=0.045805
2026-08-19 20:33:46 | INFO | epoch=043 train_batch=220/389 running_loss=0.045910
2026-08-19 20:33:47 | INFO | epoch=043 train_batch=230/389 running_loss=0.045936
2026-08-19 20:33:47 | INFO | epoch=043 train_batch=240/389 running_loss=0.045929
2026-08-19 20:33:47 | INFO | epoch=043 train_batch=250/389 running_loss=0.045991
2026-08-19 20:33:47 | INFO | epoch=043 train_batch=260/389 running_loss=0.045946
2026-08-19 20:33:48 | INFO | epoch=043 train_batch=270/389 running_loss=0.045858
2026-08-19 20:33:48 | INFO | epoch=043 train_batch=280/389 running_loss=0.045953
2026-08-19 20:33:48 | INFO | epoch=043 train_batch=290/389 running_loss=0.045962
2026-08-19 20:33:48 | INFO | epoch=043 train_batch=300/389 running_loss=0.045974
2026-08-19 20:33:49 | INFO | epoch=043 train_batch=310/389 running_loss=0.045955
2026-08-19 20:33:49 | INFO | epoch=043 train_batch=320/389 running_loss=0.045931
2026-08-19 20:33:49 | INFO | epoch=043 train_batch=330/389 running_loss=0.046015
2026-08-19 20:33:49 | INFO | epoch=043 train_batch=340/389 running_loss=0.045995
2026-08-19 20:33:49 | INFO | epoch=043 train_batch=350/389 running_loss=0.045967
2026-08-19 20:33:50 | INFO | epoch=043 train_batch=360/389 running_loss=0.045848
2026-08-19 20:33:50 | INFO | epoch=043 train_batch=370/389 running_loss=0.045881
2026-08-19 20:33:50 | INFO | epoch=043 train_batch=380/389 running_loss=0.045954
2026-08-19 20:33:50 | INFO | epoch=043 train_batch=389/389 running_loss=0.045983
2026-08-19 20:33:51 | INFO | epoch=043 train_loss=0.045983 validation_loss=0.087721
2026-08-19 20:33:51 | INFO | epoch=043 saved new best.pt
2026-08-19 20:33:51 | INFO | epoch=044 train_batch=10/389 running_loss=0.041193
2026-08-19 20:33:52 | INFO | epoch=044 train_batch=20/389 running_loss=0.041726
2026-08-19 20:33:52 | INFO | epoch=044 train_batch=30/389 running_loss=0.043460
2026-08-19 20:33:52 | INFO | epoch=044 train_batch=40/389 running_loss=0.043098
2026-08-19 20:33:52 | INFO | epoch=044 train_batch=50/389 running_loss=0.043277
2026-08-19 20:33:53 | INFO | epoch=044 train_batch=60/389 running_loss=0.043736
2026-08-19 20:33:53 | INFO | epoch=044 train_batch=70/389 running_loss=0.044153
2026-08-19 20:33:53 | INFO | epoch=044 train_batch=80/389 running_loss=0.044312
2026-08-19 20:33:53 | INFO | epoch=044 train_batch=90/389 running_loss=0.044393
2026-08-19 20:33:54 | INFO | epoch=044 train_batch=100/389 running_loss=0.044621
2026-08-19 20:33:54 | INFO | epoch=044 train_batch=110/389 running_loss=0.044642
2026-08-19 20:33:54 | INFO | epoch=044 train_batch=120/389 running_loss=0.044595
2026-08-19 20:33:54 | INFO | epoch=044 train_batch=130/389 running_loss=0.044744
2026-08-19 20:33:55 | INFO | epoch=044 train_batch=140/389 running_loss=0.044694
2026-08-19 20:33:55 | INFO | epoch=044 train_batch=150/389 running_loss=0.044731
2026-08-19 20:33:55 | INFO | epoch=044 train_batch=160/389 running_loss=0.044941
2026-08-19 20:33:55 | INFO | epoch=044 train_batch=170/389 running_loss=0.045116
2026-08-19 20:33:55 | INFO | epoch=044 train_batch=180/389 running_loss=0.045314
2026-08-19 20:33:56 | INFO | epoch=044 train_batch=190/389 running_loss=0.045273
2026-08-19 20:33:56 | INFO | epoch=044 train_batch=200/389 running_loss=0.045190
2026-08-19 20:33:56 | INFO | epoch=044 train_batch=210/389 running_loss=0.045306
2026-08-19 20:33:56 | INFO | epoch=044 train_batch=220/389 running_loss=0.045285
2026-08-19 20:33:57 | INFO | epoch=044 train_batch=230/389 running_loss=0.045274
2026-08-19 20:33:57 | INFO | epoch=044 train_batch=240/389 running_loss=0.045386
2026-08-19 20:33:57 | INFO | epoch=044 train_batch=250/389 running_loss=0.045440
2026-08-19 20:33:57 | INFO | epoch=044 train_batch=260/389 running_loss=0.045462
2026-08-19 20:33:58 | INFO | epoch=044 train_batch=270/389 running_loss=0.045430
2026-08-19 20:33:58 | INFO | epoch=044 train_batch=280/389 running_loss=0.045492
2026-08-19 20:33:58 | INFO | epoch=044 train_batch=290/389 running_loss=0.045407
2026-08-19 20:33:58 | INFO | epoch=044 train_batch=300/389 running_loss=0.045462
2026-08-19 20:33:59 | INFO | epoch=044 train_batch=310/389 running_loss=0.045461
2026-08-19 20:33:59 | INFO | epoch=044 train_batch=320/389 running_loss=0.045484
2026-08-19 20:33:59 | INFO | epoch=044 train_batch=330/389 running_loss=0.045550
2026-08-19 20:33:59 | INFO | epoch=044 train_batch=340/389 running_loss=0.045615
2026-08-19 20:34:00 | INFO | epoch=044 train_batch=350/389 running_loss=0.045617
2026-08-19 20:34:00 | INFO | epoch=044 train_batch=360/389 running_loss=0.045640
2026-08-19 20:34:00 | INFO | epoch=044 train_batch=370/389 running_loss=0.045626
2026-08-19 20:34:00 | INFO | epoch=044 train_batch=380/389 running_loss=0.045592
2026-08-19 20:34:00 | INFO | epoch=044 train_batch=389/389 running_loss=0.045711
2026-08-19 20:34:01 | INFO | epoch=044 train_loss=0.045711 validation_loss=0.090314
2026-08-19 20:34:02 | INFO | epoch=045 train_batch=10/389 running_loss=0.046131
2026-08-19 20:34:02 | INFO | epoch=045 train_batch=20/389 running_loss=0.044568
2026-08-19 20:34:02 | INFO | epoch=045 train_batch=30/389 running_loss=0.045039
2026-08-19 20:34:02 | INFO | epoch=045 train_batch=40/389 running_loss=0.045563
2026-08-19 20:34:03 | INFO | epoch=045 train_batch=50/389 running_loss=0.045561
2026-08-19 20:34:03 | INFO | epoch=045 train_batch=60/389 running_loss=0.045713
2026-08-19 20:34:03 | INFO | epoch=045 train_batch=70/389 running_loss=0.045785
2026-08-19 20:34:03 | INFO | epoch=045 train_batch=80/389 running_loss=0.046000
2026-08-19 20:34:03 | INFO | epoch=045 train_batch=90/389 running_loss=0.045861
2026-08-19 20:34:04 | INFO | epoch=045 train_batch=100/389 running_loss=0.045927
2026-08-19 20:34:04 | INFO | epoch=045 train_batch=110/389 running_loss=0.046012
2026-08-19 20:34:04 | INFO | epoch=045 train_batch=120/389 running_loss=0.045978
2026-08-19 20:34:04 | INFO | epoch=045 train_batch=130/389 running_loss=0.046183
2026-08-19 20:34:05 | INFO | epoch=045 train_batch=140/389 running_loss=0.045970
2026-08-19 20:34:05 | INFO | epoch=045 train_batch=150/389 running_loss=0.045969
2026-08-19 20:34:05 | INFO | epoch=045 train_batch=160/389 running_loss=0.045846
2026-08-19 20:34:05 | INFO | epoch=045 train_batch=170/389 running_loss=0.045674
2026-08-19 20:34:06 | INFO | epoch=045 train_batch=180/389 running_loss=0.045690
2026-08-19 20:34:06 | INFO | epoch=045 train_batch=190/389 running_loss=0.045562
2026-08-19 20:34:06 | INFO | epoch=045 train_batch=200/389 running_loss=0.045704
2026-08-19 20:34:06 | INFO | epoch=045 train_batch=210/389 running_loss=0.045648
2026-08-19 20:34:07 | INFO | epoch=045 train_batch=220/389 running_loss=0.045715
2026-08-19 20:34:07 | INFO | epoch=045 train_batch=230/389 running_loss=0.045814
2026-08-19 20:34:07 | INFO | epoch=045 train_batch=240/389 running_loss=0.045790
2026-08-19 20:34:07 | INFO | epoch=045 train_batch=250/389 running_loss=0.045719
2026-08-19 20:34:08 | INFO | epoch=045 train_batch=260/389 running_loss=0.045757
2026-08-19 20:34:08 | INFO | epoch=045 train_batch=270/389 running_loss=0.045700
2026-08-19 20:34:08 | INFO | epoch=045 train_batch=280/389 running_loss=0.045578
2026-08-19 20:34:08 | INFO | epoch=045 train_batch=290/389 running_loss=0.045439
2026-08-19 20:34:09 | INFO | epoch=045 train_batch=300/389 running_loss=0.045661
2026-08-19 20:34:09 | INFO | epoch=045 train_batch=310/389 running_loss=0.045655
2026-08-19 20:34:09 | INFO | epoch=045 train_batch=320/389 running_loss=0.045784
2026-08-19 20:34:09 | INFO | epoch=045 train_batch=330/389 running_loss=0.045791
2026-08-19 20:34:10 | INFO | epoch=045 train_batch=340/389 running_loss=0.045770
2026-08-19 20:34:10 | INFO | epoch=045 train_batch=350/389 running_loss=0.045866
2026-08-19 20:34:10 | INFO | epoch=045 train_batch=360/389 running_loss=0.045801
2026-08-19 20:34:10 | INFO | epoch=045 train_batch=370/389 running_loss=0.045755
2026-08-19 20:34:11 | INFO | epoch=045 train_batch=380/389 running_loss=0.045651
2026-08-19 20:34:11 | INFO | epoch=045 train_batch=389/389 running_loss=0.045563
2026-08-19 20:34:12 | INFO | epoch=045 train_loss=0.045563 validation_loss=0.088746
2026-08-19 20:34:12 | INFO | epoch=046 train_batch=10/389 running_loss=0.043080
2026-08-19 20:34:12 | INFO | epoch=046 train_batch=20/389 running_loss=0.045022
2026-08-19 20:34:12 | INFO | epoch=046 train_batch=30/389 running_loss=0.044226
2026-08-19 20:34:13 | INFO | epoch=046 train_batch=40/389 running_loss=0.044300
2026-08-19 20:34:13 | INFO | epoch=046 train_batch=50/389 running_loss=0.043745
2026-08-19 20:34:13 | INFO | epoch=046 train_batch=60/389 running_loss=0.043475
2026-08-19 20:34:13 | INFO | epoch=046 train_batch=70/389 running_loss=0.043666
2026-08-19 20:34:13 | INFO | epoch=046 train_batch=80/389 running_loss=0.043925
2026-08-19 20:34:14 | INFO | epoch=046 train_batch=90/389 running_loss=0.043949
2026-08-19 20:34:14 | INFO | epoch=046 train_batch=100/389 running_loss=0.044223
2026-08-19 20:34:14 | INFO | epoch=046 train_batch=110/389 running_loss=0.044432
2026-08-19 20:34:14 | INFO | epoch=046 train_batch=120/389 running_loss=0.044534
2026-08-19 20:34:15 | INFO | epoch=046 train_batch=130/389 running_loss=0.044315
2026-08-19 20:34:15 | INFO | epoch=046 train_batch=140/389 running_loss=0.044207
2026-08-19 20:34:15 | INFO | epoch=046 train_batch=150/389 running_loss=0.044297
2026-08-19 20:34:15 | INFO | epoch=046 train_batch=160/389 running_loss=0.044369
2026-08-19 20:34:16 | INFO | epoch=046 train_batch=170/389 running_loss=0.044272
2026-08-19 20:34:16 | INFO | epoch=046 train_batch=180/389 running_loss=0.044201
2026-08-19 20:34:16 | INFO | epoch=046 train_batch=190/389 running_loss=0.044281
2026-08-19 20:34:16 | INFO | epoch=046 train_batch=200/389 running_loss=0.044220
2026-08-19 20:34:17 | INFO | epoch=046 train_batch=210/389 running_loss=0.044188
2026-08-19 20:34:17 | INFO | epoch=046 train_batch=220/389 running_loss=0.044243
2026-08-19 20:34:17 | INFO | epoch=046 train_batch=230/389 running_loss=0.044214
2026-08-19 20:34:17 | INFO | epoch=046 train_batch=240/389 running_loss=0.044406
2026-08-19 20:34:17 | INFO | epoch=046 train_batch=250/389 running_loss=0.044483
2026-08-19 20:34:18 | INFO | epoch=046 train_batch=260/389 running_loss=0.044559
2026-08-19 20:34:18 | INFO | epoch=046 train_batch=270/389 running_loss=0.044563
2026-08-19 20:34:18 | INFO | epoch=046 train_batch=280/389 running_loss=0.044776
2026-08-19 20:34:18 | INFO | epoch=046 train_batch=290/389 running_loss=0.044861
2026-08-19 20:34:19 | INFO | epoch=046 train_batch=300/389 running_loss=0.044915
2026-08-19 20:34:19 | INFO | epoch=046 train_batch=310/389 running_loss=0.044980
2026-08-19 20:34:19 | INFO | epoch=046 train_batch=320/389 running_loss=0.044975
2026-08-19 20:34:19 | INFO | epoch=046 train_batch=330/389 running_loss=0.045011
2026-08-19 20:34:20 | INFO | epoch=046 train_batch=340/389 running_loss=0.045043
2026-08-19 20:34:20 | INFO | epoch=046 train_batch=350/389 running_loss=0.045025
2026-08-19 20:34:20 | INFO | epoch=046 train_batch=360/389 running_loss=0.045056
2026-08-19 20:34:20 | INFO | epoch=046 train_batch=370/389 running_loss=0.045117
2026-08-19 20:34:21 | INFO | epoch=046 train_batch=380/389 running_loss=0.045152
2026-08-19 20:34:21 | INFO | epoch=046 train_batch=389/389 running_loss=0.045227
2026-08-19 20:34:22 | INFO | epoch=046 train_loss=0.045227 validation_loss=0.087725
2026-08-19 20:34:22 | INFO | epoch=047 train_batch=10/389 running_loss=0.041665
2026-08-19 20:34:22 | INFO | epoch=047 train_batch=20/389 running_loss=0.042228
2026-08-19 20:34:22 | INFO | epoch=047 train_batch=30/389 running_loss=0.043482
2026-08-19 20:34:23 | INFO | epoch=047 train_batch=40/389 running_loss=0.044084
2026-08-19 20:34:23 | INFO | epoch=047 train_batch=50/389 running_loss=0.043545
2026-08-19 20:34:23 | INFO | epoch=047 train_batch=60/389 running_loss=0.043738
2026-08-19 20:34:23 | INFO | epoch=047 train_batch=70/389 running_loss=0.043717
2026-08-19 20:34:23 | INFO | epoch=047 train_batch=80/389 running_loss=0.043656
2026-08-19 20:34:24 | INFO | epoch=047 train_batch=90/389 running_loss=0.043688
2026-08-19 20:34:24 | INFO | epoch=047 train_batch=100/389 running_loss=0.043875
2026-08-19 20:34:24 | INFO | epoch=047 train_batch=110/389 running_loss=0.044023
2026-08-19 20:34:24 | INFO | epoch=047 train_batch=120/389 running_loss=0.044224
2026-08-19 20:34:25 | INFO | epoch=047 train_batch=130/389 running_loss=0.044178
2026-08-19 20:34:25 | INFO | epoch=047 train_batch=140/389 running_loss=0.044282
2026-08-19 20:34:25 | INFO | epoch=047 train_batch=150/389 running_loss=0.044293
2026-08-19 20:34:25 | INFO | epoch=047 train_batch=160/389 running_loss=0.044388
2026-08-19 20:34:25 | INFO | epoch=047 train_batch=170/389 running_loss=0.044326
2026-08-19 20:34:26 | INFO | epoch=047 train_batch=180/389 running_loss=0.044330
2026-08-19 20:34:26 | INFO | epoch=047 train_batch=190/389 running_loss=0.044109
2026-08-19 20:34:26 | INFO | epoch=047 train_batch=200/389 running_loss=0.044198
2026-08-19 20:34:26 | INFO | epoch=047 train_batch=210/389 running_loss=0.044353
2026-08-19 20:34:27 | INFO | epoch=047 train_batch=220/389 running_loss=0.044390
2026-08-19 20:34:27 | INFO | epoch=047 train_batch=230/389 running_loss=0.044455
2026-08-19 20:34:27 | INFO | epoch=047 train_batch=240/389 running_loss=0.044485
2026-08-19 20:34:27 | INFO | epoch=047 train_batch=250/389 running_loss=0.044657
2026-08-19 20:34:27 | INFO | epoch=047 train_batch=260/389 running_loss=0.044702
2026-08-19 20:34:28 | INFO | epoch=047 train_batch=270/389 running_loss=0.044829
2026-08-19 20:34:28 | INFO | epoch=047 train_batch=280/389 running_loss=0.044803
2026-08-19 20:34:28 | INFO | epoch=047 train_batch=290/389 running_loss=0.044847
2026-08-19 20:34:28 | INFO | epoch=047 train_batch=300/389 running_loss=0.044962
2026-08-19 20:34:29 | INFO | epoch=047 train_batch=310/389 running_loss=0.044951
2026-08-19 20:34:29 | INFO | epoch=047 train_batch=320/389 running_loss=0.045040
2026-08-19 20:34:29 | INFO | epoch=047 train_batch=330/389 running_loss=0.044947
2026-08-19 20:34:29 | INFO | epoch=047 train_batch=340/389 running_loss=0.045007
2026-08-19 20:34:30 | INFO | epoch=047 train_batch=350/389 running_loss=0.045005
2026-08-19 20:34:30 | INFO | epoch=047 train_batch=360/389 running_loss=0.045029
2026-08-19 20:34:30 | INFO | epoch=047 train_batch=370/389 running_loss=0.045074
2026-08-19 20:34:30 | INFO | epoch=047 train_batch=380/389 running_loss=0.045060
2026-08-19 20:34:30 | INFO | epoch=047 train_batch=389/389 running_loss=0.044951
2026-08-19 20:34:31 | INFO | epoch=047 train_loss=0.044951 validation_loss=0.089142
2026-08-19 20:34:31 | INFO | epoch=048 train_batch=10/389 running_loss=0.045258
2026-08-19 20:34:32 | INFO | epoch=048 train_batch=20/389 running_loss=0.044926
2026-08-19 20:34:32 | INFO | epoch=048 train_batch=30/389 running_loss=0.045322
2026-08-19 20:34:32 | INFO | epoch=048 train_batch=40/389 running_loss=0.045382
2026-08-19 20:34:32 | INFO | epoch=048 train_batch=50/389 running_loss=0.044973
2026-08-19 20:34:33 | INFO | epoch=048 train_batch=60/389 running_loss=0.044895
2026-08-19 20:34:33 | INFO | epoch=048 train_batch=70/389 running_loss=0.045090
2026-08-19 20:34:33 | INFO | epoch=048 train_batch=80/389 running_loss=0.044764
2026-08-19 20:34:33 | INFO | epoch=048 train_batch=90/389 running_loss=0.044419
2026-08-19 20:34:34 | INFO | epoch=048 train_batch=100/389 running_loss=0.044450
2026-08-19 20:34:34 | INFO | epoch=048 train_batch=110/389 running_loss=0.044295
2026-08-19 20:34:34 | INFO | epoch=048 train_batch=120/389 running_loss=0.044177
2026-08-19 20:34:34 | INFO | epoch=048 train_batch=130/389 running_loss=0.044292
2026-08-19 20:34:34 | INFO | epoch=048 train_batch=140/389 running_loss=0.044283
2026-08-19 20:34:35 | INFO | epoch=048 train_batch=150/389 running_loss=0.044350
2026-08-19 20:34:35 | INFO | epoch=048 train_batch=160/389 running_loss=0.044470
2026-08-19 20:34:35 | INFO | epoch=048 train_batch=170/389 running_loss=0.044686
2026-08-19 20:34:35 | INFO | epoch=048 train_batch=180/389 running_loss=0.044724
2026-08-19 20:34:36 | INFO | epoch=048 train_batch=190/389 running_loss=0.044665
2026-08-19 20:34:36 | INFO | epoch=048 train_batch=200/389 running_loss=0.044654
2026-08-19 20:34:36 | INFO | epoch=048 train_batch=210/389 running_loss=0.044647
2026-08-19 20:34:36 | INFO | epoch=048 train_batch=220/389 running_loss=0.044652
2026-08-19 20:34:37 | INFO | epoch=048 train_batch=230/389 running_loss=0.044449
2026-08-19 20:34:37 | INFO | epoch=048 train_batch=240/389 running_loss=0.044359
2026-08-19 20:34:37 | INFO | epoch=048 train_batch=250/389 running_loss=0.044360
2026-08-19 20:34:37 | INFO | epoch=048 train_batch=260/389 running_loss=0.044551
2026-08-19 20:34:38 | INFO | epoch=048 train_batch=270/389 running_loss=0.044490
2026-08-19 20:34:38 | INFO | epoch=048 train_batch=280/389 running_loss=0.044412
2026-08-19 20:34:38 | INFO | epoch=048 train_batch=290/389 running_loss=0.044453
2026-08-19 20:34:38 | INFO | epoch=048 train_batch=300/389 running_loss=0.044536
2026-08-19 20:34:39 | INFO | epoch=048 train_batch=310/389 running_loss=0.044583
2026-08-19 20:34:39 | INFO | epoch=048 train_batch=320/389 running_loss=0.044494
2026-08-19 20:34:39 | INFO | epoch=048 train_batch=330/389 running_loss=0.044506
2026-08-19 20:34:39 | INFO | epoch=048 train_batch=340/389 running_loss=0.044469
2026-08-19 20:34:40 | INFO | epoch=048 train_batch=350/389 running_loss=0.044553
2026-08-19 20:34:40 | INFO | epoch=048 train_batch=360/389 running_loss=0.044549
2026-08-19 20:34:40 | INFO | epoch=048 train_batch=370/389 running_loss=0.044528
2026-08-19 20:34:40 | INFO | epoch=048 train_batch=380/389 running_loss=0.044618
2026-08-19 20:34:40 | INFO | epoch=048 train_batch=389/389 running_loss=0.044667
2026-08-19 20:34:41 | INFO | epoch=048 train_loss=0.044667 validation_loss=0.089391
2026-08-19 20:34:41 | INFO | epoch=049 train_batch=10/389 running_loss=0.044959
2026-08-19 20:34:42 | INFO | epoch=049 train_batch=20/389 running_loss=0.044093
2026-08-19 20:34:42 | INFO | epoch=049 train_batch=30/389 running_loss=0.045294
2026-08-19 20:34:42 | INFO | epoch=049 train_batch=40/389 running_loss=0.044838
2026-08-19 20:34:42 | INFO | epoch=049 train_batch=50/389 running_loss=0.045333
2026-08-19 20:34:43 | INFO | epoch=049 train_batch=60/389 running_loss=0.045375
2026-08-19 20:34:43 | INFO | epoch=049 train_batch=70/389 running_loss=0.045164
2026-08-19 20:34:43 | INFO | epoch=049 train_batch=80/389 running_loss=0.045113
2026-08-19 20:34:43 | INFO | epoch=049 train_batch=90/389 running_loss=0.045168
2026-08-19 20:34:44 | INFO | epoch=049 train_batch=100/389 running_loss=0.045083
2026-08-19 20:34:44 | INFO | epoch=049 train_batch=110/389 running_loss=0.044964
2026-08-19 20:34:44 | INFO | epoch=049 train_batch=120/389 running_loss=0.044452
2026-08-19 20:34:44 | INFO | epoch=049 train_batch=130/389 running_loss=0.044276
2026-08-19 20:34:45 | INFO | epoch=049 train_batch=140/389 running_loss=0.044303
2026-08-19 20:34:45 | INFO | epoch=049 train_batch=150/389 running_loss=0.044452
2026-08-19 20:34:45 | INFO | epoch=049 train_batch=160/389 running_loss=0.044264
2026-08-19 20:34:45 | INFO | epoch=049 train_batch=170/389 running_loss=0.044367
2026-08-19 20:34:46 | INFO | epoch=049 train_batch=180/389 running_loss=0.044289
2026-08-19 20:34:46 | INFO | epoch=049 train_batch=190/389 running_loss=0.044132
2026-08-19 20:34:46 | INFO | epoch=049 train_batch=200/389 running_loss=0.044255
2026-08-19 20:34:46 | INFO | epoch=049 train_batch=210/389 running_loss=0.044199
2026-08-19 20:34:47 | INFO | epoch=049 train_batch=220/389 running_loss=0.044274
2026-08-19 20:34:47 | INFO | epoch=049 train_batch=230/389 running_loss=0.044270
2026-08-19 20:34:47 | INFO | epoch=049 train_batch=240/389 running_loss=0.044325
2026-08-19 20:34:47 | INFO | epoch=049 train_batch=250/389 running_loss=0.044377
2026-08-19 20:34:47 | INFO | epoch=049 train_batch=260/389 running_loss=0.044546
2026-08-19 20:34:48 | INFO | epoch=049 train_batch=270/389 running_loss=0.044597
2026-08-19 20:34:48 | INFO | epoch=049 train_batch=280/389 running_loss=0.044615
2026-08-19 20:34:48 | INFO | epoch=049 train_batch=290/389 running_loss=0.044506
2026-08-19 20:34:48 | INFO | epoch=049 train_batch=300/389 running_loss=0.044497
2026-08-19 20:34:49 | INFO | epoch=049 train_batch=310/389 running_loss=0.044455
2026-08-19 20:34:49 | INFO | epoch=049 train_batch=320/389 running_loss=0.044349
2026-08-19 20:34:49 | INFO | epoch=049 train_batch=330/389 running_loss=0.044297
2026-08-19 20:34:49 | INFO | epoch=049 train_batch=340/389 running_loss=0.044431
2026-08-19 20:34:50 | INFO | epoch=049 train_batch=350/389 running_loss=0.044438
2026-08-19 20:34:50 | INFO | epoch=049 train_batch=360/389 running_loss=0.044546
2026-08-19 20:34:50 | INFO | epoch=049 train_batch=370/389 running_loss=0.044550
2026-08-19 20:34:50 | INFO | epoch=049 train_batch=380/389 running_loss=0.044501
2026-08-19 20:34:51 | INFO | epoch=049 train_batch=389/389 running_loss=0.044507
2026-08-19 20:34:51 | INFO | epoch=049 train_loss=0.044507 validation_loss=0.086875
2026-08-19 20:34:51 | INFO | epoch=049 saved new best.pt
2026-08-19 20:34:52 | INFO | epoch=050 train_batch=10/389 running_loss=0.042700
2026-08-19 20:34:52 | INFO | epoch=050 train_batch=20/389 running_loss=0.042015
2026-08-19 20:34:52 | INFO | epoch=050 train_batch=30/389 running_loss=0.041376
2026-08-19 20:34:52 | INFO | epoch=050 train_batch=40/389 running_loss=0.042040
2026-08-19 20:34:53 | INFO | epoch=050 train_batch=50/389 running_loss=0.042719
2026-08-19 20:34:53 | INFO | epoch=050 train_batch=60/389 running_loss=0.042927
2026-08-19 20:34:53 | INFO | epoch=050 train_batch=70/389 running_loss=0.042961
2026-08-19 20:34:53 | INFO | epoch=050 train_batch=80/389 running_loss=0.042715
2026-08-19 20:34:54 | INFO | epoch=050 train_batch=90/389 running_loss=0.043067
2026-08-19 20:34:54 | INFO | epoch=050 train_batch=100/389 running_loss=0.043131
2026-08-19 20:34:54 | INFO | epoch=050 train_batch=110/389 running_loss=0.043531
2026-08-19 20:34:54 | INFO | epoch=050 train_batch=120/389 running_loss=0.043880
2026-08-19 20:34:55 | INFO | epoch=050 train_batch=130/389 running_loss=0.043917
2026-08-19 20:34:55 | INFO | epoch=050 train_batch=140/389 running_loss=0.043950
2026-08-19 20:34:55 | INFO | epoch=050 train_batch=150/389 running_loss=0.043934
2026-08-19 20:34:55 | INFO | epoch=050 train_batch=160/389 running_loss=0.043934
2026-08-19 20:34:55 | INFO | epoch=050 train_batch=170/389 running_loss=0.044057
2026-08-19 20:34:56 | INFO | epoch=050 train_batch=180/389 running_loss=0.044106
2026-08-19 20:34:56 | INFO | epoch=050 train_batch=190/389 running_loss=0.044294
2026-08-19 20:34:56 | INFO | epoch=050 train_batch=200/389 running_loss=0.044326
2026-08-19 20:34:56 | INFO | epoch=050 train_batch=210/389 running_loss=0.044507
2026-08-19 20:34:57 | INFO | epoch=050 train_batch=220/389 running_loss=0.044534
2026-08-19 20:34:57 | INFO | epoch=050 train_batch=230/389 running_loss=0.044515
2026-08-19 20:34:57 | INFO | epoch=050 train_batch=240/389 running_loss=0.044450
2026-08-19 20:34:57 | INFO | epoch=050 train_batch=250/389 running_loss=0.044456
2026-08-19 20:34:58 | INFO | epoch=050 train_batch=260/389 running_loss=0.044365
2026-08-19 20:34:58 | INFO | epoch=050 train_batch=270/389 running_loss=0.044391
2026-08-19 20:34:58 | INFO | epoch=050 train_batch=280/389 running_loss=0.044348
2026-08-19 20:34:58 | INFO | epoch=050 train_batch=290/389 running_loss=0.044420
2026-08-19 20:34:59 | INFO | epoch=050 train_batch=300/389 running_loss=0.044410
2026-08-19 20:34:59 | INFO | epoch=050 train_batch=310/389 running_loss=0.044395
2026-08-19 20:34:59 | INFO | epoch=050 train_batch=320/389 running_loss=0.044393
2026-08-19 20:34:59 | INFO | epoch=050 train_batch=330/389 running_loss=0.044455
2026-08-19 20:35:00 | INFO | epoch=050 train_batch=340/389 running_loss=0.044417
2026-08-19 20:35:00 | INFO | epoch=050 train_batch=350/389 running_loss=0.044393
2026-08-19 20:35:00 | INFO | epoch=050 train_batch=360/389 running_loss=0.044379
2026-08-19 20:35:00 | INFO | epoch=050 train_batch=370/389 running_loss=0.044413
2026-08-19 20:35:01 | INFO | epoch=050 train_batch=380/389 running_loss=0.044352
2026-08-19 20:35:01 | INFO | epoch=050 train_batch=389/389 running_loss=0.044304
2026-08-19 20:35:02 | INFO | epoch=050 train_loss=0.044304 validation_loss=0.089856
2026-08-19 20:35:02 | INFO | epoch=051 train_batch=10/389 running_loss=0.043049
2026-08-19 20:35:02 | INFO | epoch=051 train_batch=20/389 running_loss=0.044680
2026-08-19 20:35:02 | INFO | epoch=051 train_batch=30/389 running_loss=0.043767
2026-08-19 20:35:03 | INFO | epoch=051 train_batch=40/389 running_loss=0.043315
2026-08-19 20:35:03 | INFO | epoch=051 train_batch=50/389 running_loss=0.043155
2026-08-19 20:35:03 | INFO | epoch=051 train_batch=60/389 running_loss=0.043348
2026-08-19 20:35:03 | INFO | epoch=051 train_batch=70/389 running_loss=0.043312
2026-08-19 20:35:04 | INFO | epoch=051 train_batch=80/389 running_loss=0.043509
2026-08-19 20:35:04 | INFO | epoch=051 train_batch=90/389 running_loss=0.043343
2026-08-19 20:35:04 | INFO | epoch=051 train_batch=100/389 running_loss=0.043470
2026-08-19 20:35:04 | INFO | epoch=051 train_batch=110/389 running_loss=0.043378
2026-08-19 20:35:05 | INFO | epoch=051 train_batch=120/389 running_loss=0.043132
2026-08-19 20:35:05 | INFO | epoch=051 train_batch=130/389 running_loss=0.043599
2026-08-19 20:35:05 | INFO | epoch=051 train_batch=140/389 running_loss=0.043619
2026-08-19 20:35:05 | INFO | epoch=051 train_batch=150/389 running_loss=0.043591
2026-08-19 20:35:05 | INFO | epoch=051 train_batch=160/389 running_loss=0.043571
2026-08-19 20:35:06 | INFO | epoch=051 train_batch=170/389 running_loss=0.043585
2026-08-19 20:35:06 | INFO | epoch=051 train_batch=180/389 running_loss=0.043537
2026-08-19 20:35:06 | INFO | epoch=051 train_batch=190/389 running_loss=0.043546
2026-08-19 20:35:06 | INFO | epoch=051 train_batch=200/389 running_loss=0.043520
2026-08-19 20:35:07 | INFO | epoch=051 train_batch=210/389 running_loss=0.043559
2026-08-19 20:35:07 | INFO | epoch=051 train_batch=220/389 running_loss=0.043588
2026-08-19 20:35:07 | INFO | epoch=051 train_batch=230/389 running_loss=0.043702
2026-08-19 20:35:07 | INFO | epoch=051 train_batch=240/389 running_loss=0.043763
2026-08-19 20:35:08 | INFO | epoch=051 train_batch=250/389 running_loss=0.043805
2026-08-19 20:35:08 | INFO | epoch=051 train_batch=260/389 running_loss=0.043708
2026-08-19 20:35:08 | INFO | epoch=051 train_batch=270/389 running_loss=0.043720
2026-08-19 20:35:08 | INFO | epoch=051 train_batch=280/389 running_loss=0.043726
2026-08-19 20:35:09 | INFO | epoch=051 train_batch=290/389 running_loss=0.043831
2026-08-19 20:35:09 | INFO | epoch=051 train_batch=300/389 running_loss=0.043857
2026-08-19 20:35:09 | INFO | epoch=051 train_batch=310/389 running_loss=0.043827
2026-08-19 20:35:09 | INFO | epoch=051 train_batch=320/389 running_loss=0.043866
2026-08-19 20:35:10 | INFO | epoch=051 train_batch=330/389 running_loss=0.043924
2026-08-19 20:35:10 | INFO | epoch=051 train_batch=340/389 running_loss=0.043945
2026-08-19 20:35:10 | INFO | epoch=051 train_batch=350/389 running_loss=0.043891
2026-08-19 20:35:10 | INFO | epoch=051 train_batch=360/389 running_loss=0.043987
2026-08-19 20:35:11 | INFO | epoch=051 train_batch=370/389 running_loss=0.044051
2026-08-19 20:35:11 | INFO | epoch=051 train_batch=380/389 running_loss=0.044098
2026-08-19 20:35:11 | INFO | epoch=051 train_batch=389/389 running_loss=0.044122
2026-08-19 20:35:12 | INFO | epoch=051 train_loss=0.044122 validation_loss=0.086988
2026-08-19 20:35:12 | INFO | epoch=052 train_batch=10/389 running_loss=0.043783
2026-08-19 20:35:12 | INFO | epoch=052 train_batch=20/389 running_loss=0.043997
2026-08-19 20:35:13 | INFO | epoch=052 train_batch=30/389 running_loss=0.044029
2026-08-19 20:35:13 | INFO | epoch=052 train_batch=40/389 running_loss=0.044031
2026-08-19 20:35:13 | INFO | epoch=052 train_batch=50/389 running_loss=0.044253
2026-08-19 20:35:13 | INFO | epoch=052 train_batch=60/389 running_loss=0.044331
2026-08-19 20:35:14 | INFO | epoch=052 train_batch=70/389 running_loss=0.044135
2026-08-19 20:35:14 | INFO | epoch=052 train_batch=80/389 running_loss=0.044064
2026-08-19 20:35:14 | INFO | epoch=052 train_batch=90/389 running_loss=0.044123
2026-08-19 20:35:14 | INFO | epoch=052 train_batch=100/389 running_loss=0.043742
2026-08-19 20:35:14 | INFO | epoch=052 train_batch=110/389 running_loss=0.043850
2026-08-19 20:35:15 | INFO | epoch=052 train_batch=120/389 running_loss=0.043782
2026-08-19 20:35:15 | INFO | epoch=052 train_batch=130/389 running_loss=0.043821
2026-08-19 20:35:15 | INFO | epoch=052 train_batch=140/389 running_loss=0.043889
2026-08-19 20:35:15 | INFO | epoch=052 train_batch=150/389 running_loss=0.043827
2026-08-19 20:35:16 | INFO | epoch=052 train_batch=160/389 running_loss=0.043878
2026-08-19 20:35:16 | INFO | epoch=052 train_batch=170/389 running_loss=0.043909
2026-08-19 20:35:16 | INFO | epoch=052 train_batch=180/389 running_loss=0.043789
2026-08-19 20:35:16 | INFO | epoch=052 train_batch=190/389 running_loss=0.043792
2026-08-19 20:35:17 | INFO | epoch=052 train_batch=200/389 running_loss=0.043867
2026-08-19 20:35:17 | INFO | epoch=052 train_batch=210/389 running_loss=0.043906
2026-08-19 20:35:17 | INFO | epoch=052 train_batch=220/389 running_loss=0.043885
2026-08-19 20:35:17 | INFO | epoch=052 train_batch=230/389 running_loss=0.043807
2026-08-19 20:35:18 | INFO | epoch=052 train_batch=240/389 running_loss=0.043877
2026-08-19 20:35:18 | INFO | epoch=052 train_batch=250/389 running_loss=0.043746
2026-08-19 20:35:18 | INFO | epoch=052 train_batch=260/389 running_loss=0.043798
2026-08-19 20:35:18 | INFO | epoch=052 train_batch=270/389 running_loss=0.043986
2026-08-19 20:35:19 | INFO | epoch=052 train_batch=280/389 running_loss=0.044011
2026-08-19 20:35:19 | INFO | epoch=052 train_batch=290/389 running_loss=0.043990
2026-08-19 20:35:19 | INFO | epoch=052 train_batch=300/389 running_loss=0.044042
2026-08-19 20:35:19 | INFO | epoch=052 train_batch=310/389 running_loss=0.044076
2026-08-19 20:35:20 | INFO | epoch=052 train_batch=320/389 running_loss=0.044159
2026-08-19 20:35:20 | INFO | epoch=052 train_batch=330/389 running_loss=0.044093
2026-08-19 20:35:20 | INFO | epoch=052 train_batch=340/389 running_loss=0.044203
2026-08-19 20:35:20 | INFO | epoch=052 train_batch=350/389 running_loss=0.044239
2026-08-19 20:35:21 | INFO | epoch=052 train_batch=360/389 running_loss=0.044266
2026-08-19 20:35:21 | INFO | epoch=052 train_batch=370/389 running_loss=0.044337
2026-08-19 20:35:21 | INFO | epoch=052 train_batch=380/389 running_loss=0.044379
2026-08-19 20:35:21 | INFO | epoch=052 train_batch=389/389 running_loss=0.044395
2026-08-19 20:35:22 | INFO | epoch=052 train_loss=0.044395 validation_loss=0.087945
2026-08-19 20:35:22 | INFO | epoch=053 train_batch=10/389 running_loss=0.045063
2026-08-19 20:35:23 | INFO | epoch=053 train_batch=20/389 running_loss=0.043326
2026-08-19 20:35:23 | INFO | epoch=053 train_batch=30/389 running_loss=0.044058
2026-08-19 20:35:23 | INFO | epoch=053 train_batch=40/389 running_loss=0.044550
2026-08-19 20:35:23 | INFO | epoch=053 train_batch=50/389 running_loss=0.044040
2026-08-19 20:35:24 | INFO | epoch=053 train_batch=60/389 running_loss=0.043914
2026-08-19 20:35:24 | INFO | epoch=053 train_batch=70/389 running_loss=0.043704
2026-08-19 20:35:24 | INFO | epoch=053 train_batch=80/389 running_loss=0.043337
2026-08-19 20:35:24 | INFO | epoch=053 train_batch=90/389 running_loss=0.043102
2026-08-19 20:35:25 | INFO | epoch=053 train_batch=100/389 running_loss=0.043120
2026-08-19 20:35:25 | INFO | epoch=053 train_batch=110/389 running_loss=0.043135
2026-08-19 20:35:25 | INFO | epoch=053 train_batch=120/389 running_loss=0.043194
2026-08-19 20:35:25 | INFO | epoch=053 train_batch=130/389 running_loss=0.043230
2026-08-19 20:35:26 | INFO | epoch=053 train_batch=140/389 running_loss=0.043226
2026-08-19 20:35:26 | INFO | epoch=053 train_batch=150/389 running_loss=0.043099
2026-08-19 20:35:26 | INFO | epoch=053 train_batch=160/389 running_loss=0.043124
2026-08-19 20:35:26 | INFO | epoch=053 train_batch=170/389 running_loss=0.043287
2026-08-19 20:35:27 | INFO | epoch=053 train_batch=180/389 running_loss=0.043316
2026-08-19 20:35:27 | INFO | epoch=053 train_batch=190/389 running_loss=0.043383
2026-08-19 20:35:27 | INFO | epoch=053 train_batch=200/389 running_loss=0.043454
2026-08-19 20:35:27 | INFO | epoch=053 train_batch=210/389 running_loss=0.043394
2026-08-19 20:35:28 | INFO | epoch=053 train_batch=220/389 running_loss=0.043514
2026-08-19 20:35:28 | INFO | epoch=053 train_batch=230/389 running_loss=0.043450
2026-08-19 20:35:28 | INFO | epoch=053 train_batch=240/389 running_loss=0.043534
2026-08-19 20:35:28 | INFO | epoch=053 train_batch=250/389 running_loss=0.043525
2026-08-19 20:35:29 | INFO | epoch=053 train_batch=260/389 running_loss=0.043680
2026-08-19 20:35:29 | INFO | epoch=053 train_batch=270/389 running_loss=0.043654
2026-08-19 20:35:29 | INFO | epoch=053 train_batch=280/389 running_loss=0.043685
2026-08-19 20:35:29 | INFO | epoch=053 train_batch=290/389 running_loss=0.043687
2026-08-19 20:35:30 | INFO | epoch=053 train_batch=300/389 running_loss=0.043716
2026-08-19 20:35:30 | INFO | epoch=053 train_batch=310/389 running_loss=0.043792
2026-08-19 20:35:30 | INFO | epoch=053 train_batch=320/389 running_loss=0.043781
2026-08-19 20:35:30 | INFO | epoch=053 train_batch=330/389 running_loss=0.043914
2026-08-19 20:35:30 | INFO | epoch=053 train_batch=340/389 running_loss=0.043950
2026-08-19 20:35:31 | INFO | epoch=053 train_batch=350/389 running_loss=0.043978
2026-08-19 20:35:31 | INFO | epoch=053 train_batch=360/389 running_loss=0.044041
2026-08-19 20:35:31 | INFO | epoch=053 train_batch=370/389 running_loss=0.043961
2026-08-19 20:35:32 | INFO | epoch=053 train_batch=380/389 running_loss=0.043992
2026-08-19 20:35:32 | INFO | epoch=053 train_batch=389/389 running_loss=0.043920
2026-08-19 20:35:32 | INFO | epoch=053 train_loss=0.043920 validation_loss=0.086303
2026-08-19 20:35:33 | INFO | epoch=053 saved new best.pt
2026-08-19 20:35:33 | INFO | epoch=054 train_batch=10/389 running_loss=0.043209
2026-08-19 20:35:33 | INFO | epoch=054 train_batch=20/389 running_loss=0.042208
2026-08-19 20:35:33 | INFO | epoch=054 train_batch=30/389 running_loss=0.042729
2026-08-19 20:35:34 | INFO | epoch=054 train_batch=40/389 running_loss=0.043376
2026-08-19 20:35:34 | INFO | epoch=054 train_batch=50/389 running_loss=0.043378
2026-08-19 20:35:34 | INFO | epoch=054 train_batch=60/389 running_loss=0.043220
2026-08-19 20:35:34 | INFO | epoch=054 train_batch=70/389 running_loss=0.043260
2026-08-19 20:35:35 | INFO | epoch=054 train_batch=80/389 running_loss=0.043327
2026-08-19 20:35:35 | INFO | epoch=054 train_batch=90/389 running_loss=0.043365
2026-08-19 20:35:35 | INFO | epoch=054 train_batch=100/389 running_loss=0.043351
2026-08-19 20:35:35 | INFO | epoch=054 train_batch=110/389 running_loss=0.043449
2026-08-19 20:35:36 | INFO | epoch=054 train_batch=120/389 running_loss=0.043154
2026-08-19 20:35:36 | INFO | epoch=054 train_batch=130/389 running_loss=0.043344
2026-08-19 20:35:36 | INFO | epoch=054 train_batch=140/389 running_loss=0.043433
2026-08-19 20:35:36 | INFO | epoch=054 train_batch=150/389 running_loss=0.043135
2026-08-19 20:35:37 | INFO | epoch=054 train_batch=160/389 running_loss=0.043174
2026-08-19 20:35:37 | INFO | epoch=054 train_batch=170/389 running_loss=0.043207
2026-08-19 20:35:37 | INFO | epoch=054 train_batch=180/389 running_loss=0.043264
2026-08-19 20:35:37 | INFO | epoch=054 train_batch=190/389 running_loss=0.043368
2026-08-19 20:35:38 | INFO | epoch=054 train_batch=200/389 running_loss=0.043392
2026-08-19 20:35:38 | INFO | epoch=054 train_batch=210/389 running_loss=0.043501
2026-08-19 20:35:38 | INFO | epoch=054 train_batch=220/389 running_loss=0.043614
2026-08-19 20:35:38 | INFO | epoch=054 train_batch=230/389 running_loss=0.043660
2026-08-19 20:35:39 | INFO | epoch=054 train_batch=240/389 running_loss=0.043793
2026-08-19 20:35:39 | INFO | epoch=054 train_batch=250/389 running_loss=0.043748
2026-08-19 20:35:39 | INFO | epoch=054 train_batch=260/389 running_loss=0.043744
2026-08-19 20:35:39 | INFO | epoch=054 train_batch=270/389 running_loss=0.043973
2026-08-19 20:35:40 | INFO | epoch=054 train_batch=280/389 running_loss=0.044006
2026-08-19 20:35:40 | INFO | epoch=054 train_batch=290/389 running_loss=0.043924
2026-08-19 20:35:40 | INFO | epoch=054 train_batch=300/389 running_loss=0.043825
2026-08-19 20:35:40 | INFO | epoch=054 train_batch=310/389 running_loss=0.043774
2026-08-19 20:35:41 | INFO | epoch=054 train_batch=320/389 running_loss=0.043721
2026-08-19 20:35:41 | INFO | epoch=054 train_batch=330/389 running_loss=0.043681
2026-08-19 20:35:41 | INFO | epoch=054 train_batch=340/389 running_loss=0.043683
2026-08-19 20:35:41 | INFO | epoch=054 train_batch=350/389 running_loss=0.043652
2026-08-19 20:35:42 | INFO | epoch=054 train_batch=360/389 running_loss=0.043666
2026-08-19 20:35:42 | INFO | epoch=054 train_batch=370/389 running_loss=0.043603
2026-08-19 20:35:42 | INFO | epoch=054 train_batch=380/389 running_loss=0.043579
2026-08-19 20:35:42 | INFO | epoch=054 train_batch=389/389 running_loss=0.043637
2026-08-19 20:35:43 | INFO | epoch=054 train_loss=0.043637 validation_loss=0.085357
2026-08-19 20:35:43 | INFO | epoch=054 saved new best.pt
2026-08-19 20:35:43 | INFO | epoch=055 train_batch=10/389 running_loss=0.044043
2026-08-19 20:35:44 | INFO | epoch=055 train_batch=20/389 running_loss=0.043472
2026-08-19 20:35:44 | INFO | epoch=055 train_batch=30/389 running_loss=0.044565
2026-08-19 20:35:44 | INFO | epoch=055 train_batch=40/389 running_loss=0.044805
2026-08-19 20:35:44 | INFO | epoch=055 train_batch=50/389 running_loss=0.044707
2026-08-19 20:35:45 | INFO | epoch=055 train_batch=60/389 running_loss=0.043751
2026-08-19 20:35:45 | INFO | epoch=055 train_batch=70/389 running_loss=0.043656
2026-08-19 20:35:45 | INFO | epoch=055 train_batch=80/389 running_loss=0.043794
2026-08-19 20:35:45 | INFO | epoch=055 train_batch=90/389 running_loss=0.043723
2026-08-19 20:35:46 | INFO | epoch=055 train_batch=100/389 running_loss=0.043599
2026-08-19 20:35:46 | INFO | epoch=055 train_batch=110/389 running_loss=0.043472
2026-08-19 20:35:46 | INFO | epoch=055 train_batch=120/389 running_loss=0.043732
2026-08-19 20:35:46 | INFO | epoch=055 train_batch=130/389 running_loss=0.043781
2026-08-19 20:35:47 | INFO | epoch=055 train_batch=140/389 running_loss=0.043684
2026-08-19 20:35:47 | INFO | epoch=055 train_batch=150/389 running_loss=0.043628
2026-08-19 20:35:47 | INFO | epoch=055 train_batch=160/389 running_loss=0.043747
2026-08-19 20:35:47 | INFO | epoch=055 train_batch=170/389 running_loss=0.043657
2026-08-19 20:35:48 | INFO | epoch=055 train_batch=180/389 running_loss=0.043471
2026-08-19 20:35:48 | INFO | epoch=055 train_batch=190/389 running_loss=0.043424
2026-08-19 20:35:48 | INFO | epoch=055 train_batch=200/389 running_loss=0.043472
2026-08-19 20:35:48 | INFO | epoch=055 train_batch=210/389 running_loss=0.043324
2026-08-19 20:35:49 | INFO | epoch=055 train_batch=220/389 running_loss=0.043318
2026-08-19 20:35:49 | INFO | epoch=055 train_batch=230/389 running_loss=0.043299
2026-08-19 20:35:49 | INFO | epoch=055 train_batch=240/389 running_loss=0.043202
2026-08-19 20:35:49 | INFO | epoch=055 train_batch=250/389 running_loss=0.043385
2026-08-19 20:35:50 | INFO | epoch=055 train_batch=260/389 running_loss=0.043386
2026-08-19 20:35:50 | INFO | epoch=055 train_batch=270/389 running_loss=0.043343
2026-08-19 20:35:50 | INFO | epoch=055 train_batch=280/389 running_loss=0.043381
2026-08-19 20:35:50 | INFO | epoch=055 train_batch=290/389 running_loss=0.043320
2026-08-19 20:35:51 | INFO | epoch=055 train_batch=300/389 running_loss=0.043332
2026-08-19 20:35:51 | INFO | epoch=055 train_batch=310/389 running_loss=0.043331
2026-08-19 20:35:51 | INFO | epoch=055 train_batch=320/389 running_loss=0.043435
2026-08-19 20:35:51 | INFO | epoch=055 train_batch=330/389 running_loss=0.043514
2026-08-19 20:35:52 | INFO | epoch=055 train_batch=340/389 running_loss=0.043448
2026-08-19 20:35:52 | INFO | epoch=055 train_batch=350/389 running_loss=0.043427
2026-08-19 20:35:52 | INFO | epoch=055 train_batch=360/389 running_loss=0.043455
2026-08-19 20:35:52 | INFO | epoch=055 train_batch=370/389 running_loss=0.043466
2026-08-19 20:35:53 | INFO | epoch=055 train_batch=380/389 running_loss=0.043491
2026-08-19 20:35:53 | INFO | epoch=055 train_batch=389/389 running_loss=0.043525
2026-08-19 20:35:54 | INFO | epoch=055 train_loss=0.043525 validation_loss=0.086666
2026-08-19 20:35:54 | INFO | epoch=056 train_batch=10/389 running_loss=0.044023
2026-08-19 20:35:54 | INFO | epoch=056 train_batch=20/389 running_loss=0.045262
2026-08-19 20:35:54 | INFO | epoch=056 train_batch=30/389 running_loss=0.044350
2026-08-19 20:35:55 | INFO | epoch=056 train_batch=40/389 running_loss=0.044079
2026-08-19 20:35:55 | INFO | epoch=056 train_batch=50/389 running_loss=0.043356
2026-08-19 20:35:55 | INFO | epoch=056 train_batch=60/389 running_loss=0.042979
2026-08-19 20:35:55 | INFO | epoch=056 train_batch=70/389 running_loss=0.043087
2026-08-19 20:35:56 | INFO | epoch=056 train_batch=80/389 running_loss=0.043028
2026-08-19 20:35:56 | INFO | epoch=056 train_batch=90/389 running_loss=0.043160
2026-08-19 20:35:56 | INFO | epoch=056 train_batch=100/389 running_loss=0.042944
2026-08-19 20:35:56 | INFO | epoch=056 train_batch=110/389 running_loss=0.042850
2026-08-19 20:35:56 | INFO | epoch=056 train_batch=120/389 running_loss=0.042863
2026-08-19 20:35:57 | INFO | epoch=056 train_batch=130/389 running_loss=0.042993
2026-08-19 20:35:57 | INFO | epoch=056 train_batch=140/389 running_loss=0.042972
2026-08-19 20:35:57 | INFO | epoch=056 train_batch=150/389 running_loss=0.043009
2026-08-19 20:35:57 | INFO | epoch=056 train_batch=160/389 running_loss=0.043135
2026-08-19 20:35:58 | INFO | epoch=056 train_batch=170/389 running_loss=0.043191
2026-08-19 20:35:58 | INFO | epoch=056 train_batch=180/389 running_loss=0.043171
2026-08-19 20:35:58 | INFO | epoch=056 train_batch=190/389 running_loss=0.043166
2026-08-19 20:35:58 | INFO | epoch=056 train_batch=200/389 running_loss=0.043104
2026-08-19 20:35:59 | INFO | epoch=056 train_batch=210/389 running_loss=0.043241
2026-08-19 20:35:59 | INFO | epoch=056 train_batch=220/389 running_loss=0.043280
2026-08-19 20:35:59 | INFO | epoch=056 train_batch=230/389 running_loss=0.043209
2026-08-19 20:35:59 | INFO | epoch=056 train_batch=240/389 running_loss=0.043198
2026-08-19 20:36:00 | INFO | epoch=056 train_batch=250/389 running_loss=0.043213
2026-08-19 20:36:00 | INFO | epoch=056 train_batch=260/389 running_loss=0.043279
2026-08-19 20:36:00 | INFO | epoch=056 train_batch=270/389 running_loss=0.043349
2026-08-19 20:36:00 | INFO | epoch=056 train_batch=280/389 running_loss=0.043279
2026-08-19 20:36:01 | INFO | epoch=056 train_batch=290/389 running_loss=0.043257
2026-08-19 20:36:01 | INFO | epoch=056 train_batch=300/389 running_loss=0.043319
2026-08-19 20:36:01 | INFO | epoch=056 train_batch=310/389 running_loss=0.043369
2026-08-19 20:36:01 | INFO | epoch=056 train_batch=320/389 running_loss=0.043343
2026-08-19 20:36:02 | INFO | epoch=056 train_batch=330/389 running_loss=0.043405
2026-08-19 20:36:02 | INFO | epoch=056 train_batch=340/389 running_loss=0.043419
2026-08-19 20:36:02 | INFO | epoch=056 train_batch=350/389 running_loss=0.043431
2026-08-19 20:36:02 | INFO | epoch=056 train_batch=360/389 running_loss=0.043442
2026-08-19 20:36:03 | INFO | epoch=056 train_batch=370/389 running_loss=0.043498
2026-08-19 20:36:03 | INFO | epoch=056 train_batch=380/389 running_loss=0.043573
2026-08-19 20:36:03 | INFO | epoch=056 train_batch=389/389 running_loss=0.043543
2026-08-19 20:36:04 | INFO | epoch=056 train_loss=0.043543 validation_loss=0.088506
2026-08-19 20:36:04 | INFO | epoch=057 train_batch=10/389 running_loss=0.043986
2026-08-19 20:36:04 | INFO | epoch=057 train_batch=20/389 running_loss=0.044695
2026-08-19 20:36:05 | INFO | epoch=057 train_batch=30/389 running_loss=0.044286
2026-08-19 20:36:05 | INFO | epoch=057 train_batch=40/389 running_loss=0.044371
2026-08-19 20:36:05 | INFO | epoch=057 train_batch=50/389 running_loss=0.043332
2026-08-19 20:36:05 | INFO | epoch=057 train_batch=60/389 running_loss=0.043246
2026-08-19 20:36:06 | INFO | epoch=057 train_batch=70/389 running_loss=0.043312
2026-08-19 20:36:06 | INFO | epoch=057 train_batch=80/389 running_loss=0.043366
2026-08-19 20:36:06 | INFO | epoch=057 train_batch=90/389 running_loss=0.043324
2026-08-19 20:36:06 | INFO | epoch=057 train_batch=100/389 running_loss=0.043192
2026-08-19 20:36:07 | INFO | epoch=057 train_batch=110/389 running_loss=0.043177
2026-08-19 20:36:07 | INFO | epoch=057 train_batch=120/389 running_loss=0.043025
2026-08-19 20:36:07 | INFO | epoch=057 train_batch=130/389 running_loss=0.042948
2026-08-19 20:36:07 | INFO | epoch=057 train_batch=140/389 running_loss=0.042737
2026-08-19 20:36:08 | INFO | epoch=057 train_batch=150/389 running_loss=0.042792
2026-08-19 20:36:08 | INFO | epoch=057 train_batch=160/389 running_loss=0.042813
2026-08-19 20:36:08 | INFO | epoch=057 train_batch=170/389 running_loss=0.042782
2026-08-19 20:36:08 | INFO | epoch=057 train_batch=180/389 running_loss=0.042850
2026-08-19 20:36:09 | INFO | epoch=057 train_batch=190/389 running_loss=0.042965
2026-08-19 20:36:09 | INFO | epoch=057 train_batch=200/389 running_loss=0.043041
2026-08-19 20:36:09 | INFO | epoch=057 train_batch=210/389 running_loss=0.043147
2026-08-19 20:36:09 | INFO | epoch=057 train_batch=220/389 running_loss=0.043282
2026-08-19 20:36:10 | INFO | epoch=057 train_batch=230/389 running_loss=0.043289
2026-08-19 20:36:10 | INFO | epoch=057 train_batch=240/389 running_loss=0.043227
2026-08-19 20:36:10 | INFO | epoch=057 train_batch=250/389 running_loss=0.043230
2026-08-19 20:36:10 | INFO | epoch=057 train_batch=260/389 running_loss=0.043209
2026-08-19 20:36:11 | INFO | epoch=057 train_batch=270/389 running_loss=0.043316
2026-08-19 20:36:11 | INFO | epoch=057 train_batch=280/389 running_loss=0.043293
2026-08-19 20:36:11 | INFO | epoch=057 train_batch=290/389 running_loss=0.043214
2026-08-19 20:36:11 | INFO | epoch=057 train_batch=300/389 running_loss=0.043211
2026-08-19 20:36:12 | INFO | epoch=057 train_batch=310/389 running_loss=0.043142
2026-08-19 20:36:12 | INFO | epoch=057 train_batch=320/389 running_loss=0.043079
2026-08-19 20:36:12 | INFO | epoch=057 train_batch=330/389 running_loss=0.043116
2026-08-19 20:36:12 | INFO | epoch=057 train_batch=340/389 running_loss=0.043164
2026-08-19 20:36:13 | INFO | epoch=057 train_batch=350/389 running_loss=0.043188
2026-08-19 20:36:13 | INFO | epoch=057 train_batch=360/389 running_loss=0.043138
2026-08-19 20:36:13 | INFO | epoch=057 train_batch=370/389 running_loss=0.043231
2026-08-19 20:36:13 | INFO | epoch=057 train_batch=380/389 running_loss=0.043209
2026-08-19 20:36:14 | INFO | epoch=057 train_batch=389/389 running_loss=0.043231
2026-08-19 20:36:14 | INFO | epoch=057 train_loss=0.043231 validation_loss=0.086277
2026-08-19 20:36:15 | INFO | epoch=058 train_batch=10/389 running_loss=0.043359
2026-08-19 20:36:15 | INFO | epoch=058 train_batch=20/389 running_loss=0.043710
2026-08-19 20:36:15 | INFO | epoch=058 train_batch=30/389 running_loss=0.042508
2026-08-19 20:36:15 | INFO | epoch=058 train_batch=40/389 running_loss=0.042374
2026-08-19 20:36:16 | INFO | epoch=058 train_batch=50/389 running_loss=0.042163
2026-08-19 20:36:16 | INFO | epoch=058 train_batch=60/389 running_loss=0.042607
2026-08-19 20:36:16 | INFO | epoch=058 train_batch=70/389 running_loss=0.043207
2026-08-19 20:36:16 | INFO | epoch=058 train_batch=80/389 running_loss=0.043207
2026-08-19 20:36:17 | INFO | epoch=058 train_batch=90/389 running_loss=0.043606
2026-08-19 20:36:17 | INFO | epoch=058 train_batch=100/389 running_loss=0.043309
2026-08-19 20:36:17 | INFO | epoch=058 train_batch=110/389 running_loss=0.043249
2026-08-19 20:36:17 | INFO | epoch=058 train_batch=120/389 running_loss=0.043341
2026-08-19 20:36:18 | INFO | epoch=058 train_batch=130/389 running_loss=0.043335
2026-08-19 20:36:18 | INFO | epoch=058 train_batch=140/389 running_loss=0.043045
2026-08-19 20:36:18 | INFO | epoch=058 train_batch=150/389 running_loss=0.042992
2026-08-19 20:36:18 | INFO | epoch=058 train_batch=160/389 running_loss=0.043005
2026-08-19 20:36:19 | INFO | epoch=058 train_batch=170/389 running_loss=0.043084
2026-08-19 20:36:19 | INFO | epoch=058 train_batch=180/389 running_loss=0.043250
2026-08-19 20:36:19 | INFO | epoch=058 train_batch=190/389 running_loss=0.043415
2026-08-19 20:36:19 | INFO | epoch=058 train_batch=200/389 running_loss=0.043562
2026-08-19 20:36:20 | INFO | epoch=058 train_batch=210/389 running_loss=0.043629
2026-08-19 20:36:20 | INFO | epoch=058 train_batch=220/389 running_loss=0.043539
2026-08-19 20:36:20 | INFO | epoch=058 train_batch=230/389 running_loss=0.043632
2026-08-19 20:36:20 | INFO | epoch=058 train_batch=240/389 running_loss=0.043604
2026-08-19 20:36:21 | INFO | epoch=058 train_batch=250/389 running_loss=0.043699
2026-08-19 20:36:21 | INFO | epoch=058 train_batch=260/389 running_loss=0.043535
2026-08-19 20:36:21 | INFO | epoch=058 train_batch=270/389 running_loss=0.043428
2026-08-19 20:36:21 | INFO | epoch=058 train_batch=280/389 running_loss=0.043359
2026-08-19 20:36:22 | INFO | epoch=058 train_batch=290/389 running_loss=0.043381
2026-08-19 20:36:22 | INFO | epoch=058 train_batch=300/389 running_loss=0.043289
2026-08-19 20:36:22 | INFO | epoch=058 train_batch=310/389 running_loss=0.043293
2026-08-19 20:36:22 | INFO | epoch=058 train_batch=320/389 running_loss=0.043250
2026-08-19 20:36:23 | INFO | epoch=058 train_batch=330/389 running_loss=0.043231
2026-08-19 20:36:23 | INFO | epoch=058 train_batch=340/389 running_loss=0.043178
2026-08-19 20:36:23 | INFO | epoch=058 train_batch=350/389 running_loss=0.043294
2026-08-19 20:36:23 | INFO | epoch=058 train_batch=360/389 running_loss=0.043213
2026-08-19 20:36:24 | INFO | epoch=058 train_batch=370/389 running_loss=0.043218
2026-08-19 20:36:24 | INFO | epoch=058 train_batch=380/389 running_loss=0.043195
2026-08-19 20:36:24 | INFO | epoch=058 train_batch=389/389 running_loss=0.043201
2026-08-19 20:36:25 | INFO | epoch=058 train_loss=0.043201 validation_loss=0.085669
2026-08-19 20:36:25 | INFO | epoch=059 train_batch=10/389 running_loss=0.041794
2026-08-19 20:36:25 | INFO | epoch=059 train_batch=20/389 running_loss=0.042093
2026-08-19 20:36:26 | INFO | epoch=059 train_batch=30/389 running_loss=0.041895
2026-08-19 20:36:26 | INFO | epoch=059 train_batch=40/389 running_loss=0.041597
2026-08-19 20:36:26 | INFO | epoch=059 train_batch=50/389 running_loss=0.041111
2026-08-19 20:36:26 | INFO | epoch=059 train_batch=60/389 running_loss=0.041379
2026-08-19 20:36:27 | INFO | epoch=059 train_batch=70/389 running_loss=0.041401
2026-08-19 20:36:27 | INFO | epoch=059 train_batch=80/389 running_loss=0.041504
2026-08-19 20:36:27 | INFO | epoch=059 train_batch=90/389 running_loss=0.041532
2026-08-19 20:36:27 | INFO | epoch=059 train_batch=100/389 running_loss=0.041894
2026-08-19 20:36:28 | INFO | epoch=059 train_batch=110/389 running_loss=0.041930
2026-08-19 20:36:28 | INFO | epoch=059 train_batch=120/389 running_loss=0.042082
2026-08-19 20:36:28 | INFO | epoch=059 train_batch=130/389 running_loss=0.042059
2026-08-19 20:36:28 | INFO | epoch=059 train_batch=140/389 running_loss=0.042410
2026-08-19 20:36:29 | INFO | epoch=059 train_batch=150/389 running_loss=0.042359
2026-08-19 20:36:29 | INFO | epoch=059 train_batch=160/389 running_loss=0.042321
2026-08-19 20:36:29 | INFO | epoch=059 train_batch=170/389 running_loss=0.042347
2026-08-19 20:36:29 | INFO | epoch=059 train_batch=180/389 running_loss=0.042539
2026-08-19 20:36:30 | INFO | epoch=059 train_batch=190/389 running_loss=0.042751
2026-08-19 20:36:30 | INFO | epoch=059 train_batch=200/389 running_loss=0.042785
2026-08-19 20:36:30 | INFO | epoch=059 train_batch=210/389 running_loss=0.042901
2026-08-19 20:36:30 | INFO | epoch=059 train_batch=220/389 running_loss=0.042851
2026-08-19 20:36:31 | INFO | epoch=059 train_batch=230/389 running_loss=0.042861
2026-08-19 20:36:31 | INFO | epoch=059 train_batch=240/389 running_loss=0.042928
2026-08-19 20:36:31 | INFO | epoch=059 train_batch=250/389 running_loss=0.043030
2026-08-19 20:36:31 | INFO | epoch=059 train_batch=260/389 running_loss=0.042979
2026-08-19 20:36:32 | INFO | epoch=059 train_batch=270/389 running_loss=0.043137
2026-08-19 20:36:32 | INFO | epoch=059 train_batch=280/389 running_loss=0.043129
2026-08-19 20:36:32 | INFO | epoch=059 train_batch=290/389 running_loss=0.043111
2026-08-19 20:36:32 | INFO | epoch=059 train_batch=300/389 running_loss=0.043097
2026-08-19 20:36:33 | INFO | epoch=059 train_batch=310/389 running_loss=0.043069
2026-08-19 20:36:33 | INFO | epoch=059 train_batch=320/389 running_loss=0.043057
2026-08-19 20:36:33 | INFO | epoch=059 train_batch=330/389 running_loss=0.042991
2026-08-19 20:36:33 | INFO | epoch=059 train_batch=340/389 running_loss=0.043050
2026-08-19 20:36:34 | INFO | epoch=059 train_batch=350/389 running_loss=0.042986
2026-08-19 20:36:34 | INFO | epoch=059 train_batch=360/389 running_loss=0.043102
2026-08-19 20:36:34 | INFO | epoch=059 train_batch=370/389 running_loss=0.043058
2026-08-19 20:36:34 | INFO | epoch=059 train_batch=380/389 running_loss=0.043072
2026-08-19 20:36:35 | INFO | epoch=059 train_batch=389/389 running_loss=0.043055
2026-08-19 20:36:35 | INFO | epoch=059 train_loss=0.043055 validation_loss=0.085905
2026-08-19 20:36:36 | INFO | epoch=060 train_batch=10/389 running_loss=0.042042
2026-08-19 20:36:36 | INFO | epoch=060 train_batch=20/389 running_loss=0.040303
2026-08-19 20:36:36 | INFO | epoch=060 train_batch=30/389 running_loss=0.041430
2026-08-19 20:36:36 | INFO | epoch=060 train_batch=40/389 running_loss=0.041948
2026-08-19 20:36:37 | INFO | epoch=060 train_batch=50/389 running_loss=0.041992
2026-08-19 20:36:37 | INFO | epoch=060 train_batch=60/389 running_loss=0.042419
2026-08-19 20:36:37 | INFO | epoch=060 train_batch=70/389 running_loss=0.042387
2026-08-19 20:36:37 | INFO | epoch=060 train_batch=80/389 running_loss=0.042449
2026-08-19 20:36:38 | INFO | epoch=060 train_batch=90/389 running_loss=0.042353
2026-08-19 20:36:38 | INFO | epoch=060 train_batch=100/389 running_loss=0.042274
2026-08-19 20:36:38 | INFO | epoch=060 train_batch=110/389 running_loss=0.042382
2026-08-19 20:36:38 | INFO | epoch=060 train_batch=120/389 running_loss=0.042454
2026-08-19 20:36:39 | INFO | epoch=060 train_batch=130/389 running_loss=0.042607
2026-08-19 20:36:39 | INFO | epoch=060 train_batch=140/389 running_loss=0.042453
2026-08-19 20:36:39 | INFO | epoch=060 train_batch=150/389 running_loss=0.042507
2026-08-19 20:36:39 | INFO | epoch=060 train_batch=160/389 running_loss=0.042538
2026-08-19 20:36:40 | INFO | epoch=060 train_batch=170/389 running_loss=0.042593
2026-08-19 20:36:40 | INFO | epoch=060 train_batch=180/389 running_loss=0.042642
2026-08-19 20:36:40 | INFO | epoch=060 train_batch=190/389 running_loss=0.042566
2026-08-19 20:36:40 | INFO | epoch=060 train_batch=200/389 running_loss=0.042464
2026-08-19 20:36:41 | INFO | epoch=060 train_batch=210/389 running_loss=0.042610
2026-08-19 20:36:41 | INFO | epoch=060 train_batch=220/389 running_loss=0.042588
2026-08-19 20:36:41 | INFO | epoch=060 train_batch=230/389 running_loss=0.042469
2026-08-19 20:36:42 | INFO | epoch=060 train_batch=240/389 running_loss=0.042437
2026-08-19 20:36:42 | INFO | epoch=060 train_batch=250/389 running_loss=0.042413
2026-08-19 20:36:42 | INFO | epoch=060 train_batch=260/389 running_loss=0.042437
2026-08-19 20:36:42 | INFO | epoch=060 train_batch=270/389 running_loss=0.042509
2026-08-19 20:36:43 | INFO | epoch=060 train_batch=280/389 running_loss=0.042459
2026-08-19 20:36:43 | INFO | epoch=060 train_batch=290/389 running_loss=0.042427
2026-08-19 20:36:43 | INFO | epoch=060 train_batch=300/389 running_loss=0.042355
2026-08-19 20:36:43 | INFO | epoch=060 train_batch=310/389 running_loss=0.042244
2026-08-19 20:36:44 | INFO | epoch=060 train_batch=320/389 running_loss=0.042311
2026-08-19 20:36:44 | INFO | epoch=060 train_batch=330/389 running_loss=0.042353
2026-08-19 20:36:44 | INFO | epoch=060 train_batch=340/389 running_loss=0.042328
2026-08-19 20:36:44 | INFO | epoch=060 train_batch=350/389 running_loss=0.042430
2026-08-19 20:36:45 | INFO | epoch=060 train_batch=360/389 running_loss=0.042461
2026-08-19 20:36:45 | INFO | epoch=060 train_batch=370/389 running_loss=0.042463
2026-08-19 20:36:45 | INFO | epoch=060 train_batch=380/389 running_loss=0.042533
2026-08-19 20:36:45 | INFO | epoch=060 train_batch=389/389 running_loss=0.042546
2026-08-19 20:36:46 | INFO | epoch=060 train_loss=0.042546 validation_loss=0.087210
2026-08-19 20:36:46 | INFO | epoch=061 train_batch=10/389 running_loss=0.042810
2026-08-19 20:36:47 | INFO | epoch=061 train_batch=20/389 running_loss=0.043615
2026-08-19 20:36:47 | INFO | epoch=061 train_batch=30/389 running_loss=0.042640
2026-08-19 20:36:47 | INFO | epoch=061 train_batch=40/389 running_loss=0.042399
2026-08-19 20:36:47 | INFO | epoch=061 train_batch=50/389 running_loss=0.042254
2026-08-19 20:36:48 | INFO | epoch=061 train_batch=60/389 running_loss=0.041854
2026-08-19 20:36:48 | INFO | epoch=061 train_batch=70/389 running_loss=0.041931
2026-08-19 20:36:48 | INFO | epoch=061 train_batch=80/389 running_loss=0.042083
2026-08-19 20:36:48 | INFO | epoch=061 train_batch=90/389 running_loss=0.041995
2026-08-19 20:36:49 | INFO | epoch=061 train_batch=100/389 running_loss=0.042061
2026-08-19 20:36:49 | INFO | epoch=061 train_batch=110/389 running_loss=0.042015
2026-08-19 20:36:49 | INFO | epoch=061 train_batch=120/389 running_loss=0.042237
2026-08-19 20:36:49 | INFO | epoch=061 train_batch=130/389 running_loss=0.042384
2026-08-19 20:36:50 | INFO | epoch=061 train_batch=140/389 running_loss=0.042417
2026-08-19 20:36:50 | INFO | epoch=061 train_batch=150/389 running_loss=0.042286
2026-08-19 20:36:50 | INFO | epoch=061 train_batch=160/389 running_loss=0.042384
2026-08-19 20:36:51 | INFO | epoch=061 train_batch=170/389 running_loss=0.042426
2026-08-19 20:36:51 | INFO | epoch=061 train_batch=180/389 running_loss=0.042492
2026-08-19 20:36:51 | INFO | epoch=061 train_batch=190/389 running_loss=0.042457
2026-08-19 20:36:51 | INFO | epoch=061 train_batch=200/389 running_loss=0.042472
2026-08-19 20:36:52 | INFO | epoch=061 train_batch=210/389 running_loss=0.042634
2026-08-19 20:36:52 | INFO | epoch=061 train_batch=220/389 running_loss=0.042699
2026-08-19 20:36:52 | INFO | epoch=061 train_batch=230/389 running_loss=0.042602
2026-08-19 20:36:52 | INFO | epoch=061 train_batch=240/389 running_loss=0.042643
2026-08-19 20:36:53 | INFO | epoch=061 train_batch=250/389 running_loss=0.042676
2026-08-19 20:36:53 | INFO | epoch=061 train_batch=260/389 running_loss=0.042672
2026-08-19 20:36:53 | INFO | epoch=061 train_batch=270/389 running_loss=0.042686
2026-08-19 20:36:53 | INFO | epoch=061 train_batch=280/389 running_loss=0.042752
2026-08-19 20:36:54 | INFO | epoch=061 train_batch=290/389 running_loss=0.042821
2026-08-19 20:36:54 | INFO | epoch=061 train_batch=300/389 running_loss=0.042810
2026-08-19 20:36:54 | INFO | epoch=061 train_batch=310/389 running_loss=0.042719
2026-08-19 20:36:54 | INFO | epoch=061 train_batch=320/389 running_loss=0.042726
2026-08-19 20:36:55 | INFO | epoch=061 train_batch=330/389 running_loss=0.042728
2026-08-19 20:36:55 | INFO | epoch=061 train_batch=340/389 running_loss=0.042727
2026-08-19 20:36:55 | INFO | epoch=061 train_batch=350/389 running_loss=0.042742
2026-08-19 20:36:55 | INFO | epoch=061 train_batch=360/389 running_loss=0.042793
2026-08-19 20:36:56 | INFO | epoch=061 train_batch=370/389 running_loss=0.042747
2026-08-19 20:36:56 | INFO | epoch=061 train_batch=380/389 running_loss=0.042808
2026-08-19 20:36:56 | INFO | epoch=061 train_batch=389/389 running_loss=0.042836
2026-08-19 20:36:57 | INFO | epoch=061 train_loss=0.042836 validation_loss=0.085279
2026-08-19 20:36:57 | INFO | epoch=061 saved new best.pt
2026-08-19 20:36:57 | INFO | epoch=062 train_batch=10/389 running_loss=0.041004
2026-08-19 20:36:57 | INFO | epoch=062 train_batch=20/389 running_loss=0.041340
2026-08-19 20:36:58 | INFO | epoch=062 train_batch=30/389 running_loss=0.042574
2026-08-19 20:36:58 | INFO | epoch=062 train_batch=40/389 running_loss=0.043117
2026-08-19 20:36:58 | INFO | epoch=062 train_batch=50/389 running_loss=0.042302
2026-08-19 20:36:58 | INFO | epoch=062 train_batch=60/389 running_loss=0.042445
2026-08-19 20:36:59 | INFO | epoch=062 train_batch=70/389 running_loss=0.042262
2026-08-19 20:36:59 | INFO | epoch=062 train_batch=80/389 running_loss=0.042000
2026-08-19 20:36:59 | INFO | epoch=062 train_batch=90/389 running_loss=0.042049
2026-08-19 20:36:59 | INFO | epoch=062 train_batch=100/389 running_loss=0.041896
2026-08-19 20:37:00 | INFO | epoch=062 train_batch=110/389 running_loss=0.041983
2026-08-19 20:37:00 | INFO | epoch=062 train_batch=120/389 running_loss=0.042133
2026-08-19 20:37:00 | INFO | epoch=062 train_batch=130/389 running_loss=0.042217
2026-08-19 20:37:00 | INFO | epoch=062 train_batch=140/389 running_loss=0.042102
2026-08-19 20:37:01 | INFO | epoch=062 train_batch=150/389 running_loss=0.042189
2026-08-19 20:37:01 | INFO | epoch=062 train_batch=160/389 running_loss=0.042316
2026-08-19 20:37:01 | INFO | epoch=062 train_batch=170/389 running_loss=0.042519
2026-08-19 20:37:01 | INFO | epoch=062 train_batch=180/389 running_loss=0.042435
2026-08-19 20:37:02 | INFO | epoch=062 train_batch=190/389 running_loss=0.042374
2026-08-19 20:37:02 | INFO | epoch=062 train_batch=200/389 running_loss=0.042306
2026-08-19 20:37:02 | INFO | epoch=062 train_batch=210/389 running_loss=0.042338
2026-08-19 20:37:02 | INFO | epoch=062 train_batch=220/389 running_loss=0.042435
2026-08-19 20:37:03 | INFO | epoch=062 train_batch=230/389 running_loss=0.042428
2026-08-19 20:37:03 | INFO | epoch=062 train_batch=240/389 running_loss=0.042546
2026-08-19 20:37:03 | INFO | epoch=062 train_batch=250/389 running_loss=0.042564
2026-08-19 20:37:04 | INFO | epoch=062 train_batch=260/389 running_loss=0.042589
2026-08-19 20:37:04 | INFO | epoch=062 train_batch=270/389 running_loss=0.042462
2026-08-19 20:37:04 | INFO | epoch=062 train_batch=280/389 running_loss=0.042468
2026-08-19 20:37:04 | INFO | epoch=062 train_batch=290/389 running_loss=0.042522
2026-08-19 20:37:05 | INFO | epoch=062 train_batch=300/389 running_loss=0.042422
2026-08-19 20:37:05 | INFO | epoch=062 train_batch=310/389 running_loss=0.042530
2026-08-19 20:37:05 | INFO | epoch=062 train_batch=320/389 running_loss=0.042529
2026-08-19 20:37:05 | INFO | epoch=062 train_batch=330/389 running_loss=0.042625
2026-08-19 20:37:06 | INFO | epoch=062 train_batch=340/389 running_loss=0.042670
2026-08-19 20:37:06 | INFO | epoch=062 train_batch=350/389 running_loss=0.042674
2026-08-19 20:37:06 | INFO | epoch=062 train_batch=360/389 running_loss=0.042592
2026-08-19 20:37:06 | INFO | epoch=062 train_batch=370/389 running_loss=0.042595
2026-08-19 20:37:07 | INFO | epoch=062 train_batch=380/389 running_loss=0.042535
2026-08-19 20:37:07 | INFO | epoch=062 train_batch=389/389 running_loss=0.042561
2026-08-19 20:37:07 | INFO | epoch=062 train_loss=0.042561 validation_loss=0.087709
2026-08-19 20:37:08 | INFO | epoch=063 train_batch=10/389 running_loss=0.041373
2026-08-19 20:37:08 | INFO | epoch=063 train_batch=20/389 running_loss=0.041415
2026-08-19 20:37:08 | INFO | epoch=063 train_batch=30/389 running_loss=0.041508
2026-08-19 20:37:09 | INFO | epoch=063 train_batch=40/389 running_loss=0.041946
2026-08-19 20:37:09 | INFO | epoch=063 train_batch=50/389 running_loss=0.041664
2026-08-19 20:37:09 | INFO | epoch=063 train_batch=60/389 running_loss=0.041637
2026-08-19 20:37:09 | INFO | epoch=063 train_batch=70/389 running_loss=0.041853
2026-08-19 20:37:10 | INFO | epoch=063 train_batch=80/389 running_loss=0.041259
2026-08-19 20:37:10 | INFO | epoch=063 train_batch=90/389 running_loss=0.041223
2026-08-19 20:37:10 | INFO | epoch=063 train_batch=100/389 running_loss=0.041028
2026-08-19 20:37:10 | INFO | epoch=063 train_batch=110/389 running_loss=0.041092
2026-08-19 20:37:11 | INFO | epoch=063 train_batch=120/389 running_loss=0.041253
2026-08-19 20:37:11 | INFO | epoch=063 train_batch=130/389 running_loss=0.041147
2026-08-19 20:37:11 | INFO | epoch=063 train_batch=140/389 running_loss=0.041302
2026-08-19 20:37:11 | INFO | epoch=063 train_batch=150/389 running_loss=0.041477
2026-08-19 20:37:12 | INFO | epoch=063 train_batch=160/389 running_loss=0.041590
2026-08-19 20:37:12 | INFO | epoch=063 train_batch=170/389 running_loss=0.041582
2026-08-19 20:37:12 | INFO | epoch=063 train_batch=180/389 running_loss=0.041814
2026-08-19 20:37:12 | INFO | epoch=063 train_batch=190/389 running_loss=0.041765
2026-08-19 20:37:13 | INFO | epoch=063 train_batch=200/389 running_loss=0.041759
2026-08-19 20:37:13 | INFO | epoch=063 train_batch=210/389 running_loss=0.041784
2026-08-19 20:37:13 | INFO | epoch=063 train_batch=220/389 running_loss=0.041989
2026-08-19 20:37:13 | INFO | epoch=063 train_batch=230/389 running_loss=0.041985
2026-08-19 20:37:14 | INFO | epoch=063 train_batch=240/389 running_loss=0.042171
2026-08-19 20:37:14 | INFO | epoch=063 train_batch=250/389 running_loss=0.042304
2026-08-19 20:37:14 | INFO | epoch=063 train_batch=260/389 running_loss=0.042262
2026-08-19 20:37:14 | INFO | epoch=063 train_batch=270/389 running_loss=0.042465
2026-08-19 20:37:15 | INFO | epoch=063 train_batch=280/389 running_loss=0.042427
2026-08-19 20:37:15 | INFO | epoch=063 train_batch=290/389 running_loss=0.042352
2026-08-19 20:37:15 | INFO | epoch=063 train_batch=300/389 running_loss=0.042356
2026-08-19 20:37:16 | INFO | epoch=063 train_batch=310/389 running_loss=0.042304
2026-08-19 20:37:16 | INFO | epoch=063 train_batch=320/389 running_loss=0.042332
2026-08-19 20:37:16 | INFO | epoch=063 train_batch=330/389 running_loss=0.042402
2026-08-19 20:37:16 | INFO | epoch=063 train_batch=340/389 running_loss=0.042440
2026-08-19 20:37:17 | INFO | epoch=063 train_batch=350/389 running_loss=0.042449
2026-08-19 20:37:17 | INFO | epoch=063 train_batch=360/389 running_loss=0.042411
2026-08-19 20:37:17 | INFO | epoch=063 train_batch=370/389 running_loss=0.042474
2026-08-19 20:37:17 | INFO | epoch=063 train_batch=380/389 running_loss=0.042491
2026-08-19 20:37:18 | INFO | epoch=063 train_batch=389/389 running_loss=0.042438
2026-08-19 20:37:18 | INFO | epoch=063 train_loss=0.042438 validation_loss=0.086477
2026-08-19 20:37:19 | INFO | epoch=064 train_batch=10/389 running_loss=0.040678
2026-08-19 20:37:19 | INFO | epoch=064 train_batch=20/389 running_loss=0.040535
2026-08-19 20:37:19 | INFO | epoch=064 train_batch=30/389 running_loss=0.040637
2026-08-19 20:37:19 | INFO | epoch=064 train_batch=40/389 running_loss=0.041810
2026-08-19 20:37:20 | INFO | epoch=064 train_batch=50/389 running_loss=0.042250
2026-08-19 20:37:20 | INFO | epoch=064 train_batch=60/389 running_loss=0.042894
2026-08-19 20:37:20 | INFO | epoch=064 train_batch=70/389 running_loss=0.043122
2026-08-19 20:37:20 | INFO | epoch=064 train_batch=80/389 running_loss=0.042898
2026-08-19 20:37:21 | INFO | epoch=064 train_batch=90/389 running_loss=0.042892
2026-08-19 20:37:21 | INFO | epoch=064 train_batch=100/389 running_loss=0.042743
2026-08-19 20:37:21 | INFO | epoch=064 train_batch=110/389 running_loss=0.042443
2026-08-19 20:37:21 | INFO | epoch=064 train_batch=120/389 running_loss=0.042173
2026-08-19 20:37:22 | INFO | epoch=064 train_batch=130/389 running_loss=0.042134
2026-08-19 20:37:22 | INFO | epoch=064 train_batch=140/389 running_loss=0.042049
2026-08-19 20:37:22 | INFO | epoch=064 train_batch=150/389 running_loss=0.042046
2026-08-19 20:37:22 | INFO | epoch=064 train_batch=160/389 running_loss=0.042045
2026-08-19 20:37:23 | INFO | epoch=064 train_batch=170/389 running_loss=0.041961
2026-08-19 20:37:23 | INFO | epoch=064 train_batch=180/389 running_loss=0.041860
2026-08-19 20:37:23 | INFO | epoch=064 train_batch=190/389 running_loss=0.041892
2026-08-19 20:37:23 | INFO | epoch=064 train_batch=200/389 running_loss=0.041906
2026-08-19 20:37:24 | INFO | epoch=064 train_batch=210/389 running_loss=0.042021
2026-08-19 20:37:24 | INFO | epoch=064 train_batch=220/389 running_loss=0.042010
2026-08-19 20:37:24 | INFO | epoch=064 train_batch=230/389 running_loss=0.042077
2026-08-19 20:37:24 | INFO | epoch=064 train_batch=240/389 running_loss=0.042162
2026-08-19 20:37:25 | INFO | epoch=064 train_batch=250/389 running_loss=0.042286
2026-08-19 20:37:25 | INFO | epoch=064 train_batch=260/389 running_loss=0.042223
2026-08-19 20:37:25 | INFO | epoch=064 train_batch=270/389 running_loss=0.042265
2026-08-19 20:37:25 | INFO | epoch=064 train_batch=280/389 running_loss=0.042261
2026-08-19 20:37:26 | INFO | epoch=064 train_batch=290/389 running_loss=0.042309
2026-08-19 20:37:26 | INFO | epoch=064 train_batch=300/389 running_loss=0.042239
2026-08-19 20:37:26 | INFO | epoch=064 train_batch=310/389 running_loss=0.042248
2026-08-19 20:37:26 | INFO | epoch=064 train_batch=320/389 running_loss=0.042171
2026-08-19 20:37:27 | INFO | epoch=064 train_batch=330/389 running_loss=0.042122
2026-08-19 20:37:27 | INFO | epoch=064 train_batch=340/389 running_loss=0.042138
2026-08-19 20:37:27 | INFO | epoch=064 train_batch=350/389 running_loss=0.042243
2026-08-19 20:37:27 | INFO | epoch=064 train_batch=360/389 running_loss=0.042137
2026-08-19 20:37:28 | INFO | epoch=064 train_batch=370/389 running_loss=0.042231
2026-08-19 20:37:28 | INFO | epoch=064 train_batch=380/389 running_loss=0.042181
2026-08-19 20:37:28 | INFO | epoch=064 train_batch=389/389 running_loss=0.042199
2026-08-19 20:37:29 | INFO | epoch=064 train_loss=0.042199 validation_loss=0.089082
2026-08-19 20:37:29 | INFO | epoch=065 train_batch=10/389 running_loss=0.041541
2026-08-19 20:37:30 | INFO | epoch=065 train_batch=20/389 running_loss=0.040593
2026-08-19 20:37:30 | INFO | epoch=065 train_batch=30/389 running_loss=0.041032
2026-08-19 20:37:30 | INFO | epoch=065 train_batch=40/389 running_loss=0.041665
2026-08-19 20:37:30 | INFO | epoch=065 train_batch=50/389 running_loss=0.042602
2026-08-19 20:37:31 | INFO | epoch=065 train_batch=60/389 running_loss=0.042186
2026-08-19 20:37:31 | INFO | epoch=065 train_batch=70/389 running_loss=0.042202
2026-08-19 20:37:31 | INFO | epoch=065 train_batch=80/389 running_loss=0.042346
2026-08-19 20:37:31 | INFO | epoch=065 train_batch=90/389 running_loss=0.042545
2026-08-19 20:37:32 | INFO | epoch=065 train_batch=100/389 running_loss=0.042411
2026-08-19 20:37:32 | INFO | epoch=065 train_batch=110/389 running_loss=0.042680
2026-08-19 20:37:32 | INFO | epoch=065 train_batch=120/389 running_loss=0.043014
2026-08-19 20:37:32 | INFO | epoch=065 train_batch=130/389 running_loss=0.042861
2026-08-19 20:37:33 | INFO | epoch=065 train_batch=140/389 running_loss=0.043024
2026-08-19 20:37:33 | INFO | epoch=065 train_batch=150/389 running_loss=0.042912
2026-08-19 20:37:33 | INFO | epoch=065 train_batch=160/389 running_loss=0.042786
2026-08-19 20:37:33 | INFO | epoch=065 train_batch=170/389 running_loss=0.042605
2026-08-19 20:37:34 | INFO | epoch=065 train_batch=180/389 running_loss=0.042529
2026-08-19 20:37:34 | INFO | epoch=065 train_batch=190/389 running_loss=0.042446
2026-08-19 20:37:34 | INFO | epoch=065 train_batch=200/389 running_loss=0.042383
2026-08-19 20:37:34 | INFO | epoch=065 train_batch=210/389 running_loss=0.042426
2026-08-19 20:37:35 | INFO | epoch=065 train_batch=220/389 running_loss=0.042374
2026-08-19 20:37:35 | INFO | epoch=065 train_batch=230/389 running_loss=0.042422
2026-08-19 20:37:35 | INFO | epoch=065 train_batch=240/389 running_loss=0.042345
2026-08-19 20:37:35 | INFO | epoch=065 train_batch=250/389 running_loss=0.042334
2026-08-19 20:37:36 | INFO | epoch=065 train_batch=260/389 running_loss=0.042213
2026-08-19 20:37:36 | INFO | epoch=065 train_batch=270/389 running_loss=0.042160
2026-08-19 20:37:36 | INFO | epoch=065 train_batch=280/389 running_loss=0.042206
2026-08-19 20:37:36 | INFO | epoch=065 train_batch=290/389 running_loss=0.042171
2026-08-19 20:37:37 | INFO | epoch=065 train_batch=300/389 running_loss=0.042246
2026-08-19 20:37:37 | INFO | epoch=065 train_batch=310/389 running_loss=0.042250
2026-08-19 20:37:37 | INFO | epoch=065 train_batch=320/389 running_loss=0.042183
2026-08-19 20:37:37 | INFO | epoch=065 train_batch=330/389 running_loss=0.042092
2026-08-19 20:37:38 | INFO | epoch=065 train_batch=340/389 running_loss=0.042044
2026-08-19 20:37:38 | INFO | epoch=065 train_batch=350/389 running_loss=0.042160
2026-08-19 20:37:38 | INFO | epoch=065 train_batch=360/389 running_loss=0.042204
2026-08-19 20:37:38 | INFO | epoch=065 train_batch=370/389 running_loss=0.042268
2026-08-19 20:37:39 | INFO | epoch=065 train_batch=380/389 running_loss=0.042281
2026-08-19 20:37:39 | INFO | epoch=065 train_batch=389/389 running_loss=0.042277
2026-08-19 20:37:40 | INFO | epoch=065 train_loss=0.042277 validation_loss=0.086552
2026-08-19 20:37:40 | INFO | epoch=066 train_batch=10/389 running_loss=0.040231
2026-08-19 20:37:40 | INFO | epoch=066 train_batch=20/389 running_loss=0.041432
2026-08-19 20:37:41 | INFO | epoch=066 train_batch=30/389 running_loss=0.041703
2026-08-19 20:37:41 | INFO | epoch=066 train_batch=40/389 running_loss=0.041734
2026-08-19 20:37:41 | INFO | epoch=066 train_batch=50/389 running_loss=0.041990
2026-08-19 20:37:41 | INFO | epoch=066 train_batch=60/389 running_loss=0.042128
2026-08-19 20:37:42 | INFO | epoch=066 train_batch=70/389 running_loss=0.041776
2026-08-19 20:37:42 | INFO | epoch=066 train_batch=80/389 running_loss=0.041862
2026-08-19 20:37:42 | INFO | epoch=066 train_batch=90/389 running_loss=0.042025
2026-08-19 20:37:42 | INFO | epoch=066 train_batch=100/389 running_loss=0.041955
2026-08-19 20:37:43 | INFO | epoch=066 train_batch=110/389 running_loss=0.042051
2026-08-19 20:37:43 | INFO | epoch=066 train_batch=120/389 running_loss=0.041888
2026-08-19 20:37:43 | INFO | epoch=066 train_batch=130/389 running_loss=0.041883
2026-08-19 20:37:43 | INFO | epoch=066 train_batch=140/389 running_loss=0.041769
2026-08-19 20:37:44 | INFO | epoch=066 train_batch=150/389 running_loss=0.042019
2026-08-19 20:37:44 | INFO | epoch=066 train_batch=160/389 running_loss=0.042087
2026-08-19 20:37:44 | INFO | epoch=066 train_batch=170/389 running_loss=0.041928
2026-08-19 20:37:44 | INFO | epoch=066 train_batch=180/389 running_loss=0.041997
2026-08-19 20:37:45 | INFO | epoch=066 train_batch=190/389 running_loss=0.041958
2026-08-19 20:37:45 | INFO | epoch=066 train_batch=200/389 running_loss=0.042050
2026-08-19 20:37:45 | INFO | epoch=066 train_batch=210/389 running_loss=0.042011
2026-08-19 20:37:45 | INFO | epoch=066 train_batch=220/389 running_loss=0.042088
2026-08-19 20:37:46 | INFO | epoch=066 train_batch=230/389 running_loss=0.042287
2026-08-19 20:37:46 | INFO | epoch=066 train_batch=240/389 running_loss=0.042277
2026-08-19 20:37:46 | INFO | epoch=066 train_batch=250/389 running_loss=0.042283
2026-08-19 20:37:46 | INFO | epoch=066 train_batch=260/389 running_loss=0.042364
2026-08-19 20:37:47 | INFO | epoch=066 train_batch=270/389 running_loss=0.042413
2026-08-19 20:37:47 | INFO | epoch=066 train_batch=280/389 running_loss=0.042367
2026-08-19 20:37:47 | INFO | epoch=066 train_batch=290/389 running_loss=0.042321
2026-08-19 20:37:47 | INFO | epoch=066 train_batch=300/389 running_loss=0.042402
2026-08-19 20:37:48 | INFO | epoch=066 train_batch=310/389 running_loss=0.042380
2026-08-19 20:37:48 | INFO | epoch=066 train_batch=320/389 running_loss=0.042349
2026-08-19 20:37:48 | INFO | epoch=066 train_batch=330/389 running_loss=0.042342
2026-08-19 20:37:49 | INFO | epoch=066 train_batch=340/389 running_loss=0.042383
2026-08-19 20:37:49 | INFO | epoch=066 train_batch=350/389 running_loss=0.042307
2026-08-19 20:37:49 | INFO | epoch=066 train_batch=360/389 running_loss=0.042290
2026-08-19 20:37:49 | INFO | epoch=066 train_batch=370/389 running_loss=0.042266
2026-08-19 20:37:50 | INFO | epoch=066 train_batch=380/389 running_loss=0.042254
2026-08-19 20:37:50 | INFO | epoch=066 train_batch=389/389 running_loss=0.042242
2026-08-19 20:37:50 | INFO | epoch=066 train_loss=0.042242 validation_loss=0.087727
2026-08-19 20:37:51 | INFO | epoch=067 train_batch=10/389 running_loss=0.038261
2026-08-19 20:37:51 | INFO | epoch=067 train_batch=20/389 running_loss=0.041738
2026-08-19 20:37:51 | INFO | epoch=067 train_batch=30/389 running_loss=0.040739
2026-08-19 20:37:52 | INFO | epoch=067 train_batch=40/389 running_loss=0.041174
2026-08-19 20:37:52 | INFO | epoch=067 train_batch=50/389 running_loss=0.040651
2026-08-19 20:37:52 | INFO | epoch=067 train_batch=60/389 running_loss=0.040678
2026-08-19 20:37:52 | INFO | epoch=067 train_batch=70/389 running_loss=0.040811
2026-08-19 20:37:53 | INFO | epoch=067 train_batch=80/389 running_loss=0.041219
2026-08-19 20:37:53 | INFO | epoch=067 train_batch=90/389 running_loss=0.041226
2026-08-19 20:37:53 | INFO | epoch=067 train_batch=100/389 running_loss=0.041380
2026-08-19 20:37:53 | INFO | epoch=067 train_batch=110/389 running_loss=0.041463
2026-08-19 20:37:54 | INFO | epoch=067 train_batch=120/389 running_loss=0.041402
2026-08-19 20:37:54 | INFO | epoch=067 train_batch=130/389 running_loss=0.041562
2026-08-19 20:37:54 | INFO | epoch=067 train_batch=140/389 running_loss=0.041579
2026-08-19 20:37:54 | INFO | epoch=067 train_batch=150/389 running_loss=0.041459
2026-08-19 20:37:55 | INFO | epoch=067 train_batch=160/389 running_loss=0.041337
2026-08-19 20:37:55 | INFO | epoch=067 train_batch=170/389 running_loss=0.041453
2026-08-19 20:37:55 | INFO | epoch=067 train_batch=180/389 running_loss=0.041356
2026-08-19 20:37:55 | INFO | epoch=067 train_batch=190/389 running_loss=0.041479
2026-08-19 20:37:56 | INFO | epoch=067 train_batch=200/389 running_loss=0.041451
2026-08-19 20:37:56 | INFO | epoch=067 train_batch=210/389 running_loss=0.041560
2026-08-19 20:37:56 | INFO | epoch=067 train_batch=220/389 running_loss=0.041529
2026-08-19 20:37:56 | INFO | epoch=067 train_batch=230/389 running_loss=0.041474
2026-08-19 20:37:57 | INFO | epoch=067 train_batch=240/389 running_loss=0.041551
2026-08-19 20:37:57 | INFO | epoch=067 train_batch=250/389 running_loss=0.041460
2026-08-19 20:37:57 | INFO | epoch=067 train_batch=260/389 running_loss=0.041478
2026-08-19 20:37:57 | INFO | epoch=067 train_batch=270/389 running_loss=0.041545
2026-08-19 20:37:58 | INFO | epoch=067 train_batch=280/389 running_loss=0.041490
2026-08-19 20:37:58 | INFO | epoch=067 train_batch=290/389 running_loss=0.041487
2026-08-19 20:37:58 | INFO | epoch=067 train_batch=300/389 running_loss=0.041628
2026-08-19 20:37:58 | INFO | epoch=067 train_batch=310/389 running_loss=0.041574
2026-08-19 20:37:59 | INFO | epoch=067 train_batch=320/389 running_loss=0.041636
2026-08-19 20:37:59 | INFO | epoch=067 train_batch=330/389 running_loss=0.041622
2026-08-19 20:37:59 | INFO | epoch=067 train_batch=340/389 running_loss=0.041684
2026-08-19 20:37:59 | INFO | epoch=067 train_batch=350/389 running_loss=0.041765
2026-08-19 20:38:00 | INFO | epoch=067 train_batch=360/389 running_loss=0.041737
2026-08-19 20:38:00 | INFO | epoch=067 train_batch=370/389 running_loss=0.041824
2026-08-19 20:38:00 | INFO | epoch=067 train_batch=380/389 running_loss=0.041832
2026-08-19 20:38:00 | INFO | epoch=067 train_batch=389/389 running_loss=0.041801
2026-08-19 20:38:01 | INFO | epoch=067 train_loss=0.041801 validation_loss=0.086159
2026-08-19 20:38:02 | INFO | epoch=068 train_batch=10/389 running_loss=0.042296
2026-08-19 20:38:02 | INFO | epoch=068 train_batch=20/389 running_loss=0.042641
2026-08-19 20:38:02 | INFO | epoch=068 train_batch=30/389 running_loss=0.042572
2026-08-19 20:38:02 | INFO | epoch=068 train_batch=40/389 running_loss=0.042500
2026-08-19 20:38:03 | INFO | epoch=068 train_batch=50/389 running_loss=0.042392
2026-08-19 20:38:03 | INFO | epoch=068 train_batch=60/389 running_loss=0.042291
2026-08-19 20:38:03 | INFO | epoch=068 train_batch=70/389 running_loss=0.042528
2026-08-19 20:38:03 | INFO | epoch=068 train_batch=80/389 running_loss=0.042105
2026-08-19 20:38:04 | INFO | epoch=068 train_batch=90/389 running_loss=0.042279
2026-08-19 20:38:04 | INFO | epoch=068 train_batch=100/389 running_loss=0.042082
2026-08-19 20:38:04 | INFO | epoch=068 train_batch=110/389 running_loss=0.042150
2026-08-19 20:38:04 | INFO | epoch=068 train_batch=120/389 running_loss=0.042123
2026-08-19 20:38:05 | INFO | epoch=068 train_batch=130/389 running_loss=0.042311
2026-08-19 20:38:05 | INFO | epoch=068 train_batch=140/389 running_loss=0.042463
2026-08-19 20:38:05 | INFO | epoch=068 train_batch=150/389 running_loss=0.042391
2026-08-19 20:38:05 | INFO | epoch=068 train_batch=160/389 running_loss=0.042513
2026-08-19 20:38:06 | INFO | epoch=068 train_batch=170/389 running_loss=0.042469
2026-08-19 20:38:06 | INFO | epoch=068 train_batch=180/389 running_loss=0.042586
2026-08-19 20:38:06 | INFO | epoch=068 train_batch=190/389 running_loss=0.042414
2026-08-19 20:38:06 | INFO | epoch=068 train_batch=200/389 running_loss=0.042327
2026-08-19 20:38:06 | INFO | epoch=068 train_batch=210/389 running_loss=0.042321
2026-08-19 20:38:07 | INFO | epoch=068 train_batch=220/389 running_loss=0.042292
2026-08-19 20:38:07 | INFO | epoch=068 train_batch=230/389 running_loss=0.042184
2026-08-19 20:38:07 | INFO | epoch=068 train_batch=240/389 running_loss=0.042045
2026-08-19 20:38:07 | INFO | epoch=068 train_batch=250/389 running_loss=0.041991
2026-08-19 20:38:08 | INFO | epoch=068 train_batch=260/389 running_loss=0.042008
2026-08-19 20:38:08 | INFO | epoch=068 train_batch=270/389 running_loss=0.042003
2026-08-19 20:38:08 | INFO | epoch=068 train_batch=280/389 running_loss=0.041909
2026-08-19 20:38:09 | INFO | epoch=068 train_batch=290/389 running_loss=0.041889
2026-08-19 20:38:09 | INFO | epoch=068 train_batch=300/389 running_loss=0.041925
2026-08-19 20:38:09 | INFO | epoch=068 train_batch=310/389 running_loss=0.041933
2026-08-19 20:38:09 | INFO | epoch=068 train_batch=320/389 running_loss=0.041901
2026-08-19 20:38:10 | INFO | epoch=068 train_batch=330/389 running_loss=0.041860
2026-08-19 20:38:10 | INFO | epoch=068 train_batch=340/389 running_loss=0.041896
2026-08-19 20:38:10 | INFO | epoch=068 train_batch=350/389 running_loss=0.041851
2026-08-19 20:38:10 | INFO | epoch=068 train_batch=360/389 running_loss=0.041912
2026-08-19 20:38:11 | INFO | epoch=068 train_batch=370/389 running_loss=0.041909
2026-08-19 20:38:11 | INFO | epoch=068 train_batch=380/389 running_loss=0.041887
2026-08-19 20:38:11 | INFO | epoch=068 train_batch=389/389 running_loss=0.041926
2026-08-19 20:38:12 | INFO | epoch=068 train_loss=0.041926 validation_loss=0.086543
2026-08-19 20:38:12 | INFO | epoch=069 train_batch=10/389 running_loss=0.043973
2026-08-19 20:38:12 | INFO | epoch=069 train_batch=20/389 running_loss=0.041424
2026-08-19 20:38:13 | INFO | epoch=069 train_batch=30/389 running_loss=0.041096
2026-08-19 20:38:13 | INFO | epoch=069 train_batch=40/389 running_loss=0.040731
2026-08-19 20:38:13 | INFO | epoch=069 train_batch=50/389 running_loss=0.040412
2026-08-19 20:38:13 | INFO | epoch=069 train_batch=60/389 running_loss=0.041559
2026-08-19 20:38:14 | INFO | epoch=069 train_batch=70/389 running_loss=0.041254
2026-08-19 20:38:14 | INFO | epoch=069 train_batch=80/389 running_loss=0.041503
2026-08-19 20:38:14 | INFO | epoch=069 train_batch=90/389 running_loss=0.041593
2026-08-19 20:38:14 | INFO | epoch=069 train_batch=100/389 running_loss=0.041530
2026-08-19 20:38:15 | INFO | epoch=069 train_batch=110/389 running_loss=0.041416
2026-08-19 20:38:15 | INFO | epoch=069 train_batch=120/389 running_loss=0.041267
2026-08-19 20:38:15 | INFO | epoch=069 train_batch=130/389 running_loss=0.041254
2026-08-19 20:38:15 | INFO | epoch=069 train_batch=140/389 running_loss=0.041426
2026-08-19 20:38:16 | INFO | epoch=069 train_batch=150/389 running_loss=0.041451
2026-08-19 20:38:16 | INFO | epoch=069 train_batch=160/389 running_loss=0.041457
2026-08-19 20:38:16 | INFO | epoch=069 train_batch=170/389 running_loss=0.041388
2026-08-19 20:38:16 | INFO | epoch=069 train_batch=180/389 running_loss=0.041424
2026-08-19 20:38:17 | INFO | epoch=069 train_batch=190/389 running_loss=0.041466
2026-08-19 20:38:17 | INFO | epoch=069 train_batch=200/389 running_loss=0.041425
2026-08-19 20:38:17 | INFO | epoch=069 train_batch=210/389 running_loss=0.041577
2026-08-19 20:38:17 | INFO | epoch=069 train_batch=220/389 running_loss=0.041606
2026-08-19 20:38:18 | INFO | epoch=069 train_batch=230/389 running_loss=0.041532
2026-08-19 20:38:18 | INFO | epoch=069 train_batch=240/389 running_loss=0.041644
2026-08-19 20:38:18 | INFO | epoch=069 train_batch=250/389 running_loss=0.041556
2026-08-19 20:38:18 | INFO | epoch=069 train_batch=260/389 running_loss=0.041604
2026-08-19 20:38:19 | INFO | epoch=069 train_batch=270/389 running_loss=0.041663
2026-08-19 20:38:19 | INFO | epoch=069 train_batch=280/389 running_loss=0.041712
2026-08-19 20:38:19 | INFO | epoch=069 train_batch=290/389 running_loss=0.041748
2026-08-19 20:38:19 | INFO | epoch=069 train_batch=300/389 running_loss=0.041789
2026-08-19 20:38:20 | INFO | epoch=069 train_batch=310/389 running_loss=0.041779
2026-08-19 20:38:20 | INFO | epoch=069 train_batch=320/389 running_loss=0.041811
2026-08-19 20:38:20 | INFO | epoch=069 train_batch=330/389 running_loss=0.041787
2026-08-19 20:38:20 | INFO | epoch=069 train_batch=340/389 running_loss=0.041757
2026-08-19 20:38:21 | INFO | epoch=069 train_batch=350/389 running_loss=0.041677
2026-08-19 20:38:21 | INFO | epoch=069 train_batch=360/389 running_loss=0.041669
2026-08-19 20:38:21 | INFO | epoch=069 train_batch=370/389 running_loss=0.041711
2026-08-19 20:38:21 | INFO | epoch=069 train_batch=380/389 running_loss=0.041726
2026-08-19 20:38:22 | INFO | epoch=069 train_batch=389/389 running_loss=0.041754
2026-08-19 20:38:22 | INFO | epoch=069 train_loss=0.041754 validation_loss=0.086813
2026-08-19 20:38:23 | INFO | epoch=070 train_batch=10/389 running_loss=0.039547
2026-08-19 20:38:23 | INFO | epoch=070 train_batch=20/389 running_loss=0.040634
2026-08-19 20:38:23 | INFO | epoch=070 train_batch=30/389 running_loss=0.040507
2026-08-19 20:38:23 | INFO | epoch=070 train_batch=40/389 running_loss=0.040914
2026-08-19 20:38:24 | INFO | epoch=070 train_batch=50/389 running_loss=0.040436
2026-08-19 20:38:24 | INFO | epoch=070 train_batch=60/389 running_loss=0.040124
2026-08-19 20:38:24 | INFO | epoch=070 train_batch=70/389 running_loss=0.040155
2026-08-19 20:38:24 | INFO | epoch=070 train_batch=80/389 running_loss=0.040207
2026-08-19 20:38:25 | INFO | epoch=070 train_batch=90/389 running_loss=0.040325
2026-08-19 20:38:25 | INFO | epoch=070 train_batch=100/389 running_loss=0.040423
2026-08-19 20:38:25 | INFO | epoch=070 train_batch=110/389 running_loss=0.040656
2026-08-19 20:38:25 | INFO | epoch=070 train_batch=120/389 running_loss=0.040643
2026-08-19 20:38:26 | INFO | epoch=070 train_batch=130/389 running_loss=0.040700
2026-08-19 20:38:26 | INFO | epoch=070 train_batch=140/389 running_loss=0.040829
2026-08-19 20:38:26 | INFO | epoch=070 train_batch=150/389 running_loss=0.040863
2026-08-19 20:38:26 | INFO | epoch=070 train_batch=160/389 running_loss=0.040929
2026-08-19 20:38:27 | INFO | epoch=070 train_batch=170/389 running_loss=0.040937
2026-08-19 20:38:27 | INFO | epoch=070 train_batch=180/389 running_loss=0.040961
2026-08-19 20:38:27 | INFO | epoch=070 train_batch=190/389 running_loss=0.040949
2026-08-19 20:38:27 | INFO | epoch=070 train_batch=200/389 running_loss=0.041085
2026-08-19 20:38:28 | INFO | epoch=070 train_batch=210/389 running_loss=0.041149
2026-08-19 20:38:28 | INFO | epoch=070 train_batch=220/389 running_loss=0.041221
2026-08-19 20:38:28 | INFO | epoch=070 train_batch=230/389 running_loss=0.041257
2026-08-19 20:38:28 | INFO | epoch=070 train_batch=240/389 running_loss=0.041280
2026-08-19 20:38:29 | INFO | epoch=070 train_batch=250/389 running_loss=0.041455
2026-08-19 20:38:29 | INFO | epoch=070 train_batch=260/389 running_loss=0.041440
2026-08-19 20:38:29 | INFO | epoch=070 train_batch=270/389 running_loss=0.041475
2026-08-19 20:38:29 | INFO | epoch=070 train_batch=280/389 running_loss=0.041583
2026-08-19 20:38:30 | INFO | epoch=070 train_batch=290/389 running_loss=0.041557
2026-08-19 20:38:30 | INFO | epoch=070 train_batch=300/389 running_loss=0.041644
2026-08-19 20:38:30 | INFO | epoch=070 train_batch=310/389 running_loss=0.041607
2026-08-19 20:38:30 | INFO | epoch=070 train_batch=320/389 running_loss=0.041644
2026-08-19 20:38:31 | INFO | epoch=070 train_batch=330/389 running_loss=0.041726
2026-08-19 20:38:31 | INFO | epoch=070 train_batch=340/389 running_loss=0.041767
2026-08-19 20:38:31 | INFO | epoch=070 train_batch=350/389 running_loss=0.041711
2026-08-19 20:38:31 | INFO | epoch=070 train_batch=360/389 running_loss=0.041786
2026-08-19 20:38:32 | INFO | epoch=070 train_batch=370/389 running_loss=0.041770
2026-08-19 20:38:32 | INFO | epoch=070 train_batch=380/389 running_loss=0.041726
2026-08-19 20:38:32 | INFO | epoch=070 train_batch=389/389 running_loss=0.041731
2026-08-19 20:38:33 | INFO | epoch=070 train_loss=0.041731 validation_loss=0.085827
2026-08-19 20:38:33 | INFO | epoch=071 train_batch=10/389 running_loss=0.043089
2026-08-19 20:38:33 | INFO | epoch=071 train_batch=20/389 running_loss=0.042618
2026-08-19 20:38:34 | INFO | epoch=071 train_batch=30/389 running_loss=0.043109
2026-08-19 20:38:34 | INFO | epoch=071 train_batch=40/389 running_loss=0.042213
2026-08-19 20:38:34 | INFO | epoch=071 train_batch=50/389 running_loss=0.042428
2026-08-19 20:38:34 | INFO | epoch=071 train_batch=60/389 running_loss=0.042269
2026-08-19 20:38:35 | INFO | epoch=071 train_batch=70/389 running_loss=0.042275
2026-08-19 20:38:35 | INFO | epoch=071 train_batch=80/389 running_loss=0.042057
2026-08-19 20:38:35 | INFO | epoch=071 train_batch=90/389 running_loss=0.042296
2026-08-19 20:38:35 | INFO | epoch=071 train_batch=100/389 running_loss=0.042092
2026-08-19 20:38:36 | INFO | epoch=071 train_batch=110/389 running_loss=0.042019
2026-08-19 20:38:36 | INFO | epoch=071 train_batch=120/389 running_loss=0.041890
2026-08-19 20:38:36 | INFO | epoch=071 train_batch=130/389 running_loss=0.041829
2026-08-19 20:38:36 | INFO | epoch=071 train_batch=140/389 running_loss=0.041858
2026-08-19 20:38:37 | INFO | epoch=071 train_batch=150/389 running_loss=0.041863
2026-08-19 20:38:37 | INFO | epoch=071 train_batch=160/389 running_loss=0.041940
2026-08-19 20:38:37 | INFO | epoch=071 train_batch=170/389 running_loss=0.042046
2026-08-19 20:38:37 | INFO | epoch=071 train_batch=180/389 running_loss=0.041980
2026-08-19 20:38:38 | INFO | epoch=071 train_batch=190/389 running_loss=0.041816
2026-08-19 20:38:38 | INFO | epoch=071 train_batch=200/389 running_loss=0.041711
2026-08-19 20:38:38 | INFO | epoch=071 train_batch=210/389 running_loss=0.041716
2026-08-19 20:38:38 | INFO | epoch=071 train_batch=220/389 running_loss=0.041813
2026-08-19 20:38:39 | INFO | epoch=071 train_batch=230/389 running_loss=0.041836
2026-08-19 20:38:39 | INFO | epoch=071 train_batch=240/389 running_loss=0.041906
2026-08-19 20:38:39 | INFO | epoch=071 train_batch=250/389 running_loss=0.041831
2026-08-19 20:38:39 | INFO | epoch=071 train_batch=260/389 running_loss=0.041827
2026-08-19 20:38:40 | INFO | epoch=071 train_batch=270/389 running_loss=0.041863
2026-08-19 20:38:40 | INFO | epoch=071 train_batch=280/389 running_loss=0.041804
2026-08-19 20:38:40 | INFO | epoch=071 train_batch=290/389 running_loss=0.041855
2026-08-19 20:38:40 | INFO | epoch=071 train_batch=300/389 running_loss=0.041901
2026-08-19 20:38:41 | INFO | epoch=071 train_batch=310/389 running_loss=0.041992
2026-08-19 20:38:41 | INFO | epoch=071 train_batch=320/389 running_loss=0.042013
2026-08-19 20:38:41 | INFO | epoch=071 train_batch=330/389 running_loss=0.041961
2026-08-19 20:38:41 | INFO | epoch=071 train_batch=340/389 running_loss=0.041944
2026-08-19 20:38:42 | INFO | epoch=071 train_batch=350/389 running_loss=0.042004
2026-08-19 20:38:42 | INFO | epoch=071 train_batch=360/389 running_loss=0.042051
2026-08-19 20:38:42 | INFO | epoch=071 train_batch=370/389 running_loss=0.041950
2026-08-19 20:38:42 | INFO | epoch=071 train_batch=380/389 running_loss=0.041936
2026-08-19 20:38:43 | INFO | epoch=071 train_batch=389/389 running_loss=0.041855
2026-08-19 20:38:43 | INFO | epoch=071 train_loss=0.041855 validation_loss=0.085717
2026-08-19 20:38:44 | INFO | epoch=072 train_batch=10/389 running_loss=0.043674
2026-08-19 20:38:44 | INFO | epoch=072 train_batch=20/389 running_loss=0.042036
2026-08-19 20:38:44 | INFO | epoch=072 train_batch=30/389 running_loss=0.041486
2026-08-19 20:38:44 | INFO | epoch=072 train_batch=40/389 running_loss=0.041369
2026-08-19 20:38:45 | INFO | epoch=072 train_batch=50/389 running_loss=0.041651
2026-08-19 20:38:45 | INFO | epoch=072 train_batch=60/389 running_loss=0.041793
2026-08-19 20:38:45 | INFO | epoch=072 train_batch=70/389 running_loss=0.042085
2026-08-19 20:38:45 | INFO | epoch=072 train_batch=80/389 running_loss=0.042182
2026-08-19 20:38:46 | INFO | epoch=072 train_batch=90/389 running_loss=0.042195
2026-08-19 20:38:46 | INFO | epoch=072 train_batch=100/389 running_loss=0.041949
2026-08-19 20:38:46 | INFO | epoch=072 train_batch=110/389 running_loss=0.041780
2026-08-19 20:38:46 | INFO | epoch=072 train_batch=120/389 running_loss=0.041606
2026-08-19 20:38:47 | INFO | epoch=072 train_batch=130/389 running_loss=0.041471
2026-08-19 20:38:47 | INFO | epoch=072 train_batch=140/389 running_loss=0.041192
2026-08-19 20:38:47 | INFO | epoch=072 train_batch=150/389 running_loss=0.040995
2026-08-19 20:38:47 | INFO | epoch=072 train_batch=160/389 running_loss=0.041092
2026-08-19 20:38:48 | INFO | epoch=072 train_batch=170/389 running_loss=0.041041
2026-08-19 20:38:48 | INFO | epoch=072 train_batch=180/389 running_loss=0.041013
2026-08-19 20:38:48 | INFO | epoch=072 train_batch=190/389 running_loss=0.041008
2026-08-19 20:38:48 | INFO | epoch=072 train_batch=200/389 running_loss=0.041002
2026-08-19 20:38:49 | INFO | epoch=072 train_batch=210/389 running_loss=0.041208
2026-08-19 20:38:49 | INFO | epoch=072 train_batch=220/389 running_loss=0.041272
2026-08-19 20:38:49 | INFO | epoch=072 train_batch=230/389 running_loss=0.041332
2026-08-19 20:38:49 | INFO | epoch=072 train_batch=240/389 running_loss=0.041280
2026-08-19 20:38:50 | INFO | epoch=072 train_batch=250/389 running_loss=0.041380
2026-08-19 20:38:50 | INFO | epoch=072 train_batch=260/389 running_loss=0.041485
2026-08-19 20:38:50 | INFO | epoch=072 train_batch=270/389 running_loss=0.041467
2026-08-19 20:38:50 | INFO | epoch=072 train_batch=280/389 running_loss=0.041473
2026-08-19 20:38:51 | INFO | epoch=072 train_batch=290/389 running_loss=0.041427
2026-08-19 20:38:51 | INFO | epoch=072 train_batch=300/389 running_loss=0.041428
2026-08-19 20:38:51 | INFO | epoch=072 train_batch=310/389 running_loss=0.041443
2026-08-19 20:38:51 | INFO | epoch=072 train_batch=320/389 running_loss=0.041459
2026-08-19 20:38:52 | INFO | epoch=072 train_batch=330/389 running_loss=0.041408
2026-08-19 20:38:52 | INFO | epoch=072 train_batch=340/389 running_loss=0.041439
2026-08-19 20:38:52 | INFO | epoch=072 train_batch=350/389 running_loss=0.041517
2026-08-19 20:38:52 | INFO | epoch=072 train_batch=360/389 running_loss=0.041455
2026-08-19 20:38:53 | INFO | epoch=072 train_batch=370/389 running_loss=0.041362
2026-08-19 20:38:53 | INFO | epoch=072 train_batch=380/389 running_loss=0.041329
2026-08-19 20:38:53 | INFO | epoch=072 train_batch=389/389 running_loss=0.041389
2026-08-19 20:38:54 | INFO | epoch=072 train_loss=0.041389 validation_loss=0.085956
2026-08-19 20:38:54 | INFO | epoch=073 train_batch=10/389 running_loss=0.041181
2026-08-19 20:38:54 | INFO | epoch=073 train_batch=20/389 running_loss=0.040316
2026-08-19 20:38:55 | INFO | epoch=073 train_batch=30/389 running_loss=0.040195
2026-08-19 20:38:55 | INFO | epoch=073 train_batch=40/389 running_loss=0.040451
2026-08-19 20:38:55 | INFO | epoch=073 train_batch=50/389 running_loss=0.040170
2026-08-19 20:38:55 | INFO | epoch=073 train_batch=60/389 running_loss=0.040658
2026-08-19 20:38:56 | INFO | epoch=073 train_batch=70/389 running_loss=0.040555
2026-08-19 20:38:56 | INFO | epoch=073 train_batch=80/389 running_loss=0.040337
2026-08-19 20:38:56 | INFO | epoch=073 train_batch=90/389 running_loss=0.040473
2026-08-19 20:38:56 | INFO | epoch=073 train_batch=100/389 running_loss=0.040539
2026-08-19 20:38:57 | INFO | epoch=073 train_batch=110/389 running_loss=0.040972
2026-08-19 20:38:57 | INFO | epoch=073 train_batch=120/389 running_loss=0.040760
2026-08-19 20:38:57 | INFO | epoch=073 train_batch=130/389 running_loss=0.040870
2026-08-19 20:38:57 | INFO | epoch=073 train_batch=140/389 running_loss=0.040681
2026-08-19 20:38:58 | INFO | epoch=073 train_batch=150/389 running_loss=0.040734
2026-08-19 20:38:58 | INFO | epoch=073 train_batch=160/389 running_loss=0.040760
2026-08-19 20:38:58 | INFO | epoch=073 train_batch=170/389 running_loss=0.040618
2026-08-19 20:38:58 | INFO | epoch=073 train_batch=180/389 running_loss=0.040838
2026-08-19 20:38:59 | INFO | epoch=073 train_batch=190/389 running_loss=0.040792
2026-08-19 20:38:59 | INFO | epoch=073 train_batch=200/389 running_loss=0.040858
2026-08-19 20:38:59 | INFO | epoch=073 train_batch=210/389 running_loss=0.040838
2026-08-19 20:38:59 | INFO | epoch=073 train_batch=220/389 running_loss=0.040918
2026-08-19 20:39:00 | INFO | epoch=073 train_batch=230/389 running_loss=0.040974
2026-08-19 20:39:00 | INFO | epoch=073 train_batch=240/389 running_loss=0.040941
2026-08-19 20:39:00 | INFO | epoch=073 train_batch=250/389 running_loss=0.040928
2026-08-19 20:39:00 | INFO | epoch=073 train_batch=260/389 running_loss=0.041070
2026-08-19 20:39:01 | INFO | epoch=073 train_batch=270/389 running_loss=0.041190
2026-08-19 20:39:01 | INFO | epoch=073 train_batch=280/389 running_loss=0.041242
2026-08-19 20:39:01 | INFO | epoch=073 train_batch=290/389 running_loss=0.041275
2026-08-19 20:39:01 | INFO | epoch=073 train_batch=300/389 running_loss=0.041241
2026-08-19 20:39:02 | INFO | epoch=073 train_batch=310/389 running_loss=0.041275
2026-08-19 20:39:02 | INFO | epoch=073 train_batch=320/389 running_loss=0.041269
2026-08-19 20:39:02 | INFO | epoch=073 train_batch=330/389 running_loss=0.041278
2026-08-19 20:39:02 | INFO | epoch=073 train_batch=340/389 running_loss=0.041197
2026-08-19 20:39:03 | INFO | epoch=073 train_batch=350/389 running_loss=0.041199
2026-08-19 20:39:03 | INFO | epoch=073 train_batch=360/389 running_loss=0.041154
2026-08-19 20:39:03 | INFO | epoch=073 train_batch=370/389 running_loss=0.041152
2026-08-19 20:39:03 | INFO | epoch=073 train_batch=380/389 running_loss=0.041109
2026-08-19 20:39:04 | INFO | epoch=073 train_batch=389/389 running_loss=0.041124
2026-08-19 20:39:04 | INFO | epoch=073 train_loss=0.041124 validation_loss=0.086513
2026-08-19 20:39:05 | INFO | epoch=074 train_batch=10/389 running_loss=0.043214
2026-08-19 20:39:05 | INFO | epoch=074 train_batch=20/389 running_loss=0.042202
2026-08-19 20:39:05 | INFO | epoch=074 train_batch=30/389 running_loss=0.040795
2026-08-19 20:39:05 | INFO | epoch=074 train_batch=40/389 running_loss=0.040579
2026-08-19 20:39:06 | INFO | epoch=074 train_batch=50/389 running_loss=0.040913
2026-08-19 20:39:06 | INFO | epoch=074 train_batch=60/389 running_loss=0.040384
2026-08-19 20:39:06 | INFO | epoch=074 train_batch=70/389 running_loss=0.040491
2026-08-19 20:39:06 | INFO | epoch=074 train_batch=80/389 running_loss=0.040946
2026-08-19 20:39:07 | INFO | epoch=074 train_batch=90/389 running_loss=0.041241
2026-08-19 20:39:07 | INFO | epoch=074 train_batch=100/389 running_loss=0.041281
2026-08-19 20:39:07 | INFO | epoch=074 train_batch=110/389 running_loss=0.041417
2026-08-19 20:39:07 | INFO | epoch=074 train_batch=120/389 running_loss=0.041824
2026-08-19 20:39:08 | INFO | epoch=074 train_batch=130/389 running_loss=0.041708
2026-08-19 20:39:08 | INFO | epoch=074 train_batch=140/389 running_loss=0.041657
2026-08-19 20:39:08 | INFO | epoch=074 train_batch=150/389 running_loss=0.041228
2026-08-19 20:39:09 | INFO | epoch=074 train_batch=160/389 running_loss=0.041003
2026-08-19 20:39:09 | INFO | epoch=074 train_batch=170/389 running_loss=0.041114
2026-08-19 20:39:09 | INFO | epoch=074 train_batch=180/389 running_loss=0.041247
2026-08-19 20:39:09 | INFO | epoch=074 train_batch=190/389 running_loss=0.041173
2026-08-19 20:39:10 | INFO | epoch=074 train_batch=200/389 running_loss=0.041048
2026-08-19 20:39:10 | INFO | epoch=074 train_batch=210/389 running_loss=0.041046
2026-08-19 20:39:10 | INFO | epoch=074 train_batch=220/389 running_loss=0.041047
2026-08-19 20:39:10 | INFO | epoch=074 train_batch=230/389 running_loss=0.040967
2026-08-19 20:39:11 | INFO | epoch=074 train_batch=240/389 running_loss=0.040903
2026-08-19 20:39:11 | INFO | epoch=074 train_batch=250/389 running_loss=0.041030
2026-08-19 20:39:11 | INFO | epoch=074 train_batch=260/389 running_loss=0.041062
2026-08-19 20:39:11 | INFO | epoch=074 train_batch=270/389 running_loss=0.041127
2026-08-19 20:39:12 | INFO | epoch=074 train_batch=280/389 running_loss=0.041268
2026-08-19 20:39:12 | INFO | epoch=074 train_batch=290/389 running_loss=0.041284
2026-08-19 20:39:12 | INFO | epoch=074 train_batch=300/389 running_loss=0.041124
2026-08-19 20:39:12 | INFO | epoch=074 train_batch=310/389 running_loss=0.041095
2026-08-19 20:39:13 | INFO | epoch=074 train_batch=320/389 running_loss=0.041199
2026-08-19 20:39:13 | INFO | epoch=074 train_batch=330/389 running_loss=0.041170
2026-08-19 20:39:13 | INFO | epoch=074 train_batch=340/389 running_loss=0.041300
2026-08-19 20:39:13 | INFO | epoch=074 train_batch=350/389 running_loss=0.041296
2026-08-19 20:39:14 | INFO | epoch=074 train_batch=360/389 running_loss=0.041280
2026-08-19 20:39:14 | INFO | epoch=074 train_batch=370/389 running_loss=0.041193
2026-08-19 20:39:14 | INFO | epoch=074 train_batch=380/389 running_loss=0.041205
2026-08-19 20:39:14 | INFO | epoch=074 train_batch=389/389 running_loss=0.041276
2026-08-19 20:39:15 | INFO | epoch=074 train_loss=0.041276 validation_loss=0.085327
2026-08-19 20:39:15 | INFO | epoch=075 train_batch=10/389 running_loss=0.039663
2026-08-19 20:39:16 | INFO | epoch=075 train_batch=20/389 running_loss=0.039331
2026-08-19 20:39:16 | INFO | epoch=075 train_batch=30/389 running_loss=0.040456
2026-08-19 20:39:16 | INFO | epoch=075 train_batch=40/389 running_loss=0.041133
2026-08-19 20:39:16 | INFO | epoch=075 train_batch=50/389 running_loss=0.041189
2026-08-19 20:39:17 | INFO | epoch=075 train_batch=60/389 running_loss=0.041117
2026-08-19 20:39:17 | INFO | epoch=075 train_batch=70/389 running_loss=0.040887
2026-08-19 20:39:17 | INFO | epoch=075 train_batch=80/389 running_loss=0.041000
2026-08-19 20:39:17 | INFO | epoch=075 train_batch=90/389 running_loss=0.040860
2026-08-19 20:39:18 | INFO | epoch=075 train_batch=100/389 running_loss=0.040904
2026-08-19 20:39:18 | INFO | epoch=075 train_batch=110/389 running_loss=0.040730
2026-08-19 20:39:18 | INFO | epoch=075 train_batch=120/389 running_loss=0.040660
2026-08-19 20:39:18 | INFO | epoch=075 train_batch=130/389 running_loss=0.040552
2026-08-19 20:39:19 | INFO | epoch=075 train_batch=140/389 running_loss=0.040506
2026-08-19 20:39:19 | INFO | epoch=075 train_batch=150/389 running_loss=0.040419
2026-08-19 20:39:19 | INFO | epoch=075 train_batch=160/389 running_loss=0.040435
2026-08-19 20:39:20 | INFO | epoch=075 train_batch=170/389 running_loss=0.040305
2026-08-19 20:39:20 | INFO | epoch=075 train_batch=180/389 running_loss=0.040482
2026-08-19 20:39:20 | INFO | epoch=075 train_batch=190/389 running_loss=0.040508
2026-08-19 20:39:20 | INFO | epoch=075 train_batch=200/389 running_loss=0.040578
2026-08-19 20:39:20 | INFO | epoch=075 train_batch=210/389 running_loss=0.040673
2026-08-19 20:39:21 | INFO | epoch=075 train_batch=220/389 running_loss=0.040830
2026-08-19 20:39:21 | INFO | epoch=075 train_batch=230/389 running_loss=0.040774
2026-08-19 20:39:21 | INFO | epoch=075 train_batch=240/389 running_loss=0.040793
2026-08-19 20:39:21 | INFO | epoch=075 train_batch=250/389 running_loss=0.040954
2026-08-19 20:39:22 | INFO | epoch=075 train_batch=260/389 running_loss=0.041060
2026-08-19 20:39:22 | INFO | epoch=075 train_batch=270/389 running_loss=0.041001
2026-08-19 20:39:22 | INFO | epoch=075 train_batch=280/389 running_loss=0.040990
2026-08-19 20:39:23 | INFO | epoch=075 train_batch=290/389 running_loss=0.041064
2026-08-19 20:39:23 | INFO | epoch=075 train_batch=300/389 running_loss=0.041022
2026-08-19 20:39:23 | INFO | epoch=075 train_batch=310/389 running_loss=0.040998
2026-08-19 20:39:23 | INFO | epoch=075 train_batch=320/389 running_loss=0.041059
2026-08-19 20:39:24 | INFO | epoch=075 train_batch=330/389 running_loss=0.041136
2026-08-19 20:39:24 | INFO | epoch=075 train_batch=340/389 running_loss=0.041150
2026-08-19 20:39:24 | INFO | epoch=075 train_batch=350/389 running_loss=0.041169
2026-08-19 20:39:24 | INFO | epoch=075 train_batch=360/389 running_loss=0.041165
2026-08-19 20:39:25 | INFO | epoch=075 train_batch=370/389 running_loss=0.041113
2026-08-19 20:39:25 | INFO | epoch=075 train_batch=380/389 running_loss=0.041169
2026-08-19 20:39:25 | INFO | epoch=075 train_batch=389/389 running_loss=0.041108
2026-08-19 20:39:26 | INFO | epoch=075 train_loss=0.041108 validation_loss=0.087591
2026-08-19 20:39:26 | INFO | epoch=076 train_batch=10/389 running_loss=0.039161
2026-08-19 20:39:26 | INFO | epoch=076 train_batch=20/389 running_loss=0.040746
2026-08-19 20:39:27 | INFO | epoch=076 train_batch=30/389 running_loss=0.040402
2026-08-19 20:39:27 | INFO | epoch=076 train_batch=40/389 running_loss=0.040003
2026-08-19 20:39:27 | INFO | epoch=076 train_batch=50/389 running_loss=0.040051
2026-08-19 20:39:27 | INFO | epoch=076 train_batch=60/389 running_loss=0.040384
2026-08-19 20:39:28 | INFO | epoch=076 train_batch=70/389 running_loss=0.040442
2026-08-19 20:39:28 | INFO | epoch=076 train_batch=80/389 running_loss=0.040451
2026-08-19 20:39:28 | INFO | epoch=076 train_batch=90/389 running_loss=0.040388
2026-08-19 20:39:28 | INFO | epoch=076 train_batch=100/389 running_loss=0.040920
2026-08-19 20:39:29 | INFO | epoch=076 train_batch=110/389 running_loss=0.040921
2026-08-19 20:39:29 | INFO | epoch=076 train_batch=120/389 running_loss=0.040882
2026-08-19 20:39:29 | INFO | epoch=076 train_batch=130/389 running_loss=0.040825
2026-08-19 20:39:29 | INFO | epoch=076 train_batch=140/389 running_loss=0.040673
2026-08-19 20:39:30 | INFO | epoch=076 train_batch=150/389 running_loss=0.040698
2026-08-19 20:39:30 | INFO | epoch=076 train_batch=160/389 running_loss=0.040697
2026-08-19 20:39:30 | INFO | epoch=076 train_batch=170/389 running_loss=0.040648
2026-08-19 20:39:30 | INFO | epoch=076 train_batch=180/389 running_loss=0.040778
2026-08-19 20:39:31 | INFO | epoch=076 train_batch=190/389 running_loss=0.040988
2026-08-19 20:39:31 | INFO | epoch=076 train_batch=200/389 running_loss=0.040907
2026-08-19 20:39:31 | INFO | epoch=076 train_batch=210/389 running_loss=0.040930
2026-08-19 20:39:31 | INFO | epoch=076 train_batch=220/389 running_loss=0.040999
2026-08-19 20:39:32 | INFO | epoch=076 train_batch=230/389 running_loss=0.040979
2026-08-19 20:39:32 | INFO | epoch=076 train_batch=240/389 running_loss=0.040937
2026-08-19 20:39:32 | INFO | epoch=076 train_batch=250/389 running_loss=0.040895
2026-08-19 20:39:33 | INFO | epoch=076 train_batch=260/389 running_loss=0.040944
2026-08-19 20:39:33 | INFO | epoch=076 train_batch=270/389 running_loss=0.041112
2026-08-19 20:39:33 | INFO | epoch=076 train_batch=280/389 running_loss=0.041186
2026-08-19 20:39:33 | INFO | epoch=076 train_batch=290/389 running_loss=0.041216
2026-08-19 20:39:34 | INFO | epoch=076 train_batch=300/389 running_loss=0.041164
2026-08-19 20:39:34 | INFO | epoch=076 train_batch=310/389 running_loss=0.041164
2026-08-19 20:39:34 | INFO | epoch=076 train_batch=320/389 running_loss=0.041181
2026-08-19 20:39:34 | INFO | epoch=076 train_batch=330/389 running_loss=0.041208
2026-08-19 20:39:35 | INFO | epoch=076 train_batch=340/389 running_loss=0.041281
2026-08-19 20:39:35 | INFO | epoch=076 train_batch=350/389 running_loss=0.041288
2026-08-19 20:39:35 | INFO | epoch=076 train_batch=360/389 running_loss=0.041222
2026-08-19 20:39:35 | INFO | epoch=076 train_batch=370/389 running_loss=0.041201
2026-08-19 20:39:36 | INFO | epoch=076 train_batch=380/389 running_loss=0.041221
2026-08-19 20:39:36 | INFO | epoch=076 train_batch=389/389 running_loss=0.041169
2026-08-19 20:39:37 | INFO | epoch=076 train_loss=0.041169 validation_loss=0.087233
2026-08-19 20:39:37 | INFO | epoch=077 train_batch=10/389 running_loss=0.040954
2026-08-19 20:39:37 | INFO | epoch=077 train_batch=20/389 running_loss=0.041969
2026-08-19 20:39:37 | INFO | epoch=077 train_batch=30/389 running_loss=0.041494
2026-08-19 20:39:38 | INFO | epoch=077 train_batch=40/389 running_loss=0.041128
2026-08-19 20:39:38 | INFO | epoch=077 train_batch=50/389 running_loss=0.040566
2026-08-19 20:39:38 | INFO | epoch=077 train_batch=60/389 running_loss=0.040327
2026-08-19 20:39:38 | INFO | epoch=077 train_batch=70/389 running_loss=0.040183
2026-08-19 20:39:39 | INFO | epoch=077 train_batch=80/389 running_loss=0.040496
2026-08-19 20:39:39 | INFO | epoch=077 train_batch=90/389 running_loss=0.040526
2026-08-19 20:39:39 | INFO | epoch=077 train_batch=100/389 running_loss=0.040443
2026-08-19 20:39:39 | INFO | epoch=077 train_batch=110/389 running_loss=0.040260
2026-08-19 20:39:40 | INFO | epoch=077 train_batch=120/389 running_loss=0.040073
2026-08-19 20:39:40 | INFO | epoch=077 train_batch=130/389 running_loss=0.040096
2026-08-19 20:39:40 | INFO | epoch=077 train_batch=140/389 running_loss=0.040051
2026-08-19 20:39:40 | INFO | epoch=077 train_batch=150/389 running_loss=0.040155
2026-08-19 20:39:41 | INFO | epoch=077 train_batch=160/389 running_loss=0.040317
2026-08-19 20:39:41 | INFO | epoch=077 train_batch=170/389 running_loss=0.040416
2026-08-19 20:39:41 | INFO | epoch=077 train_batch=180/389 running_loss=0.040419
2026-08-19 20:39:41 | INFO | epoch=077 train_batch=190/389 running_loss=0.040627
2026-08-19 20:39:42 | INFO | epoch=077 train_batch=200/389 running_loss=0.040667
2026-08-19 20:39:42 | INFO | epoch=077 train_batch=210/389 running_loss=0.040718
2026-08-19 20:39:42 | INFO | epoch=077 train_batch=220/389 running_loss=0.040729
2026-08-19 20:39:42 | INFO | epoch=077 train_batch=230/389 running_loss=0.040649
2026-08-19 20:39:43 | INFO | epoch=077 train_batch=240/389 running_loss=0.040676
2026-08-19 20:39:43 | INFO | epoch=077 train_batch=250/389 running_loss=0.040851
2026-08-19 20:39:43 | INFO | epoch=077 train_batch=260/389 running_loss=0.040958
2026-08-19 20:39:43 | INFO | epoch=077 train_batch=270/389 running_loss=0.041045
2026-08-19 20:39:44 | INFO | epoch=077 train_batch=280/389 running_loss=0.041013
2026-08-19 20:39:44 | INFO | epoch=077 train_batch=290/389 running_loss=0.040978
2026-08-19 20:39:44 | INFO | epoch=077 train_batch=300/389 running_loss=0.040970
2026-08-19 20:39:44 | INFO | epoch=077 train_batch=310/389 running_loss=0.041085
2026-08-19 20:39:45 | INFO | epoch=077 train_batch=320/389 running_loss=0.041161
2026-08-19 20:39:45 | INFO | epoch=077 train_batch=330/389 running_loss=0.041073
2026-08-19 20:39:45 | INFO | epoch=077 train_batch=340/389 running_loss=0.041000
2026-08-19 20:39:45 | INFO | epoch=077 train_batch=350/389 running_loss=0.041018
2026-08-19 20:39:46 | INFO | epoch=077 train_batch=360/389 running_loss=0.041043
2026-08-19 20:39:46 | INFO | epoch=077 train_batch=370/389 running_loss=0.041051
2026-08-19 20:39:46 | INFO | epoch=077 train_batch=380/389 running_loss=0.041028
2026-08-19 20:39:46 | INFO | epoch=077 train_batch=389/389 running_loss=0.041036
2026-08-19 20:39:47 | INFO | epoch=077 train_loss=0.041036 validation_loss=0.086740
2026-08-19 20:39:47 | INFO | epoch=078 train_batch=10/389 running_loss=0.038516
2026-08-19 20:39:48 | INFO | epoch=078 train_batch=20/389 running_loss=0.039007
2026-08-19 20:39:48 | INFO | epoch=078 train_batch=30/389 running_loss=0.038954
2026-08-19 20:39:48 | INFO | epoch=078 train_batch=40/389 running_loss=0.039562
2026-08-19 20:39:48 | INFO | epoch=078 train_batch=50/389 running_loss=0.040161
2026-08-19 20:39:49 | INFO | epoch=078 train_batch=60/389 running_loss=0.040519
2026-08-19 20:39:49 | INFO | epoch=078 train_batch=70/389 running_loss=0.040647
2026-08-19 20:39:49 | INFO | epoch=078 train_batch=80/389 running_loss=0.040756
2026-08-19 20:39:50 | INFO | epoch=078 train_batch=90/389 running_loss=0.040685
2026-08-19 20:39:50 | INFO | epoch=078 train_batch=100/389 running_loss=0.040815
2026-08-19 20:39:50 | INFO | epoch=078 train_batch=110/389 running_loss=0.040709
2026-08-19 20:39:50 | INFO | epoch=078 train_batch=120/389 running_loss=0.040532
2026-08-19 20:39:51 | INFO | epoch=078 train_batch=130/389 running_loss=0.040501
2026-08-19 20:39:51 | INFO | epoch=078 train_batch=140/389 running_loss=0.040643
2026-08-19 20:39:51 | INFO | epoch=078 train_batch=150/389 running_loss=0.040630
2026-08-19 20:39:51 | INFO | epoch=078 train_batch=160/389 running_loss=0.040821
2026-08-19 20:39:52 | INFO | epoch=078 train_batch=170/389 running_loss=0.040745
2026-08-19 20:39:52 | INFO | epoch=078 train_batch=180/389 running_loss=0.040689
2026-08-19 20:39:52 | INFO | epoch=078 train_batch=190/389 running_loss=0.040626
2026-08-19 20:39:52 | INFO | epoch=078 train_batch=200/389 running_loss=0.040676
2026-08-19 20:39:53 | INFO | epoch=078 train_batch=210/389 running_loss=0.040712
2026-08-19 20:39:53 | INFO | epoch=078 train_batch=220/389 running_loss=0.040756
2026-08-19 20:39:53 | INFO | epoch=078 train_batch=230/389 running_loss=0.040784
2026-08-19 20:39:53 | INFO | epoch=078 train_batch=240/389 running_loss=0.040845
2026-08-19 20:39:54 | INFO | epoch=078 train_batch=250/389 running_loss=0.040892
2026-08-19 20:39:54 | INFO | epoch=078 train_batch=260/389 running_loss=0.040906
2026-08-19 20:39:54 | INFO | epoch=078 train_batch=270/389 running_loss=0.041099
2026-08-19 20:39:54 | INFO | epoch=078 train_batch=280/389 running_loss=0.041180
2026-08-19 20:39:55 | INFO | epoch=078 train_batch=290/389 running_loss=0.041094
2026-08-19 20:39:55 | INFO | epoch=078 train_batch=300/389 running_loss=0.041080
2026-08-19 20:39:55 | INFO | epoch=078 train_batch=310/389 running_loss=0.041056
2026-08-19 20:39:55 | INFO | epoch=078 train_batch=320/389 running_loss=0.041077
2026-08-19 20:39:56 | INFO | epoch=078 train_batch=330/389 running_loss=0.041143
2026-08-19 20:39:56 | INFO | epoch=078 train_batch=340/389 running_loss=0.041117
2026-08-19 20:39:56 | INFO | epoch=078 train_batch=350/389 running_loss=0.041121
2026-08-19 20:39:56 | INFO | epoch=078 train_batch=360/389 running_loss=0.041098
2026-08-19 20:39:57 | INFO | epoch=078 train_batch=370/389 running_loss=0.041061
2026-08-19 20:39:57 | INFO | epoch=078 train_batch=380/389 running_loss=0.040985
2026-08-19 20:39:57 | INFO | epoch=078 train_batch=389/389 running_loss=0.040989
2026-08-19 20:39:58 | INFO | epoch=078 train_loss=0.040989 validation_loss=0.084649
2026-08-19 20:39:58 | INFO | epoch=078 saved new best.pt
2026-08-19 20:39:58 | INFO | epoch=079 train_batch=10/389 running_loss=0.039385
2026-08-19 20:39:58 | INFO | epoch=079 train_batch=20/389 running_loss=0.040013
2026-08-19 20:39:59 | INFO | epoch=079 train_batch=30/389 running_loss=0.040537
2026-08-19 20:39:59 | INFO | epoch=079 train_batch=40/389 running_loss=0.040005
2026-08-19 20:39:59 | INFO | epoch=079 train_batch=50/389 running_loss=0.039838
2026-08-19 20:39:59 | INFO | epoch=079 train_batch=60/389 running_loss=0.039956
2026-08-19 20:40:00 | INFO | epoch=079 train_batch=70/389 running_loss=0.039940
2026-08-19 20:40:00 | INFO | epoch=079 train_batch=80/389 running_loss=0.040090
2026-08-19 20:40:00 | INFO | epoch=079 train_batch=90/389 running_loss=0.040120
2026-08-19 20:40:01 | INFO | epoch=079 train_batch=100/389 running_loss=0.040368
2026-08-19 20:40:01 | INFO | epoch=079 train_batch=110/389 running_loss=0.040200
2026-08-19 20:40:01 | INFO | epoch=079 train_batch=120/389 running_loss=0.040393
2026-08-19 20:40:01 | INFO | epoch=079 train_batch=130/389 running_loss=0.040474
2026-08-19 20:40:02 | INFO | epoch=079 train_batch=140/389 running_loss=0.040329
2026-08-19 20:40:02 | INFO | epoch=079 train_batch=150/389 running_loss=0.040501
2026-08-19 20:40:02 | INFO | epoch=079 train_batch=160/389 running_loss=0.040511
2026-08-19 20:40:02 | INFO | epoch=079 train_batch=170/389 running_loss=0.040353
2026-08-19 20:40:03 | INFO | epoch=079 train_batch=180/389 running_loss=0.040288
2026-08-19 20:40:03 | INFO | epoch=079 train_batch=190/389 running_loss=0.040299
2026-08-19 20:40:03 | INFO | epoch=079 train_batch=200/389 running_loss=0.040344
2026-08-19 20:40:03 | INFO | epoch=079 train_batch=210/389 running_loss=0.040407
2026-08-19 20:40:04 | INFO | epoch=079 train_batch=220/389 running_loss=0.040423
2026-08-19 20:40:04 | INFO | epoch=079 train_batch=230/389 running_loss=0.040485
2026-08-19 20:40:04 | INFO | epoch=079 train_batch=240/389 running_loss=0.040397
2026-08-19 20:40:04 | INFO | epoch=079 train_batch=250/389 running_loss=0.040336
2026-08-19 20:40:05 | INFO | epoch=079 train_batch=260/389 running_loss=0.040451
2026-08-19 20:40:05 | INFO | epoch=079 train_batch=270/389 running_loss=0.040483
2026-08-19 20:40:05 | INFO | epoch=079 train_batch=280/389 running_loss=0.040378
2026-08-19 20:40:05 | INFO | epoch=079 train_batch=290/389 running_loss=0.040269
2026-08-19 20:40:06 | INFO | epoch=079 train_batch=300/389 running_loss=0.040329
2026-08-19 20:40:06 | INFO | epoch=079 train_batch=310/389 running_loss=0.040265
2026-08-19 20:40:06 | INFO | epoch=079 train_batch=320/389 running_loss=0.040346
2026-08-19 20:40:06 | INFO | epoch=079 train_batch=330/389 running_loss=0.040376
2026-08-19 20:40:07 | INFO | epoch=079 train_batch=340/389 running_loss=0.040398
2026-08-19 20:40:07 | INFO | epoch=079 train_batch=350/389 running_loss=0.040381
2026-08-19 20:40:07 | INFO | epoch=079 train_batch=360/389 running_loss=0.040422
2026-08-19 20:40:07 | INFO | epoch=079 train_batch=370/389 running_loss=0.040589
2026-08-19 20:40:08 | INFO | epoch=079 train_batch=380/389 running_loss=0.040595
2026-08-19 20:40:08 | INFO | epoch=079 train_batch=389/389 running_loss=0.040659
2026-08-19 20:40:09 | INFO | epoch=079 train_loss=0.040659 validation_loss=0.086609
2026-08-19 20:40:09 | INFO | epoch=080 train_batch=10/389 running_loss=0.039991
2026-08-19 20:40:09 | INFO | epoch=080 train_batch=20/389 running_loss=0.039415
2026-08-19 20:40:09 | INFO | epoch=080 train_batch=30/389 running_loss=0.039759
2026-08-19 20:40:10 | INFO | epoch=080 train_batch=40/389 running_loss=0.040105
2026-08-19 20:40:10 | INFO | epoch=080 train_batch=50/389 running_loss=0.040408
2026-08-19 20:40:10 | INFO | epoch=080 train_batch=60/389 running_loss=0.040679
2026-08-19 20:40:10 | INFO | epoch=080 train_batch=70/389 running_loss=0.040747
2026-08-19 20:40:11 | INFO | epoch=080 train_batch=80/389 running_loss=0.040668
2026-08-19 20:40:11 | INFO | epoch=080 train_batch=90/389 running_loss=0.040293
2026-08-19 20:40:11 | INFO | epoch=080 train_batch=100/389 running_loss=0.040260
2026-08-19 20:40:11 | INFO | epoch=080 train_batch=110/389 running_loss=0.040320
2026-08-19 20:40:12 | INFO | epoch=080 train_batch=120/389 running_loss=0.040381
2026-08-19 20:40:12 | INFO | epoch=080 train_batch=130/389 running_loss=0.040215
2026-08-19 20:40:12 | INFO | epoch=080 train_batch=140/389 running_loss=0.040284
2026-08-19 20:40:13 | INFO | epoch=080 train_batch=150/389 running_loss=0.040412
2026-08-19 20:40:13 | INFO | epoch=080 train_batch=160/389 running_loss=0.040386
2026-08-19 20:40:13 | INFO | epoch=080 train_batch=170/389 running_loss=0.040534
2026-08-19 20:40:13 | INFO | epoch=080 train_batch=180/389 running_loss=0.040464
2026-08-19 20:40:14 | INFO | epoch=080 train_batch=190/389 running_loss=0.040403
2026-08-19 20:40:14 | INFO | epoch=080 train_batch=200/389 running_loss=0.040598
2026-08-19 20:40:14 | INFO | epoch=080 train_batch=210/389 running_loss=0.040635
2026-08-19 20:40:14 | INFO | epoch=080 train_batch=220/389 running_loss=0.040730
2026-08-19 20:40:15 | INFO | epoch=080 train_batch=230/389 running_loss=0.040788
2026-08-19 20:40:15 | INFO | epoch=080 train_batch=240/389 running_loss=0.040698
2026-08-19 20:40:15 | INFO | epoch=080 train_batch=250/389 running_loss=0.040702
2026-08-19 20:40:15 | INFO | epoch=080 train_batch=260/389 running_loss=0.040759
2026-08-19 20:40:15 | INFO | epoch=080 train_batch=270/389 running_loss=0.040800
2026-08-19 20:40:16 | INFO | epoch=080 train_batch=280/389 running_loss=0.040764
2026-08-19 20:40:16 | INFO | epoch=080 train_batch=290/389 running_loss=0.040815
2026-08-19 20:40:16 | INFO | epoch=080 train_batch=300/389 running_loss=0.040777
2026-08-19 20:40:17 | INFO | epoch=080 train_batch=310/389 running_loss=0.040706
2026-08-19 20:40:17 | INFO | epoch=080 train_batch=320/389 running_loss=0.040727
2026-08-19 20:40:17 | INFO | epoch=080 train_batch=330/389 running_loss=0.040735
2026-08-19 20:40:17 | INFO | epoch=080 train_batch=340/389 running_loss=0.040830
2026-08-19 20:40:18 | INFO | epoch=080 train_batch=350/389 running_loss=0.040845
2026-08-19 20:40:18 | INFO | epoch=080 train_batch=360/389 running_loss=0.040779
2026-08-19 20:40:18 | INFO | epoch=080 train_batch=370/389 running_loss=0.040823
2026-08-19 20:40:18 | INFO | epoch=080 train_batch=380/389 running_loss=0.040738
2026-08-19 20:40:19 | INFO | epoch=080 train_batch=389/389 running_loss=0.040746
2026-08-19 20:40:19 | INFO | epoch=080 train_loss=0.040746 validation_loss=0.086956
2026-08-19 20:40:20 | INFO | epoch=081 train_batch=10/389 running_loss=0.041179
2026-08-19 20:40:20 | INFO | epoch=081 train_batch=20/389 running_loss=0.040718
2026-08-19 20:40:20 | INFO | epoch=081 train_batch=30/389 running_loss=0.039817
2026-08-19 20:40:20 | INFO | epoch=081 train_batch=40/389 running_loss=0.040433
2026-08-19 20:40:21 | INFO | epoch=081 train_batch=50/389 running_loss=0.039938
2026-08-19 20:40:21 | INFO | epoch=081 train_batch=60/389 running_loss=0.039699
2026-08-19 20:40:21 | INFO | epoch=081 train_batch=70/389 running_loss=0.039633
2026-08-19 20:40:21 | INFO | epoch=081 train_batch=80/389 running_loss=0.039758
2026-08-19 20:40:22 | INFO | epoch=081 train_batch=90/389 running_loss=0.039824
2026-08-19 20:40:22 | INFO | epoch=081 train_batch=100/389 running_loss=0.040226
2026-08-19 20:40:22 | INFO | epoch=081 train_batch=110/389 running_loss=0.040190
2026-08-19 20:40:22 | INFO | epoch=081 train_batch=120/389 running_loss=0.040180
2026-08-19 20:40:23 | INFO | epoch=081 train_batch=130/389 running_loss=0.040355
2026-08-19 20:40:23 | INFO | epoch=081 train_batch=140/389 running_loss=0.040547
2026-08-19 20:40:23 | INFO | epoch=081 train_batch=150/389 running_loss=0.040447
2026-08-19 20:40:23 | INFO | epoch=081 train_batch=160/389 running_loss=0.040393
2026-08-19 20:40:24 | INFO | epoch=081 train_batch=170/389 running_loss=0.040365
2026-08-19 20:40:24 | INFO | epoch=081 train_batch=180/389 running_loss=0.040327
2026-08-19 20:40:24 | INFO | epoch=081 train_batch=190/389 running_loss=0.040223
2026-08-19 20:40:24 | INFO | epoch=081 train_batch=200/389 running_loss=0.040287
2026-08-19 20:40:25 | INFO | epoch=081 train_batch=210/389 running_loss=0.040297
2026-08-19 20:40:25 | INFO | epoch=081 train_batch=220/389 running_loss=0.040303
2026-08-19 20:40:25 | INFO | epoch=081 train_batch=230/389 running_loss=0.040516
2026-08-19 20:40:25 | INFO | epoch=081 train_batch=240/389 running_loss=0.040495
2026-08-19 20:40:26 | INFO | epoch=081 train_batch=250/389 running_loss=0.040523
2026-08-19 20:40:26 | INFO | epoch=081 train_batch=260/389 running_loss=0.040435
2026-08-19 20:40:26 | INFO | epoch=081 train_batch=270/389 running_loss=0.040327
2026-08-19 20:40:26 | INFO | epoch=081 train_batch=280/389 running_loss=0.040376
2026-08-19 20:40:27 | INFO | epoch=081 train_batch=290/389 running_loss=0.040395
2026-08-19 20:40:27 | INFO | epoch=081 train_batch=300/389 running_loss=0.040404
2026-08-19 20:40:27 | INFO | epoch=081 train_batch=310/389 running_loss=0.040301
2026-08-19 20:40:27 | INFO | epoch=081 train_batch=320/389 running_loss=0.040348
2026-08-19 20:40:28 | INFO | epoch=081 train_batch=330/389 running_loss=0.040435
2026-08-19 20:40:28 | INFO | epoch=081 train_batch=340/389 running_loss=0.040461
2026-08-19 20:40:28 | INFO | epoch=081 train_batch=350/389 running_loss=0.040604
2026-08-19 20:40:28 | INFO | epoch=081 train_batch=360/389 running_loss=0.040584
2026-08-19 20:40:29 | INFO | epoch=081 train_batch=370/389 running_loss=0.040564
2026-08-19 20:40:29 | INFO | epoch=081 train_batch=380/389 running_loss=0.040597
2026-08-19 20:40:29 | INFO | epoch=081 train_batch=389/389 running_loss=0.040612
2026-08-19 20:40:30 | INFO | epoch=081 train_loss=0.040612 validation_loss=0.086344
2026-08-19 20:40:30 | INFO | epoch=082 train_batch=10/389 running_loss=0.035248
2026-08-19 20:40:30 | INFO | epoch=082 train_batch=20/389 running_loss=0.037884
2026-08-19 20:40:31 | INFO | epoch=082 train_batch=30/389 running_loss=0.037476
2026-08-19 20:40:31 | INFO | epoch=082 train_batch=40/389 running_loss=0.038421
2026-08-19 20:40:31 | INFO | epoch=082 train_batch=50/389 running_loss=0.038915
2026-08-19 20:40:32 | INFO | epoch=082 train_batch=60/389 running_loss=0.038771
2026-08-19 20:40:32 | INFO | epoch=082 train_batch=70/389 running_loss=0.038970
2026-08-19 20:40:32 | INFO | epoch=082 train_batch=80/389 running_loss=0.039605
2026-08-19 20:40:32 | INFO | epoch=082 train_batch=90/389 running_loss=0.039629
2026-08-19 20:40:33 | INFO | epoch=082 train_batch=100/389 running_loss=0.039822
2026-08-19 20:40:33 | INFO | epoch=082 train_batch=110/389 running_loss=0.039769
2026-08-19 20:40:33 | INFO | epoch=082 train_batch=120/389 running_loss=0.039867
2026-08-19 20:40:33 | INFO | epoch=082 train_batch=130/389 running_loss=0.039902
2026-08-19 20:40:34 | INFO | epoch=082 train_batch=140/389 running_loss=0.040003
2026-08-19 20:40:34 | INFO | epoch=082 train_batch=150/389 running_loss=0.040009
2026-08-19 20:40:34 | INFO | epoch=082 train_batch=160/389 running_loss=0.039777
2026-08-19 20:40:34 | INFO | epoch=082 train_batch=170/389 running_loss=0.039998
2026-08-19 20:40:35 | INFO | epoch=082 train_batch=180/389 running_loss=0.039864
2026-08-19 20:40:35 | INFO | epoch=082 train_batch=190/389 running_loss=0.039983
2026-08-19 20:40:35 | INFO | epoch=082 train_batch=200/389 running_loss=0.040030
2026-08-19 20:40:35 | INFO | epoch=082 train_batch=210/389 running_loss=0.040020
2026-08-19 20:40:36 | INFO | epoch=082 train_batch=220/389 running_loss=0.040021
2026-08-19 20:40:36 | INFO | epoch=082 train_batch=230/389 running_loss=0.040072
2026-08-19 20:40:36 | INFO | epoch=082 train_batch=240/389 running_loss=0.040144
2026-08-19 20:40:36 | INFO | epoch=082 train_batch=250/389 running_loss=0.040144
2026-08-19 20:40:37 | INFO | epoch=082 train_batch=260/389 running_loss=0.040118
2026-08-19 20:40:37 | INFO | epoch=082 train_batch=270/389 running_loss=0.040113
2026-08-19 20:40:37 | INFO | epoch=082 train_batch=280/389 running_loss=0.040089
2026-08-19 20:40:37 | INFO | epoch=082 train_batch=290/389 running_loss=0.040147
2026-08-19 20:40:38 | INFO | epoch=082 train_batch=300/389 running_loss=0.040079
2026-08-19 20:40:38 | INFO | epoch=082 train_batch=310/389 running_loss=0.040070
2026-08-19 20:40:38 | INFO | epoch=082 train_batch=320/389 running_loss=0.040127
2026-08-19 20:40:39 | INFO | epoch=082 train_batch=330/389 running_loss=0.040259
2026-08-19 20:40:39 | INFO | epoch=082 train_batch=340/389 running_loss=0.040325
2026-08-19 20:40:39 | INFO | epoch=082 train_batch=350/389 running_loss=0.040434
2026-08-19 20:40:39 | INFO | epoch=082 train_batch=360/389 running_loss=0.040521
2026-08-19 20:40:40 | INFO | epoch=082 train_batch=370/389 running_loss=0.040534
2026-08-19 20:40:40 | INFO | epoch=082 train_batch=380/389 running_loss=0.040535
2026-08-19 20:40:40 | INFO | epoch=082 train_batch=389/389 running_loss=0.040499
2026-08-19 20:40:41 | INFO | epoch=082 train_loss=0.040499 validation_loss=0.085411
2026-08-19 20:40:41 | INFO | epoch=083 train_batch=10/389 running_loss=0.040110
2026-08-19 20:40:41 | INFO | epoch=083 train_batch=20/389 running_loss=0.039553
2026-08-19 20:40:42 | INFO | epoch=083 train_batch=30/389 running_loss=0.038246
2026-08-19 20:40:42 | INFO | epoch=083 train_batch=40/389 running_loss=0.038760
2026-08-19 20:40:42 | INFO | epoch=083 train_batch=50/389 running_loss=0.040066
2026-08-19 20:40:42 | INFO | epoch=083 train_batch=60/389 running_loss=0.040482
2026-08-19 20:40:43 | INFO | epoch=083 train_batch=70/389 running_loss=0.040411
2026-08-19 20:40:43 | INFO | epoch=083 train_batch=80/389 running_loss=0.040004
2026-08-19 20:40:43 | INFO | epoch=083 train_batch=90/389 running_loss=0.040104
2026-08-19 20:40:43 | INFO | epoch=083 train_batch=100/389 running_loss=0.039930
2026-08-19 20:40:44 | INFO | epoch=083 train_batch=110/389 running_loss=0.040035
2026-08-19 20:40:44 | INFO | epoch=083 train_batch=120/389 running_loss=0.039896
2026-08-19 20:40:44 | INFO | epoch=083 train_batch=130/389 running_loss=0.039584
2026-08-19 20:40:44 | INFO | epoch=083 train_batch=140/389 running_loss=0.039573
2026-08-19 20:40:45 | INFO | epoch=083 train_batch=150/389 running_loss=0.039407
2026-08-19 20:40:45 | INFO | epoch=083 train_batch=160/389 running_loss=0.039549
2026-08-19 20:40:45 | INFO | epoch=083 train_batch=170/389 running_loss=0.039564
2026-08-19 20:40:45 | INFO | epoch=083 train_batch=180/389 running_loss=0.039526
2026-08-19 20:40:46 | INFO | epoch=083 train_batch=190/389 running_loss=0.039614
2026-08-19 20:40:46 | INFO | epoch=083 train_batch=200/389 running_loss=0.039716
2026-08-19 20:40:46 | INFO | epoch=083 train_batch=210/389 running_loss=0.039819
2026-08-19 20:40:46 | INFO | epoch=083 train_batch=220/389 running_loss=0.039867
2026-08-19 20:40:47 | INFO | epoch=083 train_batch=230/389 running_loss=0.039850
2026-08-19 20:40:47 | INFO | epoch=083 train_batch=240/389 running_loss=0.039872
2026-08-19 20:40:47 | INFO | epoch=083 train_batch=250/389 running_loss=0.040087
2026-08-19 20:40:47 | INFO | epoch=083 train_batch=260/389 running_loss=0.040232
2026-08-19 20:40:48 | INFO | epoch=083 train_batch=270/389 running_loss=0.040364
2026-08-19 20:40:48 | INFO | epoch=083 train_batch=280/389 running_loss=0.040427
2026-08-19 20:40:48 | INFO | epoch=083 train_batch=290/389 running_loss=0.040621
2026-08-19 20:40:48 | INFO | epoch=083 train_batch=300/389 running_loss=0.040635
2026-08-19 20:40:49 | INFO | epoch=083 train_batch=310/389 running_loss=0.040601
2026-08-19 20:40:49 | INFO | epoch=083 train_batch=320/389 running_loss=0.040605
2026-08-19 20:40:49 | INFO | epoch=083 train_batch=330/389 running_loss=0.040659
2026-08-19 20:40:49 | INFO | epoch=083 train_batch=340/389 running_loss=0.040627
2026-08-19 20:40:50 | INFO | epoch=083 train_batch=350/389 running_loss=0.040591
2026-08-19 20:40:50 | INFO | epoch=083 train_batch=360/389 running_loss=0.040510
2026-08-19 20:40:50 | INFO | epoch=083 train_batch=370/389 running_loss=0.040522
2026-08-19 20:40:51 | INFO | epoch=083 train_batch=380/389 running_loss=0.040495
2026-08-19 20:40:51 | INFO | epoch=083 train_batch=389/389 running_loss=0.040525
2026-08-19 20:40:51 | INFO | epoch=083 train_loss=0.040525 validation_loss=0.084814
2026-08-19 20:40:52 | INFO | epoch=084 train_batch=10/389 running_loss=0.041636
2026-08-19 20:40:52 | INFO | epoch=084 train_batch=20/389 running_loss=0.041313
2026-08-19 20:40:52 | INFO | epoch=084 train_batch=30/389 running_loss=0.041308
2026-08-19 20:40:53 | INFO | epoch=084 train_batch=40/389 running_loss=0.041844
2026-08-19 20:40:53 | INFO | epoch=084 train_batch=50/389 running_loss=0.041845
2026-08-19 20:40:53 | INFO | epoch=084 train_batch=60/389 running_loss=0.041697
2026-08-19 20:40:53 | INFO | epoch=084 train_batch=70/389 running_loss=0.041207
2026-08-19 20:40:54 | INFO | epoch=084 train_batch=80/389 running_loss=0.041104
2026-08-19 20:40:54 | INFO | epoch=084 train_batch=90/389 running_loss=0.040854
2026-08-19 20:40:54 | INFO | epoch=084 train_batch=100/389 running_loss=0.040733
2026-08-19 20:40:54 | INFO | epoch=084 train_batch=110/389 running_loss=0.040690
2026-08-19 20:40:55 | INFO | epoch=084 train_batch=120/389 running_loss=0.040503
2026-08-19 20:40:55 | INFO | epoch=084 train_batch=130/389 running_loss=0.040500
2026-08-19 20:40:55 | INFO | epoch=084 train_batch=140/389 running_loss=0.040540
2026-08-19 20:40:55 | INFO | epoch=084 train_batch=150/389 running_loss=0.040722
2026-08-19 20:40:56 | INFO | epoch=084 train_batch=160/389 running_loss=0.040709
2026-08-19 20:40:56 | INFO | epoch=084 train_batch=170/389 running_loss=0.040706
2026-08-19 20:40:56 | INFO | epoch=084 train_batch=180/389 running_loss=0.040586
2026-08-19 20:40:56 | INFO | epoch=084 train_batch=190/389 running_loss=0.040643
2026-08-19 20:40:57 | INFO | epoch=084 train_batch=200/389 running_loss=0.040676
2026-08-19 20:40:57 | INFO | epoch=084 train_batch=210/389 running_loss=0.040659
2026-08-19 20:40:57 | INFO | epoch=084 train_batch=220/389 running_loss=0.040585
2026-08-19 20:40:57 | INFO | epoch=084 train_batch=230/389 running_loss=0.040411
2026-08-19 20:40:58 | INFO | epoch=084 train_batch=240/389 running_loss=0.040389
2026-08-19 20:40:58 | INFO | epoch=084 train_batch=250/389 running_loss=0.040348
2026-08-19 20:40:58 | INFO | epoch=084 train_batch=260/389 running_loss=0.040362
2026-08-19 20:40:58 | INFO | epoch=084 train_batch=270/389 running_loss=0.040374
2026-08-19 20:40:59 | INFO | epoch=084 train_batch=280/389 running_loss=0.040370
2026-08-19 20:40:59 | INFO | epoch=084 train_batch=290/389 running_loss=0.040408
2026-08-19 20:40:59 | INFO | epoch=084 train_batch=300/389 running_loss=0.040405
2026-08-19 20:40:59 | INFO | epoch=084 train_batch=310/389 running_loss=0.040373
2026-08-19 20:41:00 | INFO | epoch=084 train_batch=320/389 running_loss=0.040404
2026-08-19 20:41:00 | INFO | epoch=084 train_batch=330/389 running_loss=0.040323
2026-08-19 20:41:00 | INFO | epoch=084 train_batch=340/389 running_loss=0.040331
2026-08-19 20:41:00 | INFO | epoch=084 train_batch=350/389 running_loss=0.040361
2026-08-19 20:41:01 | INFO | epoch=084 train_batch=360/389 running_loss=0.040412
2026-08-19 20:41:01 | INFO | epoch=084 train_batch=370/389 running_loss=0.040410
2026-08-19 20:41:01 | INFO | epoch=084 train_batch=380/389 running_loss=0.040371
2026-08-19 20:41:01 | INFO | epoch=084 train_batch=389/389 running_loss=0.040347
2026-08-19 20:41:02 | INFO | epoch=084 train_loss=0.040347 validation_loss=0.086205
2026-08-19 20:41:02 | INFO | epoch=085 train_batch=10/389 running_loss=0.038704
2026-08-19 20:41:03 | INFO | epoch=085 train_batch=20/389 running_loss=0.039418
2026-08-19 20:41:03 | INFO | epoch=085 train_batch=30/389 running_loss=0.040266
2026-08-19 20:41:03 | INFO | epoch=085 train_batch=40/389 running_loss=0.041037
2026-08-19 20:41:03 | INFO | epoch=085 train_batch=50/389 running_loss=0.040642
2026-08-19 20:41:04 | INFO | epoch=085 train_batch=60/389 running_loss=0.040443
2026-08-19 20:41:04 | INFO | epoch=085 train_batch=70/389 running_loss=0.040498
2026-08-19 20:41:04 | INFO | epoch=085 train_batch=80/389 running_loss=0.040403
2026-08-19 20:41:04 | INFO | epoch=085 train_batch=90/389 running_loss=0.040512
2026-08-19 20:41:05 | INFO | epoch=085 train_batch=100/389 running_loss=0.040497
2026-08-19 20:41:05 | INFO | epoch=085 train_batch=110/389 running_loss=0.040630
2026-08-19 20:41:05 | INFO | epoch=085 train_batch=120/389 running_loss=0.040504
2026-08-19 20:41:05 | INFO | epoch=085 train_batch=130/389 running_loss=0.040314
2026-08-19 20:41:06 | INFO | epoch=085 train_batch=140/389 running_loss=0.040110
2026-08-19 20:41:06 | INFO | epoch=085 train_batch=150/389 running_loss=0.040102
2026-08-19 20:41:06 | INFO | epoch=085 train_batch=160/389 running_loss=0.040048
2026-08-19 20:41:06 | INFO | epoch=085 train_batch=170/389 running_loss=0.040085
2026-08-19 20:41:07 | INFO | epoch=085 train_batch=180/389 running_loss=0.040085
2026-08-19 20:41:07 | INFO | epoch=085 train_batch=190/389 running_loss=0.039964
2026-08-19 20:41:07 | INFO | epoch=085 train_batch=200/389 running_loss=0.039955
2026-08-19 20:41:07 | INFO | epoch=085 train_batch=210/389 running_loss=0.040144
2026-08-19 20:41:08 | INFO | epoch=085 train_batch=220/389 running_loss=0.040255
2026-08-19 20:41:08 | INFO | epoch=085 train_batch=230/389 running_loss=0.040352
2026-08-19 20:41:08 | INFO | epoch=085 train_batch=240/389 running_loss=0.040352
2026-08-19 20:41:08 | INFO | epoch=085 train_batch=250/389 running_loss=0.040428
2026-08-19 20:41:09 | INFO | epoch=085 train_batch=260/389 running_loss=0.040323
2026-08-19 20:41:09 | INFO | epoch=085 train_batch=270/389 running_loss=0.040349
2026-08-19 20:41:09 | INFO | epoch=085 train_batch=280/389 running_loss=0.040391
2026-08-19 20:41:09 | INFO | epoch=085 train_batch=290/389 running_loss=0.040378
2026-08-19 20:41:10 | INFO | epoch=085 train_batch=300/389 running_loss=0.040391
2026-08-19 20:41:10 | INFO | epoch=085 train_batch=310/389 running_loss=0.040434
2026-08-19 20:41:10 | INFO | epoch=085 train_batch=320/389 running_loss=0.040409
2026-08-19 20:41:10 | INFO | epoch=085 train_batch=330/389 running_loss=0.040323
2026-08-19 20:41:11 | INFO | epoch=085 train_batch=340/389 running_loss=0.040273
2026-08-19 20:41:11 | INFO | epoch=085 train_batch=350/389 running_loss=0.040273
2026-08-19 20:41:11 | INFO | epoch=085 train_batch=360/389 running_loss=0.040334
2026-08-19 20:41:11 | INFO | epoch=085 train_batch=370/389 running_loss=0.040349
2026-08-19 20:41:12 | INFO | epoch=085 train_batch=380/389 running_loss=0.040359
2026-08-19 20:41:12 | INFO | epoch=085 train_batch=389/389 running_loss=0.040350
2026-08-19 20:41:13 | INFO | epoch=085 train_loss=0.040350 validation_loss=0.085524
2026-08-19 20:41:13 | INFO | epoch=086 train_batch=10/389 running_loss=0.038995
2026-08-19 20:41:13 | INFO | epoch=086 train_batch=20/389 running_loss=0.040804
2026-08-19 20:41:14 | INFO | epoch=086 train_batch=30/389 running_loss=0.040603
2026-08-19 20:41:14 | INFO | epoch=086 train_batch=40/389 running_loss=0.039864
2026-08-19 20:41:14 | INFO | epoch=086 train_batch=50/389 running_loss=0.039670
2026-08-19 20:41:14 | INFO | epoch=086 train_batch=60/389 running_loss=0.039707
2026-08-19 20:41:15 | INFO | epoch=086 train_batch=70/389 running_loss=0.039691
2026-08-19 20:41:15 | INFO | epoch=086 train_batch=80/389 running_loss=0.039498
2026-08-19 20:41:15 | INFO | epoch=086 train_batch=90/389 running_loss=0.039585
2026-08-19 20:41:15 | INFO | epoch=086 train_batch=100/389 running_loss=0.039460
2026-08-19 20:41:15 | INFO | epoch=086 train_batch=110/389 running_loss=0.039439
2026-08-19 20:41:16 | INFO | epoch=086 train_batch=120/389 running_loss=0.039348
2026-08-19 20:41:16 | INFO | epoch=086 train_batch=130/389 running_loss=0.039316
2026-08-19 20:41:16 | INFO | epoch=086 train_batch=140/389 running_loss=0.039497
2026-08-19 20:41:17 | INFO | epoch=086 train_batch=150/389 running_loss=0.039523
2026-08-19 20:41:17 | INFO | epoch=086 train_batch=160/389 running_loss=0.039624
2026-08-19 20:41:17 | INFO | epoch=086 train_batch=170/389 running_loss=0.039781
2026-08-19 20:41:17 | INFO | epoch=086 train_batch=180/389 running_loss=0.039956
2026-08-19 20:41:18 | INFO | epoch=086 train_batch=190/389 running_loss=0.039985
2026-08-19 20:41:18 | INFO | epoch=086 train_batch=200/389 running_loss=0.040010
2026-08-19 20:41:18 | INFO | epoch=086 train_batch=210/389 running_loss=0.040079
2026-08-19 20:41:18 | INFO | epoch=086 train_batch=220/389 running_loss=0.040109
2026-08-19 20:41:19 | INFO | epoch=086 train_batch=230/389 running_loss=0.040198
2026-08-19 20:41:19 | INFO | epoch=086 train_batch=240/389 running_loss=0.040229
2026-08-19 20:41:19 | INFO | epoch=086 train_batch=250/389 running_loss=0.040203
2026-08-19 20:41:19 | INFO | epoch=086 train_batch=260/389 running_loss=0.040175
2026-08-19 20:41:20 | INFO | epoch=086 train_batch=270/389 running_loss=0.040179
2026-08-19 20:41:20 | INFO | epoch=086 train_batch=280/389 running_loss=0.040185
2026-08-19 20:41:20 | INFO | epoch=086 train_batch=290/389 running_loss=0.040086
2026-08-19 20:41:20 | INFO | epoch=086 train_batch=300/389 running_loss=0.040005
2026-08-19 20:41:21 | INFO | epoch=086 train_batch=310/389 running_loss=0.040047
2026-08-19 20:41:21 | INFO | epoch=086 train_batch=320/389 running_loss=0.040014
2026-08-19 20:41:21 | INFO | epoch=086 train_batch=330/389 running_loss=0.040113
2026-08-19 20:41:21 | INFO | epoch=086 train_batch=340/389 running_loss=0.040112
2026-08-19 20:41:22 | INFO | epoch=086 train_batch=350/389 running_loss=0.040071
2026-08-19 20:41:22 | INFO | epoch=086 train_batch=360/389 running_loss=0.040129
2026-08-19 20:41:22 | INFO | epoch=086 train_batch=370/389 running_loss=0.040246
2026-08-19 20:41:22 | INFO | epoch=086 train_batch=380/389 running_loss=0.040210
2026-08-19 20:41:22 | INFO | epoch=086 train_batch=389/389 running_loss=0.040171
2026-08-19 20:41:23 | INFO | epoch=086 train_loss=0.040171 validation_loss=0.085016
2026-08-19 20:41:24 | INFO | epoch=087 train_batch=10/389 running_loss=0.040303
2026-08-19 20:41:24 | INFO | epoch=087 train_batch=20/389 running_loss=0.040087
2026-08-19 20:41:24 | INFO | epoch=087 train_batch=30/389 running_loss=0.040145
2026-08-19 20:41:24 | INFO | epoch=087 train_batch=40/389 running_loss=0.040352
2026-08-19 20:41:25 | INFO | epoch=087 train_batch=50/389 running_loss=0.040665
2026-08-19 20:41:25 | INFO | epoch=087 train_batch=60/389 running_loss=0.040305
2026-08-19 20:41:25 | INFO | epoch=087 train_batch=70/389 running_loss=0.039975
2026-08-19 20:41:25 | INFO | epoch=087 train_batch=80/389 running_loss=0.039878
2026-08-19 20:41:26 | INFO | epoch=087 train_batch=90/389 running_loss=0.040043
2026-08-19 20:41:26 | INFO | epoch=087 train_batch=100/389 running_loss=0.039924
2026-08-19 20:41:26 | INFO | epoch=087 train_batch=110/389 running_loss=0.040224
2026-08-19 20:41:26 | INFO | epoch=087 train_batch=120/389 running_loss=0.040064
2026-08-19 20:41:27 | INFO | epoch=087 train_batch=130/389 running_loss=0.039908
2026-08-19 20:41:27 | INFO | epoch=087 train_batch=140/389 running_loss=0.039992
2026-08-19 20:41:27 | INFO | epoch=087 train_batch=150/389 running_loss=0.039789
2026-08-19 20:41:27 | INFO | epoch=087 train_batch=160/389 running_loss=0.039856
2026-08-19 20:41:28 | INFO | epoch=087 train_batch=170/389 running_loss=0.039895
2026-08-19 20:41:28 | INFO | epoch=087 train_batch=180/389 running_loss=0.039892
2026-08-19 20:41:28 | INFO | epoch=087 train_batch=190/389 running_loss=0.039786
2026-08-19 20:41:28 | INFO | epoch=087 train_batch=200/389 running_loss=0.039812
2026-08-19 20:41:29 | INFO | epoch=087 train_batch=210/389 running_loss=0.039827
2026-08-19 20:41:29 | INFO | epoch=087 train_batch=220/389 running_loss=0.039819
2026-08-19 20:41:29 | INFO | epoch=087 train_batch=230/389 running_loss=0.039890
2026-08-19 20:41:29 | INFO | epoch=087 train_batch=240/389 running_loss=0.039870
2026-08-19 20:41:30 | INFO | epoch=087 train_batch=250/389 running_loss=0.039782
2026-08-19 20:41:30 | INFO | epoch=087 train_batch=260/389 running_loss=0.039683
2026-08-19 20:41:30 | INFO | epoch=087 train_batch=270/389 running_loss=0.039790
2026-08-19 20:41:30 | INFO | epoch=087 train_batch=280/389 running_loss=0.039791
2026-08-19 20:41:31 | INFO | epoch=087 train_batch=290/389 running_loss=0.039834
2026-08-19 20:41:31 | INFO | epoch=087 train_batch=300/389 running_loss=0.039911
2026-08-19 20:41:31 | INFO | epoch=087 train_batch=310/389 running_loss=0.039969
2026-08-19 20:41:31 | INFO | epoch=087 train_batch=320/389 running_loss=0.039940
2026-08-19 20:41:32 | INFO | epoch=087 train_batch=330/389 running_loss=0.039940
2026-08-19 20:41:32 | INFO | epoch=087 train_batch=340/389 running_loss=0.039935
2026-08-19 20:41:32 | INFO | epoch=087 train_batch=350/389 running_loss=0.039971
2026-08-19 20:41:32 | INFO | epoch=087 train_batch=360/389 running_loss=0.039994
2026-08-19 20:41:33 | INFO | epoch=087 train_batch=370/389 running_loss=0.039961
2026-08-19 20:41:33 | INFO | epoch=087 train_batch=380/389 running_loss=0.039983
2026-08-19 20:41:33 | INFO | epoch=087 train_batch=389/389 running_loss=0.040041
2026-08-19 20:41:34 | INFO | epoch=087 train_loss=0.040041 validation_loss=0.086424
2026-08-19 20:41:34 | INFO | epoch=088 train_batch=10/389 running_loss=0.042677
2026-08-19 20:41:35 | INFO | epoch=088 train_batch=20/389 running_loss=0.041144
2026-08-19 20:41:35 | INFO | epoch=088 train_batch=30/389 running_loss=0.039783
2026-08-19 20:41:35 | INFO | epoch=088 train_batch=40/389 running_loss=0.039903
2026-08-19 20:41:35 | INFO | epoch=088 train_batch=50/389 running_loss=0.040166
2026-08-19 20:41:36 | INFO | epoch=088 train_batch=60/389 running_loss=0.039896
2026-08-19 20:41:36 | INFO | epoch=088 train_batch=70/389 running_loss=0.039755
2026-08-19 20:41:36 | INFO | epoch=088 train_batch=80/389 running_loss=0.039622
2026-08-19 20:41:36 | INFO | epoch=088 train_batch=90/389 running_loss=0.039590
2026-08-19 20:41:37 | INFO | epoch=088 train_batch=100/389 running_loss=0.039706
2026-08-19 20:41:37 | INFO | epoch=088 train_batch=110/389 running_loss=0.039713
2026-08-19 20:41:37 | INFO | epoch=088 train_batch=120/389 running_loss=0.039695
2026-08-19 20:41:37 | INFO | epoch=088 train_batch=130/389 running_loss=0.039810
2026-08-19 20:41:38 | INFO | epoch=088 train_batch=140/389 running_loss=0.039905
2026-08-19 20:41:38 | INFO | epoch=088 train_batch=150/389 running_loss=0.040179
2026-08-19 20:41:38 | INFO | epoch=088 train_batch=160/389 running_loss=0.040190
2026-08-19 20:41:38 | INFO | epoch=088 train_batch=170/389 running_loss=0.040249
2026-08-19 20:41:39 | INFO | epoch=088 train_batch=180/389 running_loss=0.040300
2026-08-19 20:41:39 | INFO | epoch=088 train_batch=190/389 running_loss=0.040353
2026-08-19 20:41:39 | INFO | epoch=088 train_batch=200/389 running_loss=0.040254
2026-08-19 20:41:39 | INFO | epoch=088 train_batch=210/389 running_loss=0.040310
2026-08-19 20:41:40 | INFO | epoch=088 train_batch=220/389 running_loss=0.040369
2026-08-19 20:41:40 | INFO | epoch=088 train_batch=230/389 running_loss=0.040489
2026-08-19 20:41:40 | INFO | epoch=088 train_batch=240/389 running_loss=0.040428
2026-08-19 20:41:40 | INFO | epoch=088 train_batch=250/389 running_loss=0.040511
2026-08-19 20:41:41 | INFO | epoch=088 train_batch=260/389 running_loss=0.040424
2026-08-19 20:41:41 | INFO | epoch=088 train_batch=270/389 running_loss=0.040357
2026-08-19 20:41:41 | INFO | epoch=088 train_batch=280/389 running_loss=0.040329
2026-08-19 20:41:41 | INFO | epoch=088 train_batch=290/389 running_loss=0.040210
2026-08-19 20:41:42 | INFO | epoch=088 train_batch=300/389 running_loss=0.040149
2026-08-19 20:41:42 | INFO | epoch=088 train_batch=310/389 running_loss=0.040150
2026-08-19 20:41:42 | INFO | epoch=088 train_batch=320/389 running_loss=0.040120
2026-08-19 20:41:42 | INFO | epoch=088 train_batch=330/389 running_loss=0.040124
2026-08-19 20:41:43 | INFO | epoch=088 train_batch=340/389 running_loss=0.040096
2026-08-19 20:41:43 | INFO | epoch=088 train_batch=350/389 running_loss=0.040133
2026-08-19 20:41:43 | INFO | epoch=088 train_batch=360/389 running_loss=0.040106
2026-08-19 20:41:43 | INFO | epoch=088 train_batch=370/389 running_loss=0.040085
2026-08-19 20:41:44 | INFO | epoch=088 train_batch=380/389 running_loss=0.040062
2026-08-19 20:41:44 | INFO | epoch=088 train_batch=389/389 running_loss=0.040053
2026-08-19 20:41:45 | INFO | epoch=088 train_loss=0.040053 validation_loss=0.086755
2026-08-19 20:41:45 | INFO | epoch=089 train_batch=10/389 running_loss=0.036127
2026-08-19 20:41:45 | INFO | epoch=089 train_batch=20/389 running_loss=0.037325
2026-08-19 20:41:45 | INFO | epoch=089 train_batch=30/389 running_loss=0.038759
2026-08-19 20:41:46 | INFO | epoch=089 train_batch=40/389 running_loss=0.039476
2026-08-19 20:41:46 | INFO | epoch=089 train_batch=50/389 running_loss=0.039225
2026-08-19 20:41:46 | INFO | epoch=089 train_batch=60/389 running_loss=0.038754
2026-08-19 20:41:46 | INFO | epoch=089 train_batch=70/389 running_loss=0.038949
2026-08-19 20:41:47 | INFO | epoch=089 train_batch=80/389 running_loss=0.038813
2026-08-19 20:41:47 | INFO | epoch=089 train_batch=90/389 running_loss=0.039001
2026-08-19 20:41:47 | INFO | epoch=089 train_batch=100/389 running_loss=0.039201
2026-08-19 20:41:47 | INFO | epoch=089 train_batch=110/389 running_loss=0.039411
2026-08-19 20:41:48 | INFO | epoch=089 train_batch=120/389 running_loss=0.039280
2026-08-19 20:41:48 | INFO | epoch=089 train_batch=130/389 running_loss=0.039315
2026-08-19 20:41:48 | INFO | epoch=089 train_batch=140/389 running_loss=0.039429
2026-08-19 20:41:48 | INFO | epoch=089 train_batch=150/389 running_loss=0.039643
2026-08-19 20:41:49 | INFO | epoch=089 train_batch=160/389 running_loss=0.039729
2026-08-19 20:41:49 | INFO | epoch=089 train_batch=170/389 running_loss=0.039841
2026-08-19 20:41:49 | INFO | epoch=089 train_batch=180/389 running_loss=0.039810
2026-08-19 20:41:49 | INFO | epoch=089 train_batch=190/389 running_loss=0.039988
2026-08-19 20:41:50 | INFO | epoch=089 train_batch=200/389 running_loss=0.039880
2026-08-19 20:41:50 | INFO | epoch=089 train_batch=210/389 running_loss=0.039781
2026-08-19 20:41:50 | INFO | epoch=089 train_batch=220/389 running_loss=0.039683
2026-08-19 20:41:50 | INFO | epoch=089 train_batch=230/389 running_loss=0.039576
2026-08-19 20:41:51 | INFO | epoch=089 train_batch=240/389 running_loss=0.039548
2026-08-19 20:41:51 | INFO | epoch=089 train_batch=250/389 running_loss=0.039697
2026-08-19 20:41:51 | INFO | epoch=089 train_batch=260/389 running_loss=0.039650
2026-08-19 20:41:52 | INFO | epoch=089 train_batch=270/389 running_loss=0.039591
2026-08-19 20:41:52 | INFO | epoch=089 train_batch=280/389 running_loss=0.039659
2026-08-19 20:41:52 | INFO | epoch=089 train_batch=290/389 running_loss=0.039653
2026-08-19 20:41:52 | INFO | epoch=089 train_batch=300/389 running_loss=0.039668
2026-08-19 20:41:53 | INFO | epoch=089 train_batch=310/389 running_loss=0.039727
2026-08-19 20:41:53 | INFO | epoch=089 train_batch=320/389 running_loss=0.039744
2026-08-19 20:41:53 | INFO | epoch=089 train_batch=330/389 running_loss=0.039733
2026-08-19 20:41:53 | INFO | epoch=089 train_batch=340/389 running_loss=0.039758
2026-08-19 20:41:54 | INFO | epoch=089 train_batch=350/389 running_loss=0.039730
2026-08-19 20:41:54 | INFO | epoch=089 train_batch=360/389 running_loss=0.039740
2026-08-19 20:41:54 | INFO | epoch=089 train_batch=370/389 running_loss=0.039763
2026-08-19 20:41:54 | INFO | epoch=089 train_batch=380/389 running_loss=0.039758
2026-08-19 20:41:54 | INFO | epoch=089 train_batch=389/389 running_loss=0.039757
2026-08-19 20:41:55 | INFO | epoch=089 train_loss=0.039757 validation_loss=0.083716
2026-08-19 20:41:55 | INFO | epoch=089 saved new best.pt
2026-08-19 20:41:56 | INFO | epoch=090 train_batch=10/389 running_loss=0.039007
2026-08-19 20:41:56 | INFO | epoch=090 train_batch=20/389 running_loss=0.038955
2026-08-19 20:41:56 | INFO | epoch=090 train_batch=30/389 running_loss=0.037995
2026-08-19 20:41:56 | INFO | epoch=090 train_batch=40/389 running_loss=0.038598
2026-08-19 20:41:57 | INFO | epoch=090 train_batch=50/389 running_loss=0.038785
2026-08-19 20:41:57 | INFO | epoch=090 train_batch=60/389 running_loss=0.038957
2026-08-19 20:41:57 | INFO | epoch=090 train_batch=70/389 running_loss=0.038915
2026-08-19 20:41:57 | INFO | epoch=090 train_batch=80/389 running_loss=0.039095
2026-08-19 20:41:58 | INFO | epoch=090 train_batch=90/389 running_loss=0.039124
2026-08-19 20:41:58 | INFO | epoch=090 train_batch=100/389 running_loss=0.039310
2026-08-19 20:41:58 | INFO | epoch=090 train_batch=110/389 running_loss=0.039508
2026-08-19 20:41:58 | INFO | epoch=090 train_batch=120/389 running_loss=0.039591
2026-08-19 20:41:59 | INFO | epoch=090 train_batch=130/389 running_loss=0.039399
2026-08-19 20:41:59 | INFO | epoch=090 train_batch=140/389 running_loss=0.039378
2026-08-19 20:41:59 | INFO | epoch=090 train_batch=150/389 running_loss=0.039492
2026-08-19 20:41:59 | INFO | epoch=090 train_batch=160/389 running_loss=0.039586
2026-08-19 20:42:00 | INFO | epoch=090 train_batch=170/389 running_loss=0.039537
2026-08-19 20:42:00 | INFO | epoch=090 train_batch=180/389 running_loss=0.039574
2026-08-19 20:42:00 | INFO | epoch=090 train_batch=190/389 running_loss=0.039565
2026-08-19 20:42:00 | INFO | epoch=090 train_batch=200/389 running_loss=0.039702
2026-08-19 20:42:01 | INFO | epoch=090 train_batch=210/389 running_loss=0.039790
2026-08-19 20:42:01 | INFO | epoch=090 train_batch=220/389 running_loss=0.039868
2026-08-19 20:42:01 | INFO | epoch=090 train_batch=230/389 running_loss=0.039879
2026-08-19 20:42:01 | INFO | epoch=090 train_batch=240/389 running_loss=0.039774
2026-08-19 20:42:02 | INFO | epoch=090 train_batch=250/389 running_loss=0.039728
2026-08-19 20:42:02 | INFO | epoch=090 train_batch=260/389 running_loss=0.039723
2026-08-19 20:42:02 | INFO | epoch=090 train_batch=270/389 running_loss=0.039663
2026-08-19 20:42:02 | INFO | epoch=090 train_batch=280/389 running_loss=0.039717
2026-08-19 20:42:03 | INFO | epoch=090 train_batch=290/389 running_loss=0.039702
2026-08-19 20:42:03 | INFO | epoch=090 train_batch=300/389 running_loss=0.039658
2026-08-19 20:42:03 | INFO | epoch=090 train_batch=310/389 running_loss=0.039672
2026-08-19 20:42:03 | INFO | epoch=090 train_batch=320/389 running_loss=0.039640
2026-08-19 20:42:04 | INFO | epoch=090 train_batch=330/389 running_loss=0.039595
2026-08-19 20:42:04 | INFO | epoch=090 train_batch=340/389 running_loss=0.039622
2026-08-19 20:42:04 | INFO | epoch=090 train_batch=350/389 running_loss=0.039659
2026-08-19 20:42:04 | INFO | epoch=090 train_batch=360/389 running_loss=0.039673
2026-08-19 20:42:05 | INFO | epoch=090 train_batch=370/389 running_loss=0.039652
2026-08-19 20:42:05 | INFO | epoch=090 train_batch=380/389 running_loss=0.039645
2026-08-19 20:42:05 | INFO | epoch=090 train_batch=389/389 running_loss=0.039743
2026-08-19 20:42:06 | INFO | epoch=090 train_loss=0.039743 validation_loss=0.088202
2026-08-19 20:42:06 | INFO | epoch=091 train_batch=10/389 running_loss=0.038040
2026-08-19 20:42:06 | INFO | epoch=091 train_batch=20/389 running_loss=0.041121
2026-08-19 20:42:07 | INFO | epoch=091 train_batch=30/389 running_loss=0.040860
2026-08-19 20:42:07 | INFO | epoch=091 train_batch=40/389 running_loss=0.040572
2026-08-19 20:42:07 | INFO | epoch=091 train_batch=50/389 running_loss=0.040536
2026-08-19 20:42:07 | INFO | epoch=091 train_batch=60/389 running_loss=0.040077
2026-08-19 20:42:08 | INFO | epoch=091 train_batch=70/389 running_loss=0.039461
2026-08-19 20:42:08 | INFO | epoch=091 train_batch=80/389 running_loss=0.039496
2026-08-19 20:42:08 | INFO | epoch=091 train_batch=90/389 running_loss=0.039341
2026-08-19 20:42:08 | INFO | epoch=091 train_batch=100/389 running_loss=0.039454
2026-08-19 20:42:09 | INFO | epoch=091 train_batch=110/389 running_loss=0.039447
2026-08-19 20:42:09 | INFO | epoch=091 train_batch=120/389 running_loss=0.039298
2026-08-19 20:42:09 | INFO | epoch=091 train_batch=130/389 running_loss=0.039294
2026-08-19 20:42:09 | INFO | epoch=091 train_batch=140/389 running_loss=0.039382
2026-08-19 20:42:10 | INFO | epoch=091 train_batch=150/389 running_loss=0.039333
2026-08-19 20:42:10 | INFO | epoch=091 train_batch=160/389 running_loss=0.039459
2026-08-19 20:42:10 | INFO | epoch=091 train_batch=170/389 running_loss=0.039714
2026-08-19 20:42:10 | INFO | epoch=091 train_batch=180/389 running_loss=0.039654
2026-08-19 20:42:11 | INFO | epoch=091 train_batch=190/389 running_loss=0.039439
2026-08-19 20:42:11 | INFO | epoch=091 train_batch=200/389 running_loss=0.039413
2026-08-19 20:42:11 | INFO | epoch=091 train_batch=210/389 running_loss=0.039416
2026-08-19 20:42:11 | INFO | epoch=091 train_batch=220/389 running_loss=0.039386
2026-08-19 20:42:12 | INFO | epoch=091 train_batch=230/389 running_loss=0.039342
2026-08-19 20:42:12 | INFO | epoch=091 train_batch=240/389 running_loss=0.039345
2026-08-19 20:42:12 | INFO | epoch=091 train_batch=250/389 running_loss=0.039332
2026-08-19 20:42:12 | INFO | epoch=091 train_batch=260/389 running_loss=0.039385
2026-08-19 20:42:13 | INFO | epoch=091 train_batch=270/389 running_loss=0.039376
2026-08-19 20:42:13 | INFO | epoch=091 train_batch=280/389 running_loss=0.039428
2026-08-19 20:42:13 | INFO | epoch=091 train_batch=290/389 running_loss=0.039428
2026-08-19 20:42:13 | INFO | epoch=091 train_batch=300/389 running_loss=0.039400
2026-08-19 20:42:14 | INFO | epoch=091 train_batch=310/389 running_loss=0.039458
2026-08-19 20:42:14 | INFO | epoch=091 train_batch=320/389 running_loss=0.039505
2026-08-19 20:42:14 | INFO | epoch=091 train_batch=330/389 running_loss=0.039629
2026-08-19 20:42:14 | INFO | epoch=091 train_batch=340/389 running_loss=0.039607
2026-08-19 20:42:15 | INFO | epoch=091 train_batch=350/389 running_loss=0.039737
2026-08-19 20:42:15 | INFO | epoch=091 train_batch=360/389 running_loss=0.039788
2026-08-19 20:42:15 | INFO | epoch=091 train_batch=370/389 running_loss=0.039822
2026-08-19 20:42:15 | INFO | epoch=091 train_batch=380/389 running_loss=0.039905
2026-08-19 20:42:16 | INFO | epoch=091 train_batch=389/389 running_loss=0.039979
2026-08-19 20:42:16 | INFO | epoch=091 train_loss=0.039979 validation_loss=0.087647
2026-08-19 20:42:17 | INFO | epoch=092 train_batch=10/389 running_loss=0.037621
2026-08-19 20:42:17 | INFO | epoch=092 train_batch=20/389 running_loss=0.036899
2026-08-19 20:42:17 | INFO | epoch=092 train_batch=30/389 running_loss=0.037146
2026-08-19 20:42:17 | INFO | epoch=092 train_batch=40/389 running_loss=0.037820
2026-08-19 20:42:18 | INFO | epoch=092 train_batch=50/389 running_loss=0.038293
2026-08-19 20:42:18 | INFO | epoch=092 train_batch=60/389 running_loss=0.039359
2026-08-19 20:42:18 | INFO | epoch=092 train_batch=70/389 running_loss=0.039165
2026-08-19 20:42:18 | INFO | epoch=092 train_batch=80/389 running_loss=0.039183
2026-08-19 20:42:19 | INFO | epoch=092 train_batch=90/389 running_loss=0.039284
2026-08-19 20:42:19 | INFO | epoch=092 train_batch=100/389 running_loss=0.039485
2026-08-19 20:42:19 | INFO | epoch=092 train_batch=110/389 running_loss=0.039571
2026-08-19 20:42:19 | INFO | epoch=092 train_batch=120/389 running_loss=0.039529
2026-08-19 20:42:20 | INFO | epoch=092 train_batch=130/389 running_loss=0.039221
2026-08-19 20:42:20 | INFO | epoch=092 train_batch=140/389 running_loss=0.039105
2026-08-19 20:42:20 | INFO | epoch=092 train_batch=150/389 running_loss=0.039333
2026-08-19 20:42:20 | INFO | epoch=092 train_batch=160/389 running_loss=0.039295
2026-08-19 20:42:21 | INFO | epoch=092 train_batch=170/389 running_loss=0.039187
2026-08-19 20:42:21 | INFO | epoch=092 train_batch=180/389 running_loss=0.039218
2026-08-19 20:42:21 | INFO | epoch=092 train_batch=190/389 running_loss=0.039303
2026-08-19 20:42:21 | INFO | epoch=092 train_batch=200/389 running_loss=0.039260
2026-08-19 20:42:22 | INFO | epoch=092 train_batch=210/389 running_loss=0.039182
2026-08-19 20:42:22 | INFO | epoch=092 train_batch=220/389 running_loss=0.039223
2026-08-19 20:42:22 | INFO | epoch=092 train_batch=230/389 running_loss=0.039364
2026-08-19 20:42:22 | INFO | epoch=092 train_batch=240/389 running_loss=0.039464
2026-08-19 20:42:23 | INFO | epoch=092 train_batch=250/389 running_loss=0.039422
2026-08-19 20:42:23 | INFO | epoch=092 train_batch=260/389 running_loss=0.039408
2026-08-19 20:42:23 | INFO | epoch=092 train_batch=270/389 running_loss=0.039415
2026-08-19 20:42:23 | INFO | epoch=092 train_batch=280/389 running_loss=0.039513
2026-08-19 20:42:24 | INFO | epoch=092 train_batch=290/389 running_loss=0.039551
2026-08-19 20:42:24 | INFO | epoch=092 train_batch=300/389 running_loss=0.039456
2026-08-19 20:42:24 | INFO | epoch=092 train_batch=310/389 running_loss=0.039377
2026-08-19 20:42:24 | INFO | epoch=092 train_batch=320/389 running_loss=0.039456
2026-08-19 20:42:25 | INFO | epoch=092 train_batch=330/389 running_loss=0.039525
2026-08-19 20:42:25 | INFO | epoch=092 train_batch=340/389 running_loss=0.039491
2026-08-19 20:42:25 | INFO | epoch=092 train_batch=350/389 running_loss=0.039584
2026-08-19 20:42:26 | INFO | epoch=092 train_batch=360/389 running_loss=0.039599
2026-08-19 20:42:26 | INFO | epoch=092 train_batch=370/389 running_loss=0.039644
2026-08-19 20:42:26 | INFO | epoch=092 train_batch=380/389 running_loss=0.039688
2026-08-19 20:42:26 | INFO | epoch=092 train_batch=389/389 running_loss=0.039680
2026-08-19 20:42:27 | INFO | epoch=092 train_loss=0.039680 validation_loss=0.088167
2026-08-19 20:42:27 | INFO | epoch=093 train_batch=10/389 running_loss=0.039199
2026-08-19 20:42:28 | INFO | epoch=093 train_batch=20/389 running_loss=0.040467
2026-08-19 20:42:28 | INFO | epoch=093 train_batch=30/389 running_loss=0.040360
2026-08-19 20:42:28 | INFO | epoch=093 train_batch=40/389 running_loss=0.039836
2026-08-19 20:42:28 | INFO | epoch=093 train_batch=50/389 running_loss=0.039588
2026-08-19 20:42:29 | INFO | epoch=093 train_batch=60/389 running_loss=0.039841
2026-08-19 20:42:29 | INFO | epoch=093 train_batch=70/389 running_loss=0.040153
2026-08-19 20:42:29 | INFO | epoch=093 train_batch=80/389 running_loss=0.040143
2026-08-19 20:42:29 | INFO | epoch=093 train_batch=90/389 running_loss=0.040088
2026-08-19 20:42:30 | INFO | epoch=093 train_batch=100/389 running_loss=0.039861
2026-08-19 20:42:30 | INFO | epoch=093 train_batch=110/389 running_loss=0.040121
2026-08-19 20:42:30 | INFO | epoch=093 train_batch=120/389 running_loss=0.039856
2026-08-19 20:42:30 | INFO | epoch=093 train_batch=130/389 running_loss=0.039695
2026-08-19 20:42:31 | INFO | epoch=093 train_batch=140/389 running_loss=0.039641
2026-08-19 20:42:31 | INFO | epoch=093 train_batch=150/389 running_loss=0.039415
2026-08-19 20:42:31 | INFO | epoch=093 train_batch=160/389 running_loss=0.039509
2026-08-19 20:42:31 | INFO | epoch=093 train_batch=170/389 running_loss=0.039536
2026-08-19 20:42:32 | INFO | epoch=093 train_batch=180/389 running_loss=0.039563
2026-08-19 20:42:32 | INFO | epoch=093 train_batch=190/389 running_loss=0.039580
2026-08-19 20:42:32 | INFO | epoch=093 train_batch=200/389 running_loss=0.039597
2026-08-19 20:42:32 | INFO | epoch=093 train_batch=210/389 running_loss=0.039621
2026-08-19 20:42:33 | INFO | epoch=093 train_batch=220/389 running_loss=0.039674
2026-08-19 20:42:33 | INFO | epoch=093 train_batch=230/389 running_loss=0.039811
2026-08-19 20:42:33 | INFO | epoch=093 train_batch=240/389 running_loss=0.039700
2026-08-19 20:42:33 | INFO | epoch=093 train_batch=250/389 running_loss=0.039644
2026-08-19 20:42:34 | INFO | epoch=093 train_batch=260/389 running_loss=0.039656
2026-08-19 20:42:34 | INFO | epoch=093 train_batch=270/389 running_loss=0.039641
2026-08-19 20:42:34 | INFO | epoch=093 train_batch=280/389 running_loss=0.039675
2026-08-19 20:42:34 | INFO | epoch=093 train_batch=290/389 running_loss=0.039692
2026-08-19 20:42:35 | INFO | epoch=093 train_batch=300/389 running_loss=0.039739
2026-08-19 20:42:35 | INFO | epoch=093 train_batch=310/389 running_loss=0.039732
2026-08-19 20:42:35 | INFO | epoch=093 train_batch=320/389 running_loss=0.039722
2026-08-19 20:42:35 | INFO | epoch=093 train_batch=330/389 running_loss=0.039757
2026-08-19 20:42:36 | INFO | epoch=093 train_batch=340/389 running_loss=0.039740
2026-08-19 20:42:36 | INFO | epoch=093 train_batch=350/389 running_loss=0.039788
2026-08-19 20:42:36 | INFO | epoch=093 train_batch=360/389 running_loss=0.039829
2026-08-19 20:42:36 | INFO | epoch=093 train_batch=370/389 running_loss=0.039804
2026-08-19 20:42:37 | INFO | epoch=093 train_batch=380/389 running_loss=0.039799
2026-08-19 20:42:37 | INFO | epoch=093 train_batch=389/389 running_loss=0.039778
2026-08-19 20:42:37 | INFO | epoch=093 train_loss=0.039778 validation_loss=0.088187
2026-08-19 20:42:38 | INFO | epoch=094 train_batch=10/389 running_loss=0.041179
2026-08-19 20:42:38 | INFO | epoch=094 train_batch=20/389 running_loss=0.041050
2026-08-19 20:42:38 | INFO | epoch=094 train_batch=30/389 running_loss=0.040378
2026-08-19 20:42:39 | INFO | epoch=094 train_batch=40/389 running_loss=0.040709
2026-08-19 20:42:39 | INFO | epoch=094 train_batch=50/389 running_loss=0.040339
2026-08-19 20:42:39 | INFO | epoch=094 train_batch=60/389 running_loss=0.039978
2026-08-19 20:42:39 | INFO | epoch=094 train_batch=70/389 running_loss=0.040033
2026-08-19 20:42:40 | INFO | epoch=094 train_batch=80/389 running_loss=0.039744
2026-08-19 20:42:40 | INFO | epoch=094 train_batch=90/389 running_loss=0.039394
2026-08-19 20:42:40 | INFO | epoch=094 train_batch=100/389 running_loss=0.039402
2026-08-19 20:42:40 | INFO | epoch=094 train_batch=110/389 running_loss=0.039450
2026-08-19 20:42:41 | INFO | epoch=094 train_batch=120/389 running_loss=0.039414
2026-08-19 20:42:41 | INFO | epoch=094 train_batch=130/389 running_loss=0.039297
2026-08-19 20:42:41 | INFO | epoch=094 train_batch=140/389 running_loss=0.039286
2026-08-19 20:42:41 | INFO | epoch=094 train_batch=150/389 running_loss=0.039343
2026-08-19 20:42:42 | INFO | epoch=094 train_batch=160/389 running_loss=0.039343
2026-08-19 20:42:42 | INFO | epoch=094 train_batch=170/389 running_loss=0.039516
2026-08-19 20:42:42 | INFO | epoch=094 train_batch=180/389 running_loss=0.039519
2026-08-19 20:42:42 | INFO | epoch=094 train_batch=190/389 running_loss=0.039523
2026-08-19 20:42:43 | INFO | epoch=094 train_batch=200/389 running_loss=0.039499
2026-08-19 20:42:43 | INFO | epoch=094 train_batch=210/389 running_loss=0.039553
2026-08-19 20:42:43 | INFO | epoch=094 train_batch=220/389 running_loss=0.039545
2026-08-19 20:42:43 | INFO | epoch=094 train_batch=230/389 running_loss=0.039553
2026-08-19 20:42:44 | INFO | epoch=094 train_batch=240/389 running_loss=0.039479
2026-08-19 20:42:44 | INFO | epoch=094 train_batch=250/389 running_loss=0.039486
2026-08-19 20:42:44 | INFO | epoch=094 train_batch=260/389 running_loss=0.039491
2026-08-19 20:42:44 | INFO | epoch=094 train_batch=270/389 running_loss=0.039600
2026-08-19 20:42:45 | INFO | epoch=094 train_batch=280/389 running_loss=0.039523
2026-08-19 20:42:45 | INFO | epoch=094 train_batch=290/389 running_loss=0.039520
2026-08-19 20:42:45 | INFO | epoch=094 train_batch=300/389 running_loss=0.039576
2026-08-19 20:42:45 | INFO | epoch=094 train_batch=310/389 running_loss=0.039549
2026-08-19 20:42:46 | INFO | epoch=094 train_batch=320/389 running_loss=0.039518
2026-08-19 20:42:46 | INFO | epoch=094 train_batch=330/389 running_loss=0.039496
2026-08-19 20:42:46 | INFO | epoch=094 train_batch=340/389 running_loss=0.039517
2026-08-19 20:42:46 | INFO | epoch=094 train_batch=350/389 running_loss=0.039528
2026-08-19 20:42:47 | INFO | epoch=094 train_batch=360/389 running_loss=0.039545
2026-08-19 20:42:47 | INFO | epoch=094 train_batch=370/389 running_loss=0.039533
2026-08-19 20:42:47 | INFO | epoch=094 train_batch=380/389 running_loss=0.039652
2026-08-19 20:42:47 | INFO | epoch=094 train_batch=389/389 running_loss=0.039686
2026-08-19 20:42:48 | INFO | epoch=094 train_loss=0.039686 validation_loss=0.086439
2026-08-19 20:42:48 | INFO | epoch=095 train_batch=10/389 running_loss=0.039311
2026-08-19 20:42:49 | INFO | epoch=095 train_batch=20/389 running_loss=0.040135
2026-08-19 20:42:49 | INFO | epoch=095 train_batch=30/389 running_loss=0.039271
2026-08-19 20:42:49 | INFO | epoch=095 train_batch=40/389 running_loss=0.038752
2026-08-19 20:42:49 | INFO | epoch=095 train_batch=50/389 running_loss=0.038666
2026-08-19 20:42:50 | INFO | epoch=095 train_batch=60/389 running_loss=0.038777
2026-08-19 20:42:50 | INFO | epoch=095 train_batch=70/389 running_loss=0.038879
2026-08-19 20:42:50 | INFO | epoch=095 train_batch=80/389 running_loss=0.038761
2026-08-19 20:42:50 | INFO | epoch=095 train_batch=90/389 running_loss=0.038895
2026-08-19 20:42:51 | INFO | epoch=095 train_batch=100/389 running_loss=0.039565
2026-08-19 20:42:51 | INFO | epoch=095 train_batch=110/389 running_loss=0.039384
2026-08-19 20:42:51 | INFO | epoch=095 train_batch=120/389 running_loss=0.039416
2026-08-19 20:42:51 | INFO | epoch=095 train_batch=130/389 running_loss=0.039440
2026-08-19 20:42:52 | INFO | epoch=095 train_batch=140/389 running_loss=0.039303
2026-08-19 20:42:52 | INFO | epoch=095 train_batch=150/389 running_loss=0.039421
2026-08-19 20:42:52 | INFO | epoch=095 train_batch=160/389 running_loss=0.039497
2026-08-19 20:42:52 | INFO | epoch=095 train_batch=170/389 running_loss=0.039709
2026-08-19 20:42:53 | INFO | epoch=095 train_batch=180/389 running_loss=0.039588
2026-08-19 20:42:53 | INFO | epoch=095 train_batch=190/389 running_loss=0.039541
2026-08-19 20:42:53 | INFO | epoch=095 train_batch=200/389 running_loss=0.039434
2026-08-19 20:42:53 | INFO | epoch=095 train_batch=210/389 running_loss=0.039352
2026-08-19 20:42:54 | INFO | epoch=095 train_batch=220/389 running_loss=0.039300
2026-08-19 20:42:54 | INFO | epoch=095 train_batch=230/389 running_loss=0.039136
2026-08-19 20:42:54 | INFO | epoch=095 train_batch=240/389 running_loss=0.039087
2026-08-19 20:42:54 | INFO | epoch=095 train_batch=250/389 running_loss=0.039152
2026-08-19 20:42:55 | INFO | epoch=095 train_batch=260/389 running_loss=0.039163
2026-08-19 20:42:55 | INFO | epoch=095 train_batch=270/389 running_loss=0.039144
2026-08-19 20:42:55 | INFO | epoch=095 train_batch=280/389 running_loss=0.039179
2026-08-19 20:42:55 | INFO | epoch=095 train_batch=290/389 running_loss=0.039184
2026-08-19 20:42:56 | INFO | epoch=095 train_batch=300/389 running_loss=0.039291
2026-08-19 20:42:56 | INFO | epoch=095 train_batch=310/389 running_loss=0.039358
2026-08-19 20:42:56 | INFO | epoch=095 train_batch=320/389 running_loss=0.039453
2026-08-19 20:42:56 | INFO | epoch=095 train_batch=330/389 running_loss=0.039454
2026-08-19 20:42:57 | INFO | epoch=095 train_batch=340/389 running_loss=0.039453
2026-08-19 20:42:57 | INFO | epoch=095 train_batch=350/389 running_loss=0.039458
2026-08-19 20:42:57 | INFO | epoch=095 train_batch=360/389 running_loss=0.039388
2026-08-19 20:42:57 | INFO | epoch=095 train_batch=370/389 running_loss=0.039424
2026-08-19 20:42:58 | INFO | epoch=095 train_batch=380/389 running_loss=0.039430
2026-08-19 20:42:58 | INFO | epoch=095 train_batch=389/389 running_loss=0.039460
2026-08-19 20:42:59 | INFO | epoch=095 train_loss=0.039460 validation_loss=0.087541
2026-08-19 20:42:59 | INFO | epoch=096 train_batch=10/389 running_loss=0.043001
2026-08-19 20:42:59 | INFO | epoch=096 train_batch=20/389 running_loss=0.042829
2026-08-19 20:42:59 | INFO | epoch=096 train_batch=30/389 running_loss=0.041989
2026-08-19 20:43:00 | INFO | epoch=096 train_batch=40/389 running_loss=0.041367
2026-08-19 20:43:00 | INFO | epoch=096 train_batch=50/389 running_loss=0.040462
2026-08-19 20:43:00 | INFO | epoch=096 train_batch=60/389 running_loss=0.040725
2026-08-19 20:43:01 | INFO | epoch=096 train_batch=70/389 running_loss=0.040198
2026-08-19 20:43:01 | INFO | epoch=096 train_batch=80/389 running_loss=0.040003
2026-08-19 20:43:01 | INFO | epoch=096 train_batch=90/389 running_loss=0.039850
2026-08-19 20:43:01 | INFO | epoch=096 train_batch=100/389 running_loss=0.039829
2026-08-19 20:43:02 | INFO | epoch=096 train_batch=110/389 running_loss=0.039712
2026-08-19 20:43:02 | INFO | epoch=096 train_batch=120/389 running_loss=0.039861
2026-08-19 20:43:02 | INFO | epoch=096 train_batch=130/389 running_loss=0.039975
2026-08-19 20:43:02 | INFO | epoch=096 train_batch=140/389 running_loss=0.039893
2026-08-19 20:43:03 | INFO | epoch=096 train_batch=150/389 running_loss=0.039935
2026-08-19 20:43:03 | INFO | epoch=096 train_batch=160/389 running_loss=0.039930
2026-08-19 20:43:03 | INFO | epoch=096 train_batch=170/389 running_loss=0.039971
2026-08-19 20:43:03 | INFO | epoch=096 train_batch=180/389 running_loss=0.039929
2026-08-19 20:43:04 | INFO | epoch=096 train_batch=190/389 running_loss=0.039881
2026-08-19 20:43:04 | INFO | epoch=096 train_batch=200/389 running_loss=0.039736
2026-08-19 20:43:04 | INFO | epoch=096 train_batch=210/389 running_loss=0.039738
2026-08-19 20:43:04 | INFO | epoch=096 train_batch=220/389 running_loss=0.039572
2026-08-19 20:43:05 | INFO | epoch=096 train_batch=230/389 running_loss=0.039650
2026-08-19 20:43:05 | INFO | epoch=096 train_batch=240/389 running_loss=0.039616
2026-08-19 20:43:05 | INFO | epoch=096 train_batch=250/389 running_loss=0.039585
2026-08-19 20:43:05 | INFO | epoch=096 train_batch=260/389 running_loss=0.039664
2026-08-19 20:43:06 | INFO | epoch=096 train_batch=270/389 running_loss=0.039765
2026-08-19 20:43:06 | INFO | epoch=096 train_batch=280/389 running_loss=0.039831
2026-08-19 20:43:06 | INFO | epoch=096 train_batch=290/389 running_loss=0.039700
2026-08-19 20:43:06 | INFO | epoch=096 train_batch=300/389 running_loss=0.039670
2026-08-19 20:43:07 | INFO | epoch=096 train_batch=310/389 running_loss=0.039677
2026-08-19 20:43:07 | INFO | epoch=096 train_batch=320/389 running_loss=0.039677
2026-08-19 20:43:07 | INFO | epoch=096 train_batch=330/389 running_loss=0.039682
2026-08-19 20:43:07 | INFO | epoch=096 train_batch=340/389 running_loss=0.039646
2026-08-19 20:43:08 | INFO | epoch=096 train_batch=350/389 running_loss=0.039652
2026-08-19 20:43:08 | INFO | epoch=096 train_batch=360/389 running_loss=0.039626
2026-08-19 20:43:08 | INFO | epoch=096 train_batch=370/389 running_loss=0.039666
2026-08-19 20:43:08 | INFO | epoch=096 train_batch=380/389 running_loss=0.039713
2026-08-19 20:43:09 | INFO | epoch=096 train_batch=389/389 running_loss=0.039722
2026-08-19 20:43:09 | INFO | epoch=096 train_loss=0.039722 validation_loss=0.086442
2026-08-19 20:43:10 | INFO | epoch=097 train_batch=10/389 running_loss=0.038644
2026-08-19 20:43:10 | INFO | epoch=097 train_batch=20/389 running_loss=0.038240
2026-08-19 20:43:10 | INFO | epoch=097 train_batch=30/389 running_loss=0.038708
2026-08-19 20:43:10 | INFO | epoch=097 train_batch=40/389 running_loss=0.038717
2026-08-19 20:43:11 | INFO | epoch=097 train_batch=50/389 running_loss=0.038338
2026-08-19 20:43:11 | INFO | epoch=097 train_batch=60/389 running_loss=0.038737
2026-08-19 20:43:11 | INFO | epoch=097 train_batch=70/389 running_loss=0.038981
2026-08-19 20:43:11 | INFO | epoch=097 train_batch=80/389 running_loss=0.039101
2026-08-19 20:43:12 | INFO | epoch=097 train_batch=90/389 running_loss=0.039033
2026-08-19 20:43:12 | INFO | epoch=097 train_batch=100/389 running_loss=0.038881
2026-08-19 20:43:12 | INFO | epoch=097 train_batch=110/389 running_loss=0.038811
2026-08-19 20:43:12 | INFO | epoch=097 train_batch=120/389 running_loss=0.039033
2026-08-19 20:43:13 | INFO | epoch=097 train_batch=130/389 running_loss=0.039238
2026-08-19 20:43:13 | INFO | epoch=097 train_batch=140/389 running_loss=0.039230
2026-08-19 20:43:13 | INFO | epoch=097 train_batch=150/389 running_loss=0.039267
2026-08-19 20:43:13 | INFO | epoch=097 train_batch=160/389 running_loss=0.039573
2026-08-19 20:43:14 | INFO | epoch=097 train_batch=170/389 running_loss=0.039679
2026-08-19 20:43:14 | INFO | epoch=097 train_batch=180/389 running_loss=0.039617
2026-08-19 20:43:14 | INFO | epoch=097 train_batch=190/389 running_loss=0.039369
2026-08-19 20:43:14 | INFO | epoch=097 train_batch=200/389 running_loss=0.039423
2026-08-19 20:43:15 | INFO | epoch=097 train_batch=210/389 running_loss=0.039537
2026-08-19 20:43:15 | INFO | epoch=097 train_batch=220/389 running_loss=0.039557
2026-08-19 20:43:15 | INFO | epoch=097 train_batch=230/389 running_loss=0.039573
2026-08-19 20:43:15 | INFO | epoch=097 train_batch=240/389 running_loss=0.039704
2026-08-19 20:43:16 | INFO | epoch=097 train_batch=250/389 running_loss=0.039603
2026-08-19 20:43:16 | INFO | epoch=097 train_batch=260/389 running_loss=0.039735
2026-08-19 20:43:16 | INFO | epoch=097 train_batch=270/389 running_loss=0.039706
2026-08-19 20:43:16 | INFO | epoch=097 train_batch=280/389 running_loss=0.039713
2026-08-19 20:43:17 | INFO | epoch=097 train_batch=290/389 running_loss=0.039704
2026-08-19 20:43:17 | INFO | epoch=097 train_batch=300/389 running_loss=0.039630
2026-08-19 20:43:17 | INFO | epoch=097 train_batch=310/389 running_loss=0.039603
2026-08-19 20:43:17 | INFO | epoch=097 train_batch=320/389 running_loss=0.039593
2026-08-19 20:43:18 | INFO | epoch=097 train_batch=330/389 running_loss=0.039564
2026-08-19 20:43:18 | INFO | epoch=097 train_batch=340/389 running_loss=0.039634
2026-08-19 20:43:18 | INFO | epoch=097 train_batch=350/389 running_loss=0.039698
2026-08-19 20:43:18 | INFO | epoch=097 train_batch=360/389 running_loss=0.039745
2026-08-19 20:43:19 | INFO | epoch=097 train_batch=370/389 running_loss=0.039675
2026-08-19 20:43:19 | INFO | epoch=097 train_batch=380/389 running_loss=0.039611
2026-08-19 20:43:19 | INFO | epoch=097 train_batch=389/389 running_loss=0.039541
2026-08-19 20:43:20 | INFO | epoch=097 train_loss=0.039541 validation_loss=0.086949
2026-08-19 20:43:20 | INFO | epoch=098 train_batch=10/389 running_loss=0.037913
2026-08-19 20:43:20 | INFO | epoch=098 train_batch=20/389 running_loss=0.037498
2026-08-19 20:43:21 | INFO | epoch=098 train_batch=30/389 running_loss=0.037558
2026-08-19 20:43:21 | INFO | epoch=098 train_batch=40/389 running_loss=0.037948
2026-08-19 20:43:21 | INFO | epoch=098 train_batch=50/389 running_loss=0.038216
2026-08-19 20:43:21 | INFO | epoch=098 train_batch=60/389 running_loss=0.038676
2026-08-19 20:43:22 | INFO | epoch=098 train_batch=70/389 running_loss=0.038914
2026-08-19 20:43:22 | INFO | epoch=098 train_batch=80/389 running_loss=0.039132
2026-08-19 20:43:22 | INFO | epoch=098 train_batch=90/389 running_loss=0.038916
2026-08-19 20:43:22 | INFO | epoch=098 train_batch=100/389 running_loss=0.038687
2026-08-19 20:43:23 | INFO | epoch=098 train_batch=110/389 running_loss=0.038868
2026-08-19 20:43:23 | INFO | epoch=098 train_batch=120/389 running_loss=0.039026
2026-08-19 20:43:23 | INFO | epoch=098 train_batch=130/389 running_loss=0.038977
2026-08-19 20:43:23 | INFO | epoch=098 train_batch=140/389 running_loss=0.039119
2026-08-19 20:43:24 | INFO | epoch=098 train_batch=150/389 running_loss=0.038962
2026-08-19 20:43:24 | INFO | epoch=098 train_batch=160/389 running_loss=0.039053
2026-08-19 20:43:24 | INFO | epoch=098 train_batch=170/389 running_loss=0.039072
2026-08-19 20:43:24 | INFO | epoch=098 train_batch=180/389 running_loss=0.039120
2026-08-19 20:43:25 | INFO | epoch=098 train_batch=190/389 running_loss=0.039127
2026-08-19 20:43:25 | INFO | epoch=098 train_batch=200/389 running_loss=0.039101
2026-08-19 20:43:25 | INFO | epoch=098 train_batch=210/389 running_loss=0.039083
2026-08-19 20:43:25 | INFO | epoch=098 train_batch=220/389 running_loss=0.039102
2026-08-19 20:43:26 | INFO | epoch=098 train_batch=230/389 running_loss=0.039123
2026-08-19 20:43:26 | INFO | epoch=098 train_batch=240/389 running_loss=0.039133
2026-08-19 20:43:26 | INFO | epoch=098 train_batch=250/389 running_loss=0.039186
2026-08-19 20:43:26 | INFO | epoch=098 train_batch=260/389 running_loss=0.039089
2026-08-19 20:43:27 | INFO | epoch=098 train_batch=270/389 running_loss=0.039037
2026-08-19 20:43:27 | INFO | epoch=098 train_batch=280/389 running_loss=0.039101
2026-08-19 20:43:27 | INFO | epoch=098 train_batch=290/389 running_loss=0.039161
2026-08-19 20:43:27 | INFO | epoch=098 train_batch=300/389 running_loss=0.039208
2026-08-19 20:43:28 | INFO | epoch=098 train_batch=310/389 running_loss=0.039211
2026-08-19 20:43:28 | INFO | epoch=098 train_batch=320/389 running_loss=0.039177
2026-08-19 20:43:28 | INFO | epoch=098 train_batch=330/389 running_loss=0.039253
2026-08-19 20:43:28 | INFO | epoch=098 train_batch=340/389 running_loss=0.039331
2026-08-19 20:43:29 | INFO | epoch=098 train_batch=350/389 running_loss=0.039344
2026-08-19 20:43:29 | INFO | epoch=098 train_batch=360/389 running_loss=0.039322
2026-08-19 20:43:29 | INFO | epoch=098 train_batch=370/389 running_loss=0.039329
2026-08-19 20:43:29 | INFO | epoch=098 train_batch=380/389 running_loss=0.039337
2026-08-19 20:43:30 | INFO | epoch=098 train_batch=389/389 running_loss=0.039324
2026-08-19 20:43:30 | INFO | epoch=098 train_loss=0.039324 validation_loss=0.085038
2026-08-19 20:43:31 | INFO | epoch=099 train_batch=10/389 running_loss=0.042022
2026-08-19 20:43:31 | INFO | epoch=099 train_batch=20/389 running_loss=0.041703
2026-08-19 20:43:31 | INFO | epoch=099 train_batch=30/389 running_loss=0.040388
2026-08-19 20:43:32 | INFO | epoch=099 train_batch=40/389 running_loss=0.039639
2026-08-19 20:43:32 | INFO | epoch=099 train_batch=50/389 running_loss=0.039731
2026-08-19 20:43:32 | INFO | epoch=099 train_batch=60/389 running_loss=0.039284
2026-08-19 20:43:32 | INFO | epoch=099 train_batch=70/389 running_loss=0.039180
2026-08-19 20:43:33 | INFO | epoch=099 train_batch=80/389 running_loss=0.039102
2026-08-19 20:43:33 | INFO | epoch=099 train_batch=90/389 running_loss=0.038932
2026-08-19 20:43:33 | INFO | epoch=099 train_batch=100/389 running_loss=0.038902
2026-08-19 20:43:33 | INFO | epoch=099 train_batch=110/389 running_loss=0.038702
2026-08-19 20:43:34 | INFO | epoch=099 train_batch=120/389 running_loss=0.038714
2026-08-19 20:43:34 | INFO | epoch=099 train_batch=130/389 running_loss=0.038807
2026-08-19 20:43:34 | INFO | epoch=099 train_batch=140/389 running_loss=0.039032
2026-08-19 20:43:34 | INFO | epoch=099 train_batch=150/389 running_loss=0.039089
2026-08-19 20:43:35 | INFO | epoch=099 train_batch=160/389 running_loss=0.038850
2026-08-19 20:43:35 | INFO | epoch=099 train_batch=170/389 running_loss=0.038790
2026-08-19 20:43:35 | INFO | epoch=099 train_batch=180/389 running_loss=0.038910
2026-08-19 20:43:35 | INFO | epoch=099 train_batch=190/389 running_loss=0.039026
2026-08-19 20:43:36 | INFO | epoch=099 train_batch=200/389 running_loss=0.039076
2026-08-19 20:43:36 | INFO | epoch=099 train_batch=210/389 running_loss=0.039035
2026-08-19 20:43:36 | INFO | epoch=099 train_batch=220/389 running_loss=0.039101
2026-08-19 20:43:36 | INFO | epoch=099 train_batch=230/389 running_loss=0.039153
2026-08-19 20:43:37 | INFO | epoch=099 train_batch=240/389 running_loss=0.039217
2026-08-19 20:43:37 | INFO | epoch=099 train_batch=250/389 running_loss=0.039266
2026-08-19 20:43:37 | INFO | epoch=099 train_batch=260/389 running_loss=0.039291
2026-08-19 20:43:37 | INFO | epoch=099 train_batch=270/389 running_loss=0.039433
2026-08-19 20:43:38 | INFO | epoch=099 train_batch=280/389 running_loss=0.039452
2026-08-19 20:43:38 | INFO | epoch=099 train_batch=290/389 running_loss=0.039333
2026-08-19 20:43:38 | INFO | epoch=099 train_batch=300/389 running_loss=0.039364
2026-08-19 20:43:38 | INFO | epoch=099 train_batch=310/389 running_loss=0.039285
2026-08-19 20:43:39 | INFO | epoch=099 train_batch=320/389 running_loss=0.039222
2026-08-19 20:43:39 | INFO | epoch=099 train_batch=330/389 running_loss=0.039309
2026-08-19 20:43:39 | INFO | epoch=099 train_batch=340/389 running_loss=0.039296
2026-08-19 20:43:39 | INFO | epoch=099 train_batch=350/389 running_loss=0.039321
2026-08-19 20:43:40 | INFO | epoch=099 train_batch=360/389 running_loss=0.039272
2026-08-19 20:43:40 | INFO | epoch=099 train_batch=370/389 running_loss=0.039237
2026-08-19 20:43:40 | INFO | epoch=099 train_batch=380/389 running_loss=0.039205
2026-08-19 20:43:40 | INFO | epoch=099 train_batch=389/389 running_loss=0.039185
2026-08-19 20:43:41 | INFO | epoch=099 train_loss=0.039185 validation_loss=0.085455
2026-08-19 20:43:41 | INFO | epoch=100 train_batch=10/389 running_loss=0.039580
2026-08-19 20:43:42 | INFO | epoch=100 train_batch=20/389 running_loss=0.038050
2026-08-19 20:43:42 | INFO | epoch=100 train_batch=30/389 running_loss=0.038354
2026-08-19 20:43:42 | INFO | epoch=100 train_batch=40/389 running_loss=0.037963
2026-08-19 20:43:42 | INFO | epoch=100 train_batch=50/389 running_loss=0.038155
2026-08-19 20:43:43 | INFO | epoch=100 train_batch=60/389 running_loss=0.038473
2026-08-19 20:43:43 | INFO | epoch=100 train_batch=70/389 running_loss=0.038803
2026-08-19 20:43:43 | INFO | epoch=100 train_batch=80/389 running_loss=0.038541
2026-08-19 20:43:43 | INFO | epoch=100 train_batch=90/389 running_loss=0.038670
2026-08-19 20:43:44 | INFO | epoch=100 train_batch=100/389 running_loss=0.038672
2026-08-19 20:43:44 | INFO | epoch=100 train_batch=110/389 running_loss=0.038685
2026-08-19 20:43:44 | INFO | epoch=100 train_batch=120/389 running_loss=0.038546
2026-08-19 20:43:44 | INFO | epoch=100 train_batch=130/389 running_loss=0.038514
2026-08-19 20:43:45 | INFO | epoch=100 train_batch=140/389 running_loss=0.038619
2026-08-19 20:43:45 | INFO | epoch=100 train_batch=150/389 running_loss=0.038547
2026-08-19 20:43:45 | INFO | epoch=100 train_batch=160/389 running_loss=0.038605
2026-08-19 20:43:46 | INFO | epoch=100 train_batch=170/389 running_loss=0.038490
2026-08-19 20:43:46 | INFO | epoch=100 train_batch=180/389 running_loss=0.038450
2026-08-19 20:43:46 | INFO | epoch=100 train_batch=190/389 running_loss=0.038475
2026-08-19 20:43:46 | INFO | epoch=100 train_batch=200/389 running_loss=0.038475
2026-08-19 20:43:47 | INFO | epoch=100 train_batch=210/389 running_loss=0.038496
2026-08-19 20:43:47 | INFO | epoch=100 train_batch=220/389 running_loss=0.038610
2026-08-19 20:43:47 | INFO | epoch=100 train_batch=230/389 running_loss=0.038645
2026-08-19 20:43:47 | INFO | epoch=100 train_batch=240/389 running_loss=0.038726
2026-08-19 20:43:48 | INFO | epoch=100 train_batch=250/389 running_loss=0.038758
2026-08-19 20:43:48 | INFO | epoch=100 train_batch=260/389 running_loss=0.038735
2026-08-19 20:43:48 | INFO | epoch=100 train_batch=270/389 running_loss=0.038757
2026-08-19 20:43:48 | INFO | epoch=100 train_batch=280/389 running_loss=0.038761
2026-08-19 20:43:49 | INFO | epoch=100 train_batch=290/389 running_loss=0.038806
2026-08-19 20:43:49 | INFO | epoch=100 train_batch=300/389 running_loss=0.038814
2026-08-19 20:43:49 | INFO | epoch=100 train_batch=310/389 running_loss=0.038849
2026-08-19 20:43:49 | INFO | epoch=100 train_batch=320/389 running_loss=0.038852
2026-08-19 20:43:50 | INFO | epoch=100 train_batch=330/389 running_loss=0.038904
2026-08-19 20:43:50 | INFO | epoch=100 train_batch=340/389 running_loss=0.038958
2026-08-19 20:43:50 | INFO | epoch=100 train_batch=350/389 running_loss=0.039062
2026-08-19 20:43:50 | INFO | epoch=100 train_batch=360/389 running_loss=0.039158
2026-08-19 20:43:51 | INFO | epoch=100 train_batch=370/389 running_loss=0.039168
2026-08-19 20:43:51 | INFO | epoch=100 train_batch=380/389 running_loss=0.039203
2026-08-19 20:43:51 | INFO | epoch=100 train_batch=389/389 running_loss=0.039216
2026-08-19 20:43:52 | INFO | epoch=100 train_loss=0.039216 validation_loss=0.086591
2026-08-19 20:43:52 | INFO | Best validation loss: 0.083716; checkpoints saved in /bigdata/users/90967055/fuzzyDynamics/NeurIPS_Fuzzy_Dynamics_code/results/fuzzy_dynamics_20260819_202613_781722/checkpoint
